$hpcperfstats 2.4
$hostname node0.mimesys-workload.ldos-ut-pg0.wisc.cloudlab.us
$uname Linux x86_64 5.15.0-168-generic #178-Ubuntu SMP Fri Jan 9 19:05:03 UTC 2026
$uptime 32303
!block rd_ios,E rd_merges,E rd_sectors,E,U=512B rd_ticks,E,U=ms wr_ios,E wr_merges,E wr_sectors,E,U=512B wr_ticks,E,U=ms in_flight io_ticks,E,U=ms time_in_queue,E,U=ms
!cpu user,E,U=cs nice,E,U=cs system,E,U=cs idle,E,U=cs iowait,E,U=cs irq,E,U=cs softirq,E,U=cs
!ib excessive_buffer_overrun_errors,E,W=32 link_downed,E,W=32 link_error_recovery,E,W=32 local_link_integrity_errors,E,W=32 port_rcv_constraint_errors,E,W=32 port_rcv_data,E,U=4B,W=32 port_rcv_errors,E,W=32 port_rcv_packets,E,W=32 port_rcv_remote_physical_errors,E,W=32 port_rcv_switch_relay_errors,E,W=32 port_xmit_constraint_errors,E,W=32 port_xmit_data,E,U=4B,W=32 port_xmit_discards,E,W=32 port_xmit_packets,E,W=32 port_xmit_wait,E,U=ms,W=32 symbol_error,E,W=32 VL15_dropped,E,W=32
!ib_ext port_select,C counter_select,C port_xmit_data,E,U=4B port_rcv_data,E,U=4B port_xmit_pkts,E port_rcv_pkts,E port_unicast_xmit_pkts,E port_unicast_rcv_pkts,E port_multicast_xmit_pkts,E port_multicast_rcv_pkts,E
!ib_sw rx_bytes,E,U=4B rx_packets,E tx_bytes,E,U=4B tx_packets,E
!mem MemTotal,U=KB MemFree,U=KB MemUsed,U=KB Active,U=KB Inactive,U=KB Dirty,U=KB Writeback,U=KB FilePages,U=KB Mapped,U=KB AnonPages,U=KB PageTables,U=KB NFS_Unstable,U=KB Bounce,U=KB Slab,U=KB AnonHugePages,U=KB HugePages_Total HugePages_Free
!net collisions,E multicast,E rx_bytes,E,U=B rx_compressed,E rx_crc_errors,E rx_dropped,E rx_errors,E rx_fifo_errors,E rx_frame_errors,E rx_length_errors,E rx_missed_errors,E rx_over_errors,E rx_packets,E tx_aborted_errors,E tx_bytes,E,U=B tx_carrier_errors,E tx_compressed,E tx_dropped,E tx_errors,E tx_fifo_errors,E tx_heartbeat_errors,E tx_packets,E tx_window_errors,E
!numa numa_hit,E numa_miss,E numa_foreign,E interleave_hit,E local_node,E other_node,E
!ps ctxt,E processes,E load_1 load_5 load_15 nr_running nr_threads
!sysv_shm mem_used,U=B segs_used
!tmpfs bytes_used,U=B files_used
!vfs dentry_use file_use inode_use
!vm nr_anon_transparent_hugepages pgpgin,E,U=KB pgpgout,E,U=KB pswpin,E pswpout,E pgalloc_normal,E pgfree,E pgactivate,E pgdeactivate,E pgfault,E pgmajfault,E pgrefill_normal,E pgsteal_normal,E pgscan_kswapd_normal,E pgscan_direct_normal,E pginodesteal,E slabs_scanned,E kswapd_steal,E kswapd_inodesteal,E pageoutrun,E allocstall,E pgrotated,E thp_fault_alloc,E thp_fault_fallback,E thp_collapse_alloc,E thp_collapse_alloc_failed,E thp_split,E

1778477521.802793 0 node0.mimesys-workload.ldos-ut-pg0.wisc.cloudlab.us
%begin -
block sda 640894 211188 50559057 348953 2700029 17783947 878173783 13042325 2 2411136 13679480
block sdb 494 0 7540 455 4 0 0 0 0 576 456
cpu 11 178701 0 56584 2976668 7317 0 5
cpu 10 204906 2 51632 2956413 9485 0 6
cpu 13 173300 0 52158 2986991 6869 0 5
cpu 12 177612 0 51170 2983993 7632 0 2
cpu 15 174653 2 49674 2988561 6776 0 4
cpu 14 168216 0 50990 2994392 6930 0 5
cpu 17 153235 0 49378 3010386 6997 0 2
cpu 16 163200 0 47717 3004072 5961 0 1
cpu 19 134591 0 36703 3043226 6225 0 1
cpu 18 180590 5 36118 2997778 6499 0 2
cpu 1 244160 0 61805 2899791 8530 0 870
cpu 0 267672 45 46929 2866190 10308 0 1160
cpu 3 264005 0 77285 2868734 7818 0 598
cpu 2 259303 0 74415 2874546 9648 0 193
cpu 5 263140 0 78533 2869957 7768 0 456
cpu 4 259663 1 79150 2871453 8237 0 115
cpu 7 206169 0 76217 2929695 6878 0 542
cpu 6 253284 0 77152 2881227 8110 0 329
cpu 9 170594 0 53912 2985148 8001 0 378
cpu 8 171630 0 61494 2977978 6578 0 340
mem 1 99033092 96409076 2624016 332436 1677644 136 0 1775692 750400 234088 5924 0 0 176480 2048 0 0
mem 0 97636988 58872048 38764940 682228 36926968 236 0 37114700 4626376 498564 19672 0 0 463760 6144 0 0
net vnet45 0 0 33206 0 0 0 0 0 0 0 0 0 192 0 38483 0 0 0 0 0 0 221 0
net lo 0 0 3942516 0 0 0 0 0 0 0 0 0 31429 0 3942516 0 0 0 0 0 0 31429 0
net vnet44 0 0 81206 0 0 0 0 0 0 0 0 0 330 0 51433 0 0 0 0 0 0 401 0
net eno1 0 161707 40339517098 0 0 382 0 0 0 0 0 0 30364971 0 1231408128 0 0 0 0 0 0 5974515 0
net virbr0 0 844 9964334151 0 0 0 0 0 0 0 0 0 39737900 0 38383426728 0 0 0 0 0 0 23525799 0
numa 1 118589906 18781169 10118603 29535 118545589 18825469
numa 0 116932050 10118603 18781169 29710 116930388 10119871
ps - 501211637 396829 409 505 483 1 748
sysv_shm - 0 0
tmpfs /run/lock 0 6
tmpfs /run 2125824 1105
tmpfs /run/user/20029 0 20
tmpfs /run/qemu 0 1
tmpfs /dev/shm 37615464448 105382
vfs - 133927 5064 184370
vm - 4 25283331 439086891 252317 1617408 263012824 307876871 85264315 6618706 216317145 56864 0 0 0 0 0 1811072 0 311878 5997 0 1618108 94 0 3 0 0

1778477521.850982 0 node0.mimesys-workload.ldos-ut-pg0.wisc.cloudlab.us
block sda 640896 211188 50559193 348954 2700029 17783947 878173783 13042325 0 2411136 13679481
block sdb 494 0 7540 455 4 0 0 0 0 576 456
cpu 11 178702 0 56584 2976671 7317 0 5
cpu 10 204907 2 51633 2956416 9485 0 6
cpu 13 173302 0 52158 2986995 6869 0 5
cpu 12 177613 0 51170 2983996 7632 0 2
cpu 15 174653 2 49674 2988565 6776 0 4
cpu 14 168216 0 50990 2994397 6930 0 5
cpu 17 153236 0 49379 3010389 6997 0 2
cpu 16 163200 0 47717 3004077 5961 0 1
cpu 19 134591 0 36703 3043230 6225 0 1
cpu 18 180590 5 36118 2997783 6499 0 2
cpu 1 244160 0 61806 2899795 8530 0 870
cpu 0 267673 45 46929 2866193 10308 0 1160
cpu 3 264007 0 77285 2868737 7818 0 598
cpu 2 259303 0 74415 2874550 9648 0 193
cpu 5 263140 0 78533 2869961 7768 0 456
cpu 4 259664 1 79150 2871455 8237 0 115
cpu 7 206169 0 76217 2929700 6878 0 542
cpu 6 253284 0 77152 2881230 8110 0 329
cpu 9 170595 0 53912 2985151 8001 0 378
cpu 8 171630 0 61494 2977982 6578 0 340
mem 1 99033092 96408068 2625024 332436 1677644 136 0 1775692 750844 234088 5924 0 0 176480 2048 0 0
mem 0 97636988 58870536 38766452 682228 36929188 236 0 37114700 4627264 500340 19672 0 0 463760 6144 0 0
net vnet45 0 0 33206 0 0 0 0 0 0 0 0 0 192 0 38483 0 0 0 0 0 0 221 0
net lo 0 0 3944346 0 0 0 0 0 0 0 0 0 31441 0 3944346 0 0 0 0 0 0 31441 0
net vnet44 0 0 81206 0 0 0 0 0 0 0 0 0 330 0 51433 0 0 0 0 0 0 401 0
net eno1 0 161707 40339517646 0 0 382 0 0 0 0 0 0 30364977 0 1231408330 0 0 0 0 0 0 5974517 0
net virbr0 0 844 9964334151 0 0 0 0 0 0 0 0 0 39737900 0 38383426728 0 0 0 0 0 0 23525799 0
numa 1 118590529 18781169 10118603 29535 118546212 18825469
numa 0 116933239 10118603 18781169 29710 116931577 10119871
ps - 501211884 396839 409 505 483 3 756
sysv_shm - 0 0
tmpfs /run/lock 0 6
tmpfs /run 2125824 1105
tmpfs /run/user/20029 0 20
tmpfs /run/qemu 0 1
tmpfs /dev/shm 37615464448 105382
vfs - 133941 5144 184403
vm - 4 25283331 439086891 252317 1617408 263014678 307877698 85264319 6618706 216320009 56864 0 0 0 0 0 1811072 0 311878 5997 0 1618108 94 0 3 0 0

1778477522.892913 0 node0.mimesys-workload.ldos-ut-pg0.wisc.cloudlab.us
block sda 640897 211188 50559297 348954 2700131 17783980 878175375 13042341 0 2411152 13679498
block sdb 494 0 7540 455 4 0 0 0 0 576 456
cpu 11 178709 0 56587 2976764 7317 0 5
cpu 10 204912 2 51635 2956514 9485 0 6
cpu 13 173308 0 52162 2987090 6869 0 5
cpu 12 177622 0 51174 2984087 7632 0 2
cpu 15 174654 2 49677 2988665 6776 0 4
cpu 14 168219 0 50994 2994493 6930 0 5
cpu 17 153236 0 49382 3010490 6997 0 2
cpu 16 163202 0 47719 3004177 5961 0 1
cpu 19 134592 0 36705 3043332 6225 0 1
cpu 18 180591 5 36120 2997884 6499 0 2
cpu 1 244177 0 61808 2899878 8530 0 870
cpu 0 267688 45 46934 2866274 10308 0 1160
cpu 3 264023 0 77286 2868822 7818 0 598
cpu 2 259327 0 74417 2874626 9648 0 193
cpu 5 263151 0 78536 2870051 7768 0 456
cpu 4 259678 1 79152 2871542 8237 0 115
cpu 7 206181 0 76218 2929788 6878 0 542
cpu 6 253310 0 77154 2881306 8110 0 329
cpu 9 170602 0 53914 2985246 8001 0 378
cpu 8 171638 0 61495 2978077 6578 0 340
mem 1 99033092 96400544 2632548 332624 1679248 108 0 1775856 750756 236524 6240 0 0 176496 2048 0 0
mem 0 97636988 58881412 38755576 682448 36929120 168 0 37115356 4629484 499428 19544 0 0 463840 6144 0 0
net vnet45 0 0 36144 0 0 0 0 0 0 0 0 0 206 0 42225 0 0 0 0 0 0 234 0
net lo 0 0 3945513 0 0 0 0 0 0 0 0 0 31449 0 3945513 0 0 0 0 0 0 31449 0
net vnet44 0 0 86166 0 0 0 0 0 0 0 0 0 357 0 56477 0 0 0 0 0 0 423 0
net eno1 0 161719 40339524097 0 0 382 0 0 0 0 0 0 30365075 0 1231408776 0 0 0 0 0 0 5974521 0
net virbr0 0 844 9964341475 0 0 0 0 0 0 0 0 0 39737941 0 38383435410 0 0 0 0 0 0 23525832 0
numa 1 118599963 18781169 10118603 29535 118555646 18825469
numa 0 116939578 10118603 18781169 29710 116937916 10119871
ps - 501220765 396966 409 505 483 4 753
sysv_shm - 0 0
tmpfs /run/lock 0 6
tmpfs /run 2125824 1105
tmpfs /run/user/20029 0 20
tmpfs /run/qemu 0 1
tmpfs /dev/shm 37615484928 105388
vfs - 133943 5184 184425
vm - 4 25283383 439087687 252317 1617408 263030436 307893413 85264401 6618706 216344632 56864 0 0 0 0 0 1811072 0 311878 5997 0 1618108 94 0 3 0 0

1778477523.933194 0 node0.mimesys-workload.ldos-ut-pg0.wisc.cloudlab.us
block sda 640954 211188 50570345 349002 2700136 17783980 878175423 13042345 0 2411212 13679550
block sdb 494 0 7540 455 4 0 0 0 0 576 456
cpu 11 178717 0 56590 2976856 7317 0 5
cpu 10 204925 2 51637 2956601 9485 0 6
cpu 13 173325 0 52167 2987171 6869 0 5
cpu 12 177633 0 51176 2984176 7632 0 2
cpu 15 174656 2 49678 2988766 6776 0 4
cpu 14 168222 0 51000 2994587 6930 0 5
cpu 17 153238 0 49383 3010591 6997 0 2
cpu 16 163202 0 47722 3004277 5961 0 1
cpu 19 134593 0 36707 3043433 6225 0 1
cpu 18 180591 5 36122 2997985 6499 0 2
cpu 1 244215 0 61809 2899945 8530 0 870
cpu 0 267714 45 46935 2866349 10308 0 1160
cpu 3 264074 0 77290 2868871 7818 0 598
cpu 2 259370 0 74418 2874685 9648 0 193
cpu 5 263171 0 78541 2870127 7768 0 456
cpu 4 259685 1 79158 2871629 8237 0 115
cpu 7 206224 0 76226 2929841 6878 0 542
cpu 6 253330 0 77160 2881383 8110 0 329
cpu 9 170655 0 53917 2985292 8002 0 378
cpu 8 171649 0 61498 2978164 6579 0 340
mem 1 99033092 96395792 2637300 332704 1678124 176 0 1775876 751748 234568 6388 0 0 176600 2048 0 0
mem 0 97636988 58877892 38759096 682464 36929032 196 0 37115984 4630288 498640 19552 0 0 463792 6144 0 0
net vnet45 0 0 37968 0 0 0 0 0 0 0 0 0 216 0 43527 0 0 0 0 0 0 243 0
net lo 0 0 3946680 0 0 0 0 0 0 0 0 0 31457 0 3946680 0 0 0 0 0 0 31457 0
net vnet44 0 0 86166 0 0 0 0 0 0 0 0 0 357 0 56477 0 0 0 0 0 0 423 0
net eno1 0 161719 40339530668 0 0 382 0 0 0 0 0 0 30365175 0 1231409222 0 0 0 0 0 0 5974525 0
net virbr0 0 844 9964343159 0 0 0 0 0 0 0 0 0 39737951 0 38383436712 0 0 0 0 0 0 23525841 0
numa 1 118609829 18781169 10118603 29535 118565512 18825469
numa 0 116944591 10118603 18781169 29710 116942929 10119871
ps - 501235751 397089 409 505 483 6 746
sysv_shm - 0 0
tmpfs /run/lock 0 6
tmpfs /run 2125824 1105
tmpfs /run/user/20029 0 20
tmpfs /run/qemu 0 1
tmpfs /dev/shm 37615484928 105388
vfs - 133942 5504 184383
vm - 4 25289703 439087711 252317 1617408 263045298 307908158 85264407 6618706 216367801 56864 0 0 0 0 0 1811072 0 311878 5997 0 1618108 94 0 3 0 0

1778477524.972027 0 node0.mimesys-workload.ldos-ut-pg0.wisc.cloudlab.us
block sda 641389 211188 50623445 349234 2700136 17783980 878175423 13042345 0 2411760 13679781
block sdb 494 0 7540 455 4 0 0 0 0 576 456
cpu 11 178733 0 56593 2976938 7319 0 5
cpu 10 204962 2 51640 2956660 9486 0 6
cpu 13 173351 0 52170 2987239 6874 0 5
cpu 12 177667 0 51181 2984238 7634 0 2
cpu 15 174658 2 49680 2988866 6776 0 4
cpu 14 168223 0 51003 2994687 6930 0 5
cpu 17 153238 0 49385 3010692 6997 0 2
cpu 16 163203 0 47724 3004379 5961 0 1
cpu 19 134594 0 36710 3043533 6225 0 1
cpu 18 180594 5 36124 2998084 6499 0 2
cpu 1 244245 0 61814 2900011 8530 0 870
cpu 0 267743 45 46939 2866419 10308 0 1160
cpu 3 264116 0 77296 2868926 7818 0 598
cpu 2 259402 0 74419 2874753 9648 0 193
cpu 5 263225 0 78547 2870171 7768 0 456
cpu 4 259726 1 79161 2871686 8237 0 115
cpu 7 206249 0 76228 2929915 6878 0 542
cpu 6 253387 0 77168 2881420 8110 0 329
cpu 9 170662 0 53920 2985376 8011 0 378
cpu 8 171689 0 61504 2978220 6580 0 340
mem 1 99033092 96386752 2646340 332696 1683076 200 0 1781300 756080 234548 6932 0 0 176616 2048 0 0
mem 0 97636988 58847408 38789580 682476 36955756 240 0 37142556 4655500 498000 20168 0 0 463728 6144 0 0
net vnet45 0 0 37968 0 0 0 0 0 0 0 0 0 216 0 43579 0 0 0 0 0 0 244 0
net lo 0 0 3947237 0 0 0 0 0 0 0 0 0 31461 0 3947237 0 0 0 0 0 0 31461 0
net vnet44 0 0 91170 0 0 0 0 0 0 0 0 0 384 0 61217 0 0 0 0 0 0 445 0
net eno1 0 161741 40339536725 0 0 382 0 0 0 0 0 0 30365268 0 1231409567 0 0 0 0 0 0 5974528 0
net virbr0 0 844 9964347785 0 0 0 0 0 0 0 0 0 39737978 0 38383441400 0 0 0 0 0 0 23525862 0
numa 1 118619761 18781169 10118603 29535 118575444 18825469
numa 0 116957569 10118603 18781169 29710 116955907 10119871
ps - 501255825 397205 409 505 483 4 746
sysv_shm - 0 0
tmpfs /run/lock 0 6
tmpfs /run 2125824 1105
tmpfs /run/user/20029 0 20
tmpfs /run/qemu 0 1
tmpfs /dev/shm 37615484928 105388
vfs - 133941 5504 184382
vm - 4 25315457 439087711 252317 1617408 263068208 307922802 85264427 6618706 216399401 56864 0 0 0 0 0 1811072 0 311878 5997 0 1618108 94 0 3 0 0

1778477526.012684 0 node0.mimesys-workload.ldos-ut-pg0.wisc.cloudlab.us
block sda 641454 211188 50625221 349248 2700141 17783980 878175519 13042348 0 2411864 13679798
block sdb 494 0 7540 455 4 0 0 0 0 576 456
cpu 11 178743 0 56594 2977029 7319 0 5
cpu 10 204986 2 51646 2956732 9486 0 6
cpu 13 173358 0 52174 2987328 6875 0 5
cpu 12 177702 0 51182 2984304 7634 0 2
cpu 15 174666 2 49681 2988963 6776 0 4
cpu 14 168227 0 51006 2994783 6930 0 5
cpu 17 153240 0 49388 3010790 6997 0 2
cpu 16 163204 0 47726 3004480 5961 0 1
cpu 19 134596 0 36712 3043634 6225 0 1
cpu 18 180594 5 36126 2998185 6499 0 2
cpu 1 244269 0 61817 2900088 8530 0 870
cpu 0 267764 45 46943 2866497 10308 0 1160
cpu 3 264171 0 77306 2868968 7818 0 598
cpu 2 259430 0 74421 2874826 9648 0 193
cpu 5 263240 0 78550 2870254 7768 0 456
cpu 4 259748 1 79164 2871761 8237 0 115
cpu 7 206275 0 76229 2929990 6878 0 542
cpu 6 253401 0 77172 2881505 8110 0 329
cpu 9 170730 0 53920 2985412 8011 0 378
cpu 8 171761 0 61509 2978248 6580 0 340
mem 1 99033092 96386340 2646752 332696 1711900 224 0 1809096 783776 235236 6828 0 0 176808 2048 0 0
mem 0 97636988 58781892 38855096 682536 37015588 272 0 37202244 4715476 499420 20368 0 0 463672 6144 0 0
net vnet45 0 0 37968 0 0 0 0 0 0 0 0 0 216 0 43579 0 0 0 0 0 0 244 0
net lo 0 0 3948404 0 0 0 0 0 0 0 0 0 31469 0 3948404 0 0 0 0 0 0 31469 0
net vnet44 0 0 94108 0 0 0 0 0 0 0 0 0 398 0 64907 0 0 0 0 0 0 457 0
net eno1 0 161741 40339544196 0 0 382 0 0 0 0 0 0 30365383 0 1231410067 0 0 0 0 0 0 5974533 0
net virbr0 0 844 9964350527 0 0 0 0 0 0 0 0 0 39737992 0 38383445090 0 0 0 0 0 0 23525874 0
numa 1 118634418 18781169 10118603 29535 118590101 18825469
numa 0 116979092 10118603 18781169 29710 116977430 10119871
ps - 501269056 397326 400 502 482 6 743
sysv_shm - 0 0
tmpfs /run/lock 0 6
tmpfs /run 2125824 1105
tmpfs /run/user/20029 0 20
tmpfs /run/qemu 0 1
tmpfs /dev/shm 37615484928 105388
vfs - 133943 5304 184366
vm - 4 25316345 439087759 252317 1617408 263104386 307936842 85264446 6618706 216449956 56864 0 0 0 0 0 1811072 0 311878 5997 0 1618108 94 0 3 0 0

1778477527.052162 0 node0.mimesys-workload.ldos-ut-pg0.wisc.cloudlab.us
block sda 641510 211188 50626213 349259 2700141 17783980 878175519 13042348 0 2411984 13679809
block sdb 494 0 7540 455 4 0 0 0 0 576 456
cpu 11 178827 0 56597 2977045 7319 0 5
cpu 10 205024 2 51646 2956796 9486 0 6
cpu 13 173426 0 52176 2987361 6875 0 5
cpu 12 177718 0 51188 2984385 7634 0 2
cpu 15 174667 2 49683 2989063 6776 0 4
cpu 14 168230 0 51012 2994878 6930 0 5
cpu 17 153240 0 49391 3010890 6997 0 2
cpu 16 163204 0 47728 3004581 5961 0 1
cpu 19 134597 0 36713 3043735 6225 0 1
cpu 18 180594 5 36128 2998286 6499 0 2
cpu 1 244281 0 61822 2900174 8530 0 871
cpu 0 267800 45 46945 2866557 10308 0 1160
cpu 3 264186 0 77309 2869051 7818 0 598
cpu 2 259482 0 74430 2874866 9648 0 193
cpu 5 263282 0 78555 2870311 7768 0 456
cpu 4 259804 1 79166 2871804 8237 0 115
cpu 7 206314 0 76231 2930052 6878 0 542
cpu 6 253424 0 77174 2881584 8110 0 329
cpu 9 170732 0 53922 2985511 8012 0 378
cpu 8 171841 0 61513 2978266 6580 0 340
mem 1 99033092 96348328 2684764 332744 1747504 240 0 1846168 820564 234212 6948 0 0 176820 2048 0 0
mem 0 97636988 58759216 38877772 682560 37035228 280 0 37222912 4735832 497996 20308 0 0 463672 6144 0 0
net vnet45 0 0 37968 0 0 0 0 0 0 0 0 0 216 0 43631 0 0 0 0 0 0 245 0
net lo 0 0 3948961 0 0 0 0 0 0 0 0 0 31473 0 3948961 0 0 0 0 0 0 31473 0
net vnet44 0 0 95976 0 0 0 0 0 0 0 0 0 408 0 65957 0 0 0 0 0 0 467 0
net eno1 0 161748 40339550853 0 0 382 0 0 0 0 0 0 30365486 0 1231410412 0 0 0 0 0 0 5974536 0
net virbr0 0 844 9964352255 0 0 0 0 0 0 0 0 0 39738002 0 38383446088 0 0 0 0 0 0 23525883 0
numa 1 118650842 18781169 10118603 29535 118606525 18825469
numa 0 116991247 10118603 18781169 29710 116989585 10119871
ps - 501282855 397446 400 502 482 8 739
sysv_shm - 0 0
tmpfs /run/lock 0 6
tmpfs /run 2125824 1105
tmpfs /run/user/20029 0 20
tmpfs /run/qemu 0 1
tmpfs /dev/shm 37615484928 105388
vfs - 133942 5464 184351
vm - 4 25316905 439087759 252317 1617408 263133040 307950704 85264452 6618706 216485931 56864 0 0 0 0 0 1811072 0 311878 5997 0 1618108 94 0 3 0 0

1778477528.085681 0 node0.mimesys-workload.ldos-ut-pg0.wisc.cloudlab.us
block sda 641698 211188 50630781 349297 2700243 17783996 878176887 13042360 0 2412264 13679861
block sdb 494 0 7540 455 4 0 0 0 0 576 456
cpu 11 178915 0 56601 2977057 7319 0 5
cpu 10 205039 2 51650 2956881 9486 0 6
cpu 13 173500 0 52177 2987390 6875 0 5
cpu 12 177768 0 51189 2984433 7634 0 2
cpu 15 174670 2 49685 2989162 6776 0 4
cpu 14 168232 0 51015 2994976 6930 0 5
cpu 17 153242 0 49394 3010988 6997 0 2
cpu 16 163206 0 47729 3004681 5961 0 1
cpu 19 134603 0 36716 3043829 6225 0 1
cpu 18 180595 5 36130 2998386 6499 0 2
cpu 1 244314 0 61827 2900237 8530 0 871
cpu 0 267838 45 46949 2866618 10308 0 1160
cpu 3 264228 0 77313 2869109 7818 0 598
cpu 2 259502 0 74433 2874945 9648 0 193
cpu 5 263299 0 78559 2870391 7768 0 456
cpu 4 259882 1 79177 2871819 8237 0 115
cpu 7 206354 0 76235 2930110 6878 0 542
cpu 6 253464 0 77176 2881642 8110 0 329
cpu 9 170738 0 53926 2985600 8014 0 378
cpu 8 171923 0 61513 2978288 6580 0 340
mem 1 99033092 96324388 2708704 332732 1770320 96 0 1868560 843248 234220 6828 0 0 176684 2048 0 0
mem 0 97636988 58752412 38884576 682580 37040240 64 0 37227084 4740748 499308 20568 0 0 463736 6144 0 0
net vnet45 0 0 37968 0 0 0 0 0 0 0 0 0 216 0 43631 0 0 0 0 0 0 245 0
net lo 0 0 3950128 0 0 0 0 0 0 0 0 0 31481 0 3950128 0 0 0 0 0 0 31481 0
net vnet44 0 0 100980 0 0 0 0 0 0 0 0 0 435 0 70645 0 0 0 0 0 0 488 0
net eno1 0 161748 40339556944 0 0 382 0 0 0 0 0 0 30365578 0 1231410858 0 0 0 0 0 0 5974540 0
net virbr0 0 844 9964356881 0 0 0 0 0 0 0 0 0 39738029 0 38383450776 0 0 0 0 0 0 23525904 0
numa 1 118663876 18781169 10118603 29535 118619559 18825469
numa 0 116999410 10118603 18781169 29710 116997748 10119871
ps - 501299708 397569 400 502 482 6 740
sysv_shm - 0 0
tmpfs /run/lock 0 6
tmpfs /run 2125824 1105
tmpfs /run/user/20029 0 20
tmpfs /run/qemu 0 1
tmpfs /dev/shm 37615484928 105388
vfs - 133941 5464 184342
vm - 4 25319125 439088443 252317 1617408 263154156 307965616 85264459 6618706 216516064 56865 0 0 0 0 0 1811072 0 311878 5997 0 1618108 94 0 3 0 0

1778477529.119790 0 node0.mimesys-workload.ldos-ut-pg0.wisc.cloudlab.us
block sda 641706 211188 50630901 349300 2700247 17783996 878177191 13042361 0 2412296 13679865
block sdb 494 0 7540 455 4 0 0 0 0 576 456
cpu 11 178991 0 56602 2977083 7319 0 5
cpu 10 205111 2 51652 2956910 9486 0 6
cpu 13 173547 0 52181 2987443 6875 0 5
cpu 12 177810 0 51190 2984491 7634 0 2
cpu 15 174670 2 49687 2989262 6776 0 4
cpu 14 168235 0 51018 2995073 6930 0 5
cpu 17 153242 0 49396 3011089 6997 0 2
cpu 16 163207 0 47730 3004782 5961 0 1
cpu 19 134604 0 36718 3043930 6225 0 1
cpu 18 180596 5 36132 2998488 6499 0 2
cpu 1 244324 0 61831 2900326 8530 0 871
cpu 0 267844 45 46954 2866708 10308 0 1160
cpu 3 264277 0 77320 2869154 7818 0 598
cpu 2 259512 0 74436 2875034 9648 0 193
cpu 5 263317 0 78563 2870472 7768 0 456
cpu 4 259906 1 79182 2871893 8237 0 115
cpu 7 206372 0 76238 2930190 6878 0 542
cpu 6 253500 0 77180 2881706 8110 0 329
cpu 9 170769 0 53927 2985670 8014 0 378
cpu 8 171971 0 61517 2978339 6580 0 340
mem 1 99033092 96287600 2745492 332740 1804076 172 0 1903896 879780 233296 7096 0 0 176588 2048 0 0
mem 0 97636988 58738308 38898680 682608 37050964 180 0 37234064 4747744 502192 20860 0 0 463736 6144 0 0
net vnet45 0 0 37968 0 0 0 0 0 0 0 0 0 216 0 43683 0 0 0 0 0 0 246 0
net lo 0 0 3951295 0 0 0 0 0 0 0 0 0 31489 0 3951295 0 0 0 0 0 0 31489 0
net vnet44 0 0 100980 0 0 0 0 0 0 0 0 0 435 0 70697 0 0 0 0 0 0 489 0
net eno1 0 161756 40339562375 0 0 382 0 0 0 0 0 0 30365659 0 1231411304 0 0 0 0 0 0 5974544 0
net virbr0 0 844 9964356881 0 0 0 0 0 0 0 0 0 39738029 0 38383450776 0 0 0 0 0 0 23525904 0
numa 1 118677580 18781169 10118603 29535 118633263 18825469
numa 0 117010098 10118603 18781169 29710 117008436 10119871
ps - 501310552 397691 400 502 482 7 743
sysv_shm - 0 0
tmpfs /run/lock 0 6
tmpfs /run 2125824 1105
tmpfs /run/user/20029 0 20
tmpfs /run/qemu 0 1
tmpfs /dev/shm 37615484928 105388
vfs - 133949 5504 184366
vm - 4 25319185 439088595 252317 1617408 263178557 307979099 85264459 6618706 216548591 56865 0 0 0 0 0 1811072 0 311878 5997 0 1618108 94 0 3 0 0

1778477530.160200 0 node0.mimesys-workload.ldos-ut-pg0.wisc.cloudlab.us
block sda 641724 211190 50631372 349305 2700253 17784008 878177447 13042363 0 2412360 13679872
block sdb 494 0 7540 455 4 0 0 0 0 576 456
cpu 11 179067 0 56605 2977109 7319 0 5
cpu 10 205186 2 51654 2956934 9486 0 6
cpu 13 173617 0 52183 2987470 6875 0 5
cpu 12 177879 0 51192 2984521 7634 0 2
cpu 15 174672 2 49688 2989363 6776 0 4
cpu 14 168238 0 51022 2995171 6930 0 5
cpu 17 153244 0 49398 3011189 6997 0 2
cpu 16 163208 0 47731 3004883 5961 0 1
cpu 19 134606 0 36718 3044031 6225 0 1
cpu 18 180596 5 36135 2998588 6499 0 2
cpu 1 244388 0 61832 2900365 8530 0 871
cpu 0 267870 45 46960 2866776 10308 0 1160
cpu 3 264327 0 77327 2869201 7818 0 598
cpu 2 259542 0 74440 2875100 9648 0 193
cpu 5 263358 0 78568 2870528 7768 0 456
cpu 4 259933 1 79184 2871962 8237 0 115
cpu 7 206428 0 76243 2930234 6878 0 542
cpu 6 253536 0 77182 2881768 8110 0 329
cpu 9 170830 0 53928 2985707 8014 0 378
cpu 8 172031 0 61518 2978377 6580 0 340
mem 1 99033092 96280548 2752544 337164 1802388 200 0 1907728 882952 232844 6640 0 0 176604 2048 0 0
mem 0 97636988 58733272 38903716 684844 37046164 212 0 37235200 4749064 500336 20992 0 0 463856 6144 0 0
net vnet45 0 0 37968 0 0 0 0 0 0 0 0 0 216 0 43683 0 0 0 0 0 0 246 0
net lo 0 0 3951852 0 0 0 0 0 0 0 0 0 31493 0 3951852 0 0 0 0 0 0 31493 0
net vnet44 0 0 105984 0 0 0 0 0 0 0 0 0 462 0 75385 0 0 0 0 0 0 510 0
net eno1 0 161756 40339568852 0 0 382 0 0 0 0 0 0 30365759 0 1231411649 0 0 0 0 0 0 5974547 0
net virbr0 0 844 9964361507 0 0 0 0 0 0 0 0 0 39738056 0 38383455464 0 0 0 0 0 0 23525925 0
numa 1 118686777 18781169 10118603 29535 118642460 18825469
numa 0 117015201 10118603 18781169 29710 117013539 10119871
ps - 501326537 397807 400 502 482 9 740
sysv_shm - 0 0
tmpfs /run/lock 0 6
tmpfs /run 2125824 1105
tmpfs /run/user/20029 0 20
tmpfs /run/qemu 0 1
tmpfs /dev/shm 37615484928 105388
vfs - 133942 5304 184358
vm - 4 25319420 439088723 252317 1617408 263192846 307992676 85266485 6618706 216570394 56865 0 0 0 0 0 1811072 0 311878 5997 0 1618108 94 0 3 0 0

1778477531.198159 0 node0.mimesys-workload.ldos-ut-pg0.wisc.cloudlab.us
block sda 641734 211190 50631980 349308 2700257 17784008 878177479 13042364 0 2412388 13679876
block sdb 494 0 7540 455 4 0 0 0 0 576 456
cpu 11 179158 0 56605 2977120 7319 0 5
cpu 10 205275 2 51655 2956947 9486 0 6
cpu 13 173704 0 52184 2987485 6875 0 5
cpu 12 177968 0 51192 2984536 7634 0 2
cpu 15 174673 2 49693 2989461 6776 0 4
cpu 14 168238 0 51025 2995271 6930 0 5
cpu 17 153245 0 49400 3011289 6997 0 2
cpu 16 163209 0 47734 3004984 5961 0 1
cpu 19 134606 0 36721 3044132 6225 0 1
cpu 18 180598 5 36138 2998688 6499 0 2
cpu 1 244406 0 61838 2900442 8530 0 871
cpu 0 267898 45 46963 2866847 10308 0 1160
cpu 3 264370 0 77330 2869253 7818 0 598
cpu 2 259561 0 74442 2875183 9648 0 193
cpu 5 263437 0 78578 2870542 7768 0 456
cpu 4 259968 1 79186 2872027 8237 0 115
cpu 7 206448 0 76245 2930317 6878 0 542
cpu 6 253568 0 77186 2881837 8110 0 329
cpu 9 170916 0 53928 2985723 8014 0 378
cpu 8 172116 0 61519 2978395 6580 0 340
mem 1 99033092 96275764 2757328 350284 1792404 220 0 1908788 883740 234496 7244 0 0 176644 2048 0 0
mem 0 97636988 58729996 38906992 691696 37038396 224 0 37235896 4748952 498140 20792 0 0 463856 6144 0 0
net vnet45 0 0 37968 0 0 0 0 0 0 0 0 0 216 0 43735 0 0 0 0 0 0 247 0
net lo 0 0 3953019 0 0 0 0 0 0 0 0 0 31501 0 3953019 0 0 0 0 0 0 31501 0
net vnet44 0 0 109218 0 0 0 0 0 0 0 0 0 480 0 79242 0 0 0 0 0 0 524 0
net eno1 0 161767 40339575303 0 0 382 0 0 0 0 0 0 30365857 0 1231412095 0 0 0 0 0 0 5974551 0
net virbr0 0 844 9964364489 0 0 0 0 0 0 0 0 0 39738074 0 38383459269 0 0 0 0 0 0 23525938 0
numa 1 118694828 18781169 10118603 29535 118650511 18825469
numa 0 117021677 10118603 18781169 29710 117020015 10119871
ps - 501339845 397928 432 507 484 11 738
sysv_shm - 0 0
tmpfs /run/lock 0 6
tmpfs /run 2125824 1105
tmpfs /run/user/20029 0 20
tmpfs /run/qemu 0 1
tmpfs /dev/shm 37615484928 105388
vfs - 133941 5424 184340
vm - 4 25319724 439088739 252317 1617408 263207374 308006407 85271499 6618706 216594202 56866 0 0 0 0 0 1811072 0 311878 5997 0 1618108 94 0 3 0 0

1778477532.238722 0 node0.mimesys-workload.ldos-ut-pg0.wisc.cloudlab.us
block sda 641734 211190 50631980 349308 2700257 17784008 878177479 13042364 0 2412388 13679876
block sdb 494 0 7540 455 4 0 0 0 0 576 456
cpu 11 179256 0 56605 2977125 7319 0 5
cpu 10 205373 2 51655 2956955 9486 0 6
cpu 13 173800 0 52184 2987491 6875 0 5
cpu 12 178064 0 51192 2984543 7634 0 2
cpu 15 174676 2 49697 2989559 6776 0 4
cpu 14 168240 0 51030 2995368 6930 0 5
cpu 17 153245 0 49404 3011390 6997 0 2
cpu 16 163210 0 47736 3005083 5961 0 1
cpu 19 134608 0 36723 3044233 6225 0 1
cpu 18 180599 5 36140 2998788 6499 0 2
cpu 1 244424 0 61841 2900524 8530 0 871
cpu 0 267915 45 46967 2866926 10308 0 1160
cpu 3 264408 0 77333 2869313 7818 0 598
cpu 2 259595 0 74445 2875245 9648 0 193
cpu 5 263500 0 78580 2870582 7768 0 456
cpu 4 260039 1 79196 2872050 8237 0 115
cpu 7 206480 0 76248 2930385 6878 0 542
cpu 6 253619 0 77189 2881887 8110 0 329
cpu 9 171011 0 53928 2985731 8014 0 378
cpu 8 172213 0 61520 2978403 6580 0 340
mem 1 99033092 96274252 2758840 352552 1789380 220 0 1908792 883908 232736 7164 0 0 176548 2048 0 0
mem 0 97636988 58728484 38908504 692984 37037996 260 0 37236004 4749128 498576 20572 0 0 463816 6144 0 0
net vnet45 0 0 38058 0 0 0 0 0 0 0 0 0 217 0 43825 0 0 0 0 0 0 248 0
net lo 0 0 3953576 0 0 0 0 0 0 0 0 0 31505 0 3953576 0 0 0 0 0 0 31505 0
net vnet44 0 0 111086 0 0 0 0 0 0 0 0 0 490 0 80240 0 0 0 0 0 0 533 0
net eno1 0 161767 40339582230 0 0 382 0 0 0 0 0 0 30365964 0 1231412530 0 0 0 0 0 0 5974555 0
net virbr0 0 844 9964366293 0 0 0 0 0 0 0 0 0 39738085 0 38383460357 0 0 0 0 0 0 23525948 0
numa 1 118701673 18781169 10118603 29535 118657356 18825469
numa 0 117027537 10118603 18781169 29710 117025875 10119871
ps - 501351407 398044 432 507 484 12 738
sysv_shm - 0 0
tmpfs /run/lock 0 6
tmpfs /run 2125824 1105
tmpfs /run/user/20029 0 20
tmpfs /run/qemu 0 1
tmpfs /dev/shm 37615484928 105388
vfs - 133939 5384 184339
vm - 4 25319724 439088739 252317 1617408 263220078 308019455 85272241 6618706 216616079 56866 0 0 0 0 0 1811072 0 311878 5997 0 1618108 94 0 3 0 0

1778477533.279243 0 node0.mimesys-workload.ldos-ut-pg0.wisc.cloudlab.us
block sda 641734 211190 50631980 349308 2700353 17784028 878178855 13042390 0 2412396 13679902
block sdb 494 0 7540 455 4 0 0 0 0 576 456
cpu 11 179355 0 56606 2977131 7319 0 5
cpu 10 205465 2 51656 2956966 9486 0 6
cpu 13 173894 0 52185 2987499 6875 0 5
cpu 12 178152 0 51195 2984553 7634 0 2
cpu 15 174681 2 49701 2989654 6776 0 4
cpu 14 168242 0 51035 2995465 6930 0 5
cpu 17 153245 0 49406 3011490 6997 0 2
cpu 16 163212 0 47739 3005183 5961 0 2
cpu 19 134610 0 36724 3044334 6225 0 1
cpu 18 180602 5 36143 2998887 6499 0 2
cpu 1 244463 0 61844 2900584 8530 0 872
cpu 0 267960 45 46971 2866982 10308 0 1160
cpu 3 264441 0 77336 2869377 7818 0 598
cpu 2 259616 0 74450 2875321 9648 0 193
cpu 5 263574 0 78585 2870607 7768 0 456
cpu 4 260077 1 79201 2872110 8237 0 115
cpu 7 206525 0 76252 2930439 6878 0 542
cpu 6 253651 0 77192 2881952 8110 0 329
cpu 9 171102 0 53929 2985740 8014 0 378
cpu 8 172308 0 61522 2978409 6580 0 340
mem 1 99033092 96260896 2772196 355148 1795752 88 0 1916820 891808 233860 6868 0 0 176508 2048 0 0
mem 0 97636988 58720456 38916532 693828 37042056 60 0 37241004 4754688 498300 20912 0 0 463800 6144 0 0
net vnet45 0 0 38058 0 0 0 0 0 0 0 0 0 217 0 43877 0 0 0 0 0 0 249 0
net lo 0 0 3954743 0 0 0 0 0 0 0 0 0 31513 0 3954743 0 0 0 0 0 0 31513 0
net vnet44 0 0 115892 0 0 0 0 0 0 0 0 0 514 0 84980 0 0 0 0 0 0 555 0
net eno1 0 161775 40339588681 0 0 382 0 0 0 0 0 0 30366062 0 1231412976 0 0 0 0 0 0 5974559 0
net virbr0 0 844 9964370763 0 0 0 0 0 0 0 0 0 39738109 0 38383465045 0 0 0 0 0 0 23525969 0
numa 1 118711178 18781169 10118603 29535 118666861 18825469
numa 0 117036067 10118603 18781169 29710 117034405 10119871
ps - 501365116 398166 432 507 484 10 738
sysv_shm - 0 0
tmpfs /run/lock 0 6
tmpfs /run 2125824 1105
tmpfs /run/user/20029 0 20
tmpfs /run/qemu 0 1
tmpfs /dev/shm 37615484928 105388
vfs - 133939 5344 184339
vm - 4 25319724 439089427 252317 1617408 263238113 308033832 85273235 6618706 216643620 56866 0 0 0 0 0 1811072 0 311878 5997 0 1618108 94 0 3 0 0

1778477534.318949 0 node0.mimesys-workload.ldos-ut-pg0.wisc.cloudlab.us
block sda 641735 211190 50632044 349309 2700353 17784028 878178855 13042390 0 2412400 13679903
block sdb 494 0 7540 455 4 0 0 0 0 576 456
cpu 11 179445 0 56607 2977143 7319 0 5
cpu 10 205566 2 51657 2956969 9486 0 6
cpu 13 173988 0 52186 2987508 6875 0 5
cpu 12 178251 0 51195 2984559 7634 0 2
cpu 15 174682 2 49704 2989754 6776 0 4
cpu 14 168244 0 51036 2995565 6930 0 5
cpu 17 153246 0 49410 3011588 6997 0 2
cpu 16 163215 0 47741 3005281 5961 0 2
cpu 19 134611 0 36726 3044434 6225 0 1
cpu 18 180604 5 36145 2998987 6499 0 2
cpu 1 244508 0 61848 2900638 8530 0 872
cpu 0 268006 45 46972 2867037 10308 0 1160
cpu 3 264518 0 77336 2869404 7818 0 598
cpu 2 259638 0 74452 2875397 9648 0 193
cpu 5 263584 0 78587 2870697 7768 0 456
cpu 4 260156 1 79204 2872130 8237 0 115
cpu 7 206531 0 76257 2930529 6878 0 542
cpu 6 253723 0 77198 2881979 8110 0 329
cpu 9 171194 0 53931 2985750 8014 0 378
cpu 8 172401 0 61522 2978420 6580 0 340
mem 1 99033092 96250568 2782524 356196 1802640 180 0 1924652 900156 233908 6924 0 0 176548 2048 0 0
mem 0 97636988 58710628 38926360 694456 37050456 220 0 37249212 4763600 500148 21100 0 0 463904 6144 0 0
net vnet45 0 0 38058 0 0 0 0 0 0 0 0 0 217 0 43877 0 0 0 0 0 0 249 0
net lo 0 0 3955910 0 0 0 0 0 0 0 0 0 31521 0 3955910 0 0 0 0 0 0 31521 0
net vnet44 0 0 117920 0 0 0 0 0 0 0 0 0 521 0 87080 0 0 0 0 0 0 562 0
net eno1 0 161775 40339595266 0 0 382 0 0 0 0 0 0 30366162 0 1231413476 0 0 0 0 0 0 5974564 0
net virbr0 0 844 9964372693 0 0 0 0 0 0 0 0 0 39738116 0 38383467075 0 0 0 0 0 0 23525975 0
numa 1 118720624 18781169 10118603 29535 118676307 18825469
numa 0 117044657 10118603 18781169 29710 117042995 10119871
ps - 501375531 398287 432 507 484 13 738
sysv_shm - 0 0
tmpfs /run/lock 0 6
tmpfs /run 2125824 1105
tmpfs /run/user/20029 0 20
tmpfs /run/qemu 0 1
tmpfs /dev/shm 37615484928 105388
vfs - 133941 5344 184341
vm - 4 25319756 439089427 252317 1617408 263256149 308047532 85273323 6618706 216671476 56866 0 0 0 0 0 1811072 0 311878 5997 0 1618108 94 0 3 0 0

1778477535.359080 0 node0.mimesys-workload.ldos-ut-pg0.wisc.cloudlab.us
block sda 641742 211190 50632412 349337 2700419 17784030 878285623 13042909 0 2412564 13680450
block sdb 494 0 7540 455 4 0 0 0 0 576 456
cpu 11 179541 0 56608 2977149 7319 0 5
cpu 10 205663 2 51657 2956976 9486 0 6
cpu 13 174084 0 52186 2987515 6875 0 5
cpu 12 178345 0 51196 2984567 7634 0 2
cpu 15 174682 2 49705 2989855 6776 0 4
cpu 14 168247 0 51039 2995663 6930 0 5
cpu 17 153246 0 49411 3011690 6997 0 2
cpu 16 163216 0 47742 3005382 5961 0 2
cpu 19 134612 0 36728 3044536 6225 0 1
cpu 18 180604 5 36147 2999088 6499 0 2
cpu 1 244534 0 61851 2900707 8533 0 872
cpu 0 268048 45 46976 2867094 10309 0 1160
cpu 3 264575 0 77340 2869446 7819 0 598
cpu 2 259685 0 74456 2875446 9651 0 193
cpu 5 263618 0 78590 2870759 7773 0 456
cpu 4 260202 1 79210 2872179 8238 0 115
cpu 7 206562 0 76260 2930591 6883 0 542
cpu 6 253774 0 77200 2882029 8110 0 329
cpu 9 171288 0 53934 2985757 8014 0 378
cpu 8 172486 0 61523 2978437 6580 0 340
mem 1 99033092 96266184 2766908 359332 1810992 192 0 1937820 912244 231932 6824 0 0 176548 2048 0 0
mem 0 97636988 58701052 38935936 696400 37055176 244 0 37255452 4768336 499084 21248 0 0 463800 6144 0 0
net vnet45 0 0 38058 0 0 0 0 0 0 0 0 0 217 0 43929 0 0 0 0 0 0 250 0
net lo 0 0 3956467 0 0 0 0 0 0 0 0 0 31525 0 3956467 0 0 0 0 0 0 31525 0
net vnet44 0 0 120830 0 0 0 0 0 0 0 0 0 540 0 89790 0 0 0 0 0 0 578 0
net eno1 0 161784 40339600843 0 0 382 0 0 0 0 0 0 30366247 0 1231413821 0 0 0 0 0 0 5974567 0
net virbr0 0 844 9964375337 0 0 0 0 0 0 0 0 0 39738135 0 38383469733 0 0 0 0 0 0 23525990 0
numa 1 118728323 18781169 10118603 29535 118684006 18825469
numa 0 117054793 10118603 18781169 29710 117053131 10119871
ps - 501386670 398403 432 507 484 7 738
sysv_shm - 0 0
tmpfs /run/lock 0 6
tmpfs /run 2125824 1105
tmpfs /run/user/20029 0 20
tmpfs /run/qemu 0 1
tmpfs /dev/shm 37615484928 105388
vfs - 133939 5344 184339
vm - 4 25319940 439142811 252317 1617408 263273984 308060673 85274698 6618706 216701206 56866 0 0 0 0 0 1811072 0 311878 5997 0 1618108 94 0 3 0 0

1778477536.401548 0 node0.mimesys-workload.ldos-ut-pg0.wisc.cloudlab.us
block sda 641742 211190 50632412 349337 2700422 17784030 878285655 13042909 0 2412568 13680451
block sdb 494 0 7540 455 4 0 0 0 0 576 456
cpu 11 179634 0 56609 2977158 7319 0 5
cpu 10 205757 2 51658 2956987 9486 0 6
cpu 13 174184 0 52187 2987518 6875 0 5
cpu 12 178440 0 51196 2984575 7634 0 2
cpu 15 174683 2 49706 2989957 6776 0 4
cpu 14 168251 0 51040 2995762 6930 0 5
cpu 17 153254 0 49414 3011784 6997 0 2
cpu 16 163218 0 47744 3005482 5961 0 2
cpu 19 134612 0 36730 3044638 6225 0 1
cpu 18 180604 5 36149 2999189 6499 0 2
cpu 1 244543 0 61855 2900794 8533 0 872
cpu 0 268054 45 46979 2867188 10309 0 1160
cpu 3 264608 0 77345 2869512 7819 0 598
cpu 2 259691 0 74461 2875541 9651 0 193
cpu 5 263634 0 78594 2870842 7773 0 456
cpu 4 260220 1 79217 2872255 8238 0 115
cpu 7 206565 0 76262 2930685 6883 0 542
cpu 6 253851 0 77205 2882049 8110 0 329
cpu 9 171381 0 53934 2985766 8014 0 378
cpu 8 172579 0 61524 2978446 6580 0 340
mem 1 99033092 96263796 2769296 363312 1808408 216 0 1938944 913532 233508 7232 0 0 176516 2048 0 0
mem 0 97636988 58695012 38941976 697440 37057300 256 0 37256984 4770984 500852 21132 0 0 463856 6144 0 0
net vnet45 0 0 38058 0 0 0 0 0 0 0 0 0 217 0 43929 0 0 0 0 0 0 250 0
net lo 0 0 3957634 0 0 0 0 0 0 0 0 0 31533 0 3957634 0 0 0 0 0 0 31533 0
net vnet44 0 0 123768 0 0 0 0 0 0 0 0 0 554 0 93480 0 0 0 0 0 0 590 0
net eno1 0 161784 40339607806 0 0 382 0 0 0 0 0 0 30366349 0 1231414267 0 0 0 0 0 0 5974571 0
net virbr0 0 844 9964378079 0 0 0 0 0 0 0 0 0 39738149 0 38383473423 0 0 0 0 0 0 23526002 0
numa 1 118733024 18781169 10118603 29535 118688707 18825469
numa 0 117064682 10118603 18781169 29710 117063020 10119871
ps - 501397149 398524 430 505 483 9 738
sysv_shm - 0 0
tmpfs /run/lock 0 6
tmpfs /run 2125824 1105
tmpfs /run/user/20029 0 20
tmpfs /run/qemu 0 1
tmpfs /dev/shm 37615484928 105388
vfs - 133942 5384 184349
vm - 4 25319940 439142827 252317 1617408 263288574 308074488 85276384 6618706 216744185 56866 0 0 0 0 0 1811072 0 311878 5997 0 1618108 94 0 3 0 0

1778477537.443416 0 node0.mimesys-workload.ldos-ut-pg0.wisc.cloudlab.us
block sda 641742 211190 50632412 349337 2700422 17784030 878285655 13042909 0 2412568 13680451
block sdb 494 0 7540 455 4 0 0 0 0 576 456
cpu 11 179734 0 56610 2977162 7319 0 5
cpu 10 205854 2 51658 2956994 9486 0 6
cpu 13 174272 0 52191 2987529 6875 0 5
cpu 12 178534 0 51199 2984583 7634 0 2
cpu 15 174684 2 49712 2990054 6776 0 4
cpu 14 168252 0 51042 2995863 6930 0 5
cpu 17 153256 0 49416 3011884 6997 0 2
cpu 16 163218 0 47746 3005584 5961 0 2
cpu 19 134613 0 36732 3044739 6225 0 1
cpu 18 180605 5 36150 2999290 6499 0 2
cpu 1 244549 0 61857 2900889 8533 0 872
cpu 0 268067 45 46988 2867268 10309 0 1160
cpu 3 264620 0 77345 2869599 7819 0 598
cpu 2 259753 0 74465 2875579 9651 0 193
cpu 5 263642 0 78596 2870934 7773 0 456
cpu 4 260252 1 79222 2872320 8238 0 115
cpu 7 206569 0 76267 2930779 6883 0 542
cpu 6 253862 0 77212 2882135 8110 0 329
cpu 9 171479 0 53936 2985771 8014 0 378
cpu 8 172667 0 61526 2978459 6580 0 340
mem 1 99033092 96227012 2806080 366152 1836892 228 0 1970720 945320 231516 6772 0 0 176500 2048 0 0
mem 0 97636988 58676620 38960368 698680 37070776 276 0 37274380 4786344 499828 21252 0 0 463776 6144 0 0
net vnet45 0 0 38058 0 0 0 0 0 0 0 0 0 217 0 43981 0 0 0 0 0 0 251 0
net lo 0 0 3958191 0 0 0 0 0 0 0 0 0 31537 0 3958191 0 0 0 0 0 0 31537 0
net vnet44 0 0 125636 0 0 0 0 0 0 0 0 0 564 0 94530 0 0 0 0 0 0 600 0
net eno1 0 161794 40339613983 0 0 382 0 0 0 0 0 0 30366444 0 1231414654 0 0 0 0 0 0 5974575 0
net virbr0 0 844 9964379807 0 0 0 0 0 0 0 0 0 39738159 0 38383474421 0 0 0 0 0 0 23526011 0
numa 1 118747098 18781169 10118603 29535 118702781 18825469
numa 0 117076323 10118603 18781169 29710 117074661 10119871
ps - 501407379 398644 430 505 483 8 738
sysv_shm - 0 0
tmpfs /run/lock 0 6
tmpfs /run 2125824 1105
tmpfs /run/user/20029 0 20
tmpfs /run/qemu 0 1
tmpfs /dev/shm 37615484928 105388
vfs - 133938 5424 184331
vm - 4 25319940 439142827 252317 1617408 263314289 308088039 85277216 6618706 216796674 56866 0 0 0 0 0 1811072 0 311878 5997 0 1618108 94 0 3 0 0

1778477538.483008 0 node0.mimesys-workload.ldos-ut-pg0.wisc.cloudlab.us
block sda 641747 211190 50632476 349416 2700756 17784049 878747847 13049994 0 2413252 13687684
block sdb 494 0 7540 455 4 0 0 0 0 576 456
cpu 11 179830 0 56610 2977169 7319 0 5
cpu 10 205946 2 51660 2957002 9486 0 6
cpu 13 174363 0 52192 2987541 6875 0 5
cpu 12 178624 0 51200 2984596 7634 0 2
cpu 15 174684 2 49715 2990156 6776 0 4
cpu 14 168255 0 51047 2995959 6930 0 5
cpu 17 153261 0 49418 3011981 6997 0 2
cpu 16 163219 0 47749 3005684 5961 0 2
cpu 19 134615 0 36734 3044839 6225 0 1
cpu 18 180609 5 36155 2999385 6499 0 2
cpu 1 244561 0 61860 2900951 8556 0 872
cpu 0 268093 45 46992 2867321 10328 0 1160
cpu 3 264636 0 77346 2869669 7832 0 598
cpu 2 259795 0 74470 2875625 9661 0 193
cpu 5 263664 0 78599 2870991 7794 0 456
cpu 4 260279 1 79224 2872383 8248 0 115
cpu 7 206582 0 76270 2930836 6911 0 542
cpu 6 253878 0 77216 2882209 8119 0 329
cpu 9 171579 0 53936 2985776 8014 0 378
cpu 8 172762 0 61527 2978468 6580 0 340
mem 1 99033092 96237284 2795808 367260 1838016 128 0 1972340 946620 233120 7056 0 0 176612 2048 0 0
mem 0 97636988 58671612 38965376 699456 37070200 124 0 37274648 4786972 498528 21120 0 0 463840 6144 0 0
net vnet45 0 0 38058 0 0 0 0 0 0 0 0 0 217 0 44033 0 0 0 0 0 0 252 0
net lo 0 0 3959358 0 0 0 0 0 0 0 0 0 31545 0 3959358 0 0 0 0 0 0 31545 0
net vnet44 0 0 130442 0 0 0 0 0 0 0 0 0 588 0 99270 0 0 0 0 0 0 622 0
net eno1 0 161794 40339620134 0 0 382 0 0 0 0 0 0 30366537 0 1231415100 0 0 0 0 0 0 5974579 0
net virbr0 0 844 9964384277 0 0 0 0 0 0 0 0 0 39738183 0 38383479109 0 0 0 0 0 0 23526032 0
numa 1 118754056 18781169 10118603 29535 118709739 18825469
numa 0 117084267 10118603 18781169 29710 117082605 10119871
ps - 501417366 398788 430 505 483 10 759
sysv_shm - 0 0
tmpfs /run/lock 0 6
tmpfs /run 2125824 1105
tmpfs /run/user/20029 0 20
tmpfs /run/qemu 0 1
tmpfs /dev/shm 37615484928 105388
vfs - 133939 5424 184339
vm - 4 25319972 439373923 252317 1617408 263329191 308102611 85277346 6618706 216823155 56866 0 0 0 0 0 1811072 0 311878 5997 0 1618108 94 0 3 0 0

1778477539.521134 0 node0.mimesys-workload.ldos-ut-pg0.wisc.cloudlab.us
block sda 641747 211190 50632476 349416 2700760 17784049 878747863 13049994 0 2413256 13687685
block sdb 494 0 7540 455 4 0 0 0 0 576 456
cpu 11 179924 0 56611 2977177 7319 0 5
cpu 10 206041 2 51660 2957009 9486 0 6
cpu 13 174459 0 52192 2987547 6875 0 5
cpu 12 178714 0 51202 2984607 7634 0 2
cpu 15 174686 2 49718 2990255 6776 0 4
cpu 14 168257 0 51052 2996055 6930 0 5
cpu 17 153262 0 49420 3012081 6997 0 2
cpu 16 163225 0 47752 3005779 5961 0 2
cpu 19 134618 0 36736 3044938 6225 0 1
cpu 18 180612 5 36159 2999482 6499 0 2
cpu 1 244614 0 61871 2900991 8556 0 872
cpu 0 268159 45 46995 2867354 10328 0 1160
cpu 3 264684 0 77368 2869702 7832 0 598
cpu 2 259862 0 74484 2875648 9661 0 193
cpu 5 263705 0 78611 2871043 7794 0 456
cpu 4 260340 1 79232 2872418 8248 0 115
cpu 7 206628 0 76288 2930873 6911 0 542
cpu 6 253959 0 77226 2882222 8119 0 329
cpu 9 171668 0 53937 2985788 8014 0 378
cpu 8 172857 0 61527 2978476 6580 0 340
mem 1 99033092 96231240 2801852 367280 1841184 172 0 1973948 948200 234776 7664 0 0 176740 2048 0 0
mem 0 97636988 58444064 39192924 699468 37297356 208 0 37501716 5014416 499120 21036 0 0 463936 6144 0 0
net vnet45 0 0 38058 0 0 0 0 0 0 0 0 0 217 0 44033 0 0 0 0 0 0 252 0
net lo 0 0 3960525 0 0 0 0 0 0 0 0 0 31553 0 3960525 0 0 0 0 0 0 31553 0
net vnet44 0 0 132822 0 0 0 0 0 0 0 0 0 599 0 102064 0 0 0 0 0 0 632 0
net eno1 0 161802 40339626405 0 0 382 0 0 0 0 0 0 30366632 0 1231415546 0 0 0 0 0 0 5974583 0
net virbr0 0 844 9964386503 0 0 0 0 0 0 0 0 0 39738194 0 38383481903 0 0 0 0 0 0 23526042 0
numa 1 118763491 18781169 10118603 29535 118719174 18825469
numa 0 117146996 10118603 18781169 29710 117145334 10119871
ps - 501427785 398909 430 505 483 9 759
sysv_shm - 0 0
tmpfs /run/lock 0 6
tmpfs /run 2125824 1105
tmpfs /run/user/20029 0 20
tmpfs /run/qemu 0 1
tmpfs /dev/shm 37615489024 105388
vfs - 133941 5384 184467
vm - 4 25319972 439373931 252317 1617408 263401360 308116475 85277350 6618706 216903148 56866 0 0 0 0 0 1811072 0 311878 5997 0 1618108 94 0 3 0 0

1778477540.560476 0 node0.mimesys-workload.ldos-ut-pg0.wisc.cloudlab.us
block sda 641748 211190 50632604 349426 2701241 17784257 878986615 13053349 32 2413560 13691052
block sdb 494 0 7540 455 4 0 0 0 0 576 456
cpu 11 180020 0 56612 2977183 7319 0 5
cpu 10 206135 2 51661 2957017 9486 0 6
cpu 13 174546 0 52193 2987561 6875 0 5
cpu 12 178807 0 51202 2984617 7634 0 2
cpu 15 174686 2 49720 2990357 6776 0 4
cpu 14 168259 0 51055 2996155 6930 0 5
cpu 17 153264 0 49422 3012180 6997 0 2
cpu 16 163226 0 47754 3005879 5961 0 2
cpu 19 134619 0 36736 3045039 6225 0 1
cpu 18 180612 5 36161 2999583 6499 0 2
cpu 1 244632 0 61874 2901055 8573 0 872
cpu 0 268198 45 47001 2867413 10330 0 1160
cpu 3 264718 0 77370 2869766 7835 0 598
cpu 2 259885 0 74488 2875709 9675 0 193
cpu 5 263736 0 78613 2871108 7796 0 456
cpu 4 260358 1 79236 2872497 8249 0 115
cpu 7 206663 0 76292 2930935 6911 0 542
cpu 6 253989 0 77229 2882290 8122 0 329
cpu 9 171762 0 53939 2985798 8014 0 378
cpu 8 172951 0 61529 2978485 6580 0 340
mem 1 99033092 96227964 2805128 367276 1839324 196 0 1974160 948652 232540 6968 0 0 176620 2048 0 0
mem 0 97636988 58443720 39193268 699496 37307568 240 0 37511808 5023936 498884 22088 0 0 463992 6144 0 0
net vnet45 0 0 38058 0 0 0 0 0 0 0 0 0 217 0 44085 0 0 0 0 0 0 253 0
net lo 0 0 3961082 0 0 0 0 0 0 0 0 0 31557 0 3961082 0 0 0 0 0 0 31557 0
net vnet44 0 0 135248 0 0 0 0 0 0 0 0 0 612 0 104010 0 0 0 0 0 0 644 0
net eno1 0 161802 40339632842 0 0 382 0 0 0 0 0 0 30366726 0 1231415891 0 0 0 0 0 0 5974586 0
net virbr0 0 844 9964388747 0 0 0 0 0 0 0 0 0 39738207 0 38383483797 0 0 0 0 0 0 23526053 0
numa 1 118768766 18781169 10118603 29535 118724449 18825469
numa 0 117156827 10118603 18781169 29710 117155165 10119871
ps - 501438580 399056 430 505 483 8 788
sysv_shm - 0 0
tmpfs /run/lock 0 6
tmpfs /run 2125824 1105
tmpfs /run/user/20029 0 20
tmpfs /run/qemu 0 1
tmpfs /dev/shm 37615489024 105388
vfs - 133939 5384 184491
vm - 4 25320036 439538367 252317 1617408 263416461 308129710 85277358 6618706 216924992 56866 0 0 0 0 0 1811072 0 311878 5997 0 1618108 94 0 3 0 0

1778477541.602249 0 node0.mimesys-workload.ldos-ut-pg0.wisc.cloudlab.us
block sda 641749 211190 50632612 349428 2701722 17784264 879460959 13058437 0 2414268 13696242
block sdb 494 0 7540 455 4 0 0 0 0 576 456
cpu 11 180116 0 56612 2977193 7319 0 5
cpu 10 206235 2 51662 2957021 9486 0 6
cpu 13 174639 0 52194 2987571 6877 0 5
cpu 12 178898 0 51204 2984630 7634 0 2
cpu 15 174692 2 49724 2990451 6776 0 4
cpu 14 168260 0 51059 2996252 6930 0 5
cpu 17 153265 0 49426 3012281 6997 0 2
cpu 16 163226 0 47758 3005978 5961 0 2
cpu 19 134620 0 36738 3045140 6225 0 1
cpu 18 180614 5 36162 2999684 6499 0 2
cpu 1 244650 0 61878 2901110 8599 0 872
cpu 0 268229 45 47002 2867465 10346 0 1160
cpu 3 264746 0 77372 2869811 7862 0 598
cpu 2 259902 0 74492 2875770 9698 0 193
cpu 5 263780 0 78621 2871150 7804 0 456
cpu 4 260389 1 79243 2872546 8265 0 115
cpu 7 206685 0 76294 2931003 6921 0 542
cpu 6 254016 0 77230 2882350 8137 0 329
cpu 9 171847 0 53941 2985815 8015 0 378
cpu 8 173048 0 61530 2978490 6581 0 340
mem 1 99033092 96224688 2808404 367296 1841196 124 0 1974264 949156 234388 7320 0 0 176636 2048 0 0
mem 0 97636988 58439188 39197800 699496 37308124 172 0 37511884 5024740 499276 21748 0 0 464040 6144 0 0
net vnet45 0 0 38058 0 0 0 0 0 0 0 0 0 217 0 44085 0 0 0 0 0 0 253 0
net lo 0 0 3962249 0 0 0 0 0 0 0 0 0 31565 0 3962249 0 0 0 0 0 0 31565 0
net vnet44 0 0 138252 0 0 0 0 0 0 0 0 0 627 0 107700 0 0 0 0 0 0 656 0
net eno1 0 161812 40339639233 0 0 382 0 0 0 0 0 0 30366822 0 1231416337 0 0 0 0 0 0 5974590 0
net virbr0 0 844 9964391541 0 0 0 0 0 0 0 0 0 39738222 0 38383487487 0 0 0 0 0 0 23526065 0
numa 1 118776467 18781169 10118603 29535 118732150 18825469
numa 0 117163929 10118603 18781169 29710 117162267 10119871
ps - 501452344 399185 644 548 497 10 796
sysv_shm - 0 0
tmpfs /run/lock 0 6
tmpfs /run 2125824 1105
tmpfs /run/user/20029 0 20
tmpfs /run/qemu 0 1
tmpfs /dev/shm 37615489024 105388
vfs - 133941 5424 184662
vm - 4 25320040 439730479 252317 1617408 263431264 308144022 85277358 6618706 216947305 56866 0 0 0 0 0 1811072 0 311878 5997 0 1618108 94 0 3 0 0

1778477542.643609 0 node0.mimesys-workload.ldos-ut-pg0.wisc.cloudlab.us
block sda 641752 211190 50632660 349429 2701722 17784264 879460959 13058437 0 2414276 13696243
block sdb 494 0 7540 455 4 0 0 0 0 576 456
cpu 11 180218 0 56612 2977194 7319 0 5
cpu 10 206328 2 51663 2957033 9486 0 6
cpu 13 174732 0 52194 2987579 6877 0 5
cpu 12 178990 0 51204 2984641 7634 0 2
cpu 15 174694 2 49726 2990552 6776 0 4
cpu 14 168262 0 51064 2996349 6930 0 5
cpu 17 153266 0 49428 3012381 6997 0 2
cpu 16 163227 0 47760 3006079 5961 0 2
cpu 19 134622 0 36741 3045240 6225 0 1
cpu 18 180615 5 36166 2999783 6499 0 2
cpu 1 244676 0 61880 2901183 8599 0 872
cpu 0 268255 45 47004 2867539 10346 0 1160
cpu 3 264807 0 77374 2869850 7862 0 598
cpu 2 259947 0 74494 2875826 9698 0 193
cpu 5 263812 0 78624 2871217 7804 0 456
cpu 4 260416 1 79244 2872621 8265 0 115
cpu 7 206712 0 76296 2931074 6921 0 542
cpu 6 254060 0 77232 2882407 8137 0 329
cpu 9 171938 0 53942 2985827 8015 0 378
cpu 8 173147 0 61530 2978496 6581 0 340
mem 1 99033092 96222168 2810924 367436 1839700 144 0 1974412 948896 232784 7160 0 0 176756 2048 0 0
mem 0 97636988 58436420 39200568 699564 37307236 204 0 37512052 5024180 498312 21892 0 0 464212 6144 0 0
net vnet45 0 0 38058 0 0 0 0 0 0 0 0 0 217 0 44137 0 0 0 0 0 0 254 0
net lo 0 0 3962806 0 0 0 0 0 0 0 0 0 31569 0 3962806 0 0 0 0 0 0 31569 0
net vnet44 0 0 140120 0 0 0 0 0 0 0 0 0 637 0 108750 0 0 0 0 0 0 666 0
net eno1 0 161812 40339644810 0 0 382 0 0 0 0 0 0 30366908 0 1231416682 0 0 0 0 0 0 5974593 0
net virbr0 0 844 9964393269 0 0 0 0 0 0 0 0 0 39738232 0 38383488485 0 0 0 0 0 0 23526074 0
numa 1 118783392 18781169 10118603 29535 118739075 18825469
numa 0 117169699 10118603 18781169 29710 117168037 10119871
ps - 501462958 399301 644 548 497 10 796
sysv_shm - 0 0
tmpfs /run/lock 0 6
tmpfs /run 2125824 1105
tmpfs /run/user/20029 0 20
tmpfs /run/qemu 0 1
tmpfs /dev/shm 37615489024 105388
vfs - 133940 5384 184716
vm - 4 25320064 439730479 252317 1617408 263443962 308156971 85277424 6618706 216967232 56866 0 0 0 0 0 1811072 0 311878 5997 0 1618108 94 0 3 0 0

1778477543.673041 0 node0.mimesys-workload.ldos-ut-pg0.wisc.cloudlab.us
block sda 641756 211190 50633060 349431 2701811 17784264 879461983 13058453 0 2414304 13696260
block sdb 494 0 7540 455 4 0 0 0 0 576 456
cpu 11 180310 0 56612 2977205 7319 0 5
cpu 10 206424 2 51663 2957039 9486 0 6
cpu 13 174828 0 52194 2987585 6877 0 5
cpu 12 179089 0 51204 2984646 7634 0 2
cpu 15 174694 2 49730 2990652 6776 0 4
cpu 14 168266 0 51069 2996442 6930 0 5
cpu 17 153266 0 49430 3012481 6997 0 2
cpu 16 163228 0 47763 3006178 5961 0 2
cpu 19 134625 0 36744 3045337 6225 0 1
cpu 18 180616 5 36168 2999882 6499 0 2
cpu 1 244703 0 61884 2901252 8599 0 872
cpu 0 268290 45 47012 2867597 10346 0 1160
cpu 3 264856 0 77377 2869900 7862 0 598
cpu 2 259995 0 74498 2875877 9698 0 193
cpu 5 263834 0 78627 2871294 7804 0 456
cpu 4 260448 1 79248 2872688 8265 0 115
cpu 7 206745 0 76299 2931139 6921 0 542
cpu 6 254088 0 77237 2882476 8137 0 329
cpu 9 172025 0 53944 2985839 8015 0 378
cpu 8 173235 0 61530 2978511 6581 0 340
mem 1 99033092 96224944 2808148 368348 1837380 20 0 1974476 948900 231348 6856 0 0 176676 2048 0 0
mem 0 97636988 58432892 39204096 700216 37308508 4 0 37512060 5024180 500200 22232 0 0 464228 6144 0 0
net vnet45 0 0 38058 0 0 0 0 0 0 0 0 0 217 0 44137 0 0 0 0 0 0 254 0
net lo 0 0 3963973 0 0 0 0 0 0 0 0 0 31577 0 3963973 0 0 0 0 0 0 31577 0
net vnet44 0 0 144992 0 0 0 0 0 0 0 0 0 662 0 113438 0 0 0 0 0 0 687 0
net eno1 0 161820 40339651261 0 0 382 0 0 0 0 0 0 30367006 0 1231417128 0 0 0 0 0 0 5974597 0
net virbr0 0 844 9964397791 0 0 0 0 0 0 0 0 0 39738257 0 38383493173 0 0 0 0 0 0 23526095 0
numa 1 118788967 18781169 10118603 29535 118744650 18825469
numa 0 117178556 10118603 18781169 29710 117176894 10119871
ps - 501475136 399423 644 548 497 9 796
sysv_shm - 0 0
tmpfs /run/lock 0 6
tmpfs /run 2125824 1105
tmpfs /run/user/20029 0 20
tmpfs /run/qemu 0 1
tmpfs /dev/shm 37615497216 105388
vfs - 133956 5424 184844
vm - 4 25320264 439730991 252317 1617408 263458391 308171298 85277817 6618706 216990514 56867 0 0 0 0 0 1811072 0 311878 5997 0 1618108 94 0 3 0 0

1778477544.715757 0 node0.mimesys-workload.ldos-ut-pg0.wisc.cloudlab.us
block sda 641763 211190 50633524 349433 2701811 17784264 879461983 13058453 0 2414316 13696262
block sdb 494 0 7540 455 4 0 0 0 0 576 456
cpu 11 180397 0 56613 2977221 7319 0 5
cpu 10 206518 2 51664 2957048 9486 0 6
cpu 13 174921 0 52196 2987596 6877 0 5
cpu 12 179181 0 51205 2984655 7634 0 2
cpu 15 174694 2 49733 2990752 6776 0 4
cpu 14 168268 0 51071 2996543 6930 0 5
cpu 17 153269 0 49432 3012579 6997 0 2
cpu 16 163228 0 47765 3006279 5961 0 2
cpu 19 134626 0 36746 3045438 6225 0 1
cpu 18 180617 5 36172 2999981 6499 0 2
cpu 1 244731 0 61888 2901323 8599 0 873
cpu 0 268324 45 47019 2867660 10346 0 1160
cpu 3 264892 0 77382 2869964 7862 0 598
cpu 2 260027 0 74500 2875943 9698 0 193
cpu 5 263858 0 78632 2871368 7804 0 456
cpu 4 260475 1 79254 2872758 8265 0 115
cpu 7 206768 0 76302 2931213 6921 0 542
cpu 6 254103 0 77241 2882559 8137 0 329
cpu 9 172116 0 53945 2985850 8015 0 378
cpu 8 173330 0 61530 2978519 6581 0 340
mem 1 99033092 96220668 2812424 368656 1838944 112 0 1974516 949052 233148 7080 0 0 176796 2048 0 0
mem 0 97636988 58440836 39196152 700372 37308088 136 0 37512192 5024988 499736 22032 0 0 464196 6144 0 0
net vnet45 0 0 38058 0 0 0 0 0 0 0 0 0 217 0 44189 0 0 0 0 0 0 255 0
net lo 0 0 3965140 0 0 0 0 0 0 0 0 0 31585 0 3965140 0 0 0 0 0 0 31585 0
net vnet44 0 0 148128 0 0 0 0 0 0 0 0 0 679 0 117180 0 0 0 0 0 0 700 0
net eno1 0 161820 40339657832 0 0 382 0 0 0 0 0 0 30367106 0 1231417628 0 0 0 0 0 0 5974602 0
net virbr0 0 844 9964400689 0 0 0 0 0 0 0 0 0 39738274 0 38383496863 0 0 0 0 0 0 23526107 0
numa 1 118796546 18781169 10118603 29535 118752228 18825470
numa 0 117185091 10118603 18781169 29710 117183429 10119871
ps - 501487911 399544 644 548 497 9 789
sysv_shm - 0 0
tmpfs /run/lock 0 6
tmpfs /run 2125824 1105
tmpfs /run/user/20029 0 20
tmpfs /run/qemu 0 1
tmpfs /dev/shm 37615501312 105389
vfs - 133942 5464 184670
vm - 4 25320496 439730991 252317 1617408 263472505 308185126 85277957 6618706 217013097 56867 0 0 0 0 0 1811072 0 311878 5997 0 1618108 94 0 3 0 0

1778477545.749507 0 node0.mimesys-workload.ldos-ut-pg0.wisc.cloudlab.us
block sda 641768 211190 50633988 349436 2701816 17784280 879462151 13058453 0 2414340 13696266
block sdb 494 0 7540 455 4 0 0 0 0 576 456
cpu 11 180488 0 56614 2977233 7319 0 5
cpu 10 206609 2 51664 2957061 9486 0 6
cpu 13 175007 0 52198 2987609 6877 0 5
cpu 12 179276 0 51205 2984663 7634 0 2
cpu 15 174696 2 49736 2990852 6776 0 4
cpu 14 168270 0 51075 2996639 6930 0 5
cpu 17 153270 0 49435 3012680 6997 0 2
cpu 16 163229 0 47767 3006380 5961 0 2
cpu 19 134627 0 36748 3045538 6225 0 1
cpu 18 180618 5 36174 3000080 6499 0 2
cpu 1 244747 0 61890 2901404 8599 0 873
cpu 0 268360 45 47027 2867718 10346 0 1160
cpu 3 264910 0 77384 2870044 7862 0 598
cpu 2 260071 0 74504 2875996 9698 0 193
cpu 5 263891 0 78636 2871432 7804 0 456
cpu 4 260499 1 79256 2872833 8265 0 115
cpu 7 206800 0 76307 2931277 6921 0 542
cpu 6 254133 0 77245 2882630 8137 0 329
cpu 9 172208 0 53946 2985859 8015 0 378
cpu 8 173432 0 61530 2978521 6581 0 340
mem 1 99033092 96218160 2814932 368736 1837776 144 0 1974520 949004 232040 7052 0 0 176708 2048 0 0
mem 0 97636988 58438316 39198672 700444 37307288 180 0 37512268 5024244 498956 22028 0 0 464132 6144 0 0
net vnet45 0 0 38058 0 0 0 0 0 0 0 0 0 217 0 44189 0 0 0 0 0 0 255 0
net lo 0 0 3965697 0 0 0 0 0 0 0 0 0 31589 0 3965697 0 0 0 0 0 0 31589 0
net vnet44 0 0 149996 0 0 0 0 0 0 0 0 0 689 0 118178 0 0 0 0 0 0 709 0
net eno1 0 161828 40339663709 0 0 382 0 0 0 0 0 0 30367196 0 1231417973 0 0 0 0 0 0 5974605 0
net virbr0 0 844 9964402417 0 0 0 0 0 0 0 0 0 39738284 0 38383497861 0 0 0 0 0 0 23526116 0
numa 1 118802523 18781169 10118603 29535 118758205 18825470
numa 0 117191773 10118603 18781169 29710 117190111 10119871
ps - 501501680 399660 664 554 499 11 789
sysv_shm - 0 0
tmpfs /run/lock 0 6
tmpfs /run 2125824 1105
tmpfs /run/user/20029 0 20
tmpfs /run/qemu 0 1
tmpfs /dev/shm 37615501312 105389
vfs - 133941 5384 184676
vm - 4 25320728 439731075 252317 1617408 263485164 308198144 85277978 6618706 217032956 56868 0 0 0 0 0 1811072 0 311878 5997 0 1618108 94 0 3 0 0

1778477546.789260 0 node0.mimesys-workload.ldos-ut-pg0.wisc.cloudlab.us
block sda 641770 211190 50634172 349437 2701826 17784281 879462351 13058456 0 2414360 13696270
block sdb 494 0 7540 455 4 0 0 0 0 576 456
cpu 11 180572 0 56615 2977251 7319 0 5
cpu 10 206690 2 51669 2957081 9486 0 6
cpu 13 175095 0 52200 2987622 6877 0 5
cpu 12 179364 0 51207 2984676 7634 0 2
cpu 15 174696 2 49738 2990952 6776 0 4
cpu 14 168272 0 51080 2996735 6930 0 5
cpu 17 153274 0 49439 3012774 6997 0 2
cpu 16 163233 0 47769 3006479 5961 0 2
cpu 19 134628 0 36752 3045638 6225 0 1
cpu 18 180620 5 36177 3000180 6499 0 2
cpu 1 244780 0 61893 2901473 8599 0 873
cpu 0 268389 45 47030 2867789 10346 0 1160
cpu 3 264941 0 77388 2870111 7862 0 598
cpu 2 260133 0 74508 2876035 9698 0 193
cpu 5 263927 0 78638 2871498 7804 0 456
cpu 4 260533 1 79258 2872899 8265 0 115
cpu 7 206828 0 76309 2931352 6921 0 542
cpu 6 254153 0 77247 2882710 8137 0 329
cpu 9 172290 0 53948 2985881 8015 0 378
cpu 8 173522 0 61532 2978532 6581 0 340
mem 1 99033092 96209844 2823248 368768 1844596 164 0 1978592 953120 234872 7188 0 0 176908 2048 0 0
mem 0 97636988 58419304 39217684 700452 37340012 204 0 37545928 5058612 498136 22044 0 0 464228 6144 0 0
net vnet45 0 0 38058 0 0 0 0 0 0 0 0 0 217 0 44241 0 0 0 0 0 0 256 0
net lo 0 0 3966864 0 0 0 0 0 0 0 0 0 31597 0 3966864 0 0 0 0 0 0 31597 0
net vnet44 0 0 153776 0 0 0 0 0 0 0 0 0 704 0 121920 0 0 0 0 0 0 722 0
net eno1 0 161834 40339669200 0 0 382 0 0 0 0 0 0 30367278 0 1231418419 0 0 0 0 0 0 5974609 0
net virbr0 0 844 9964405987 0 0 0 0 0 0 0 0 0 39738299 0 38383501551 0 0 0 0 0 0 23526128 0
numa 1 118813683 18781169 10118603 29535 118769365 18825470
numa 0 117205107 10118603 18781169 29710 117203445 10119871
ps - 501512753 399785 664 554 499 8 789
sysv_shm - 0 0
tmpfs /run/lock 0 6
tmpfs /run 2125824 1105
tmpfs /run/user/20029 0 20
tmpfs /run/qemu 0 1
tmpfs /dev/shm 37615501312 105389
vfs - 133959 5344 184822
vm - 4 25320820 439731175 252317 1617408 263509680 308212571 85277999 6618706 217065614 56868 0 0 0 0 0 1811072 0 311878 5997 0 1618108 94 0 3 0 0

1778477547.831708 0 node0.mimesys-workload.ldos-ut-pg0.wisc.cloudlab.us
block sda 641770 211190 50634172 349437 2701826 17784281 879462351 13058456 0 2414360 13696270
block sdb 494 0 7540 455 4 0 0 0 0 576 456
cpu 11 180636 0 56619 2977285 7319 0 5
cpu 10 206774 2 51669 2957099 9486 0 6
cpu 13 175161 0 52200 2987655 6877 0 5
cpu 12 179434 0 51210 2984705 7634 0 2
cpu 15 174697 2 49741 2991053 6776 0 4
cpu 14 168272 0 51082 2996836 6930 0 5
cpu 17 153276 0 49442 3012873 6997 0 2
cpu 16 163234 0 47770 3006580 5961 0 2
cpu 19 134629 0 36753 3045740 6225 0 1
cpu 18 180622 5 36178 3000281 6499 0 2
cpu 1 244794 0 61893 2901561 8599 0 873
cpu 0 268395 45 47032 2867882 10346 0 1160
cpu 3 264974 0 77393 2870177 7862 0 598
cpu 2 260158 0 74511 2876111 9698 0 193
cpu 5 263950 0 78641 2871576 7804 0 456
cpu 4 260557 1 79261 2872975 8265 0 115
cpu 7 206904 0 76315 2931375 6921 0 542
cpu 6 254165 0 77250 2882800 8137 0 329
cpu 9 172358 0 53950 2985912 8015 0 378
cpu 8 173606 0 61534 2978549 6581 0 340
mem 1 99033092 96205840 2827252 368784 1843284 184 0 1978716 953196 233464 7276 0 0 176804 2048 0 0
mem 0 97636988 58334136 39302852 700504 37421816 208 0 37627740 5139652 498112 22144 0 0 464172 6144 0 0
net vnet45 0 0 38058 0 0 0 0 0 0 0 0 0 217 0 44241 0 0 0 0 0 0 256 0
net lo 0 0 3967421 0 0 0 0 0 0 0 0 0 31601 0 3967421 0 0 0 0 0 0 31601 0
net vnet44 0 0 154868 0 0 0 0 0 0 0 0 0 714 0 122918 0 0 0 0 0 0 731 0
net eno1 0 161834 40339674357 0 0 382 0 0 0 0 0 0 30367356 0 1231418764 0 0 0 0 0 0 5974612 0
net virbr0 0 844 9964406939 0 0 0 0 0 0 0 0 0 39738309 0 38383502549 0 0 0 0 0 0 23526137 0
numa 1 118820606 18781169 10118603 29535 118776288 18825470
numa 0 117231320 10118603 18781169 29710 117229658 10119871
ps - 501520662 399901 664 554 499 7 789
sysv_shm - 0 0
tmpfs /run/lock 0 6
tmpfs /run 2125824 1105
tmpfs /run/user/20029 0 20
tmpfs /run/qemu 0 1
tmpfs /dev/shm 37615501312 105389
vfs - 133940 5384 184668
vm - 4 25320820 439731175 252317 1617408 263542813 308225549 85278011 6618706 217105815 56868 0 0 0 0 0 1811072 0 311878 5997 0 1618108 94 0 3 0 0

1778477548.869325 0 node0.mimesys-workload.ldos-ut-pg0.wisc.cloudlab.us
block sda 641771 211190 50634244 349437 2701912 17784281 879463367 13058469 0 2414372 13696284
block sdb 494 0 7540 455 4 0 0 0 0 576 456
cpu 11 180727 0 56620 2977299 7319 0 5
cpu 10 206864 2 51671 2957111 9486 0 6
cpu 13 175258 0 52201 2987661 6877 0 5
cpu 12 179527 0 51210 2984717 7634 0 2
cpu 15 174698 2 49742 2991154 6776 0 4
cpu 14 168274 0 51087 2996933 6930 0 5
cpu 17 153277 0 49444 3012973 6997 0 2
cpu 16 163235 0 47773 3006680 5961 0 2
cpu 19 134631 0 36754 3045840 6225 0 1
cpu 18 180624 5 36182 3000379 6499 0 2
cpu 1 244820 0 61895 2901637 8599 0 874
cpu 0 268412 45 47036 2867963 10347 0 1160
cpu 3 265004 0 77396 2870245 7862 0 598
cpu 2 260172 0 74513 2876197 9698 0 193
cpu 5 263968 0 78644 2871656 7804 0 456
cpu 4 260598 1 79266 2873032 8265 0 115
cpu 7 206972 0 76320 2931404 6921 0 542
cpu 6 254178 0 77253 2882886 8137 0 329
cpu 9 172447 0 53950 2985924 8015 0 378
cpu 8 173696 0 61535 2978563 6581 0 340
mem 1 99033092 96203828 2829264 368792 1842528 44 0 1978788 953232 232632 7216 0 0 176796 2048 0 0
mem 0 97636988 58258668 39378320 700492 37504680 44 0 37709864 5221772 498888 22308 0 0 464244 6144 0 0
net vnet45 0 0 38058 0 0 0 0 0 0 0 0 0 217 0 44293 0 0 0 0 0 0 257 0
net lo 0 0 3968588 0 0 0 0 0 0 0 0 0 31609 0 3968588 0 0 0 0 0 0 31609 0
net vnet44 0 0 159872 0 0 0 0 0 0 0 0 0 741 0 127658 0 0 0 0 0 0 753 0
net eno1 0 161843 40339681228 0 0 382 0 0 0 0 0 0 30367461 0 1231419210 0 0 0 0 0 0 5974616 0
net virbr0 0 844 9964411565 0 0 0 0 0 0 0 0 0 39738336 0 38383507237 0 0 0 0 0 0 23526158 0
numa 1 118828749 18781169 10118603 29535 118784431 18825470
numa 0 117258184 10118603 18781169 29710 117256522 10119871
ps - 501528891 400024 664 554 499 7 789
sysv_shm - 0 0
tmpfs /run/lock 0 6
tmpfs /run 2125824 1105
tmpfs /run/user/20029 0 20
tmpfs /run/qemu 0 1
tmpfs /dev/shm 37615501312 105389
vfs - 133940 5384 184668
vm - 4 25320856 439731683 252317 1617408 263577810 308239970 85278017 6618706 217148893 56869 0 0 0 0 0 1811072 0 311878 5997 0 1618108 94 0 3 0 0

1778477549.903894 0 node0.mimesys-workload.ldos-ut-pg0.wisc.cloudlab.us
block sda 641777 211190 50634546 349439 2701912 17784281 879463367 13058469 0 2414380 13696286
block sdb 494 0 7540 455 4 0 0 0 0 576 456
cpu 11 180817 0 56620 2977311 7319 0 5
cpu 10 206947 2 51673 2957126 9486 0 6
cpu 13 175352 0 52202 2987671 6877 0 5
cpu 12 179614 0 51213 2984730 7634 0 2
cpu 15 174700 2 49743 2991255 6776 0 4
cpu 14 168276 0 51092 2997030 6930 0 5
cpu 17 153278 0 49448 3013072 6997 0 2
cpu 16 163237 0 47775 3006780 5961 0 2
cpu 19 134631 0 36757 3045940 6225 0 1
cpu 18 180626 5 36184 3000479 6499 0 2
cpu 1 244867 0 61903 2901684 8599 0 874
cpu 0 268439 45 47043 2868032 10347 0 1160
cpu 3 265019 0 77399 2870325 7862 0 598
cpu 2 260195 0 74516 2876272 9698 0 193
cpu 5 264004 0 78646 2871719 7804 0 456
cpu 4 260618 1 79268 2873111 8265 0 115
cpu 7 206999 0 76326 2931475 6921 0 542
cpu 6 254197 0 77255 2882967 8137 0 329
cpu 9 172536 0 53951 2985937 8015 0 378
cpu 8 173794 0 61535 2978567 6581 0 340
mem 1 99033092 96216116 2816976 368804 1842768 132 0 1978820 953200 232840 7292 0 0 176788 2048 0 0
mem 0 97636988 58231964 39405024 700560 37528008 176 0 37732380 5244688 499320 22228 0 0 464276 6144 0 0
net vnet45 0 0 38058 0 0 0 0 0 0 0 0 0 217 0 44293 0 0 0 0 0 0 257 0
net lo 0 0 3969755 0 0 0 0 0 0 0 0 0 31617 0 3969755 0 0 0 0 0 0 31617 0
net vnet44 0 0 162810 0 0 0 0 0 0 0 0 0 755 0 131348 0 0 0 0 0 0 765 0
net eno1 0 161843 40339687739 0 0 382 0 0 0 0 0 0 30367560 0 1231419656 0 0 0 0 0 0 5974620 0
net virbr0 0 844 9964414307 0 0 0 0 0 0 0 0 0 39738350 0 38383510927 0 0 0 0 0 0 23526170 0
numa 1 118836853 18781169 10118603 29535 118792535 18825470
numa 0 117270149 10118603 18781169 29710 117268487 10119871
ps - 501543800 400145 664 554 499 9 789
sysv_shm - 0 0
tmpfs /run/lock 0 6
tmpfs /run 2125824 1105
tmpfs /run/user/20029 0 20
tmpfs /run/qemu 0 1
tmpfs /dev/shm 37615546368 105396
vfs - 133966 5424 184816
vm - 4 25321007 439731683 252317 1617408 263597889 308253856 85278040 6618706 217176986 56869 0 0 0 0 0 1811072 0 311878 5997 0 1618108 94 0 3 0 0

1778477550.941669 0 node0.mimesys-workload.ldos-ut-pg0.wisc.cloudlab.us
block sda 641777 211190 50634546 349439 2701919 17784299 879463567 13058470 0 2414388 13696287
block sdb 494 0 7540 455 4 0 0 0 0 576 456
cpu 11 180899 0 56622 2977332 7319 0 5
cpu 10 207038 2 51675 2957138 9486 0 6
cpu 13 175446 0 52202 2987679 6877 0 5
cpu 12 179707 0 51213 2984739 7634 0 2
cpu 15 174702 2 49744 2991355 6776 0 4
cpu 14 168277 0 51094 2997130 6930 0 5
cpu 17 153280 0 49449 3013172 6997 0 2
cpu 16 163237 0 47777 3006881 5961 0 2
cpu 19 134632 0 36759 3046041 6225 0 1
cpu 18 180628 5 36186 3000580 6499 0 2
cpu 1 244898 0 61906 2901750 8599 0 874
cpu 0 268473 45 47045 2868098 10347 0 1160
cpu 3 265053 0 77404 2870389 7862 0 598
cpu 2 260226 0 74519 2876339 9698 0 193
cpu 5 264045 0 78650 2871777 7804 0 456
cpu 4 260695 1 79284 2873120 8265 0 115
cpu 7 207041 0 76326 2931537 6921 0 542
cpu 6 254216 0 77259 2883047 8137 0 329
cpu 9 172624 0 53952 2985951 8015 0 378
cpu 8 173882 0 61535 2978583 6581 0 340
mem 1 99033092 96212872 2820220 368772 1842032 144 0 1978824 953264 232072 7104 0 0 176916 2048 0 0
mem 0 97636988 58167336 39469652 700624 37603976 188 0 37808668 5320532 499448 22696 0 0 464204 6144 0 0
net vnet45 0 0 38058 0 0 0 0 0 0 0 0 0 217 0 44345 0 0 0 0 0 0 258 0
net lo 0 0 3970312 0 0 0 0 0 0 0 0 0 31621 0 3970312 0 0 0 0 0 0 31621 0
net vnet44 0 0 164744 0 0 0 0 0 0 0 0 0 766 0 132398 0 0 0 0 0 0 775 0
net eno1 0 161855 40339694593 0 0 382 0 0 0 0 0 0 30367661 0 1231420001 0 0 0 0 0 0 5974623 0
net virbr0 0 844 9964416087 0 0 0 0 0 0 0 0 0 39738361 0 38383511925 0 0 0 0 0 0 23526179 0
numa 1 118844266 18781169 10118603 29535 118799948 18825470
numa 0 117294585 10118603 18781169 29710 117292923 10119871
ps - 501555776 400261 667 557 501 7 788
sysv_shm - 0 0
tmpfs /run/lock 0 6
tmpfs /run 2125824 1105
tmpfs /run/user/20029 0 20
tmpfs /run/qemu 0 1
tmpfs /dev/shm 37615550464 105396
vfs - 133947 5704 184672
vm - 4 25321007 439731783 252317 1617408 263629745 308266811 85278046 6618706 217215927 56869 0 0 0 0 0 1811072 0 311878 5997 0 1618108 94 0 3 0 0

1778477551.978079 0 node0.mimesys-workload.ldos-ut-pg0.wisc.cloudlab.us
block sda 641777 211190 50634546 349439 2701923 17784299 879463607 13058472 0 2414396 13696290
block sdb 494 0 7540 455 4 0 0 0 0 576 456
cpu 11 180972 0 56623 2977357 7319 0 5
cpu 10 207124 2 51676 2957157 9486 0 6
cpu 13 175530 0 52204 2987700 6877 0 5
cpu 12 179784 0 51214 2984762 7634 0 2
cpu 15 174704 2 49746 2991455 6776 0 4
cpu 14 168280 0 51102 2997223 6930 0 5
cpu 17 153284 0 49452 3013269 6997 0 2
cpu 16 163238 0 47780 3006981 5961 0 2
cpu 19 134634 0 36760 3046141 6225 0 1
cpu 18 180628 5 36188 3000679 6499 0 2
cpu 1 244937 0 61908 2901811 8599 0 874
cpu 0 268507 45 47046 2868163 10347 0 1160
cpu 3 265079 0 77405 2870463 7862 0 598
cpu 2 260274 0 74522 2876391 9698 0 193
cpu 5 264081 0 78653 2871840 7804 0 456
cpu 4 260736 1 79288 2873179 8265 0 115
cpu 7 207080 0 76330 2931598 6921 0 542
cpu 6 254291 0 77262 2883072 8137 0 329
cpu 9 172697 0 53953 2985981 8015 0 378
cpu 8 173955 0 61539 2978609 6581 0 340
mem 1 99033092 96207080 2826012 368772 1843832 168 0 1978824 953192 234288 7024 0 0 176844 2048 0 0
mem 0 97636988 58131560 39505428 700648 37636624 212 0 37842440 5354852 498496 22792 0 0 463948 6144 0 0
net vnet45 0 0 38058 0 0 0 0 0 0 0 0 0 217 0 44345 0 0 0 0 0 0 258 0
net lo 0 0 3971479 0 0 0 0 0 0 0 0 0 31629 0 3971479 0 0 0 0 0 0 31629 0
net vnet44 0 0 169248 0 0 0 0 0 0 0 0 0 787 0 136890 0 0 0 0 0 0 793 0
net eno1 0 161855 40339700984 0 0 382 0 0 0 0 0 0 30367758 0 1231420447 0 0 0 0 0 0 5974627 0
net virbr0 0 844 9964420297 0 0 0 0 0 0 0 0 0 39738382 0 38383516417 0 0 0 0 0 0 23526197 0
numa 1 118852988 18781169 10118603 29535 118808670 18825470
numa 0 117308542 10118603 18781169 29710 117306880 10119871
ps - 501567078 400382 667 557 501 10 748
sysv_shm - 0 0
tmpfs /run/lock 0 6
tmpfs /run 2125824 1105
tmpfs /run/user/20029 0 20
tmpfs /run/qemu 0 1
tmpfs /dev/shm 37615554560 105396
vfs - 133949 5704 184434
vm - 4 25321007 439731803 252317 1617408 263652398 308280888 85278050 6618706 217246676 56869 0 0 0 0 0 1811072 0 311878 5997 0 1618108 94 0 3 0 0

1778477553.005832 0 node0.mimesys-workload.ldos-ut-pg0.wisc.cloudlab.us
block sda 641777 211190 50634546 349439 2701927 17784299 879463631 13058473 0 2414400 13696290
block sdb 494 0 7540 455 4 0 0 0 0 576 456
cpu 11 181049 0 56624 2977381 7319 0 5
cpu 10 207198 2 51677 2957181 9486 0 6
cpu 13 175606 0 52206 2987725 6877 0 5
cpu 12 179859 0 51215 2984787 7634 0 2
cpu 15 174704 2 49748 2991555 6776 0 4
cpu 14 168282 0 51105 2997319 6930 0 5
cpu 17 153284 0 49454 3013369 6997 0 2
cpu 16 163240 0 47781 3007082 5961 0 2
cpu 19 134635 0 36762 3046241 6225 0 1
cpu 18 180629 5 36190 3000780 6499 0 2
cpu 1 244967 0 61910 2901879 8599 0 874
cpu 0 268542 45 47049 2868226 10347 0 1160
cpu 3 265132 0 77410 2870507 7862 0 598
cpu 2 260292 0 74524 2876471 9698 0 193
cpu 5 264107 0 78656 2871912 7804 0 456
cpu 4 260750 1 79290 2873264 8265 0 115
cpu 7 207118 0 76334 2931658 6921 0 542
cpu 6 254349 0 77270 2883106 8137 0 329
cpu 9 172772 0 53954 2986005 8015 0 378
cpu 8 174025 0 61542 2978635 6581 0 340
mem 1 99033092 96205320 2827772 368788 1841376 196 0 1978828 953292 231448 6764 0 0 176608 2048 0 0
mem 0 97636988 58055460 39581528 700672 37709604 220 0 37913980 5425828 500004 23180 0 0 463892 6144 0 0
net vnet45 0 0 38058 0 0 0 0 0 0 0 0 0 217 0 44467 0 0 0 0 0 0 260 0
net lo 0 0 3972036 0 0 0 0 0 0 0 0 0 31633 0 3972036 0 0 0 0 0 0 31633 0
net vnet44 0 0 169746 0 0 0 0 0 0 0 0 0 792 0 137368 0 0 0 0 0 0 799 0
net eno1 0 161862 40339707302 0 0 382 0 0 0 0 0 0 30367850 0 1231420792 0 0 0 0 0 0 5974630 0
net virbr0 0 844 9964420725 0 0 0 0 0 0 0 0 0 39738387 0 38383516843 0 0 0 0 0 0 23526202 0
numa 1 118858279 18781169 10118603 29535 118813961 18825470
numa 0 117333596 10118603 18781169 29710 117331934 10119871
ps - 501577079 400498 667 557 501 7 743
sysv_shm - 0 0
tmpfs /run/lock 0 6
tmpfs /run 2125824 1105
tmpfs /run/user/20029 0 20
tmpfs /run/qemu 0 1
tmpfs /dev/shm 37615554560 105396
vfs - 133964 5664 184538
vm - 4 25321007 439731815 252317 1617408 263682744 308293917 85278064 6618706 217284108 56869 0 0 0 0 0 1811072 0 311878 5997 0 1618108 94 0 3 0 0

1778477554.041127 0 node0.mimesys-workload.ldos-ut-pg0.wisc.cloudlab.us
block sda 641777 211190 50634546 349439 2701931 17784299 879464071 13058474 0 2414404 13696291
block sdb 494 0 7540 455 4 0 0 0 0 576 456
cpu 11 181116 0 56626 2977411 7319 0 5
cpu 10 207276 2 51678 2957204 9486 0 6
cpu 13 175678 0 52207 2987751 6877 0 5
cpu 12 179941 0 51218 2984808 7634 0 2
cpu 15 174706 2 49751 2991655 6776 0 4
cpu 14 168283 0 51107 2997420 6930 0 5
cpu 17 153289 0 49457 3013464 6997 0 2
cpu 16 163241 0 47784 3007182 5961 0 2
cpu 19 134636 0 36764 3046342 6225 0 1
cpu 18 180630 5 36193 3000880 6499 0 2
cpu 1 245000 0 61912 2901947 8599 0 874
cpu 0 268607 45 47050 2868261 10347 0 1160
cpu 3 265224 0 77413 2870515 7862 0 598
cpu 2 260339 0 74527 2876525 9698 0 193
cpu 5 264136 0 78658 2871980 7804 0 456
cpu 4 260785 1 79293 2873329 8265 0 115
cpu 7 207144 0 76337 2931731 6921 0 542
cpu 6 254399 0 77273 2883156 8137 0 329
cpu 9 172849 0 53957 2986029 8015 0 378
cpu 8 174097 0 61544 2978662 6581 0 340
mem 1 99033092 96186676 2846416 368836 1857496 208 0 1994100 968284 232692 6880 0 0 176552 2048 0 0
mem 0 97636988 57978856 39658132 700692 37782004 260 0 37986628 5498720 499320 23232 0 0 463964 6144 0 0
net vnet45 0 0 38058 0 0 0 0 0 0 0 0 0 217 0 44467 0 0 0 0 0 0 260 0
net lo 0 0 3973203 0 0 0 0 0 0 0 0 0 31641 0 3973203 0 0 0 0 0 0 31641 0
net vnet44 0 0 174552 0 0 0 0 0 0 0 0 0 816 0 142056 0 0 0 0 0 0 820 0
net eno1 0 161862 40339713849 0 0 382 0 0 0 0 0 0 30367949 0 1231421460 0 0 0 0 0 0 5974637 0
net virbr0 0 844 9964425195 0 0 0 0 0 0 0 0 0 39738411 0 38383521531 0 0 0 0 0 0 23526223 0
numa 1 118869976 18781169 10118603 29535 118825658 18825470
numa 0 117358444 10118603 18781169 29710 117356782 10119871
ps - 501588849 400620 667 557 501 9 738
sysv_shm - 0 0
tmpfs /run/lock 0 6
tmpfs /run 2125824 1105
tmpfs /run/user/20029 0 20
tmpfs /run/qemu 0 1
tmpfs /dev/shm 37615554560 105396
vfs - 133946 5664 184371
vm - 4 25321007 439732035 252317 1617408 263719301 308308284 85278086 6618706 217328848 56869 0 0 0 0 0 1811072 0 311878 5997 0 1618108 94 0 3 0 0

1778477555.082212 0 node0.mimesys-workload.ldos-ut-pg0.wisc.cloudlab.us
block sda 641779 211190 50634562 349440 2702020 17784299 879464855 13058487 0 2414412 13696305
block sdb 494 0 7540 455 4 0 0 0 0 576 456
cpu 11 181192 0 56628 2977438 7319 0 5
cpu 10 207348 2 51682 2957230 9486 0 6
cpu 13 175750 0 52210 2987778 6877 0 5
cpu 12 180016 0 51219 2984835 7634 0 2
cpu 15 174707 2 49755 2991753 6776 0 4
cpu 14 168284 0 51112 2997516 6930 0 5
cpu 17 153290 0 49460 3013564 6997 0 2
cpu 16 163245 0 47787 3007278 5961 0 2
cpu 19 134638 0 36766 3046442 6225 0 1
cpu 18 180632 5 36194 3000980 6499 0 2
cpu 1 245048 0 61915 2902002 8599 0 875
cpu 0 268676 45 47052 2868294 10347 0 1160
cpu 3 265266 0 77416 2870572 7862 0 598
cpu 2 260384 0 74534 2876577 9698 0 193
cpu 5 264207 0 78662 2872009 7804 0 456
cpu 4 260837 1 79299 2873375 8266 0 115
cpu 7 207191 0 76339 2931785 6921 0 542
cpu 6 254450 0 77277 2883207 8137 0 329
cpu 9 172918 0 53960 2986058 8015 0 378
cpu 8 174172 0 61545 2978689 6581 0 340
mem 1 99033092 96183400 2849692 368876 1860292 144 0 1994124 968792 235084 7216 0 0 176496 2048 0 0
mem 0 97636988 57899732 39737256 700668 37856648 148 0 38063120 5575640 497868 23068 0 0 463836 6144 0 0
net vnet45 0 0 38058 0 0 0 0 0 0 0 0 0 217 0 44519 0 0 0 0 0 0 261 0
net lo 0 0 3974370 0 0 0 0 0 0 0 0 0 31649 0 3974370 0 0 0 0 0 0 31649 0
net vnet44 0 0 177580 0 0 0 0 0 0 0 0 0 831 0 145888 0 0 0 0 0 0 834 0
net eno1 0 161870 40339720930 0 0 382 0 0 0 0 0 0 30368057 0 1231421996 0 0 0 0 0 0 5974642 0
net virbr0 0 844 9964428013 0 0 0 0 0 0 0 0 0 39738426 0 38383525311 0 0 0 0 0 0 23526236 0
numa 1 118878814 18781169 10118603 29535 118834496 18825470
numa 0 117382881 10118603 18781169 29710 117381219 10119871
ps - 501602042 400741 667 557 501 9 738
sysv_shm - 0 0
tmpfs /run/lock 0 6
tmpfs /run 2125824 1105
tmpfs /run/user/20029 0 20
tmpfs /run/qemu 0 1
tmpfs /dev/shm 37615554560 105396
vfs - 133948 5704 184373
vm - 4 25321015 439732427 252317 1617408 263752573 308322113 85278101 6618706 217370229 56869 0 0 0 0 0 1811072 0 311878 5997 0 1618108 94 0 3 0 0

1778477556.123992 0 node0.mimesys-workload.ldos-ut-pg0.wisc.cloudlab.us
block sda 641780 211190 50634610 349440 2702027 17784314 879465031 13058488 0 2414424 13696307
block sdb 494 0 7540 455 4 0 0 0 0 576 456
cpu 11 181267 0 56629 2977466 7319 0 5
cpu 10 207423 2 51684 2957254 9486 0 6
cpu 13 175826 0 52211 2987804 6877 0 5
cpu 12 180098 0 51221 2984858 7634 0 2
cpu 15 174709 2 49756 2991855 6776 0 4
cpu 14 168286 0 51116 2997613 6930 0 5
cpu 17 153290 0 49463 3013666 6997 0 2
cpu 16 163245 0 47790 3007379 5961 0 2
cpu 19 134638 0 36768 3046542 6225 0 1
cpu 18 180632 5 36196 3001081 6499 0 2
cpu 1 245101 0 61916 2902051 8599 0 875
cpu 0 268724 45 47057 2868343 10347 0 1160
cpu 3 265287 0 77420 2870649 7862 0 598
cpu 2 260402 0 74536 2876658 9698 0 193
cpu 5 264234 0 78666 2872082 7804 0 456
cpu 4 260882 1 79301 2873432 8266 0 115
cpu 7 207214 0 76344 2931861 6921 0 542
cpu 6 254530 0 77278 2883230 8137 0 329
cpu 9 172996 0 53962 2986080 8015 0 378
cpu 8 174244 0 61547 2978717 6581 0 340
mem 1 99033092 96181160 2851932 368864 1857460 168 0 1994172 968656 232216 6996 0 0 176608 2048 0 0
mem 0 97636988 57881972 39755016 700724 37885140 164 0 38090780 5603064 498816 23524 0 0 463772 6144 0 0
net vnet45 0 0 38058 0 0 0 0 0 0 0 0 0 217 0 44519 0 0 0 0 0 0 261 0
net lo 0 0 3974927 0 0 0 0 0 0 0 0 0 31653 0 3974927 0 0 0 0 0 0 31653 0
net vnet44 0 0 179448 0 0 0 0 0 0 0 0 0 841 0 146886 0 0 0 0 0 0 843 0
net eno1 0 161870 40339727047 0 0 382 0 0 0 0 0 0 30368151 0 1231422341 0 0 0 0 0 0 5974645 0
net virbr0 0 844 9964429741 0 0 0 0 0 0 0 0 0 39738436 0 38383526309 0 0 0 0 0 0 23526245 0
numa 1 118885959 18781169 10118603 29535 118841641 18825470
numa 0 117395174 10118603 18781169 29710 117393512 10119871
ps - 501614746 400857 670 559 502 8 738
sysv_shm - 0 0
tmpfs /run/lock 0 6
tmpfs /run 2125824 1105
tmpfs /run/user/20029 0 20
tmpfs /run/qemu 0 1
tmpfs /dev/shm 37615611904 105403
vfs - 133969 5664 184509
vm - 4 25321039 439732515 252317 1617408 263772002 308335098 85278108 6618706 217396793 56869 0 0 0 0 0 1811072 0 311878 5997 0 1618108 94 0 3 0 0

1778477557.162073 0 node0.mimesys-workload.ldos-ut-pg0.wisc.cloudlab.us
block sda 641780 211190 50634610 349440 2702029 17784314 879465055 13058489 0 2414428 13696308
block sdb 494 0 7540 455 4 0 0 0 0 576 456
cpu 11 181347 0 56631 2977487 7319 0 5
cpu 10 207503 2 51687 2957276 9486 0 6
cpu 13 175908 0 52212 2987824 6877 0 5
cpu 12 180169 0 51223 2984888 7634 0 2
cpu 15 174710 2 49760 2991954 6776 0 4
cpu 14 168288 0 51118 2997713 6930 0 5
cpu 17 153291 0 49466 3013766 6997 0 2
cpu 16 163248 0 47794 3007476 5961 0 2
cpu 19 134640 0 36770 3046643 6225 0 1
cpu 18 180633 5 36199 3001181 6499 0 2
cpu 1 245144 0 61919 2902108 8599 0 875
cpu 0 268738 45 47062 2868426 10347 0 1160
cpu 3 265317 0 77423 2870719 7862 0 598
cpu 2 260456 0 74540 2876704 9698 0 193
cpu 5 264268 0 78670 2872149 7804 0 456
cpu 4 260963 1 79316 2873438 8266 0 115
cpu 7 207228 0 76350 2931945 6921 0 542
cpu 6 254570 0 77280 2883292 8137 0 329
cpu 9 173068 0 53964 2986108 8015 0 378
cpu 8 174322 0 61547 2978744 6581 0 340
mem 1 99033092 96177388 2855704 368884 1859336 164 0 1994288 968488 234020 6856 0 0 176600 2048 0 0
mem 0 97636988 57799040 39837948 700720 37976784 180 0 38183164 5695444 498052 23564 0 0 463684 6144 0 0
net vnet45 0 0 38058 0 0 0 0 0 0 0 0 0 217 0 44571 0 0 0 0 0 0 262 0
net lo 0 0 3976094 0 0 0 0 0 0 0 0 0 31661 0 3976094 0 0 0 0 0 0 31661 0
net vnet44 0 0 182226 0 0 0 0 0 0 0 0 0 853 0 149732 0 0 0 0 0 0 854 0
net eno1 0 161877 40339734158 0 0 382 0 0 0 0 0 0 30368260 0 1231422787 0 0 0 0 0 0 5974649 0
net virbr0 0 844 9964432351 0 0 0 0 0 0 0 0 0 39738448 0 38383529103 0 0 0 0 0 0 23526255 0
numa 1 118895824 18781169 10118603 29535 118851506 18825470
numa 0 117423854 10118603 18781169 29710 117422192 10119871
ps - 501628609 400982 670 559 502 5 737
sysv_shm - 0 0
tmpfs /run/lock 0 6
tmpfs /run 2125824 1105
tmpfs /run/user/20029 0 20
tmpfs /run/qemu 0 1
tmpfs /dev/shm 37615611904 105403
vfs - 133954 5864 184369
vm - 4 25321039 439732547 252317 1617408 263810609 308349505 85278112 6618706 217443751 56869 0 0 0 0 0 1811072 0 311878 5997 0 1618108 94 0 3 0 0

1778477558.203357 0 node0.mimesys-workload.ldos-ut-pg0.wisc.cloudlab.us
block sda 641780 211190 50634610 349440 2702038 17784314 879465375 13058494 0 2414440 13696312
block sdb 494 0 7540 455 4 0 0 0 0 576 456
cpu 11 181406 0 56634 2977527 7319 0 5
cpu 10 207580 2 51689 2957304 9486 0 6
cpu 13 175964 0 52214 2987869 6877 0 5
cpu 12 180238 0 51225 2984921 7634 0 2
cpu 15 174712 2 49762 2992054 6776 0 4
cpu 14 168292 0 51123 2997809 6930 0 5
cpu 17 153292 0 49468 3013867 6997 0 2
cpu 16 163249 0 47796 3007577 5961 0 2
cpu 19 134640 0 36773 3046744 6225 0 1
cpu 18 180636 5 36201 3001279 6499 0 2
cpu 1 245189 0 61920 2902163 8599 0 875
cpu 0 268762 45 47065 2868500 10347 0 1160
cpu 3 265389 0 77426 2870749 7862 0 598
cpu 2 260493 0 74542 2876769 9698 0 193
cpu 5 264310 0 78671 2872207 7804 0 456
cpu 4 261001 1 79318 2873499 8266 0 115
cpu 7 207271 0 76351 2932003 6921 0 542
cpu 6 254661 0 77282 2883303 8137 0 329
cpu 9 173140 0 53964 2986136 8015 0 378
cpu 8 174374 0 61550 2978794 6581 0 340
mem 1 99033092 96181704 2851388 368888 1857760 192 0 1994372 968872 232364 6480 0 0 176576 2048 0 0
mem 0 97636988 57767448 39869540 700728 38007760 192 0 38214528 5726116 497480 23184 0 0 463660 6144 0 0
net vnet45 0 0 38058 0 0 0 0 0 0 0 0 0 217 0 44571 0 0 0 0 0 0 262 0
net lo 0 0 3976651 0 0 0 0 0 0 0 0 0 31665 0 3976651 0 0 0 0 0 0 31665 0
net vnet44 0 0 184450 0 0 0 0 0 0 0 0 0 867 0 151856 0 0 0 0 0 0 867 0
net eno1 0 161877 40339739801 0 0 382 0 0 0 0 0 0 30368346 0 1231423186 0 0 0 0 0 0 5974653 0
net virbr0 0 844 9964434379 0 0 0 0 0 0 0 0 0 39738462 0 38383531227 0 0 0 0 0 0 23526268 0
numa 1 118904501 18781169 10118603 29535 118860183 18825470
numa 0 117435866 10118603 18781169 29710 117434204 10119871
ps - 501641050 401098 670 559 502 11 734
sysv_shm - 0 0
tmpfs /run/lock 0 6
tmpfs /run 2125824 1105
tmpfs /run/user/20029 0 20
tmpfs /run/qemu 0 1
tmpfs /dev/shm 37615665152 105408
vfs - 133958 5824 184365
vm - 4 25321039 439732687 252317 1617408 263831235 308362546 85278113 6618706 217471467 56869 0 0 0 0 0 1811072 0 311878 5997 0 1618108 94 0 3 0 0

1778477559.245363 0 node0.mimesys-workload.ldos-ut-pg0.wisc.cloudlab.us
block sda 641780 211190 50634610 349440 2702038 17784314 879465375 13058494 0 2414440 13696312
block sdb 494 0 7540 455 4 0 0 0 0 576 456
cpu 11 181486 0 56634 2977548 7319 0 5
cpu 10 207662 2 51690 2957325 9486 0 6
cpu 13 176052 0 52214 2987885 6877 0 5
cpu 12 180319 0 51226 2984940 7634 0 2
cpu 15 174713 2 49765 2992154 6776 0 4
cpu 14 168293 0 51129 2997906 6930 0 5
cpu 17 153294 0 49470 3013967 6997 0 2
cpu 16 163252 0 47798 3007675 5961 0 2
cpu 19 134642 0 36777 3046842 6225 0 1
cpu 18 180637 5 36203 3001379 6499 0 2
cpu 1 245237 0 61926 2902212 8599 0 875
cpu 0 268808 45 47072 2868551 10347 0 1160
cpu 3 265466 0 77428 2870773 7862 0 598
cpu 2 260564 0 74550 2876793 9698 0 193
cpu 5 264354 0 78678 2872258 7804 0 456
cpu 4 261067 1 79323 2873532 8266 0 115
cpu 7 207340 0 76354 2932037 6921 0 542
cpu 6 254724 0 77286 2883340 8137 0 329
cpu 9 173228 0 53966 2986152 8015 0 378
cpu 8 174464 0 61550 2978809 6581 0 340
mem 1 99033092 96190964 2842128 368876 1860140 208 0 1995052 969612 234784 7360 0 0 176520 2048 0 0
mem 0 97636988 57581476 40055512 700764 38190752 232 0 38396452 5909328 498640 23260 0 0 463652 6144 0 0
net vnet45 0 0 38058 0 0 0 0 0 0 0 0 0 217 0 44623 0 0 0 0 0 0 263 0
net lo 0 0 3977818 0 0 0 0 0 0 0 0 0 31673 0 3977818 0 0 0 0 0 0 31673 0
net vnet44 0 0 188428 0 0 0 0 0 0 0 0 0 885 0 155598 0 0 0 0 0 0 880 0
net eno1 0 161888 40339745352 0 0 382 0 0 0 0 0 0 30368429 0 1231423632 0 0 0 0 0 0 5974657 0
net virbr0 0 844 9964438105 0 0 0 0 0 0 0 0 0 39738480 0 38383534917 0 0 0 0 0 0 23526280 0
numa 1 118911759 18781169 10118603 29535 118867441 18825470
numa 0 117488702 10118603 18781169 29710 117487039 10119872
ps - 501651882 401220 670 559 502 10 734
sysv_shm - 0 0
tmpfs /run/lock 0 6
tmpfs /run 2125824 1105
tmpfs /run/user/20029 0 20
tmpfs /run/qemu 0 1
tmpfs /dev/shm 37615665152 105410
vfs - 133979 6024 184505
vm - 4 25321039 439732687 252317 1617408 263891369 308376475 85278123 6618706 217539484 56869 0 0 0 0 0 1811072 0 311878 5997 0 1618108 94 0 3 0 0

1778477560.281310 0 node0.mimesys-workload.ldos-ut-pg0.wisc.cloudlab.us
block sda 641780 211190 50634610 349440 2702118 17784314 879466087 13058508 0 2414444 13696327
block sdb 494 0 7540 455 4 0 0 0 0 576 456
cpu 11 181565 0 56636 2977570 7319 0 5
cpu 10 207741 2 51692 2957346 9486 0 6
cpu 13 176132 0 52216 2987909 6877 0 5
cpu 12 180402 0 51227 2984960 7634 0 2
cpu 15 174714 2 49768 2992253 6776 0 4
cpu 14 168294 0 51131 2998006 6930 0 5
cpu 17 153294 0 49473 3014068 6997 0 2
cpu 16 163253 0 47800 3007776 5961 0 2
cpu 19 134643 0 36780 3046941 6225 0 1
cpu 18 180639 5 36205 3001478 6499 0 2
cpu 1 245291 0 61926 2902259 8599 0 875
cpu 0 268862 45 47074 2868596 10347 0 1160
cpu 3 265508 0 77431 2870832 7862 0 598
cpu 2 260643 0 74552 2876814 9698 0 193
cpu 5 264411 0 78685 2872295 7804 0 456
cpu 4 261104 1 79328 2873592 8266 0 115
cpu 7 207383 0 76362 2932087 6921 0 542
cpu 6 254791 0 77287 2883376 8137 0 329
cpu 9 173327 0 53966 2986155 8015 0 378
cpu 8 174537 0 61552 2978836 6581 0 340
mem 1 99033092 96202996 2830096 368888 1858892 64 0 1995468 970472 231560 7592 0 0 176484 2048 0 0
mem 0 97636988 57487732 40149256 700784 38282884 40 0 38487568 6000012 499344 24116 0 0 463756 6144 0 0
net vnet45 0 0 38058 0 0 0 0 0 0 0 0 0 217 0 44693 0 0 0 0 0 0 264 0
net lo 0 0 3978375 0 0 0 0 0 0 0 0 0 31677 0 3978375 0 0 0 0 0 0 31677 0
net vnet44 0 0 189688 0 0 0 0 0 0 0 0 0 897 0 156711 0 0 0 0 0 0 890 0
net eno1 0 161888 40339751469 0 0 382 0 0 0 0 0 0 30368523 0 1231423977 0 0 0 0 0 0 5974660 0
net virbr0 0 845 9964439197 0 0 0 0 0 0 0 0 0 39738492 0 38383536030 0 0 0 0 0 0 23526290 0
numa 1 118918630 18781169 10118603 29535 118874312 18825470
numa 0 117516927 10118603 18781169 29710 117515264 10119872
ps - 501664272 401336 670 559 502 11 728
sysv_shm - 0 0
tmpfs /run/lock 0 6
tmpfs /run 2125824 1105
tmpfs /run/user/20029 0 20
tmpfs /run/qemu 0 1
tmpfs /dev/shm 37615673344 105410
vfs - 133960 6184 184331
vm - 4 25321039 439733043 252317 1617408 263926430 308389447 85278125 6618706 217582114 56869 0 0 0 0 0 1811072 0 311878 5997 0 1618108 94 0 3 0 0

1778477561.319199 0 node0.mimesys-workload.ldos-ut-pg0.wisc.cloudlab.us
block sda 641780 211190 50634610 349440 2702123 17784324 879466207 13058509 0 2414448 13696328
block sdb 494 0 7540 455 4 0 0 0 0 576 456
cpu 11 181643 0 56638 2977596 7319 0 5
cpu 10 207822 2 51692 2957369 9486 0 6
cpu 13 176209 0 52219 2987934 6877 0 5
cpu 12 180479 0 51230 2984981 7634 0 2
cpu 15 174715 2 49771 2992351 6776 0 4
cpu 14 168296 0 51137 2998102 6930 0 5
cpu 17 153296 0 49475 3014168 6997 0 2
cpu 16 163259 0 47804 3007870 5961 0 2
cpu 19 134644 0 36782 3047041 6225 0 1
cpu 18 180642 5 36208 3001576 6499 0 2
cpu 1 245355 0 61930 2902296 8599 0 875
cpu 0 268919 45 47076 2868641 10347 0 1160
cpu 3 265568 0 77433 2870874 7862 0 598
cpu 2 260682 0 74554 2876872 9698 0 193
cpu 5 264462 0 78690 2872341 7804 0 456
cpu 4 261138 1 79330 2873655 8266 0 115
cpu 7 207433 0 76363 2932140 6921 0 542
cpu 6 254844 0 77289 2883423 8137 0 329
cpu 9 173408 0 53968 2986176 8015 0 378
cpu 8 174606 0 61555 2978865 6581 0 340
mem 1 99033092 96181580 2851512 368868 1872152 152 0 2007976 983904 232344 6596 0 0 176556 2048 0 0
mem 0 97636988 57438600 40198388 700776 38327508 168 0 38532244 6045528 499204 24492 0 0 463852 6144 0 0
net vnet45 0 0 38058 0 0 0 0 0 0 0 0 0 217 0 44745 0 0 0 0 0 0 265 0
net lo 0 0 3979542 0 0 0 0 0 0 0 0 0 31685 0 3979542 0 0 0 0 0 0 31685 0
net vnet44 0 0 194692 0 0 0 0 0 0 0 0 0 924 0 161451 0 0 0 0 0 0 912 0
net eno1 0 161894 40339756540 0 0 382 0 0 0 0 0 0 30368598 0 1231424423 0 0 0 0 0 0 5974664 0
net virbr0 0 845 9964443823 0 0 0 0 0 0 0 0 0 39738519 0 38383540718 0 0 0 0 0 0 23526311 0
numa 1 118931624 18781169 10118603 29535 118887306 18825470
numa 0 117532956 10118603 18781169 29710 117531293 10119872
ps - 501676214 401458 696 566 504 12 728
sysv_shm - 0 0
tmpfs /run/lock 0 6
tmpfs /run 2125824 1105
tmpfs /run/user/20029 0 20
tmpfs /run/qemu 0 1
tmpfs /dev/shm 37615673344 105410
vfs - 133960 6224 184331
vm - 4 25321039 439733103 252317 1617408 263955448 308403793 85278132 6618706 217619229 56869 0 0 0 0 0 1811072 0 311878 5997 0 1618108 94 0 3 0 0

1778477562.349896 0 node0.mimesys-workload.ldos-ut-pg0.wisc.cloudlab.us
block sda 641780 211190 50634610 349440 2702125 17784324 879466223 13058510 0 2414452 13696329
block sdb 494 0 7540 455 4 0 0 0 0 576 456
cpu 11 181717 0 56639 2977623 7319 0 5
cpu 10 207901 2 51694 2957393 9486 0 6
cpu 13 176280 0 52222 2987962 6877 0 5
cpu 12 180562 0 51231 2985001 7634 0 2
cpu 15 174716 2 49774 2992452 6776 0 4
cpu 14 168297 0 51141 2998199 6930 0 5
cpu 17 153296 0 49477 3014268 6997 0 2
cpu 16 163265 0 47806 3007963 5961 0 2
cpu 19 134644 0 36784 3047142 6225 0 1
cpu 18 180642 5 36210 3001675 6499 0 2
cpu 1 245390 0 61933 2902361 8599 0 875
cpu 0 268934 45 47080 2868724 10347 0 1160
cpu 3 265615 0 77437 2870925 7862 0 598
cpu 2 260712 0 74557 2876941 9698 0 193
cpu 5 264503 0 78692 2872396 7804 0 456
cpu 4 261186 1 79332 2873707 8266 0 115
cpu 7 207445 0 76366 2932225 6921 0 542
cpu 6 254893 0 77291 2883475 8137 0 329
cpu 9 173475 0 53970 2986207 8015 0 378
cpu 8 174679 0 61559 2978891 6581 0 340
mem 1 99033092 96178556 2854536 368876 1873492 148 8 2009284 983700 232800 6684 0 0 176540 2048 0 0
mem 0 97636988 57386468 40250520 700796 38375316 184 0 38578604 6090860 500952 24716 0 0 463820 6144 0 0
net vnet45 0 0 38058 0 0 0 0 0 0 0 0 0 217 0 44745 0 0 0 0 0 0 265 0
net lo 0 0 3980709 0 0 0 0 0 0 0 0 0 31693 0 3980709 0 0 0 0 0 0 31693 0
net vnet44 0 0 197828 0 0 0 0 0 0 0 0 0 941 0 165141 0 0 0 0 0 0 924 0
net eno1 0 161894 40339762352 0 0 382 0 0 0 0 0 0 30368680 0 1231424911 0 0 0 0 0 0 5974669 0
net virbr0 0 845 9964446721 0 0 0 0 0 0 0 0 0 39738536 0 38383544408 0 0 0 0 0 0 23526323 0
numa 1 118936658 18781169 10118603 29535 118892340 18825470
numa 0 117554245 10118603 18781169 29710 117552582 10119872
ps - 501688234 401579 696 566 504 12 728
sysv_shm - 0 0
tmpfs /run/lock 0 6
tmpfs /run 2125824 1105
tmpfs /run/user/20029 0 20
tmpfs /run/qemu 0 1
tmpfs /dev/shm 37615673344 105410
vfs - 133978 6184 184461
vm - 4 25321039 439733111 252317 1617408 263981917 308417589 85278137 6618706 217653696 56869 0 0 0 0 0 1811072 0 311878 5997 0 1618108 94 0 3 0 0

1778477563.390312 0 node0.mimesys-workload.ldos-ut-pg0.wisc.cloudlab.us
block sda 641790 211190 50635458 349445 2702133 17784325 879466583 13058512 0 2414476 13696336
block sdb 494 0 7540 455 4 0 0 0 0 576 456
cpu 11 181793 0 56641 2977650 7319 0 5
cpu 10 207982 2 51696 2957415 9486 0 6
cpu 13 176355 0 52224 2987986 6877 0 5
cpu 12 180636 0 51233 2985027 7634 0 2
cpu 15 174717 2 49776 2992552 6776 0 4
cpu 14 168298 0 51144 2998299 6930 0 5
cpu 17 153299 0 49478 3014368 6997 0 2
cpu 16 163266 0 47809 3008063 5961 0 2
cpu 19 134646 0 36786 3047243 6225 0 1
cpu 18 180646 5 36212 3001774 6499 0 2
cpu 1 245469 0 61935 2902382 8599 0 875
cpu 0 268979 45 47085 2868776 10347 0 1160
cpu 3 265660 0 77444 2870976 7862 0 598
cpu 2 260754 0 74562 2876998 9698 0 193
cpu 5 264532 0 78698 2872463 7804 0 456
cpu 4 261254 1 79338 2873735 8266 0 115
cpu 7 207487 0 76371 2932278 6921 0 542
cpu 6 254926 0 77292 2883541 8137 0 329
cpu 9 173544 0 53972 2986238 8015 0 378
cpu 8 174759 0 61560 2978914 6581 0 340
mem 1 99033092 96173272 2859820 368880 1873196 164 0 2009324 983844 233188 6936 0 0 176460 2048 0 0
mem 0 97636988 57280096 40356892 700784 38490580 212 0 38697008 6209476 497556 24608 0 0 463828 6144 0 0
net vnet45 0 0 38058 0 0 0 0 0 0 0 0 0 217 0 44797 0 0 0 0 0 0 266 0
net lo 0 0 3981266 0 0 0 0 0 0 0 0 0 31697 0 3981266 0 0 0 0 0 0 31697 0
net vnet44 0 0 199696 0 0 0 0 0 0 0 0 0 951 0 166191 0 0 0 0 0 0 934 0
net eno1 0 161905 40339769129 0 0 382 0 0 0 0 0 0 30368785 0 1231425256 0 0 0 0 0 0 5974672 0
net virbr0 0 845 9964448449 0 0 0 0 0 0 0 0 0 39738546 0 38383545406 0 0 0 0 0 0 23526332 0
numa 1 118945705 18781169 10118603 29535 118901387 18825470
numa 0 117587038 10118603 18781169 29710 117585375 10119872
ps - 501702986 401702 696 566 504 6 727
sysv_shm - 0 0
tmpfs /run/lock 0 6
tmpfs /run 2125824 1105
tmpfs /run/user/20029 0 20
tmpfs /run/qemu 0 1
tmpfs /dev/shm 37615673344 105410
vfs - 133960 6264 184284
vm - 4 25321463 439733291 252317 1617408 264023614 308430692 85278145 6618706 217702306 56869 0 0 0 0 0 1811072 0 311878 5997 0 1618108 94 0 3 0 0

1778477564.431468 0 node0.mimesys-workload.ldos-ut-pg0.wisc.cloudlab.us
block sda 641794 211190 50635602 349446 2702141 17784325 879466623 13058513 0 2414500 13696339
block sdb 494 0 7540 455 4 0 0 0 0 576 456
cpu 11 181872 0 56644 2977674 7319 0 5
cpu 10 208057 2 51697 2957441 9486 0 6
cpu 13 176435 0 52225 2988012 6877 0 5
cpu 12 180714 0 51235 2985050 7634 0 2
cpu 15 174718 2 49778 2992653 6776 0 4
cpu 14 168301 0 51147 2998396 6930 0 5
cpu 17 153300 0 49480 3014470 6997 0 2
cpu 16 163267 0 47812 3008163 5961 0 2
cpu 19 134647 0 36788 3047344 6225 0 1
cpu 18 180648 5 36216 3001871 6499 0 2
cpu 1 245502 0 61939 2902446 8600 0 876
cpu 0 269016 45 47088 2868838 10347 0 1160
cpu 3 265703 0 77448 2871032 7862 0 598
cpu 2 260784 0 74566 2877067 9698 0 193
cpu 5 264580 0 78705 2872509 7804 0 456
cpu 4 261306 1 79343 2873780 8266 0 115
cpu 7 207541 0 76376 2932320 6921 0 542
cpu 6 254975 0 77298 2883588 8137 0 329
cpu 9 173621 0 53976 2986264 8015 0 378
cpu 8 174833 0 61563 2978941 6581 0 340
mem 1 99033092 96169744 2863348 368888 1874208 212 0 2009332 983780 234892 7116 0 0 176556 2048 0 0
mem 0 97636988 57197100 40439888 700776 38570616 244 0 38775420 6287720 499452 24292 0 0 463828 6144 0 0
net vnet45 0 0 38058 0 0 0 0 0 0 0 0 0 217 0 44797 0 0 0 0 0 0 266 0
net lo 0 0 3982433 0 0 0 0 0 0 0 0 0 31705 0 3982433 0 0 0 0 0 0 31705 0
net vnet44 0 0 202832 0 0 0 0 0 0 0 0 0 968 0 169881 0 0 0 0 0 0 946 0
net eno1 0 161905 40339775100 0 0 382 0 0 0 0 0 0 30368875 0 1231425702 0 0 0 0 0 0 5974676 0
net virbr0 0 845 9964451347 0 0 0 0 0 0 0 0 0 39738563 0 38383549096 0 0 0 0 0 0 23526344 0
numa 1 118951672 18781169 10118603 29535 118907354 18825470
numa 0 117615891 10118603 18781169 29710 117614228 10119872
ps - 501719150 401824 696 566 504 13 728
sysv_shm - 0 0
tmpfs /run/lock 0 6
tmpfs /run 2125824 1105
tmpfs /run/user/20029 0 20
tmpfs /run/qemu 0 1
tmpfs /dev/shm 37615673344 105410
vfs - 133962 6264 184334
vm - 4 25321535 439733311 252317 1617408 264058541 308444604 85278202 6618706 217747399 56869 0 0 0 0 0 1811072 0 311878 5997 0 1618108 94 0 3 0 0

1778477565.471099 0 node0.mimesys-workload.ldos-ut-pg0.wisc.cloudlab.us
block sda 641796 211190 50635618 349463 2702390 17784327 879773839 13062404 0 2414928 13700247
block sdb 494 0 7540 455 4 0 0 0 0 576 456
cpu 11 181951 0 56645 2977697 7319 0 5
cpu 10 208134 2 51700 2957465 9486 0 6
cpu 13 176508 0 52227 2988040 6877 0 5
cpu 12 180788 0 51237 2985080 7634 0 2
cpu 15 174719 2 49780 2992754 6776 0 4
cpu 14 168305 0 51152 2998492 6930 0 5
cpu 17 153302 0 49482 3014569 6997 0 2
cpu 16 163268 0 47815 3008263 5961 0 2
cpu 19 134648 0 36790 3047445 6225 0 1
cpu 18 180650 5 36218 3001970 6499 0 2
cpu 1 245525 0 61944 2902492 8628 0 876
cpu 0 269044 45 47100 2868897 10352 0 1160
cpu 3 265718 0 77458 2871092 7881 0 598
cpu 2 260802 0 74579 2877114 9724 0 193
cpu 5 264614 0 78721 2872550 7814 0 456
cpu 4 261344 1 79350 2873830 8273 0 115
cpu 7 207590 0 76397 2932346 6927 0 542
cpu 6 254998 0 77307 2883653 8142 0 329
cpu 9 173696 0 53978 2986291 8015 0 378
cpu 8 174906 0 61565 2978968 6581 0 340
mem 1 99033092 96179516 2853576 373680 1870524 68 0 2009336 984132 234996 7076 0 0 176644 2048 0 0
mem 0 97636988 56828828 40808160 700804 38944048 40 0 39149788 6662372 498688 25804 0 0 463748 6144 0 0
net vnet45 0 0 38058 0 0 0 0 0 0 0 0 0 217 0 44849 0 0 0 0 0 0 267 0
net lo 0 0 3982990 0 0 0 0 0 0 0 0 0 31709 0 3982990 0 0 0 0 0 0 31709 0
net vnet44 0 0 204766 0 0 0 0 0 0 0 0 0 979 0 170931 0 0 0 0 0 0 956 0
net eno1 0 161914 40339783056 0 0 382 0 0 0 0 0 0 30368973 0 1231428437 0 0 0 0 0 0 5974689 0
net virbr0 0 845 9964453127 0 0 0 0 0 0 0 0 0 39738574 0 38383550094 0 0 0 0 0 0 23526353 0
numa 1 118959721 18781169 10118603 29535 118915403 18825470
numa 0 117714828 10118603 18781169 29710 117713165 10119872
ps - 501733112 401946 696 566 504 8 734
sysv_shm - 0 0
tmpfs /run/lock 0 6
tmpfs /run 2125824 1105
tmpfs /run/user/20029 0 20
tmpfs /run/qemu 0 1
tmpfs /dev/shm 37615681536 105410
vfs - 133985 6344 184514
vm - 4 25321543 439886919 252317 1617408 264165423 308457951 85279358 6618706 217876941 56869 0 0 0 0 0 1811072 0 311878 5997 0 1618108 94 0 3 0 0

1778477566.512785 0 node0.mimesys-workload.ldos-ut-pg0.wisc.cloudlab.us
block sda 641799 211190 50635914 349465 2702399 17784342 879774247 13062405 0 2414952 13700250
block sdb 494 0 7540 455 4 0 0 0 0 576 456
cpu 11 182029 0 56649 2977721 7319 0 5
cpu 10 208206 2 51703 2957493 9486 0 6
cpu 13 176592 0 52228 2988063 6877 0 5
cpu 12 180863 0 51240 2985105 7634 0 2
cpu 15 174720 2 49783 2992853 6776 0 4
cpu 14 168308 0 51155 2998591 6930 0 5
cpu 17 153304 0 49485 3014669 6997 0 2
cpu 16 163269 0 47820 3008361 5961 0 2
cpu 19 134649 0 36794 3047545 6225 0 1
cpu 18 180660 5 36223 3002059 6499 0 2
cpu 1 245596 0 61948 2902520 8628 0 876
cpu 0 269126 45 47106 2868913 10352 0 1160
cpu 3 265804 0 77459 2871107 7881 0 598
cpu 2 260876 0 74584 2877138 9724 0 193
cpu 5 264686 0 78723 2872581 7814 0 456
cpu 4 261395 1 79354 2873877 8273 0 115
cpu 7 207676 0 76400 2932361 6927 0 542
cpu 6 255080 0 77309 2883671 8142 0 329
cpu 9 173765 0 53982 2986322 8015 0 378
cpu 8 174986 0 61566 2978992 6581 0 340
mem 1 99033092 96174256 2858836 373688 1869076 184 0 2009452 983712 233928 7328 0 0 176740 2048 0 0
mem 0 97636988 56646128 40990860 700920 39124020 176 0 39330980 6842708 497596 25868 0 0 463764 6144 0 0
net vnet45 0 0 38058 0 0 0 0 0 0 0 0 0 217 0 44901 0 0 0 0 0 0 268 0
net lo 0 0 3984157 0 0 0 0 0 0 0 0 0 31717 0 3984157 0 0 0 0 0 0 31717 0
net vnet44 0 0 209770 0 0 0 0 0 0 0 0 0 1006 0 175671 0 0 0 0 0 0 978 0
net eno1 0 161914 40339789011 0 0 382 0 0 0 0 0 0 30369057 0 1231428993 0 0 0 0 0 0 5974694 0
net virbr0 0 845 9964457753 0 0 0 0 0 0 0 0 0 39738601 0 38383554782 0 0 0 0 0 0 23526374 0
numa 1 118971903 18781169 10118603 29535 118927585 18825470
numa 0 117762801 10118603 18781169 29710 117761138 10119872
ps - 501743165 402068 688 567 505 8 732
sysv_shm - 0 0
tmpfs /run/lock 0 6
tmpfs /run 2125824 1105
tmpfs /run/user/20029 0 20
tmpfs /run/qemu 0 1
tmpfs /dev/shm 37615681536 105410
vfs - 133960 6144 184356
vm - 4 25321691 439887123 252317 1617408 264225604 308472882 85279428 6618706 217945267 56871 0 0 0 0 0 1811072 0 311878 5997 0 1618108 94 0 3 0 0

1778477567.552071 0 node0.mimesys-workload.ldos-ut-pg0.wisc.cloudlab.us
block sda 641799 211190 50635914 349465 2702408 17784342 879774479 13062409 0 2414960 13700253
block sdb 494 0 7540 455 4 0 0 0 0 576 456
cpu 11 182095 0 56650 2977756 7319 0 5
cpu 10 208281 2 51705 2957521 9486 0 6
cpu 13 176661 0 52230 2988096 6877 0 5
cpu 12 180931 0 51243 2985137 7634 0 2
cpu 15 174721 2 49786 2992953 6776 0 4
cpu 14 168313 0 51158 2998686 6930 0 5
cpu 17 153306 0 49488 3014768 6997 0 2
cpu 16 163272 0 47823 3008458 5961 0 2
cpu 19 134651 0 36796 3047643 6225 0 1
cpu 18 180668 5 36228 3002151 6499 0 2
cpu 1 245686 0 61954 2902528 8628 0 877
cpu 0 269200 45 47112 2868938 10352 0 1160
cpu 3 265894 0 77463 2871118 7881 0 598
cpu 2 260954 0 74588 2877160 9724 0 193
cpu 5 264768 0 78728 2872598 7814 0 456
cpu 4 261484 1 79358 2873890 8273 0 115
cpu 7 207767 0 76403 2932370 6927 0 542
cpu 6 255155 0 77310 2883699 8142 0 329
cpu 9 173829 0 53983 2986359 8015 0 378
cpu 8 175058 0 61568 2979021 6581 0 340
mem 1 99033092 96186536 2846556 373724 1870628 208 0 2009464 984204 235076 7336 0 0 176668 2048 0 0
mem 0 97636988 56445544 41191444 701056 39320460 248 0 39526548 7038848 499024 26380 0 0 463876 6144 0 0
net vnet45 0 0 38058 0 0 0 0 0 0 0 0 0 217 0 44901 0 0 0 0 0 0 268 0
net lo 0 0 3985324 0 0 0 0 0 0 0 0 0 31725 0 3985324 0 0 0 0 0 0 31725 0
net vnet44 0 0 212906 0 0 0 0 0 0 0 0 0 1023 0 179361 0 0 0 0 0 0 990 0
net eno1 0 161924 40339794982 0 0 382 0 0 0 0 0 0 30369147 0 1231429439 0 0 0 0 0 0 5974698 0
net virbr0 0 845 9964460651 0 0 0 0 0 0 0 0 0 39738618 0 38383558472 0 0 0 0 0 0 23526386 0
numa 1 118980838 18781169 10118603 29535 118936520 18825470
numa 0 117817599 10118603 18781169 29710 117815936 10119872
ps - 501752865 402193 688 567 505 13 732
sysv_shm - 0 0
tmpfs /run/lock 0 6
tmpfs /run 2125824 1105
tmpfs /run/user/20029 0 20
tmpfs /run/qemu 0 1
tmpfs /dev/shm 37615681536 105410
vfs - 133962 6184 184358
vm - 4 25321691 439887239 252317 1617408 264289305 308487328 85279437 6618706 218016823 56871 0 0 0 0 0 1811072 0 311878 5997 0 1618108 94 0 3 0 0

1778477568.593578 0 node0.mimesys-workload.ldos-ut-pg0.wisc.cloudlab.us
block sda 641799 211190 50635914 349465 2702413 17784342 879774919 13062410 0 2414964 13700255
block sdb 494 0 7540 455 4 0 0 0 0 576 456
cpu 11 182170 0 56651 2977782 7319 0 5
cpu 10 208355 2 51707 2957548 9486 0 6
cpu 13 176736 0 52230 2988120 6877 0 5
cpu 12 181012 0 51244 2985159 7634 0 2
cpu 15 174721 2 49789 2993054 6776 0 4
cpu 14 168317 0 51163 2998780 6930 0 5
cpu 17 153308 0 49490 3014869 6997 0 2
cpu 16 163273 0 47826 3008559 5961 0 2
cpu 19 134652 0 36800 3047743 6225 0 1
cpu 18 180672 5 36231 3002250 6499 0 2
cpu 1 245774 0 61959 2902538 8628 0 877
cpu 0 269283 45 47114 2868955 10352 0 1160
cpu 3 265981 0 77466 2871131 7881 0 598
cpu 2 261042 0 74589 2877174 9724 0 193
cpu 5 264857 0 78728 2872610 7814 0 456
cpu 4 261584 1 79361 2873890 8273 0 115
cpu 7 207860 0 76404 2932379 6927 0 542
cpu 6 255256 0 77311 2883702 8142 0 329
cpu 9 173903 0 53984 2986387 8015 0 378
cpu 8 175126 0 61571 2979050 6581 0 340
mem 1 99033092 96197808 2835284 373704 1868904 204 0 2009592 983972 232740 7208 0 0 176740 2048 0 0
mem 0 97636988 56336936 41300052 701036 39424828 264 0 39631752 7143596 497796 26656 0 0 463876 6144 0 0
net vnet45 0 0 38058 0 0 0 0 0 0 0 0 0 217 0 44953 0 0 0 0 0 0 269 0
net lo 0 0 3985881 0 0 0 0 0 0 0 0 0 31729 0 3985881 0 0 0 0 0 0 31729 0
net vnet44 0 0 214840 0 0 0 0 0 0 0 0 0 1034 0 180411 0 0 0 0 0 0 1000 0
net eno1 0 161924 40339801759 0 0 382 0 0 0 0 0 0 30369252 0 1231429855 0 0 0 0 0 0 5974702 0
net virbr0 0 845 9964462431 0 0 0 0 0 0 0 0 0 39738629 0 38383559470 0 0 0 0 0 0 23526395 0
numa 1 118988830 18781169 10118603 29535 118944512 18825470
numa 0 117849211 10118603 18781169 29710 117847547 10119872
ps - 501760616 402310 688 567 505 12 732
sysv_shm - 0 0
tmpfs /run/lock 0 6
tmpfs /run 2125824 1105
tmpfs /run/user/20029 0 20
tmpfs /run/qemu 0 1
tmpfs /dev/shm 37615681536 105410
vfs - 133977 6184 184492
vm - 4 25321691 439887459 252317 1617408 264328995 308500430 85279446 6618706 218063563 56871 0 0 0 0 0 1811072 0 311878 5997 0 1618108 94 0 3 0 0

1778477569.635708 0 node0.mimesys-workload.ldos-ut-pg0.wisc.cloudlab.us
block sda 641799 211190 50635914 349465 2702415 17784342 879774935 13062411 0 2414968 13700255
block sdb 494 0 7540 455 4 0 0 0 0 576 456
cpu 11 182243 0 56653 2977811 7319 0 5
cpu 10 208438 2 51708 2957570 9486 0 6
cpu 13 176805 0 52232 2988152 6877 0 5
cpu 12 181089 0 51246 2985183 7634 0 2
cpu 15 174728 2 49792 2993148 6776 0 4
cpu 14 168321 0 51165 2998878 6930 0 5
cpu 17 153310 0 49492 3014969 6997 0 2
cpu 16 163274 0 47829 3008659 5961 0 2
cpu 19 134655 0 36803 3047842 6225 0 1
cpu 18 180673 5 36234 3002350 6499 0 2
cpu 1 245846 0 61965 2902564 8628 0 877
cpu 0 269346 45 47122 2868989 10352 0 1160
cpu 3 266032 0 77469 2871181 7881 0 598
cpu 2 261088 0 74591 2877227 9724 0 193
cpu 5 264920 0 78732 2872646 7814 0 456
cpu 4 261649 1 79362 2873926 8273 0 115
cpu 7 207940 0 76414 2932392 6927 0 542
cpu 6 255326 0 77317 2883727 8142 0 329
cpu 9 173984 0 53985 2986411 8015 0 378
cpu 8 175200 0 61573 2979077 6581 0 340
mem 1 99033092 96187996 2845096 373728 1869292 232 0 2010048 984384 233128 7384 0 0 176988 2048 0 0
mem 0 97636988 56015136 41621852 701028 39744700 288 0 39951796 7463504 497584 27144 0 0 463876 6144 0 0
net vnet45 0 0 38058 0 0 0 0 0 0 0 0 0 217 0 44953 0 0 0 0 0 0 269 0
net lo 0 0 3987048 0 0 0 0 0 0 0 0 0 31737 0 3987048 0 0 0 0 0 0 31737 0
net vnet44 0 0 219844 0 0 0 0 0 0 0 0 0 1061 0 185099 0 0 0 0 0 0 1021 0
net eno1 0 161930 40339808150 0 0 382 0 0 0 0 0 0 30369349 0 1231430301 0 0 0 0 0 0 5974706 0
net virbr0 0 845 9964467057 0 0 0 0 0 0 0 0 0 39738656 0 38383564158 0 0 0 0 0 0 23526416 0
numa 1 119000088 18781169 10118603 29535 118955770 18825470
numa 0 117931927 10118603 18781169 29710 117930264 10119872
ps - 501772490 402432 688 567 505 9 732
sysv_shm - 0 0
tmpfs /run/lock 0 6
tmpfs /run 2125824 1105
tmpfs /run/user/20029 0 20
tmpfs /run/qemu 0 1
tmpfs /dev/shm 37615681536 105410
vfs - 133960 6224 184356
vm - 4 25321691 439887467 252317 1617408 264422883 308514700 85279450 6618706 218165296 56871 0 0 0 0 0 1811072 0 311878 5997 0 1618108 94 0 3 0 0

1778477570.674260 0 node0.mimesys-workload.ldos-ut-pg0.wisc.cloudlab.us
block sda 641800 211190 50636042 349466 2702510 17784342 879775807 13062426 0 2414976 13700271
block sdb 494 0 7540 455 4 0 0 0 0 576 456
cpu 11 182321 0 56654 2977835 7319 0 5
cpu 10 208521 2 51708 2957593 9486 0 6
cpu 13 176881 0 52236 2988176 6877 0 5
cpu 12 181166 0 51248 2985212 7634 0 2
cpu 15 174730 2 49795 2993246 6776 0 4
cpu 14 168325 0 51170 2998973 6930 0 5
cpu 17 153313 0 49495 3015066 6997 0 2
cpu 16 163276 0 47830 3008758 5961 0 2
cpu 19 134661 0 36806 3047937 6225 0 1
cpu 18 180674 5 36236 3002449 6499 0 2
cpu 1 245887 0 61968 2902620 8628 0 877
cpu 0 269410 45 47122 2869028 10352 0 1160
cpu 3 266089 0 77471 2871225 7881 0 598
cpu 2 261104 0 74592 2877310 9724 0 193
cpu 5 264997 0 78744 2872661 7814 0 456
cpu 4 261713 1 79367 2873963 8273 0 115
cpu 7 208020 0 76417 2932414 6927 0 542
cpu 6 255384 0 77330 2883761 8142 0 329
cpu 9 174051 0 53988 2986446 8015 0 378
cpu 8 175276 0 61575 2979102 6581 0 340
mem 1 99033092 96186232 2846860 373688 1871156 148 0 2011372 985704 233732 7132 0 0 176728 2048 0 0
mem 0 97636988 55784572 41852416 701068 39971776 144 0 40178304 7690456 498180 27948 0 0 463968 6144 0 0
net vnet45 0 0 38058 0 0 0 0 0 0 0 0 0 217 0 45005 0 0 0 0 0 0 270 0
net lo 0 0 3988215 0 0 0 0 0 0 0 0 0 31745 0 3988215 0 0 0 0 0 0 31745 0
net vnet44 0 0 222356 0 0 0 0 0 0 0 0 0 1074 0 187945 0 0 0 0 0 0 1032 0
net eno1 0 161930 40339814481 0 0 382 0 0 0 0 0 0 30369445 0 1231430801 0 0 0 0 0 0 5974711 0
net virbr0 0 845 9964469387 0 0 0 0 0 0 0 0 0 39738669 0 38383566952 0 0 0 0 0 0 23526426 0
numa 1 119008052 18781169 10118603 29535 118963734 18825470
numa 0 117995357 10118603 18781169 29710 117993694 10119872
ps - 501784122 402553 688 567 505 9 732
sysv_shm - 0 0
tmpfs /run/lock 0 6
tmpfs /run 2125824 1105
tmpfs /run/user/20029 0 20
tmpfs /run/qemu 0 1
tmpfs /dev/shm 37615681536 105410
vfs - 133962 6264 184358
vm - 4 25321755 439887903 252317 1617408 264494289 308528523 85279451 6618706 218244607 56872 0 0 0 0 0 1811072 0 311878 5997 0 1618108 94 0 3 0 0

1778477571.716279 0 node0.mimesys-workload.ldos-ut-pg0.wisc.cloudlab.us
block sda 641800 211190 50636042 349466 2702517 17784356 879775975 13062427 0 2414980 13700272
block sdb 494 0 7540 455 4 0 0 0 0 576 456
cpu 11 182400 0 56656 2977860 7319 0 5
cpu 10 208599 2 51708 2957621 9486 0 6
cpu 13 176958 0 52238 2988201 6877 0 5
cpu 12 181243 0 51248 2985237 7634 0 2
cpu 15 174730 2 49797 2993348 6776 0 4
cpu 14 168326 0 51174 2999070 6930 0 5
cpu 17 153314 0 49499 3015166 6997 0 2
cpu 16 163278 0 47834 3008858 5961 0 2
cpu 19 134664 0 36809 3048035 6225 0 1
cpu 18 180677 5 36240 3002547 6499 0 2
cpu 1 245950 0 61977 2902652 8628 0 878
cpu 0 269429 45 47123 2869110 10352 0 1160
cpu 3 266172 0 77473 2871244 7881 0 598
cpu 2 261166 0 74594 2877348 9724 0 193
cpu 5 265031 0 78745 2872730 7814 0 456
cpu 4 261783 1 79375 2873987 8273 0 115
cpu 7 208053 0 76418 2932482 6927 0 542
cpu 6 255411 0 77333 2883832 8142 0 329
cpu 9 174118 0 53990 2986482 8015 0 378
cpu 8 175350 0 61577 2979127 6581 0 340
mem 1 99033092 96183208 2849884 373712 1870272 176 0 2011440 985780 233112 7112 0 0 176816 2048 0 0
mem 0 97636988 55602896 42034092 701056 40148540 164 0 40355324 7867028 497956 28208 0 0 463976 6144 0 0
net vnet45 0 0 38058 0 0 0 0 0 0 0 0 0 217 0 45005 0 0 0 0 0 0 270 0
net lo 0 0 3988772 0 0 0 0 0 0 0 0 0 31749 0 3988772 0 0 0 0 0 0 31749 0
net vnet44 0 0 224848 0 0 0 0 0 0 0 0 0 1088 0 189839 0 0 0 0 0 0 1043 0
net eno1 0 161939 40339821894 0 0 382 0 0 0 0 0 0 30369554 0 1231431630 0 0 0 0 0 0 5974715 0
net virbr0 0 845 9964471683 0 0 0 0 0 0 0 0 0 39738683 0 38383568846 0 0 0 0 0 0 23526437 0
numa 1 119015766 18781169 10118603 29535 118971448 18825470
numa 0 118044655 10118603 18781169 29710 118042992 10119872
ps - 501795814 402669 689 569 506 10 732
sysv_shm - 0 0
tmpfs /run/lock 0 6
tmpfs /run 2125824 1105
tmpfs /run/user/20029 0 20
tmpfs /run/qemu 0 1
tmpfs /dev/shm 37615681536 105410
vfs - 133977 6184 184492
vm - 4 25321755 439887987 252317 1617408 264551289 308541467 85279458 6618706 218308610 56872 0 0 0 0 0 1811072 0 311878 5997 0 1618108 94 0 3 0 0

1778477572.758729 0 node0.mimesys-workload.ldos-ut-pg0.wisc.cloudlab.us
block sda 641801 211190 50636170 349491 2703154 17784362 880245943 13072752 0 2415644 13710623
block sdb 494 0 7540 455 4 0 0 0 0 576 456
cpu 11 182480 0 56657 2977883 7319 0 5
cpu 10 208673 2 51711 2957650 9486 0 6
cpu 13 177035 0 52240 2988227 6877 0 5
cpu 12 181321 0 51251 2985262 7634 0 2
cpu 15 174738 2 49798 2993443 6776 0 4
cpu 14 168328 0 51176 2999170 6930 0 5
cpu 17 153317 0 49502 3015264 6997 0 2
cpu 16 163280 0 47836 3008958 5961 0 2
cpu 19 134667 0 36812 3048134 6225 0 1
cpu 18 180681 5 36244 3002644 6499 0 2
cpu 1 245989 0 61982 2902689 8652 0 878
cpu 0 269518 45 47124 2869126 10352 0 1160
cpu 3 266233 0 77474 2871266 7898 0 598
cpu 2 261188 0 74597 2877398 9751 0 193
cpu 5 265096 0 78747 2872763 7818 0 456
cpu 4 261828 1 79377 2874034 8282 0 115
cpu 7 208107 0 76422 2932507 6948 0 542
cpu 6 255445 0 77336 2883869 8170 0 329
cpu 9 174188 0 53992 2986517 8015 0 378
cpu 8 175423 0 61577 2979156 6581 0 340
mem 1 99033092 96179432 2853660 373712 1871384 188 0 2011452 985756 233712 7180 0 0 176656 2048 0 0
mem 0 97636988 55590076 42046912 701060 40158152 196 0 40364392 7876800 498388 28376 0 0 464064 6144 0 0
net vnet45 0 0 38058 0 0 0 0 0 0 0 0 0 217 0 45057 0 0 0 0 0 0 271 0
net lo 0 0 3989939 0 0 0 0 0 0 0 0 0 31757 0 3989939 0 0 0 0 0 0 31757 0
net vnet44 0 0 228628 0 0 0 0 0 0 0 0 0 1103 0 193581 0 0 0 0 0 0 1056 0
net eno1 0 161939 40339828105 0 0 382 0 0 0 0 0 0 30369648 0 1231432076 0 0 0 0 0 0 5974719 0
net virbr0 0 845 9964475253 0 0 0 0 0 0 0 0 0 39738698 0 38383572536 0 0 0 0 0 0 23526449 0
numa 1 119024768 18781169 10118603 29535 118980450 18825470
numa 0 118052911 10118603 18781169 29710 118051248 10119872
ps - 501810427 402836 689 569 506 10 778
sysv_shm - 0 0
tmpfs /run/lock 0 6
tmpfs /run 2125824 1105
tmpfs /run/user/20029 0 20
tmpfs /run/qemu 0 1
tmpfs /dev/shm 37615681536 105410
vfs - 133962 6184 184358
vm - 4 25321819 440122971 252317 1617408 264568547 308555605 85279463 6618706 218333367 56872 0 0 0 0 0 1811072 0 311878 5997 0 1618108 94 0 3 0 0

1778477573.800022 0 node0.mimesys-workload.ldos-ut-pg0.wisc.cloudlab.us
block sda 641801 211190 50636170 349491 2703178 17784362 880246071 13072757 0 2415672 13710630
block sdb 494 0 7540 455 4 0 0 0 0 576 456
cpu 11 182561 0 56659 2977902 7319 0 5
cpu 10 208746 2 51712 2957677 9486 0 6
cpu 13 177116 0 52241 2988253 6877 0 5
cpu 12 181399 0 51254 2985283 7634 0 2
cpu 15 174739 2 49800 2993542 6776 0 4
cpu 14 168332 0 51183 2999264 6930 0 5
cpu 17 153320 0 49506 3015363 6997 0 2
cpu 16 163283 0 47838 3009056 5961 0 2
cpu 19 134670 0 36814 3048232 6225 0 1
cpu 18 180690 5 36250 3002731 6499 0 2
cpu 1 246064 0 61982 2902716 8652 0 878
cpu 0 269576 45 47127 2869169 10352 0 1160
cpu 3 266292 0 77478 2871305 7898 0 598
cpu 2 261262 0 74602 2877421 9751 0 193
cpu 5 265168 0 78749 2872792 7818 0 456
cpu 4 261895 1 79380 2874068 8282 0 115
cpu 7 208166 0 76426 2932544 6948 0 542
cpu 6 255517 0 77337 2883897 8170 0 329
cpu 9 174259 0 53994 2986549 8015 0 378
cpu 8 175493 0 61579 2979190 6581 0 340
mem 1 99033092 96182508 2850584 373708 1870088 192 0 2011452 985708 232452 6972 0 0 177048 2048 0 0
mem 0 97636988 55580512 42056476 701100 40166524 204 0 40372344 7884048 498944 28592 0 0 464352 6144 0 0
net vnet45 0 0 38058 0 0 0 0 0 0 0 0 0 217 0 45057 0 0 0 0 0 0 271 0
net lo 0 0 3992006 0 0 0 0 0 0 0 0 0 31785 0 3992006 0 0 0 0 0 0 31785 0
net vnet44 0 0 229654 0 0 0 0 0 0 0 0 0 1112 0 194579 0 0 0 0 0 0 1065 0
net eno1 0 161948 40339835601 0 0 382 0 0 0 0 0 0 30369756 0 1231432596 0 0 0 0 0 0 5974724 0
net virbr0 0 845 9964476153 0 0 0 0 0 0 0 0 0 39738707 0 38383573534 0 0 0 0 0 0 23526458 0
numa 1 119037018 18781169 10118603 29535 118992700 18825470
numa 0 118069319 10118603 18781169 29710 118067656 10119872
ps - 501827972 403056 689 569 506 9 778
sysv_shm - 0 0
tmpfs /run/lock 0 6
tmpfs /run 2125824 1105
tmpfs /run/user/20029 0 20
tmpfs /run/qemu 0 1
tmpfs /dev/shm 37615685632 105410
vfs - 133960 6184 184632
vm - 4 25321819 440123039 252317 1617408 264597210 308582440 85280302 6618706 218370459 56872 0 0 0 0 0 1811072 0 311878 5997 0 1618108 94 0 3 0 0

1778477574.841291 0 node0.mimesys-workload.ldos-ut-pg0.wisc.cloudlab.us
block sda 641801 211190 50636170 349491 2703272 17784362 880246855 13072772 0 2415852 13710650
block sdb 494 0 7540 455 4 0 0 0 0 576 456
cpu 11 182636 0 56662 2977929 7319 0 5
cpu 10 208821 2 51714 2957703 9486 0 6
cpu 13 177190 0 52242 2988282 6877 0 5
cpu 12 181470 0 51255 2985314 7634 0 2
cpu 15 174741 2 49802 2993643 6776 0 4
cpu 14 168334 0 51189 2999357 6930 0 5
cpu 17 153321 0 49508 3015463 6997 0 2
cpu 16 163284 0 47840 3009156 5961 0 2
cpu 19 134675 0 36819 3048328 6225 0 1
cpu 18 180692 5 36254 3002829 6499 0 2
cpu 1 246110 0 61984 2902770 8652 0 878
cpu 0 269629 45 47129 2869216 10352 0 1160
cpu 3 266347 0 77480 2871350 7898 0 598
cpu 2 261309 0 74603 2877475 9751 0 193
cpu 5 265221 0 78752 2872837 7818 0 456
cpu 4 261949 1 79382 2874113 8282 0 115
cpu 7 208214 0 76428 2932598 6948 0 542
cpu 6 255569 0 77338 2883944 8170 0 329
cpu 9 174338 0 53995 2986574 8015 0 378
cpu 8 175566 0 61582 2979220 6581 0 340
mem 1 99033092 96176720 2856372 373756 1871420 220 0 2011456 985708 233852 7416 0 0 176880 2048 0 0
mem 0 97636988 55566152 42070836 701080 40177600 220 0 40384840 7896520 497436 28176 0 0 464240 6144 0 0
net vnet45 0 0 38058 0 0 0 0 0 0 0 0 0 217 0 45109 0 0 0 0 0 0 272 0
net lo 0 0 3993173 0 0 0 0 0 0 0 0 0 31793 0 3993173 0 0 0 0 0 0 31793 0
net vnet44 0 0 234592 0 0 0 0 0 0 0 0 0 1138 0 199319 0 0 0 0 0 0 1087 0
net eno1 0 161948 40339842652 0 0 382 0 0 0 0 0 0 30369865 0 1231433042 0 0 0 0 0 0 5974728 0
net virbr0 0 845 9964480727 0 0 0 0 0 0 0 0 0 39738733 0 38383578222 0 0 0 0 0 0 23526479 0
numa 1 119048891 18781169 10118603 29535 119004573 18825470
numa 0 118075107 10118603 18781169 29710 118073444 10119872
ps - 501845515 403178 689 569 506 9 778
sysv_shm - 0 0
tmpfs /run/lock 0 6
tmpfs /run 2125824 1105
tmpfs /run/user/20029 0 20
tmpfs /run/qemu 0 1
tmpfs /dev/shm 37615706112 105410
vfs - 133976 6264 184760
vm - 4 25321819 440123427 252317 1617408 264614884 308597190 85280312 6618706 218395863 56872 0 0 0 0 0 1811072 0 311878 5997 0 1618108 94 0 3 0 0

1778477575.882522 0 node0.mimesys-workload.ldos-ut-pg0.wisc.cloudlab.us
block sda 641804 211190 50636366 349493 2703365 17784362 880247823 13072789 0 2415880 13710668
block sdb 494 0 7540 455 4 0 0 0 0 576 456
cpu 11 182712 0 56664 2977957 7319 0 5
cpu 10 208900 2 51716 2957729 9486 0 6
cpu 13 177267 0 52245 2988307 6877 0 5
cpu 12 181546 0 51257 2985341 7634 0 2
cpu 15 174742 2 49804 2993744 6776 0 4
cpu 14 168336 0 51192 2999458 6930 0 5
cpu 17 153322 0 49510 3015564 6997 0 2
cpu 16 163286 0 47841 3009257 5961 0 2
cpu 19 134676 0 36820 3048428 6225 0 1
cpu 18 180693 5 36258 3002929 6499 0 2
cpu 1 246135 0 61990 2902843 8652 0 878
cpu 0 269652 45 47133 2869291 10352 0 1160
cpu 3 266368 0 77486 2871425 7898 0 598
cpu 2 261341 0 74610 2877538 9751 0 193
cpu 5 265252 0 78757 2872904 7818 0 456
cpu 4 261970 1 79386 2874187 8282 0 115
cpu 7 208241 0 76431 2932669 6948 0 542
cpu 6 255592 0 77344 2884019 8171 0 329
cpu 9 174421 0 53997 2986595 8015 0 378
cpu 8 175641 0 61585 2979248 6581 0 340
mem 1 99033092 96188752 2844340 373812 1870084 132 0 2011456 985684 232480 6852 0 0 176648 2048 0 0
mem 0 97636988 55555572 42081416 701192 40181044 128 0 40385876 7897756 499952 28912 0 0 464232 6144 0 0
net vnet45 0 0 38058 0 0 0 0 0 0 0 0 0 217 0 45109 0 0 0 0 0 0 272 0
net lo 0 0 3994340 0 0 0 0 0 0 0 0 0 31801 0 3994340 0 0 0 0 0 0 31801 0
net vnet44 0 0 237826 0 0 0 0 0 0 0 0 0 1156 0 203124 0 0 0 0 0 0 1100 0
net eno1 0 161956 40339851803 0 0 382 0 0 0 0 0 0 30370008 0 1231433488 0 0 0 0 0 0 5974732 0
net virbr0 0 845 9964483709 0 0 0 0 0 0 0 0 0 39738751 0 38383582027 0 0 0 0 0 0 23526492 0
numa 1 119056037 18781169 10118603 29535 119011719 18825470
numa 0 118082277 10118603 18781169 29710 118080614 10119872
ps - 501864841 403299 682 570 506 8 778
sysv_shm - 0 0
tmpfs /run/lock 0 6
tmpfs /run 2125824 1105
tmpfs /run/user/20029 0 20
tmpfs /run/qemu 0 1
tmpfs /dev/shm 37615726592 105411
vfs - 133963 5304 184636
vm - 4 25321917 440123911 252317 1617408 264629183 308611097 85280356 6618706 218418349 56873 0 0 0 0 0 1811072 0 311878 5997 0 1618108 94 0 3 0 0

1778477576.916331 0 node0.mimesys-workload.ldos-ut-pg0.wisc.cloudlab.us
block sda 641804 211190 50636366 349493 2703380 17784374 880248039 13072798 0 2415888 13710678
block sdb 494 0 7540 455 4 0 0 0 0 576 456
cpu 11 182786 0 56665 2977984 7319 0 5
cpu 10 208976 2 51717 2957758 9486 0 6
cpu 13 177350 0 52246 2988327 6877 0 5
cpu 12 181614 0 51260 2985369 7634 0 2
cpu 15 174742 2 49805 2993845 6776 0 4
cpu 14 168338 0 51195 2999555 6930 0 5
cpu 17 153323 0 49511 3015664 6997 0 2
cpu 16 163294 0 47844 3009350 5961 0 2
cpu 19 134678 0 36823 3048528 6225 0 1
cpu 18 180695 5 36259 3003029 6499 0 2
cpu 1 246141 0 61992 2902935 8652 0 878
cpu 0 269666 45 47136 2869375 10352 0 1160
cpu 3 266378 0 77490 2871515 7898 0 598
cpu 2 261348 0 74614 2877630 9751 0 193
cpu 5 265261 0 78760 2872995 7818 0 456
cpu 4 261981 1 79390 2874275 8282 0 115
cpu 7 208252 0 76433 2932757 6948 0 542
cpu 6 255602 0 77345 2884109 8171 0 329
cpu 9 174493 0 54000 2986622 8015 0 378
cpu 8 175709 0 61589 2979278 6581 0 340
mem 1 99033092 96200784 2832308 373824 1872104 124 0 2012308 986600 233816 6880 0 0 176472 2048 0 0
mem 0 97636988 55550816 42086172 701216 40180880 140 0 40386264 7898664 499292 28884 0 0 464408 6144 0 0
net vnet45 0 0 42564 0 0 0 0 0 0 0 0 0 239 0 49423 0 0 0 0 0 0 289 0
net lo 0 0 3995507 0 0 0 0 0 0 0 0 0 31809 0 3995507 0 0 0 0 0 0 31809 0
net vnet44 0 0 239650 0 0 0 0 0 0 0 0 0 1166 0 204174 0 0 0 0 0 0 1110 0
net eno1 0 161956 40339861674 0 0 382 0 0 0 0 0 0 30370163 0 1231433934 0 0 0 0 0 0 5974736 0
net virbr0 0 845 9964489591 0 0 0 0 0 0 0 0 0 39738783 0 38383587287 0 0 0 0 0 0 23526517 0
numa 1 119061513 18781169 10118603 29535 119017195 18825470
numa 0 118092206 10118603 18781169 29710 118090543 10119872
ps - 501877169 403424 682 570 506 7 778
sysv_shm - 0 0
tmpfs /run/lock 0 6
tmpfs /run 2125824 1105
tmpfs /run/user/20029 0 20
tmpfs /run/qemu 0 1
tmpfs /dev/shm 37615726592 105411
vfs - 133962 5304 184679
vm - 4 25321917 440124019 252317 1617408 264644587 308625970 85280368 6618706 218441991 56873 0 0 0 0 0 1811072 0 311878 5997 0 1618108 94 0 3 0 0

1778477577.956411 0 node0.mimesys-workload.ldos-ut-pg0.wisc.cloudlab.us
block sda 641810 211190 50636654 349495 2703584 17784374 880497999 13076704 0 2416204 13714586
block sdb 494 0 7540 455 4 0 0 0 0 576 456
cpu 11 182853 0 56666 2978018 7319 0 5
cpu 10 209052 2 51719 2957785 9486 0 6
cpu 13 177419 0 52248 2988361 6877 0 5
cpu 12 181684 0 51262 2985401 7634 0 2
cpu 15 174743 2 49806 2993947 6776 0 4
cpu 14 168341 0 51198 2999653 6930 0 5
cpu 17 153324 0 49513 3015764 6997 0 2
cpu 16 163295 0 47847 3009450 5961 0 2
cpu 19 134678 0 36825 3048629 6225 0 1
cpu 18 180696 5 36259 3003131 6499 0 2
cpu 1 246148 0 61996 2903019 8662 0 879
cpu 0 269670 45 47140 2869464 10360 0 1160
cpu 3 266379 0 77494 2871597 7914 0 598
cpu 2 261354 0 74616 2877718 9758 0 193
cpu 5 265265 0 78761 2873088 7824 0 456
cpu 4 261984 1 79392 2874356 8301 0 115
cpu 7 208258 0 76435 2932843 6957 0 542
cpu 6 255605 0 77349 2884198 8179 0 329
cpu 9 174568 0 54001 2986649 8015 0 378
cpu 8 175774 0 61592 2979313 6581 0 340
mem 1 99033092 96196256 2836836 373904 1870680 152 0 2012680 986916 232044 7124 0 0 176448 2048 0 0
mem 0 97636988 55546536 42090452 701204 40181028 172 0 40386328 7897944 499360 28616 0 0 464400 6144 0 0
net vnet45 0 0 43062 0 0 0 0 0 0 0 0 0 244 0 49849 0 0 0 0 0 0 294 0
net lo 0 0 3996064 0 0 0 0 0 0 0 0 0 31813 0 3996064 0 0 0 0 0 0 31813 0
net vnet44 0 0 239650 0 0 0 0 0 0 0 0 0 1166 0 204174 0 0 0 0 0 0 1110 0
net eno1 0 161965 40339869069 0 0 382 0 0 0 0 0 0 30370273 0 1231434279 0 0 0 0 0 0 5974739 0
net virbr0 0 845 9964490019 0 0 0 0 0 0 0 0 0 39738788 0 38383587713 0 0 0 0 0 0 23526522 0
numa 1 119067604 18781169 10118603 29535 119023286 18825470
numa 0 118099090 10118603 18781169 29710 118097427 10119872
ps - 501885917 403543 682 570 506 4 781
sysv_shm - 0 0
tmpfs /run/lock 0 6
tmpfs /run 2125824 1105
tmpfs /run/user/20029 0 20
tmpfs /run/qemu 0 1
tmpfs /dev/shm 37615726592 105411
vfs - 133978 5224 184788
vm - 4 25322061 440248999 252317 1617408 264657563 308639393 85280387 6618706 218461706 56873 0 0 0 0 0 1811072 0 311878 5997 0 1618108 94 0 3 0 0

1778477578.992873 0 node0.mimesys-workload.ldos-ut-pg0.wisc.cloudlab.us
block sda 641810 211190 50636654 349495 2703587 17784374 880498023 13076706 0 2416208 13714588
block sdb 494 0 7540 455 4 0 0 0 0 576 456
cpu 11 182933 0 56668 2978038 7319 0 5
cpu 10 209126 2 51723 2957810 9486 0 6
cpu 13 177491 0 52252 2988387 6877 0 5
cpu 12 181762 0 51264 2985426 7634 0 2
cpu 15 174744 2 49809 2994047 6776 0 4
cpu 14 168342 0 51200 2999753 6930 0 5
cpu 17 153325 0 49516 3015865 6997 0 2
cpu 16 163296 0 47850 3009550 5961 0 2
cpu 19 134680 0 36828 3048730 6225 0 1
cpu 18 180697 5 36262 3003231 6499 0 2
cpu 1 246151 0 61996 2903118 8662 0 879
cpu 0 269671 45 47142 2869563 10360 0 1160
cpu 3 266380 0 77496 2871698 7914 0 598
cpu 2 261354 0 74618 2877817 9758 0 193
cpu 5 265268 0 78762 2873188 7824 0 456
cpu 4 261992 1 79393 2874449 8301 0 115
cpu 7 208259 0 76437 2932944 6957 0 542
cpu 6 255608 0 77352 2884296 8179 0 329
cpu 9 174646 0 54003 2986674 8015 0 378
cpu 8 175860 0 61593 2979332 6581 0 340
mem 1 99033092 96191500 2841592 373924 1871024 176 0 2012832 987068 232396 7072 0 0 176688 2048 0 0
mem 0 97636988 55542508 42094480 701228 40180184 188 0 40386396 7898008 498584 28664 0 0 464320 6144 0 0
net vnet45 0 0 47868 0 0 0 0 0 0 0 0 0 268 0 54589 0 0 0 0 0 0 316 0
net lo 0 0 3997231 0 0 0 0 0 0 0 0 0 31821 0 3997231 0 0 0 0 0 0 31821 0
net vnet44 0 0 239650 0 0 0 0 0 0 0 0 0 1166 0 204226 0 0 0 0 0 0 1111 0
net eno1 0 161965 40339877440 0 0 383 0 0 0 0 0 0 30370403 0 1231434725 0 0 0 0 0 0 5974743 0
net virbr0 0 845 9964494489 0 0 0 0 0 0 0 0 0 39738812 0 38383592401 0 0 0 0 0 0 23526543 0
numa 1 119077509 18781169 10118603 29535 119033191 18825470
numa 0 118103622 10118603 18781169 29710 118101959 10119872
ps - 501895152 403666 682 570 506 7 781
sysv_shm - 0 0
tmpfs /run/lock 0 6
tmpfs /run 2125824 1105
tmpfs /run/user/20029 0 20
tmpfs /run/qemu 0 1
tmpfs /dev/shm 37615726592 105411
vfs - 133961 5344 184669
vm - 4 25322061 440249011 252317 1617408 264672000 308653790 85280403 6618706 218484268 56873 0 0 0 0 0 1811072 0 311878 5997 0 1618108 94 0 3 0 0

1778477580.034729 0 node0.mimesys-workload.ldos-ut-pg0.wisc.cloudlab.us
block sda 641810 211190 50636654 349495 2703591 17784374 880498495 13076707 0 2416212 13714590
block sdb 494 0 7540 455 4 0 0 0 0 576 456
cpu 11 183007 0 56670 2978067 7319 0 5
cpu 10 209216 2 51724 2957826 9486 0 6
cpu 13 177574 0 52255 2988409 6877 0 5
cpu 12 181846 0 51266 2985449 7634 0 2
cpu 15 174745 2 49811 2994148 6776 0 4
cpu 14 168344 0 51204 2999852 6930 0 5
cpu 17 153328 0 49519 3015964 6997 0 2
cpu 16 163298 0 47852 3009651 5961 0 2
cpu 19 134680 0 36829 3048832 6225 0 1
cpu 18 180698 5 36264 3003332 6499 0 2
cpu 1 246156 0 61997 2903216 8662 0 879
cpu 0 269674 45 47144 2869661 10360 0 1160
cpu 3 266383 0 77500 2871792 7914 0 598
cpu 2 261359 0 74620 2877914 9758 0 193
cpu 5 265271 0 78764 2873285 7824 0 456
cpu 4 261997 1 79396 2874544 8301 0 115
cpu 7 208266 0 76440 2933038 6957 0 542
cpu 6 255611 0 77355 2884392 8179 0 329
cpu 9 174723 0 54004 2986700 8015 0 378
cpu 8 175936 0 61594 2979361 6581 0 340
mem 1 99033092 96188232 2844860 373924 1872016 180 0 2012836 987540 233172 7100 0 0 176592 2048 0 0
mem 0 97636988 55554248 42082740 701236 40181316 204 0 40386396 7898700 499708 28680 0 0 464208 6144 0 0
net vnet45 0 0 51074 0 0 0 0 0 0 0 0 0 286 0 58279 0 0 0 0 0 0 328 0
net lo 0 0 3998398 0 0 0 0 0 0 0 0 0 31829 0 3998398 0 0 0 0 0 0 31829 0
net vnet44 0 0 239650 0 0 0 0 0 0 0 0 0 1166 0 204296 0 0 0 0 0 0 1112 0
net eno1 0 161976 40339884071 0 0 383 0 0 0 0 0 0 30370504 0 1231435171 0 0 0 0 0 0 5974747 0
net virbr0 0 846 9964497443 0 0 0 0 0 0 0 0 0 39738830 0 38383596091 0 0 0 0 0 0 23526555 0
numa 1 119083464 18781169 10118603 29535 119039146 18825470
numa 0 118111883 10118603 18781169 29710 118110220 10119872
ps - 501903644 403787 682 570 506 7 781
sysv_shm - 0 0
tmpfs /run/lock 0 6
tmpfs /run 2125824 1105
tmpfs /run/user/20029 0 20
tmpfs /run/qemu 0 1
tmpfs /dev/shm 37615726592 105411
vfs - 133963 5344 184654
vm - 4 25322061 440249247 252317 1617408 264686216 308667609 85280408 6618706 218506505 56873 0 0 0 0 0 1811072 0 311878 5997 0 1618108 94 0 3 0 0

1778477581.076225 0 node0.mimesys-workload.ldos-ut-pg0.wisc.cloudlab.us
block sda 641811 211190 50636782 349495 2703675 17784375 880499255 13076729 0 2416224 13714612
block sdb 494 0 7540 455 4 0 0 0 0 576 456
cpu 11 183080 0 56672 2978099 7319 0 5
cpu 10 209296 2 51726 2957848 9486 0 6
cpu 13 177651 0 52256 2988437 6877 0 5
cpu 12 181926 0 51268 2985471 7634 0 2
cpu 15 174745 2 49811 2994252 6776 0 4
cpu 14 168344 0 51204 2999955 6930 0 5
cpu 17 153328 0 49519 3016067 6997 0 2
cpu 16 163298 0 47852 3009754 5961 0 2
cpu 19 134681 0 36832 3048931 6225 0 1
cpu 18 180698 5 36265 3003435 6499 0 2
cpu 1 246159 0 61999 2903315 8662 0 879
cpu 0 269676 45 47147 2869758 10360 0 1160
cpu 3 266385 0 77502 2871891 7914 0 598
cpu 2 261361 0 74623 2878012 9758 0 193
cpu 5 265274 0 78766 2873384 7825 0 456
cpu 4 261998 1 79399 2874644 8301 0 115
cpu 7 208268 0 76442 2933137 6957 0 542
cpu 6 255614 0 77358 2884491 8179 0 329
cpu 9 174798 0 54007 2986726 8015 0 378
cpu 8 176012 0 61596 2979389 6581 0 340
mem 1 99033092 96187476 2845616 373884 1869384 36 0 2012892 987124 230476 6716 0 0 176624 2048 0 0
mem 0 97636988 55550752 42086236 701276 40182696 40 0 40386500 7898048 500948 29012 0 0 464528 6144 0 0
net vnet45 0 0 53008 0 0 0 0 0 0 0 0 0 297 0 59329 0 0 0 0 0 0 338 0
net lo 0 0 3998955 0 0 0 0 0 0 0 0 0 31833 0 3998955 0 0 0 0 0 0 31833 0
net vnet44 0 0 239650 0 0 0 0 0 0 0 0 0 1166 0 204348 0 0 0 0 0 0 1113 0
net eno1 0 161984 40339891328 0 0 383 0 0 0 0 0 0 30370617 0 1231435516 0 0 0 0 0 0 5974750 0
net virbr0 0 846 9964499223 0 0 0 0 0 0 0 0 0 39738841 0 38383597089 0 0 0 0 0 0 23526564 0
numa 1 119084284 18781169 10118603 29535 119039966 18825470
numa 0 118123728 10118603 18781169 29710 118122065 10119872
ps - 501912741 403905 660 567 506 5 783
sysv_shm - 0 0
tmpfs /run/lock 0 6
tmpfs /run 2125824 1105
tmpfs /run/user/20029 0 20
tmpfs /run/qemu 0 1
tmpfs /dev/shm 37615726592 105411
vfs - 133980 5344 184788
vm - 4 25322125 440249627 252317 1617408 264698881 308680582 85280415 6618706 218526316 56874 0 0 0 0 0 1811072 0 311878 5997 0 1618108 94 0 3 0 0

1778477582.115433 0 node0.mimesys-workload.ldos-ut-pg0.wisc.cloudlab.us
block sda 641811 211190 50636782 349495 2703685 17784392 880499535 13076730 0 2416236 13714613
block sdb 494 0 7540 455 4 0 0 0 0 576 456
cpu 11 183152 0 56672 2978128 7319 0 5
cpu 10 209375 2 51726 2957872 9486 0 6
cpu 13 177735 0 52257 2988456 6877 0 5
cpu 12 181997 0 51271 2985500 7634 0 2
cpu 15 174745 2 49813 2994352 6776 0 4
cpu 14 168344 0 51207 3000056 6930 0 5
cpu 17 153328 0 49522 3016168 6997 0 2
cpu 16 163299 0 47853 3009855 5961 0 2
cpu 19 134684 0 36836 3049028 6225 0 1
cpu 18 180700 5 36268 3003535 6499 0 2
cpu 1 246160 0 62002 2903415 8662 0 879
cpu 0 269680 45 47150 2869855 10360 0 1160
cpu 3 266388 0 77504 2871989 7914 0 598
cpu 2 261369 0 74627 2878104 9758 0 193
cpu 5 265278 0 78771 2873481 7825 0 456
cpu 4 262002 1 79401 2874741 8301 0 115
cpu 7 208270 0 76443 2933238 6957 0 542
cpu 6 255615 0 77360 2884591 8179 0 329
cpu 9 174886 0 54008 2986743 8015 0 378
cpu 8 176096 0 61598 2979407 6581 0 340
mem 1 99033092 96183196 2849896 373912 1870692 140 0 2012900 987136 231760 7012 0 0 176544 2048 0 0
mem 0 97636988 55560460 42076528 701244 40181384 172 0 40386500 7898352 499572 28752 0 0 464560 6144 0 0
net vnet45 0 0 58078 0 0 0 0 0 0 0 0 0 325 0 64017 0 0 0 0 0 0 359 0
net lo 0 0 4000122 0 0 0 0 0 0 0 0 0 31841 0 4000122 0 0 0 0 0 0 31841 0
net vnet44 0 0 239650 0 0 0 0 0 0 0 0 0 1166 0 204348 0 0 0 0 0 0 1113 0
net eno1 0 161984 40339899997 0 0 383 0 0 0 0 0 0 30370747 0 1231435962 0 0 0 0 0 0 5974754 0
net virbr0 0 846 9964503901 0 0 0 0 0 0 0 0 0 39738869 0 38383601777 0 0 0 0 0 0 23526585 0
numa 1 119090680 18781169 10118603 29535 119046362 18825470
numa 0 118131753 10118603 18781169 29710 118130090 10119872
ps - 501921522 404027 660 567 506 2 783
sysv_shm - 0 0
tmpfs /run/lock 0 6
tmpfs /run 2125824 1105
tmpfs /run/user/20029 0 20
tmpfs /run/qemu 0 1
tmpfs /dev/shm 37615726592 105411
vfs - 133979 5344 184792
vm - 4 25322125 440249767 252317 1617408 264713301 308694918 85280420 6618706 218548872 56874 0 0 0 0 0 1811072 0 311878 5997 0 1618108 94 0 3 0 0

1778477583.155282 0 node0.mimesys-workload.ldos-ut-pg0.wisc.cloudlab.us
block sda 641813 211190 50637166 349497 2703872 17784392 880712343 13078804 0 2416520 13716689
block sdb 494 0 7540 455 4 0 0 0 0 576 456
cpu 11 183222 0 56673 2978161 7319 0 5
cpu 10 209449 2 51727 2957903 9486 0 6
cpu 13 177799 0 52261 2988490 6877 0 5
cpu 12 182082 0 51273 2985518 7634 0 2
cpu 15 174746 2 49814 2994453 6776 0 4
cpu 14 168346 0 51210 3000156 6930 0 5
cpu 17 153330 0 49523 3016269 6997 0 2
cpu 16 163299 0 47856 3009956 5961 0 2
cpu 19 134686 0 36838 3049130 6225 0 1
cpu 18 180702 5 36269 3003636 6499 0 2
cpu 1 246162 0 62006 2903501 8674 0 879
cpu 0 269682 45 47153 2869943 10369 0 1160
cpu 3 266392 0 77507 2872072 7928 0 598
cpu 2 261372 0 74630 2878198 9761 0 193
cpu 5 265283 0 78772 2873564 7839 0 456
cpu 4 262004 1 79404 2874829 8313 0 115
cpu 7 208275 0 76446 2933324 6967 0 542
cpu 6 255615 0 77360 2884679 8193 0 329
cpu 9 174963 0 54010 2986770 8015 0 378
cpu 8 176175 0 61599 2979430 6581 0 340
mem 1 99033092 96188492 2844600 373948 1871744 156 0 2013060 987284 232800 7280 0 0 176608 2048 0 0
mem 0 97636988 55584664 42052324 701220 40181232 204 0 40386576 7898564 499788 28488 0 0 464408 6144 0 0
net vnet45 0 0 58078 0 0 0 0 0 0 0 0 0 325 0 64069 0 0 0 0 0 0 360 0
net lo 0 0 4001289 0 0 0 0 0 0 0 0 0 31849 0 4001289 0 0 0 0 0 0 31849 0
net vnet44 0 0 239650 0 0 0 0 0 0 0 0 0 1166 0 204400 0 0 0 0 0 0 1114 0
net eno1 0 161994 40339906934 0 0 383 0 0 0 0 0 0 30370853 0 1231436462 0 0 0 0 0 0 5974759 0
net virbr0 0 846 9964503901 0 0 0 0 0 0 0 0 0 39738869 0 38383601777 0 0 0 0 0 0 23526585 0
numa 1 119098966 18781169 10118603 29535 119054648 18825470
numa 0 118137951 10118603 18781169 29710 118136288 10119872
ps - 501932056 404148 660 567 506 7 783
sysv_shm - 0 0
tmpfs /run/lock 0 6
tmpfs /run 2125824 1105
tmpfs /run/user/20029 0 20
tmpfs /run/qemu 0 1
tmpfs /dev/shm 37615726592 105411
vfs - 133965 5304 184666
vm - 4 25322317 440356171 252317 1617408 264727785 308709066 85280428 6618706 218571091 56874 0 0 0 0 0 1811072 0 311878 5997 0 1618108 94 0 3 0 0

1778477584.192739 0 node0.mimesys-workload.ldos-ut-pg0.wisc.cloudlab.us
block sda 641813 211190 50637166 349497 2703876 17784392 880712375 13078807 0 2416524 13716692
block sdb 494 0 7540 455 4 0 0 0 0 576 456
cpu 11 183295 0 56676 2978185 7319 0 5
cpu 10 209528 2 51730 2957925 9486 0 6
cpu 13 177878 0 52262 2988514 6877 0 5
cpu 12 182155 0 51276 2985542 7634 0 2
cpu 15 174747 2 49816 2994554 6776 0 4
cpu 14 168347 0 51212 3000257 6930 0 5
cpu 17 153332 0 49525 3016370 6997 0 2
cpu 16 163300 0 47858 3010056 5961 0 2
cpu 19 134688 0 36841 3049228 6225 0 1
cpu 18 180703 5 36271 3003736 6499 0 2
cpu 1 246164 0 62010 2903597 8674 0 879
cpu 0 269686 45 47154 2870040 10369 0 1160
cpu 3 266394 0 77509 2872172 7928 0 598
cpu 2 261375 0 74632 2878295 9761 0 193
cpu 5 265286 0 78774 2873662 7839 0 456
cpu 4 262007 1 79406 2874927 8313 0 115
cpu 7 208276 0 76448 2933424 6967 0 542
cpu 6 255617 0 77363 2884778 8193 0 329
cpu 9 175034 0 54011 2986798 8015 0 378
cpu 8 176259 0 61601 2979448 6581 0 340
mem 1 99033092 96174388 2858704 373916 1882992 168 0 2025328 999548 231260 6876 0 0 176640 2048 0 0
mem 0 97636988 55576852 42060136 701248 40187224 220 0 40391800 7903280 500140 28820 0 0 464376 6144 0 0
net vnet45 0 0 63016 0 0 0 0 0 0 0 0 0 351 0 68757 0 0 0 0 0 0 381 0
net lo 0 0 4001846 0 0 0 0 0 0 0 0 0 31853 0 4001846 0 0 0 0 0 0 31853 0
net vnet44 0 0 239650 0 0 0 0 0 0 0 0 0 1166 0 204400 0 0 0 0 0 0 1114 0
net eno1 0 161994 40339913291 0 0 383 0 0 0 0 0 0 30370951 0 1231436807 0 0 0 0 0 0 5974762 0
net virbr0 0 846 9964508475 0 0 0 0 0 0 0 0 0 39738895 0 38383606465 0 0 0 0 0 0 23526606 0
numa 1 119107929 18781169 10118603 29535 119063611 18825470
numa 0 118146299 10118603 18781169 29710 118144636 10119872
ps - 501940538 404264 660 567 506 3 783
sysv_shm - 0 0
tmpfs /run/lock 0 6
tmpfs /run 2125824 1105
tmpfs /run/user/20029 0 20
tmpfs /run/qemu 0 1
tmpfs /dev/shm 37615726592 105411
vfs - 133979 5264 184792
vm - 4 25322317 440356187 252317 1617408 264745096 308722090 85280435 6618706 218595469 56874 0 0 0 0 0 1811072 0 311878 5997 0 1618108 94 0 3 0 0

1778477585.226525 0 node0.mimesys-workload.ldos-ut-pg0.wisc.cloudlab.us
block sda 641813 211190 50637166 349497 2703876 17784392 880712375 13078807 0 2416524 13716692
block sdb 494 0 7540 455 4 0 0 0 0 576 456
cpu 11 183364 0 56679 2978215 7319 0 5
cpu 10 209610 2 51730 2957948 9486 0 6
cpu 13 177956 0 52264 2988542 6877 0 5
cpu 12 182226 0 51278 2985570 7634 0 2
cpu 15 174748 2 49819 2994654 6776 0 4
cpu 14 168350 0 51214 3000355 6930 0 5
cpu 17 153332 0 49528 3016470 6997 0 2
cpu 16 163302 0 47859 3010157 5961 0 2
cpu 19 134690 0 36846 3049325 6225 0 1
cpu 18 180703 5 36273 3003837 6499 0 2
cpu 1 246165 0 62012 2903696 8674 0 879
cpu 0 269690 45 47156 2870136 10369 0 1160
cpu 3 266398 0 77512 2872268 7928 0 598
cpu 2 261377 0 74636 2878392 9761 0 193
cpu 5 265287 0 78777 2873762 7839 0 456
cpu 4 262008 1 79408 2875026 8313 0 115
cpu 7 208281 0 76451 2933519 6967 0 542
cpu 6 255618 0 77365 2884878 8193 0 329
cpu 9 175108 0 54014 2986823 8015 0 378
cpu 8 176345 0 61602 2979465 6581 0 340
mem 1 99033092 96162296 2870796 373920 1891248 184 0 2033636 1007888 231596 7032 0 0 176536 2048 0 0
mem 0 97636988 55570812 42066176 701252 40188348 240 0 40391972 7904200 501096 28764 0 0 464296 6144 0 0
net vnet45 0 0 66152 0 0 0 0 0 0 0 0 0 368 0 72499 0 0 0 0 0 0 394 0
net lo 0 0 4003013 0 0 0 0 0 0 0 0 0 31861 0 4003013 0 0 0 0 0 0 31861 0
net vnet44 0 0 239650 0 0 0 0 0 0 0 0 0 1166 0 204452 0 0 0 0 0 0 1115 0
net eno1 0 162002 40339918422 0 0 383 0 0 0 0 0 0 30371027 0 1231437253 0 0 0 0 0 0 5974766 0
net virbr0 0 846 9964511373 0 0 0 0 0 0 0 0 0 39738912 0 38383610155 0 0 0 0 0 0 23526618 0
numa 1 119115992 18781169 10118603 29535 119071674 18825470
numa 0 118154545 10118603 18781169 29710 118152882 10119872
ps - 501949207 404385 660 567 506 7 783
sysv_shm - 0 0
tmpfs /run/lock 0 6
tmpfs /run 2125824 1105
tmpfs /run/user/20029 0 20
tmpfs /run/qemu 0 1
tmpfs /dev/shm 37615726592 105411
vfs - 133982 5304 184802
vm - 4 25322317 440356187 252317 1617408 264761405 308735903 85280438 6618706 218619822 56874 0 0 0 0 0 1811072 0 311878 5997 0 1618108 94 0 3 0 0

1778477586.263092 0 node0.mimesys-workload.ldos-ut-pg0.wisc.cloudlab.us
block sda 641813 211190 50637166 349497 2703962 17784392 880713159 13078829 0 2416536 13716714
block sdb 494 0 7540 455 4 0 0 0 0 576 456
cpu 11 183448 0 56681 2978235 7319 0 5
cpu 10 209691 2 51732 2957971 9486 0 6
cpu 13 178033 0 52264 2988570 6877 0 5
cpu 12 182314 0 51278 2985586 7634 0 2
cpu 15 174750 2 49820 2994754 6776 0 4
cpu 14 168351 0 51216 3000456 6930 0 5
cpu 17 153334 0 49529 3016571 6997 0 2
cpu 16 163302 0 47860 3010258 5961 0 2
cpu 19 134690 0 36847 3049426 6225 0 1
cpu 18 180704 5 36274 3003938 6499 0 2
cpu 1 246169 0 62015 2903793 8674 0 879
cpu 0 269692 45 47159 2870234 10369 0 1160
cpu 3 266403 0 77512 2872366 7928 0 598
cpu 2 261378 0 74638 2878491 9761 0 193
cpu 5 265289 0 78779 2873862 7839 0 456
cpu 4 262010 1 79410 2875125 8313 0 115
cpu 7 208283 0 76453 2933619 6967 0 542
cpu 6 255619 0 77367 2884978 8193 0 329
cpu 9 175196 0 54015 2986840 8015 0 378
cpu 8 176431 0 61606 2979477 6581 0 340
mem 1 99033092 96149444 2883648 373924 1901020 40 0 2043692 1017944 231448 6972 0 0 176496 2048 0 0
mem 0 97636988 55563532 42073456 701252 40194200 40 0 40397508 7909736 501440 28868 0 0 464528 6144 0 0
net vnet45 0 0 67522 0 0 0 0 0 0 0 0 0 373 0 73071 0 0 0 0 0 0 398 0
net lo 0 0 4003570 0 0 0 0 0 0 0 0 0 31865 0 4003570 0 0 0 0 0 0 31865 0
net vnet44 0 0 239650 0 0 0 0 0 0 0 0 0 1166 0 204452 0 0 0 0 0 0 1115 0
net eno1 0 162002 40339924239 0 0 383 0 0 0 0 0 0 30371116 0 1231437598 0 0 0 0 0 0 5974769 0
net virbr0 0 846 9964512673 0 0 0 0 0 0 0 0 0 39738917 0 38383610727 0 0 0 0 0 0 23526622 0
numa 1 119123494 18781169 10118603 29535 119079176 18825470
numa 0 118163326 10118603 18781169 29710 118161663 10119872
ps - 501956834 404500 655 567 506 7 783
sysv_shm - 0 0
tmpfs /run/lock 0 6
tmpfs /run 2125824 1105
tmpfs /run/user/20029 0 20
tmpfs /run/qemu 0 1
tmpfs /dev/shm 37615726592 105411
vfs - 133966 5264 184674
vm - 4 25322317 440356579 252317 1617408 264777689 308748306 85280440 6618706 218643317 56874 0 0 0 0 0 1811072 0 311878 5997 0 1618108 94 0 3 0 0

1778477587.304881 0 node0.mimesys-workload.ldos-ut-pg0.wisc.cloudlab.us
block sda 641813 211190 50637166 349497 2703971 17784404 880713399 13078830 0 2416548 13716716
block sdb 494 0 7540 455 4 0 0 0 0 576 456
cpu 11 183506 0 56682 2978277 7319 0 5
cpu 10 209755 2 51735 2958005 9486 0 6
cpu 13 178094 0 52265 2988612 6877 0 5
cpu 12 182384 0 51280 2985620 7634 0 2
cpu 15 174752 2 49821 2994854 6776 0 4
cpu 14 168352 0 51218 3000558 6930 0 5
cpu 17 153335 0 49533 3016671 6997 0 2
cpu 16 163305 0 47862 3010358 5961 0 2
cpu 19 134695 0 36850 3049524 6225 0 1
cpu 18 180706 5 36275 3004040 6499 0 2
cpu 1 246172 0 62018 2903891 8674 0 879
cpu 0 269692 45 47160 2870333 10369 0 1160
cpu 3 266405 0 77514 2872464 7928 0 598
cpu 2 261379 0 74640 2878592 9761 0 193
cpu 5 265292 0 78782 2873960 7839 0 456
cpu 4 262011 1 79413 2875225 8313 0 115
cpu 7 208283 0 76454 2933720 6967 0 542
cpu 6 255620 0 77372 2885075 8193 0 329
cpu 9 175254 0 54016 2986881 8015 0 378
cpu 8 176488 0 61607 2979524 6581 0 340
mem 1 99033092 96142144 2890948 373928 1902268 112 0 2044264 1018472 232044 7108 0 0 176480 2048 0 0
mem 0 97636988 55572496 42064492 701260 40192288 160 0 40397588 7909104 499432 28708 0 0 464496 6144 0 0
net vnet45 0 0 68086 0 0 0 0 0 0 0 0 0 379 0 73549 0 0 0 0 0 0 404 0
net lo 0 0 4004127 0 0 0 0 0 0 0 0 0 31869 0 4004127 0 0 0 0 0 0 31869 0
net vnet44 0 0 239650 0 0 0 0 0 0 0 0 0 1166 0 204504 0 0 0 0 0 0 1116 0
net eno1 0 162010 40339930242 0 0 383 0 0 0 0 0 0 30371208 0 1231438009 0 0 0 0 0 0 5974773 0
net virbr0 0 846 9964513153 0 0 0 0 0 0 0 0 0 39738923 0 38383611153 0 0 0 0 0 0 23526627 0
numa 1 119130776 18781169 10118603 29535 119086458 18825470
numa 0 118170082 10118603 18781169 29710 118168419 10119872
ps - 501965548 404630 655 567 506 15 785
sysv_shm - 0 0
tmpfs /run/lock 0 6
tmpfs /run 2125824 1105
tmpfs /run/user/20029 0 20
tmpfs /run/qemu 0 1
tmpfs /dev/shm 37615726592 105411
vfs - 133980 5264 184754
vm - 4 25322317 440356699 252317 1617408 264791863 308762747 85280448 6618706 218665177 56874 0 0 0 0 0 1811072 0 311878 5997 0 1618108 94 0 3 0 0

1778477588.346669 0 node0.mimesys-workload.ldos-ut-pg0.wisc.cloudlab.us
block sda 641813 211190 50637166 349497 2703971 17784404 880713399 13078830 0 2416548 13716716
block sdb 494 0 7540 455 4 0 0 0 0 576 456
cpu 11 183586 0 56684 2978301 7319 0 5
cpu 10 209841 2 51735 2958023 9486 0 6
cpu 13 178170 0 52267 2988638 6877 0 5
cpu 12 182465 0 51282 2985640 7634 0 2
cpu 15 174755 2 49824 2994954 6776 0 4
cpu 14 168355 0 51220 3000657 6930 0 5
cpu 17 153338 0 49535 3016770 6997 0 2
cpu 16 163308 0 47865 3010456 5961 0 2
cpu 19 134697 0 36855 3049620 6225 0 1
cpu 18 180708 5 36278 3004140 6499 0 2
cpu 1 246172 0 62021 2903990 8674 0 880
cpu 0 269696 45 47164 2870430 10369 0 1160
cpu 3 266406 0 77517 2872563 7928 0 598
cpu 2 261379 0 74644 2878691 9761 0 193
cpu 5 265292 0 78785 2874059 7839 0 456
cpu 4 262014 1 79415 2875325 8313 0 115
cpu 7 208287 0 76457 2933818 6967 0 542
cpu 6 255628 0 77374 2885169 8193 0 329
cpu 9 175338 0 54017 2986902 8015 0 378
cpu 8 176568 0 61607 2979545 6581 0 340
mem 1 99033092 96138368 2894724 373920 1901784 144 0 2044296 1018512 231452 6976 0 0 176664 2048 0 0
mem 0 97636988 55569732 42067256 701264 40192488 204 0 40397616 7909352 499664 28912 0 0 464656 6144 0 0
net vnet45 0 0 72958 0 0 0 0 0 0 0 0 0 404 0 78237 0 0 0 0 0 0 425 0
net lo 0 0 4005294 0 0 0 0 0 0 0 0 0 31877 0 4005294 0 0 0 0 0 0 31877 0
net vnet44 0 0 239650 0 0 0 0 0 0 0 0 0 1166 0 204504 0 0 0 0 0 0 1116 0
net eno1 0 162010 40339937653 0 0 383 0 0 0 0 0 0 30371322 0 1231438497 0 0 0 0 0 0 5974778 0
net virbr0 0 846 9964517675 0 0 0 0 0 0 0 0 0 39738948 0 38383615841 0 0 0 0 0 0 23526648 0
numa 1 119138479 18781169 10118603 29535 119094161 18825470
numa 0 118182634 10118603 18781169 29710 118180971 10119872
ps - 501974079 404816 655 567 506 22 782
sysv_shm - 0 0
tmpfs /run/lock 0 6
tmpfs /run 2125824 1105
tmpfs /run/user/20029 0 20
tmpfs /run/qemu 0 1
tmpfs /dev/shm 37615726592 105411
vfs - 133983 5224 184701
vm - 4 25322317 440356699 252317 1617408 264812347 308783397 85280453 6618706 218697511 56874 0 0 0 0 0 1811072 0 311878 5997 0 1618108 94 0 3 0 0

1778477589.381168 0 node0.mimesys-workload.ldos-ut-pg0.wisc.cloudlab.us
block sda 641813 211190 50637166 349497 2703975 17784404 880713551 13078831 0 2416552 13716717
block sdb 494 0 7540 455 4 0 0 0 0 576 456
cpu 11 183657 0 56686 2978327 7319 0 5
cpu 10 209923 2 51735 2958044 9486 0 6
cpu 13 178244 0 52271 2988663 6877 0 5
cpu 12 182536 0 51282 2985669 7634 0 2
cpu 15 174756 2 49826 2995054 6776 0 4
cpu 14 168355 0 51223 3000758 6930 0 5
cpu 17 153338 0 49537 3016871 6997 0 2
cpu 16 163309 0 47867 3010557 5961 0 2
cpu 19 134698 0 36856 3049722 6225 0 1
cpu 18 180710 5 36280 3004240 6499 0 2
cpu 1 246179 0 62024 2904082 8674 0 880
cpu 0 269697 45 47167 2870527 10369 0 1160
cpu 3 266408 0 77522 2872658 7928 0 598
cpu 2 261381 0 74648 2878789 9761 0 193
cpu 5 265294 0 78789 2874155 7839 0 456
cpu 4 262017 1 79418 2875422 8313 0 115
cpu 7 208289 0 76459 2933916 6967 0 542
cpu 6 255630 0 77377 2885266 8193 0 329
cpu 9 175416 0 54019 2986927 8015 0 378
cpu 8 176641 0 61610 2979576 6581 0 340
mem 1 99033092 96148748 2884344 373904 1901672 164 0 2044368 1018636 231276 6720 0 0 176552 2048 0 0
mem 0 97636988 55562424 42074564 701288 40195160 236 0 40397640 7910848 502332 29108 0 0 464464 6144 0 0
net vnet45 0 0 75896 0 0 0 0 0 0 0 0 0 418 0 81979 0 0 0 0 0 0 438 0
net lo 0 0 4006461 0 0 0 0 0 0 0 0 0 31885 0 4006461 0 0 0 0 0 0 31885 0
net vnet44 0 0 239650 0 0 0 0 0 0 0 0 0 1166 0 204556 0 0 0 0 0 0 1117 0
net eno1 0 162020 40339943624 0 0 383 0 0 0 0 0 0 30371412 0 1231438997 0 0 0 0 0 0 5974783 0
net virbr0 0 846 9964520417 0 0 0 0 0 0 0 0 0 39738962 0 38383619531 0 0 0 0 0 0 23526660 0
numa 1 119143440 18781169 10118603 29535 119099122 18825470
numa 0 118195006 10118603 18781169 29710 118193294 10119872
ps - 501983674 404962 655 567 506 21 781
sysv_shm - 0 0
tmpfs /run/lock 0 6
tmpfs /run 2125824 1105
tmpfs /run/user/20029 0 20
tmpfs /run/qemu 0 1
tmpfs /dev/shm 37615726592 105411
vfs - 133970 5264 184670
vm - 4 25322317 440356775 252317 1617408 264829503 308800106 85280463 6618706 218724589 56874 0 0 0 0 0 1811072 0 311878 5997 0 1618108 94 0 3 0 0

1778477590.410059 0 node0.mimesys-workload.ldos-ut-pg0.wisc.cloudlab.us
block sda 641814 211190 50637270 349498 2703979 17784404 880713583 13078834 0 2416560 13716720
block sdb 494 0 7540 455 4 0 0 0 0 576 456
cpu 11 183733 0 56689 2978353 7319 0 5
cpu 10 210004 2 51737 2958063 9486 0 6
cpu 13 178319 0 52274 2988691 6877 0 5
cpu 12 182610 0 51284 2985700 7634 0 2
cpu 15 174757 2 49828 2995154 6776 0 4
cpu 14 168355 0 51225 3000858 6930 0 5
cpu 17 153340 0 49540 3016970 6997 0 2
cpu 16 163311 0 47868 3010657 5961 0 2
cpu 19 134701 0 36860 3049818 6225 0 1
cpu 18 180711 5 36281 3004341 6499 0 2
cpu 1 246180 0 62027 2904181 8674 0 880
cpu 0 269699 45 47169 2870626 10369 0 1160
cpu 3 266409 0 77524 2872757 7928 0 598
cpu 2 261384 0 74649 2878889 9761 0 193
cpu 5 265295 0 78792 2874254 7839 0 456
cpu 4 262020 1 79420 2875521 8313 0 115
cpu 7 208290 0 76460 2934015 6967 0 542
cpu 6 255631 0 77379 2885364 8193 0 329
cpu 9 175500 0 54020 2986947 8015 0 378
cpu 8 176721 0 61612 2979602 6581 0 340
mem 1 99033092 96146120 2886972 373952 1902564 168 0 2044532 1019084 232168 7544 0 0 176528 2048 0 0
mem 0 97636988 55559148 42077840 701220 40193648 236 0 40397704 7910324 500692 28388 0 0 464504 6144 0 0
net vnet45 0 0 77830 0 0 0 0 0 0 0 0 0 429 0 82977 0 0 0 0 0 0 447 0
net lo 0 0 4007018 0 0 0 0 0 0 0 0 0 31889 0 4007018 0 0 0 0 0 0 31889 0
net vnet44 0 0 239650 0 0 0 0 0 0 0 0 0 1166 0 204556 0 0 0 0 0 0 1117 0
net eno1 0 162020 40339951421 0 0 383 0 0 0 0 0 0 30371534 0 1231439396 0 0 0 0 0 0 5974787 0
net virbr0 0 846 9964522197 0 0 0 0 0 0 0 0 0 39738973 0 38383620529 0 0 0 0 0 0 23526669 0
numa 1 119149634 18781169 10118603 29535 119105316 18825470
numa 0 118202174 10118603 18781169 29710 118200461 10119873
ps - 501992479 405082 655 567 506 10 783
sysv_shm - 0 0
tmpfs /run/lock 0 6
tmpfs /run 2125824 1105
tmpfs /run/user/20029 0 20
tmpfs /run/qemu 0 1
tmpfs /dev/shm 37615726592 105411
vfs - 133969 5184 184684
vm - 4 25322369 440356791 252317 1617408 264842692 308813597 85280472 6618706 218745386 56874 0 0 0 0 0 1811072 0 311878 5997 0 1618108 94 0 3 0 0

1778477591.440725 0 node0.mimesys-workload.ldos-ut-pg0.wisc.cloudlab.us
block sda 641814 211190 50637270 349498 2703979 17784404 880713583 13078834 0 2416560 13716720
block sdb 494 0 7540 455 4 0 0 0 0 576 456
cpu 11 183813 0 56691 2978375 7319 0 5
cpu 10 210088 2 51738 2958084 9486 0 6
cpu 13 178396 0 52276 2988713 6877 0 5
cpu 12 182689 0 51286 2985722 7634 0 2
cpu 15 174758 2 49830 2995254 6776 0 4
cpu 14 168358 0 51227 3000958 6930 0 5
cpu 17 153340 0 49542 3017070 6997 0 2
cpu 16 163312 0 47871 3010756 5961 0 2
cpu 19 134703 0 36864 3049914 6225 0 1
cpu 18 180714 5 36283 3004440 6499 0 2
cpu 1 246182 0 62029 2904279 8674 0 880
cpu 0 269701 45 47172 2870724 10369 0 1160
cpu 3 266412 0 77526 2872856 7928 0 598
cpu 2 261386 0 74652 2878986 9761 0 193
cpu 5 265295 0 78794 2874353 7839 0 456
cpu 4 262022 1 79422 2875618 8313 0 115
cpu 7 208294 0 76464 2934112 6967 0 542
cpu 6 255634 0 77380 2885463 8193 0 329
cpu 9 175570 0 54021 2986982 8015 0 378
cpu 8 176801 0 61614 2979624 6581 0 340
mem 1 99033092 96156252 2876840 373944 1902572 184 0 2044564 1018724 232116 7256 0 0 176512 2048 0 0
mem 0 97636988 55554616 42082372 701252 40194092 276 0 40397712 7910772 501532 28800 0 0 464512 6144 0 0
net vnet45 0 0 82834 0 0 0 0 0 0 0 0 0 456 0 87717 0 0 0 0 0 0 469 0
net lo 0 0 4008185 0 0 0 0 0 0 0 0 0 31897 0 4008185 0 0 0 0 0 0 31897 0
net vnet44 0 0 239650 0 0 0 0 0 0 0 0 0 1166 0 204608 0 0 0 0 0 0 1118 0
net eno1 0 162028 40339957332 0 0 383 0 0 0 0 0 0 30371623 0 1231439842 0 0 0 0 0 0 5974791 0
net virbr0 0 846 9964526823 0 0 0 0 0 0 0 0 0 39739000 0 38383625217 0 0 0 0 0 0 23526690 0
numa 1 119156653 18781169 10118603 29535 119112335 18825470
numa 0 118209914 10118603 18781169 29710 118208201 10119873
ps - 502000924 405207 634 565 506 4 781
sysv_shm - 0 0
tmpfs /run/lock 0 6
tmpfs /run 2125824 1105
tmpfs /run/user/20029 0 20
tmpfs /run/qemu 0 1
tmpfs /dev/shm 37615726592 105411
vfs - 133962 5144 184660
vm - 4 25322369 440356791 252317 1617408 264857389 308828300 85280480 6618706 218768439 56874 0 0 0 0 0 1811072 0 311878 5997 0 1618108 94 0 3 0 0

1778477592.470967 0 node0.mimesys-workload.ldos-ut-pg0.wisc.cloudlab.us
block sda 641814 211190 50637270 349498 2704079 17784419 880714663 13078851 0 2416576 13716738
block sdb 494 0 7540 455 4 0 0 0 0 576 456
cpu 11 183886 0 56692 2978404 7319 0 5
cpu 10 210171 2 51740 2958105 9486 0 6
cpu 13 178463 0 52278 2988744 6877 0 5
cpu 12 182760 0 51287 2985756 7634 0 2
cpu 15 174760 2 49834 2995352 6776 0 4
cpu 14 168359 0 51229 3001058 6930 0 5
cpu 17 153340 0 49545 3017170 6997 0 2
cpu 16 163314 0 47872 3010855 5961 0 2
cpu 19 134706 0 36865 3050014 6225 0 1
cpu 18 180715 5 36284 3004540 6499 0 2
cpu 1 246184 0 62030 2904378 8674 0 880
cpu 0 269703 45 47175 2870822 10369 0 1160
cpu 3 266413 0 77528 2872954 7928 0 598
cpu 2 261388 0 74654 2879084 9761 0 193
cpu 5 265298 0 78796 2874451 7839 0 456
cpu 4 262025 1 79424 2875716 8313 0 115
cpu 7 208296 0 76465 2934211 6967 0 542
cpu 6 255636 0 77382 2885562 8193 0 329
cpu 9 175652 0 54023 2986999 8015 0 378
cpu 8 176874 0 61615 2979651 6581 0 340
mem 1 99033092 96151356 2881736 373960 1905080 32 0 2044632 1019268 234716 7340 0 0 176480 2048 0 0
mem 0 97636988 55559160 42077828 701256 40195532 40 0 40397712 7909616 502880 28440 0 0 464604 6144 0 0
net vnet45 0 0 82834 0 0 0 0 0 0 0 0 0 456 0 87717 0 0 0 0 0 0 469 0
net lo 0 0 4009352 0 0 0 0 0 0 0 0 0 31905 0 4009352 0 0 0 0 0 0 31905 0
net vnet44 0 0 239650 0 0 0 0 0 0 0 0 0 1166 0 204608 0 0 0 0 0 0 1118 0
net eno1 0 162028 40339962643 0 0 383 0 0 0 0 0 0 30371702 0 1231440288 0 0 0 0 0 0 5974795 0
net virbr0 0 846 9964526823 0 0 0 0 0 0 0 0 0 39739000 0 38383625217 0 0 0 0 0 0 23526690 0
numa 1 119163161 18781169 10118603 29535 119118843 18825470
numa 0 118216964 10118603 18781169 29710 118215251 10119873
ps - 502009630 405327 634 565 506 6 785
sysv_shm - 0 0
tmpfs /run/lock 0 6
tmpfs /run 2125824 1105
tmpfs /run/user/20029 0 20
tmpfs /run/qemu 0 1
tmpfs /dev/shm 37615726592 105411
vfs - 133970 5264 184671
vm - 4 25322369 440357331 252317 1617408 264870969 308840954 85280484 6618706 218789779 56874 0 0 0 0 0 1811072 0 311878 5997 0 1618108 94 0 3 0 0

1778477593.499381 0 node0.mimesys-workload.ldos-ut-pg0.wisc.cloudlab.us
block sda 641816 211190 50637414 349499 2704079 17784419 880714663 13078851 0 2416580 13716739
block sdb 494 0 7540 455 4 0 0 0 0 576 456
cpu 11 183962 0 56695 2978428 7319 0 5
cpu 10 210244 2 51740 2958136 9486 0 6
cpu 13 178543 0 52280 2988766 6877 0 5
cpu 12 182834 0 51288 2985786 7634 0 2
cpu 15 174761 2 49835 2995452 6776 0 4
cpu 14 168360 0 51232 3001158 6930 0 5
cpu 17 153342 0 49546 3017269 6997 0 2
cpu 16 163315 0 47874 3010954 5961 0 2
cpu 19 134706 0 36869 3050111 6226 0 1
cpu 18 180716 5 36286 3004639 6499 0 2
cpu 1 246191 0 62033 2904470 8674 0 880
cpu 0 269706 45 47177 2870919 10369 0 1160
cpu 3 266415 0 77530 2873052 7928 0 598
cpu 2 261391 0 74656 2879183 9761 0 193
cpu 5 265298 0 78799 2874550 7839 0 456
cpu 4 262027 1 79425 2875814 8313 0 115
cpu 7 208297 0 76467 2934311 6967 0 542
cpu 6 255640 0 77384 2885661 8193 0 329
cpu 9 175728 0 54028 2987024 8015 0 378
cpu 8 176955 0 61616 2979674 6581 0 340
mem 1 99033092 96149120 2883972 373948 1903836 124 0 2044636 1018832 232872 7248 0 0 176620 2048 0 0
mem 0 97636988 55553876 42083112 701260 40192596 196 0 40397712 7910060 499596 28476 0 0 464368 6144 0 0
net vnet45 0 0 87904 0 0 0 0 0 0 0 0 0 484 0 92457 0 0 0 0 0 0 491 0
net lo 0 0 4009909 0 0 0 0 0 0 0 0 0 31909 0 4009909 0 0 0 0 0 0 31909 0
net vnet44 0 0 239650 0 0 0 0 0 0 0 0 0 1166 0 204660 0 0 0 0 0 0 1119 0
net eno1 0 162034 40339967500 0 0 383 0 0 0 0 0 0 30371775 0 1231440633 0 0 0 0 0 0 5974798 0
net virbr0 0 846 9964531501 0 0 0 0 0 0 0 0 0 39739028 0 38383629905 0 0 0 0 0 0 23526711 0
numa 1 119167109 18781169 10118603 29535 119122791 18825470
numa 0 118226281 10118603 18781169 29710 118224568 10119873
ps - 502019427 405444 634 565 506 5 727
sysv_shm - 0 0
tmpfs /run/lock 0 6
tmpfs /run 2125824 1105
tmpfs /run/user/20029 0 20
tmpfs /run/qemu 0 1
tmpfs /dev/shm 37615726592 105411
vfs - 133962 5224 184336
vm - 4 25322441 440357331 252317 1617408 264884211 308855458 85280487 6618706 218810581 56875 0 0 0 0 0 1811072 0 311878 5997 0 1618108 94 0 3 0 0

1778477594.526037 0 node0.mimesys-workload.ldos-ut-pg0.wisc.cloudlab.us
block sda 641816 211190 50637414 349499 2704079 17784419 880714663 13078851 0 2416580 13716739
block sdb 494 0 7540 455 4 0 0 0 0 576 456
cpu 11 184039 0 56697 2978456 7319 0 5
cpu 10 210326 2 51742 2958156 9486 0 6
cpu 13 178610 0 52281 2988800 6877 0 5
cpu 12 182911 0 51291 2985812 7634 0 2
cpu 15 174763 2 49836 2995551 6776 0 4
cpu 14 168361 0 51234 3001258 6930 0 5
cpu 17 153344 0 49548 3017367 6997 0 2
cpu 16 163315 0 47876 3011054 5961 0 2
cpu 19 134708 0 36873 3050207 6226 0 1
cpu 18 180717 5 36287 3004740 6499 0 2
cpu 1 246194 0 62035 2904569 8674 0 880
cpu 0 269710 45 47180 2871013 10369 0 1160
cpu 3 266419 0 77533 2873148 7928 0 598
cpu 2 261392 0 74658 2879282 9761 0 193
cpu 5 265300 0 78801 2874649 7839 0 456
cpu 4 262031 1 79428 2875909 8313 0 115
cpu 7 208299 0 76469 2934407 6967 0 542
cpu 6 255641 0 77386 2885758 8193 0 329
cpu 9 175802 0 54030 2987053 8015 0 378
cpu 8 177028 0 61618 2979702 6581 0 340
mem 1 99033092 96145344 2887748 373948 1903504 156 0 2044724 1018852 232820 7316 0 0 176492 2048 0 0
mem 0 97636988 55549340 42087648 701276 40194892 224 0 40397712 7910504 502392 28436 0 0 464264 6144 0 0
net vnet45 0 0 91040 0 0 0 0 0 0 0 0 0 501 0 96199 0 0 0 0 0 0 504 0
net lo 0 0 4011076 0 0 0 0 0 0 0 0 0 31917 0 4011076 0 0 0 0 0 0 31917 0
net vnet44 0 0 239650 0 0 0 0 0 0 0 0 0 1166 0 204712 0 0 0 0 0 0 1120 0
net eno1 0 162034 40339973471 0 0 383 0 0 0 0 0 0 30371865 0 1231441079 0 0 0 0 0 0 5974802 0
net virbr0 0 846 9964534399 0 0 0 0 0 0 0 0 0 39739045 0 38383633595 0 0 0 0 0 0 23526723 0
numa 1 119172685 18781169 10118603 29535 119128367 18825470
numa 0 118234856 10118603 18781169 29710 118233143 10119873
ps - 502028218 405566 634 565 506 6 728
sysv_shm - 0 0
tmpfs /run/lock 0 6
tmpfs /run 2125824 1105
tmpfs /run/user/20029 0 20
tmpfs /run/qemu 0 1
tmpfs /dev/shm 37615726592 105411
vfs - 133966 5224 184346
vm - 4 25322441 440357331 252317 1617408 264898360 308869275 85280491 6618706 218832821 56875 0 0 0 0 0 1811072 0 311878 5997 0 1618108 94 0 3 0 0

1778477595.551214 0 node0.mimesys-workload.ldos-ut-pg0.wisc.cloudlab.us
block sda 641816 211190 50637414 349499 2704083 17784419 880714695 13078855 0 2416584 13716742
block sdb 494 0 7540 455 4 0 0 0 0 576 456
cpu 11 184123 0 56699 2978473 7319 0 5
cpu 10 210408 2 51744 2958179 9486 0 6
cpu 13 178686 0 52282 2988827 6877 0 5
cpu 12 182986 0 51292 2985837 7634 0 2
cpu 15 174764 2 49838 2995651 6776 0 4
cpu 14 168362 0 51236 3001358 6930 0 5
cpu 17 153345 0 49550 3017467 6997 0 2
cpu 16 163317 0 47878 3011154 5961 0 2
cpu 19 134709 0 36875 3050308 6226 0 1
cpu 18 180718 5 36289 3004840 6499 0 2
cpu 1 246197 0 62036 2904667 8674 0 880
cpu 0 269712 45 47182 2871110 10369 0 1160
cpu 3 266421 0 77535 2873246 7928 0 598
cpu 2 261392 0 74662 2879381 9761 0 193
cpu 5 265301 0 78803 2874746 7839 0 456
cpu 4 262034 1 79429 2876006 8313 0 115
cpu 7 208300 0 76471 2934506 6967 0 542
cpu 6 255643 0 77388 2885858 8193 0 329
cpu 9 175880 0 54033 2987076 8015 0 378
cpu 8 177104 0 61620 2979726 6581 0 340
mem 1 99033092 96143584 2889508 373960 1903008 156 0 2044760 1018548 232384 7212 0 0 176428 2048 0 0
mem 0 97636988 55547328 42089660 701256 40193428 228 0 40397732 7910080 500524 28572 0 0 464120 6144 0 0
net vnet45 0 0 92974 0 0 0 0 0 0 0 0 0 512 0 97197 0 0 0 0 0 0 513 0
net lo 0 0 4011633 0 0 0 0 0 0 0 0 0 31921 0 4011633 0 0 0 0 0 0 31921 0
net vnet44 0 0 239650 0 0 0 0 0 0 0 0 0 1166 0 204712 0 0 0 0 0 0 1120 0
net eno1 0 162045 40339977728 0 0 383 0 0 0 0 0 0 30371928 0 1231441424 0 0 0 0 0 0 5974805 0
net virbr0 0 846 9964536179 0 0 0 0 0 0 0 0 0 39739056 0 38383634593 0 0 0 0 0 0 23526732 0
numa 1 119177109 18781169 10118603 29535 119132791 18825470
numa 0 118242976 10118603 18781169 29710 118241263 10119873
ps - 502036189 405682 634 565 506 5 728
sysv_shm - 0 0
tmpfs /run/lock 0 6
tmpfs /run 2125824 1105
tmpfs /run/user/20029 0 20
tmpfs /run/qemu 0 1
tmpfs /dev/shm 37615726592 105411
vfs - 133962 5184 184328
vm - 4 25322441 440357347 252317 1617408 264910904 308882146 85280496 6618706 218852606 56875 0 0 0 0 0 1811072 0 311878 5997 0 1618108 94 0 3 0 0

1778477596.575080 0 node0.mimesys-workload.ldos-ut-pg0.wisc.cloudlab.us
block sda 641818 211190 50637670 349500 2704083 17784419 880714695 13078855 0 2416596 13716743
block sdb 494 0 7540 455 4 0 0 0 0 576 456
cpu 11 184190 0 56702 2978511 7319 0 5
cpu 10 210482 2 51746 2958206 9486 0 6
cpu 13 178762 0 52283 2988854 6877 0 5
cpu 12 183058 0 51293 2985865 7634 0 2
cpu 15 174765 2 49840 2995751 6776 0 4
cpu 14 168362 0 51238 3001458 6930 0 5
cpu 17 153346 0 49552 3017566 6997 0 2
cpu 16 163318 0 47879 3011254 5961 0 2
cpu 19 134711 0 36879 3050404 6226 0 1
cpu 18 180719 5 36291 3004939 6499 0 2
cpu 1 246200 0 62040 2904763 8674 0 880
cpu 0 269713 45 47185 2871208 10369 0 1160
cpu 3 266424 0 77536 2873344 7928 0 598
cpu 2 261393 0 74665 2879479 9761 0 193
cpu 5 265302 0 78805 2874845 7839 0 456
cpu 4 262040 1 79433 2876098 8313 0 115
cpu 7 208301 0 76474 2934604 6967 0 542
cpu 6 255646 0 77389 2885955 8193 0 329
cpu 9 175952 0 54035 2987101 8015 0 378
cpu 8 177183 0 61623 2979752 6581 0 340
mem 1 99033092 96140568 2892524 373960 1902708 192 0 2044764 1018700 232540 7064 0 0 176372 2048 0 0
mem 0 97636988 55544812 42092176 701268 40195300 252 0 40397876 7909984 502216 28536 0 0 464176 6144 0 0
net vnet45 0 0 97570 0 0 0 0 0 0 0 0 0 535 0 101601 0 0 0 0 0 0 531 0
net lo 0 0 4012800 0 0 0 0 0 0 0 0 0 31929 0 4012800 0 0 0 0 0 0 31929 0
net vnet44 0 0 239650 0 0 0 0 0 0 0 0 0 1166 0 204764 0 0 0 0 0 0 1121 0
net eno1 0 162045 40339983761 0 0 383 0 0 0 0 0 0 30372014 0 1231441960 0 0 0 0 0 0 5974810 0
net virbr0 0 846 9964540453 0 0 0 0 0 0 0 0 0 39739079 0 38383638945 0 0 0 0 0 0 23526749 0
numa 1 119182379 18781169 10118603 29535 119138061 18825470
numa 0 118252005 10118603 18781169 29710 118250292 10119873
ps - 502045930 405803 632 565 506 5 728
sysv_shm - 0 0
tmpfs /run/lock 0 6
tmpfs /run 2125824 1105
tmpfs /run/user/20029 0 20
tmpfs /run/qemu 0 1
tmpfs /dev/shm 37615726592 105411
vfs - 133966 5184 184352
vm - 4 25322569 440357347 252317 1617408 264925203 308896008 85280498 6618706 218874921 56877 0 0 0 0 0 1811072 0 311878 5997 0 1618108 94 0 3 0 0

1778477597.598023 0 node0.mimesys-workload.ldos-ut-pg0.wisc.cloudlab.us
block sda 641818 211190 50637670 349500 2704172 17784431 880715679 13078870 0 2416608 13716759
block sdb 494 0 7540 455 4 0 0 0 0 576 456
cpu 11 184266 0 56704 2978538 7319 0 5
cpu 10 210544 2 51748 2958245 9486 0 6
cpu 13 178829 0 52286 2988888 6877 0 5
cpu 12 183128 0 51294 2985899 7634 0 2
cpu 15 174766 2 49841 2995851 6776 0 4
cpu 14 168363 0 51239 3001558 6930 0 5
cpu 17 153347 0 49553 3017665 6997 0 2
cpu 16 163319 0 47880 3011354 5961 0 2
cpu 19 134713 0 36883 3050500 6226 0 1
cpu 18 180721 5 36292 3005039 6499 0 2
cpu 1 246200 0 62043 2904861 8674 0 880
cpu 0 269714 45 47189 2871305 10369 0 1160
cpu 3 266426 0 77536 2873443 7928 0 598
cpu 2 261397 0 74669 2879574 9761 0 193
cpu 5 265302 0 78808 2874944 7839 0 456
cpu 4 262042 1 79434 2876196 8313 0 115
cpu 7 208304 0 76476 2934700 6967 0 542
cpu 6 255648 0 77391 2886052 8193 0 329
cpu 9 176010 0 54037 2987144 8015 0 378
cpu 8 177253 0 61626 2979782 6581 0 340
mem 1 99033092 96138300 2894792 373952 1902828 36 0 2044772 1018760 232156 6932 0 0 176404 2048 0 0
mem 0 97636988 55540788 42096200 701268 40194788 52 0 40397880 7910100 502232 28956 0 0 464136 6144 0 0
net vnet45 0 0 98134 0 0 0 0 0 0 0 0 0 541 0 102027 0 0 0 0 0 0 536 0
net lo 0 0 4013357 0 0 0 0 0 0 0 0 0 31933 0 4013357 0 0 0 0 0 0 31933 0
net vnet44 0 0 239650 0 0 0 0 0 0 0 0 0 1166 0 204764 0 0 0 0 0 0 1121 0
net eno1 0 162056 40339988858 0 0 383 0 0 0 0 0 0 30372091 0 1231442359 0 0 0 0 0 0 5974814 0
net virbr0 0 846 9964540933 0 0 0 0 0 0 0 0 0 39739085 0 38383639371 0 0 0 0 0 0 23526754 0
numa 1 119187264 18781169 10118603 29535 119142946 18825470
numa 0 118260723 10118603 18781169 29710 118259010 10119873
ps - 502053357 405927 632 565 506 7 731
sysv_shm - 0 0
tmpfs /run/lock 0 6
tmpfs /run 2125824 1105
tmpfs /run/user/20029 0 20
tmpfs /run/qemu 0 1
tmpfs /dev/shm 37615726592 105411
vfs - 133967 5224 184347
vm - 4 25322569 440357839 252317 1617408 264938837 308909831 85280506 6618706 218896004 56877 0 0 0 0 0 1811072 0 311878 5997 0 1618108 94 0 3 0 0

1778477598.621541 0 node0.mimesys-workload.ldos-ut-pg0.wisc.cloudlab.us
block sda 641819 211190 50637686 349500 2704180 17784431 880715871 13078871 0 2416620 13716761
block sdb 494 0 7540 455 4 0 0 0 0 576 456
cpu 11 184340 0 56705 2978567 7319 0 5
cpu 10 210624 2 51749 2958267 9486 0 6
cpu 13 178905 0 52288 2988917 6877 0 5
cpu 12 183210 0 51294 2985923 7634 0 2
cpu 15 174767 2 49841 2995952 6776 0 4
cpu 14 168364 0 51240 3001659 6930 0 5
cpu 17 153348 0 49553 3017766 6997 0 2
cpu 16 163319 0 47881 3011455 5961 0 2
cpu 19 134714 0 36884 3050601 6226 0 1
cpu 18 180723 5 36293 3005139 6499 0 2
cpu 1 246206 0 62047 2904953 8674 0 880
cpu 0 269715 45 47192 2871402 10369 0 1160
cpu 3 266429 0 77539 2873540 7928 0 598
cpu 2 261400 0 74670 2879672 9761 0 193
cpu 5 265306 0 78810 2875041 7839 0 456
cpu 4 262044 1 79439 2876290 8313 0 115
cpu 7 208306 0 76478 2934797 6967 0 542
cpu 6 255650 0 77393 2886150 8193 0 329
cpu 9 176094 0 54039 2987160 8015 0 378
cpu 8 177322 0 61628 2979811 6581 0 340
mem 1 99033092 96164740 2868352 373944 1901472 116 0 2044828 1018876 230656 6916 0 0 176268 2048 0 0
mem 0 97636988 55537264 42099724 701292 40194364 208 0 40397916 7910132 501616 28712 0 0 464224 6144 0 0
net vnet45 0 0 103138 0 0 0 0 0 0 0 0 0 568 0 106767 0 0 0 0 0 0 558 0
net lo 0 0 4014524 0 0 0 0 0 0 0 0 0 31941 0 4014524 0 0 0 0 0 0 31941 0
net vnet44 0 0 239650 0 0 0 0 0 0 0 0 0 1166 0 204816 0 0 0 0 0 0 1122 0
net eno1 0 162056 40339993449 0 0 383 0 0 0 0 0 0 30372158 0 1231442805 0 0 0 0 0 0 5974818 0
net virbr0 0 846 9964545559 0 0 0 0 0 0 0 0 0 39739112 0 38383644059 0 0 0 0 0 0 23526775 0
numa 1 119189084 18781169 10118603 29535 119144766 18825470
numa 0 118272884 10118603 18781169 29710 118271171 10119873
ps - 502062609 406046 632 565 506 6 728
sysv_shm - 0 0
tmpfs /run/lock 0 6
tmpfs /run 2125824 1105
tmpfs /run/user/20029 0 20
tmpfs /run/qemu 0 1
tmpfs /dev/shm 37615726592 105411
vfs - 133962 5224 184334
vm - 4 25322577 440357935 252317 1617408 264952787 308923971 85280510 6618706 218918008 56877 0 0 0 0 0 1811072 0 311878 5997 0 1618108 94 0 3 0 0

1778477599.640205 0 node0.mimesys-workload.ldos-ut-pg0.wisc.cloudlab.us
block sda 641819 211190 50637686 349500 2704180 17784431 880715871 13078871 0 2416620 13716761
block sdb 494 0 7540 455 4 0 0 0 0 576 456
cpu 11 184411 0 56708 2978596 7319 0 5
cpu 10 210698 2 51750 2958293 9486 0 6
cpu 13 178976 0 52291 2988950 6877 0 5
cpu 12 183283 0 51297 2985949 7634 0 2
cpu 15 174772 2 49842 2996048 6776 0 4
cpu 14 168364 0 51242 3001758 6930 0 5
cpu 17 153349 0 49555 3017864 6997 0 2
cpu 16 163321 0 47882 3011554 5961 0 2
cpu 19 134717 0 36887 3050696 6226 0 1
cpu 18 180723 5 36296 3005237 6499 0 2
cpu 1 246208 0 62048 2905051 8674 0 880
cpu 0 269717 45 47196 2871497 10369 0 1160
cpu 3 266431 0 77542 2873637 7928 0 598
cpu 2 261403 0 74673 2879767 9761 0 193
cpu 5 265306 0 78811 2875140 7839 0 456
cpu 4 262047 1 79440 2876390 8313 0 115
cpu 7 208306 0 76480 2934896 6967 0 542
cpu 6 255652 0 77395 2886248 8193 0 329
cpu 9 176157 0 54040 2987196 8015 0 378
cpu 8 177400 0 61629 2979834 6581 0 340
mem 1 99033092 96159624 2873468 373948 1904268 128 0 2044828 1019440 233512 7040 0 0 176324 2048 0 0
mem 0 97636988 55533992 42102996 701252 40193900 260 0 40397920 7909952 500808 28968 0 0 464224 6144 0 0
net vnet45 0 0 106076 0 0 0 0 0 0 0 0 0 582 0 110457 0 0 0 0 0 0 570 0
net lo 0 0 4015691 0 0 0 0 0 0 0 0 0 31949 0 4015691 0 0 0 0 0 0 31949 0
net vnet44 0 0 239650 0 0 0 0 0 0 0 0 0 1166 0 204816 0 0 0 0 0 0 1122 0
net eno1 0 162064 40339999960 0 0 383 0 0 0 0 0 0 30372257 0 1231443251 0 0 0 0 0 0 5974822 0
net virbr0 0 846 9964548301 0 0 0 0 0 0 0 0 0 39739126 0 38383647749 0 0 0 0 0 0 23526787 0
numa 1 119197710 18781169 10118603 29535 119153392 18825470
numa 0 118278492 10118603 18781169 29710 118276779 10119873
ps - 502071477 406167 632 565 506 7 728
sysv_shm - 0 0
tmpfs /run/lock 0 6
tmpfs /run 2125824 1105
tmpfs /run/user/20029 0 20
tmpfs /run/qemu 0 1
tmpfs /dev/shm 37615726592 105411
vfs - 133965 5224 184344
vm - 4 25322577 440357935 252317 1617408 264967021 308937857 85280516 6618706 218940239 56877 0 0 0 0 0 1811072 0 311878 5997 0 1618108 94 0 3 0 0

1778477600.679553 0 node0.mimesys-workload.ldos-ut-pg0.wisc.cloudlab.us
block sda 641820 211190 50637814 349501 2704183 17784431 880715895 13078873 0 2416632 13716763
block sdb 494 0 7540 455 4 0 0 0 0 576 456
cpu 11 184481 0 56710 2978632 7319 0 5
cpu 10 210780 2 51752 2958317 9486 0 6
cpu 13 179051 0 52294 2988978 6877 0 5
cpu 12 183354 0 51300 2985981 7634 0 2
cpu 15 174773 2 49846 2996148 6776 0 4
cpu 14 168365 0 51244 3001859 6930 0 5
cpu 17 153350 0 49557 3017965 6997 0 2
cpu 16 163322 0 47884 3011655 5961 0 2
cpu 19 134720 0 36891 3050793 6226 0 1
cpu 18 180726 5 36297 3005338 6499 0 2
cpu 1 246210 0 62050 2905152 8674 0 880
cpu 0 269719 45 47197 2871597 10369 0 1160
cpu 3 266433 0 77544 2873738 7928 0 598
cpu 2 261405 0 74674 2879868 9761 0 193
cpu 5 265307 0 78812 2875242 7839 0 456
cpu 4 262050 1 79441 2876489 8313 0 115
cpu 7 208307 0 76481 2934997 6967 0 542
cpu 6 255653 0 77397 2886348 8193 0 329
cpu 9 176231 0 54042 2987225 8015 0 378
cpu 8 177479 0 61632 2979859 6581 0 340
mem 1 99033092 96155612 2877480 373964 1904884 148 0 2044908 1019440 234964 7304 0 0 176436 2048 0 0
mem 0 97636988 55532988 42104000 701264 40191900 268 0 40397920 7910576 498768 28360 0 0 464000 6144 0 0
net vnet45 0 0 108010 0 0 0 0 0 0 0 0 0 593 0 111507 0 0 0 0 0 0 580 0
net lo 0 0 4016248 0 0 0 0 0 0 0 0 0 31953 0 4016248 0 0 0 0 0 0 31953 0
net vnet44 0 0 239650 0 0 0 0 0 0 0 0 0 1166 0 204868 0 0 0 0 0 0 1123 0
net eno1 0 162064 40340005657 0 0 383 0 0 0 0 0 0 30372344 0 1231443596 0 0 0 0 0 0 5974825 0
net virbr0 0 846 9964550081 0 0 0 0 0 0 0 0 0 39739137 0 38383648747 0 0 0 0 0 0 23526796 0
numa 1 119205528 18781169 10118603 29535 119161210 18825470
numa 0 118283394 10118603 18781169 29710 118281681 10119873
ps - 502080575 406283 632 565 506 7 728
sysv_shm - 0 0
tmpfs /run/lock 0 6
tmpfs /run 2125824 1105
tmpfs /run/user/20029 0 20
tmpfs /run/qemu 0 1
tmpfs /dev/shm 37615726592 105411
vfs - 133964 5144 184350
vm - 4 25322641 440357947 252317 1617408 264979741 308950951 85280524 6618706 218960030 56878 0 0 0 0 0 1811072 0 311878 5997 0 1618108 94 0 3 0 0

1778477601.706425 0 node0.mimesys-workload.ldos-ut-pg0.wisc.cloudlab.us
block sda 641821 211190 50637942 349501 2704183 17784431 880715895 13078873 0 2416636 13716764
block sdb 494 0 7540 455 4 0 0 0 0 576 456
cpu 11 184553 0 56712 2978663 7319 0 5
cpu 10 210860 2 51753 2958341 9486 0 6
cpu 13 179128 0 52296 2989004 6877 0 5
cpu 12 183428 0 51302 2986007 7634 0 2
cpu 15 174779 2 49848 2996242 6776 0 4
cpu 14 168366 0 51246 3001959 6930 0 5
cpu 17 153352 0 49558 3018065 6997 0 2
cpu 16 163324 0 47886 3011755 5961 0 2
cpu 19 134721 0 36894 3050893 6226 0 1
cpu 18 180727 5 36299 3005437 6499 0 2
cpu 1 246213 0 62050 2905249 8674 0 880
cpu 0 269720 45 47200 2871695 10369 0 1160
cpu 3 266437 0 77548 2873832 7928 0 598
cpu 2 261407 0 74676 2879966 9761 0 193
cpu 5 265308 0 78814 2875340 7839 0 456
cpu 4 262052 1 79442 2876587 8313 0 115
cpu 7 208308 0 76482 2935097 6967 0 542
cpu 6 255656 0 77399 2886445 8193 0 329
cpu 9 176314 0 54043 2987244 8015 0 378
cpu 8 177556 0 61634 2979889 6581 0 340
mem 1 99033092 96152344 2880748 373992 1905320 160 0 2044956 1019920 234520 7280 0 0 176356 2048 0 0
mem 0 97636988 55542284 42094704 701252 40192040 308 0 40398004 7909972 498860 28400 0 0 463968 6144 0 0
net vnet45 0 0 113014 0 0 0 0 0 0 0 0 0 620 0 116129 0 0 0 0 0 0 600 0
net lo 0 0 4017415 0 0 0 0 0 0 0 0 0 31961 0 4017415 0 0 0 0 0 0 31961 0
net vnet44 0 0 239650 0 0 0 0 0 0 0 0 0 1166 0 204868 0 0 0 0 0 0 1123 0
net eno1 0 162069 40340011448 0 0 383 0 0 0 0 0 0 30372431 0 1231444042 0 0 0 0 0 0 5974829 0
net virbr0 0 846 9964554707 0 0 0 0 0 0 0 0 0 39739164 0 38383653369 0 0 0 0 0 0 23526816 0
numa 1 119212618 18781169 10118603 29535 119168300 18825470
numa 0 118290642 10118603 18781169 29710 118288929 10119873
ps - 502089522 406405 693 579 511 7 728
sysv_shm - 0 0
tmpfs /run/lock 0 6
tmpfs /run 2125824 1105
tmpfs /run/user/20029 0 20
tmpfs /run/qemu 0 1
tmpfs /dev/shm 37615726592 105411
vfs - 133962 5224 184334
vm - 4 25322705 440357947 252317 1617408 264994079 308965267 85280530 6618706 218982522 56879 0 0 0 0 0 1811072 0 311878 5997 0 1618108 94 0 3 0 0

1778477602.726828 0 node0.mimesys-workload.ldos-ut-pg0.wisc.cloudlab.us
block sda 641821 211190 50637942 349501 2704274 17784444 880716895 13078895 0 2416652 13716786
block sdb 494 0 7540 455 4 0 0 0 0 576 456
cpu 11 184627 0 56714 2978693 7319 0 5
cpu 10 210935 2 51754 2958369 9486 0 6
cpu 13 179207 0 52297 2989029 6877 0 5
cpu 12 183498 0 51306 2986036 7634 0 2
cpu 15 174780 2 49848 2996342 6776 0 4
cpu 14 168367 0 51246 3002059 6930 0 5
cpu 17 153352 0 49560 3018164 6997 0 2
cpu 16 163324 0 47887 3011854 5961 0 2
cpu 19 134724 0 36898 3050987 6226 0 1
cpu 18 180728 5 36300 3005537 6499 0 2
cpu 1 246216 0 62050 2905346 8674 0 880
cpu 0 269723 45 47202 2871793 10369 0 1160
cpu 3 266437 0 77550 2873930 7928 0 598
cpu 2 261410 0 74677 2880064 9761 0 193
cpu 5 265309 0 78816 2875438 7839 0 456
cpu 4 262052 1 79446 2876686 8313 0 115
cpu 7 208310 0 76484 2935195 6967 0 542
cpu 6 255657 0 77401 2886544 8193 0 329
cpu 9 176391 0 54046 2987267 8015 0 378
cpu 8 177616 0 61636 2979932 6581 0 340
mem 1 99033092 96150832 2882260 373988 1905640 36 0 2044964 1019124 234276 7148 0 0 176468 2048 0 0
mem 0 97636988 55552500 42084488 701252 40194956 60 0 40398004 7910596 501756 28500 0 0 463960 6144 0 0
net vnet45 0 0 113080 0 0 0 0 0 0 0 0 0 621 0 116247 0 0 0 0 0 0 602 0
net lo 0 0 4018582 0 0 0 0 0 0 0 0 0 31969 0 4018582 0 0 0 0 0 0 31969 0
net vnet44 0 0 239650 0 0 0 0 0 0 0 0 0 1166 0 204920 0 0 0 0 0 0 1124 0
net eno1 0 162069 40340016605 0 0 383 0 0 0 0 0 0 30372509 0 1231444387 0 0 0 0 0 0 5974832 0
net virbr0 0 846 9964554759 0 0 0 0 0 0 0 0 0 39739165 0 38383653435 0 0 0 0 0 0 23526817 0
numa 1 119217225 18781169 10118603 29535 119172907 18825470
numa 0 118299490 10118603 18781169 29710 118297776 10119874
ps - 502098097 406525 693 579 511 5 732
sysv_shm - 0 0
tmpfs /run/lock 0 6
tmpfs /run 2125824 1105
tmpfs /run/user/20029 0 20
tmpfs /run/qemu 0 1
tmpfs /dev/shm 37615726592 105411
vfs - 133972 5344 184361
vm - 4 25322705 440358447 252317 1617408 265007545 308977974 85280537 6618706 219003575 56879 0 0 0 0 0 1811072 0 311878 5997 0 1618108 94 0 3 0 0

1778477603.758659 0 node0.mimesys-workload.ldos-ut-pg0.wisc.cloudlab.us
block sda 641821 211190 50637942 349501 2704439 17784446 880718671 13078910 0 2416672 13716801
block sdb 494 0 7540 455 4 0 0 0 0 576 456
cpu 11 184698 0 56717 2978722 7319 0 5
cpu 10 211012 2 51756 2958391 9486 0 6
cpu 13 179284 0 52298 2989056 6877 0 5
cpu 12 183568 0 51308 2986065 7634 0 2
cpu 15 174785 2 49850 2996438 6776 0 4
cpu 14 168369 0 51248 3002159 6930 0 5
cpu 17 153354 0 49562 3018264 6997 0 2
cpu 16 163325 0 47888 3011955 5961 0 2
cpu 19 134729 0 36901 3051082 6226 0 1
cpu 18 180730 5 36302 3005637 6499 0 2
cpu 1 246218 0 62052 2905443 8674 0 880
cpu 0 269723 45 47205 2871891 10369 0 1160
cpu 3 266439 0 77552 2874030 7928 0 598
cpu 2 261411 0 74678 2880162 9761 0 193
cpu 5 265311 0 78818 2875538 7839 0 456
cpu 4 262056 1 79447 2876783 8313 0 115
cpu 7 208312 0 76487 2935293 6967 0 542
cpu 6 255660 0 77404 2886640 8193 0 329
cpu 9 176470 0 54047 2987290 8015 0 378
cpu 8 177703 0 61638 2979951 6581 0 340
mem 1 99033092 96147304 2885788 373964 1905432 116 0 2046112 1020280 233468 7424 0 0 176380 2048 0 0
mem 0 97636988 55545616 42091372 701288 40195928 196 0 40400020 7912164 501240 28724 0 0 464072 6144 0 0
net vnet45 0 0 118150 0 0 0 0 0 0 0 0 0 649 0 120935 0 0 0 0 0 0 623 0
net lo 0 0 4019139 0 0 0 0 0 0 0 0 0 31973 0 4019139 0 0 0 0 0 0 31973 0
net vnet44 0 0 239650 0 0 0 0 0 0 0 0 0 1166 0 204920 0 0 0 0 0 0 1124 0
net eno1 0 162080 40340022682 0 0 383 0 0 0 0 0 0 30372597 0 1231444732 0 0 0 0 0 0 5974835 0
net virbr0 0 846 9964559437 0 0 0 0 0 0 0 0 0 39739193 0 38383658123 0 0 0 0 0 0 23526838 0
numa 1 119224373 18781169 10118603 29535 119180055 18825470
numa 0 118306653 10118603 18781169 29710 118304939 10119874
ps - 502108264 406646 693 579 511 6 732
sysv_shm - 0 0
tmpfs /run/lock 0 6
tmpfs /run 2125824 1105
tmpfs /run/user/20029 0 20
tmpfs /run/qemu 0 1
tmpfs /dev/shm 37615726592 105411
vfs - 133964 5224 184374
vm - 4 25322705 440359335 252317 1617408 265021846 308992187 85280544 6618706 219025450 56879 0 0 0 0 0 1811072 0 311878 5997 0 1618108 94 0 3 0 0

1778477604.789120 0 node0.mimesys-workload.ldos-ut-pg0.wisc.cloudlab.us
block sda 641821 211190 50637942 349501 2704439 17784446 880718671 13078910 0 2416672 13716801
block sdb 494 0 7540 455 4 0 0 0 0 576 456
cpu 11 184778 0 56720 2978743 7319 0 5
cpu 10 211087 2 51756 2958421 9486 0 6
cpu 13 179363 0 52300 2989078 6877 0 5
cpu 12 183640 0 51309 2986096 7634 0 2
cpu 15 174791 2 49853 2996533 6776 0 4
cpu 14 168369 0 51250 3002259 6930 0 5
cpu 17 153354 0 49565 3018365 6997 0 2
cpu 16 163327 0 47889 3012055 5961 0 2
cpu 19 134730 0 36903 3051183 6226 0 1
cpu 18 180730 5 36304 3005737 6499 0 2
cpu 1 246221 0 62054 2905538 8674 0 880
cpu 0 269726 45 47208 2871987 10369 0 1160
cpu 3 266441 0 77553 2874129 7928 0 598
cpu 2 261412 0 74681 2880262 9761 0 193
cpu 5 265314 0 78822 2875633 7839 0 456
cpu 4 262061 1 79449 2876880 8313 0 115
cpu 7 208316 0 76491 2935388 6967 0 542
cpu 6 255663 0 77405 2886739 8193 0 329
cpu 9 176548 0 54049 2987315 8015 0 378
cpu 8 177768 0 61640 2979983 6581 0 340
mem 1 99033092 96158436 2874656 373980 1904736 148 0 2046116 1020636 232808 7056 0 0 176244 2048 0 0
mem 0 97636988 55540328 42096660 701272 40197132 220 0 40400032 7912948 501844 28584 0 0 464180 6144 0 0
net vnet45 0 0 121286 0 0 0 0 0 0 0 0 0 666 0 124677 0 0 0 0 0 0 636 0
net lo 0 0 4020306 0 0 0 0 0 0 0 0 0 31981 0 4020306 0 0 0 0 0 0 31981 0
net vnet44 0 0 239650 0 0 0 0 0 0 0 0 0 1166 0 204972 0 0 0 0 0 0 1125 0
net eno1 0 162080 40340027993 0 0 383 0 0 0 0 0 0 30372676 0 1231445178 0 0 0 0 0 0 5974839 0
net virbr0 0 846 9964562335 0 0 0 0 0 0 0 0 0 39739210 0 38383661813 0 0 0 0 0 0 23526850 0
numa 1 119229263 18781169 10118603 29535 119184945 18825470
numa 0 118315881 10118603 18781169 29710 118314167 10119874
ps - 502117119 406768 693 579 511 5 732
sysv_shm - 0 0
tmpfs /run/lock 0 6
tmpfs /run 2125824 1105
tmpfs /run/user/20029 0 20
tmpfs /run/qemu 0 1
tmpfs /dev/shm 37615726592 105411
vfs - 133964 5224 184354
vm - 4 25322705 440359335 252317 1617408 265035964 309005942 85280546 6618706 219047679 56879 0 0 0 0 0 1811072 0 311878 5997 0 1618108 94 0 3 0 0

1778477605.817644 0 node0.mimesys-workload.ldos-ut-pg0.wisc.cloudlab.us
block sda 641821 211190 50637942 349501 2704444 17784446 880718711 13078912 0 2416676 13716803
block sdb 494 0 7540 455 4 0 0 0 0 576 456
cpu 11 184850 0 56721 2978772 7319 0 5
cpu 10 211160 2 51758 2958448 9486 0 6
cpu 13 179440 0 52301 2989103 6877 0 5
cpu 12 183714 0 51311 2986123 7634 0 2
cpu 15 174793 2 49853 2996635 6776 0 4
cpu 14 168369 0 51251 3002360 6930 0 5
cpu 17 153355 0 49565 3018466 6997 0 2
cpu 16 163327 0 47889 3012157 5961 0 2
cpu 19 134731 0 36907 3051281 6226 0 1
cpu 18 180731 5 36304 3005839 6499 0 2
cpu 1 246222 0 62056 2905638 8674 0 880
cpu 0 269729 45 47212 2872084 10369 0 1160
cpu 3 266443 0 77555 2874228 7928 0 598
cpu 2 261414 0 74683 2880361 9761 0 193
cpu 5 265317 0 78824 2875732 7839 0 456
cpu 4 262062 1 79452 2876977 8313 0 115
cpu 7 208319 0 76492 2935487 6967 0 542
cpu 6 255665 0 77408 2886836 8193 0 329
cpu 9 176618 0 54052 2987344 8015 0 378
cpu 8 177844 0 61643 2980007 6581 0 340
mem 1 99033092 96171720 2861372 373960 1903456 152 0 2046120 1020608 231400 7060 0 0 176292 2048 0 0
mem 0 97636988 55536552 42100436 701272 40196364 244 0 40400040 7913128 501080 28476 0 0 464216 6144 0 0
net vnet45 0 0 123220 0 0 0 0 0 0 0 0 0 677 0 125675 0 0 0 0 0 0 645 0
net lo 0 0 4020863 0 0 0 0 0 0 0 0 0 31985 0 4020863 0 0 0 0 0 0 31985 0
net vnet44 0 0 239650 0 0 0 0 0 0 0 0 0 1166 0 204972 0 0 0 0 0 0 1125 0
net eno1 0 162088 40340033690 0 0 383 0 0 0 0 0 0 30372763 0 1231445523 0 0 0 0 0 0 5974842 0
net virbr0 0 846 9964564115 0 0 0 0 0 0 0 0 0 39739221 0 38383662811 0 0 0 0 0 0 23526859 0
numa 1 119231846 18781169 10118603 29535 119187528 18825470
numa 0 118325935 10118603 18781169 29710 118324221 10119874
ps - 502126278 406884 678 578 511 2 732
sysv_shm - 0 0
tmpfs /run/lock 0 6
tmpfs /run 2125824 1105
tmpfs /run/user/20029 0 20
tmpfs /run/qemu 0 1
tmpfs /dev/shm 37615726592 105411
vfs - 133963 5224 184366
vm - 4 25322705 440359355 252317 1617408 265048600 309018922 85280550 6618706 219067448 56879 0 0 0 0 0 1811072 0 311878 5997 0 1618108 94 0 3 0 0

1778477606.853473 0 node0.mimesys-workload.ldos-ut-pg0.wisc.cloudlab.us
block sda 641821 211190 50637942 349501 2704444 17784446 880718711 13078912 0 2416676 13716803
block sdb 494 0 7540 455 4 0 0 0 0 576 456
cpu 11 184922 0 56724 2978803 7319 0 5
cpu 10 211236 2 51761 2958473 9486 0 6
cpu 13 179512 0 52304 2989133 6877 0 5
cpu 12 183793 0 51314 2986149 7634 0 2
cpu 15 174797 2 49855 2996732 6776 0 4
cpu 14 168370 0 51253 3002461 6930 0 5
cpu 17 153355 0 49566 3018567 6997 0 2
cpu 16 163328 0 47890 3012258 5961 0 2
cpu 19 134731 0 36912 3051378 6226 0 1
cpu 18 180732 5 36307 3005939 6499 0 2
cpu 1 246224 0 62061 2905734 8674 0 880
cpu 0 269732 45 47216 2872179 10369 0 1160
cpu 3 266444 0 77557 2874328 7928 0 598
cpu 2 261416 0 74685 2880460 9761 0 193
cpu 5 265320 0 78826 2875830 7839 0 456
cpu 4 262066 1 79454 2877076 8313 0 115
cpu 7 208321 0 76494 2935587 6967 0 542
cpu 6 255666 0 77409 2886935 8193 0 329
cpu 9 176691 0 54055 2987375 8015 0 378
cpu 8 177915 0 61644 2980039 6581 0 340
mem 1 99033092 96168844 2864248 373948 1904672 176 0 2046120 1020672 232592 6780 0 0 176292 2048 0 0
mem 0 97636988 55530948 42106040 701312 40198568 252 0 40400040 7913404 502932 28908 0 0 464320 6144 0 0
net vnet45 0 0 127726 0 0 0 0 0 0 0 0 0 699 0 129989 0 0 0 0 0 0 662 0
net lo 0 0 4022030 0 0 0 0 0 0 0 0 0 31993 0 4022030 0 0 0 0 0 0 31993 0
net vnet44 0 0 239650 0 0 0 0 0 0 0 0 0 1166 0 205024 0 0 0 0 0 0 1126 0
net eno1 0 162088 40340039181 0 0 383 0 0 0 0 0 0 30372845 0 1231445969 0 0 0 0 0 0 5974846 0
net virbr0 0 846 9964568313 0 0 0 0 0 0 0 0 0 39739243 0 38383667073 0 0 0 0 0 0 23526875 0
numa 1 119237437 18781169 10118603 29535 119193119 18825470
numa 0 118335246 10118603 18781169 29710 118333532 10119874
ps - 502136144 407009 678 578 511 3 732
sysv_shm - 0 0
tmpfs /run/lock 0 6
tmpfs /run 2125824 1105
tmpfs /run/user/20029 0 20
tmpfs /run/qemu 0 1
tmpfs /dev/shm 37615726592 105411
vfs - 133965 5184 184370
vm - 4 25322705 440359355 252317 1617408 265063502 309033394 85280556 6618706 219090479 56879 0 0 0 0 0 1811072 0 311878 5997 0 1618108 94 0 3 0 0

1778477607.891554 0 node0.mimesys-workload.ldos-ut-pg0.wisc.cloudlab.us
block sda 641821 211190 50637942 349501 2704551 17784461 880719815 13078947 0 2416692 13716838
block sdb 494 0 7540 455 4 0 0 0 0 576 456
cpu 11 184992 0 56724 2978836 7319 0 5
cpu 10 211314 2 51762 2958499 9486 0 6
cpu 13 179584 0 52306 2989163 6877 0 5
cpu 12 183870 0 51316 2986177 7634 0 2
cpu 15 174798 2 49855 2996834 6776 0 4
cpu 14 168371 0 51253 3002563 6930 0 5
cpu 17 153355 0 49567 3018670 6997 0 2
cpu 16 163330 0 47891 3012359 5962 0 2
cpu 19 134732 0 36912 3051481 6226 0 1
cpu 18 180733 5 36308 3006042 6499 0 2
cpu 1 246227 0 62064 2905831 8674 0 880
cpu 0 269733 45 47220 2872278 10369 0 1160
cpu 3 266448 0 77559 2874428 7928 0 598
cpu 2 261419 0 74686 2880559 9761 0 193
cpu 5 265322 0 78828 2875928 7839 0 456
cpu 4 262068 1 79456 2877175 8313 0 115
cpu 7 208323 0 76497 2935686 6967 0 542
cpu 6 255668 0 77411 2887034 8193 0 329
cpu 9 176767 0 54059 2987400 8015 0 378
cpu 8 177997 0 61646 2980061 6581 0 340
mem 1 99033092 96167332 2865760 373956 1903628 148 0 2046200 1021184 231492 7008 0 0 176268 2048 0 0
mem 0 97636988 55542956 42094032 701308 40196640 212 0 40400044 7913572 501908 28760 0 0 464200 6144 0 0
net vnet45 0 0 128224 0 0 0 0 0 0 0 0 0 704 0 130415 0 0 0 0 0 0 667 0
net lo 0 0 4022587 0 0 0 0 0 0 0 0 0 31997 0 4022587 0 0 0 0 0 0 31997 0
net vnet44 0 0 239650 0 0 0 0 0 0 0 0 0 1166 0 205024 0 0 0 0 0 0 1126 0
net eno1 0 162099 40340045418 0 0 383 0 0 0 0 0 0 30372941 0 1231446314 0 0 0 0 0 0 5974849 0
net virbr0 0 846 9964568741 0 0 0 0 0 0 0 0 0 39739248 0 38383667499 0 0 0 0 0 0 23526880 0
numa 1 119239894 18781169 10118603 29535 119195576 18825470
numa 0 118345679 10118603 18781169 29710 118343965 10119874
ps - 502143759 407129 678 578 511 8 735
sysv_shm - 0 0
tmpfs /run/lock 0 6
tmpfs /run 2125824 1105
tmpfs /run/user/20029 0 20
tmpfs /run/qemu 0 1
tmpfs /dev/shm 37615726592 105411
vfs - 133964 5224 184353
vm - 4 25322705 440359907 252317 1617408 265076422 309046539 85280562 6618706 219110794 56879 0 0 0 0 0 1811072 0 311878 5997 0 1618108 94 0 3 0 0

1778477608.922327 0 node0.mimesys-workload.ldos-ut-pg0.wisc.cloudlab.us
block sda 641823 211191 50637997 349502 2704964 17784492 880725047 13078978 0 2416736 13716871
block sdb 494 0 7540 455 4 0 0 0 0 576 456
cpu 11 185070 0 56726 2978863 7319 0 5
cpu 10 211401 2 51765 2958516 9486 0 6
cpu 13 179661 0 52309 2989186 6877 0 5
cpu 12 183945 0 51320 2986203 7634 0 2
cpu 15 174799 2 49857 2996933 6776 0 4
cpu 14 168373 0 51254 3002663 6930 0 5
cpu 17 153356 0 49570 3018770 6997 0 2
cpu 16 163331 0 47893 3012459 5962 0 2
cpu 19 134735 0 36916 3051578 6226 0 1
cpu 18 180738 5 36312 3006135 6499 0 2
cpu 1 246230 0 62066 2905929 8674 0 880
cpu 0 269736 45 47220 2872378 10369 0 1160
cpu 3 266450 0 77560 2874526 7928 0 598
cpu 2 261421 0 74688 2880659 9761 0 193
cpu 5 265324 0 78830 2876025 7839 0 456
cpu 4 262068 1 79458 2877276 8313 0 115
cpu 7 208323 0 76499 2935787 6967 0 542
cpu 6 255668 0 77413 2887134 8193 0 329
cpu 9 176838 0 54062 2987432 8015 0 378
cpu 8 178069 0 61648 2980090 6581 0 340
mem 1 99033092 96173180 2859912 373964 1905540 84 0 2046204 1020240 233428 6912 0 0 176244 2048 0 0
mem 0 97636988 55541252 42095736 701304 40195336 156 0 40400044 7912240 499740 28808 0 0 464432 6144 0 0
net vnet45 0 0 133096 0 0 0 0 0 0 0 0 0 729 0 135155 0 0 0 0 0 0 689 0
net lo 0 0 4023754 0 0 0 0 0 0 0 0 0 32005 0 4023754 0 0 0 0 0 0 32005 0
net vnet44 0 0 239650 0 0 0 0 0 0 0 0 0 1166 0 205076 0 0 0 0 0 0 1127 0
net eno1 0 162099 40340051389 0 0 383 0 0 0 0 0 0 30373031 0 1231446760 0 0 0 0 0 0 5974853 0
net virbr0 0 846 9964573263 0 0 0 0 0 0 0 0 0 39739273 0 38383672187 0 0 0 0 0 0 23526901 0
numa 1 119249466 18781169 10118603 29535 119205148 18825470
numa 0 118350635 10118603 18781169 29710 118348921 10119874
ps - 502154508 407252 678 578 511 4 736
sysv_shm - 0 0
tmpfs /run/lock 0 6
tmpfs /run 2125824 1105
tmpfs /run/user/20029 0 20
tmpfs /run/qemu 0 1
tmpfs /dev/shm 37615726592 105411
vfs - 133963 5304 184390
vm - 4 25322733 440362523 252317 1617408 265090921 309061210 85280570 6618706 219132943 56879 0 0 0 0 0 1811072 0 311878 5997 0 1618108 94 0 3 0 0

1778477609.960974 0 node0.mimesys-workload.ldos-ut-pg0.wisc.cloudlab.us
block sda 641823 211191 50637997 349502 2704966 17784492 880725071 13078979 0 2416740 13716872
block sdb 494 0 7540 455 4 0 0 0 0 576 456
cpu 11 185152 0 56727 2978885 7319 0 5
cpu 10 211472 2 51767 2958547 9486 0 6
cpu 13 179732 0 52310 2989216 6877 0 5
cpu 12 184016 0 51322 2986232 7634 0 2
cpu 15 174800 2 49858 2997036 6776 0 4
cpu 14 168373 0 51255 3002766 6930 0 5
cpu 17 153357 0 49570 3018873 6997 0 2
cpu 16 163336 0 47894 3012556 5962 0 2
cpu 19 134735 0 36920 3051677 6226 0 1
cpu 18 180739 5 36314 3006237 6499 0 2
cpu 1 246232 0 62070 2906026 8674 0 880
cpu 0 269740 45 47226 2872471 10369 0 1160
cpu 3 266452 0 77563 2874626 7928 0 598
cpu 2 261423 0 74690 2880758 9761 0 193
cpu 5 265327 0 78832 2876123 7839 0 456
cpu 4 262071 1 79460 2877374 8313 0 115
cpu 7 208324 0 76502 2935887 6967 0 542
cpu 6 255673 0 77415 2887230 8193 0 329
cpu 9 176903 0 54063 2987467 8015 0 378
cpu 8 178141 0 61652 2980116 6581 0 340
mem 1 99033092 96171060 2862032 374000 1905368 92 0 2046204 1019360 232840 7332 0 0 176236 2048 0 0
mem 0 97636988 55536720 42100268 701264 40196672 188 0 40400048 7912460 502256 28376 0 0 464272 6144 0 0
net vnet45 0 0 136232 0 0 0 0 0 0 0 0 0 746 0 138845 0 0 0 0 0 0 701 0
net lo 0 0 4024921 0 0 0 0 0 0 0 0 0 32013 0 4024921 0 0 0 0 0 0 32013 0
net vnet44 0 0 239650 0 0 0 0 0 0 0 0 0 1166 0 205076 0 0 0 0 0 0 1127 0
net eno1 0 162105 40340057900 0 0 383 0 0 0 0 0 0 30373130 0 1231447206 0 0 0 0 0 0 5974857 0
net virbr0 0 846 9964576161 0 0 0 0 0 0 0 0 0 39739290 0 38383675877 0 0 0 0 0 0 23526913 0
numa 1 119251463 18781169 10118603 29535 119207145 18825470
numa 0 118362878 10118603 18781169 29710 118361164 10119874
ps - 502163743 407373 678 578 511 6 736
sysv_shm - 0 0
tmpfs /run/lock 0 6
tmpfs /run 2125824 1105
tmpfs /run/user/20029 0 20
tmpfs /run/qemu 0 1
tmpfs /dev/shm 37615726592 105411
vfs - 133966 5224 184400
vm - 4 25322733 440362535 252317 1617408 265105161 309075061 85280575 6618706 219155148 56879 0 0 0 0 0 1811072 0 311878 5997 0 1618108 94 0 3 0 0

1778477610.997809 0 node0.mimesys-workload.ldos-ut-pg0.wisc.cloudlab.us
block sda 641823 211191 50637997 349502 2704969 17784492 880725095 13078982 0 2416744 13716874
block sdb 494 0 7540 455 4 0 0 0 0 576 456
cpu 11 185233 0 56729 2978909 7319 0 5
cpu 10 211558 2 51767 2958565 9486 0 6
cpu 13 179810 0 52312 2989240 6877 0 5
cpu 12 184087 0 51324 2986266 7634 0 2
cpu 15 174800 2 49862 2997135 6776 0 4
cpu 14 168374 0 51257 3002866 6930 0 5
cpu 17 153357 0 49572 3018974 6997 0 2
cpu 16 163338 0 47897 3012656 5962 0 2
cpu 19 134736 0 36920 3051778 6226 0 1
cpu 18 180739 5 36316 3006338 6499 0 2
cpu 1 246234 0 62071 2906126 8674 0 880
cpu 0 269741 45 47228 2872570 10369 0 1160
cpu 3 266454 0 77564 2874727 7928 0 598
cpu 2 261424 0 74691 2880858 9761 0 193
cpu 5 265328 0 78834 2876222 7839 0 456
cpu 4 262072 1 79461 2877475 8313 0 115
cpu 7 208326 0 76503 2935987 6967 0 542
cpu 6 255675 0 77417 2887329 8193 0 329
cpu 9 176980 0 54066 2987494 8015 0 378
cpu 8 178221 0 61656 2980140 6581 0 340
mem 1 99033092 96167532 2865560 373956 1906272 100 0 2046204 1020780 234632 6844 0 0 176196 2048 0 0
mem 0 97636988 55549816 42087172 701316 40195368 208 0 40400048 7912240 500168 28840 0 0 464380 6144 0 0
net vnet45 0 0 138166 0 0 0 0 0 0 0 0 0 757 0 139895 0 0 0 0 0 0 711 0
net lo 0 0 4025478 0 0 0 0 0 0 0 0 0 32017 0 4025478 0 0 0 0 0 0 32017 0
net vnet44 0 0 239650 0 0 0 0 0 0 0 0 0 1166 0 205128 0 0 0 0 0 0 1128 0
net eno1 0 162105 40340064557 0 0 383 0 0 0 0 0 0 30373233 0 1231447551 0 0 0 0 0 0 5974860 0
net virbr0 0 846 9964577941 0 0 0 0 0 0 0 0 0 39739301 0 38383676875 0 0 0 0 0 0 23526922 0
numa 1 119257951 18781169 10118603 29535 119213633 18825470
numa 0 118368981 10118603 18781169 29710 118367267 10119874
ps - 502172844 407489 647 573 510 5 736
sysv_shm - 0 0
tmpfs /run/lock 0 6
tmpfs /run 2125824 1105
tmpfs /run/user/20029 0 20
tmpfs /run/qemu 0 1
tmpfs /dev/shm 37615726592 105411
vfs - 133962 5224 184382
vm - 4 25322733 440362547 252317 1617408 265117751 309088063 85280577 6618706 219174948 56879 0 0 0 0 0 1811072 0 311878 5997 0 1618108 94 0 3 0 0

1778477612.033009 0 node0.mimesys-workload.ldos-ut-pg0.wisc.cloudlab.us
block sda 641824 211191 50638005 349502 2704969 17784492 880725095 13078982 0 2416748 13716875
block sdb 494 0 7540 455 4 0 0 0 0 576 456
cpu 11 185314 0 56731 2978932 7319 0 5
cpu 10 211634 2 51769 2958589 9486 0 6
cpu 13 179885 0 52315 2989268 6877 0 5
cpu 12 184170 0 51325 2986287 7634 0 2
cpu 15 174804 2 49866 2997230 6776 0 4
cpu 14 168375 0 51259 3002966 6930 0 5
cpu 17 153361 0 49574 3019070 6997 0 2
cpu 16 163340 0 47899 3012756 5962 0 2
cpu 19 134738 0 36924 3051876 6226 0 1
cpu 18 180740 5 36318 3006439 6499 0 2
cpu 1 246236 0 62073 2906224 8674 0 880
cpu 0 269742 45 47230 2872669 10369 0 1160
cpu 3 266454 0 77566 2874827 7928 0 598
cpu 2 261426 0 74694 2880959 9761 0 193
cpu 5 265330 0 78837 2876320 7839 0 456
cpu 4 262074 1 79462 2877575 8313 0 115
cpu 7 208326 0 76506 2936087 6967 0 542
cpu 6 255678 0 77419 2887427 8193 0 329
cpu 9 177051 0 54066 2987526 8015 0 378
cpu 8 178305 0 61657 2980162 6581 0 340
mem 1 99033092 96160232 2872860 373976 1905968 108 0 2046204 1020288 233860 7128 0 0 176228 2048 0 0
mem 0 97636988 55546940 42090048 701300 40195572 240 0 40400052 7913452 499944 28628 0 0 464244 6144 0 0
net vnet45 0 0 143236 0 0 0 0 0 0 0 0 0 785 0 144583 0 0 0 0 0 0 732 0
net lo 0 0 4026645 0 0 0 0 0 0 0 0 0 32025 0 4026645 0 0 0 0 0 0 32025 0
net vnet44 0 0 239650 0 0 0 0 0 0 0 0 0 1166 0 205128 0 0 0 0 0 0 1128 0
net eno1 0 162112 40340071668 0 0 383 0 0 0 0 0 0 30373342 0 1231447997 0 0 0 0 0 0 5974864 0
net virbr0 0 846 9964582619 0 0 0 0 0 0 0 0 0 39739329 0 38383681563 0 0 0 0 0 0 23526943 0
numa 1 119266309 18781169 10118603 29535 119221991 18825470
numa 0 118375019 10118603 18781169 29710 118373305 10119874
ps - 502182069 407611 647 573 510 4 736
sysv_shm - 0 0
tmpfs /run/lock 0 6
tmpfs /run 2125824 1105
tmpfs /run/user/20029 0 20
tmpfs /run/qemu 0 1
tmpfs /dev/shm 37615726592 105411
vfs - 133963 5264 184390
vm - 4 25322737 440362547 252317 1617408 265132149 309102433 85280582 6618706 219197441 56879 0 0 0 0 0 1811072 0 311878 5997 0 1618108 94 0 3 0 0

1778477613.072281 0 node0.mimesys-workload.ldos-ut-pg0.wisc.cloudlab.us
block sda 641824 211191 50638005 349502 2705061 17784506 880726319 13079003 0 2416756 13716897
block sdb 494 0 7540 455 4 0 0 0 0 576 456
cpu 11 185384 0 56734 2978964 7319 0 5
cpu 10 211708 2 51770 2958622 9486 0 6
cpu 13 179962 0 52316 2989295 6877 0 5
cpu 12 184250 0 51327 2986312 7634 0 2
cpu 15 174804 2 49868 2997332 6776 0 4
cpu 14 168375 0 51261 3003067 6930 0 5
cpu 17 153363 0 49576 3019172 6997 0 2
cpu 16 163342 0 47900 3012857 5962 0 2
cpu 19 134740 0 36928 3051974 6226 0 1
cpu 18 180740 5 36320 3006540 6499 0 2
cpu 1 246240 0 62076 2906320 8674 0 880
cpu 0 269745 45 47232 2872767 10369 0 1160
cpu 3 266458 0 77568 2874926 7928 0 598
cpu 2 261428 0 74696 2881057 9761 0 193
cpu 5 265331 0 78839 2876421 7839 0 456
cpu 4 262076 1 79466 2877673 8313 0 115
cpu 7 208330 0 76510 2936184 6967 0 542
cpu 6 255680 0 77420 2887527 8193 0 329
cpu 9 177129 0 54068 2987553 8015 0 378
cpu 8 178386 0 61660 2980186 6581 0 340
mem 1 99033092 96158724 2874368 373988 1903876 144 0 2046212 1020732 231392 7128 0 0 176292 2048 0 0
mem 0 97636988 55538888 42098100 701292 40198372 280 0 40400064 7913128 503080 28388 0 0 464236 6144 0 0
net vnet45 0 0 143376 0 0 0 0 0 0 0 0 0 787 0 144883 0 0 0 0 0 0 736 0
net lo 0 0 4027812 0 0 0 0 0 0 0 0 0 32033 0 4027812 0 0 0 0 0 0 32033 0
net vnet44 0 0 239650 0 0 0 0 0 0 0 0 0 1166 0 205180 0 0 0 0 0 0 1129 0
net eno1 0 162112 40340077639 0 0 383 0 0 0 0 0 0 30373432 0 1231448443 0 0 0 0 0 0 5974868 0
net virbr0 0 846 9964582731 0 0 0 0 0 0 0 0 0 39739331 0 38383681811 0 0 0 0 0 0 23526946 0
numa 1 119270881 18781169 10118603 29535 119226563 18825470
numa 0 118384662 10118603 18781169 29710 118382948 10119874
ps - 502190964 407732 647 573 510 7 736
sysv_shm - 0 0
tmpfs /run/lock 0 6
tmpfs /run 2125824 1105
tmpfs /run/user/20029 0 20
tmpfs /run/qemu 0 1
tmpfs /dev/shm 37615726592 105411
vfs - 133965 5304 184392
vm - 4 25322737 440363159 252317 1617408 265146363 309116286 85280586 6618706 219219721 56879 0 0 0 0 0 1811072 0 311878 5997 0 1618108 94 0 3 0 0

1778477614.111392 0 node0.mimesys-workload.ldos-ut-pg0.wisc.cloudlab.us
block sda 641824 211191 50638005 349502 2705105 17784506 880726967 13079009 0 2416768 13716903
block sdb 494 0 7540 455 4 0 0 0 0 576 456
cpu 11 185466 0 56734 2978989 7319 0 5
cpu 10 211786 2 51773 2958646 9486 0 6
cpu 13 180029 0 52319 2989327 6877 0 5
cpu 12 184329 0 51329 2986334 7634 0 2
cpu 15 174806 2 49870 2997431 6776 0 4
cpu 14 168376 0 51264 3003167 6930 0 5
cpu 17 153368 0 49578 3019269 6997 0 2
cpu 16 163343 0 47902 3012958 5962 0 2
cpu 19 134742 0 36930 3052074 6226 0 1
cpu 18 180742 5 36321 3006641 6499 0 2
cpu 1 246241 0 62077 2906421 8674 0 880
cpu 0 269747 45 47235 2872864 10369 0 1160
cpu 3 266459 0 77570 2875027 7928 0 598
cpu 2 261428 0 74697 2881158 9762 0 193
cpu 5 265332 0 78841 2876522 7839 0 456
cpu 4 262077 1 79468 2877773 8313 0 115
cpu 7 208332 0 76514 2936283 6967 0 542
cpu 6 255680 0 77423 2887627 8193 0 329
cpu 9 177210 0 54070 2987577 8015 0 378
cpu 8 178469 0 61662 2980210 6581 0 340
mem 1 99033092 96155452 2877640 373952 1905612 116 0 2046216 1020244 232900 6424 0 0 176204 2048 0 0
mem 0 97636988 55550368 42086620 701304 40195516 188 0 40400064 7912840 500324 29356 0 0 464188 6144 0 0
net vnet45 0 0 148306 0 0 0 0 0 0 0 0 0 813 0 149323 0 0 0 0 0 0 754 0
net lo 0 0 4028369 0 0 0 0 0 0 0 0 0 32037 0 4028369 0 0 0 0 0 0 32037 0
net vnet44 0 0 239650 0 0 0 0 0 0 0 0 0 1166 0 205180 0 0 0 0 0 0 1129 0
net eno1 0 162121 40340085093 0 0 383 0 0 0 0 0 0 30373543 0 1231448788 0 0 0 0 0 0 5974871 0
net virbr0 0 846 9964587297 0 0 0 0 0 0 0 0 0 39739357 0 38383686251 0 0 0 0 0 0 23526964 0
numa 1 119277803 18781169 10118603 29535 119233485 18825470
numa 0 118390394 10118603 18781169 29710 118388680 10119874
ps - 502200104 407852 647 573 510 5 740
sysv_shm - 0 0
tmpfs /run/lock 0 6
tmpfs /run 2125824 1105
tmpfs /run/user/20029 0 20
tmpfs /run/qemu 0 1
tmpfs /dev/shm 37615726592 105411
vfs - 133962 5224 184382
vm - 4 25322737 440363483 252317 1617408 265159016 309129286 85280592 6618706 219239552 56879 0 0 0 0 0 1811072 0 311878 5997 0 1618108 94 0 3 0 0

1778477615.151476 0 node0.mimesys-workload.ldos-ut-pg0.wisc.cloudlab.us
block sda 641824 211191 50638005 349502 2705111 17784506 880727015 13079012 0 2416776 13716906
block sdb 494 0 7540 455 4 0 0 0 0 576 456
cpu 11 185546 0 56736 2979014 7319 0 5
cpu 10 211855 2 51774 2958679 9486 0 6
cpu 13 180107 0 52321 2989354 6877 0 5
cpu 12 184406 0 51333 2986357 7634 0 2
cpu 15 174807 2 49873 2997531 6776 0 4
cpu 14 168381 0 51266 3003264 6930 0 5
cpu 17 153370 0 49579 3019369 6997 0 2
cpu 16 163344 0 47904 3013059 5962 0 2
cpu 19 134744 0 36935 3052171 6226 0 1
cpu 18 180744 5 36322 3006741 6499 0 2
cpu 1 246243 0 62079 2906520 8674 0 880
cpu 0 269749 45 47237 2872962 10369 0 1160
cpu 3 266461 0 77572 2875127 7928 0 598
cpu 2 261431 0 74700 2881256 9762 0 193
cpu 5 265334 0 78842 2876623 7839 0 456
cpu 4 262079 1 79471 2877871 8313 0 115
cpu 7 208334 0 76518 2936381 6967 0 542
cpu 6 255683 0 77426 2887726 8193 0 329
cpu 9 177288 0 54072 2987601 8015 0 378
cpu 8 178555 0 61663 2980227 6581 0 340
mem 1 99033092 96166832 2866260 374016 1905484 124 0 2046216 1021200 233376 7132 0 0 176196 2048 0 0
mem 0 97636988 55545608 42091380 701296 40196168 208 0 40400064 7912124 500332 28396 0 0 464180 6144 0 0
net vnet45 0 0 151442 0 0 0 0 0 0 0 0 0 830 0 153065 0 0 0 0 0 0 767 0
net lo 0 0 4029536 0 0 0 0 0 0 0 0 0 32045 0 4029536 0 0 0 0 0 0 32045 0
net vnet44 0 0 239650 0 0 0 0 0 0 0 0 0 1166 0 205232 0 0 0 0 0 0 1130 0
net eno1 0 162121 40340091544 0 0 383 0 0 0 0 0 0 30373641 0 1231449234 0 0 0 0 0 0 5974875 0
net virbr0 0 846 9964590195 0 0 0 0 0 0 0 0 0 39739374 0 38383689941 0 0 0 0 0 0 23526976 0
numa 1 119285519 18781169 10118603 29535 119241201 18825470
numa 0 118396866 10118603 18781169 29710 118395152 10119874
ps - 502208861 407973 647 573 510 7 739
sysv_shm - 0 0
tmpfs /run/lock 0 6
tmpfs /run 2125824 1105
tmpfs /run/user/20029 0 20
tmpfs /run/qemu 0 1
tmpfs /dev/shm 37615726592 105411
vfs - 133964 5264 184410
vm - 4 25322737 440363507 252317 1617408 265173204 309143113 85280596 6618706 219261783 56879 0 0 0 0 0 1811072 0 311878 5997 0 1618108 94 0 3 0 0

1778477616.192639 0 node0.mimesys-workload.ldos-ut-pg0.wisc.cloudlab.us
block sda 641824 211191 50638005 349502 2705116 17784506 880727055 13079014 0 2416780 13716908
block sdb 494 0 7540 455 4 0 0 0 0 576 456
cpu 11 185622 0 56737 2979043 7319 0 5
cpu 10 211935 2 51776 2958704 9486 0 6
cpu 13 180180 0 52322 2989386 6877 0 5
cpu 12 184474 0 51335 2986394 7634 0 2
cpu 15 174808 2 49875 2997633 6776 0 4
cpu 14 168382 0 51269 3003365 6930 0 5
cpu 17 153370 0 49582 3019471 6997 0 2
cpu 16 163345 0 47905 3013161 5962 0 2
cpu 19 134747 0 36939 3052269 6226 0 1
cpu 18 180744 5 36324 3006843 6499 0 2
cpu 1 246243 0 62081 2906621 8674 0 880
cpu 0 269751 45 47238 2873061 10369 0 1160
cpu 3 266462 0 77575 2875228 7928 0 598
cpu 2 261433 0 74702 2881355 9762 0 193
cpu 5 265336 0 78844 2876721 7839 0 456
cpu 4 262082 1 79473 2877970 8313 0 115
cpu 7 208335 0 76520 2936480 6967 0 542
cpu 6 255684 0 77427 2887826 8193 0 329
cpu 9 177363 0 54074 2987629 8015 0 378
cpu 8 178630 0 61665 2980256 6581 0 340
mem 1 99033092 96164216 2868876 373992 1904124 132 0 2046220 1020920 231860 6992 0 0 176196 2048 0 0
mem 0 97636988 55544604 42092384 701296 40195188 220 0 40400068 7911832 499532 28624 0 0 464140 6144 0 0
net vnet45 0 0 153376 0 0 0 0 0 0 0 0 0 841 0 154063 0 0 0 0 0 0 776 0
net lo 0 0 4030093 0 0 0 0 0 0 0 0 0 32049 0 4030093 0 0 0 0 0 0 32049 0
net vnet44 0 0 239650 0 0 0 0 0 0 0 0 0 1166 0 205232 0 0 0 0 0 0 1130 0
net eno1 0 162129 40340099542 0 0 383 0 0 0 0 0 0 30373760 0 1231449579 0 0 0 0 0 0 5974878 0
net virbr0 0 846 9964591975 0 0 0 0 0 0 0 0 0 39739385 0 38383690939 0 0 0 0 0 0 23526985 0
numa 1 119290584 18781169 10118603 29535 119246266 18825470
numa 0 118404489 10118603 18781169 29710 118402775 10119874
ps - 502218228 408089 620 569 509 4 739
sysv_shm - 0 0
tmpfs /run/lock 0 6
tmpfs /run 2125824 1105
tmpfs /run/user/20029 0 20
tmpfs /run/qemu 0 1
tmpfs /dev/shm 37615726592 105411
vfs - 133963 5264 184416
vm - 4 25322737 440363527 252317 1617408 265185893 309156145 85280605 6618706 219281558 56879 0 0 0 0 0 1811072 0 311878 5997 0 1618108 94 0 3 0 0

1778477617.232999 0 node0.mimesys-workload.ldos-ut-pg0.wisc.cloudlab.us
block sda 641824 211191 50638005 349502 2705116 17784506 880727055 13079014 0 2416780 13716908
block sdb 494 0 7540 455 4 0 0 0 0 576 456
cpu 11 185688 0 56738 2979079 7319 0 5
cpu 10 212008 2 51778 2958735 9486 0 6
cpu 13 180249 0 52324 2989420 6877 0 5
cpu 12 184546 0 51337 2986427 7634 0 2
cpu 15 174808 2 49879 2997733 6776 0 4
cpu 14 168383 0 51270 3003466 6930 0 5
cpu 17 153373 0 49583 3019571 6997 0 2
cpu 16 163346 0 47907 3013262 5962 0 2
cpu 19 134747 0 36942 3052370 6226 0 1
cpu 18 180750 5 36327 3006939 6499 0 2
cpu 1 246245 0 62082 2906721 8674 0 881
cpu 0 269754 45 47240 2873158 10369 0 1160
cpu 3 266464 0 77580 2875325 7928 0 598
cpu 2 261433 0 74706 2881453 9762 0 193
cpu 5 265341 0 78848 2876816 7839 0 456
cpu 4 262084 1 79475 2878068 8313 0 115
cpu 7 208335 0 76521 2936580 6967 0 542
cpu 6 255687 0 77428 2887927 8193 0 329
cpu 9 177422 0 54075 2987673 8015 0 378
cpu 8 178699 0 61666 2980291 6581 0 340
mem 1 99033092 96160436 2872656 374004 1905816 140 0 2046220 1020152 233668 7144 0 0 176100 2048 0 0
mem 0 97636988 55567132 42069856 701288 40194596 264 0 40400072 7911524 499656 28128 0 0 464148 6144 0 0
net vnet45 0 0 158380 0 0 0 0 0 0 0 0 0 868 0 158803 0 0 0 0 0 0 798 0
net lo 0 0 4031260 0 0 0 0 0 0 0 0 0 32057 0 4031260 0 0 0 0 0 0 32057 0
net vnet44 0 0 239650 0 0 0 0 0 0 0 0 0 1166 0 205284 0 0 0 0 0 0 1131 0
net eno1 0 162129 40340106113 0 0 383 0 0 0 0 0 0 30373861 0 1231450025 0 0 0 0 0 0 5974882 0
net virbr0 0 846 9964596601 0 0 0 0 0 0 0 0 0 39739412 0 38383695627 0 0 0 0 0 0 23527006 0
numa 1 119297954 18781169 10118603 29535 119253636 18825470
numa 0 118412015 10118603 18781169 29710 118410301 10119874
ps - 502225937 408215 620 569 509 4 739
sysv_shm - 0 0
tmpfs /run/lock 0 6
tmpfs /run 2125824 1105
tmpfs /run/user/20029 0 20
tmpfs /run/qemu 0 1
tmpfs /dev/shm 37615726592 105411
vfs - 133960 5224 184395
vm - 4 25322737 440363527 252317 1617408 265200788 309171040 85280608 6618706 219304756 56879 0 0 0 0 0 1811072 0 311878 5997 0 1618108 94 0 3 0 0

1778477618.263998 0 node0.mimesys-workload.ldos-ut-pg0.wisc.cloudlab.us
block sda 641824 211191 50638005 349502 2705199 17784519 880727999 13079030 0 2416792 13716925
block sdb 494 0 7540 455 4 0 0 0 0 576 456
cpu 11 185769 0 56739 2979101 7319 0 5
cpu 10 212082 2 51780 2958760 9486 0 6
cpu 13 180324 0 52326 2989450 6877 0 5
cpu 12 184624 0 51338 2986451 7634 0 2
cpu 15 174809 2 49880 2997834 6776 0 4
cpu 14 168383 0 51272 3003567 6930 0 5
cpu 17 153374 0 49585 3019671 6997 0 2
cpu 16 163347 0 47908 3013363 5962 0 2
cpu 19 134751 0 36944 3052467 6226 0 1
cpu 18 180752 5 36328 3007039 6499 0 2
cpu 1 246246 0 62084 2906820 8674 0 881
cpu 0 269758 45 47244 2873253 10369 0 1160
cpu 3 266465 0 77582 2875424 7928 0 598
cpu 2 261434 0 74708 2881552 9762 0 193
cpu 5 265342 0 78851 2876915 7839 0 456
cpu 4 262086 1 79478 2878167 8313 0 115
cpu 7 208338 0 76524 2936678 6967 0 542
cpu 6 255689 0 77431 2888025 8193 0 329
cpu 9 177487 0 54077 2987711 8015 0 378
cpu 8 178776 0 61667 2980314 6581 0 340
mem 1 99033092 96157160 2875932 374004 1906504 36 0 2046240 1021368 234236 7492 0 0 176164 2048 0 0
mem 0 97636988 55576504 42060484 701292 40198140 40 0 40400076 7912272 503216 28624 0 0 464084 6144 0 0
net vnet45 0 0 158380 0 0 0 0 0 0 0 0 0 868 0 158803 0 0 0 0 0 0 798 0
net lo 0 0 4032427 0 0 0 0 0 0 0 0 0 32065 0 4032427 0 0 0 0 0 0 32065 0
net vnet44 0 0 239650 0 0 0 0 0 0 0 0 0 1166 0 205284 0 0 0 0 0 0 1131 0
net eno1 0 162138 40340113404 0 0 383 0 0 0 0 0 0 30373973 0 1231450471 0 0 0 0 0 0 5974886 0
net virbr0 0 846 9964596601 0 0 0 0 0 0 0 0 0 39739412 0 38383695627 0 0 0 0 0 0 23527006 0
numa 1 119303800 18781169 10118603 29535 119259482 18825470
numa 0 118419934 10118603 18781169 29710 118418220 10119874
ps - 502234930 408336 620 569 509 8 744
sysv_shm - 0 0
tmpfs /run/lock 0 6
tmpfs /run 2125824 1105
tmpfs /run/user/20029 0 20
tmpfs /run/qemu 0 1
tmpfs /dev/shm 37615726592 105411
vfs - 133976 5304 184432
vm - 4 25322737 440363999 252317 1617408 265214555 309183812 85280614 6618706 219326329 56879 0 0 0 0 0 1811072 0 311878 5997 0 1618108 94 0 3 0 0

1778477619.303578 0 node0.mimesys-workload.ldos-ut-pg0.wisc.cloudlab.us
block sda 641824 211191 50638005 349502 2705207 17784519 880728223 13079032 0 2416800 13716926
block sdb 494 0 7540 455 4 0 0 0 0 576 456
cpu 11 185850 0 56741 2979122 7319 0 5
cpu 10 212166 2 51781 2958781 9486 0 6
cpu 13 180397 0 52328 2989477 6877 0 5
cpu 12 184701 0 51342 2986474 7634 0 2
cpu 15 174811 2 49882 2997935 6776 0 4
cpu 14 168384 0 51274 3003668 6930 0 5
cpu 17 153380 0 49587 3019768 6997 0 2
cpu 16 163348 0 47910 3013464 5962 0 2
cpu 19 134754 0 36947 3052564 6226 0 1
cpu 18 180753 5 36330 3007140 6499 0 2
cpu 1 246248 0 62085 2906918 8674 0 881
cpu 0 269760 45 47246 2873350 10369 0 1160
cpu 3 266466 0 77585 2875525 7928 0 598
cpu 2 261436 0 74711 2881651 9762 0 193
cpu 5 265344 0 78853 2877014 7839 0 456
cpu 4 262087 1 79479 2878267 8313 0 115
cpu 7 208339 0 76527 2936778 6967 0 542
cpu 6 255692 0 77434 2888123 8193 0 329
cpu 9 177568 0 54078 2987735 8015 0 378
cpu 8 178851 0 61668 2980342 6581 0 340
mem 1 99033092 96153388 2879704 373988 1904224 120 0 2046240 1019992 232048 7024 0 0 176092 2048 0 0
mem 0 97636988 55573992 42062996 701308 40194748 184 0 40400076 7911700 499424 28648 0 0 464140 6144 0 0
net vnet45 0 0 163384 0 0 0 0 0 0 0 0 0 895 0 163543 0 0 0 0 0 0 820 0
net lo 0 0 4032984 0 0 0 0 0 0 0 0 0 32069 0 4032984 0 0 0 0 0 0 32069 0
net vnet44 0 0 239650 0 0 0 0 0 0 0 0 0 1166 0 205336 0 0 0 0 0 0 1132 0
net eno1 0 162138 40340120121 0 0 383 0 0 0 0 0 0 30374077 0 1231450816 0 0 0 0 0 0 5974889 0
net virbr0 0 846 9964601227 0 0 0 0 0 0 0 0 0 39739439 0 38383700315 0 0 0 0 0 0 23527027 0
numa 1 119309876 18781169 10118603 29535 119265558 18825470
numa 0 118426999 10118603 18781169 29710 118425285 10119874
ps - 502243591 408453 620 569 509 4 739
sysv_shm - 0 0
tmpfs /run/lock 0 6
tmpfs /run 2125824 1105
tmpfs /run/user/20029 0 20
tmpfs /run/qemu 0 1
tmpfs /dev/shm 37615726592 105411
vfs - 133963 5224 184416
vm - 4 25322737 440364111 252317 1617408 265227694 309197955 85280617 6618706 219346951 56879 0 0 0 0 0 1811072 0 311878 5997 0 1618108 94 0 3 0 0

1778477620.342196 0 node0.mimesys-workload.ldos-ut-pg0.wisc.cloudlab.us
block sda 641824 211191 50638005 349502 2705207 17784519 880728223 13079032 0 2416800 13716926
block sdb 494 0 7540 455 4 0 0 0 0 576 456
cpu 11 185931 0 56742 2979145 7319 0 5
cpu 10 212238 2 51783 2958811 9486 0 6
cpu 13 180480 0 52330 2989497 6877 0 5
cpu 12 184778 0 51342 2986499 7634 0 2
cpu 15 174812 2 49883 2998036 6776 0 4
cpu 14 168388 0 51275 3003766 6930 0 5
cpu 17 153382 0 49589 3019867 6997 0 2
cpu 16 163348 0 47912 3013565 5962 0 2
cpu 19 134755 0 36948 3052666 6226 0 1
cpu 18 180753 5 36332 3007241 6499 0 2
cpu 1 246250 0 62086 2907017 8674 0 881
cpu 0 269761 45 47249 2873448 10369 0 1160
cpu 3 266467 0 77586 2875625 7928 0 598
cpu 2 261438 0 74712 2881751 9762 0 193
cpu 5 265347 0 78855 2877113 7839 0 456
cpu 4 262090 1 79483 2878364 8313 0 115
cpu 7 208341 0 76530 2936876 6967 0 542
cpu 6 255695 0 77435 2888223 8193 0 329
cpu 9 177637 0 54082 2987768 8015 0 378
cpu 8 178928 0 61671 2980363 6581 0 340
mem 1 99033092 96151120 2881972 373996 1905024 124 0 2046240 1020328 233200 6928 0 0 176116 2048 0 0
mem 0 97636988 55582028 42054960 701300 40197088 212 0 40400084 7912632 501720 28308 0 0 464156 6144 0 0
net vnet45 0 0 166520 0 0 0 0 0 0 0 0 0 912 0 167233 0 0 0 0 0 0 832 0
net lo 0 0 4034151 0 0 0 0 0 0 0 0 0 32077 0 4034151 0 0 0 0 0 0 32077 0
net vnet44 0 0 239650 0 0 0 0 0 0 0 0 0 1166 0 205336 0 0 0 0 0 0 1132 0
net eno1 0 162145 40340126992 0 0 383 0 0 0 0 0 0 30374182 0 1231451262 0 0 0 0 0 0 5974893 0
net virbr0 0 846 9964604125 0 0 0 0 0 0 0 0 0 39739456 0 38383704005 0 0 0 0 0 0 23527039 0
numa 1 119316792 18781169 10118603 29535 119272474 18825470
numa 0 118434204 10118603 18781169 29710 118432490 10119874
ps - 502252148 408574 620 569 509 6 739
sysv_shm - 0 0
tmpfs /run/lock 0 6
tmpfs /run 2125824 1105
tmpfs /run/user/20029 0 20
tmpfs /run/qemu 0 1
tmpfs /dev/shm 37615726592 105411
vfs - 133963 5304 184402
vm - 4 25322737 440364111 252317 1617408 265241815 309211702 85280621 6618706 219369165 56879 0 0 0 0 0 1811072 0 311878 5997 0 1618108 94 0 3 0 0

1778477621.368916 0 node0.mimesys-workload.ldos-ut-pg0.wisc.cloudlab.us
block sda 641824 211191 50638005 349502 2705217 17784520 880728327 13079036 0 2416812 13716931
block sdb 494 0 7540 455 4 0 0 0 0 576 456
cpu 11 186006 0 56743 2979168 7319 0 5
cpu 10 212308 2 51784 2958839 9486 0 6
cpu 13 180552 0 52332 2989525 6877 0 5
cpu 12 184848 0 51344 2986532 7634 0 2
cpu 15 174813 2 49886 2998135 6776 0 4
cpu 14 168390 0 51277 3003865 6930 0 5
cpu 17 153382 0 49592 3019967 6997 0 2
cpu 16 163348 0 47916 3013665 5962 0 2
cpu 19 134758 0 36950 3052762 6226 0 1
cpu 18 180754 5 36334 3007342 6499 0 2
cpu 1 246255 0 62088 2907112 8674 0 881
cpu 0 269763 45 47252 2873545 10369 0 1160
cpu 3 266468 0 77589 2875724 7928 0 598
cpu 2 261440 0 74714 2881849 9762 0 193
cpu 5 265348 0 78857 2877211 7839 0 456
cpu 4 262093 1 79485 2878461 8313 0 115
cpu 7 208342 0 76532 2936976 6967 0 542
cpu 6 255698 0 77437 2888320 8193 0 329
cpu 9 177718 0 54083 2987788 8015 0 378
cpu 8 179009 0 61672 2980387 6581 0 340
mem 1 99033092 96146340 2886752 374028 1905384 140 0 2046256 1020232 233788 7368 0 0 176132 2048 0 0
mem 0 97636988 55578160 42058828 701300 40194228 220 0 40400088 7912192 499000 28872 0 0 464244 6144 0 0
net vnet45 0 0 168454 0 0 0 0 0 0 0 0 0 923 0 168283 0 0 0 0 0 0 842 0
net lo 0 0 4034708 0 0 0 0 0 0 0 0 0 32081 0 4034708 0 0 0 0 0 0 32081 0
net vnet44 0 0 239650 0 0 0 0 0 0 0 0 0 1166 0 205388 0 0 0 0 0 0 1133 0
net eno1 0 162155 40340133169 0 0 383 0 0 0 0 0 0 30374277 0 1231451607 0 0 0 0 0 0 5974896 0
net virbr0 0 846 9964605905 0 0 0 0 0 0 0 0 0 39739467 0 38383705003 0 0 0 0 0 0 23527048 0
numa 1 119322816 18781169 10118603 29535 119278498 18825470
numa 0 118440882 10118603 18781169 29710 118439168 10119874
ps - 502261017 408690 626 571 510 5 739
sysv_shm - 0 0
tmpfs /run/lock 0 6
tmpfs /run 2125824 1105
tmpfs /run/user/20029 0 20
tmpfs /run/qemu 0 1
tmpfs /dev/shm 37615726592 105411
vfs - 133962 5264 184408
vm - 4 25322737 440364163 252317 1617408 265254518 309224769 85280624 6618706 219388936 56879 0 0 0 0 0 1811072 0 311878 5997 0 1618108 94 0 3 0 0

1778477622.410635 0 node0.mimesys-workload.ldos-ut-pg0.wisc.cloudlab.us
block sda 641824 211191 50638005 349502 2705217 17784520 880728327 13079036 0 2416812 13716931
block sdb 494 0 7540 455 4 0 0 0 0 576 456
cpu 11 186090 0 56744 2979189 7319 0 5
cpu 10 212385 2 51786 2958867 9486 0 6
cpu 13 180631 0 52334 2989552 6877 0 5
cpu 12 184933 0 51345 2986551 7634 0 2
cpu 15 174819 2 49887 2998233 6776 0 4
cpu 14 168393 0 51282 3003962 6930 0 5
cpu 17 153384 0 49594 3020069 6997 0 2
cpu 16 163350 0 47918 3013766 5962 0 2
cpu 19 134761 0 36954 3052860 6226 0 1
cpu 18 180754 5 36336 3007443 6499 0 2
cpu 1 246260 0 62090 2907207 8674 0 881
cpu 0 269765 45 47256 2873642 10369 0 1160
cpu 3 266470 0 77591 2875824 7928 0 598
cpu 2 261440 0 74716 2881949 9762 0 193
cpu 5 265350 0 78859 2877312 7839 0 456
cpu 4 262095 1 79487 2878562 8313 0 115
cpu 7 208345 0 76533 2937076 6967 0 542
cpu 6 255698 0 77440 2888421 8193 0 329
cpu 9 177799 0 54084 2987812 8015 0 378
cpu 8 179089 0 61674 2980412 6581 0 340
mem 1 99033092 96142564 2890528 373996 1904828 148 0 2046272 1020844 232548 6860 0 0 176148 2048 0 0
mem 0 97636988 55582132 42054856 701300 40195196 248 0 40400092 7912732 499892 28272 0 0 464164 6144 0 0
net vnet45 0 0 173524 0 0 0 0 0 0 0 0 0 951 0 172971 0 0 0 0 0 0 863 0
net lo 0 0 4035875 0 0 0 0 0 0 0 0 0 32089 0 4035875 0 0 0 0 0 0 32089 0
net vnet44 0 0 239650 0 0 0 0 0 0 0 0 0 1166 0 205388 0 0 0 0 0 0 1133 0
net eno1 0 162155 40340139560 0 0 383 0 0 0 0 0 0 30374374 0 1231452053 0 0 0 0 0 0 5974900 0
net virbr0 0 846 9964610583 0 0 0 0 0 0 0 0 0 39739495 0 38383709691 0 0 0 0 0 0 23527069 0
numa 1 119329780 18781169 10118603 29535 119285462 18825470
numa 0 118448306 10118603 18781169 29710 118446592 10119874
ps - 502270399 408812 626 571 510 5 739
sysv_shm - 0 0
tmpfs /run/lock 0 6
tmpfs /run 2125824 1105
tmpfs /run/user/20029 0 20
tmpfs /run/qemu 0 1
tmpfs /dev/shm 37615726592 105411
vfs - 133962 5304 184408
vm - 4 25322737 440364163 252317 1617408 265268905 309239140 85280632 6618706 219411392 56879 0 0 0 0 0 1811072 0 311878 5997 0 1618108 94 0 3 0 0

1778477623.439919 0 node0.mimesys-workload.ldos-ut-pg0.wisc.cloudlab.us
block sda 641824 211191 50638005 349502 2705227 17784538 880728607 13079037 0 2416820 13716933
block sdb 494 0 7540 455 4 0 0 0 0 576 456
cpu 11 186164 0 56746 2979218 7319 0 5
cpu 10 212456 2 51790 2958896 9486 0 6
cpu 13 180702 0 52337 2989585 6877 0 5
cpu 12 185008 0 51348 2986577 7634 0 2
cpu 15 174820 2 49889 2998331 6776 0 4
cpu 14 168396 0 51283 3004061 6930 0 5
cpu 17 153388 0 49595 3020166 6998 0 2
cpu 16 163351 0 47919 3013865 5962 0 2
cpu 19 134763 0 36957 3052957 6226 0 1
cpu 18 180755 5 36338 3007543 6499 0 2
cpu 1 246262 0 62091 2907307 8674 0 881
cpu 0 269767 45 47258 2873739 10369 0 1160
cpu 3 266472 0 77592 2875923 7928 0 598
cpu 2 261441 0 74718 2882050 9762 0 193
cpu 5 265352 0 78860 2877411 7839 0 456
cpu 4 262095 1 79489 2878661 8313 0 115
cpu 7 208347 0 76534 2937177 6967 0 542
cpu 6 255698 0 77440 2888522 8193 0 329
cpu 9 177874 0 54087 2987840 8015 0 378
cpu 8 179173 0 61675 2980431 6581 0 340
mem 1 99033092 96137056 2896036 374028 1907120 164 0 2046280 1020528 235116 7028 0 0 176204 2048 0 0
mem 0 97636988 55577924 42059064 701312 40194196 264 0 40400092 7911484 498856 28576 0 0 464148 6144 0 0
net vnet45 0 0 173524 0 0 0 0 0 0 0 0 0 951 0 173023 0 0 0 0 0 0 864 0
net lo 0 0 4037042 0 0 0 0 0 0 0 0 0 32097 0 4037042 0 0 0 0 0 0 32097 0
net vnet44 0 0 239650 0 0 0 0 0 0 0 0 0 1166 0 205440 0 0 0 0 0 0 1134 0
net eno1 0 162162 40340145711 0 0 383 0 0 0 0 0 0 30374467 0 1231452499 0 0 0 0 0 0 5974904 0
net virbr0 0 846 9964610583 0 0 0 0 0 0 0 0 0 39739495 0 38383709691 0 0 0 0 0 0 23527069 0
numa 1 119339086 18781169 10118603 29535 119294767 18825471
numa 0 118452681 10118603 18781169 29710 118450967 10119874
ps - 502279665 408932 626 571 510 7 743
sysv_shm - 0 0
tmpfs /run/lock 0 6
tmpfs /run 2125824 1105
tmpfs /run/user/20029 0 20
tmpfs /run/qemu 0 1
tmpfs /dev/shm 37615726592 105411
vfs - 133971 5384 184421
vm - 4 25322737 440364303 252317 1617408 265282602 309251851 85280635 6618706 219432748 56879 0 0 0 0 0 1811072 0 311878 5997 0 1618108 94 0 3 0 0

1778477624.481233 0 node0.mimesys-workload.ldos-ut-pg0.wisc.cloudlab.us
block sda 641825 211191 50638261 349504 2705328 17784538 880729615 13079052 0 2416832 13716948
block sdb 494 0 7540 455 4 0 0 0 0 576 456
cpu 11 186246 0 56746 2979239 7319 0 5
cpu 10 212533 2 51792 2958919 9486 0 6
cpu 13 180779 0 52339 2989610 6877 0 5
cpu 12 185088 0 51349 2986602 7634 0 2
cpu 15 174825 2 49891 2998428 6776 0 4
cpu 14 168397 0 51284 3004162 6930 0 5
cpu 17 153390 0 49596 3020265 6998 0 2
cpu 16 163351 0 47921 3013966 5962 0 2
cpu 19 134766 0 36961 3053054 6226 0 1
cpu 18 180756 5 36340 3007644 6499 0 2
cpu 1 246262 0 62093 2907406 8674 0 881
cpu 0 269768 45 47261 2873836 10369 0 1160
cpu 3 266473 0 77594 2876023 7928 0 598
cpu 2 261444 0 74720 2882149 9762 0 193
cpu 5 265357 0 78862 2877509 7839 0 456
cpu 4 262097 1 79492 2878761 8313 0 115
cpu 7 208348 0 76536 2937278 6967 0 542
cpu 6 255701 0 77443 2888620 8193 0 329
cpu 9 177960 0 54088 2987862 8015 0 378
cpu 8 179254 0 61677 2980453 6581 0 340
mem 1 99033092 96134032 2899060 374028 1904212 48 0 2046280 1020276 232028 7268 0 0 176160 2048 0 0
mem 0 97636988 55573144 42063844 701304 40194988 48 0 40400096 7912384 499648 28320 0 0 464124 6144 0 0
net vnet45 0 0 178594 0 0 0 0 0 0 0 0 0 979 0 177711 0 0 0 0 0 0 885 0
net lo 0 0 4037599 0 0 0 0 0 0 0 0 0 32101 0 4037599 0 0 0 0 0 0 32101 0
net vnet44 0 0 239650 0 0 0 0 0 0 0 0 0 1166 0 205440 0 0 0 0 0 0 1134 0
net eno1 0 162162 40340152008 0 0 383 0 0 0 0 0 0 30374564 0 1231452844 0 0 0 0 0 0 5974907 0
net virbr0 0 846 9964615261 0 0 0 0 0 0 0 0 0 39739523 0 38383714379 0 0 0 0 0 0 23527090 0
numa 1 119344047 18781169 10118603 29535 119299728 18825471
numa 0 118460892 10118603 18781169 29710 118459177 10119875
ps - 502288985 409049 626 571 510 4 739
sysv_shm - 0 0
tmpfs /run/lock 0 6
tmpfs /run 2125824 1105
tmpfs /run/user/20029 0 20
tmpfs /run/qemu 0 1
tmpfs /dev/shm 37615726592 105411
vfs - 133962 5264 184408
vm - 4 25322865 440364807 252317 1617408 265295758 309265962 85280639 6618706 219453440 56879 0 0 0 0 0 1811072 0 311878 5997 0 1618108 94 0 3 0 0

1778477625.523333 0 node0.mimesys-workload.ldos-ut-pg0.wisc.cloudlab.us
block sda 641825 211191 50638261 349504 2705328 17784538 880729615 13079052 0 2416832 13716948
block sdb 494 0 7540 455 4 0 0 0 0 576 456
cpu 11 186320 0 56747 2979271 7319 0 5
cpu 10 212612 2 51796 2958942 9486 0 6
cpu 13 180859 0 52340 2989637 6877 0 5
cpu 12 185164 0 51350 2986626 7634 0 2
cpu 15 174827 2 49893 2998528 6776 0 4
cpu 14 168398 0 51287 3004263 6930 0 5
cpu 17 153391 0 49598 3020367 6998 0 2
cpu 16 163352 0 47922 3014067 5962 0 2
cpu 19 134767 0 36966 3053152 6226 0 1
cpu 18 180760 5 36342 3007741 6499 0 2
cpu 1 246265 0 62094 2907505 8674 0 881
cpu 0 269772 45 47263 2873933 10369 0 1160
cpu 3 266476 0 77596 2876119 7928 0 598
cpu 2 261447 0 74722 2882247 9762 0 193
cpu 5 265358 0 78864 2877610 7839 0 456
cpu 4 262099 1 79494 2878861 8313 0 115
cpu 7 208350 0 76538 2937376 6967 0 542
cpu 6 255702 0 77446 2888721 8193 0 329
cpu 9 178041 0 54090 2987884 8015 0 378
cpu 8 179330 0 61681 2980480 6581 0 340
mem 1 99033092 96112360 2920732 374008 1923368 132 0 2064980 1039340 232620 6764 0 0 176120 2048 0 0
mem 0 97636988 55560044 42076944 701344 40202468 196 0 40407700 7920120 500104 28788 0 0 464140 6144 0 0
net vnet45 0 0 181598 0 0 0 0 0 0 0 0 0 994 0 181453 0 0 0 0 0 0 898 0
net lo 0 0 4038766 0 0 0 0 0 0 0 0 0 32109 0 4038766 0 0 0 0 0 0 32109 0
net vnet44 0 0 239650 0 0 0 0 0 0 0 0 0 1166 0 205492 0 0 0 0 0 0 1135 0
net eno1 0 162171 40340158720 0 0 383 0 0 0 0 0 0 30374661 0 1231453290 0 0 0 0 0 0 5974911 0
net virbr0 0 846 9964618055 0 0 0 0 0 0 0 0 0 39739538 0 38383718069 0 0 0 0 0 0 23527102 0
numa 1 119355447 18781169 10118603 29535 119311128 18825471
numa 0 118470778 10118603 18781169 29710 118469063 10119875
ps - 502298275 409173 626 571 510 7 740
sysv_shm - 0 0
tmpfs /run/lock 0 6
tmpfs /run 2125824 1105
tmpfs /run/user/20029 0 20
tmpfs /run/qemu 0 1
tmpfs /dev/shm 37615726592 105411
vfs - 133965 5264 184411
vm - 4 25322865 440364807 252317 1617408 265317092 309280010 85280642 6618706 219482867 56879 0 0 0 0 0 1811072 0 311878 5997 0 1618108 94 0 3 0 0

1778477626.557416 0 node0.mimesys-workload.ldos-ut-pg0.wisc.cloudlab.us
block sda 641825 211191 50638261 349504 2705338 17784538 880729719 13079055 0 2416848 13716952
block sdb 494 0 7540 455 4 0 0 0 0 576 456
cpu 11 186372 0 56752 2979316 7319 0 5
cpu 10 212677 2 51797 2958978 9486 0 6
cpu 13 180925 0 52342 2989676 6877 0 5
cpu 12 185226 0 51352 2986665 7634 0 2
cpu 15 174830 2 49895 2998626 6776 0 4
cpu 14 168398 0 51289 3004364 6930 0 5
cpu 17 153392 0 49600 3020467 6998 0 2
cpu 16 163353 0 47924 3014168 5962 0 2
cpu 19 134768 0 36967 3053253 6226 0 1
cpu 18 180761 5 36344 3007841 6499 0 2
cpu 1 246266 0 62096 2907602 8674 0 881
cpu 0 269774 45 47263 2874032 10369 0 1160
cpu 3 266479 0 77598 2876218 7928 0 598
cpu 2 261448 0 74725 2882347 9762 0 193
cpu 5 265360 0 78865 2877710 7839 0 456
cpu 4 262100 1 79497 2878961 8313 0 115
cpu 7 208351 0 76540 2937476 6967 0 542
cpu 6 255703 0 77447 2888821 8193 0 329
cpu 9 178107 0 54092 2987919 8015 0 378
cpu 8 179398 0 61681 2980514 6581 0 340
mem 1 99033092 96107068 2926024 374016 1925744 148 0 2066768 1040828 233220 7348 0 0 176040 2048 0 0
mem 0 97636988 55556264 42080724 701312 40202444 204 0 40409116 7920500 498100 28276 0 0 464132 6144 0 0
net vnet45 0 0 183532 0 0 0 0 0 0 0 0 0 1005 0 182503 0 0 0 0 0 0 908 0
net lo 0 0 4039323 0 0 0 0 0 0 0 0 0 32113 0 4039323 0 0 0 0 0 0 32113 0
net vnet44 0 0 239650 0 0 0 0 0 0 0 0 0 1166 0 205544 0 0 0 0 0 0 1136 0
net eno1 0 162171 40340164629 0 0 383 0 0 0 0 0 0 30374747 0 1231453677 0 0 0 0 0 0 5974915 0
net virbr0 0 846 9964619835 0 0 0 0 0 0 0 0 0 39739549 0 38383719067 0 0 0 0 0 0 23527111 0
numa 1 119361682 18781169 10118603 29535 119317363 18825471
numa 0 118477801 10118603 18781169 29710 118476086 10119875
ps - 502307598 409291 616 570 510 5 740
sysv_shm - 0 0
tmpfs /run/lock 0 6
tmpfs /run 2125824 1105
tmpfs /run/user/20029 0 20
tmpfs /run/qemu 0 1
tmpfs /dev/shm 37615726592 105411
vfs - 133962 5264 184401
vm - 4 25322865 440364859 252317 1617408 265330334 309293153 85280646 6618706 219503389 56879 0 0 0 0 0 1811072 0 311878 5997 0 1618108 94 0 3 0 0

1778477627.596634 0 node0.mimesys-workload.ldos-ut-pg0.wisc.cloudlab.us
block sda 641825 211191 50638261 349504 2705338 17784538 880729719 13079055 0 2416848 13716952
block sdb 494 0 7540 455 4 0 0 0 0 576 456
cpu 11 186453 0 56754 2979340 7319 0 5
cpu 10 212761 2 51799 2958997 9486 0 6
cpu 13 181014 0 52343 2989692 6877 0 5
cpu 12 185314 0 51352 2986683 7634 0 2
cpu 15 174832 2 49896 2998727 6776 0 4
cpu 14 168399 0 51291 3004465 6930 0 5
cpu 17 153397 0 49602 3020564 6998 0 2
cpu 16 163353 0 47925 3014270 5962 0 2
cpu 19 134770 0 36971 3053350 6226 0 1
cpu 18 180761 5 36345 3007943 6499 0 2
cpu 1 246268 0 62098 2907700 8674 0 881
cpu 0 269775 45 47267 2874131 10369 0 1160
cpu 3 266481 0 77602 2876316 7928 0 598
cpu 2 261450 0 74729 2882445 9762 0 193
cpu 5 265363 0 78869 2877806 7839 0 456
cpu 4 262105 1 79498 2879060 8313 0 115
cpu 7 208353 0 76542 2937576 6967 0 542
cpu 6 255707 0 77452 2888916 8193 0 329
cpu 9 178199 0 54093 2987933 8015 0 378
cpu 8 179479 0 61684 2980536 6581 0 340
mem 1 99033092 96103052 2930040 373988 1924424 164 0 2067128 1040348 231072 7200 0 0 176088 2048 0 0
mem 0 97636988 55549720 42087268 701312 40203896 228 0 40409120 7920216 499528 28348 0 0 464172 6144 0 0
net vnet45 0 0 188536 0 0 0 0 0 0 0 0 0 1032 0 187191 0 0 0 0 0 0 929 0
net lo 0 0 4040490 0 0 0 0 0 0 0 0 0 32121 0 4040490 0 0 0 0 0 0 32121 0
net vnet44 0 0 239650 0 0 0 0 0 0 0 0 0 1166 0 205544 0 0 0 0 0 0 1136 0
net eno1 0 162181 40340170840 0 0 383 0 0 0 0 0 0 30374841 0 1231454123 0 0 0 0 0 0 5974919 0
net virbr0 0 846 9964624461 0 0 0 0 0 0 0 0 0 39739576 0 38383723755 0 0 0 0 0 0 23527132 0
numa 1 119366507 18781169 10118603 29535 119322188 18825471
numa 0 118488464 10118603 18781169 29710 118486749 10119875
ps - 502315339 409420 616 570 510 6 740
sysv_shm - 0 0
tmpfs /run/lock 0 6
tmpfs /run 2125824 1105
tmpfs /run/user/20029 0 20
tmpfs /run/qemu 0 1
tmpfs /dev/shm 37615726592 105411
vfs - 133960 5304 184398
vm - 4 25322865 440364859 252317 1617408 265345790 309308496 85280653 6618706 219527224 56879 0 0 0 0 0 1811072 0 311878 5997 0 1618108 94 0 3 0 0

1778477628.632752 0 node0.mimesys-workload.ldos-ut-pg0.wisc.cloudlab.us
block sda 641825 211191 50638261 349504 2705347 17784551 880729959 13079057 0 2416856 13716954
block sdb 494 0 7540 455 4 0 0 0 0 576 456
cpu 11 186528 0 56756 2979367 7319 0 5
cpu 10 212836 2 51800 2959024 9486 0 6
cpu 13 181087 0 52346 2989721 6877 0 5
cpu 12 185384 0 51354 2986715 7634 0 2
cpu 15 174838 2 49897 2998823 6776 0 4
cpu 14 168400 0 51293 3004565 6930 0 5
cpu 17 153397 0 49603 3020665 6998 0 2
cpu 16 163354 0 47927 3014371 5962 0 2
cpu 19 134772 0 36974 3053448 6226 0 1
cpu 18 180761 5 36346 3008044 6499 0 2
cpu 1 246269 0 62101 2907798 8674 0 881
cpu 0 269776 45 47270 2874229 10369 0 1160
cpu 3 266482 0 77604 2876416 7928 0 598
cpu 2 261454 0 74730 2882544 9762 0 193
cpu 5 265368 0 78874 2877901 7839 0 456
cpu 4 262107 1 79501 2879158 8313 0 115
cpu 7 208358 0 76544 2937672 6967 0 542
cpu 6 255708 0 77455 2889015 8193 0 329
cpu 9 178275 0 54096 2987956 8015 0 378
cpu 8 179557 0 61686 2980560 6581 0 340
mem 1 99033092 96100788 2932304 374024 1924968 184 0 2067156 1041156 231896 7100 0 0 176064 2048 0 0
mem 0 97636988 55544436 42092552 701316 40204040 268 0 40409124 7921068 499680 28428 0 0 464172 6144 0 0
net vnet45 0 0 191408 0 0 0 0 0 0 0 0 0 1045 0 190933 0 0 0 0 0 0 942 0
net lo 0 0 4041657 0 0 0 0 0 0 0 0 0 32129 0 4041657 0 0 0 0 0 0 32129 0
net vnet44 0 0 239650 0 0 0 0 0 0 0 0 0 1166 0 205596 0 0 0 0 0 0 1137 0
net eno1 0 162181 40340176991 0 0 383 0 0 0 0 0 0 30374934 0 1231454569 0 0 0 0 0 0 5974923 0
net virbr0 0 846 9964627151 0 0 0 0 0 0 0 0 0 39739589 0 38383727445 0 0 0 0 0 0 23527144 0
numa 1 119371804 18781169 10118603 29535 119327485 18825471
numa 0 118497427 10118603 18781169 29710 118495712 10119875
ps - 502324313 409542 616 570 510 7 736
sysv_shm - 0 0
tmpfs /run/lock 0 6
tmpfs /run 2125824 1105
tmpfs /run/user/20029 0 20
tmpfs /run/qemu 0 1
tmpfs /dev/shm 37615726592 105411
vfs - 133963 5304 184384
vm - 4 25322865 440364979 252317 1617408 265360051 309322461 85280661 6618706 219549554 56879 0 0 0 0 0 1811072 0 311878 5997 0 1618108 94 0 3 0 0

1778477629.666790 0 node0.mimesys-workload.ldos-ut-pg0.wisc.cloudlab.us
block sda 641825 211191 50638261 349504 2705444 17784551 880730927 13079072 0 2416864 13716969
block sdb 494 0 7540 455 4 0 0 0 0 576 456
cpu 11 186606 0 56759 2979391 7319 0 5
cpu 10 212917 2 51802 2959046 9486 0 6
cpu 13 181165 0 52348 2989744 6877 0 5
cpu 12 185452 0 51355 2986747 7634 0 2
cpu 15 174840 2 49898 2998923 6776 0 4
cpu 14 168401 0 51294 3004666 6930 0 5
cpu 17 153399 0 49604 3020766 6998 0 2
cpu 16 163355 0 47929 3014471 5962 0 2
cpu 19 134772 0 36976 3053549 6226 0 1
cpu 18 180762 5 36348 3008144 6499 0 2
cpu 1 246271 0 62103 2907896 8674 0 881
cpu 0 269778 45 47272 2874328 10369 0 1160
cpu 3 266485 0 77605 2876515 7928 0 598
cpu 2 261455 0 74733 2882642 9762 0 193
cpu 5 265369 0 78876 2878000 7839 0 456
cpu 4 262108 1 79503 2879257 8313 0 115
cpu 7 208358 0 76546 2937772 6967 0 542
cpu 6 255710 0 77457 2889115 8193 0 329
cpu 9 178349 0 54097 2987987 8015 0 378
cpu 8 179642 0 61687 2980578 6581 0 340
mem 1 99033092 96097512 2935580 373996 1924936 52 0 2067364 1041340 231660 6824 0 0 176048 2048 0 0
mem 0 97636988 55542700 42094288 701348 40203740 48 0 40409296 7920492 499340 28908 0 0 464224 6144 0 0
net vnet45 0 0 193408 0 0 0 0 0 0 0 0 0 1057 0 191931 0 0 0 0 0 0 951 0
net lo 0 0 4042214 0 0 0 0 0 0 0 0 0 32133 0 4042214 0 0 0 0 0 0 32133 0
net vnet44 0 0 239650 0 0 0 0 0 0 0 0 0 1166 0 205596 0 0 0 0 0 0 1137 0
net eno1 0 162190 40340183108 0 0 383 0 0 0 0 0 0 30375028 0 1231454914 0 0 0 0 0 0 5974926 0
net virbr0 0 846 9964628983 0 0 0 0 0 0 0 0 0 39739601 0 38383728443 0 0 0 0 0 0 23527153 0
numa 1 119376420 18781169 10118603 29535 119332101 18825471
numa 0 118505469 10118603 18781169 29710 118503754 10119875
ps - 502332604 409658 616 570 510 5 736
sysv_shm - 0 0
tmpfs /run/lock 0 6
tmpfs /run 2125824 1105
tmpfs /run/user/20029 0 20
tmpfs /run/qemu 0 1
tmpfs /dev/shm 37615726592 105411
vfs - 133961 5224 184382
vm - 4 25322865 440365463 252317 1617408 265372709 309335376 85280668 6618706 219569477 56879 0 0 0 0 0 1811072 0 311878 5997 0 1618108 94 0 3 0 0

1778477630.706063 0 node0.mimesys-workload.ldos-ut-pg0.wisc.cloudlab.us
block sda 641825 211191 50638261 349504 2705444 17784551 880730927 13079072 0 2416864 13716969
block sdb 494 0 7540 455 4 0 0 0 0 576 456
cpu 11 186685 0 56762 2979412 7319 0 5
cpu 10 212995 2 51804 2959073 9486 0 6
cpu 13 181242 0 52350 2989770 6877 0 5
cpu 12 185528 0 51358 2986773 7634 0 2
cpu 15 174842 2 49900 2999024 6776 0 4
cpu 14 168402 0 51295 3004767 6930 0 5
cpu 17 153400 0 49606 3020867 6998 0 2
cpu 16 163356 0 47930 3014572 5962 0 2
cpu 19 134775 0 36980 3053647 6226 0 1
cpu 18 180768 5 36350 3008241 6499 0 2
cpu 1 246273 0 62105 2907996 8674 0 881
cpu 0 269779 45 47274 2874427 10369 0 1160
cpu 3 266487 0 77608 2876614 7928 0 598
cpu 2 261456 0 74736 2882742 9762 0 193
cpu 5 265372 0 78878 2878097 7839 0 456
cpu 4 262111 1 79507 2879354 8313 0 115
cpu 7 208360 0 76548 2937873 6967 0 542
cpu 6 255712 0 77458 2889215 8193 0 329
cpu 9 178437 0 54098 2988002 8015 0 378
cpu 8 179707 0 61688 2980615 6581 0 340
mem 1 99033092 96123596 2909496 374048 1925804 132 0 2067448 1041440 232524 7392 0 0 176200 2048 0 0
mem 0 97636988 55535896 42101092 701304 40204192 208 0 40409296 7921184 499692 28372 0 0 464112 6144 0 0
net vnet45 0 0 197386 0 0 0 0 0 0 0 0 0 1075 0 195673 0 0 0 0 0 0 964 0
net lo 0 0 4043381 0 0 0 0 0 0 0 0 0 32141 0 4043381 0 0 0 0 0 0 32141 0
net vnet44 0 0 239650 0 0 0 0 0 0 0 0 0 1166 0 205648 0 0 0 0 0 0 1138 0
net eno1 0 162190 40340189139 0 0 383 0 0 0 0 0 0 30375119 0 1231455360 0 0 0 0 0 0 5974930 0
net virbr0 0 846 9964632709 0 0 0 0 0 0 0 0 0 39739619 0 38383732133 0 0 0 0 0 0 23527165 0
numa 1 119382875 18781169 10118603 29535 119338556 18825471
numa 0 118513260 10118603 18781169 29710 118511545 10119875
ps - 502341521 409779 616 570 510 6 736
sysv_shm - 0 0
tmpfs /run/lock 0 6
tmpfs /run 2125824 1105
tmpfs /run/user/20029 0 20
tmpfs /run/qemu 0 1
tmpfs /dev/shm 37615726592 105411
vfs - 133963 5184 184384
vm - 4 25322865 440365463 252317 1617408 265386954 309349199 85280672 6618706 219591778 56879 0 0 0 0 0 1811072 0 311878 5997 0 1618108 94 0 3 0 0

1778477631.744709 0 node0.mimesys-workload.ldos-ut-pg0.wisc.cloudlab.us
block sda 641825 211191 50638261 349504 2705451 17784551 880730991 13079076 0 2416872 13716973
block sdb 494 0 7540 455 4 0 0 0 0 576 456
cpu 11 186761 0 56764 2979436 7319 0 5
cpu 10 213072 2 51806 2959100 9486 0 6
cpu 13 181315 0 52351 2989799 6877 0 5
cpu 12 185607 0 51361 2986797 7634 0 2
cpu 15 174844 2 49901 2999125 6776 0 4
cpu 14 168403 0 51297 3004869 6930 0 5
cpu 17 153401 0 49608 3020968 6998 0 2
cpu 16 163357 0 47931 3014674 5962 0 2
cpu 19 134777 0 36983 3053745 6226 0 1
cpu 18 180770 5 36351 3008341 6499 0 2
cpu 1 246276 0 62106 2908096 8674 0 881
cpu 0 269779 45 47276 2874526 10369 0 1160
cpu 3 266489 0 77609 2876714 7928 0 598
cpu 2 261458 0 74739 2882840 9762 0 193
cpu 5 265374 0 78882 2878195 7839 0 456
cpu 4 262113 1 79508 2879453 8313 0 115
cpu 7 208360 0 76551 2937972 6967 0 542
cpu 6 255714 0 77459 2889315 8193 0 329
cpu 9 178512 0 54100 2988028 8015 0 378
cpu 8 179784 0 61693 2980638 6581 0 340
mem 1 99033092 96089584 2943508 374032 1956300 128 0 2098668 1072640 231852 7336 0 0 176184 2048 0 0
mem 0 97636988 55521568 42115420 701320 40215064 208 0 40420696 7931888 498764 28568 0 0 464168 6144 0 0
net vnet45 0 0 198478 0 0 0 0 0 0 0 0 0 1085 0 196671 0 0 0 0 0 0 973 0
net lo 0 0 4043938 0 0 0 0 0 0 0 0 0 32145 0 4043938 0 0 0 0 0 0 32145 0
net vnet44 0 0 239650 0 0 0 0 0 0 0 0 0 1166 0 205648 0 0 0 0 0 0 1138 0
net eno1 0 162200 40340195076 0 0 383 0 0 0 0 0 0 30375210 0 1231455705 0 0 0 0 0 0 5974933 0
net virbr0 0 846 9964633661 0 0 0 0 0 0 0 0 0 39739629 0 38383733131 0 0 0 0 0 0 23527174 0
numa 1 119396557 18781169 10118603 29535 119352238 18825471
numa 0 118522822 10118603 18781169 29710 118521107 10119875
ps - 502350360 409895 615 570 510 6 736
sysv_shm - 0 0
tmpfs /run/lock 0 6
tmpfs /run 2125824 1105
tmpfs /run/user/20029 0 20
tmpfs /run/qemu 0 1
tmpfs /dev/shm 37615726592 105411
vfs - 133962 5144 184390
vm - 4 25322865 440365495 252317 1617408 265410199 309362179 85280679 6618706 219622178 56879 0 0 0 0 0 1811072 0 311878 5997 0 1618108 94 0 3 0 0

1778477632.773654 0 node0.mimesys-workload.ldos-ut-pg0.wisc.cloudlab.us
block sda 641825 211191 50638261 349504 2705455 17784551 880731039 13079077 0 2416876 13716974
block sdb 494 0 7540 455 4 0 0 0 0 576 456
cpu 11 186842 0 56767 2979457 7319 0 5
cpu 10 213142 2 51808 2959133 9486 0 6
cpu 13 181392 0 52354 2989822 6877 0 5
cpu 12 185688 0 51362 2986816 7634 0 2
cpu 15 174846 2 49903 2999224 6776 0 4
cpu 14 168404 0 51299 3004968 6930 0 5
cpu 17 153406 0 49610 3021063 6998 0 2
cpu 16 163358 0 47932 3014773 5962 0 2
cpu 19 134778 0 36986 3053844 6226 0 1
cpu 18 180772 5 36352 3008440 6499 0 2
cpu 1 246279 0 62109 2908192 8674 0 881
cpu 0 269780 45 47278 2874625 10369 0 1160
cpu 3 266490 0 77610 2876814 7928 0 598
cpu 2 261460 0 74740 2882940 9762 0 193
cpu 5 265378 0 78885 2878292 7839 0 456
cpu 4 262115 1 79510 2879551 8313 0 115
cpu 7 208361 0 76552 2938072 6968 0 542
cpu 6 255716 0 77463 2889413 8193 0 329
cpu 9 178594 0 54102 2988047 8015 0 378
cpu 8 179869 0 61694 2980656 6581 0 340
mem 1 99033092 96080260 2952832 374024 1963256 144 0 2105256 1079228 232116 7204 0 0 176116 2048 0 0
mem 0 97636988 55527004 42109984 701328 40215892 252 0 40422180 7933372 498548 28644 0 0 464116 6144 0 0
net vnet45 0 0 203548 0 0 0 0 0 0 0 0 0 1113 0 201411 0 0 0 0 0 0 995 0
net lo 0 0 4045521 0 0 0 0 0 0 0 0 0 32161 0 4045521 0 0 0 0 0 0 32161 0
net vnet44 0 0 239650 0 0 0 0 0 0 0 0 0 1166 0 205700 0 0 0 0 0 0 1139 0
net eno1 0 162200 40340202013 0 0 383 0 0 0 0 0 0 30375316 0 1231456217 0 0 0 0 0 0 5974938 0
net virbr0 0 846 9964638339 0 0 0 0 0 0 0 0 0 39739657 0 38383737819 0 0 0 0 0 0 23527195 0
numa 1 119406545 18781169 10118603 29535 119362226 18825471
numa 0 118529180 10118603 18781169 29710 118527465 10119875
ps - 502358670 410017 615 570 510 7 736
sysv_shm - 0 0
tmpfs /run/lock 0 6
tmpfs /run 2125824 1105
tmpfs /run/user/20029 0 20
tmpfs /run/qemu 0 1
tmpfs /dev/shm 37615726592 105411
vfs - 133961 5184 184382
vm - 4 25322865 440365519 252317 1617408 265426544 309376475 85280682 6618706 219646667 56879 0 0 0 0 0 1811072 0 311878 5997 0 1618108 94 0 3 0 0

1778477633.811553 0 node0.mimesys-workload.ldos-ut-pg0.wisc.cloudlab.us
block sda 641825 211191 50638261 349504 2705466 17784565 880731311 13079078 0 2416888 13716976
block sdb 494 0 7540 455 4 0 0 0 0 576 456
cpu 11 186922 0 56769 2979481 7319 0 5
cpu 10 213213 2 51809 2959165 9486 0 6
cpu 13 181471 0 52356 2989847 6877 0 5
cpu 12 185766 0 51363 2986840 7634 0 2
cpu 15 174848 2 49905 2999323 6776 0 4
cpu 14 168413 0 51302 3005060 6930 0 5
cpu 17 153408 0 49613 3021162 6998 0 2
cpu 16 163361 0 47934 3014873 5962 0 2
cpu 19 134780 0 36992 3053938 6226 0 1
cpu 18 180790 5 36356 3008522 6499 0 2
cpu 1 246283 0 62113 2908286 8674 0 881
cpu 0 269799 45 47283 2874705 10369 0 1160
cpu 3 266495 0 77614 2876911 7928 0 598
cpu 2 261463 0 74743 2883037 9762 0 193
cpu 5 265383 0 78888 2878388 7839 0 456
cpu 4 262120 1 79514 2879647 8313 0 115
cpu 7 208367 0 76554 2938168 6968 0 542
cpu 6 255719 0 77465 2889511 8193 0 329
cpu 9 178679 0 54104 2988067 8015 0 378
cpu 8 179946 0 61697 2980683 6581 0 340
mem 1 99033092 96087996 2945096 374036 1963076 160 0 2105508 1080060 231848 6960 0 0 176908 2048 0 0
mem 0 97636988 55535188 42101800 701340 40218256 268 0 40422196 7934556 500632 29200 0 0 464088 6144 0 0
net vnet45 0 0 206684 0 0 0 0 0 0 0 0 0 1130 0 205101 0 0 0 0 0 0 1007 0
net lo 0 0 4048199 0 0 0 0 0 0 0 0 0 32193 0 4048199 0 0 0 0 0 0 32193 0
net vnet44 0 0 239650 0 0 0 0 0 0 0 0 0 1166 0 205700 0 0 0 0 0 0 1139 0
net eno1 0 162208 40340208985 0 0 383 0 0 0 0 0 0 30375420 0 1231456838 0 0 0 0 0 0 5974944 0
net virbr0 0 846 9964641237 0 0 0 0 0 0 0 0 0 39739674 0 38383741509 0 0 0 0 0 0 23527207 0
numa 1 119421764 18781169 10118603 29535 119377444 18825472
numa 0 118542064 10118603 18781169 29710 118540349 10119875
ps - 502372927 410242 615 570 510 6 736
sysv_shm - 0 0
tmpfs /run/lock 0 6
tmpfs /run 2125824 1105
tmpfs /run/user/20029 0 20
tmpfs /run/qemu 0 1
tmpfs /dev/shm 37615726592 105411
vfs - 133963 5184 184384
vm - 4 25322865 440365655 252317 1617408 265454647 309404102 85281507 6618706 219684138 56879 0 0 0 0 0 1811072 0 311878 5997 0 1618108 94 0 3 0 0

1778477634.852977 0 node0.mimesys-workload.ldos-ut-pg0.wisc.cloudlab.us
block sda 641825 211191 50638261 349504 2705564 17784565 880732231 13079094 0 2416896 13716992
block sdb 494 0 7540 455 4 0 0 0 0 576 456
cpu 11 187011 0 56769 2979499 7319 0 5
cpu 10 213289 2 51812 2959194 9486 0 6
cpu 13 181554 0 52361 2989867 6877 0 5
cpu 12 185842 0 51367 2986868 7634 0 2
cpu 15 174849 2 49907 2999424 6776 0 4
cpu 14 168414 0 51304 3005160 6930 0 5
cpu 17 153410 0 49614 3021263 6998 0 2
cpu 16 163362 0 47936 3014974 5962 0 2
cpu 19 134782 0 36996 3054036 6226 0 1
cpu 18 180790 5 36358 3008622 6499 0 2
cpu 1 246284 0 62114 2908388 8674 0 881
cpu 0 269800 45 47287 2874802 10369 0 1160
cpu 3 266496 0 77616 2877011 7928 0 598
cpu 2 261466 0 74744 2883138 9762 0 193
cpu 5 265385 0 78889 2878490 7839 0 456
cpu 4 262122 1 79516 2879747 8313 0 115
cpu 7 208368 0 76555 2938270 6968 0 542
cpu 6 255720 0 77466 2889612 8193 0 329
cpu 9 178762 0 54106 2988087 8015 0 378
cpu 8 180035 0 61698 2980701 6581 0 340
mem 1 99033092 96083756 2949336 374004 1962976 52 0 2105284 1079304 231796 6960 0 0 176512 2048 0 0
mem 0 97636988 55530800 42106188 701344 40217124 48 0 40422712 7934272 499384 28928 0 0 463988 6144 0 0
net vnet45 0 0 208552 0 0 0 0 0 0 0 0 0 1140 0 206151 0 0 0 0 0 0 1017 0
net lo 0 0 4048756 0 0 0 0 0 0 0 0 0 32197 0 4048756 0 0 0 0 0 0 32197 0
net vnet44 0 0 239650 0 0 0 0 0 0 0 0 0 1166 0 205752 0 0 0 0 0 0 1140 0
net eno1 0 162208 40340214382 0 0 383 0 0 0 0 0 0 30375502 0 1231457183 0 0 0 0 0 0 5974947 0
net virbr0 0 846 9964642965 0 0 0 0 0 0 0 0 0 39739684 0 38383742507 0 0 0 0 0 0 23527216 0
numa 1 119430253 18781169 10118603 29535 119385933 18825472
numa 0 118546344 10118603 18781169 29710 118544629 10119875
ps - 502381107 410358 615 570 510 6 736
sysv_shm - 0 0
tmpfs /run/lock 0 6
tmpfs /run 2125824 1105
tmpfs /run/user/20029 0 20
tmpfs /run/qemu 0 1
tmpfs /dev/shm 37615726592 105411
vfs - 133962 5264 184390
vm - 4 25322865 440366115 252317 1617408 265467417 309417216 85281514 6618706 219704095 56879 0 0 0 0 0 1811072 0 311878 5997 0 1618108 94 0 3 0 0

1778477635.893090 0 node0.mimesys-workload.ldos-ut-pg0.wisc.cloudlab.us
block sda 641825 211191 50638261 349504 2705564 17784565 880732231 13079094 0 2416896 13716992
block sdb 494 0 7540 455 4 0 0 0 0 576 456
cpu 11 187070 0 56772 2979540 7319 0 5
cpu 10 213352 2 51814 2959228 9486 0 6
cpu 13 181618 0 52364 2989902 6877 0 5
cpu 12 185903 0 51369 2986911 7634 0 2
cpu 15 174850 2 49908 2999525 6776 0 4
cpu 14 168416 0 51305 3005261 6930 0 5
cpu 17 153415 0 49616 3021360 6998 0 2
cpu 16 163364 0 47937 3015075 5962 0 2
cpu 19 134785 0 37000 3054134 6226 0 1
cpu 18 180791 5 36360 3008723 6499 0 2
cpu 1 246287 0 62116 2908487 8674 0 881
cpu 0 269803 45 47290 2874901 10369 0 1160
cpu 3 266497 0 77617 2877111 7928 0 598
cpu 2 261467 0 74746 2883237 9762 0 193
cpu 5 265387 0 78893 2878587 7839 0 456
cpu 4 262123 1 79518 2879847 8313 0 115
cpu 7 208373 0 76557 2938365 6968 0 542
cpu 6 255722 0 77469 2889712 8193 0 329
cpu 9 178830 0 54106 2988122 8015 0 378
cpu 8 180101 0 61699 2980736 6581 0 340
mem 1 99033092 96079980 2953112 374020 1964044 140 0 2106236 1080344 231928 7004 0 0 176380 2048 0 0
mem 0 97636988 55525512 42111476 701332 40217956 196 0 40422716 7934660 500088 28672 0 0 463952 6144 0 0
net vnet45 0 0 211490 0 0 0 0 0 0 0 0 0 1154 0 209841 0 0 0 0 0 0 1029 0
net lo 0 0 4049923 0 0 0 0 0 0 0 0 0 32205 0 4049923 0 0 0 0 0 0 32205 0
net vnet44 0 0 239650 0 0 0 0 0 0 0 0 0 1166 0 205752 0 0 0 0 0 0 1140 0
net eno1 0 162216 40340219993 0 0 383 0 0 0 0 0 0 30375586 0 1231457683 0 0 0 0 0 0 5974952 0
net virbr0 0 846 9964645707 0 0 0 0 0 0 0 0 0 39739698 0 38383746197 0 0 0 0 0 0 23527228 0
numa 1 119437296 18781169 10118603 29535 119392976 18825472
numa 0 118553773 10118603 18781169 29710 118552058 10119875
ps - 502390178 410479 581 564 509 7 735
sysv_shm - 0 0
tmpfs /run/lock 0 6
tmpfs /run 2125824 1105
tmpfs /run/user/20029 0 20
tmpfs /run/qemu 0 1
tmpfs /dev/shm 37615726592 105411
vfs - 133980 5304 184514
vm - 4 25322865 440366115 252317 1617408 265481889 309431021 85281518 6618706 219726646 56879 0 0 0 0 0 1811072 0 311878 5997 0 1618108 94 0 3 0 0

1778477636.932866 0 node0.mimesys-workload.ldos-ut-pg0.wisc.cloudlab.us
block sda 641825 211191 50638261 349504 2705567 17784565 880732255 13079095 0 2416900 13716992
block sdb 494 0 7540 455 4 0 0 0 0 576 456
cpu 11 187148 0 56775 2979568 7319 0 5
cpu 10 213436 2 51816 2959247 9486 0 6
cpu 13 181696 0 52366 2989927 6877 0 5
cpu 12 185985 0 51370 2986934 7634 0 2
cpu 15 174851 2 49910 2999626 6776 0 4
cpu 14 168416 0 51306 3005362 6930 0 5
cpu 17 153415 0 49617 3021461 6998 0 2
cpu 16 163366 0 47938 3015176 5962 0 2
cpu 19 134786 0 37001 3054235 6226 0 1
cpu 18 180792 5 36361 3008824 6499 0 2
cpu 1 246290 0 62120 2908583 8674 0 881
cpu 0 269803 45 47293 2875000 10369 0 1160
cpu 3 266499 0 77620 2877210 7928 0 598
cpu 2 261468 0 74750 2883337 9762 0 193
cpu 5 265389 0 78894 2878687 7839 0 456
cpu 4 262127 1 79520 2879945 8313 0 115
cpu 7 208377 0 76560 2938463 6968 0 542
cpu 6 255724 0 77472 2889810 8193 0 329
cpu 9 178901 0 54107 2988153 8015 0 378
cpu 8 180182 0 61700 2980757 6581 0 340
mem 1 99033092 96077460 2955632 374016 1963872 140 0 2106440 1080264 231556 7128 0 0 176212 2048 0 0
mem 0 97636988 55535724 42101264 701340 40216908 212 0 40422720 7933884 499012 28780 0 0 464152 6144 0 0
net vnet45 0 0 213358 0 0 0 0 0 0 0 0 0 1164 0 210891 0 0 0 0 0 0 1039 0
net lo 0 0 4050480 0 0 0 0 0 0 0 0 0 32209 0 4050480 0 0 0 0 0 0 32209 0
net vnet44 0 0 239650 0 0 0 0 0 0 0 0 0 1166 0 205804 0 0 0 0 0 0 1141 0
net eno1 0 162216 40340225948 0 0 383 0 0 0 0 0 0 30375672 0 1231458028 0 0 0 0 0 0 5974955 0
net virbr0 0 846 9964647435 0 0 0 0 0 0 0 0 0 39739708 0 38383747195 0 0 0 0 0 0 23527237 0
numa 1 119441484 18781169 10118603 29535 119397164 18825472
numa 0 118562760 10118603 18781169 29710 118561045 10119875
ps - 502398632 410599 581 564 509 8 735
sysv_shm - 0 0
tmpfs /run/lock 0 6
tmpfs /run 2125824 1105
tmpfs /run/user/20029 0 20
tmpfs /run/qemu 0 1
tmpfs /dev/shm 37615726592 105411
vfs - 133960 5344 184419
vm - 4 25322865 440366127 252317 1617408 265495063 309444557 85281524 6618706 219747119 56879 0 0 0 0 0 1811072 0 311878 5997 0 1618108 94 0 3 0 0

1778477637.972337 0 node0.mimesys-workload.ldos-ut-pg0.wisc.cloudlab.us
block sda 641825 211191 50638261 349504 2705569 17784566 880732279 13079096 0 2416904 13716993
block sdb 494 0 7540 455 4 0 0 0 0 576 456
cpu 11 187223 0 56776 2979594 7319 0 5
cpu 10 213524 2 51818 2959267 9486 0 6
cpu 13 181780 0 52367 2989951 6877 0 5
cpu 12 186065 0 51372 2986957 7634 0 2
cpu 15 174852 2 49911 2999728 6776 0 4
cpu 14 168417 0 51308 3005464 6930 0 5
cpu 17 153416 0 49618 3021563 6998 0 2
cpu 16 163367 0 47940 3015277 5962 0 2
cpu 19 134787 0 37005 3054333 6226 0 1
cpu 18 180797 5 36363 3008921 6499 0 2
cpu 1 246292 0 62122 2908683 8674 0 881
cpu 0 269806 45 47295 2875099 10369 0 1160
cpu 3 266502 0 77623 2877307 7928 0 598
cpu 2 261471 0 74752 2883434 9762 0 193
cpu 5 265392 0 78896 2878785 7839 0 456
cpu 4 262132 1 79524 2880040 8313 0 115
cpu 7 208378 0 76563 2938562 6968 0 542
cpu 6 255726 0 77474 2889909 8193 0 329
cpu 9 178979 0 54107 2988179 8015 0 378
cpu 8 180260 0 61703 2980776 6581 0 340
mem 1 99033092 96089772 2943320 374008 1962932 160 0 2106440 1080472 230988 6744 0 0 176180 2048 0 0
mem 0 97636988 55543424 42093564 701348 40218376 248 0 40422724 7933896 500524 28956 0 0 464240 6144 0 0
net vnet45 0 0 218428 0 0 0 0 0 0 0 0 0 1192 0 215579 0 0 0 0 0 0 1060 0
net lo 0 0 4051647 0 0 0 0 0 0 0 0 0 32217 0 4051647 0 0 0 0 0 0 32217 0
net vnet44 0 0 239650 0 0 0 0 0 0 0 0 0 1166 0 205804 0 0 0 0 0 0 1141 0
net eno1 0 162228 40340231989 0 0 383 0 0 0 0 0 0 30375749 0 1231458474 0 0 0 0 0 0 5974959 0
net virbr0 0 846 9964652113 0 0 0 0 0 0 0 0 0 39739736 0 38383751883 0 0 0 0 0 0 23527258 0
numa 1 119447044 18781169 10118603 29535 119402724 18825472
numa 0 118571585 10118603 18781169 29710 118569870 10119875
ps - 502407438 410721 581 564 509 7 735
sysv_shm - 0 0
tmpfs /run/lock 0 6
tmpfs /run 2125824 1105
tmpfs /run/user/20029 0 20
tmpfs /run/qemu 0 1
tmpfs /dev/shm 37615726592 105411
vfs - 133961 5344 184376
vm - 4 25322865 440366139 252317 1617408 265509448 309458967 85281529 6618706 219769610 56879 0 0 0 0 0 1811072 0 311878 5997 0 1618108 94 0 3 0 0

1778477639.011287 0 node0.mimesys-workload.ldos-ut-pg0.wisc.cloudlab.us
block sda 641826 211191 50638287 349504 2705944 17784625 880737495 13079130 0 2416948 13717029
block sdb 494 0 7540 455 4 0 0 0 0 576 456
cpu 11 187303 0 56778 2979618 7319 0 5
cpu 10 213606 2 51819 2959289 9487 0 6
cpu 13 181850 0 52370 2989981 6877 0 5
cpu 12 186142 0 51373 2986986 7634 0 2
cpu 15 174852 2 49913 2999829 6776 0 4
cpu 14 168417 0 51309 3005565 6930 0 5
cpu 17 153421 0 49621 3021660 6998 0 2
cpu 16 163368 0 47941 3015378 5962 0 2
cpu 19 134788 0 37010 3054431 6226 0 1
cpu 18 180798 5 36364 3009022 6499 0 2
cpu 1 246294 0 62125 2908782 8674 0 881
cpu 0 269809 45 47298 2875196 10369 0 1160
cpu 3 266503 0 77625 2877407 7928 0 598
cpu 2 261477 0 74756 2883528 9762 0 193
cpu 5 265394 0 78898 2878883 7839 0 456
cpu 4 262136 1 79527 2880138 8313 0 115
cpu 7 208380 0 76565 2938663 6968 0 542
cpu 6 255728 0 77475 2890008 8193 0 329
cpu 9 179060 0 54109 2988200 8015 0 378
cpu 8 180330 0 61707 2980810 6581 0 340
mem 1 99033092 96115092 2918000 374040 1963620 184 0 2106456 1080684 231348 6784 0 0 176124 2048 0 0
mem 0 97636988 55538388 42098600 701348 40218864 264 0 40422724 7934864 501084 28892 0 0 464248 6144 0 0
net vnet45 0 0 221366 0 0 0 0 0 0 0 0 0 1206 0 219321 0 0 0 0 0 0 1073 0
net lo 0 0 4052814 0 0 0 0 0 0 0 0 0 32225 0 4052814 0 0 0 0 0 0 32225 0
net vnet44 0 0 239650 0 0 0 0 0 0 0 0 0 1166 0 205856 0 0 0 0 0 0 1142 0
net eno1 0 162228 40340237300 0 0 383 0 0 0 0 0 0 30375828 0 1231458920 0 0 0 0 0 0 5974963 0
net virbr0 0 846 9964654855 0 0 0 0 0 0 0 0 0 39739750 0 38383755573 0 0 0 0 0 0 23527270 0
numa 1 119452667 18781169 10118603 29535 119408347 18825472
numa 0 118580500 10118603 18781169 29710 118578785 10119875
ps - 502418056 410847 581 564 509 7 739
sysv_shm - 0 0
tmpfs /run/lock 0 6
tmpfs /run 2125824 1105
tmpfs /run/user/20029 0 20
tmpfs /run/qemu 0 1
tmpfs /dev/shm 37615726592 105411
vfs - 133980 5264 184538
vm - 4 25322878 440368747 252317 1617408 265523986 309473118 85281534 6618706 219791952 56879 0 0 0 0 0 1811072 0 311878 5997 0 1618108 94 0 3 0 0

1778477640.052691 0 node0.mimesys-workload.ldos-ut-pg0.wisc.cloudlab.us
block sda 641826 211191 50638287 349504 2705955 17784625 880737695 13079132 0 2416952 13717030
block sdb 494 0 7540 455 4 0 0 0 0 576 456
cpu 11 187379 0 56782 2979643 7319 0 5
cpu 10 213685 2 51820 2959314 9487 0 6
cpu 13 181929 0 52372 2990005 6877 0 5
cpu 12 186226 0 51374 2987007 7634 0 2
cpu 15 174853 2 49914 2999931 6776 0 4
cpu 14 168418 0 51311 3005667 6930 0 5
cpu 17 153424 0 49622 3021760 6998 0 2
cpu 16 163370 0 47943 3015477 5962 0 2
cpu 19 134788 0 37011 3054533 6226 0 1
cpu 18 180798 5 36366 3009123 6499 0 2
cpu 1 246295 0 62127 2908883 8674 0 881
cpu 0 269813 45 47299 2875294 10369 0 1160
cpu 3 266504 0 77627 2877508 7928 0 598
cpu 2 261479 0 74757 2883628 9762 0 193
cpu 5 265395 0 78900 2878982 7839 0 456
cpu 4 262137 1 79529 2880238 8313 0 115
cpu 7 208382 0 76567 2938763 6968 0 542
cpu 6 255731 0 77476 2890108 8193 0 329
cpu 9 179140 0 54110 2988224 8015 0 378
cpu 8 180411 0 61708 2980833 6581 0 340
mem 1 99033092 96110560 2922532 374004 1963884 192 0 2106460 1080228 231876 6348 0 0 176148 2048 0 0
mem 0 97636988 55534360 42102628 701352 40217808 292 0 40422724 7934216 499616 28976 0 0 464208 6144 0 0
net vnet45 0 0 223300 0 0 0 0 0 0 0 0 0 1217 0 220319 0 0 0 0 0 0 1082 0
net lo 0 0 4053371 0 0 0 0 0 0 0 0 0 32229 0 4053371 0 0 0 0 0 0 32229 0
net vnet44 0 0 239650 0 0 0 0 0 0 0 0 0 1166 0 205856 0 0 0 0 0 0 1142 0
net eno1 0 162237 40340243417 0 0 384 0 0 0 0 0 0 30375922 0 1231459265 0 0 0 0 0 0 5974966 0
net virbr0 0 846 9964656635 0 0 0 0 0 0 0 0 0 39739761 0 38383756571 0 0 0 0 0 0 23527279 0
numa 1 119458853 18781169 10118603 29535 119414533 18825472
numa 0 118586906 10118603 18781169 29710 118585191 10119875
ps - 502426507 410963 581 564 509 7 739
sysv_shm - 0 0
tmpfs /run/lock 0 6
tmpfs /run 2125824 1105
tmpfs /run/user/20029 0 20
tmpfs /run/qemu 0 1
tmpfs /dev/shm 37615726592 105411
vfs - 133961 5264 184400
vm - 4 25322878 440368847 252317 1617408 265536578 309486060 85281545 6618706 219811724 56879 0 0 0 0 0 1811072 0 311878 5997 0 1618108 94 0 3 0 0

1778477641.092825 0 node0.mimesys-workload.ldos-ut-pg0.wisc.cloudlab.us
block sda 641826 211191 50638287 349504 2706046 17784625 880738519 13079146 0 2416956 13717044
block sdb 494 0 7540 455 4 0 0 0 0 576 456
cpu 11 187456 0 56785 2979668 7319 0 5
cpu 10 213768 2 51821 2959335 9487 0 6
cpu 13 182008 0 52375 2990031 6877 0 5
cpu 12 186306 0 51378 2987030 7634 0 2
cpu 15 174854 2 49916 3000032 6776 0 4
cpu 14 168418 0 51314 3005768 6930 0 5
cpu 17 153425 0 49624 3021860 6998 0 2
cpu 16 163370 0 47945 3015579 5962 0 2
cpu 19 134790 0 37014 3054631 6226 0 1
cpu 18 180802 5 36368 3009222 6499 0 2
cpu 1 246298 0 62129 2908981 8674 0 881
cpu 0 269814 45 47302 2875393 10369 0 1160
cpu 3 266505 0 77630 2877606 7928 0 598
cpu 2 261480 0 74760 2883728 9762 0 193
cpu 5 265396 0 78902 2879081 7839 0 456
cpu 4 262140 1 79531 2880338 8313 0 115
cpu 7 208383 0 76572 2938861 6968 0 542
cpu 6 255733 0 77478 2890207 8193 0 329
cpu 9 179218 0 54112 2988247 8015 0 378
cpu 8 180491 0 61708 2980858 6581 0 340
mem 1 99033092 96104016 2929076 374012 1964228 124 0 2106460 1080204 232228 6160 0 0 176164 2048 0 0
mem 0 97636988 55543348 42093640 701368 40218368 180 0 40422724 7935040 500504 29580 0 0 464304 6144 0 0
net vnet45 0 0 227278 0 0 0 0 0 0 0 0 0 1235 0 224061 0 0 0 0 0 0 1095 0
net lo 0 0 4054538 0 0 0 0 0 0 0 0 0 32237 0 4054538 0 0 0 0 0 0 32237 0
net vnet44 0 0 239650 0 0 0 0 0 0 0 0 0 1166 0 205908 0 0 0 0 0 0 1143 0
net eno1 0 162237 40340249592 0 0 384 0 0 0 0 0 0 30376010 0 1231459765 0 0 0 0 0 0 5974971 0
net virbr0 0 846 9964660361 0 0 0 0 0 0 0 0 0 39739779 0 38383760261 0 0 0 0 0 0 23527291 0
numa 1 119464328 18781169 10118603 29535 119420008 18825472
numa 0 118595666 10118603 18781169 29710 118593951 10119875
ps - 502435633 411086 575 563 508 4 741
sysv_shm - 0 0
tmpfs /run/lock 0 6
tmpfs /run 2125824 1105
tmpfs /run/user/20029 0 20
tmpfs /run/qemu 0 1
tmpfs /dev/shm 37615726592 105411
vfs - 133965 5304 184402
vm - 4 25322878 440369259 252317 1617408 265550813 309499880 85281550 6618706 219834132 56879 0 0 0 0 0 1811072 0 311878 5997 0 1618108 94 0 3 0 0

1778477642.132716 0 node0.mimesys-workload.ldos-ut-pg0.wisc.cloudlab.us
block sda 641826 211191 50638287 349504 2706050 17784625 880738551 13079149 0 2416960 13717047
block sdb 494 0 7540 455 4 0 0 0 0 576 456
cpu 11 187529 0 56786 2979694 7319 0 5
cpu 10 213844 2 51822 2959361 9487 0 6
cpu 13 182085 0 52377 2990057 6877 0 5
cpu 12 186384 0 51379 2987054 7634 0 2
cpu 15 174854 2 49917 3000135 6776 0 4
cpu 14 168420 0 51314 3005870 6930 0 5
cpu 17 153427 0 49625 3021962 6998 0 2
cpu 16 163371 0 47946 3015680 5962 0 2
cpu 19 134791 0 37018 3054730 6226 0 1
cpu 18 180802 5 36369 3009324 6499 0 2
cpu 1 246301 0 62131 2909080 8674 0 881
cpu 0 269815 45 47304 2875492 10369 0 1160
cpu 3 266506 0 77633 2877706 7928 0 598
cpu 2 261481 0 74764 2883828 9762 0 193
cpu 5 265398 0 78905 2879181 7839 0 456
cpu 4 262143 1 79532 2880437 8313 0 115
cpu 7 208386 0 76576 2938958 6968 0 542
cpu 6 255735 0 77479 2890307 8193 0 329
cpu 9 179298 0 54113 2988270 8015 0 378
cpu 8 180556 0 61712 2980896 6581 0 340
mem 1 99033092 96104268 2928824 374036 1963848 136 0 2106464 1081096 231240 7260 0 0 176268 2048 0 0
mem 0 97636988 55541584 42095404 701344 40218172 208 0 40422732 7934788 500264 28920 0 0 464368 6144 0 0
net vnet45 0 0 228370 0 0 0 0 0 0 0 0 0 1245 0 225059 0 0 0 0 0 0 1104 0
net lo 0 0 4055095 0 0 0 0 0 0 0 0 0 32241 0 4055095 0 0 0 0 0 0 32241 0
net vnet44 0 0 239650 0 0 0 0 0 0 0 0 0 1166 0 205908 0 0 0 0 0 0 1143 0
net eno1 0 162249 40340257399 0 0 384 0 0 0 0 0 0 30376118 0 1231460110 0 0 0 0 0 0 5974974 0
net virbr0 0 846 9964661313 0 0 0 0 0 0 0 0 0 39739789 0 38383761259 0 0 0 0 0 0 23527300 0
numa 1 119467516 18781169 10118603 29535 119423196 18825472
numa 0 118605029 10118603 18781169 29710 118603314 10119875
ps - 502444752 411202 575 563 508 6 741
sysv_shm - 0 0
tmpfs /run/lock 0 6
tmpfs /run 2125824 1105
tmpfs /run/user/20029 0 20
tmpfs /run/qemu 0 1
tmpfs /dev/shm 37615726592 105411
vfs - 133980 5344 184548
vm - 4 25322878 440369275 252317 1617408 265563365 309512831 85281555 6618706 219853859 56879 0 0 0 0 0 1811072 0 311878 5997 0 1618108 94 0 3 0 0

1778477643.165976 0 node0.mimesys-workload.ldos-ut-pg0.wisc.cloudlab.us
block sda 641826 211191 50638287 349504 2706054 17784625 880738591 13079152 0 2416964 13717050
block sdb 494 0 7540 455 4 0 0 0 0 576 456
cpu 11 187612 0 56787 2979717 7319 0 5
cpu 10 213917 2 51824 2959391 9487 0 6
cpu 13 182163 0 52378 2990080 6877 0 5
cpu 12 186467 0 51380 2987073 7634 0 2
cpu 15 174855 2 49918 3000236 6776 0 4
cpu 14 168420 0 51316 3005970 6930 0 5
cpu 17 153428 0 49626 3022062 6998 0 2
cpu 16 163373 0 47948 3015780 5962 0 2
cpu 19 134792 0 37020 3054831 6226 0 1
cpu 18 180804 5 36371 3009422 6499 0 2
cpu 1 246303 0 62133 2909178 8674 0 881
cpu 0 269816 45 47306 2875590 10369 0 1160
cpu 3 266509 0 77634 2877805 7928 0 598
cpu 2 261485 0 74768 2883923 9762 0 193
cpu 5 265400 0 78909 2879277 7839 0 456
cpu 4 262146 1 79534 2880535 8313 0 115
cpu 7 208394 0 76579 2939051 6968 0 542
cpu 6 255738 0 77480 2890405 8193 0 329
cpu 9 179380 0 54115 2988290 8015 0 378
cpu 8 180635 0 61715 2980918 6581 0 340
mem 1 99033092 96101496 2931596 374040 1963584 144 0 2106464 1080588 231296 7256 0 0 176244 2048 0 0
mem 0 97636988 55535796 42101192 701340 40218080 228 0 40422732 7934812 500188 28268 0 0 464280 6144 0 0
net vnet45 0 0 233440 0 0 0 0 0 0 0 0 0 1273 0 229799 0 0 0 0 0 0 1126 0
net lo 0 0 4056262 0 0 0 0 0 0 0 0 0 32249 0 4056262 0 0 0 0 0 0 32249 0
net vnet44 0 0 239650 0 0 0 0 0 0 0 0 0 1166 0 205960 0 0 0 0 0 0 1144 0
net eno1 0 162249 40340263250 0 0 384 0 0 0 0 0 0 30376206 0 1231460556 0 0 0 0 0 0 5974978 0
net virbr0 0 846 9964665991 0 0 0 0 0 0 0 0 0 39739817 0 38383765947 0 0 0 0 0 0 23527321 0
numa 1 119472682 18781169 10118603 29535 119428362 18825472
numa 0 118614101 10118603 18781169 29710 118612386 10119875
ps - 502453180 411324 575 563 508 5 741
sysv_shm - 0 0
tmpfs /run/lock 0 6
tmpfs /run 2125824 1105
tmpfs /run/user/20029 0 20
tmpfs /run/qemu 0 1
tmpfs /dev/shm 37615726592 105411
vfs - 133963 5384 184412
vm - 4 25322878 440369295 252317 1617408 265577602 309527118 85281560 6618706 219876334 56879 0 0 0 0 0 1811072 0 311878 5997 0 1618108 94 0 3 0 0

1778477644.205540 0 node0.mimesys-workload.ldos-ut-pg0.wisc.cloudlab.us
block sda 641826 211191 50638287 349504 2706069 17784641 880738927 13079157 0 2416976 13717056
block sdb 494 0 7540 455 4 0 0 0 0 576 456
cpu 11 187690 0 56789 2979742 7319 0 5
cpu 10 214002 2 51826 2959407 9487 0 6
cpu 13 182243 0 52380 2990103 6877 0 5
cpu 12 186544 0 51383 2987099 7634 0 2
cpu 15 174856 2 49920 3000336 6776 0 4
cpu 14 168421 0 51318 3006071 6930 0 5
cpu 17 153429 0 49629 3022163 6998 0 2
cpu 16 163374 0 47950 3015880 5962 0 2
cpu 19 134796 0 37024 3054926 6226 0 1
cpu 18 180804 5 36373 3009523 6499 0 2
cpu 1 246306 0 62135 2909278 8674 0 881
cpu 0 269818 45 47308 2875688 10369 0 1160
cpu 3 266511 0 77637 2877903 7928 0 598
cpu 2 261486 0 74770 2884024 9762 0 193
cpu 5 265401 0 78911 2879379 7839 0 456
cpu 4 262154 1 79535 2880630 8313 0 115
cpu 7 208395 0 76582 2939150 6968 0 542
cpu 6 255741 0 77482 2890505 8193 0 329
cpu 9 179460 0 54117 2988313 8015 0 378
cpu 8 180704 0 61716 2980951 6581 0 340
mem 1 99033092 96101252 2931840 374056 1966864 116 0 2106464 1080984 234464 7456 0 0 176316 2048 0 0
mem 0 97636988 55532800 42104188 701324 40218080 224 0 40422736 7935072 501448 28664 0 0 464312 6144 0 0
net vnet45 0 0 236576 0 0 0 0 0 0 0 0 0 1290 0 233489 0 0 0 0 0 0 1138 0
net lo 0 0 4057429 0 0 0 0 0 0 0 0 0 32257 0 4057429 0 0 0 0 0 0 32257 0
net vnet44 0 0 239650 0 0 0 0 0 0 0 0 0 1166 0 205960 0 0 0 0 0 0 1144 0
net eno1 0 162259 40340269521 0 0 384 0 0 0 0 0 0 30376301 0 1231461002 0 0 0 0 0 0 5974982 0
net virbr0 0 846 9964668889 0 0 0 0 0 0 0 0 0 39739834 0 38383769637 0 0 0 0 0 0 23527333 0
numa 1 119480094 18781169 10118603 29535 119435774 18825472
numa 0 118620880 10118603 18781169 29710 118619165 10119875
ps - 502461833 411445 575 563 508 4 741
sysv_shm - 0 0
tmpfs /run/lock 0 6
tmpfs /run 2125824 1105
tmpfs /run/user/20029 0 20
tmpfs /run/qemu 0 1
tmpfs /dev/shm 37615726592 105411
vfs - 133965 5304 184414
vm - 4 25322878 440369463 252317 1617408 265591794 309540912 85281568 6618706 219898535 56879 0 0 0 0 0 1811072 0 311878 5997 0 1618108 94 0 3 0 0

1778477645.236159 0 node0.mimesys-workload.ldos-ut-pg0.wisc.cloudlab.us
block sda 641831 211221 50638567 349507 2706083 17784641 880739143 13079159 0 2416984 13717061
block sdb 494 0 7540 455 4 0 0 0 0 576 456
cpu 11 187765 0 56791 2979769 7319 0 5
cpu 10 214072 2 51828 2959441 9487 0 6
cpu 13 182318 0 52380 2990131 6877 0 5
cpu 12 186605 0 51385 2987136 7634 0 2
cpu 15 174856 2 49923 3000437 6776 0 4
cpu 14 168421 0 51321 3006171 6930 0 5
cpu 17 153431 0 49630 3022262 6998 0 2
cpu 16 163374 0 47952 3015980 5962 0 2
cpu 19 134797 0 37029 3055023 6226 0 1
cpu 18 180806 5 36374 3009623 6499 0 2
cpu 1 246308 0 62136 2909376 8674 0 881
cpu 0 269822 45 47310 2875784 10369 0 1160
cpu 3 266511 0 77639 2878003 7928 0 598
cpu 2 261488 0 74773 2884123 9762 0 193
cpu 5 265402 0 78912 2879479 7839 0 456
cpu 4 262156 1 79536 2880730 8313 0 115
cpu 7 208396 0 76584 2939249 6968 0 542
cpu 6 255743 0 77483 2890604 8193 0 329
cpu 9 179536 0 54119 2988337 8015 0 378
cpu 8 180782 0 61718 2980975 6581 0 340
mem 1 99033092 96096760 2936332 374164 1965196 156 0 2106616 1080792 233300 7160 0 0 176308 2048 0 0
mem 0 97636988 55529256 42107732 701340 40217156 268 0 40422740 7934260 499304 28836 0 0 464312 6144 0 0
net vnet45 0 0 238444 0 0 0 0 0 0 0 0 0 1300 0 234539 0 0 0 0 0 0 1148 0
net lo 0 0 4057986 0 0 0 0 0 0 0 0 0 32261 0 4057986 0 0 0 0 0 0 32261 0
net vnet44 0 0 239650 0 0 0 0 0 0 0 0 0 1166 0 206012 0 0 0 0 0 0 1145 0
net eno1 0 162259 40340275398 0 0 384 0 0 0 0 0 0 30376391 0 1231461347 0 0 0 0 0 0 5974985 0
net virbr0 0 846 9964670617 0 0 0 0 0 0 0 0 0 39739844 0 38383770635 0 0 0 0 0 0 23527342 0
numa 1 119486436 18781169 10118603 29535 119442116 18825472
numa 0 118627209 10118603 18781169 29710 118625494 10119875
ps - 502469529 411561 575 563 508 7 741
sysv_shm - 0 0
tmpfs /run/lock 0 6
tmpfs /run 2125824 1105
tmpfs /run/user/20029 0 20
tmpfs /run/qemu 0 1
tmpfs /dev/shm 37615726592 105411
vfs - 133980 5384 184548
vm - 4 25323018 440369571 252317 1617408 265604464 309553868 85281569 6618706 219918337 56879 0 0 0 0 0 1811072 0 311878 5997 0 1618108 94 0 3 0 0

1778477646.276130 0 node0.mimesys-workload.ldos-ut-pg0.wisc.cloudlab.us
block sda 641842 211221 50638618 349509 2706165 17784641 880739903 13079171 0 2416996 13717076
block sdb 509 0 7540 473 4 0 0 0 0 600 474
cpu 11 187848 0 56792 2979794 7319 0 5
cpu 10 214153 2 51829 2959464 9487 0 6
cpu 13 182395 0 52382 2990156 6877 0 5
cpu 12 186683 0 51386 2987159 7634 0 2
cpu 15 174856 2 49924 3000539 6776 0 4
cpu 14 168422 0 51322 3006273 6930 0 5
cpu 17 153433 0 49632 3022363 6998 0 2
cpu 16 163375 0 47954 3016083 5962 0 2
cpu 19 134797 0 37030 3055126 6226 0 1
cpu 18 180806 5 36375 3009725 6499 0 2
cpu 1 246312 0 62138 2909472 8675 0 881
cpu 0 269825 45 47314 2875880 10370 0 1160
cpu 3 266518 0 77643 2878094 7928 0 598
cpu 2 261489 0 74775 2884222 9762 0 193
cpu 5 265404 0 78914 2879578 7839 0 456
cpu 4 262158 1 79539 2880829 8313 0 115
cpu 7 208400 0 76589 2939345 6968 0 542
cpu 6 255745 0 77486 2890703 8193 0 329
cpu 9 179612 0 54122 2988364 8015 0 378
cpu 8 180861 0 61721 2981000 6581 0 340
mem 1 99033092 96095248 2937844 374148 1963176 60 0 2106616 1081060 230812 7176 0 0 176316 2048 0 0
mem 0 97636988 55524980 42112008 701384 40218380 148 0 40422776 7934364 500184 28816 0 0 464376 6144 0 0
net vnet45 0 0 243316 0 0 0 0 0 0 0 0 0 1325 0 239227 0 0 0 0 0 0 1169 0
net lo 0 0 4059153 0 0 0 0 0 0 0 0 0 32269 0 4059153 0 0 0 0 0 0 32269 0
net vnet44 0 0 239650 0 0 0 0 0 0 0 0 0 1166 0 206012 0 0 0 0 0 0 1145 0
net eno1 0 162267 40340281263 0 0 384 0 0 0 0 0 0 30376479 0 1231461847 0 0 0 0 0 0 5974990 0
net virbr0 0 846 9964675139 0 0 0 0 0 0 0 0 0 39739869 0 38383775323 0 0 0 0 0 0 23527363 0
numa 1 119488524 18781169 10118603 29535 119444204 18825472
numa 0 118639422 10118603 18781169 29710 118637707 10119875
ps - 502478334 411683 577 564 509 7 741
sysv_shm - 0 0
tmpfs /run/lock 0 6
tmpfs /run 2125824 1105
tmpfs /run/user/20029 0 20
tmpfs /run/qemu 0 1
tmpfs /dev/shm 37615726592 105411
vfs - 133963 5384 184412
vm - 4 25323042 440369951 252317 1617408 265618765 309568156 85281577 6618706 219940905 56879 0 0 0 0 0 1811072 0 311878 5997 0 1618108 94 0 3 0 0

1778477647.317228 0 node0.mimesys-workload.ldos-ut-pg0.wisc.cloudlab.us
block sda 641842 211221 50638618 349509 2706169 17784641 880739935 13079174 0 2417000 13717079
block sdb 509 0 7540 473 4 0 0 0 0 600 474
cpu 11 187932 0 56792 2979817 7319 0 5
cpu 10 214235 2 51830 2959484 9487 0 6
cpu 13 182469 0 52383 2990186 6877 0 5
cpu 12 186760 0 51388 2987186 7634 0 2
cpu 15 174858 2 49925 3000640 6776 0 4
cpu 14 168425 0 51325 3006371 6930 0 5
cpu 17 153435 0 49633 3022464 6998 0 2
cpu 16 163376 0 47955 3016184 5962 0 2
cpu 19 134800 0 37033 3055223 6226 0 1
cpu 18 180807 5 36377 3009827 6499 0 2
cpu 1 246312 0 62141 2909572 8675 0 881
cpu 0 269827 45 47318 2875975 10370 0 1160
cpu 3 266523 0 77646 2878190 7928 0 598
cpu 2 261492 0 74778 2884320 9762 0 193
cpu 5 265407 0 78916 2879678 7839 0 456
cpu 4 262161 1 79540 2880929 8313 0 115
cpu 7 208401 0 76593 2939445 6968 0 542
cpu 6 255746 0 77488 2890803 8193 0 329
cpu 9 179689 0 54123 2988395 8015 0 378
cpu 8 180940 0 61723 2981027 6581 0 340
mem 1 99033092 96090964 2942128 374192 1964808 112 0 2106616 1080916 232156 7368 0 0 176204 2048 0 0
mem 0 97636988 55520448 42116540 701376 40219840 228 0 40422776 7934224 501988 29204 0 0 464464 6144 0 0
net vnet45 0 0 244776 0 0 0 0 0 0 0 0 0 1330 0 241195 0 0 0 0 0 0 1175 0
net lo 0 0 4060320 0 0 0 0 0 0 0 0 0 32277 0 4060320 0 0 0 0 0 0 32277 0
net vnet44 0 0 239650 0 0 0 0 0 0 0 0 0 1166 0 206064 0 0 0 0 0 0 1146 0
net eno1 0 162267 40340287774 0 0 384 0 0 0 0 0 0 30376578 0 1231462293 0 0 0 0 0 0 5974994 0
net virbr0 0 846 9964676529 0 0 0 0 0 0 0 0 0 39739874 0 38383777239 0 0 0 0 0 0 23527368 0
numa 1 119493564 18781169 10118603 29535 119449244 18825472
numa 0 118649148 10118603 18781169 29710 118647433 10119875
ps - 502487170 411808 577 564 509 6 741
sysv_shm - 0 0
tmpfs /run/lock 0 6
tmpfs /run 2125824 1105
tmpfs /run/user/20029 0 20
tmpfs /run/qemu 0 1
tmpfs /dev/shm 37615726592 105411
vfs - 133964 5344 184451
vm - 4 25323042 440369967 252317 1617408 265633532 309582594 85281583 6618706 219963869 56879 0 0 0 0 0 1811072 0 311878 5997 0 1618108 94 0 3 0 0

1778477648.356690 0 node0.mimesys-workload.ldos-ut-pg0.wisc.cloudlab.us
block sda 641842 211221 50638618 349509 2706174 17784641 880739975 13079177 0 2417008 13717082
block sdb 509 0 7540 473 4 0 0 0 0 600 474
cpu 11 188021 0 56793 2979833 7319 0 5
cpu 10 214323 2 51832 2959501 9487 0 6
cpu 13 182555 0 52384 2990204 6877 0 5
cpu 12 186852 0 51388 2987200 7634 0 2
cpu 15 174859 2 49926 3000741 6776 0 4
cpu 14 168425 0 51327 3006471 6930 0 5
cpu 17 153436 0 49634 3022566 6998 0 2
cpu 16 163377 0 47956 3016286 5962 0 2
cpu 19 134802 0 37036 3055320 6226 0 1
cpu 18 180808 5 36378 3009928 6499 0 2
cpu 1 246316 0 62142 2909671 8675 0 881
cpu 0 269828 45 47321 2876074 10370 0 1160
cpu 3 266524 0 77648 2878289 7928 0 598
cpu 2 261498 0 74779 2884417 9762 0 193
cpu 5 265409 0 78918 2879778 7839 0 456
cpu 4 262164 1 79540 2881028 8313 0 115
cpu 7 208402 0 76597 2939543 6968 0 542
cpu 6 255747 0 77490 2890903 8193 0 329
cpu 9 179777 0 54124 2988411 8015 0 378
cpu 8 181012 0 61724 2981059 6581 0 340
mem 1 99033092 96089964 2943128 374180 1963112 136 0 2106620 1080364 230736 6884 0 0 176204 2048 0 0
mem 0 97636988 55517424 42119564 701380 40218864 244 0 40422788 7934928 501308 28524 0 0 464368 6144 0 0
net vnet45 0 0 246452 0 0 0 0 0 0 0 0 0 1342 0 242969 0 0 0 0 0 0 1182 0
net lo 0 0 4060877 0 0 0 0 0 0 0 0 0 32281 0 4060877 0 0 0 0 0 0 32281 0
net vnet44 0 0 239650 0 0 0 0 0 0 0 0 0 1166 0 206064 0 0 0 0 0 0 1146 0
net eno1 0 162276 40340294491 0 0 384 0 0 0 0 0 0 30376681 0 1231462638 0 0 0 0 0 0 5974997 0
net virbr0 0 846 9964678037 0 0 0 0 0 0 0 0 0 39739886 0 38383779013 0 0 0 0 0 0 23527375 0
numa 1 119498124 18781169 10118603 29535 119453804 18825472
numa 0 118657107 10118603 18781169 29710 118655392 10119875
ps - 502494734 411923 577 564 509 4 741
sysv_shm - 0 0
tmpfs /run/lock 0 6
tmpfs /run 2125824 1105
tmpfs /run/user/20029 0 20
tmpfs /run/qemu 0 1
tmpfs /dev/shm 37615726592 105411
vfs - 133982 5424 184550
vm - 4 25323042 440369987 252317 1617408 265646050 309595095 85281589 6618706 219983434 56879 0 0 0 0 0 1811072 0 311878 5997 0 1618108 94 0 3 0 0

1778477649.397112 0 node0.mimesys-workload.ldos-ut-pg0.wisc.cloudlab.us
block sda 641842 211221 50638618 349509 2706191 17784670 880740423 13079180 0 2417024 13717084
block sdb 509 0 7540 473 4 0 0 0 0 600 474
cpu 11 188104 0 56794 2979853 7319 0 5
cpu 10 214409 2 51834 2959521 9487 0 6
cpu 13 182634 0 52387 2990227 6877 0 5
cpu 12 186932 0 51390 2987225 7634 0 2
cpu 15 174860 2 49927 3000843 6776 0 4
cpu 14 168426 0 51328 3006574 6930 0 5
cpu 17 153437 0 49635 3022667 6998 0 2
cpu 16 163378 0 47958 3016388 5962 0 2
cpu 19 134803 0 37038 3055422 6226 0 1
cpu 18 180809 5 36380 3010030 6499 0 2
cpu 1 246319 0 62146 2909769 8675 0 881
cpu 0 269830 45 47324 2876173 10370 0 1160
cpu 3 266526 0 77651 2878389 7928 0 598
cpu 2 261500 0 74781 2884516 9762 0 193
cpu 5 265410 0 78920 2879878 7839 0 456
cpu 4 262167 1 79542 2881127 8313 0 115
cpu 7 208405 0 76598 2939643 6968 0 542
cpu 6 255749 0 77493 2891002 8193 0 329
cpu 9 179852 0 54126 2988437 8015 0 378
cpu 8 181086 0 61727 2981086 6581 0 340
mem 1 99033092 96089220 2943872 374180 1964228 180 0 2106632 1080444 232152 7128 0 0 176140 2048 0 0
mem 0 97636988 55513904 42123084 701368 40218036 252 0 40422788 7934196 500132 28424 0 0 464368 6144 0 0
net vnet45 0 0 248386 0 0 0 0 0 0 0 0 0 1353 0 244019 0 0 0 0 0 0 1192 0
net lo 0 0 4061434 0 0 0 0 0 0 0 0 0 32285 0 4061434 0 0 0 0 0 0 32285 0
net vnet44 0 0 239650 0 0 0 0 0 0 0 0 0 1166 0 206116 0 0 0 0 0 0 1147 0
net eno1 0 162276 40340300848 0 0 384 0 0 0 0 0 0 30376780 0 1231462983 0 0 0 0 0 0 5975000 0
net virbr0 0 846 9964679817 0 0 0 0 0 0 0 0 0 39739897 0 38383780011 0 0 0 0 0 0 23527384 0
numa 1 119502212 18781169 10118603 29535 119457892 18825472
numa 0 118665653 10118603 18781169 29710 118663938 10119875
ps - 502503187 412040 577 564 509 5 738
sysv_shm - 0 0
tmpfs /run/lock 0 6
tmpfs /run 2125824 1105
tmpfs /run/user/20029 0 20
tmpfs /run/qemu 0 1
tmpfs /dev/shm 37615726592 105411
vfs - 133963 5384 184394
vm - 4 25323042 440370211 252317 1617408 265658684 309608084 85281592 6618706 220003308 56879 0 0 0 0 0 1811072 0 311878 5997 0 1618108 94 0 3 0 0

1778477650.431844 0 node0.mimesys-workload.ldos-ut-pg0.wisc.cloudlab.us
block sda 641842 211221 50638618 349509 2706197 17784670 880740487 13079180 0 2417032 13717085
block sdb 509 0 7540 473 4 0 0 0 0 600 474
cpu 11 188188 0 56796 2979873 7319 0 5
cpu 10 214495 2 51835 2959540 9487 0 6
cpu 13 182710 0 52389 2990251 6877 0 5
cpu 12 187014 0 51391 2987248 7634 0 2
cpu 15 174861 2 49928 3000944 6776 0 4
cpu 14 168427 0 51330 3006674 6930 0 5
cpu 17 153438 0 49637 3022767 6998 0 2
cpu 16 163378 0 47960 3016488 5962 0 2
cpu 19 134806 0 37041 3055519 6226 0 1
cpu 18 180810 5 36381 3010130 6499 0 2
cpu 1 246322 0 62149 2909866 8675 0 881
cpu 0 269832 45 47326 2876270 10370 0 1160
cpu 3 266529 0 77654 2878485 7928 0 598
cpu 2 261504 0 74782 2884614 9762 0 193
cpu 5 265411 0 78922 2879977 7839 0 456
cpu 4 262172 1 79546 2881221 8313 0 115
cpu 7 208410 0 76600 2939740 6968 0 542
cpu 6 255750 0 77495 2891101 8193 0 329
cpu 9 179937 0 54129 2988456 8015 0 378
cpu 8 181156 0 61729 2981117 6581 0 340
mem 1 99033092 96085684 2947408 374196 1964996 188 0 2106632 1080196 232484 6968 0 0 176140 2048 0 0
mem 0 97636988 55509872 42127116 701364 40218304 296 0 40422796 7934556 500536 28944 0 0 464312 6144 0 0
net vnet45 0 0 253390 0 0 0 0 0 0 0 0 0 1380 0 248707 0 0 0 0 0 0 1213 0
net lo 0 0 4062601 0 0 0 0 0 0 0 0 0 32293 0 4062601 0 0 0 0 0 0 32293 0
net vnet44 0 0 239650 0 0 0 0 0 0 0 0 0 1166 0 206116 0 0 0 0 0 0 1147 0
net eno1 0 162286 40340307059 0 0 384 0 0 0 0 0 0 30376874 0 1231463429 0 0 0 0 0 0 5975004 0
net virbr0 0 846 9964684443 0 0 0 0 0 0 0 0 0 39739924 0 38383784699 0 0 0 0 0 0 23527405 0
numa 1 119507345 18781169 10118603 29535 119463025 18825472
numa 0 118674901 10118603 18781169 29710 118673186 10119875
ps - 502511896 412162 577 564 509 6 738
sysv_shm - 0 0
tmpfs /run/lock 0 6
tmpfs /run 2125824 1105
tmpfs /run/user/20029 0 20
tmpfs /run/qemu 0 1
tmpfs /dev/shm 37615726592 105411
vfs - 133963 5424 184394
vm - 4 25323042 440370243 252317 1617408 265673065 309622495 85281598 6618706 220025793 56879 0 0 0 0 0 1811072 0 311878 5997 0 1618108 94 0 3 0 0

1778477651.470857 0 node0.mimesys-workload.ldos-ut-pg0.wisc.cloudlab.us
block sda 641842 211221 50638618 349509 2706282 17784670 880741247 13079194 0 2417036 13717099
block sdb 509 0 7540 473 4 0 0 0 0 600 474
cpu 11 188270 0 56796 2979898 7319 0 5
cpu 10 214571 2 51836 2959565 9487 0 6
cpu 13 182778 0 52392 2990283 6877 0 5
cpu 12 187090 0 51394 2987273 7634 0 2
cpu 15 174862 2 49930 3001045 6776 0 4
cpu 14 168428 0 51332 3006775 6930 0 5
cpu 17 153440 0 49640 3022867 6998 0 2
cpu 16 163379 0 47962 3016589 5962 0 2
cpu 19 134807 0 37046 3055616 6226 0 1
cpu 18 180810 5 36383 3010231 6499 0 2
cpu 1 246326 0 62152 2909964 8675 0 881
cpu 0 269833 45 47328 2876369 10370 0 1160
cpu 3 266529 0 77655 2878587 7928 0 598
cpu 2 261507 0 74783 2884713 9762 0 193
cpu 5 265415 0 78924 2880075 7839 0 456
cpu 4 262172 1 79548 2881323 8313 0 115
cpu 7 208411 0 76600 2939841 6968 0 542
cpu 6 255752 0 77499 2891200 8193 0 329
cpu 9 180021 0 54130 2988476 8015 0 378
cpu 8 181227 0 61730 2981147 6581 0 340
mem 1 99033092 96097068 2936024 374248 1965568 192 0 2106632 1081620 233840 7532 0 0 176268 2048 0 0
mem 0 97636988 55504836 42132152 701360 40217300 332 0 40422796 7935004 499568 27768 0 0 464240 6144 0 0
net vnet45 0 0 254916 0 0 0 0 0 0 0 0 0 1386 0 250789 0 0 0 0 0 0 1220 0
net lo 0 0 4063768 0 0 0 0 0 0 0 0 0 32301 0 4063768 0 0 0 0 0 0 32301 0
net vnet44 0 0 239650 0 0 0 0 0 0 0 0 0 1166 0 206168 0 0 0 0 0 0 1148 0
net eno1 0 162286 40340313748 0 0 384 0 0 0 0 0 0 30376971 0 1231463875 0 0 0 0 0 0 5975008 0
net virbr0 0 846 9964685885 0 0 0 0 0 0 0 0 0 39739930 0 38383786729 0 0 0 0 0 0 23527411 0
numa 1 119516924 18781169 10118603 29535 119472604 18825472
numa 0 118679485 10118603 18781169 29710 118677770 10119875
ps - 502520708 412283 555 559 508 6 736
sysv_shm - 0 0
tmpfs /run/lock 0 6
tmpfs /run 2125824 1105
tmpfs /run/user/20029 0 20
tmpfs /run/qemu 0 1
tmpfs /dev/shm 37615726592 105411
vfs - 133979 5304 184512
vm - 4 25323042 440370623 252317 1617408 265687228 309636331 85281605 6618706 220048091 56879 0 0 0 0 0 1811072 0 311878 5997 0 1618108 94 0 3 0 0

1778477652.505097 0 node0.mimesys-workload.ldos-ut-pg0.wisc.cloudlab.us
block sda 641842 211221 50638618 349509 2706286 17784670 880741279 13079197 0 2417040 13717102
block sdb 509 0 7540 473 4 0 0 0 0 600 474
cpu 11 188351 0 56798 2979918 7319 0 5
cpu 10 214655 2 51837 2959584 9487 0 6
cpu 13 182860 0 52393 2990308 6877 0 5
cpu 12 187170 0 51394 2987296 7634 0 2
cpu 15 174862 2 49931 3001145 6776 0 4
cpu 14 168428 0 51334 3006876 6930 0 5
cpu 17 153441 0 49641 3022968 6998 0 2
cpu 16 163380 0 47963 3016691 5962 0 2
cpu 19 134807 0 37047 3055718 6226 0 1
cpu 18 180811 5 36384 3010332 6499 0 2
cpu 1 246329 0 62155 2910061 8675 0 881
cpu 0 269834 45 47331 2876467 10370 0 1160
cpu 3 266531 0 77660 2878684 7928 0 598
cpu 2 261509 0 74786 2884812 9762 0 193
cpu 5 265420 0 78927 2880171 7839 0 456
cpu 4 262174 1 79550 2881423 8313 0 115
cpu 7 208413 0 76601 2939941 6968 0 542
cpu 6 255754 0 77501 2891299 8193 0 329
cpu 9 180099 0 54132 2988499 8015 0 378
cpu 8 181311 0 61730 2981168 6581 0 340
mem 1 99033092 96093688 2939404 374180 1963660 164 0 2106636 1080520 231316 6932 0 0 176268 2048 0 0
mem 0 97636988 55515300 42121688 701408 40218260 196 0 40422796 7933988 500412 28864 0 0 464152 6144 0 0
net vnet45 0 0 258460 0 0 0 0 0 0 0 0 0 1408 0 253499 0 0 0 0 0 0 1236 0
net lo 0 0 4064325 0 0 0 0 0 0 0 0 0 32305 0 4064325 0 0 0 0 0 0 32305 0
net vnet44 0 0 239650 0 0 0 0 0 0 0 0 0 1166 0 206220 0 0 0 0 0 0 1149 0
net eno1 0 162297 40340319745 0 0 384 0 0 0 0 0 0 30377063 0 1231464220 0 0 0 0 0 0 5975011 0
net virbr0 0 846 9964689121 0 0 0 0 0 0 0 0 0 39739952 0 38383789387 0 0 0 0 0 0 23527426 0
numa 1 119520666 18781169 10118603 29535 119476346 18825472
numa 0 118688373 10118603 18781169 29710 118686658 10119875
ps - 502528564 412399 555 559 508 5 736
sysv_shm - 0 0
tmpfs /run/lock 0 6
tmpfs /run 2125824 1105
tmpfs /run/user/20029 0 20
tmpfs /run/qemu 0 1
tmpfs /dev/shm 37615726592 105411
vfs - 133961 5264 184382
vm - 4 25323042 440370639 252317 1617408 265699859 309649269 85281608 6618706 220067943 56879 0 0 0 0 0 1811072 0 311878 5997 0 1618108 94 0 3 0 0

1778477653.526320 0 node0.mimesys-workload.ldos-ut-pg0.wisc.cloudlab.us
block sda 641842 211221 50638618 349509 2706286 17784670 880741279 13079197 0 2417040 13717102
block sdb 509 0 7540 473 4 0 0 0 0 600 474
cpu 11 188420 0 56800 2979952 7319 0 5
cpu 10 214717 2 51838 2959619 9487 0 6
cpu 13 182924 0 52397 2990344 6877 0 5
cpu 12 187240 0 51396 2987327 7634 0 2
cpu 15 174863 2 49932 3001245 6776 0 4
cpu 14 168429 0 51337 3006975 6930 0 5
cpu 17 153443 0 49642 3023067 6998 0 2
cpu 16 163380 0 47965 3016790 5962 0 2
cpu 19 134809 0 37051 3055814 6226 0 1
cpu 18 180812 5 36386 3010432 6499 0 2
cpu 1 246330 0 62158 2910159 8675 0 881
cpu 0 269836 45 47334 2876564 10370 0 1160
cpu 3 266532 0 77662 2878782 7928 0 598
cpu 2 261511 0 74788 2884908 9762 0 193
cpu 5 265422 0 78928 2880270 7839 0 456
cpu 4 262180 1 79552 2881517 8313 0 115
cpu 7 208414 0 76604 2940040 6968 0 542
cpu 6 255758 0 77503 2891395 8193 0 329
cpu 9 180167 0 54134 2988532 8015 0 378
cpu 8 181374 0 61732 2981203 6581 0 340
mem 1 99033092 96087644 2945448 374216 1965392 184 0 2106636 1080180 233136 7640 0 0 176236 2048 0 0
mem 0 97636988 55515564 42121424 701396 40217864 216 0 40422796 7934528 499312 28076 0 0 464120 6144 0 0
net vnet45 0 0 261398 0 0 0 0 0 0 0 0 0 1422 0 257189 0 0 0 0 0 0 1248 0
net lo 0 0 4065492 0 0 0 0 0 0 0 0 0 32313 0 4065492 0 0 0 0 0 0 32313 0
net vnet44 0 0 239650 0 0 0 0 0 0 0 0 0 1166 0 206220 0 0 0 0 0 0 1149 0
net eno1 0 162297 40340326136 0 0 384 0 0 0 0 0 0 30377160 0 1231464666 0 0 0 0 0 0 5975015 0
net virbr0 0 846 9964691863 0 0 0 0 0 0 0 0 0 39739966 0 38383793077 0 0 0 0 0 0 23527438 0
numa 1 119528571 18781169 10118603 29535 119484251 18825472
numa 0 118694679 10118603 18781169 29710 118692964 10119875
ps - 502537986 412520 555 559 508 5 736
sysv_shm - 0 0
tmpfs /run/lock 0 6
tmpfs /run 2125824 1105
tmpfs /run/user/20029 0 20
tmpfs /run/qemu 0 1
tmpfs /dev/shm 37615726592 105411
vfs - 133963 5344 184384
vm - 4 25323042 440370639 252317 1617408 265714069 309663155 85281611 6618706 220090129 56879 0 0 0 0 0 1811072 0 311878 5997 0 1618108 94 0 3 0 0

1778477654.560577 0 node0.mimesys-workload.ldos-ut-pg0.wisc.cloudlab.us
block sda 641842 211221 50638618 349509 2706298 17784683 880741535 13079200 0 2417048 13717106
block sdb 509 0 7540 473 4 0 0 0 0 600 474
cpu 11 188500 0 56801 2979975 7319 0 5
cpu 10 214802 2 51840 2959638 9487 0 6
cpu 13 182990 0 52401 2990377 6877 0 5
cpu 12 187323 0 51397 2987349 7634 0 2
cpu 15 174865 2 49934 3001345 6776 0 4
cpu 14 168431 0 51338 3007074 6930 0 5
cpu 17 153444 0 49643 3023168 6998 0 2
cpu 16 163380 0 47968 3016891 5962 0 2
cpu 19 134811 0 37055 3055911 6226 0 1
cpu 18 180812 5 36388 3010532 6499 0 2
cpu 1 246334 0 62159 2910257 8675 0 881
cpu 0 269836 45 47336 2876662 10370 0 1160
cpu 3 266534 0 77664 2878882 7928 0 598
cpu 2 261513 0 74790 2885008 9762 0 193
cpu 5 265424 0 78932 2880370 7839 0 456
cpu 4 262182 1 79555 2881616 8313 0 115
cpu 7 208415 0 76607 2940138 6968 0 542
cpu 6 255761 0 77504 2891495 8193 0 329
cpu 9 180247 0 54134 2988555 8015 0 378
cpu 8 181458 0 61732 2981226 6581 0 340
mem 1 99033092 96084880 2948212 374212 1963908 208 0 2106644 1080868 232376 7228 0 0 176244 2048 0 0
mem 0 97636988 55512792 42124196 701380 40217680 228 0 40422804 7933988 499900 28692 0 0 464200 6144 0 0
net vnet45 0 0 263332 0 0 0 0 0 0 0 0 0 1433 0 258239 0 0 0 0 0 0 1258 0
net lo 0 0 4066049 0 0 0 0 0 0 0 0 0 32317 0 4066049 0 0 0 0 0 0 32317 0
net vnet44 0 0 239650 0 0 0 0 0 0 0 0 0 1166 0 206272 0 0 0 0 0 0 1150 0
net eno1 0 162306 40340331893 0 0 384 0 0 0 0 0 0 30377248 0 1231465011 0 0 0 0 0 0 5975018 0
net virbr0 0 846 9964693643 0 0 0 0 0 0 0 0 0 39739977 0 38383794075 0 0 0 0 0 0 23527447 0
numa 1 119534028 18781169 10118603 29535 119489708 18825472
numa 0 118701855 10118603 18781169 29710 118700140 10119875
ps - 502545841 412636 555 559 508 6 728
sysv_shm - 0 0
tmpfs /run/lock 0 6
tmpfs /run 2125824 1105
tmpfs /run/user/20029 0 20
tmpfs /run/qemu 0 1
tmpfs /dev/shm 37615726592 105411
vfs - 133978 5304 184470
vm - 4 25323042 440370767 252317 1617408 265726702 309676169 85281616 6618706 220109917 56879 0 0 0 0 0 1811072 0 311878 5997 0 1618108 94 0 3 0 0

1778477655.600006 0 node0.mimesys-workload.ldos-ut-pg0.wisc.cloudlab.us
block sda 641880 211338 50641746 349530 2706312 17784728 880742023 13079203 0 2417076 13717131
block sdb 509 0 7540 473 4 0 0 0 0 600 474
cpu 11 188580 0 56802 2980000 7319 0 5
cpu 10 214875 2 51843 2959666 9487 0 6
cpu 13 183068 0 52404 2990402 6877 0 5
cpu 12 187403 0 51399 2987374 7634 0 2
cpu 15 174866 2 49936 3001445 6776 0 4
cpu 14 168431 0 51342 3007174 6930 0 5
cpu 17 153446 0 49644 3023269 6998 0 2
cpu 16 163381 0 47969 3016992 5962 0 2
cpu 19 134812 0 37056 3056012 6226 0 1
cpu 18 180812 5 36391 3010633 6499 0 2
cpu 1 246336 0 62160 2910357 8675 0 881
cpu 0 269840 45 47340 2876757 10371 0 1160
cpu 3 266539 0 77667 2878978 7928 0 598
cpu 2 261516 0 74790 2885107 9762 0 193
cpu 5 265426 0 78934 2880467 7839 0 456
cpu 4 262182 1 79560 2881716 8313 0 115
cpu 7 208418 0 76610 2940234 6968 0 542
cpu 6 255762 0 77506 2891594 8193 0 329
cpu 9 180330 0 54135 2988576 8015 0 378
cpu 8 181544 0 61734 2981244 6581 0 340
mem 1 99033092 96092696 2940396 374280 1964712 244 0 2106848 1080428 232196 7084 0 0 176260 2048 0 0
mem 0 97636988 55519072 42117916 702280 40217040 340 0 40424204 7934080 499228 28880 0 0 464136 6144 0 0
net vnet45 0 0 268402 0 0 0 0 0 0 0 0 0 1461 0 262927 0 0 0 0 0 0 1279 0
net lo 0 0 4068884 0 0 0 0 0 0 0 0 0 32343 0 4068884 0 0 0 0 0 0 32343 0
net vnet44 0 0 239650 0 0 0 0 0 0 0 0 0 1166 0 206342 0 0 0 0 0 0 1151 0
net eno1 0 162306 40340339348 0 0 384 0 0 0 0 0 0 30377360 0 1231466043 0 0 0 0 0 0 5975030 0
net virbr0 0 846 9964698321 0 0 0 0 0 0 0 0 0 39740005 0 38383798763 0 0 0 0 0 0 23527468 0
numa 1 119541466 18781169 10118603 29535 119497146 18825472
numa 0 118710196 10118603 18781169 29710 118708481 10119875
ps - 502555319 412771 555 559 508 5 728
sysv_shm - 0 0
tmpfs /run/lock 0 6
tmpfs /run 2125824 1105
tmpfs /run/user/20029 0 20
tmpfs /run/qemu 0 1
tmpfs /dev/shm 37615726592 105411
vfs - 133961 5264 184334
vm - 4 25324606 440371011 252318 1617408 265742481 309691551 85281740 6618706 220134334 56887 0 0 0 0 0 1811072 0 311878 5997 0 1618108 94 0 3 0 0

1778477656.638931 0 node0.mimesys-workload.ldos-ut-pg0.wisc.cloudlab.us
block sda 641880 211338 50641746 349530 2706401 17784728 880742863 13079218 0 2417080 13717146
block sdb 509 0 7540 473 4 0 0 0 0 600 474
cpu 11 188662 0 56802 2980024 7319 0 5
cpu 10 214951 2 51844 2959690 9487 0 6
cpu 13 183134 0 52406 2990435 6877 0 5
cpu 12 187484 0 51400 2987396 7634 0 2
cpu 15 174868 2 49940 3001543 6776 0 4
cpu 14 168432 0 51346 3007274 6930 0 5
cpu 17 153446 0 49646 3023370 6998 0 2
cpu 16 163383 0 47972 3017092 5962 0 2
cpu 19 134813 0 37061 3056110 6226 0 1
cpu 18 180813 5 36394 3010733 6499 0 2
cpu 1 246338 0 62163 2910455 8675 0 881
cpu 0 269842 45 47343 2876853 10371 0 1160
cpu 3 266540 0 77669 2879077 7928 0 598
cpu 2 261518 0 74792 2885207 9762 0 193
cpu 5 265428 0 78936 2880566 7839 0 456
cpu 4 262183 1 79562 2881816 8313 0 115
cpu 7 208420 0 76612 2940333 6968 0 542
cpu 6 255764 0 77510 2891694 8193 0 329
cpu 9 180410 0 54137 2988599 8015 0 378
cpu 8 181623 0 61736 2981266 6581 0 340
mem 1 99033092 96102740 2930352 374276 1965000 128 0 2106828 1080804 232636 7308 0 0 176268 2048 0 0
mem 0 97636988 55515456 42121532 702304 40217924 244 0 40424208 7934276 499616 28752 0 0 464152 6144 0 0
net vnet45 0 0 268402 0 0 0 0 0 0 0 0 0 1461 0 262979 0 0 0 0 0 0 1280 0
net lo 0 0 4070607 0 0 0 0 0 0 0 0 0 32357 0 4070607 0 0 0 0 0 0 32357 0
net vnet44 0 0 239650 0 0 0 0 0 0 0 0 0 1166 0 206394 0 0 0 0 0 0 1152 0
net eno1 0 162317 40340346731 0 0 384 0 0 0 0 0 0 30377469 0 1231466550 0 0 0 0 0 0 5975035 0
net virbr0 0 846 9964698321 0 0 0 0 0 0 0 0 0 39740005 0 38383798763 0 0 0 0 0 0 23527468 0
numa 1 119548213 18781169 10118603 29535 119503893 18825472
numa 0 118717643 10118603 18781169 29710 118715928 10119875
ps - 502564701 412893 542 557 507 8 728
sysv_shm - 0 0
tmpfs /run/lock 0 6
tmpfs /run 2125824 1105
tmpfs /run/user/20029 0 20
tmpfs /run/qemu 0 1
tmpfs /dev/shm 37615726592 105411
vfs - 133962 5344 184335
vm - 4 25324606 440371431 252318 1617408 265756692 309705470 85281745 6618706 220156836 56887 0 0 0 0 0 1811072 0 311878 5997 0 1618108 94 0 3 0 0

1778477657.679077 0 node0.mimesys-workload.ldos-ut-pg0.wisc.cloudlab.us
block sda 641880 211338 50641746 349530 2706409 17784728 880742919 13079221 0 2417088 13717149
block sdb 509 0 7540 473 4 0 0 0 0 600 474
cpu 11 188743 0 56804 2980046 7319 0 5
cpu 10 215038 2 51845 2959708 9487 0 6
cpu 13 183210 0 52407 2990460 6877 0 5
cpu 12 187570 0 51403 2987415 7634 0 2
cpu 15 174871 2 49941 3001643 6776 0 4
cpu 14 168432 0 51347 3007376 6930 0 5
cpu 17 153446 0 49648 3023471 6998 0 2
cpu 16 163383 0 47974 3017193 5962 0 2
cpu 19 134815 0 37066 3056207 6226 0 1
cpu 18 180817 5 36397 3010829 6499 0 2
cpu 1 246339 0 62165 2910556 8675 0 881
cpu 0 269844 45 47345 2876952 10371 0 1160
cpu 3 266541 0 77670 2879177 7928 0 598
cpu 2 261520 0 74794 2885307 9762 0 193
cpu 5 265429 0 78938 2880667 7839 0 456
cpu 4 262184 1 79563 2881917 8313 0 115
cpu 7 208422 0 76614 2940432 6968 0 542
cpu 6 255767 0 77510 2891794 8193 0 329
cpu 9 180487 0 54139 2988625 8015 0 378
cpu 8 181704 0 61736 2981288 6581 0 340
mem 1 99033092 96098968 2934124 374248 1963880 144 0 2106828 1080424 231388 6956 0 0 176308 2048 0 0
mem 0 97636988 55510672 42126316 702324 40217480 264 0 40424208 7933976 499096 28896 0 0 464040 6144 0 0
net vnet45 0 0 273472 0 0 0 0 0 0 0 0 0 1489 0 267667 0 0 0 0 0 0 1301 0
net lo 0 0 4071164 0 0 0 0 0 0 0 0 0 32361 0 4071164 0 0 0 0 0 0 32361 0
net vnet44 0 0 239650 0 0 0 0 0 0 0 0 0 1166 0 206394 0 0 0 0 0 0 1152 0
net eno1 0 162325 40340352728 0 0 384 0 0 0 0 0 0 30377561 0 1231466895 0 0 0 0 0 0 5975038 0
net virbr0 0 846 9964702999 0 0 0 0 0 0 0 0 0 39740033 0 38383803451 0 0 0 0 0 0 23527489 0
numa 1 119555313 18781169 10118603 29535 119510993 18825472
numa 0 118723893 10118603 18781169 29710 118722178 10119875
ps - 502573050 413013 542 557 507 6 728
sysv_shm - 0 0
tmpfs /run/lock 0 6
tmpfs /run 2125824 1105
tmpfs /run/user/20029 0 20
tmpfs /run/qemu 0 1
tmpfs /dev/shm 37615726592 105411
vfs - 133978 5344 184470
vm - 4 25324606 440371459 252318 1617408 265770026 309719106 85281750 6618706 220177341 56887 0 0 0 0 0 1811072 0 311878 5997 0 1618108 94 0 3 0 0

1778477658.718951 0 node0.mimesys-workload.ldos-ut-pg0.wisc.cloudlab.us
block sda 641880 211338 50641746 349530 2706409 17784728 880742919 13079221 0 2417088 13717149
block sdb 509 0 7540 473 4 0 0 0 0 600 474
cpu 11 188820 0 56806 2980068 7319 0 5
cpu 10 215122 2 51846 2959729 9487 0 6
cpu 13 183292 0 52410 2990484 6877 0 5
cpu 12 187638 0 51405 2987445 7634 0 2
cpu 15 174872 2 49942 3001744 6776 0 4
cpu 14 168437 0 51348 3007474 6930 0 5
cpu 17 153447 0 49651 3023573 6998 0 2
cpu 16 163384 0 47975 3017295 5962 0 2
cpu 19 134816 0 37068 3056308 6226 0 1
cpu 18 180818 5 36399 3010931 6499 0 2
cpu 1 246340 0 62167 2910655 8675 0 881
cpu 0 269848 45 47349 2877048 10371 0 1160
cpu 3 266542 0 77673 2879277 7928 0 598
cpu 2 261524 0 74796 2885404 9762 0 193
cpu 5 265432 0 78941 2880763 7839 0 456
cpu 4 262185 1 79565 2882017 8313 0 115
cpu 7 208427 0 76616 2940530 6968 0 542
cpu 6 255768 0 77512 2891894 8193 0 329
cpu 9 180573 0 54141 2988646 8015 0 378
cpu 8 181782 0 61738 2981316 6581 0 340
mem 1 99033092 96095192 2937900 374248 1964616 164 0 2106828 1080436 232168 6972 0 0 176252 2048 0 0
mem 0 97636988 55519628 42117360 702328 40218520 304 0 40424212 7934668 500124 28872 0 0 464072 6144 0 0
net vnet45 0 0 276608 0 0 0 0 0 0 0 0 0 1506 0 271409 0 0 0 0 0 0 1314 0
net lo 0 0 4072331 0 0 0 0 0 0 0 0 0 32369 0 4072331 0 0 0 0 0 0 32369 0
net vnet44 0 0 239650 0 0 0 0 0 0 0 0 0 1166 0 206446 0 0 0 0 0 0 1153 0
net eno1 0 162325 40340358999 0 0 384 0 0 0 0 0 0 30377656 0 1231467341 0 0 0 0 0 0 5975042 0
net virbr0 0 846 9964705897 0 0 0 0 0 0 0 0 0 39740050 0 38383807141 0 0 0 0 0 0 23527501 0
numa 1 119560453 18781169 10118603 29535 119516133 18825472
numa 0 118732929 10118603 18781169 29710 118731214 10119875
ps - 502581393 413135 542 557 507 6 728
sysv_shm - 0 0
tmpfs /run/lock 0 6
tmpfs /run 2125824 1105
tmpfs /run/user/20029 0 20
tmpfs /run/qemu 0 1
tmpfs /dev/shm 37615726592 105411
vfs - 133963 5424 184336
vm - 4 25324606 440371459 252318 1617408 265784201 309732928 85281752 6618706 220199657 56887 0 0 0 0 0 1811072 0 311878 5997 0 1618108 94 0 3 0 0

1778477659.760200 0 node0.mimesys-workload.ldos-ut-pg0.wisc.cloudlab.us
block sda 641880 211338 50641746 349530 2706421 17784753 880743295 13079224 0 2417104 13717153
block sdb 509 0 7540 473 4 0 0 0 0 600 474
cpu 11 188893 0 56809 2980099 7319 0 5
cpu 10 215204 2 51848 2959753 9487 0 6
cpu 13 183372 0 52411 2990509 6877 0 5
cpu 12 187719 0 51408 2987469 7634 0 2
cpu 15 174873 2 49944 3001846 6776 0 4
cpu 14 168437 0 51350 3007575 6930 0 5
cpu 17 153448 0 49653 3023675 6998 0 2
cpu 16 163385 0 47976 3017396 5962 0 2
cpu 19 134818 0 37072 3056406 6226 0 1
cpu 18 180818 5 36401 3011033 6499 0 2
cpu 1 246340 0 62170 2910756 8675 0 881
cpu 0 269849 45 47351 2877147 10371 0 1160
cpu 3 266544 0 77675 2879377 7928 0 598
cpu 2 261528 0 74800 2885501 9762 0 193
cpu 5 265434 0 78943 2880863 7839 0 456
cpu 4 262186 1 79567 2882118 8313 0 115
cpu 7 208428 0 76618 2940629 6968 0 542
cpu 6 255770 0 77514 2891993 8193 0 329
cpu 9 180650 0 54144 2988670 8015 0 378
cpu 8 181867 0 61740 2981335 6581 0 340
mem 1 99033092 96091420 2941672 374256 1963516 168 0 2106828 1080428 231004 7000 0 0 176212 2048 0 0
mem 0 97636988 55516616 42120372 702320 40218336 308 0 40424212 7933976 499932 28820 0 0 464176 6144 0 0
net vnet45 0 0 278542 0 0 0 0 0 0 0 0 0 1517 0 272407 0 0 0 0 0 0 1323 0
net lo 0 0 4072888 0 0 0 0 0 0 0 0 0 32373 0 4072888 0 0 0 0 0 0 32373 0
net vnet44 0 0 239650 0 0 0 0 0 0 0 0 0 1166 0 206446 0 0 0 0 0 0 1153 0
net eno1 0 162336 40340365716 0 0 384 0 0 0 0 0 0 30377760 0 1231467686 0 0 0 0 0 0 5975045 0
net virbr0 0 846 9964707677 0 0 0 0 0 0 0 0 0 39740061 0 38383808139 0 0 0 0 0 0 23527510 0
numa 1 119564855 18781169 10118603 29535 119520535 18825472
numa 0 118741201 10118603 18781169 29710 118739486 10119875
ps - 502590266 413251 542 557 507 4 728
sysv_shm - 0 0
tmpfs /run/lock 0 6
tmpfs /run 2125824 1105
tmpfs /run/user/20029 0 20
tmpfs /run/qemu 0 1
tmpfs /dev/shm 37615726592 105411
vfs - 133961 5304 184334
vm - 4 25324606 440371647 252318 1617408 265796875 309745979 85281754 6618706 220219417 56887 0 0 0 0 0 1811072 0 311878 5997 0 1618108 94 0 3 0 0

1778477660.801975 0 node0.mimesys-workload.ldos-ut-pg0.wisc.cloudlab.us
block sda 641880 211338 50641746 349530 2706422 17784753 880743303 13079224 0 2417108 13717153
block sdb 509 0 7540 473 4 0 0 0 0 600 474
cpu 11 188976 0 56811 2980119 7319 0 5
cpu 10 215287 2 51852 2959772 9487 0 6
cpu 13 183452 0 52411 2990536 6877 0 5
cpu 12 187796 0 51411 2987491 7634 0 2
cpu 15 174874 2 49944 3001948 6776 0 4
cpu 14 168439 0 51352 3007675 6930 0 5
cpu 17 153448 0 49656 3023776 6998 0 2
cpu 16 163388 0 47977 3017496 5962 0 2
cpu 19 134820 0 37076 3056504 6226 0 1
cpu 18 180818 5 36402 3011135 6499 0 2
cpu 1 246342 0 62172 2910854 8675 0 881
cpu 0 269851 45 47354 2877246 10371 0 1160
cpu 3 266546 0 77679 2879475 7928 0 598
cpu 2 261530 0 74802 2885599 9762 0 193
cpu 5 265436 0 78947 2880961 7839 0 456
cpu 4 262188 1 79570 2882218 8313 0 115
cpu 7 208431 0 76621 2940727 6968 0 542
cpu 6 255776 0 77515 2892092 8193 0 329
cpu 9 180734 0 54147 2988688 8015 0 378
cpu 8 181953 0 61742 2981351 6581 0 340
mem 1 99033092 96089156 2943936 374268 1963876 188 0 2106836 1080428 231436 7196 0 0 176364 2048 0 0
mem 0 97636988 55528092 42108896 702316 40217448 332 0 40424216 7933976 499028 28652 0 0 464040 6144 0 0
net vnet45 0 0 283546 0 0 0 0 0 0 0 0 0 1544 0 277147 0 0 0 0 0 0 1345 0
net lo 0 0 4074055 0 0 0 0 0 0 0 0 0 32381 0 4074055 0 0 0 0 0 0 32381 0
net vnet44 0 0 239650 0 0 0 0 0 0 0 0 0 1166 0 206498 0 0 0 0 0 0 1154 0
net eno1 0 162336 40340372827 0 0 384 0 0 0 0 0 0 30377869 0 1231468132 0 0 0 0 0 0 5975049 0
net virbr0 0 846 9964712303 0 0 0 0 0 0 0 0 0 39740088 0 38383812827 0 0 0 0 0 0 23527531 0
numa 1 119570865 18781169 10118603 29535 119526545 18825472
numa 0 118749528 10118603 18781169 29710 118747813 10119875
ps - 502598224 413373 547 557 508 6 728
sysv_shm - 0 0
tmpfs /run/lock 0 6
tmpfs /run 2125824 1105
tmpfs /run/user/20029 0 20
tmpfs /run/qemu 0 1
tmpfs /dev/shm 37615726592 105411
vfs - 133977 5224 184462
vm - 4 25324606 440371651 252318 1617408 265811212 309760258 85281761 6618706 220241891 56887 0 0 0 0 0 1811072 0 311878 5997 0 1618108 94 0 3 0 0

1778477661.839658 0 node0.mimesys-workload.ldos-ut-pg0.wisc.cloudlab.us
block sda 641880 211338 50641746 349530 2706500 17784753 880744007 13079237 0 2417112 13717166
block sdb 509 0 7540 473 4 0 0 0 0 600 474
cpu 11 189046 0 56814 2980148 7319 0 5
cpu 10 215366 2 51853 2959795 9487 0 6
cpu 13 183528 0 52413 2990562 6877 0 5
cpu 12 187873 0 51413 2987520 7634 0 2
cpu 15 174875 2 49947 3002049 6776 0 4
cpu 14 168440 0 51354 3007775 6930 0 5
cpu 17 153448 0 49658 3023877 6998 0 2
cpu 16 163388 0 47980 3017597 5962 0 2
cpu 19 134824 0 37079 3056600 6226 0 1
cpu 18 180820 5 36404 3011235 6499 0 2
cpu 1 246345 0 62173 2910953 8675 0 881
cpu 0 269854 45 47357 2877343 10371 0 1160
cpu 3 266546 0 77680 2879575 7928 0 598
cpu 2 261533 0 74803 2885698 9762 0 193
cpu 5 265438 0 78948 2881062 7839 0 456
cpu 4 262189 1 79571 2882319 8313 0 115
cpu 7 208436 0 76623 2940823 6968 0 542
cpu 6 255777 0 77517 2892191 8193 0 329
cpu 9 180804 0 54148 2988722 8015 0 378
cpu 8 182034 0 61744 2981375 6581 0 340
mem 1 99033092 96087140 2945952 374300 1964756 76 0 2106840 1080428 232280 7424 0 0 176332 2048 0 0
mem 0 97636988 55523816 42113172 702284 40218696 112 0 40424216 7934420 499800 28428 0 0 464040 6144 0 0
net vnet45 0 0 286616 0 0 0 0 0 0 0 0 0 1560 0 280837 0 0 0 0 0 0 1357 0
net lo 0 0 4075222 0 0 0 0 0 0 0 0 0 32389 0 4075222 0 0 0 0 0 0 32389 0
net vnet44 0 0 239650 0 0 0 0 0 0 0 0 0 1166 0 206498 0 0 0 0 0 0 1154 0
net eno1 0 162344 40340378978 0 0 384 0 0 0 0 0 0 30377962 0 1231468578 0 0 0 0 0 0 5975053 0
net virbr0 0 846 9964715149 0 0 0 0 0 0 0 0 0 39740104 0 38383816517 0 0 0 0 0 0 23527543 0
numa 1 119579201 18781169 10118603 29535 119534881 18825472
numa 0 118755346 10118603 18781169 29710 118753631 10119875
ps - 502607408 413494 547 557 508 7 728
sysv_shm - 0 0
tmpfs /run/lock 0 6
tmpfs /run 2125824 1105
tmpfs /run/user/20029 0 20
tmpfs /run/qemu 0 1
tmpfs /dev/shm 37615726592 105411
vfs - 133963 5224 184336
vm - 4 25324606 440372003 252318 1617408 265825367 309774106 85281767 6618706 220264246 56887 0 0 0 0 0 1811072 0 311878 5997 0 1618108 94 0 3 0 0

1778477662.873739 0 node0.mimesys-workload.ldos-ut-pg0.wisc.cloudlab.us
block sda 641880 211338 50641746 349530 2706505 17784753 880744047 13079241 0 2417116 13717169
block sdb 509 0 7540 473 4 0 0 0 0 600 474
cpu 11 189111 0 56816 2980185 7319 0 5
cpu 10 215436 2 51854 2959828 9487 0 6
cpu 13 183594 0 52414 2990599 6877 0 5
cpu 12 187943 0 51414 2987552 7634 0 2
cpu 15 174876 2 49950 3002149 6776 0 4
cpu 14 168442 0 51355 3007876 6930 0 5
cpu 17 153449 0 49660 3023978 6998 0 2
cpu 16 163389 0 47981 3017697 5962 0 2
cpu 19 134826 0 37083 3056697 6226 0 1
cpu 18 180821 5 36405 3011335 6499 0 2
cpu 1 246346 0 62175 2911052 8675 0 882
cpu 0 269855 45 47360 2877442 10371 0 1160
cpu 3 266549 0 77681 2879675 7928 0 598
cpu 2 261534 0 74805 2885797 9762 0 193
cpu 5 265438 0 78949 2881162 7839 0 456
cpu 4 262190 1 79573 2882419 8313 0 115
cpu 7 208438 0 76625 2940923 6968 0 542
cpu 6 255779 0 77520 2892289 8193 0 329
cpu 9 180865 0 54149 2988762 8015 0 378
cpu 8 182094 0 61746 2981415 6581 0 340
mem 1 99033092 96084120 2948972 374276 1963932 156 0 2106844 1080428 231468 7020 0 0 176276 2048 0 0
mem 0 97636988 55521800 42115188 702312 40217768 244 0 40424220 7933980 499356 28724 0 0 464032 6144 0 0
net vnet45 0 0 288616 0 0 0 0 0 0 0 0 0 1572 0 281887 0 0 0 0 0 0 1367 0
net lo 0 0 4075779 0 0 0 0 0 0 0 0 0 32393 0 4075779 0 0 0 0 0 0 32393 0
net vnet44 0 0 239650 0 0 0 0 0 0 0 0 0 1166 0 206550 0 0 0 0 0 0 1155 0
net eno1 0 162344 40340386715 0 0 384 0 0 0 0 0 0 30378083 0 1231468923 0 0 0 0 0 0 5975056 0
net virbr0 0 846 9964716981 0 0 0 0 0 0 0 0 0 39740116 0 38383817515 0 0 0 0 0 0 23527552 0
numa 1 119585701 18781169 10118603 29535 119541381 18825472
numa 0 118761499 10118603 18781169 29710 118759783 10119876
ps - 502614855 413610 547 557 508 6 728
sysv_shm - 0 0
tmpfs /run/lock 0 6
tmpfs /run 2125824 1105
tmpfs /run/user/20029 0 20
tmpfs /run/qemu 0 1
tmpfs /dev/shm 37615726592 105411
vfs - 133961 5184 184334
vm - 4 25324606 440372023 252318 1617408 265838021 309787131 85281768 6618706 220284003 56887 0 0 0 0 0 1811072 0 311878 5997 0 1618108 94 0 3 0 0

1778477663.909851 0 node0.mimesys-workload.ldos-ut-pg0.wisc.cloudlab.us
block sda 641880 211338 50641746 349530 2706505 17784753 880744047 13079241 0 2417116 13717169
block sdb 509 0 7540 473 4 0 0 0 0 600 474
cpu 11 189192 0 56817 2980206 7319 0 5
cpu 10 215520 2 51854 2959849 9487 0 6
cpu 13 183671 0 52416 2990624 6877 0 5
cpu 12 188024 0 51418 2987576 7634 0 2
cpu 15 174877 2 49953 3002248 6776 0 4
cpu 14 168443 0 51356 3007976 6930 0 5
cpu 17 153450 0 49662 3024079 6998 0 2
cpu 16 163389 0 47983 3017798 5962 0 2
cpu 19 134831 0 37088 3056790 6226 0 1
cpu 18 180822 5 36406 3011435 6499 0 2
cpu 1 246347 0 62176 2911151 8675 0 882
cpu 0 269858 45 47362 2877540 10371 0 1160
cpu 3 266550 0 77683 2879775 7928 0 598
cpu 2 261536 0 74806 2885896 9762 0 193
cpu 5 265440 0 78950 2881262 7839 0 456
cpu 4 262190 1 79575 2882519 8313 0 115
cpu 7 208439 0 76627 2941023 6968 0 542
cpu 6 255782 0 77524 2892386 8193 0 329
cpu 9 180941 0 54151 2988792 8015 0 378
cpu 8 182175 0 61747 2981438 6581 0 340
mem 1 99033092 96078828 2954264 374284 1964348 176 0 2106844 1080428 231852 7216 0 0 176268 2048 0 0
mem 0 97636988 55530260 42106728 702304 40218312 288 0 40424224 7934692 500340 28652 0 0 464000 6144 0 0
net vnet45 0 0 291752 0 0 0 0 0 0 0 0 0 1589 0 285577 0 0 0 0 0 0 1379 0
net lo 0 0 4076946 0 0 0 0 0 0 0 0 0 32401 0 4076946 0 0 0 0 0 0 32401 0
net vnet44 0 0 239650 0 0 0 0 0 0 0 0 0 1166 0 206550 0 0 0 0 0 0 1155 0
net eno1 0 162352 40340393526 0 0 384 0 0 0 0 0 0 30378187 0 1231469369 0 0 0 0 0 0 5975060 0
net virbr0 0 846 9964719879 0 0 0 0 0 0 0 0 0 39740133 0 38383821205 0 0 0 0 0 0 23527564 0
numa 1 119593874 18781169 10118603 29535 119549554 18825472
numa 0 118767503 10118603 18781169 29710 118765787 10119876
ps - 502623395 413731 547 557 508 5 728
sysv_shm - 0 0
tmpfs /run/lock 0 6
tmpfs /run 2125824 1105
tmpfs /run/user/20029 0 20
tmpfs /run/qemu 0 1
tmpfs /dev/shm 37615726592 105411
vfs - 133980 5144 184472
vm - 4 25324606 440372023 252318 1617408 265852196 309800907 85281774 6618706 220306279 56887 0 0 0 0 0 1811072 0 311878 5997 0 1618108 94 0 3 0 0

1778477664.951958 0 node0.mimesys-workload.ldos-ut-pg0.wisc.cloudlab.us
block sda 641882 211338 50642010 349531 2706521 17784766 880744359 13079242 0 2417136 13717173
block sdb 509 0 7540 473 4 0 0 0 0 600 474
cpu 11 189274 0 56818 2980229 7319 0 5
cpu 10 215605 2 51856 2959866 9487 0 6
cpu 13 183746 0 52418 2990651 6877 0 5
cpu 12 188101 0 51420 2987603 7634 0 2
cpu 15 174877 2 49955 3002349 6776 0 4
cpu 14 168444 0 51358 3008078 6930 0 5
cpu 17 153451 0 49663 3024181 6998 0 2
cpu 16 163390 0 47985 3017900 5962 0 2
cpu 19 134832 0 37090 3056891 6226 0 1
cpu 18 180823 5 36409 3011536 6500 0 2
cpu 1 246348 0 62177 2911251 8675 0 882
cpu 0 269861 45 47365 2877637 10371 0 1160
cpu 3 266552 0 77685 2879875 7928 0 598
cpu 2 261538 0 74807 2885997 9762 0 193
cpu 5 265442 0 78952 2881363 7839 0 456
cpu 4 262193 1 79578 2882620 8313 0 115
cpu 7 208440 0 76628 2941125 6968 0 542
cpu 6 255783 0 77526 2892488 8193 0 329
cpu 9 181017 0 54152 2988823 8015 0 378
cpu 8 182253 0 61749 2981463 6581 0 340
mem 1 99033092 96075560 2957532 374288 1964404 188 0 2106848 1080428 231928 7224 0 0 176236 2048 0 0
mem 0 97636988 55529256 42107732 702300 40217048 308 0 40424352 7934044 498480 28640 0 0 464008 6144 0 0
net vnet45 0 0 293686 0 0 0 0 0 0 0 0 0 1600 0 286627 0 0 0 0 0 0 1389 0
net lo 0 0 4077503 0 0 0 0 0 0 0 0 0 32405 0 4077503 0 0 0 0 0 0 32405 0
net vnet44 0 0 239650 0 0 0 0 0 0 0 0 0 1166 0 206602 0 0 0 0 0 0 1156 0
net eno1 0 162352 40340400183 0 0 384 0 0 0 0 0 0 30378290 0 1231469714 0 0 0 0 0 0 5975063 0
net virbr0 0 846 9964721659 0 0 0 0 0 0 0 0 0 39740144 0 38383822203 0 0 0 0 0 0 23527573 0
numa 1 119600890 18781169 10118603 29535 119556570 18825472
numa 0 118773140 10118603 18781169 29710 118771424 10119876
ps - 502632026 413847 547 557 508 2 728
sysv_shm - 0 0
tmpfs /run/lock 0 6
tmpfs /run 2125824 1105
tmpfs /run/user/20029 0 20
tmpfs /run/qemu 0 1
tmpfs /dev/shm 37615726592 105411
vfs - 133961 5144 184334
vm - 4 25324738 440372179 252318 1617408 265864849 309813886 85281778 6618706 220326058 56887 0 0 0 0 0 1811072 0 311878 5997 0 1618108 94 0 3 0 0

1778477665.992542 0 node0.mimesys-workload.ldos-ut-pg0.wisc.cloudlab.us
block sda 641882 211338 50642010 349531 2706523 17784766 880744375 13079244 0 2417140 13717174
block sdb 509 0 7540 473 4 0 0 0 0 600 474
cpu 11 189353 0 56819 2980252 7319 0 5
cpu 10 215686 2 51858 2959888 9487 0 6
cpu 13 183825 0 52420 2990676 6877 0 5
cpu 12 188179 0 51423 2987629 7634 0 2
cpu 15 174880 2 49958 3002447 6776 0 4
cpu 14 168445 0 51360 3008178 6930 0 5
cpu 17 153452 0 49664 3024282 6998 0 2
cpu 16 163391 0 47988 3018000 5962 0 2
cpu 19 134838 0 37094 3056985 6226 0 1
cpu 18 180824 5 36411 3011637 6500 0 2
cpu 1 246351 0 62178 2911351 8675 0 882
cpu 0 269862 45 47366 2877738 10371 0 1160
cpu 3 266555 0 77686 2879976 7928 0 598
cpu 2 261540 0 74808 2886097 9762 0 193
cpu 5 265444 0 78955 2881462 7839 0 456
cpu 4 262195 1 79578 2882721 8313 0 115
cpu 7 208441 0 76629 2941228 6968 0 542
cpu 6 255786 0 77528 2892588 8193 0 329
cpu 9 181101 0 54152 2988848 8015 0 378
cpu 8 182338 0 61749 2981481 6581 0 340
mem 1 99033092 96070528 2962564 374328 1965376 216 0 2106860 1080428 232944 7580 0 0 176484 2048 0 0
mem 0 97636988 55538724 42098264 702276 40216508 332 0 40424352 7934044 497920 28268 0 0 463992 6144 0 0
net vnet45 0 0 298690 0 0 0 0 0 0 0 0 0 1627 0 291315 0 0 0 0 0 0 1410 0
net lo 0 0 4078670 0 0 0 0 0 0 0 0 0 32413 0 4078670 0 0 0 0 0 0 32413 0
net vnet44 0 0 239650 0 0 0 0 0 0 0 0 0 1166 0 206602 0 0 0 0 0 0 1156 0
net eno1 0 162362 40340407200 0 0 384 0 0 0 0 0 0 30378392 0 1231470214 0 0 0 0 0 0 5975068 0
net virbr0 0 846 9964726285 0 0 0 0 0 0 0 0 0 39740171 0 38383826891 0 0 0 0 0 0 23527594 0
numa 1 119611148 18781169 10118603 29535 119566828 18825472
numa 0 118777249 10118603 18781169 29710 118775533 10119876
ps - 502640216 413969 535 555 507 4 728
sysv_shm - 0 0
tmpfs /run/lock 0 6
tmpfs /run 2125824 1105
tmpfs /run/user/20029 0 20
tmpfs /run/qemu 0 1
tmpfs /dev/shm 37615726592 105411
vfs - 133961 5144 184334
vm - 4 25324738 440372187 252318 1617408 265879216 309828245 85281781 6618706 220348507 56887 0 0 0 0 0 1811072 0 311878 5997 0 1618108 94 0 3 0 0

1778477667.033250 0 node0.mimesys-workload.ldos-ut-pg0.wisc.cloudlab.us
block sda 641882 211338 50642010 349531 2706610 17784766 880745151 13079259 0 2417144 13717189
block sdb 509 0 7540 473 4 0 0 0 0 600 474
cpu 11 189431 0 56821 2980281 7319 0 5
cpu 10 215771 2 51859 2959907 9487 0 6
cpu 13 183904 0 52422 2990702 6877 0 5
cpu 12 188263 0 51426 2987651 7634 0 2
cpu 15 174880 2 49960 3002549 6776 0 4
cpu 14 168446 0 51362 3008279 6930 0 5
cpu 17 153453 0 49665 3024384 6998 0 2
cpu 16 163392 0 47990 3018102 5962 0 2
cpu 19 134842 0 37098 3057080 6226 0 1
cpu 18 180825 5 36412 3011739 6500 0 2
cpu 1 246355 0 62184 2911444 8675 0 882
cpu 0 269866 45 47369 2877835 10371 0 1160
cpu 3 266557 0 77689 2880074 7928 0 598
cpu 2 261543 0 74810 2886194 9762 0 193
cpu 5 265446 0 78960 2881557 7839 0 456
cpu 4 262196 1 79580 2882820 8313 0 115
cpu 7 208444 0 76634 2941325 6968 0 542
cpu 6 255788 0 77532 2892686 8193 0 329
cpu 9 181188 0 54152 2988864 8015 0 378
cpu 8 182415 0 61752 2981506 6581 0 340
mem 1 99033092 96076828 2956264 374280 1963336 80 0 2106860 1080824 230772 6912 0 0 176364 2048 0 0
mem 0 97636988 55530668 42106320 702336 40220100 104 0 40424356 7934816 501140 28880 0 0 463992 6144 0 0
net vnet45 0 0 301826 0 0 0 0 0 0 0 0 0 1644 0 295057 0 0 0 0 0 0 1423 0
net lo 0 0 4079837 0 0 0 0 0 0 0 0 0 32421 0 4079837 0 0 0 0 0 0 32421 0
net vnet44 0 0 239650 0 0 0 0 0 0 0 0 0 1166 0 206654 0 0 0 0 0 0 1157 0
net eno1 0 162362 40340413717 0 0 384 0 0 0 0 0 0 30378491 0 1231470714 0 0 0 0 0 0 5975073 0
net virbr0 0 846 9964729183 0 0 0 0 0 0 0 0 0 39740188 0 38383830581 0 0 0 0 0 0 23527606 0
numa 1 119614903 18781169 10118603 29535 119570583 18825472
numa 0 118788273 10118603 18781169 29710 118786557 10119876
ps - 502648549 414094 535 555 507 7 721
sysv_shm - 0 0
tmpfs /run/lock 0 6
tmpfs /run 2125824 1105
tmpfs /run/user/20029 0 20
tmpfs /run/qemu 0 1
tmpfs /dev/shm 37615726592 105411
vfs - 133978 5144 184433
vm - 4 25324738 440372575 252318 1617408 265893995 309842685 85281785 6618706 220371523 56887 0 0 0 0 0 1811072 0 311878 5997 0 1618108 94 0 3 0 0

1778477668.070222 0 node0.mimesys-workload.ldos-ut-pg0.wisc.cloudlab.us
block sda 641882 211338 50642010 349531 2706613 17784766 880745175 13079261 0 2417148 13717191
block sdb 509 0 7540 473 4 0 0 0 0 600 474
cpu 11 189516 0 56825 2980302 7319 0 5
cpu 10 215862 2 51860 2959924 9487 0 6
cpu 13 183988 0 52423 2990723 6877 0 5
cpu 12 188347 0 51428 2987671 7634 0 2
cpu 15 174881 2 49962 3002650 6776 0 4
cpu 14 168447 0 51364 3008380 6930 0 5
cpu 17 153453 0 49668 3024485 6998 0 2
cpu 16 163392 0 47992 3018203 5962 0 2
cpu 19 134844 0 37100 3057181 6226 0 1
cpu 18 180825 5 36413 3011841 6500 0 2
cpu 1 246357 0 62187 2911543 8675 0 882
cpu 0 269868 45 47372 2877934 10371 0 1160
cpu 3 266558 0 77692 2880173 7928 0 598
cpu 2 261546 0 74811 2886293 9762 0 193
cpu 5 265448 0 78962 2881657 7839 0 456
cpu 4 262198 1 79582 2882920 8313 0 115
cpu 7 208446 0 76634 2941424 6968 0 542
cpu 6 255790 0 77535 2892786 8193 0 329
cpu 9 181266 0 54155 2988890 8015 0 378
cpu 8 182499 0 61753 2981527 6581 0 340
mem 1 99033092 96074568 2958524 374308 1964112 156 0 2106860 1080428 231612 7240 0 0 176300 2048 0 0
mem 0 97636988 55541140 42095848 702304 40217428 244 0 40424356 7934044 498864 28640 0 0 464160 6144 0 0
net vnet45 0 0 303760 0 0 0 0 0 0 0 0 0 1655 0 296125 0 0 0 0 0 0 1433 0
net lo 0 0 4080394 0 0 0 0 0 0 0 0 0 32425 0 4080394 0 0 0 0 0 0 32425 0
net vnet44 0 0 239650 0 0 0 0 0 0 0 0 0 1166 0 206654 0 0 0 0 0 0 1157 0
net eno1 0 162372 40340419834 0 0 384 0 0 0 0 0 0 30378585 0 1231471059 0 0 0 0 0 0 5975076 0
net virbr0 0 846 9964730963 0 0 0 0 0 0 0 0 0 39740199 0 38383831579 0 0 0 0 0 0 23527615 0
numa 1 119620358 18781169 10118603 29535 119576038 18825472
numa 0 118795371 10118603 18781169 29710 118793655 10119876
ps - 502656229 414210 535 555 507 5 721
sysv_shm - 0 0
tmpfs /run/lock 0 6
tmpfs /run 2125824 1105
tmpfs /run/user/20029 0 20
tmpfs /run/qemu 0 1
tmpfs /dev/shm 37615726592 105411
vfs - 133960 5184 184284
vm - 4 25324738 440372587 252318 1617408 265906548 309855633 85281788 6618706 220391255 56887 0 0 0 0 0 1811072 0 311878 5997 0 1618108 94 0 3 0 0

1778477669.103888 0 node0.mimesys-workload.ldos-ut-pg0.wisc.cloudlab.us
block sda 641882 211338 50642010 349531 2706613 17784766 880745175 13079261 0 2417148 13717191
block sdb 509 0 7540 473 4 0 0 0 0 600 474
cpu 11 189593 0 56829 2980327 7319 0 5
cpu 10 215940 2 51862 2959948 9487 0 6
cpu 13 184068 0 52424 2990747 6877 0 5
cpu 12 188433 0 51428 2987690 7634 0 2
cpu 15 174882 2 49964 3002750 6776 0 4
cpu 14 168448 0 51366 3008481 6930 0 5
cpu 17 153453 0 49669 3024586 6998 0 2
cpu 16 163392 0 47993 3018304 5962 0 2
cpu 19 134845 0 37103 3057278 6226 0 1
cpu 18 180831 5 36413 3011937 6500 0 2
cpu 1 246359 0 62190 2911641 8675 0 882
cpu 0 269870 45 47374 2878031 10371 0 1160
cpu 3 266560 0 77693 2880272 7928 0 598
cpu 2 261548 0 74812 2886392 9762 0 193
cpu 5 265451 0 78964 2881754 7839 0 456
cpu 4 262200 1 79585 2883018 8313 0 115
cpu 7 208450 0 76638 2941519 6968 0 542
cpu 6 255790 0 77538 2892886 8193 0 329
cpu 9 181346 0 54156 2988912 8015 0 378
cpu 8 182581 0 61754 2981547 6581 0 340
mem 1 99033092 96070288 2962804 374292 1963900 172 0 2106864 1080476 231432 7080 0 0 176284 2048 0 0
mem 0 97636988 55536612 42100376 702324 40219732 276 0 40424356 7934776 501168 28856 0 0 464048 6144 0 0
net vnet45 0 0 307996 0 0 0 0 0 0 0 0 0 1673 0 299999 0 0 0 0 0 0 1448 0
net lo 0 0 4081561 0 0 0 0 0 0 0 0 0 32433 0 4081561 0 0 0 0 0 0 32433 0
net vnet44 0 0 239650 0 0 0 0 0 0 0 0 0 1166 0 206706 0 0 0 0 0 0 1158 0
net eno1 0 162372 40340426225 0 0 384 0 0 0 0 0 0 30378682 0 1231471505 0 0 0 0 0 0 5975080 0
net virbr0 0 846 9964735109 0 0 0 0 0 0 0 0 0 39740219 0 38383835739 0 0 0 0 0 0 23527630 0
numa 1 119626552 18781169 10118603 29535 119582232 18825472
numa 0 118803481 10118603 18781169 29710 118801765 10119876
ps - 502665309 414332 535 555 507 5 721
sysv_shm - 0 0
tmpfs /run/lock 0 6
tmpfs /run 2125824 1105
tmpfs /run/user/20029 0 20
tmpfs /run/qemu 0 1
tmpfs /dev/shm 37615726592 105411
vfs - 133963 5264 184294
vm - 4 25324738 440372587 252318 1617408 265920853 309869501 85281796 6618706 220413629 56887 0 0 0 0 0 1811072 0 311878 5997 0 1618108 94 0 3 0 0

1778477670.140313 0 node0.mimesys-workload.ldos-ut-pg0.wisc.cloudlab.us
block sda 641883 211338 50642041 349532 2707001 17784810 880750391 13079292 0 2417184 13717223
block sdb 509 0 7540 473 4 0 0 0 0 600 474
cpu 11 189676 0 56832 2980346 7319 0 5
cpu 10 216020 2 51865 2959974 9487 0 6
cpu 13 184150 0 52426 2990772 6877 0 5
cpu 12 188510 0 51430 2987717 7635 0 2
cpu 15 174884 2 49966 3002850 6776 0 4
cpu 14 168450 0 51368 3008581 6930 0 5
cpu 17 153454 0 49671 3024687 6998 0 2
cpu 16 163393 0 47996 3018405 5962 0 2
cpu 19 134846 0 37107 3057376 6226 0 1
cpu 18 180832 5 36414 3012038 6500 0 2
cpu 1 246360 0 62194 2911740 8675 0 882
cpu 0 269870 45 47377 2878131 10371 0 1160
cpu 3 266562 0 77696 2880371 7928 0 598
cpu 2 261550 0 74813 2886493 9762 0 193
cpu 5 265452 0 78968 2881853 7839 0 456
cpu 4 262200 1 79588 2883118 8313 0 115
cpu 7 208452 0 76640 2941619 6968 0 542
cpu 6 255792 0 77539 2892985 8193 0 329
cpu 9 181427 0 54157 2988933 8015 0 378
cpu 8 182656 0 61756 2981574 6581 0 340
mem 1 99033092 96068024 2965068 374288 1964392 176 0 2106876 1080428 231872 7156 0 0 176316 2048 0 0
mem 0 97636988 55549600 42087388 702320 40216964 292 0 40424356 7934044 498404 28556 0 0 464080 6144 0 0
net vnet45 0 0 308830 0 0 0 0 0 0 0 0 0 1683 0 300865 0 0 0 0 0 0 1455 0
net lo 0 0 4082118 0 0 0 0 0 0 0 0 0 32437 0 4082118 0 0 0 0 0 0 32437 0
net vnet44 0 0 239650 0 0 0 0 0 0 0 0 0 1166 0 206706 0 0 0 0 0 0 1158 0
net eno1 0 162379 40340432042 0 0 384 0 0 0 0 0 0 30378771 0 1231471850 0 0 0 0 0 0 5975083 0
net virbr0 0 846 9964735641 0 0 0 0 0 0 0 0 0 39740227 0 38383836267 0 0 0 0 0 0 23527636 0
numa 1 119632742 18781169 10118603 29535 119588422 18825472
numa 0 118810111 10118603 18781169 29710 118808395 10119876
ps - 502674874 414451 535 555 507 6 724
sysv_shm - 0 0
tmpfs /run/lock 0 6
tmpfs /run 2125824 1105
tmpfs /run/user/20029 0 20
tmpfs /run/qemu 0 1
tmpfs /dev/shm 37615726592 105411
vfs - 133977 5304 184438
vm - 4 25324753 440375195 252318 1617408 265933673 309882727 85281797 6618706 220433310 56887 0 0 0 0 0 1811072 0 311878 5997 0 1618108 94 0 3 0 0

1778477671.176401 0 node0.mimesys-workload.ldos-ut-pg0.wisc.cloudlab.us
block sda 641883 211338 50642041 349532 2707003 17784810 880750407 13079293 0 2417188 13717224
block sdb 509 0 7540 473 4 0 0 0 0 600 474
cpu 11 189750 0 56833 2980377 7319 0 5
cpu 10 216086 2 51867 2960007 9487 0 6
cpu 13 184217 0 52428 2990809 6877 0 5
cpu 12 188577 0 51432 2987754 7635 0 2
cpu 15 174884 2 49967 3002951 6776 0 4
cpu 14 168450 0 51369 3008683 6930 0 5
cpu 17 153454 0 49673 3024788 6998 0 2
cpu 16 163394 0 47997 3018506 5962 0 2
cpu 19 134848 0 37109 3057477 6226 0 1
cpu 18 180836 5 36417 3012135 6500 0 2
cpu 1 246364 0 62197 2911834 8675 0 882
cpu 0 269874 45 47380 2878227 10371 0 1160
cpu 3 266564 0 77699 2880470 7928 0 598
cpu 2 261552 0 74815 2886593 9762 0 193
cpu 5 265456 0 78972 2881949 7839 0 456
cpu 4 262202 1 79590 2883216 8313 0 115
cpu 7 208454 0 76644 2941718 6968 0 542
cpu 6 255794 0 77541 2893084 8193 0 329
cpu 9 181487 0 54160 2988974 8015 0 378
cpu 8 182724 0 61757 2981608 6581 0 340
mem 1 99033092 96077788 2955304 374288 1963584 208 0 2106876 1080428 231124 7036 0 0 176268 2048 0 0
mem 0 97636988 55542800 42094188 702336 40218304 320 0 40424364 7934044 499768 28808 0 0 464024 6144 0 0
net vnet45 0 0 313702 0 0 0 0 0 0 0 0 0 1708 0 305605 0 0 0 0 0 0 1477 0
net lo 0 0 4083285 0 0 0 0 0 0 0 0 0 32445 0 4083285 0 0 0 0 0 0 32445 0
net vnet44 0 0 239650 0 0 0 0 0 0 0 0 0 1166 0 206758 0 0 0 0 0 0 1159 0
net eno1 0 162379 40340439393 0 0 384 0 0 0 0 0 0 30378884 0 1231472296 0 0 0 0 0 0 5975087 0
net virbr0 0 846 9964740163 0 0 0 0 0 0 0 0 0 39740252 0 38383840955 0 0 0 0 0 0 23527657 0
numa 1 119637500 18781169 10118603 29535 119593180 18825472
numa 0 118819676 10118603 18781169 29710 118817960 10119876
ps - 502683643 414573 532 554 507 6 724
sysv_shm - 0 0
tmpfs /run/lock 0 6
tmpfs /run 2125824 1105
tmpfs /run/user/20029 0 20
tmpfs /run/qemu 0 1
tmpfs /dev/shm 37615726592 105411
vfs - 133961 5264 184310
vm - 4 25324753 440375203 252318 1617408 265947995 309897033 85281804 6618706 220455828 56887 0 0 0 0 0 1811072 0 311878 5997 0 1618108 94 0 3 0 0

1778477672.216848 0 node0.mimesys-workload.ldos-ut-pg0.wisc.cloudlab.us
block sda 641883 211338 50642041 349532 2707082 17784810 880751119 13079307 0 2417192 13717238
block sdb 509 0 7540 473 4 0 0 0 0 600 474
cpu 11 189826 0 56834 2980402 7319 0 5
cpu 10 216171 2 51869 2960028 9487 0 6
cpu 13 184303 0 52428 2990831 6877 0 5
cpu 12 188652 0 51437 2987779 7635 0 2
cpu 15 174886 2 49968 3003052 6776 0 4
cpu 14 168452 0 51372 3008783 6930 0 5
cpu 17 153456 0 49675 3024889 6998 0 2
cpu 16 163399 0 48000 3018602 5962 0 2
cpu 19 134850 0 37114 3057575 6226 0 1
cpu 18 180837 5 36419 3012236 6500 0 2
cpu 1 246366 0 62202 2911932 8675 0 882
cpu 0 269876 45 47381 2878326 10371 0 1160
cpu 3 266564 0 77702 2880570 7928 0 598
cpu 2 261554 0 74816 2886694 9762 0 193
cpu 5 265457 0 78973 2882049 7839 0 456
cpu 4 262206 1 79592 2883314 8313 0 115
cpu 7 208455 0 76645 2941818 6968 0 542
cpu 6 255795 0 77543 2893184 8193 0 329
cpu 9 181572 0 54161 2988994 8015 0 378
cpu 8 182806 0 61760 2981629 6581 0 340
mem 1 99033092 96088084 2945008 374312 1966024 284 0 2106876 1080460 233604 7440 0 0 176292 2048 0 0
mem 0 97636988 55537792 42099196 702312 40217200 460 0 40424364 7934792 498648 28528 0 0 464152 6144 0 0
net vnet45 0 0 316640 0 0 0 0 0 0 0 0 0 1722 0 309295 0 0 0 0 0 0 1489 0
net lo 0 0 4084452 0 0 0 0 0 0 0 0 0 32453 0 4084452 0 0 0 0 0 0 32453 0
net vnet44 0 0 239650 0 0 0 0 0 0 0 0 0 1166 0 206758 0 0 0 0 0 0 1159 0
net eno1 0 162391 40340445064 0 0 384 0 0 0 0 0 0 30378969 0 1231472742 0 0 0 0 0 0 5975091 0
net virbr0 0 846 9964742905 0 0 0 0 0 0 0 0 0 39740266 0 38383844645 0 0 0 0 0 0 23527669 0
numa 1 119646209 18781169 10118603 29535 119601889 18825472
numa 0 118825185 10118603 18781169 29710 118823469 10119876
ps - 502692654 414694 532 554 507 6 724
sysv_shm - 0 0
tmpfs /run/lock 0 6
tmpfs /run 2125824 1105
tmpfs /run/user/20029 0 20
tmpfs /run/qemu 0 1
tmpfs /dev/shm 37615726592 105411
vfs - 133963 5264 184312
vm - 4 25324753 440375559 252318 1617408 265962213 309910856 85281810 6618706 220478133 56887 0 0 0 0 0 1811072 0 311878 5997 0 1618108 94 0 3 0 0

1778477673.254581 0 node0.mimesys-workload.ldos-ut-pg0.wisc.cloudlab.us
block sda 641883 211338 50642041 349532 2707091 17784810 880751183 13079311 0 2417200 13717242
block sdb 509 0 7540 473 4 0 0 0 0 600 474
cpu 11 189901 0 56838 2980431 7319 0 5
cpu 10 216248 2 51870 2960057 9487 0 6
cpu 13 184387 0 52432 2990850 6877 0 5
cpu 12 188727 0 51442 2987804 7635 0 2
cpu 15 174889 2 49970 3003151 6776 0 4
cpu 14 168453 0 51374 3008884 6930 0 5
cpu 17 153456 0 49677 3024990 6998 0 2
cpu 16 163400 0 48003 3018702 5962 0 2
cpu 19 134854 0 37116 3057672 6226 0 1
cpu 18 180837 5 36421 3012338 6500 0 2
cpu 1 246367 0 62202 2912033 8675 0 882
cpu 0 269879 45 47383 2878424 10371 0 1160
cpu 3 266566 0 77703 2880671 7928 0 598
cpu 2 261555 0 74817 2886795 9762 0 193
cpu 5 265457 0 78974 2882151 7839 0 456
cpu 4 262207 1 79593 2883416 8313 0 115
cpu 7 208458 0 76648 2941915 6968 0 542
cpu 6 255796 0 77544 2893285 8193 0 329
cpu 9 181652 0 54163 2989016 8015 0 378
cpu 8 182890 0 61761 2981650 6581 0 340
mem 1 99033092 96083804 2949288 374320 1965300 160 0 2106876 1080428 232840 7356 0 0 176428 2048 0 0
mem 0 97636988 55549516 42087472 702308 40216152 248 0 40424368 7934044 497576 28480 0 0 464112 6144 0 0
net vnet45 0 0 318574 0 0 0 0 0 0 0 0 0 1733 0 310345 0 0 0 0 0 0 1499 0
net lo 0 0 4085009 0 0 0 0 0 0 0 0 0 32457 0 4085009 0 0 0 0 0 0 32457 0
net vnet44 0 0 239650 0 0 0 0 0 0 0 0 0 1166 0 206810 0 0 0 0 0 0 1160 0
net eno1 0 162391 40340451781 0 0 384 0 0 0 0 0 0 30379073 0 1231473087 0 0 0 0 0 0 5975094 0
net virbr0 0 846 9964744685 0 0 0 0 0 0 0 0 0 39740277 0 38383845643 0 0 0 0 0 0 23527678 0
numa 1 119655464 18781169 10118603 29535 119611144 18825472
numa 0 118828607 10118603 18781169 29710 118826891 10119876
ps - 502700836 414810 532 554 507 6 724
sysv_shm - 0 0
tmpfs /run/lock 0 6
tmpfs /run 2125824 1105
tmpfs /run/user/20029 0 20
tmpfs /run/qemu 0 1
tmpfs /dev/shm 37615726592 105411
vfs - 133978 5224 184446
vm - 4 25324753 440375591 252318 1617408 265974891 309923921 85281818 6618706 220497934 56887 0 0 0 0 0 1811072 0 311878 5997 0 1618108 94 0 3 0 0

1778477674.295673 0 node0.mimesys-workload.ldos-ut-pg0.wisc.cloudlab.us
block sda 641883 211338 50642041 349532 2707091 17784810 880751183 13079311 0 2417200 13717242
block sdb 509 0 7540 473 4 0 0 0 0 600 474
cpu 11 189981 0 56841 2980457 7319 0 5
cpu 10 216333 2 51870 2960078 9487 0 6
cpu 13 184468 0 52433 2990873 6877 0 5
cpu 12 188801 0 51447 2987830 7635 0 2
cpu 15 174890 2 49973 3003252 6776 0 4
cpu 14 168458 0 51377 3008980 6930 0 5
cpu 17 153457 0 49678 3025091 6998 0 2
cpu 16 163401 0 48004 3018803 5962 0 2
cpu 19 134855 0 37120 3057771 6226 0 1
cpu 18 180838 5 36423 3012439 6500 0 2
cpu 1 246370 0 62204 2912132 8675 0 882
cpu 0 269882 45 47387 2878521 10371 0 1160
cpu 3 266567 0 77705 2880772 7928 0 598
cpu 2 261558 0 74819 2886894 9762 0 193
cpu 5 265460 0 78975 2882251 7839 0 456
cpu 4 262209 1 79594 2883517 8313 0 115
cpu 7 208460 0 76650 2942014 6968 0 542
cpu 6 255796 0 77544 2893388 8193 0 329
cpu 9 181738 0 54165 2989033 8015 0 378
cpu 8 182972 0 61762 2981672 6581 0 340
mem 1 99033092 96081536 2951556 374340 1965044 168 0 2106876 1080544 232644 7396 0 0 176396 2048 0 0
mem 0 97636988 55549768 42087220 702300 40217020 292 0 40424368 7934044 498396 28468 0 0 464104 6144 0 0
net vnet45 0 0 323644 0 0 0 0 0 0 0 0 0 1761 0 315033 0 0 0 0 0 0 1520 0
net lo 0 0 4086176 0 0 0 0 0 0 0 0 0 32465 0 4086176 0 0 0 0 0 0 32465 0
net vnet44 0 0 239650 0 0 0 0 0 0 0 0 0 1166 0 206810 0 0 0 0 0 0 1160 0
net eno1 0 162400 40340458772 0 0 384 0 0 0 0 0 0 30379180 0 1231473533 0 0 0 0 0 0 5975098 0
net virbr0 0 846 9964749363 0 0 0 0 0 0 0 0 0 39740305 0 38383850331 0 0 0 0 0 0 23527699 0
numa 1 119664956 18781169 10118603 29535 119620636 18825472
numa 0 118833501 10118603 18781169 29710 118831785 10119876
ps - 502709528 414932 532 554 507 8 724
sysv_shm - 0 0
tmpfs /run/lock 0 6
tmpfs /run 2125824 1105
tmpfs /run/user/20029 0 20
tmpfs /run/qemu 0 1
tmpfs /dev/shm 37615726592 105411
vfs - 133961 5304 184327
vm - 4 25324753 440375591 252318 1617408 265989279 309938279 85281820 6618706 220520425 56887 0 0 0 0 0 1811072 0 311878 5997 0 1618108 94 0 3 0 0

1778477675.335680 0 node0.mimesys-workload.ldos-ut-pg0.wisc.cloudlab.us
block sda 641883 211338 50642041 349532 2707148 17784830 880752303 13079327 0 2417216 13717259
block sdb 509 0 7540 473 4 0 0 0 0 600 474
cpu 11 190058 0 56843 2980485 7319 0 5
cpu 10 216412 2 51872 2960104 9487 0 6
cpu 13 184547 0 52435 2990900 6877 0 5
cpu 12 188884 0 51449 2987855 7635 0 2
cpu 15 174890 2 49974 3003354 6776 0 4
cpu 14 168458 0 51378 3009083 6930 0 5
cpu 17 153461 0 49680 3025191 6998 0 2
cpu 16 163401 0 48007 3018906 5962 0 2
cpu 19 134856 0 37122 3057872 6226 0 1
cpu 18 180838 5 36424 3012541 6500 0 2
cpu 1 246371 0 62207 2912232 8675 0 882
cpu 0 269884 45 47389 2878619 10371 0 1160
cpu 3 266568 0 77708 2880871 7928 0 598
cpu 2 261560 0 74823 2886993 9762 0 193
cpu 5 265462 0 78977 2882351 7839 0 456
cpu 4 262212 1 79598 2883613 8313 0 115
cpu 7 208462 0 76652 2942113 6968 0 542
cpu 6 255798 0 77548 2893486 8193 0 329
cpu 9 181812 0 54169 2989062 8015 0 378
cpu 8 183046 0 61767 2981699 6581 0 340
mem 1 99033092 96093564 2939528 374288 1963136 108 0 2106884 1080428 230620 6952 0 0 176324 2048 0 0
mem 0 97636988 55543508 42093480 702348 40220528 208 0 40424372 7934488 502048 28936 0 0 464192 6144 0 0
net vnet45 0 0 325672 0 0 0 0 0 0 0 0 0 1768 0 317197 0 0 0 0 0 0 1527 0
net lo 0 0 4087343 0 0 0 0 0 0 0 0 0 32473 0 4087343 0 0 0 0 0 0 32473 0
net vnet44 0 0 239650 0 0 0 0 0 0 0 0 0 1166 0 206862 0 0 0 0 0 0 1161 0
net eno1 0 162400 40340465523 0 0 384 0 0 0 0 0 0 30379283 0 1231473979 0 0 0 0 0 0 5975102 0
net virbr0 0 846 9964751545 0 0 0 0 0 0 0 0 0 39740316 0 38383852687 0 0 0 0 0 0 23527708 0
numa 1 119667437 18781169 10118603 29535 119623117 18825472
numa 0 118845209 10118603 18781169 29710 118843493 10119876
ps - 502718339 415054 532 554 507 7 725
sysv_shm - 0 0
tmpfs /run/lock 0 6
tmpfs /run 2125824 1105
tmpfs /run/user/20029 0 20
tmpfs /run/qemu 0 1
tmpfs /dev/shm 37615726592 105411
vfs - 133963 5264 184312
vm - 4 25324753 440376151 252318 1617408 266003465 309952131 85281823 6618706 220542643 56887 0 0 0 0 0 1811072 0 311878 5997 0 1618108 94 0 3 0 0

1778477676.374998 0 node0.mimesys-workload.ldos-ut-pg0.wisc.cloudlab.us
block sda 641883 211338 50642041 349532 2707150 17784830 880752327 13079327 0 2417220 13717260
block sdb 509 0 7540 473 4 0 0 0 0 600 474
cpu 11 190144 0 56844 2980504 7319 0 5
cpu 10 216496 2 51873 2960125 9487 0 6
cpu 13 184633 0 52436 2990918 6877 0 5
cpu 12 188968 0 51451 2987877 7635 0 2
cpu 15 174890 2 49975 3003456 6776 0 4
cpu 14 168458 0 51380 3009186 6930 0 5
cpu 17 153463 0 49681 3025292 6998 0 2
cpu 16 163401 0 48008 3019008 5962 0 2
cpu 19 134858 0 37124 3057971 6226 0 1
cpu 18 180839 5 36426 3012643 6500 0 2
cpu 1 246373 0 62212 2912330 8675 0 882
cpu 0 269886 45 47391 2878717 10371 0 1160
cpu 3 266570 0 77710 2880970 7928 0 598
cpu 2 261561 0 74827 2887091 9762 0 193
cpu 5 265465 0 78980 2882448 7839 0 456
cpu 4 262214 1 79600 2883713 8313 0 115
cpu 7 208465 0 76653 2942213 6968 0 542
cpu 6 255799 0 77552 2893585 8193 0 329
cpu 9 181896 0 54172 2989084 8015 0 378
cpu 8 183123 0 61772 2981724 6581 0 340
mem 1 99033092 96092052 2941040 374312 1963332 124 0 2106884 1080436 230788 7012 0 0 176420 2048 0 0
mem 0 97636988 55540240 42096748 702328 40218520 236 0 40424372 7934044 500004 28840 0 0 464136 6144 0 0
net vnet45 0 0 328714 0 0 0 0 0 0 0 0 0 1789 0 319773 0 0 0 0 0 0 1542 0
net lo 0 0 4087900 0 0 0 0 0 0 0 0 0 32477 0 4087900 0 0 0 0 0 0 32477 0
net vnet44 0 0 239650 0 0 0 0 0 0 0 0 0 1166 0 206862 0 0 0 0 0 0 1161 0
net eno1 0 162407 40340471882 0 0 384 0 0 0 0 0 0 30379381 0 1231474378 0 0 0 0 0 0 5975106 0
net virbr0 0 846 9964754041 0 0 0 0 0 0 0 0 0 39740333 0 38383855019 0 0 0 0 0 0 23527720 0
numa 1 119670422 18781169 10118603 29535 119626102 18825472
numa 0 118854890 10118603 18781169 29710 118853174 10119876
ps - 502726470 415170 530 553 507 4 725
sysv_shm - 0 0
tmpfs /run/lock 0 6
tmpfs /run 2125824 1105
tmpfs /run/user/20029 0 20
tmpfs /run/qemu 0 1
tmpfs /dev/shm 37615726592 105411
vfs - 133976 5304 184436
vm - 4 25324753 440376163 252318 1617408 266016131 309965160 85281828 6618706 220562425 56887 0 0 0 0 0 1811072 0 311878 5997 0 1618108 94 0 3 0 0

1778477677.416509 0 node0.mimesys-workload.ldos-ut-pg0.wisc.cloudlab.us
block sda 641884 211338 50642153 349533 2707238 17784830 880753127 13079336 0 2417228 13717269
block sdb 509 0 7540 473 4 0 0 0 0 600 474
cpu 11 190222 0 56847 2980528 7319 0 5
cpu 10 216587 2 51875 2960139 9487 0 6
cpu 13 184714 0 52438 2990941 6877 0 5
cpu 12 189050 0 51454 2987898 7635 0 2
cpu 15 174890 2 49976 3003557 6776 0 4
cpu 14 168459 0 51380 3009288 6930 0 5
cpu 17 153467 0 49682 3025390 6998 0 2
cpu 16 163401 0 48010 3019110 5962 0 2
cpu 19 134860 0 37128 3058070 6226 0 1
cpu 18 180839 5 36427 3012745 6500 0 2
cpu 1 246375 0 62215 2912429 8675 0 882
cpu 0 269888 45 47395 2878816 10371 0 1160
cpu 3 266571 0 77713 2881070 7928 0 598
cpu 2 261563 0 74829 2887191 9762 0 193
cpu 5 265467 0 78980 2882547 7839 0 456
cpu 4 262215 1 79603 2883812 8313 0 115
cpu 7 208470 0 76658 2942305 6968 0 542
cpu 6 255801 0 77556 2893683 8193 0 329
cpu 9 181979 0 54175 2989103 8015 0 378
cpu 8 183204 0 61773 2981748 6581 0 340
mem 1 99033092 96101564 2931528 374292 1963496 8 0 2106884 1080052 230812 6884 0 0 176468 2048 0 0
mem 0 97636988 55536712 42100276 702336 40219428 16 0 40424436 7935156 501140 28800 0 0 464092 6144 0 0
net vnet45 0 0 332692 0 0 0 0 0 0 0 0 0 1807 0 323515 0 0 0 0 0 0 1555 0
net lo 0 0 4089067 0 0 0 0 0 0 0 0 0 32485 0 4089067 0 0 0 0 0 0 32485 0
net vnet44 0 0 239650 0 0 0 0 0 0 0 0 0 1166 0 206914 0 0 0 0 0 0 1162 0
net eno1 0 162407 40340479353 0 0 384 0 0 0 0 0 0 30379496 0 1231474824 0 0 0 0 0 0 5975110 0
net virbr0 0 846 9964757767 0 0 0 0 0 0 0 0 0 39740351 0 38383858709 0 0 0 0 0 0 23527732 0
numa 1 119675409 18781169 10118603 29535 119631089 18825472
numa 0 118864809 10118603 18781169 29710 118863093 10119876
ps - 502735092 415295 530 553 507 6 725
sysv_shm - 0 0
tmpfs /run/lock 0 6
tmpfs /run 2125824 1105
tmpfs /run/user/20029 0 20
tmpfs /run/qemu 0 1
tmpfs /dev/shm 37615726592 105411
vfs - 133980 5304 184471
vm - 4 25324809 440376563 252318 1617408 266031038 309979598 85281833 6618706 220585486 56888 0 0 0 0 0 1811072 0 311878 5997 0 1618108 94 0 3 0 0

1778477678.454292 0 node0.mimesys-workload.ldos-ut-pg0.wisc.cloudlab.us
block sda 641884 211338 50642153 349533 2707238 17784830 880753127 13079336 0 2417228 13717269
block sdb 509 0 7540 473 4 0 0 0 0 600 474
cpu 11 190300 0 56848 2980551 7319 0 5
cpu 10 216661 2 51876 2960167 9487 0 6
cpu 13 184788 0 52442 2990968 6877 0 5
cpu 12 189133 0 51456 2987918 7635 0 2
cpu 15 174892 2 49977 3003658 6776 0 4
cpu 14 168460 0 51382 3009389 6930 0 5
cpu 17 153468 0 49684 3025491 6998 0 2
cpu 16 163402 0 48010 3019212 5962 0 2
cpu 19 134860 0 37129 3058171 6226 0 1
cpu 18 180840 5 36429 3012846 6500 0 2
cpu 1 246376 0 62218 2912528 8675 0 882
cpu 0 269891 45 47397 2878915 10371 0 1160
cpu 3 266573 0 77716 2881170 7928 0 598
cpu 2 261564 0 74830 2887291 9762 0 193
cpu 5 265469 0 78983 2882646 7839 0 456
cpu 4 262218 1 79605 2883911 8313 0 115
cpu 7 208473 0 76662 2942403 6968 0 542
cpu 6 255802 0 77558 2893783 8193 0 329
cpu 9 182060 0 54177 2989123 8015 0 378
cpu 8 183290 0 61775 2981765 6581 0 340
mem 1 99033092 96098044 2935048 374308 1964064 84 0 2106888 1080672 231580 7252 0 0 176204 2048 0 0
mem 0 97636988 55533184 42103804 702324 40217616 132 0 40424436 7934220 499336 28196 0 0 464132 6144 0 0
net vnet45 0 0 333784 0 0 0 0 0 0 0 0 0 1817 0 324513 0 0 0 0 0 0 1564 0
net lo 0 0 4089624 0 0 0 0 0 0 0 0 0 32489 0 4089624 0 0 0 0 0 0 32489 0
net vnet44 0 0 239650 0 0 0 0 0 0 0 0 0 1166 0 206914 0 0 0 0 0 0 1162 0
net eno1 0 162416 40340486387 0 0 384 0 0 0 0 0 0 30379600 0 1231475169 0 0 0 0 0 0 5975113 0
net virbr0 0 846 9964758719 0 0 0 0 0 0 0 0 0 39740361 0 38383859707 0 0 0 0 0 0 23527741 0
numa 1 119680323 18781169 10118603 29535 119636003 18825472
numa 0 118872400 10118603 18781169 29710 118870684 10119876
ps - 502743051 415411 530 553 507 6 725
sysv_shm - 0 0
tmpfs /run/lock 0 6
tmpfs /run 2125824 1105
tmpfs /run/user/20029 0 20
tmpfs /run/qemu 0 1
tmpfs /dev/shm 37615726592 105411
vfs - 133961 5184 184316
vm - 4 25324809 440376563 252318 1617408 266043542 309992583 85281838 6618706 220605252 56888 0 0 0 0 0 1811072 0 311878 5997 0 1618108 94 0 3 0 0

1778477679.490272 0 node0.mimesys-workload.ldos-ut-pg0.wisc.cloudlab.us
block sda 641886 211338 50642289 349533 2707238 17784830 880753127 13079336 0 2417236 13717269
block sdb 509 0 7540 473 4 0 0 0 0 600 474
cpu 11 190370 0 56851 2980583 7319 0 5
cpu 10 216730 2 51877 2960206 9487 0 6
cpu 13 184846 0 52446 2991012 6877 0 5
cpu 12 189196 0 51459 2987963 7635 0 2
cpu 15 174894 2 49978 3003759 6776 0 4
cpu 14 168460 0 51384 3009490 6930 0 5
cpu 17 153469 0 49684 3025593 6998 0 2
cpu 16 163403 0 48012 3019313 5962 0 2
cpu 19 134867 0 37134 3058264 6226 0 1
cpu 18 180840 5 36431 3012948 6500 0 2
cpu 1 246378 0 62219 2912627 8675 0 882
cpu 0 269895 45 47400 2879013 10371 0 1160
cpu 3 266576 0 77716 2881269 7928 0 598
cpu 2 261566 0 74832 2887391 9762 0 193
cpu 5 265472 0 78984 2882744 7839 0 456
cpu 4 262219 1 79607 2884010 8313 0 115
cpu 7 208476 0 76666 2942500 6968 0 542
cpu 6 255803 0 77560 2893882 8193 0 329
cpu 9 182124 0 54182 2989167 8015 0 378
cpu 8 183362 0 61776 2981802 6581 0 340
mem 1 99033092 96105288 2927804 374308 1963756 108 0 2106892 1080436 231236 7096 0 0 176252 2048 0 0
mem 0 97636988 55543400 42093588 702336 40218340 180 0 40424504 7934100 499648 28732 0 0 464100 6144 0 0
net vnet45 0 0 338854 0 0 0 0 0 0 0 0 0 1845 0 329253 0 0 0 0 0 0 1586 0
net lo 0 0 4090791 0 0 0 0 0 0 0 0 0 32497 0 4090791 0 0 0 0 0 0 32497 0
net vnet44 0 0 239650 0 0 0 0 0 0 0 0 0 1166 0 206966 0 0 0 0 0 0 1163 0
net eno1 0 162416 40340493138 0 0 384 0 0 0 0 0 0 30379703 0 1231475615 0 0 0 0 0 0 5975117 0
net virbr0 0 846 9964763397 0 0 0 0 0 0 0 0 0 39740389 0 38383864395 0 0 0 0 0 0 23527762 0
numa 1 119687369 18781169 10118603 29535 119643049 18825472
numa 0 118879823 10118603 18781169 29710 118878107 10119876
ps - 502751310 415534 530 553 507 2 725
sysv_shm - 0 0
tmpfs /run/lock 0 6
tmpfs /run 2125824 1105
tmpfs /run/user/20029 0 20
tmpfs /run/qemu 0 1
tmpfs /dev/shm 37615726592 105411
vfs - 133976 5224 184436
vm - 4 25324877 440376563 252318 1617408 266058011 310007018 85281843 6618706 220627792 56889 0 0 0 0 0 1811072 0 311878 5997 0 1618108 94 0 3 0 0

1778477680.531472 0 node0.mimesys-workload.ldos-ut-pg0.wisc.cloudlab.us
block sda 641886 211338 50642289 349533 2707278 17784843 880753647 13079348 0 2417252 13717283
block sdb 509 0 7540 473 4 0 0 0 0 600 474
cpu 11 190447 0 56854 2980611 7319 0 5
cpu 10 216803 2 51880 2960238 9487 0 6
cpu 13 184920 0 52450 2991050 6877 0 5
cpu 12 189269 0 51464 2987997 7635 0 2
cpu 15 174894 2 49980 3003861 6776 0 4
cpu 14 168460 0 51386 3009591 6930 0 5
cpu 17 153475 0 49685 3025690 6998 0 2
cpu 16 163403 0 48014 3019415 5962 0 2
cpu 19 134868 0 37138 3058362 6226 0 1
cpu 18 180840 5 36433 3013049 6500 0 2
cpu 1 246380 0 62223 2912723 8675 0 882
cpu 0 269897 45 47403 2879111 10371 0 1160
cpu 3 266578 0 77718 2881369 7928 0 598
cpu 2 261568 0 74834 2887489 9762 0 193
cpu 5 265473 0 78987 2882844 7839 0 456
cpu 4 262222 1 79610 2884110 8313 0 115
cpu 7 208480 0 76670 2942595 6968 0 542
cpu 6 255805 0 77562 2893982 8193 0 329
cpu 9 182199 0 54186 2989199 8015 0 378
cpu 8 183442 0 61778 2981829 6581 0 340
mem 1 99033092 96104532 2928560 374300 1963600 120 0 2106904 1080444 231124 7024 0 0 176140 2048 0 0
mem 0 97636988 55537352 42099636 702352 40219420 200 0 40424504 7934808 501160 28832 0 0 464136 6144 0 0
net vnet45 0 0 341990 0 0 0 0 0 0 0 0 0 1862 0 332995 0 0 0 0 0 0 1599 0
net lo 0 0 4091958 0 0 0 0 0 0 0 0 0 32505 0 4091958 0 0 0 0 0 0 32505 0
net vnet44 0 0 239650 0 0 0 0 0 0 0 0 0 1166 0 207018 0 0 0 0 0 0 1164 0
net eno1 0 162425 40340499790 0 0 384 0 0 0 0 0 0 30379799 0 1231476061 0 0 0 0 0 0 5975121 0
net virbr0 0 846 9964766295 0 0 0 0 0 0 0 0 0 39740406 0 38383868085 0 0 0 0 0 0 23527774 0
numa 1 119692931 18781169 10118603 29535 119648611 18825472
numa 0 118888452 10118603 18781169 29710 118886736 10119876
ps - 502758812 415656 530 553 507 6 725
sysv_shm - 0 0
tmpfs /run/lock 0 6
tmpfs /run 2125824 1105
tmpfs /run/user/20029 0 20
tmpfs /run/qemu 0 1
tmpfs /dev/shm 37615726592 105411
vfs - 133980 5224 184454
vm - 4 25324877 440376823 252318 1617408 266072202 310020866 85281847 6618706 220650029 56889 0 0 0 0 0 1811072 0 311878 5997 0 1618108 94 0 3 0 0

1778477681.563325 0 node0.mimesys-workload.ldos-ut-pg0.wisc.cloudlab.us
block sda 641886 211338 50642289 349533 2707282 17784843 880753743 13079349 0 2417264 13717283
block sdb 509 0 7540 473 4 0 0 0 0 600 474
cpu 11 190530 0 56857 2980634 7319 0 5
cpu 10 216890 2 51883 2960258 9487 0 6
cpu 13 185006 0 52454 2991071 6877 0 5
cpu 12 189353 0 51468 2988023 7635 0 2
cpu 15 174895 2 49980 3003962 6776 0 4
cpu 14 168462 0 51387 3009692 6930 0 5
cpu 17 153476 0 49687 3025790 6998 0 2
cpu 16 163405 0 48014 3019515 5962 0 2
cpu 19 134868 0 37138 3058464 6226 0 1
cpu 18 180841 5 36433 3013151 6500 0 2
cpu 1 246382 0 62225 2912821 8675 0 882
cpu 0 269900 45 47405 2879209 10371 0 1160
cpu 3 266579 0 77721 2881468 7928 0 598
cpu 2 261569 0 74836 2887589 9762 0 193
cpu 5 265474 0 78989 2882944 7839 0 456
cpu 4 262224 1 79612 2884209 8313 0 115
cpu 7 208480 0 76673 2942695 6968 0 542
cpu 6 255806 0 77564 2894081 8193 0 329
cpu 9 182289 0 54189 2989217 8015 0 378
cpu 8 183522 0 61786 2981861 6581 0 340
mem 1 99033092 96101768 2931324 374308 1963956 140 0 2106904 1080444 231420 6948 0 0 176108 2048 0 0
mem 0 97636988 55548332 42088656 702352 40217996 224 0 40424508 7934100 499348 28916 0 0 464324 6144 0 0
net vnet45 0 0 343924 0 0 0 0 0 0 0 0 0 1873 0 333993 0 0 0 0 0 0 1608 0
net lo 0 0 4092515 0 0 0 0 0 0 0 0 0 32509 0 4092515 0 0 0 0 0 0 32509 0
net vnet44 0 0 239650 0 0 0 0 0 0 0 0 0 1166 0 207018 0 0 0 0 0 0 1164 0
net eno1 0 162425 40340507467 0 0 384 0 0 0 0 0 0 30379919 0 1231476406 0 0 0 0 0 0 5975124 0
net virbr0 0 846 9964768075 0 0 0 0 0 0 0 0 0 39740417 0 38383869083 0 0 0 0 0 0 23527783 0
numa 1 119696400 18781169 10118603 29535 119652080 18825472
numa 0 118897594 10118603 18781169 29710 118895878 10119876
ps - 502766779 415772 527 552 507 6 725
sysv_shm - 0 0
tmpfs /run/lock 0 6
tmpfs /run 2125824 1105
tmpfs /run/user/20029 0 20
tmpfs /run/qemu 0 1
tmpfs /dev/shm 37615726592 105411
vfs - 133961 5224 184316
vm - 4 25324877 440376871 252318 1617408 266084813 310033786 85281855 6618706 220669786 56889 0 0 0 0 0 1811072 0 311878 5997 0 1618108 94 0 3 0 0

1778477682.604071 0 node0.mimesys-workload.ldos-ut-pg0.wisc.cloudlab.us
block sda 641886 211338 50642289 349533 2707366 17784844 880754503 13079371 0 2417272 13717305
block sdb 509 0 7540 473 4 0 0 0 0 600 474
cpu 11 190620 0 56863 2980657 7319 0 5
cpu 10 216984 2 51887 2960280 9487 0 6
cpu 13 185094 0 52458 2991092 6877 0 5
cpu 12 189447 0 51472 2988042 7635 0 2
cpu 15 174899 2 49982 3004060 6776 0 4
cpu 14 168462 0 51388 3009794 6930 0 5
cpu 17 153477 0 49689 3025891 6998 0 2
cpu 16 163405 0 48016 3019617 5962 0 2
cpu 19 134870 0 37142 3058563 6226 0 1
cpu 18 180842 5 36435 3013254 6500 0 2
cpu 1 246383 0 62228 2912920 8675 0 882
cpu 0 269905 45 47408 2879303 10371 0 1160
cpu 3 266581 0 77725 2881565 7928 0 598
cpu 2 261572 0 74840 2887686 9762 0 193
cpu 5 265475 0 78992 2883043 7839 0 456
cpu 4 262226 1 79616 2884306 8313 0 115
cpu 7 208481 0 76675 2942795 6968 0 542
cpu 6 255808 0 77566 2894181 8193 0 329
cpu 9 182374 0 54197 2989242 8015 0 378
cpu 8 183613 0 61792 2981879 6581 0 340
mem 1 99033092 96099756 2933336 374300 1964516 152 0 2106904 1080592 231848 6940 0 0 176084 2048 0 0
mem 0 97636988 55543796 42093192 702348 40219096 232 0 40424508 7935332 500520 28844 0 0 464236 6144 0 0
net vnet45 0 0 348994 0 0 0 0 0 0 0 0 0 1901 0 338733 0 0 0 0 0 0 1630 0
net lo 0 0 4093682 0 0 0 0 0 0 0 0 0 32517 0 4093682 0 0 0 0 0 0 32517 0
net vnet44 0 0 239650 0 0 0 0 0 0 0 0 0 1166 0 207070 0 0 0 0 0 0 1165 0
net eno1 0 162432 40340512898 0 0 384 0 0 0 0 0 0 30380000 0 1231476910 0 0 0 0 0 0 5975129 0
net virbr0 0 846 9964772753 0 0 0 0 0 0 0 0 0 39740445 0 38383873771 0 0 0 0 0 0 23527804 0
numa 1 119699842 18781169 10118603 29535 119655522 18825472
numa 0 118908546 10118603 18781169 29710 118906830 10119876
ps - 502775059 415894 527 552 507 7 725
sysv_shm - 0 0
tmpfs /run/lock 0 6
tmpfs /run 2125824 1105
tmpfs /run/user/20029 0 20
tmpfs /run/qemu 0 1
tmpfs /dev/shm 37615726592 105411
vfs - 133976 5184 184436
vm - 4 25324877 440377251 252318 1617408 266099208 310048198 85281859 6618706 220692352 56889 0 0 0 0 0 1811072 0 311878 5997 0 1618108 94 0 3 0 0

1778477683.632822 0 node0.mimesys-workload.ldos-ut-pg0.wisc.cloudlab.us
block sda 641886 211338 50642289 349533 2707366 17784844 880754503 13079371 0 2417272 13717305
block sdb 509 0 7540 473 4 0 0 0 0 600 474
cpu 11 190709 0 56866 2980683 7319 0 5
cpu 10 217071 2 51894 2960309 9487 0 6
cpu 13 185175 0 52465 2991125 6877 0 5
cpu 12 189537 0 51474 2988064 7635 0 2
cpu 15 174900 2 49984 3004160 6776 0 4
cpu 14 168463 0 51390 3009892 6930 0 5
cpu 17 153478 0 49689 3025992 6998 0 2
cpu 16 163406 0 48018 3019717 5962 0 2
cpu 19 134872 0 37146 3058659 6226 0 1
cpu 18 180848 5 36436 3013349 6500 0 2
cpu 1 246384 0 62230 2913017 8675 0 882
cpu 0 269907 45 47411 2879399 10371 0 1160
cpu 3 266582 0 77728 2881663 7928 0 598
cpu 2 261575 0 74844 2887781 9762 0 193
cpu 5 265478 0 78993 2883142 7839 0 456
cpu 4 262230 1 79619 2884402 8313 0 115
cpu 7 208483 0 76678 2942892 6968 0 542
cpu 6 255811 0 77570 2894277 8193 0 329
cpu 9 182462 0 54200 2989267 8015 0 378
cpu 8 183703 0 61796 2981903 6581 0 340
mem 1 99033092 96095988 2937104 374328 1964028 96 0 2106908 1080716 231544 7180 0 0 176044 2048 0 0
mem 0 97636988 55539768 42097220 702332 40218896 220 0 40424512 7934544 500176 28572 0 0 464240 6144 0 0
net vnet45 0 0 349134 0 0 0 0 0 0 0 0 0 1903 0 338981 0 0 0 0 0 0 1633 0
net lo 0 0 4094849 0 0 0 0 0 0 0 0 0 32525 0 4094849 0 0 0 0 0 0 32525 0
net vnet44 0 0 239740 0 0 0 0 0 0 0 0 0 1167 0 207160 0 0 0 0 0 0 1166 0
net eno1 0 162432 40340518959 0 0 384 0 0 0 0 0 0 30380091 0 1231477542 0 0 0 0 0 0 5975135 0
net virbr0 0 846 9964772941 0 0 0 0 0 0 0 0 0 39740448 0 38383874109 0 0 0 0 0 0 23527808 0
numa 1 119706241 18781169 10118603 29535 119661921 18825472
numa 0 118917004 10118603 18781169 29710 118915288 10119876
ps - 502784918 416026 527 552 507 7 735
sysv_shm - 0 0
tmpfs /run/lock 0 6
tmpfs /run 2125824 1105
tmpfs /run/user/20029 0 20
tmpfs /run/qemu 0 1
tmpfs /dev/shm 37615726592 105411
vfs - 133981 5304 184494
vm - 4 25324877 440377251 252318 1617408 266114064 310062633 85281863 6618706 220715384 56889 0 0 0 0 0 1811072 0 311878 5997 0 1618108 94 0 3 0 0

1778477684.670372 0 node0.mimesys-workload.ldos-ut-pg0.wisc.cloudlab.us
block sda 641886 211338 50642289 349533 2707366 17784844 880754503 13079371 0 2417272 13717305
block sdb 509 0 7540 473 4 0 0 0 0 600 474
cpu 11 190792 0 56876 2980704 7319 0 5
cpu 10 217154 2 51902 2960332 9487 0 6
cpu 13 185261 0 52471 2991146 6877 0 5
cpu 12 189624 0 51480 2988083 7635 0 2
cpu 15 174902 2 49987 3004259 6776 0 4
cpu 14 168465 0 51393 3009990 6930 0 5
cpu 17 153479 0 49691 3026093 6998 0 2
cpu 16 163407 0 48020 3019818 5962 0 2
cpu 19 134874 0 37148 3058759 6226 0 1
cpu 18 180849 5 36437 3013450 6500 0 2
cpu 1 246385 0 62232 2913116 8675 0 882
cpu 0 269908 45 47413 2879498 10371 0 1160
cpu 3 266584 0 77730 2881762 7928 0 598
cpu 2 261576 0 74846 2887879 9762 0 193
cpu 5 265479 0 78994 2883242 7839 0 456
cpu 4 262230 1 79622 2884501 8313 0 115
cpu 7 208484 0 76681 2942991 6968 0 542
cpu 6 255812 0 77573 2894376 8193 0 329
cpu 9 182536 0 54208 2989292 8015 0 378
cpu 8 183788 0 61806 2981923 6581 0 340
mem 1 99033092 96092964 2940128 374320 1965664 96 0 2106908 1080448 233168 7068 0 0 176140 2048 0 0
mem 0 97636988 55535744 42101244 702340 40217660 248 0 40424516 7934360 498992 28760 0 0 464292 6144 0 0
net vnet45 0 0 353998 0 0 0 0 0 0 0 0 0 1928 0 343473 0 0 0 0 0 0 1652 0
net lo 0 0 4095406 0 0 0 0 0 0 0 0 0 32529 0 4095406 0 0 0 0 0 0 32529 0
net vnet44 0 0 239740 0 0 0 0 0 0 0 0 0 1167 0 207212 0 0 0 0 0 0 1167 0
net eno1 0 162440 40340527617 0 0 384 0 0 0 0 0 0 30380203 0 1231479313 0 0 0 0 0 0 5975142 0
net virbr0 0 846 9964777455 0 0 0 0 0 0 0 0 0 39740473 0 38383878549 0 0 0 0 0 0 23527826 0
numa 1 119712198 18781169 10118603 29535 119667878 18825472
numa 0 118924232 10118603 18781169 29710 118922515 10119877
ps - 502793489 416144 527 552 507 4 736
sysv_shm - 0 0
tmpfs /run/lock 0 6
tmpfs /run 2125824 1105
tmpfs /run/user/20029 0 20
tmpfs /run/qemu 0 1
tmpfs /dev/shm 37615726592 105411
vfs - 133968 5304 184364
vm - 4 25324877 440377251 252318 1617408 266127250 310075595 85281866 6618706 220736080 56889 0 0 0 0 0 1811072 0 311878 5997 0 1618108 94 0 3 0 0

1778477685.712163 0 node0.mimesys-workload.ldos-ut-pg0.wisc.cloudlab.us
block sda 641886 211338 50642289 349533 2707391 17784858 880754895 13079382 0 2417288 13717317
block sdb 509 0 7540 473 4 0 0 0 0 600 474
cpu 11 190864 0 56878 2980729 7319 0 5
cpu 10 217226 2 51905 2960361 9487 0 6
cpu 13 185339 0 52472 2991170 6877 0 5
cpu 12 189700 0 51481 2988107 7635 0 2
cpu 15 174902 2 49988 3004361 6776 0 4
cpu 14 168470 0 51394 3010088 6930 0 5
cpu 17 153480 0 49692 3026195 6998 0 2
cpu 16 163407 0 48021 3019921 5962 0 2
cpu 19 134877 0 37150 3058858 6226 0 1
cpu 18 180850 5 36438 3013553 6500 0 2
cpu 1 246386 0 62235 2913215 8675 0 882
cpu 0 269912 45 47417 2879595 10371 0 1160
cpu 3 266586 0 77732 2881860 7928 0 598
cpu 2 261579 0 74848 2887979 9762 0 193
cpu 5 265487 0 78997 2883334 7839 0 456
cpu 4 262231 1 79624 2884601 8313 0 115
cpu 7 208488 0 76683 2943089 6968 0 542
cpu 6 255814 0 77575 2894475 8193 0 329
cpu 9 182612 0 54209 2989313 8015 0 378
cpu 8 183866 0 61807 2981946 6581 0 340
mem 1 99033092 96089184 2943908 374304 1964632 112 0 2106916 1080484 232124 6968 0 0 176120 2048 0 0
mem 0 97636988 55530956 42106032 702368 40218720 292 0 40424520 7934880 500456 28880 0 0 464268 6144 0 0
net vnet45 0 0 357134 0 0 0 0 0 0 0 0 0 1945 0 347163 0 0 0 0 0 0 1664 0
net lo 0 0 4096573 0 0 0 0 0 0 0 0 0 32537 0 4096573 0 0 0 0 0 0 32537 0
net vnet44 0 0 239740 0 0 0 0 0 0 0 0 0 1167 0 207212 0 0 0 0 0 0 1167 0
net eno1 0 162440 40340535406 0 0 384 0 0 0 0 0 0 30380320 0 1231480833 0 0 0 0 0 0 5975153 0
net virbr0 0 846 9964780353 0 0 0 0 0 0 0 0 0 39740490 0 38383882239 0 0 0 0 0 0 23527838 0
numa 1 119715685 18781169 10118603 29535 119671365 18825472
numa 0 118935062 10118603 18781169 29710 118933344 10119878
ps - 502802819 416265 527 552 507 7 734
sysv_shm - 0 0
tmpfs /run/lock 0 6
tmpfs /run 2125824 1105
tmpfs /run/user/20029 0 20
tmpfs /run/qemu 0 1
tmpfs /dev/shm 37615726592 105411
vfs - 133979 5304 184491
vm - 4 25324877 440377447 252318 1617408 266141566 310090054 85281872 6618706 220758520 56889 0 0 0 0 0 1811072 0 311878 5997 0 1618108 94 0 3 0 0

1778477686.751502 0 node0.mimesys-workload.ldos-ut-pg0.wisc.cloudlab.us
block sda 641886 211338 50642289 349533 2707391 17784858 880754895 13079382 0 2417288 13717317
block sdb 509 0 7540 473 4 0 0 0 0 600 474
cpu 11 190940 0 56880 2980751 7319 0 5
cpu 10 217302 2 51909 2960384 9487 0 6
cpu 13 185418 0 52472 2991192 6877 0 5
cpu 12 189771 0 51483 2988135 7635 0 2
cpu 15 174903 2 49991 3004462 6776 0 4
cpu 14 168471 0 51396 3010189 6930 0 5
cpu 17 153481 0 49693 3026298 6998 0 2
cpu 16 163408 0 48022 3020023 5962 0 2
cpu 19 134879 0 37154 3058955 6226 0 1
cpu 18 180850 5 36440 3013654 6500 0 2
cpu 1 246388 0 62238 2913315 8675 0 882
cpu 0 269914 45 47419 2879694 10371 0 1160
cpu 3 266590 0 77734 2881958 7928 0 598
cpu 2 261582 0 74850 2888079 9762 0 193
cpu 5 265488 0 79001 2883432 7839 0 456
cpu 4 262232 1 79627 2884700 8313 0 115
cpu 7 208491 0 76685 2943189 6968 0 542
cpu 6 255816 0 77577 2894575 8193 0 329
cpu 9 182687 0 54211 2989337 8015 0 378
cpu 8 183952 0 61808 2981963 6581 0 340
mem 1 99033092 96085912 2947180 374324 1963572 124 0 2106920 1080452 231040 7076 0 0 176112 2048 0 0
mem 0 97636988 55542428 42094560 702356 40218716 320 0 40424524 7934168 500088 28740 0 0 464436 6144 0 0
net vnet45 0 0 359068 0 0 0 0 0 0 0 0 0 1956 0 348213 0 0 0 0 0 0 1674 0
net lo 0 0 4097130 0 0 0 0 0 0 0 0 0 32541 0 4097130 0 0 0 0 0 0 32541 0
net vnet44 0 0 239740 0 0 0 0 0 0 0 0 0 1167 0 207264 0 0 0 0 0 0 1168 0
net eno1 0 162450 40340543595 0 0 384 0 0 0 0 0 0 30380444 0 1231481178 0 0 0 0 0 0 5975156 0
net virbr0 0 846 9964782133 0 0 0 0 0 0 0 0 0 39740501 0 38383883237 0 0 0 0 0 0 23527847 0
numa 1 119720597 18781169 10118603 29535 119676277 18825472
numa 0 118943752 10118603 18781169 29710 118942034 10119878
ps - 502811539 416394 645 576 515 15 734
sysv_shm - 0 0
tmpfs /run/lock 0 6
tmpfs /run 2125824 1105
tmpfs /run/user/20029 0 20
tmpfs /run/qemu 0 1
tmpfs /dev/shm 37615726592 105411
vfs - 133976 5224 184431
vm - 4 25324877 440377447 252318 1617408 266155343 310104450 85281876 6618706 220780065 56889 0 0 0 0 0 1811072 0 311878 5997 0 1618108 94 0 3 0 0

1778477687.791929 0 node0.mimesys-workload.ldos-ut-pg0.wisc.cloudlab.us
block sda 641886 211338 50642289 349533 2707495 17784858 880755839 13079400 0 2417296 13717335
block sdb 509 0 7540 473 4 0 0 0 0 600 474
cpu 11 191010 0 56882 2980780 7319 0 5
cpu 10 217385 2 51910 2960404 9487 0 6
cpu 13 185495 0 52476 2991215 6877 0 5
cpu 12 189841 0 51485 2988161 7635 0 2
cpu 15 174904 2 49994 3004561 6776 0 4
cpu 14 168473 0 51398 3010288 6930 0 5
cpu 17 153482 0 49696 3026397 6998 0 2
cpu 16 163409 0 48025 3020123 5962 0 2
cpu 19 134885 0 37157 3059050 6226 0 1
cpu 18 180851 5 36442 3013754 6500 0 2
cpu 1 246389 0 62243 2913411 8675 0 882
cpu 0 269917 45 47422 2879792 10371 0 1160
cpu 3 266595 0 77737 2882053 7928 0 598
cpu 2 261584 0 74854 2888177 9762 0 193
cpu 5 265490 0 79003 2883531 7839 0 456
cpu 4 262234 1 79630 2884799 8313 0 115
cpu 7 208493 0 76688 2943287 6968 0 542
cpu 6 255816 0 77580 2894674 8193 0 329
cpu 9 182756 0 54214 2989364 8015 0 378
cpu 8 184022 0 61810 2981988 6581 0 340
mem 1 99033092 96094416 2938676 374320 1964512 8 0 2106920 1080448 232012 7036 0 0 176048 2048 0 0
mem 0 97636988 55536136 42100852 702360 40217796 12 0 40424524 7934168 498680 28760 0 0 464284 6144 0 0
net vnet45 0 0 364138 0 0 0 0 0 0 0 0 0 1984 0 352901 0 0 0 0 0 0 1695 0
net lo 0 0 4098297 0 0 0 0 0 0 0 0 0 32549 0 4098297 0 0 0 0 0 0 32549 0
net vnet44 0 0 239740 0 0 0 0 0 0 0 0 0 1167 0 207264 0 0 0 0 0 0 1168 0
net eno1 0 162450 40340550466 0 0 384 0 0 0 0 0 0 30380548 0 1231481678 0 0 0 0 0 0 5975161 0
net virbr0 0 846 9964786811 0 0 0 0 0 0 0 0 0 39740529 0 38383887925 0 0 0 0 0 0 23527868 0
numa 1 119729637 18781169 10118603 29535 119685316 18825473
numa 0 118955417 10118603 18781169 29710 118953699 10119878
ps - 502821304 416581 645 576 515 21 732
sysv_shm - 0 0
tmpfs /run/lock 0 6
tmpfs /run 2125824 1105
tmpfs /run/user/20029 0 20
tmpfs /run/qemu 0 1
tmpfs /dev/shm 37615726592 105411
vfs - 133975 5344 184375
vm - 4 25324877 440377919 252318 1617408 266176209 310125118 85281883 6618706 220812887 56889 0 0 0 0 0 1811072 0 311878 5997 0 1618108 94 0 3 0 0

1778477688.832338 0 node0.mimesys-workload.ldos-ut-pg0.wisc.cloudlab.us
block sda 641886 211338 50642289 349533 2707495 17784858 880755839 13079400 0 2417296 13717335
block sdb 509 0 7540 473 4 0 0 0 0 600 474
cpu 11 191075 0 56885 2980816 7319 0 5
cpu 10 217456 2 51911 2960435 9487 0 6
cpu 13 185568 0 52476 2991245 6877 0 5
cpu 12 189911 0 51487 2988193 7635 0 2
cpu 15 174906 2 49995 3004662 6776 0 4
cpu 14 168474 0 51401 3010387 6930 0 5
cpu 17 153483 0 49698 3026498 6998 0 2
cpu 16 163410 0 48028 3020224 5962 0 2
cpu 19 134892 0 37162 3059142 6226 0 1
cpu 18 180852 5 36445 3013855 6500 0 2
cpu 1 246392 0 62246 2913510 8675 0 882
cpu 0 269919 45 47424 2879889 10371 0 1160
cpu 3 266599 0 77740 2882149 7928 0 598
cpu 2 261586 0 74856 2888276 9762 0 193
cpu 5 265492 0 79007 2883629 7839 0 456
cpu 4 262238 1 79632 2884895 8313 0 115
cpu 7 208495 0 76692 2943385 6968 0 542
cpu 6 255820 0 77584 2894770 8193 0 329
cpu 9 182824 0 54216 2989397 8015 0 378
cpu 8 184090 0 61811 2982020 6581 0 340
mem 1 99033092 96091928 2941164 374340 1964324 92 0 2106924 1080472 231912 7172 0 0 176160 2048 0 0
mem 0 97636988 55533372 42103616 702352 40220628 156 0 40424524 7935360 503236 28692 0 0 464204 6144 0 0
net vnet45 0 0 367076 0 0 0 0 0 0 0 0 0 1998 0 356643 0 0 0 0 0 0 1708 0
net lo 0 0 4099464 0 0 0 0 0 0 0 0 0 32557 0 4099464 0 0 0 0 0 0 32557 0
net vnet44 0 0 239824 0 0 0 0 0 0 0 0 0 1169 0 207400 0 0 0 0 0 0 1171 0
net eno1 0 162461 40340558537 0 0 384 0 0 0 0 0 0 30380674 0 1231482124 0 0 0 0 0 0 5975165 0
net virbr0 0 846 9964789609 0 0 0 0 0 0 0 0 0 39740545 0 38383891699 0 0 0 0 0 0 23527882 0
numa 1 119737265 18781169 10118603 29535 119692944 18825473
numa 0 118965604 10118603 18781169 29710 118963886 10119878
ps - 502829480 416730 645 576 515 13 734
sysv_shm - 0 0
tmpfs /run/lock 0 6
tmpfs /run 2125824 1105
tmpfs /run/user/20029 0 20
tmpfs /run/qemu 0 1
tmpfs /dev/shm 37615726592 105411
vfs - 133968 5304 184376
vm - 4 25324877 440377919 252318 1617408 266193807 310142317 85281890 6618706 220840734 56889 0 0 0 0 0 1811072 0 311878 5997 0 1618108 94 0 3 0 0

1778477689.867053 0 node0.mimesys-workload.ldos-ut-pg0.wisc.cloudlab.us
block sda 641886 211338 50642289 349533 2707495 17784858 880755839 13079400 0 2417296 13717335
block sdb 509 0 7540 473 4 0 0 0 0 600 474
cpu 11 191146 0 56888 2980843 7319 0 5
cpu 10 217535 2 51911 2960455 9487 0 6
cpu 13 185644 0 52478 2991271 6877 0 5
cpu 12 189991 0 51488 2988212 7635 0 2
cpu 15 174907 2 49997 3004762 6776 0 4
cpu 14 168475 0 51402 3010488 6930 0 5
cpu 17 153484 0 49699 3026599 6998 0 2
cpu 16 163410 0 48030 3020324 5962 0 2
cpu 19 134896 0 37164 3059238 6226 0 1
cpu 18 180852 5 36447 3013955 6500 0 2
cpu 1 246395 0 62248 2913607 8675 0 882
cpu 0 269922 45 47427 2879987 10371 0 1160
cpu 3 266600 0 77742 2882249 7928 0 598
cpu 2 261588 0 74858 2888375 9762 0 193
cpu 5 265493 0 79009 2883729 7839 0 456
cpu 4 262239 1 79634 2884995 8313 0 115
cpu 7 208496 0 76694 2943483 6968 0 542
cpu 6 255822 0 77585 2894869 8193 0 329
cpu 9 182906 0 54217 2989417 8015 0 378
cpu 8 184167 0 61814 2982046 6581 0 340
mem 1 99033092 96088160 2944932 374328 1964924 100 0 2106924 1081780 232948 6948 0 0 176264 2048 0 0
mem 0 97636988 55530124 42106864 702364 40218932 164 0 40424524 7935056 500728 28884 0 0 464136 6144 0 0
net vnet45 0 0 369010 0 0 0 0 0 0 0 0 0 2009 0 357711 0 0 0 0 0 0 1718 0
net lo 0 0 4100021 0 0 0 0 0 0 0 0 0 32561 0 4100021 0 0 0 0 0 0 32561 0
net vnet44 0 0 239894 0 0 0 0 0 0 0 0 0 1170 0 207400 0 0 0 0 0 0 1171 0
net eno1 0 162461 40340566415 0 0 384 0 0 0 0 0 0 30380792 0 1231482469 0 0 0 0 0 0 5975168 0
net virbr0 0 847 9964791445 0 0 0 0 0 0 0 0 0 39740557 0 38383892697 0 0 0 0 0 0 23527891 0
numa 1 119743722 18781169 10118603 29535 119699401 18825473
numa 0 118972344 10118603 18781169 29710 118970626 10119878
ps - 502837919 416850 645 576 515 7 734
sysv_shm - 0 0
tmpfs /run/lock 0 6
tmpfs /run 2125824 1105
tmpfs /run/user/20029 0 20
tmpfs /run/qemu 0 1
tmpfs /dev/shm 37615726592 105411
vfs - 133964 5224 184385
vm - 4 25324877 440377919 252318 1617408 266206886 310155828 85281897 6618706 220861299 56889 0 0 0 0 0 1811072 0 311878 5997 0 1618108 94 0 3 0 0

1778477690.894858 0 node0.mimesys-workload.ldos-ut-pg0.wisc.cloudlab.us
block sda 641886 211338 50642289 349533 2707513 17784870 880756143 13079407 0 2417308 13717343
block sdb 509 0 7540 473 4 0 0 0 0 600 474
cpu 11 191227 0 56889 2980861 7319 0 5
cpu 10 217618 2 51911 2960470 9487 0 6
cpu 13 185724 0 52479 2991291 6877 0 5
cpu 12 190062 0 51488 2988236 7635 0 2
cpu 15 174908 2 49997 3004863 6776 0 4
cpu 14 168476 0 51404 3010588 6930 0 5
cpu 17 153485 0 49700 3026700 6998 0 2
cpu 16 163411 0 48031 3020424 5962 0 2
cpu 19 134902 0 37165 3059334 6226 0 1
cpu 18 180852 5 36448 3014056 6500 0 2
cpu 1 246396 0 62250 2913705 8675 0 883
cpu 0 269924 45 47431 2880084 10371 0 1160
cpu 3 266604 0 77746 2882344 7928 0 598
cpu 2 261591 0 74860 2888473 9762 0 193
cpu 5 265494 0 79012 2883826 7839 0 456
cpu 4 262240 1 79638 2885093 8313 0 115
cpu 7 208500 0 76698 2943577 6968 0 542
cpu 6 255826 0 77588 2894966 8193 0 329
cpu 9 182986 0 54219 2989436 8015 0 378
cpu 8 184247 0 61817 2982062 6581 0 340
mem 1 99033092 96098532 2934560 374360 1965240 96 0 2106932 1080940 232828 7320 0 0 176200 2048 0 0
mem 0 97636988 55532572 42104416 702328 40220012 204 0 40424532 7934892 501300 28560 0 0 464240 6144 0 0
net vnet45 0 0 374080 0 0 0 0 0 0 0 0 0 2037 0 362451 0 0 0 0 0 0 1740 0
net lo 0 0 4101188 0 0 0 0 0 0 0 0 0 32569 0 4101188 0 0 0 0 0 0 32569 0
net vnet44 0 0 239894 0 0 0 0 0 0 0 0 0 1170 0 207452 0 0 0 0 0 0 1172 0
net eno1 0 162470 40340573826 0 0 384 0 0 0 0 0 0 30380906 0 1231482915 0 0 0 0 0 0 5975172 0
net virbr0 0 847 9964796123 0 0 0 0 0 0 0 0 0 39740585 0 38383897385 0 0 0 0 0 0 23527912 0
numa 1 119747092 18781169 10118603 29535 119702771 18825473
numa 0 118983256 10118603 18781169 29710 118981538 10119878
ps - 502846262 416972 634 575 515 7 729
sysv_shm - 0 0
tmpfs /run/lock 0 6
tmpfs /run 2125824 1105
tmpfs /run/user/20029 0 20
tmpfs /run/qemu 0 1
tmpfs /dev/shm 37615726592 105411
vfs - 133962 5144 184339
vm - 4 25324877 440378071 252318 1617408 266221168 310170115 85281899 6618706 220883763 56889 0 0 0 0 0 1811072 0 311878 5997 0 1618108 94 0 3 0 0

1778477691.924074 0 node0.mimesys-workload.ldos-ut-pg0.wisc.cloudlab.us
block sda 641886 211338 50642289 349533 2707513 17784870 880756143 13079407 0 2417308 13717343
block sdb 509 0 7540 473 4 0 0 0 0 600 474
cpu 11 191300 0 56891 2980888 7319 0 5
cpu 10 217700 2 51912 2960491 9487 0 6
cpu 13 185798 0 52480 2991317 6877 0 5
cpu 12 190138 0 51491 2988258 7635 0 2
cpu 15 174908 2 49999 3004964 6776 0 4
cpu 14 168476 0 51406 3010688 6930 0 5
cpu 17 153486 0 49702 3026800 6998 0 2
cpu 16 163412 0 48033 3020525 5962 0 2
cpu 19 134905 0 37167 3059431 6226 0 1
cpu 18 180853 5 36450 3014158 6500 0 2
cpu 1 246397 0 62253 2913805 8675 0 883
cpu 0 269925 45 47434 2880181 10371 0 1160
cpu 3 266606 0 77748 2882441 7928 0 598
cpu 2 261595 0 74862 2888571 9762 0 193
cpu 5 265495 0 79014 2883925 7839 0 456
cpu 4 262241 1 79640 2885192 8313 0 115
cpu 7 208501 0 76700 2943676 6968 0 542
cpu 6 255828 0 77588 2895066 8193 0 329
cpu 9 183058 0 54220 2989461 8015 0 378
cpu 8 184319 0 61820 2982086 6581 0 340
mem 1 99033092 96093640 2939452 374340 1964704 100 0 2106932 1080892 232180 7200 0 0 176168 2048 0 0
mem 0 97636988 55528876 42108112 702364 40220344 232 0 40424532 7934616 501740 28708 0 0 464224 6144 0 0
net vnet45 0 0 374080 0 0 0 0 0 0 0 0 0 2037 0 362451 0 0 0 0 0 0 1740 0
net lo 0 0 4102302 0 0 0 0 0 0 0 0 0 32577 0 4102302 0 0 0 0 0 0 32577 0
net vnet44 0 0 239894 0 0 0 0 0 0 0 0 0 1170 0 207452 0 0 0 0 0 0 1172 0
net eno1 0 162478 40340581143 0 0 384 0 0 0 0 0 0 30381020 0 1231483260 0 0 0 0 0 0 5975175 0
net virbr0 0 847 9964796123 0 0 0 0 0 0 0 0 0 39740585 0 38383897385 0 0 0 0 0 0 23527912 0
numa 1 119751487 18781169 10118603 29535 119707166 18825473
numa 0 118992233 10118603 18781169 29710 118990515 10119878
ps - 502854516 417092 634 575 515 4 733
sysv_shm - 0 0
tmpfs /run/lock 0 6
tmpfs /run 2125824 1105
tmpfs /run/user/20029 0 20
tmpfs /run/qemu 0 1
tmpfs /dev/shm 37615726592 105411
vfs - 133971 5224 184358
vm - 4 25324877 440378071 252318 1617408 266234539 310182778 85281908 6618706 220904711 56889 0 0 0 0 0 1811072 0 311878 5997 0 1618108 94 0 3 0 0

1778477692.955202 0 node0.mimesys-workload.ldos-ut-pg0.wisc.cloudlab.us
block sda 641886 211338 50642289 349533 2707591 17784870 880756871 13079426 0 2417316 13717361
block sdb 509 0 7540 473 4 0 0 0 0 600 474
cpu 11 191379 0 56894 2980909 7319 0 5
cpu 10 217785 2 51914 2960508 9487 0 6
cpu 13 185878 0 52481 2991338 6877 0 5
cpu 12 190212 0 51492 2988285 7635 0 2
cpu 15 174909 2 50000 3005064 6776 0 4
cpu 14 168477 0 51407 3010789 6930 0 5
cpu 17 153487 0 49703 3026900 6998 0 2
cpu 16 163414 0 48035 3020625 5962 0 2
cpu 19 134911 0 37172 3059523 6226 0 1
cpu 18 180854 5 36450 3014258 6500 0 2
cpu 1 246398 0 62256 2913904 8675 0 883
cpu 0 269928 45 47436 2880279 10371 0 1160
cpu 3 266610 0 77750 2882538 7928 0 598
cpu 2 261596 0 74863 2888670 9762 0 193
cpu 5 265498 0 79016 2884022 7839 0 456
cpu 4 262244 1 79642 2885289 8313 0 115
cpu 7 208503 0 76703 2943773 6968 0 542
cpu 6 255828 0 77592 2895165 8193 0 329
cpu 9 183133 0 54223 2989482 8015 0 378
cpu 8 184393 0 61822 2982109 6581 0 340
mem 1 99033092 96104280 2928812 374352 1965856 116 0 2106932 1080892 233812 7168 0 0 176056 2048 0 0
mem 0 97636988 55524844 42112144 702352 40218984 248 0 40424536 7934172 499832 28696 0 0 464348 6144 0 0
net vnet45 0 0 379150 0 0 0 0 0 0 0 0 0 2065 0 367191 0 0 0 0 0 0 1762 0
net lo 0 0 4102859 0 0 0 0 0 0 0 0 0 32581 0 4102859 0 0 0 0 0 0 32581 0
net vnet44 0 0 239894 0 0 0 0 0 0 0 0 0 1170 0 207504 0 0 0 0 0 0 1173 0
net eno1 0 162478 40340587020 0 0 384 0 0 0 0 0 0 30381110 0 1231483605 0 0 0 0 0 0 5975178 0
net virbr0 0 847 9964800801 0 0 0 0 0 0 0 0 0 39740613 0 38383902073 0 0 0 0 0 0 23527933 0
numa 1 119756722 18781169 10118603 29535 119712401 18825473
numa 0 119000428 10118603 18781169 29710 118998710 10119878
ps - 502863165 417209 634 575 515 7 729
sysv_shm - 0 0
tmpfs /run/lock 0 6
tmpfs /run 2125824 1105
tmpfs /run/user/20029 0 20
tmpfs /run/qemu 0 1
tmpfs /dev/shm 37615726592 105411
vfs - 133964 5184 184355
vm - 4 25324877 440378435 252318 1617408 266247969 310196901 85281916 6618706 220925856 56889 0 0 0 0 0 1811072 0 311878 5997 0 1618108 94 0 3 0 0

1778477693.992210 0 node0.mimesys-workload.ldos-ut-pg0.wisc.cloudlab.us
block sda 641886 211338 50642289 349533 2707595 17784870 880756895 13079426 0 2417320 13717362
block sdb 509 0 7540 473 4 0 0 0 0 600 474
cpu 11 191453 0 56895 2980934 7319 0 5
cpu 10 217860 2 51914 2960532 9487 0 6
cpu 13 185960 0 52483 2991359 6877 0 5
cpu 12 190282 0 51493 2988312 7635 0 2
cpu 15 174912 2 50002 3005162 6776 0 4
cpu 14 168492 0 51415 3010870 6930 0 5
cpu 17 153490 0 49706 3026998 6998 0 2
cpu 16 163414 0 48038 3020724 5962 0 2
cpu 19 134921 0 37174 3059614 6226 0 1
cpu 18 180863 5 36453 3014351 6500 0 2
cpu 1 246401 0 62257 2914001 8675 0 883
cpu 0 269932 45 47439 2880376 10371 0 1160
cpu 3 266613 0 77753 2882634 7928 0 598
cpu 2 261599 0 74866 2888767 9762 0 193
cpu 5 265502 0 79020 2884118 7839 0 456
cpu 4 262255 1 79644 2885378 8313 0 115
cpu 7 208506 0 76705 2943872 6968 0 542
cpu 6 255834 0 77595 2895260 8193 0 329
cpu 9 183212 0 54224 2989505 8015 0 378
cpu 8 184469 0 61823 2982132 6581 0 340
mem 1 99033092 96063404 2969688 374344 2001628 84 0 2109008 1083464 266696 7480 0 0 176504 2048 0 0
mem 0 97636988 55509756 42127232 702360 40233048 160 0 40424980 7936616 513924 29040 0 0 464252 6144 0 0
net vnet45 0 0 382286 0 0 0 0 0 0 0 0 0 2082 0 370881 0 0 0 0 0 0 1774 0
net lo 0 0 4105381 0 0 0 0 0 0 0 0 0 32610 0 4105381 0 0 0 0 0 0 32610 0
net vnet44 0 0 239894 0 0 0 0 0 0 0 0 0 1170 0 207504 0 0 0 0 0 0 1173 0
net eno1 0 162489 40340594112 0 0 384 0 0 0 0 0 0 30381215 0 1231484226 0 0 0 0 0 0 5975184 0
net virbr0 0 847 9964803699 0 0 0 0 0 0 0 0 0 39740630 0 38383905763 0 0 0 0 0 0 23527945 0
numa 1 119773670 18781169 10118603 29535 119729349 18825473
numa 0 119011387 10118603 18781169 29710 119009669 10119878
ps - 502875065 417434 634 575 515 6 823
sysv_shm - 0 0
tmpfs /run/lock 0 6
tmpfs /run 2125824 1105
tmpfs /run/user/20029 0 20
tmpfs /run/qemu 0 1
tmpfs /dev/shm 37615726592 105411
vfs - 133980 5264 184338
vm - 4 25324877 440378447 252318 1617408 266275886 310211570 85281919 6618706 220963049 56889 0 0 0 0 0 1811072 0 311878 5997 0 1618108 94 0 3 0 0

1778477695.033454 0 node0.mimesys-workload.ldos-ut-pg0.wisc.cloudlab.us
block sda 641886 211338 50642289 349533 2707595 17784870 880756895 13079426 0 2417320 13717362
block sdb 509 0 7540 473 4 0 0 0 0 600 474
cpu 11 191537 0 56895 2980952 7319 0 5
cpu 10 217942 2 51917 2960548 9487 0 6
cpu 13 186035 0 52486 2991382 6877 0 5
cpu 12 190358 0 51494 2988335 7635 0 2
cpu 15 174914 2 50004 3005262 6776 0 4
cpu 14 168494 0 51416 3010970 6930 0 5
cpu 17 153491 0 49707 3027100 6998 0 2
cpu 16 163415 0 48040 3020825 5962 0 2
cpu 19 134926 0 37176 3059711 6226 0 1
cpu 18 180866 5 36454 3014451 6500 0 2
cpu 1 246403 0 62260 2914099 8675 0 883
cpu 0 269934 45 47442 2880473 10371 0 1160
cpu 3 266616 0 77756 2882732 7928 0 598
cpu 2 261602 0 74868 2888866 9762 0 193
cpu 5 265502 0 79024 2884218 7839 0 456
cpu 4 262257 1 79646 2885478 8313 0 115
cpu 7 208510 0 76709 2943969 6968 0 542
cpu 6 255837 0 77597 2895357 8193 0 329
cpu 9 183288 0 54227 2989526 8015 0 378
cpu 8 184547 0 61825 2982154 6581 0 340
mem 1 99033092 96104156 2928936 374364 1965608 96 0 2106932 1080448 233148 7768 0 0 176440 2048 0 0
mem 0 97636988 55506996 42129992 702344 40218744 180 0 40424544 7935060 500448 28508 0 0 464420 6144 0 0
net vnet45 0 0 384220 0 0 0 0 0 0 0 0 0 2093 0 371931 0 0 0 0 0 0 1784 0
net lo 0 0 4106094 0 0 0 0 0 0 0 0 0 32617 0 4106094 0 0 0 0 0 0 32617 0
net vnet44 0 0 239894 0 0 0 0 0 0 0 0 0 1170 0 207556 0 0 0 0 0 0 1174 0
net eno1 0 162489 40340599689 0 0 384 0 0 0 0 0 0 30381301 0 1231484571 0 0 0 0 0 0 5975187 0
net virbr0 0 847 9964805479 0 0 0 0 0 0 0 0 0 39740641 0 38383906761 0 0 0 0 0 0 23527954 0
numa 1 119777479 18781169 10118603 29535 119733158 18825473
numa 0 119020254 10118603 18781169 29710 119018536 10119878
ps - 502885200 417550 634 575 515 4 726
sysv_shm - 0 0
tmpfs /run/lock 0 6
tmpfs /run 2125824 1105
tmpfs /run/user/20029 0 20
tmpfs /run/qemu 0 1
tmpfs /dev/shm 37615726592 105411
vfs - 133960 5264 184321
vm - 4 25324877 440378447 252318 1617408 266288552 310237496 85282752 6618706 220983076 56889 0 0 0 0 0 1811072 0 311878 5997 0 1618108 94 0 3 0 0

1778477696.074032 0 node0.mimesys-workload.ldos-ut-pg0.wisc.cloudlab.us
block sda 641886 211338 50642289 349533 2707619 17784884 880757287 13079438 0 2417336 13717374
block sdb 509 0 7540 473 4 0 0 0 0 600 474
cpu 11 191611 0 56897 2980979 7319 0 5
cpu 10 218016 2 51918 2960575 9487 0 6
cpu 13 186108 0 52487 2991411 6877 0 5
cpu 12 190423 0 51498 2988366 7635 0 2
cpu 15 174914 2 50007 3005362 6776 0 4
cpu 14 168496 0 51418 3011071 6930 0 5
cpu 17 153492 0 49708 3027200 6998 0 2
cpu 16 163419 0 48042 3020922 5962 0 2
cpu 19 134928 0 37180 3059808 6226 0 1
cpu 18 180867 5 36456 3014552 6500 0 2
cpu 1 246403 0 62263 2914199 8675 0 883
cpu 0 269938 45 47446 2880568 10371 0 1160
cpu 3 266616 0 77759 2882832 7928 0 598
cpu 2 261603 0 74870 2888966 9762 0 193
cpu 5 265504 0 79025 2884318 7839 0 456
cpu 4 262258 1 79647 2885577 8313 0 115
cpu 7 208512 0 76711 2944069 6968 0 542
cpu 6 255841 0 77598 2895456 8193 0 329
cpu 9 183360 0 54230 2989552 8015 0 378
cpu 8 184623 0 61827 2982180 6581 0 340
mem 1 99033092 96096752 2936340 374344 1967624 116 0 2106940 1080480 234648 7280 0 0 176328 2048 0 0
mem 0 97636988 55503296 42133692 702360 40218108 184 0 40424544 7934880 499364 28576 0 0 464180 6144 0 0
net vnet45 0 0 389290 0 0 0 0 0 0 0 0 0 2121 0 376619 0 0 0 0 0 0 1805 0
net lo 0 0 4107261 0 0 0 0 0 0 0 0 0 32625 0 4107261 0 0 0 0 0 0 32625 0
net vnet44 0 0 239894 0 0 0 0 0 0 0 0 0 1170 0 207556 0 0 0 0 0 0 1174 0
net eno1 0 162498 40340606380 0 0 384 0 0 0 0 0 0 30381403 0 1231485017 0 0 0 0 0 0 5975191 0
net virbr0 0 847 9964810157 0 0 0 0 0 0 0 0 0 39740669 0 38383911449 0 0 0 0 0 0 23527975 0
numa 1 119784613 18781169 10118603 29535 119740292 18825473
numa 0 119027502 10118603 18781169 29710 119025784 10119878
ps - 502894946 417672 615 572 514 6 726
sysv_shm - 0 0
tmpfs /run/lock 0 6
tmpfs /run 2125824 1105
tmpfs /run/user/20029 0 20
tmpfs /run/qemu 0 1
tmpfs /dev/shm 37615726592 105411
vfs - 133961 5304 184329
vm - 4 25324877 440378643 252318 1617408 266302934 310251895 85282757 6618706 221005556 56889 0 0 0 0 0 1811072 0 311878 5997 0 1618108 94 0 3 0 0

1778477697.114262 0 node0.mimesys-workload.ldos-ut-pg0.wisc.cloudlab.us
block sda 641886 211338 50642289 349533 2707619 17784884 880757287 13079438 0 2417336 13717374
block sdb 509 0 7540 473 4 0 0 0 0 600 474
cpu 11 191690 0 56899 2981001 7319 0 5
cpu 10 218094 2 51920 2960600 9487 0 6
cpu 13 186181 0 52488 2991437 6877 0 5
cpu 12 190499 0 51500 2988390 7635 0 2
cpu 15 174915 2 50008 3005464 6776 0 4
cpu 14 168497 0 51419 3011173 6930 0 5
cpu 17 153494 0 49710 3027301 6998 0 2
cpu 16 163421 0 48045 3021022 5962 0 2
cpu 19 134930 0 37182 3059907 6226 0 1
cpu 18 180868 5 36457 3014653 6500 0 2
cpu 1 246404 0 62267 2914297 8675 0 883
cpu 0 269938 45 47449 2880667 10371 0 1160
cpu 3 266620 0 77760 2882932 7928 0 598
cpu 2 261606 0 74873 2889064 9762 0 193
cpu 5 265507 0 79026 2884418 7839 0 456
cpu 4 262261 1 79650 2885674 8313 0 115
cpu 7 208516 0 76713 2944168 6968 0 542
cpu 6 255842 0 77599 2895557 8193 0 329
cpu 9 183441 0 54232 2989569 8015 0 378
cpu 8 184700 0 61829 2982203 6581 0 340
mem 1 99033092 96105620 2927472 374368 1967096 124 0 2106952 1080900 234252 7288 0 0 176224 2048 0 0
mem 0 97636988 55498448 42138540 702352 40219140 212 0 40424544 7935060 500516 28588 0 0 464124 6144 0 0
net vnet45 0 0 391318 0 0 0 0 0 0 0 0 0 2128 0 378701 0 0 0 0 0 0 1812 0
net lo 0 0 4108428 0 0 0 0 0 0 0 0 0 32633 0 4108428 0 0 0 0 0 0 32633 0
net vnet44 0 0 239894 0 0 0 0 0 0 0 0 0 1170 0 207608 0 0 0 0 0 0 1175 0
net eno1 0 162498 40340612051 0 0 384 0 0 0 0 0 0 30381488 0 1231485463 0 0 0 0 0 0 5975195 0
net virbr0 0 847 9964812087 0 0 0 0 0 0 0 0 0 39740676 0 38383913479 0 0 0 0 0 0 23527981 0
numa 1 119789612 18781169 10118603 29535 119745291 18825473
numa 0 119037001 10118603 18781169 29710 119035283 10119878
ps - 502902789 417796 615 572 514 7 728
sysv_shm - 0 0
tmpfs /run/lock 0 6
tmpfs /run 2125824 1105
tmpfs /run/user/20029 0 20
tmpfs /run/qemu 0 1
tmpfs /dev/shm 37615726592 105411
vfs - 133964 5304 184339
vm - 4 25324877 440378643 252318 1617408 266317432 310265840 85282761 6618706 221028313 56889 0 0 0 0 0 1811072 0 311878 5997 0 1618108 94 0 3 0 0

1778477698.154070 0 node0.mimesys-workload.ldos-ut-pg0.wisc.cloudlab.us
block sda 641886 211338 50642289 349533 2707699 17784884 880758007 13079453 0 2417340 13717389
block sdb 509 0 7540 473 4 0 0 0 0 600 474
cpu 11 191767 0 56901 2981025 7319 0 5
cpu 10 218173 2 51922 2960622 9487 0 6
cpu 13 186257 0 52490 2991459 6877 0 5
cpu 12 190576 0 51501 2988413 7635 0 2
cpu 15 174915 2 50010 3005566 6776 0 4
cpu 14 168497 0 51421 3011274 6930 0 5
cpu 17 153494 0 49712 3027404 6998 0 2
cpu 16 163421 0 48046 3021124 5962 0 2
cpu 19 134932 0 37187 3060004 6226 0 1
cpu 18 180869 5 36457 3014756 6500 0 2
cpu 1 246406 0 62272 2914391 8675 0 883
cpu 0 269941 45 47452 2880765 10371 0 1160
cpu 3 266623 0 77762 2883030 7928 0 598
cpu 2 261608 0 74876 2889163 9762 0 193
cpu 5 265509 0 79030 2884516 7839 0 456
cpu 4 262263 1 79652 2885772 8313 0 115
cpu 7 208518 0 76716 2944267 6968 0 542
cpu 6 255843 0 77600 2895657 8193 0 329
cpu 9 183517 0 54234 2989593 8015 0 378
cpu 8 184780 0 61832 2982223 6581 0 340
mem 1 99033092 96104000 2929092 374344 1965400 24 12 2106952 1080388 232072 7136 0 0 176224 2048 0 0
mem 0 97636988 55495368 42141620 702372 40220692 44 20 40424548 7935340 501604 28636 0 0 464324 6144 0 0
net vnet45 0 0 394360 0 0 0 0 0 0 0 0 0 2149 0 381359 0 0 0 0 0 0 1827 0
net lo 0 0 4108985 0 0 0 0 0 0 0 0 0 32637 0 4108985 0 0 0 0 0 0 32637 0
net vnet44 0 0 239894 0 0 0 0 0 0 0 0 0 1170 0 207608 0 0 0 0 0 0 1175 0
net eno1 0 162505 40340618468 0 0 384 0 0 0 0 0 0 30381586 0 1231486330 0 0 0 0 0 0 5975205 0
net virbr0 0 847 9964814835 0 0 0 0 0 0 0 0 0 39740697 0 38383916137 0 0 0 0 0 0 23527996 0
numa 1 119793278 18781169 10118603 29535 119748957 18825473
numa 0 119046248 10118603 18781169 29710 119044530 10119878
ps - 502911644 417913 615 572 514 4 713
sysv_shm - 0 0
tmpfs /run/lock 0 6
tmpfs /run 2125824 1105
tmpfs /run/user/20029 0 20
tmpfs /run/qemu 0 1
tmpfs /dev/shm 37615726592 105411
vfs - 133944 5264 184227
vm - 4 25324877 440379003 252318 1617408 266330346 310279324 85282763 6618706 221048429 56889 0 0 0 0 0 1811072 0 311878 5997 0 1618108 94 0 3 0 0

1778477699.190613 0 node0.mimesys-workload.ldos-ut-pg0.wisc.cloudlab.us
block sda 641886 211338 50642289 349533 2707701 17784885 880758031 13079454 0 2417344 13717390
block sdb 509 0 7540 473 4 0 0 0 0 600 474
cpu 11 191842 0 56903 2981048 7319 0 5
cpu 10 218250 2 51922 2960647 9487 0 6
cpu 13 186330 0 52493 2991484 6877 0 5
cpu 12 190650 0 51504 2988437 7635 0 2
cpu 15 174916 2 50011 3005667 6776 0 4
cpu 14 168498 0 51424 3011373 6930 0 5
cpu 17 153495 0 49714 3027504 6998 0 2
cpu 16 163422 0 48048 3021225 5962 0 2
cpu 19 134935 0 37190 3060101 6226 0 1
cpu 18 180870 5 36458 3014857 6500 0 2
cpu 1 246407 0 62275 2914491 8675 0 883
cpu 0 269943 45 47453 2880863 10371 0 1160
cpu 3 266626 0 77764 2883127 7928 0 598
cpu 2 261610 0 74878 2889263 9762 0 193
cpu 5 265515 0 79034 2884610 7839 0 456
cpu 4 262264 1 79656 2885872 8313 0 115
cpu 7 208518 0 76719 2944367 6968 0 542
cpu 6 255846 0 77604 2895755 8193 0 329
cpu 9 183598 0 54234 2989616 8015 0 378
cpu 8 184859 0 61834 2982243 6581 0 340
mem 1 99033092 96098456 2934636 374340 1965536 80 0 2106952 1080876 232452 6828 0 0 176200 2048 0 0
mem 0 97636988 55491088 42145900 702384 40220808 168 0 40424552 7935820 501736 29052 0 0 464260 6144 0 0
net vnet45 0 0 397496 0 0 0 0 0 0 0 0 0 2166 0 385101 0 0 0 0 0 0 1840 0
net lo 0 0 4110152 0 0 0 0 0 0 0 0 0 32645 0 4110152 0 0 0 0 0 0 32645 0
net vnet44 0 0 239894 0 0 0 0 0 0 0 0 0 1170 0 207660 0 0 0 0 0 0 1176 0
net eno1 0 162505 40340624559 0 0 384 0 0 0 0 0 0 30381679 0 1231486776 0 0 0 0 0 0 5975209 0
net virbr0 0 847 9964817733 0 0 0 0 0 0 0 0 0 39740714 0 38383919827 0 0 0 0 0 0 23528008 0
numa 1 119800513 18781169 10118603 29535 119756192 18825473
numa 0 119053270 10118603 18781169 29710 119051552 10119878
ps - 502920430 418035 615 572 514 7 713
sysv_shm - 0 0
tmpfs /run/lock 0 6
tmpfs /run 2125824 1105
tmpfs /run/user/20029 0 20
tmpfs /run/qemu 0 1
tmpfs /dev/shm 37615726592 105411
vfs - 133948 5304 184245
vm - 4 25324877 440379015 252318 1617408 266344604 310293219 85282771 6618706 221070779 56889 0 0 0 0 0 1811072 0 311878 5997 0 1618108 94 0 3 0 0

1778477700.231980 0 node0.mimesys-workload.ldos-ut-pg0.wisc.cloudlab.us
block sda 641886 211338 50642289 349533 2707701 17784885 880758031 13079454 0 2417344 13717390
block sdb 509 0 7540 473 4 0 0 0 0 600 474
cpu 11 191912 0 56905 2981075 7319 0 5
cpu 10 218333 2 51922 2960666 9487 0 6
cpu 13 186404 0 52495 2991507 6877 0 5
cpu 12 190731 0 51505 2988459 7635 0 2
cpu 15 174917 2 50013 3005769 6776 0 4
cpu 14 168498 0 51426 3011474 6930 0 5
cpu 17 153495 0 49716 3027606 6998 0 2
cpu 16 163423 0 48050 3021326 5962 0 2
cpu 19 134936 0 37192 3060202 6226 0 1
cpu 18 180870 5 36460 3014959 6500 0 2
cpu 1 246408 0 62278 2914591 8675 0 883
cpu 0 269945 45 47456 2880960 10371 0 1160
cpu 3 266629 0 77765 2883225 7928 0 598
cpu 2 261612 0 74880 2889363 9762 0 193
cpu 5 265518 0 79034 2884710 7839 0 456
cpu 4 262266 1 79656 2885973 8313 0 115
cpu 7 208519 0 76720 2944467 6968 0 542
cpu 6 255847 0 77607 2895855 8193 0 329
cpu 9 183676 0 54236 2989640 8015 0 378
cpu 8 184932 0 61836 2982272 6581 0 340
mem 1 99033092 96095436 2937656 374364 1965408 88 0 2106952 1081464 232820 7172 0 0 176232 2048 0 0
mem 0 97636988 55488380 42148608 702364 40219448 184 0 40424552 7935480 501728 29228 0 0 464188 6144 0 0
net vnet45 0 0 399430 0 0 0 0 0 0 0 0 0 2177 0 386099 0 0 0 0 0 0 1849 0
net lo 0 0 4110709 0 0 0 0 0 0 0 0 0 32649 0 4110709 0 0 0 0 0 0 32649 0
net vnet44 0 0 239894 0 0 0 0 0 0 0 0 0 1170 0 207660 0 0 0 0 0 0 1176 0
net eno1 0 162515 40340632554 0 0 384 0 0 0 0 0 0 30381799 0 1231487121 0 0 0 0 0 0 5975212 0
net virbr0 0 847 9964819513 0 0 0 0 0 0 0 0 0 39740725 0 38383920825 0 0 0 0 0 0 23528017 0
numa 1 119806928 18781169 10118603 29535 119762607 18825473
numa 0 119059440 10118603 18781169 29710 119057722 10119878
ps - 502929069 418151 615 572 514 6 713
sysv_shm - 0 0
tmpfs /run/lock 0 6
tmpfs /run 2125824 1105
tmpfs /run/user/20029 0 20
tmpfs /run/qemu 0 1
tmpfs /dev/shm 37615726592 105411
vfs - 133944 5264 184227
vm - 4 25324877 440379015 252318 1617408 266357187 310306165 85282775 6618706 221090520 56889 0 0 0 0 0 1811072 0 311878 5997 0 1618108 94 0 3 0 0

1778477701.253707 0 node0.mimesys-workload.ldos-ut-pg0.wisc.cloudlab.us
block sda 641887 211338 50642316 349534 2708097 17784932 880763111 13079494 0 2417392 13717431
block sdb 509 0 7540 473 4 0 0 0 0 600 474
cpu 11 191989 0 56906 2981096 7320 0 5
cpu 10 218408 2 51927 2960686 9487 0 6
cpu 13 186478 0 52497 2991529 6878 0 5
cpu 12 190810 0 51508 2988479 7635 0 2
cpu 15 174918 2 50014 3005869 6776 0 4
cpu 14 168500 0 51428 3011572 6930 0 5
cpu 17 153496 0 49717 3027705 6998 0 2
cpu 16 163423 0 48050 3021426 5962 0 2
cpu 19 134938 0 37198 3060297 6226 0 1
cpu 18 180871 5 36461 3015058 6500 0 2
cpu 1 246411 0 62281 2914689 8675 0 883
cpu 0 269953 45 47461 2881048 10371 0 1160
cpu 3 266631 0 77767 2883322 7928 0 598
cpu 2 261614 0 74882 2889459 9762 0 193
cpu 5 265519 0 79038 2884808 7839 0 456
cpu 4 262268 1 79659 2886069 8313 0 115
cpu 7 208520 0 76722 2944565 6968 0 542
cpu 6 255849 0 77608 2895953 8193 0 329
cpu 9 183750 0 54238 2989664 8015 0 378
cpu 8 185011 0 61838 2982291 6581 0 340
mem 1 99033092 96091912 2941180 374356 1965464 100 0 2106964 1081232 233456 7412 0 0 176112 2048 0 0
mem 0 97636988 55495564 42141424 702380 40217808 212 0 40424552 7935412 499600 28896 0 0 464204 6144 0 0
net vnet45 0 0 404500 0 0 0 0 0 0 0 0 0 2205 0 390839 0 0 0 0 0 0 1871 0
net lo 0 0 4111876 0 0 0 0 0 0 0 0 0 32657 0 4111876 0 0 0 0 0 0 32657 0
net vnet44 0 0 239894 0 0 0 0 0 0 0 0 0 1170 0 207712 0 0 0 0 0 0 1177 0
net eno1 0 162515 40340638285 0 0 385 0 0 0 0 0 0 30381884 0 1231487567 0 0 0 0 0 0 5975216 0
net virbr0 0 847 9964824191 0 0 0 0 0 0 0 0 0 39740753 0 38383925513 0 0 0 0 0 0 23528038 0
numa 1 119812623 18781169 10118603 29535 119768302 18825473
numa 0 119068454 10118603 18781169 29710 119066736 10119878
ps - 502939211 418279 606 571 514 6 719
sysv_shm - 0 0
tmpfs /run/lock 0 6
tmpfs /run 2125824 1105
tmpfs /run/user/20029 0 20
tmpfs /run/qemu 0 1
tmpfs /dev/shm 37615726592 105411
vfs - 133946 5184 184251
vm - 4 25324891 440381555 252318 1617408 266371896 310320854 85282777 6618706 221112984 56889 0 0 0 0 0 1811072 0 311878 5997 0 1618108 94 0 3 0 0

1778477702.294007 0 node0.mimesys-workload.ldos-ut-pg0.wisc.cloudlab.us
block sda 641887 211338 50642316 349534 2708097 17784932 880763111 13079494 0 2417392 13717431
block sdb 509 0 7540 473 4 0 0 0 0 600 474
cpu 11 192067 0 56907 2981119 7320 0 5
cpu 10 218480 2 51928 2960712 9487 0 6
cpu 13 186548 0 52499 2991557 6878 0 5
cpu 12 190882 0 51511 2988508 7635 0 2
cpu 15 174920 2 50016 3005970 6776 0 4
cpu 14 168501 0 51431 3011673 6930 0 6
cpu 17 153498 0 49721 3027804 6998 0 2
cpu 16 163424 0 48052 3021528 5962 0 2
cpu 19 134941 0 37201 3060395 6226 0 1
cpu 18 180873 5 36462 3015158 6500 0 2
cpu 1 246412 0 62283 2914790 8675 0 883
cpu 0 269956 45 47462 2881146 10371 0 1160
cpu 3 266632 0 77770 2883421 7928 0 598
cpu 2 261616 0 74885 2889558 9762 0 193
cpu 5 265524 0 79039 2884906 7839 0 456
cpu 4 262270 1 79660 2886168 8313 0 115
cpu 7 208523 0 76724 2944666 6968 0 542
cpu 6 255852 0 77609 2896052 8193 0 329
cpu 9 183827 0 54238 2989687 8015 0 378
cpu 8 185091 0 61838 2982313 6581 0 340
mem 1 99033092 96086656 2946436 374384 1967044 120 0 2106964 1081364 234208 7380 0 0 176112 2048 0 0
mem 0 97636988 55494088 42142900 702356 40218672 244 0 40424552 7935176 500372 28416 0 0 464268 6144 0 0
net vnet45 0 0 407636 0 0 0 0 0 0 0 0 0 2222 0 394529 0 0 0 0 0 0 1883 0
net lo 0 0 4113043 0 0 0 0 0 0 0 0 0 32665 0 4113043 0 0 0 0 0 0 32665 0
net vnet44 0 0 239894 0 0 0 0 0 0 0 0 0 1170 0 207712 0 0 0 0 0 0 1177 0
net eno1 0 162525 40340645096 0 0 385 0 0 0 0 0 0 30381988 0 1231488067 0 0 0 0 0 0 5975221 0
net virbr0 0 847 9964827089 0 0 0 0 0 0 0 0 0 39740770 0 38383929203 0 0 0 0 0 0 23528050 0
numa 1 119820677 18781169 10118603 29535 119776356 18825473
numa 0 119074586 10118603 18781169 29710 119072868 10119878
ps - 502947582 418400 606 571 514 5 719
sysv_shm - 0 0
tmpfs /run/lock 0 6
tmpfs /run 2125824 1105
tmpfs /run/user/20029 0 20
tmpfs /run/qemu 0 1
tmpfs /dev/shm 37615726592 105411
vfs - 133949 5104 184273
vm - 4 25324891 440381555 252318 1617408 266386082 310334679 85282779 6618706 221135242 56889 0 0 0 0 0 1811072 0 311878 5997 0 1618108 94 0 3 0 0

1778477703.334374 0 node0.mimesys-workload.ldos-ut-pg0.wisc.cloudlab.us
block sda 641887 211338 50642316 349534 2708097 17784932 880763111 13079494 4 2417396 13717431
block sdb 509 0 7540 473 4 0 0 0 0 600 474
cpu 11 192144 0 56908 2981142 7320 0 5
cpu 10 218560 2 51931 2960728 9487 0 6
cpu 13 186630 0 52501 2991576 6878 0 5
cpu 12 190958 0 51513 2988532 7635 0 2
cpu 15 174922 2 50017 3006071 6776 0 4
cpu 14 168502 0 51432 3011774 6930 0 6
cpu 17 153498 0 49723 3027905 6998 0 2
cpu 16 163426 0 48052 3021629 5962 0 2
cpu 19 134942 0 37202 3060496 6226 0 1
cpu 18 180875 5 36464 3015257 6500 0 2
cpu 1 246413 0 62284 2914891 8675 0 883
cpu 0 269958 45 47463 2881244 10371 0 1160
cpu 3 266632 0 77772 2883522 7928 0 598
cpu 2 261621 0 74888 2889655 9762 0 193
cpu 5 265526 0 79040 2885005 7839 0 456
cpu 4 262270 1 79661 2886268 8313 0 115
cpu 7 208524 0 76724 2944768 6968 0 542
cpu 6 255853 0 77610 2896153 8193 0 329
cpu 9 183912 0 54240 2989703 8015 0 378
cpu 8 185164 0 61842 2982339 6581 0 340
mem 1 99033092 96083384 2949708 374408 1964408 136 0 2106968 1080620 232336 6840 0 0 176220 2048 0 0
mem 0 97636988 55491592 42145396 702340 40218060 264 0 40424556 7935424 499628 28892 0 0 464124 6144 0 0
net vnet45 0 0 409570 0 0 0 0 0 0 0 0 0 2233 0 395579 0 0 0 0 0 0 1893 0
net lo 0 0 4113600 0 0 0 0 0 0 0 0 0 32669 0 4113600 0 0 0 0 0 0 32669 0
net vnet44 0 0 239894 0 0 0 0 0 0 0 0 0 1170 0 207764 0 0 0 0 0 0 1178 0
net eno1 0 162525 40340651660 0 0 385 0 0 0 0 0 0 30382090 0 1231488466 0 0 0 0 0 0 5975225 0
net virbr0 0 847 9964828869 0 0 0 0 0 0 0 0 0 39740781 0 38383930201 0 0 0 0 0 0 23528059 0
numa 1 119829702 18781169 10118603 29535 119785381 18825473
numa 0 119078196 10118603 18781169 29710 119076478 10119878
ps - 502955640 418516 606 571 514 6 719
sysv_shm - 0 0
tmpfs /run/lock 0 6
tmpfs /run 2125824 1105
tmpfs /run/user/20029 0 20
tmpfs /run/qemu 0 1
tmpfs /dev/shm 37615726592 105411
vfs - 133946 5224 184263
vm - 4 25324891 440381943 252318 1617408 266398717 310347671 85282788 6618706 221155003 56889 0 0 0 0 0 1811072 0 311878 5997 0 1618108 94 0 3 0 0

1778477704.373835 0 node0.mimesys-workload.ldos-ut-pg0.wisc.cloudlab.us
block sda 641888 211338 50642572 349535 2708191 17784932 880763943 13079511 0 2417408 13717449
block sdb 509 0 7540 473 4 0 0 0 0 600 474
cpu 11 192212 0 56909 2981172 7320 0 5
cpu 10 218622 2 51934 2960762 9487 0 6
cpu 13 186690 0 52506 2991614 6878 0 5
cpu 12 191032 0 51513 2988562 7635 0 2
cpu 15 174923 2 50019 3006172 6776 0 4
cpu 14 168503 0 51434 3011875 6930 0 6
cpu 17 153500 0 49724 3028007 6998 0 2
cpu 16 163427 0 48055 3021731 5962 0 2
cpu 19 134945 0 37205 3060595 6226 0 1
cpu 18 180878 5 36465 3015358 6500 0 2
cpu 1 246416 0 62287 2914990 8675 0 883
cpu 0 269963 45 47466 2881337 10371 0 1160
cpu 3 266634 0 77773 2883623 7928 0 598
cpu 2 261624 0 74890 2889753 9762 0 193
cpu 5 265528 0 79045 2885102 7839 0 456
cpu 4 262273 1 79662 2886367 8313 0 115
cpu 7 208528 0 76727 2944865 6968 0 542
cpu 6 255855 0 77612 2896253 8194 0 329
cpu 9 183971 0 54243 2989745 8015 0 378
cpu 8 185222 0 61845 2982380 6581 0 340
mem 1 99033092 96095664 2937428 374364 1963704 76 0 2106968 1079928 230996 6876 0 0 176196 2048 0 0
mem 0 97636988 55486540 42150448 702380 40220200 148 0 40424684 7934800 502016 28764 0 0 464044 6144 0 0
net vnet45 0 0 414076 0 0 0 0 0 0 0 0 0 2255 0 399841 0 0 0 0 0 0 1909 0
net lo 0 0 4114767 0 0 0 0 0 0 0 0 0 32677 0 4114767 0 0 0 0 0 0 32677 0
net vnet44 0 0 239894 0 0 0 0 0 0 0 0 0 1170 0 207764 0 0 0 0 0 0 1178 0
net eno1 0 162533 40340658237 0 0 385 0 0 0 0 0 0 30382190 0 1231488966 0 0 0 0 0 0 5975230 0
net virbr0 0 847 9964833067 0 0 0 0 0 0 0 0 0 39740803 0 38383934463 0 0 0 0 0 0 23528075 0
numa 1 119834408 18781169 10118603 29535 119790087 18825473
numa 0 119087777 10118603 18781169 29710 119086059 10119878
ps - 502966197 418638 606 571 514 7 716
sysv_shm - 0 0
tmpfs /run/lock 0 6
tmpfs /run 2125824 1105
tmpfs /run/user/20029 0 20
tmpfs /run/qemu 0 1
tmpfs /dev/shm 37615726592 105411
vfs - 133948 5224 184241
vm - 4 25325019 440381971 252318 1617408 266413005 310361544 85282792 6618706 221177407 56889 0 0 0 0 0 1811072 0 311878 5997 0 1618108 94 0 3 0 0

1778477705.418211 0 node0.mimesys-workload.ldos-ut-pg0.wisc.cloudlab.us
block sda 641888 211338 50642572 349535 2708191 17784932 880763943 13079511 0 2417408 13717449
block sdb 509 0 7540 473 4 0 0 0 0 600 474
cpu 11 192291 0 56910 2981195 7320 0 5
cpu 10 218702 2 51936 2960781 9487 0 6
cpu 13 186763 0 52507 2991640 6878 0 5
cpu 12 191115 0 51514 2988581 7635 0 2
cpu 15 174923 2 50022 3006274 6776 0 4
cpu 14 168504 0 51435 3011977 6930 0 6
cpu 17 153500 0 49726 3028110 6998 0 2
cpu 16 163428 0 48056 3021833 5962 0 2
cpu 19 134947 0 37209 3060693 6226 0 1
cpu 18 180879 5 36467 3015459 6500 0 2
cpu 1 246420 0 62288 2915088 8675 0 883
cpu 0 269966 45 47470 2881433 10371 0 1160
cpu 3 266635 0 77776 2883723 7928 0 598
cpu 2 261625 0 74892 2889854 9762 0 193
cpu 5 265530 0 79047 2885202 7839 0 456
cpu 4 262274 1 79664 2886468 8313 0 115
cpu 7 208530 0 76728 2944966 6968 0 542
cpu 6 255856 0 77614 2896354 8194 0 329
cpu 9 184038 0 54244 2989778 8015 0 378
cpu 8 185295 0 61847 2982404 6581 0 340
mem 1 99033092 96093148 2939944 374340 1963708 100 0 2106968 1080308 231064 6652 0 0 176092 2048 0 0
mem 0 97636988 55496628 42140360 702388 40219376 168 0 40424692 7934688 500636 28692 0 0 464060 6144 0 0
net vnet45 0 0 414710 0 0 0 0 0 0 0 0 0 2262 0 400319 0 0 0 0 0 0 1915 0
net lo 0 0 4115324 0 0 0 0 0 0 0 0 0 32681 0 4115324 0 0 0 0 0 0 32681 0
net vnet44 0 0 239894 0 0 0 0 0 0 0 0 0 1170 0 207886 0 0 0 0 0 0 1180 0
net eno1 0 162533 40340664372 0 0 385 0 0 0 0 0 0 30382279 0 1231489311 0 0 0 0 0 0 5975233 0
net virbr0 0 848 9964833603 0 0 0 0 0 0 0 0 0 39740810 0 38383934889 0 0 0 0 0 0 23528080 0
numa 1 119839547 18781169 10118603 29535 119795226 18825473
numa 0 119095219 10118603 18781169 29710 119093501 10119878
ps - 502973923 418754 606 571 514 2 716
sysv_shm - 0 0
tmpfs /run/lock 0 6
tmpfs /run 2125824 1105
tmpfs /run/user/20029 0 20
tmpfs /run/qemu 0 1
tmpfs /dev/shm 37615726592 105411
vfs - 133948 5184 184261
vm - 4 25325019 440381971 252318 1617408 266425585 310374529 85282795 6618706 221197109 56889 0 0 0 0 0 1811072 0 311878 5997 0 1618108 94 0 3 0 0

1778477706.453287 0 node0.mimesys-workload.ldos-ut-pg0.wisc.cloudlab.us
block sda 641888 211338 50642572 349535 2708217 17784948 880764407 13079525 0 2417424 13717463
block sdb 509 0 7540 473 4 0 0 0 0 600 474
cpu 11 192363 0 56912 2981222 7320 0 5
cpu 10 218782 2 51938 2960802 9487 0 6
cpu 13 186835 0 52508 2991667 6878 0 5
cpu 12 191188 0 51516 2988607 7635 0 2
cpu 15 174924 2 50024 3006375 6776 0 4
cpu 14 168508 0 51437 3012076 6930 0 6
cpu 17 153500 0 49728 3028211 6998 0 2
cpu 16 163428 0 48058 3021934 5962 0 2
cpu 19 134948 0 37210 3060794 6226 0 1
cpu 18 180881 5 36468 3015560 6500 0 2
cpu 1 246426 0 62292 2915181 8675 0 883
cpu 0 269968 45 47473 2881530 10371 0 1160
cpu 3 266641 0 77780 2883816 7928 0 598
cpu 2 261629 0 74894 2889949 9762 0 193
cpu 5 265531 0 79050 2885300 7839 0 456
cpu 4 262276 1 79667 2886565 8313 0 115
cpu 7 208531 0 76730 2945066 6968 0 542
cpu 6 255860 0 77616 2896450 8194 0 329
cpu 9 184121 0 54244 2989797 8015 0 378
cpu 8 185369 0 61848 2982431 6581 0 340
mem 1 99033092 96107192 2925900 374356 1963020 152 0 2106976 1080388 230384 6884 0 0 176092 2048 0 0
mem 0 97636988 55492504 42144484 702388 40219832 220 0 40424692 7934180 501068 28736 0 0 464128 6144 0 0
net vnet45 0 0 419780 0 0 0 0 0 0 0 0 0 2290 0 405007 0 0 0 0 0 0 1936 0
net lo 0 0 4116491 0 0 0 0 0 0 0 0 0 32689 0 4116491 0 0 0 0 0 0 32689 0
net vnet44 0 0 239894 0 0 0 0 0 0 0 0 0 1170 0 207886 0 0 0 0 0 0 1180 0
net eno1 0 162542 40340671183 0 0 385 0 0 0 0 0 0 30382383 0 1231489757 0 0 0 0 0 0 5975237 0
net virbr0 0 848 9964838281 0 0 0 0 0 0 0 0 0 39740838 0 38383939577 0 0 0 0 0 0 23528101 0
numa 1 119844913 18781169 10118603 29535 119800592 18825473
numa 0 119104177 10118603 18781169 29710 119102459 10119878
ps - 502982606 418876 605 571 515 7 716
sysv_shm - 0 0
tmpfs /run/lock 0 6
tmpfs /run 2125824 1105
tmpfs /run/user/20029 0 20
tmpfs /run/qemu 0 1
tmpfs /dev/shm 37615726592 105411
vfs - 133946 5224 184245
vm - 4 25325019 440382203 252318 1617408 266439911 310388888 85282796 6618706 221219600 56889 0 0 0 0 0 1811072 0 311878 5997 0 1618108 94 0 3 0 0

1778477707.494621 0 node0.mimesys-workload.ldos-ut-pg0.wisc.cloudlab.us
block sda 641888 211338 50642572 349535 2708217 17784948 880764407 13079525 0 2417424 13717463
block sdb 509 0 7540 473 4 0 0 0 0 600 474
cpu 11 192441 0 56913 2981246 7320 0 5
cpu 10 218851 2 51940 2960831 9487 0 6
cpu 13 186914 0 52508 2991691 6878 0 5
cpu 12 191264 0 51518 2988629 7635 0 2
cpu 15 174926 2 50025 3006476 6776 0 4
cpu 14 168508 0 51439 3012177 6930 0 6
cpu 17 153501 0 49730 3028312 6998 0 2
cpu 16 163429 0 48061 3022035 5962 0 2
cpu 19 134951 0 37213 3060892 6226 0 1
cpu 18 180882 5 36470 3015660 6500 0 2
cpu 1 246429 0 62292 2915280 8675 0 883
cpu 0 269970 45 47478 2881626 10371 0 1160
cpu 3 266642 0 77781 2883917 7928 0 598
cpu 2 261630 0 74896 2890049 9762 0 193
cpu 5 265532 0 79053 2885400 7839 0 456
cpu 4 262284 1 79672 2886657 8313 0 115
cpu 7 208532 0 76732 2945167 6968 0 542
cpu 6 255861 0 77618 2896550 8194 0 329
cpu 9 184195 0 54247 2989823 8015 0 378
cpu 8 185447 0 61849 2982455 6581 0 340
mem 1 99033092 96101664 2931428 374396 1965104 124 0 2106976 1080452 232740 7632 0 0 176136 2048 0 0
mem 0 97636988 55486716 42150272 702384 40219268 216 0 40424696 7934988 500940 28536 0 0 464264 6144 0 0
net vnet45 0 0 422718 0 0 0 0 0 0 0 0 0 2304 0 408749 0 0 0 0 0 0 1949 0
net lo 0 0 4117658 0 0 0 0 0 0 0 0 0 32697 0 4117658 0 0 0 0 0 0 32697 0
net vnet44 0 0 239894 0 0 0 0 0 0 0 0 0 1170 0 207938 0 0 0 0 0 0 1181 0
net eno1 0 162542 40340677394 0 0 385 0 0 0 0 0 0 30382476 0 1231490203 0 0 0 0 0 0 5975241 0
net virbr0 0 848 9964841023 0 0 0 0 0 0 0 0 0 39740852 0 38383943267 0 0 0 0 0 0 23528113 0
numa 1 119852138 18781169 10118603 29535 119807817 18825473
numa 0 119111761 10118603 18781169 29710 119110043 10119878
ps - 502991060 419001 605 571 515 6 716
sysv_shm - 0 0
tmpfs /run/lock 0 6
tmpfs /run 2125824 1105
tmpfs /run/user/20029 0 20
tmpfs /run/qemu 0 1
tmpfs /dev/shm 37615726592 105411
vfs - 133947 5184 184245
vm - 4 25325019 440382203 252318 1617408 266454719 310403321 85282804 6618706 221242545 56889 0 0 0 0 0 1811072 0 311878 5997 0 1618108 94 0 3 0 0

1778477708.532787 0 node0.mimesys-workload.ldos-ut-pg0.wisc.cloudlab.us
block sda 641888 211338 50642572 349535 2708299 17784948 880765151 13079536 0 2417428 13717475
block sdb 509 0 7540 473 4 0 0 0 0 600 474
cpu 11 192514 0 56914 2981272 7320 0 5
cpu 10 218932 2 51940 2960852 9487 0 6
cpu 13 186991 0 52510 2991714 6878 0 5
cpu 12 191340 0 51520 2988653 7635 0 2
cpu 15 174926 2 50026 3006577 6776 0 4
cpu 14 168509 0 51440 3012278 6930 0 6
cpu 17 153502 0 49730 3028414 6998 0 2
cpu 16 163429 0 48063 3022137 5962 0 2
cpu 19 134954 0 37216 3060990 6226 0 1
cpu 18 180882 5 36472 3015762 6500 0 2
cpu 1 246430 0 62294 2915379 8675 0 883
cpu 0 269973 45 47480 2881725 10371 0 1160
cpu 3 266644 0 77782 2884016 7928 0 598
cpu 2 261631 0 74898 2890149 9762 0 193
cpu 5 265536 0 79054 2885499 7839 0 456
cpu 4 262286 1 79675 2886755 8313 0 115
cpu 7 208533 0 76734 2945267 6968 0 542
cpu 6 255863 0 77621 2896650 8194 0 329
cpu 9 184275 0 54250 2989842 8015 0 378
cpu 8 185522 0 61850 2982480 6581 0 340
mem 1 99033092 96097384 2935708 374364 1963988 8 0 2106980 1080564 231612 7160 0 0 176312 2048 0 0
mem 0 97636988 55496176 42140812 702388 40218724 16 0 40424696 7934320 499960 29080 0 0 464356 6144 0 0
net vnet45 0 0 424652 0 0 0 0 0 0 0 0 0 2315 0 409799 0 0 0 0 0 0 1959 0
net lo 0 0 4118215 0 0 0 0 0 0 0 0 0 32701 0 4118215 0 0 0 0 0 0 32701 0
net vnet44 0 0 239894 0 0 0 0 0 0 0 0 0 1170 0 207990 0 0 0 0 0 0 1182 0
net eno1 0 162559 40340684651 0 0 385 0 0 0 0 0 0 30382590 0 1231490602 0 0 0 0 0 0 5975245 0
net virbr0 0 848 9964842803 0 0 0 0 0 0 0 0 0 39740863 0 38383944265 0 0 0 0 0 0 23528122 0
numa 1 119857562 18781169 10118603 29535 119813241 18825473
numa 0 119119144 10118603 18781169 29710 119117426 10119878
ps - 502999534 419118 605 571 515 6 716
sysv_shm - 0 0
tmpfs /run/lock 0 6
tmpfs /run 2125824 1105
tmpfs /run/user/20029 0 20
tmpfs /run/qemu 0 1
tmpfs /dev/shm 37615726592 105411
vfs - 133948 5184 184261
vm - 4 25325019 440382575 252318 1617408 266467525 310416437 85282807 6618706 221262537 56889 0 0 0 0 0 1811072 0 311878 5997 0 1618108 94 0 3 0 0

1778477709.573790 0 node0.mimesys-workload.ldos-ut-pg0.wisc.cloudlab.us
block sda 641889 211338 50642700 349535 2708301 17784948 880765175 13079538 0 2417440 13717477
block sdb 509 0 7540 473 4 0 0 0 0 600 474
cpu 11 192590 0 56916 2981297 7320 0 5
cpu 10 219019 2 51941 2960868 9487 0 6
cpu 13 187069 0 52512 2991736 6878 0 5
cpu 12 191417 0 51522 2988675 7635 0 2
cpu 15 174928 2 50028 3006676 6776 0 4
cpu 14 168510 0 51442 3012379 6930 0 6
cpu 17 153502 0 49732 3028516 6998 0 2
cpu 16 163430 0 48065 3022239 5962 0 2
cpu 19 134955 0 37219 3061091 6226 0 1
cpu 18 180883 5 36474 3015863 6500 0 2
cpu 1 246432 0 62296 2915478 8676 0 884
cpu 0 269978 45 47484 2881820 10371 0 1160
cpu 3 266645 0 77784 2884114 7928 0 598
cpu 2 261635 0 74900 2890246 9762 0 193
cpu 5 265538 0 79059 2885598 7839 0 456
cpu 4 262288 1 79678 2886855 8313 0 115
cpu 7 208536 0 76736 2945367 6968 0 542
cpu 6 255865 0 77623 2896749 8194 0 329
cpu 9 184344 0 54251 2989872 8015 0 378
cpu 8 185612 0 61850 2982494 6581 0 340
mem 1 99033092 96090332 2942760 374424 1966588 76 0 2106980 1080616 234212 7880 0 0 176288 2048 0 0
mem 0 97636988 55520392 42116596 702360 40217432 140 0 40424700 7934828 498564 27964 0 0 464372 6144 0 0
net vnet45 0 0 427788 0 0 0 0 0 0 0 0 0 2332 0 413489 0 0 0 0 0 0 1971 0
net lo 0 0 4119382 0 0 0 0 0 0 0 0 0 32709 0 4119382 0 0 0 0 0 0 32709 0
net vnet44 0 0 239894 0 0 0 0 0 0 0 0 0 1170 0 207990 0 0 0 0 0 0 1182 0
net eno1 0 162559 40340690442 0 0 385 0 0 0 0 0 0 30382677 0 1231491048 0 0 0 0 0 0 5975249 0
net virbr0 0 848 9964845701 0 0 0 0 0 0 0 0 0 39740880 0 38383947955 0 0 0 0 0 0 23528134 0
numa 1 119864305 18781169 10118603 29535 119819984 18825473
numa 0 119126561 10118603 18781169 29710 119124843 10119878
ps - 503007339 419239 605 571 515 5 716
sysv_shm - 0 0
tmpfs /run/lock 0 6
tmpfs /run 2125824 1105
tmpfs /run/user/20029 0 20
tmpfs /run/qemu 0 1
tmpfs /dev/shm 37615726592 105411
vfs - 133948 5264 184247
vm - 4 25325083 440382587 252318 1617408 266481685 310430241 85282811 6618706 221284758 56890 0 0 0 0 0 1811072 0 311878 5997 0 1618108 94 0 3 0 0

1778477710.612336 0 node0.mimesys-workload.ldos-ut-pg0.wisc.cloudlab.us
block sda 641889 211338 50642700 349535 2708307 17784959 880765311 13079539 0 2417448 13717477
block sdb 509 0 7540 473 4 0 0 0 0 600 474
cpu 11 192666 0 56919 2981320 7320 0 5
cpu 10 219103 2 51943 2960886 9487 0 6
cpu 13 187140 0 52514 2991761 6878 0 5
cpu 12 191494 0 51524 2988699 7635 0 2
cpu 15 174931 2 50029 3006777 6776 0 4
cpu 14 168511 0 51443 3012479 6930 0 6
cpu 17 153504 0 49734 3028617 6998 0 2
cpu 16 163431 0 48066 3022340 5962 0 2
cpu 19 134957 0 37223 3061189 6226 0 1
cpu 18 180885 5 36475 3015964 6500 0 2
cpu 1 246434 0 62298 2915578 8676 0 884
cpu 0 269979 45 47486 2881919 10371 0 1160
cpu 3 266647 0 77786 2884213 7928 0 598
cpu 2 261636 0 74902 2890347 9762 0 193
cpu 5 265541 0 79061 2885696 7839 0 456
cpu 4 262290 1 79679 2886955 8313 0 115
cpu 7 208538 0 76738 2945467 6968 0 542
cpu 6 255867 0 77624 2896850 8194 0 329
cpu 9 184426 0 54251 2989889 8015 0 378
cpu 8 185697 0 61850 2982510 6581 0 340
mem 1 99033092 96091096 2941996 374408 1965016 108 0 2106984 1080508 232644 7600 0 0 176496 2048 0 0
mem 0 97636988 55522408 42114580 702356 40216984 172 0 40424764 7934248 497932 28140 0 0 464380 6144 0 0
net vnet45 0 0 429722 0 0 0 0 0 0 0 0 0 2343 0 414539 0 0 0 0 0 0 1981 0
net lo 0 0 4119939 0 0 0 0 0 0 0 0 0 32713 0 4119939 0 0 0 0 0 0 32713 0
net vnet44 0 0 239894 0 0 0 0 0 0 0 0 0 1170 0 208042 0 0 0 0 0 0 1183 0
net eno1 0 162568 40340696919 0 0 385 0 0 0 0 0 0 30382777 0 1231491393 0 0 0 0 0 0 5975252 0
net virbr0 0 848 9964847481 0 0 0 0 0 0 0 0 0 39740891 0 38383948953 0 0 0 0 0 0 23528143 0
numa 1 119871175 18781169 10118603 29535 119826854 18825473
numa 0 119132329 10118603 18781169 29710 119130611 10119878
ps - 503015642 419355 605 571 515 7 716
sysv_shm - 0 0
tmpfs /run/lock 0 6
tmpfs /run 2125824 1105
tmpfs /run/user/20029 0 20
tmpfs /run/qemu 0 1
tmpfs /dev/shm 37615726592 105411
vfs - 133946 5224 184245
vm - 4 25325083 440382655 252318 1617408 266494327 310443217 85282815 6618706 221304554 56890 0 0 0 0 0 1811072 0 311878 5997 0 1618108 94 0 3 0 0

1778477711.650476 0 node0.mimesys-workload.ldos-ut-pg0.wisc.cloudlab.us
block sda 641889 211338 50642700 349535 2708330 17784959 880765695 13079546 0 2417464 13717485
block sdb 509 0 7540 473 4 0 0 0 0 600 474
cpu 11 192750 0 56919 2981337 7320 0 5
cpu 10 219185 2 51944 2960906 9487 0 6
cpu 13 187218 0 52516 2991783 6878 0 5
cpu 12 191568 0 51528 2988724 7635 0 2
cpu 15 174933 2 50030 3006877 6776 0 4
cpu 14 168512 0 51445 3012580 6930 0 6
cpu 17 153504 0 49736 3028718 6998 0 2
cpu 16 163431 0 48069 3022441 5962 0 2
cpu 19 134959 0 37227 3061286 6226 0 1
cpu 18 180886 5 36478 3016064 6500 0 2
cpu 1 246435 0 62300 2915678 8676 0 884
cpu 0 269980 45 47488 2882018 10371 0 1160
cpu 3 266652 0 77790 2884307 7928 0 598
cpu 2 261638 0 74903 2890446 9762 0 193
cpu 5 265542 0 79063 2885796 7839 0 456
cpu 4 262296 1 79680 2887051 8313 0 115
cpu 7 208539 0 76739 2945568 6968 0 542
cpu 6 255868 0 77626 2896951 8194 0 329
cpu 9 184514 0 54252 2989904 8015 0 378
cpu 8 185770 0 61850 2982535 6581 0 340
mem 1 99033092 96088828 2944264 374428 1965052 120 0 2106996 1080516 232596 7560 0 0 176432 2048 0 0
mem 0 97636988 55517872 42119116 702340 40218428 192 0 40424764 7935056 499912 28228 0 0 464300 6144 0 0
net vnet45 0 0 433826 0 0 0 0 0 0 0 0 0 2359 0 418699 0 0 0 0 0 0 1996 0
net lo 0 0 4121106 0 0 0 0 0 0 0 0 0 32721 0 4121106 0 0 0 0 0 0 32721 0
net vnet44 0 0 239894 0 0 0 0 0 0 0 0 0 1170 0 208042 0 0 0 0 0 0 1183 0
net eno1 0 162568 40340703850 0 0 385 0 0 0 0 0 0 30382883 0 1231491839 0 0 0 0 0 0 5975256 0
net virbr0 0 848 9964851347 0 0 0 0 0 0 0 0 0 39740908 0 38383953113 0 0 0 0 0 0 23528158 0
numa 1 119879886 18781169 10118603 29535 119835565 18825473
numa 0 119137937 10118603 18781169 29710 119136219 10119878
ps - 503024470 419481 605 572 515 5 718
sysv_shm - 0 0
tmpfs /run/lock 0 6
tmpfs /run 2125824 1105
tmpfs /run/user/20029 0 20
tmpfs /run/qemu 0 1
tmpfs /dev/shm 37615726592 105411
vfs - 133948 5224 184275
vm - 4 25325083 440382847 252318 1617408 266508643 310457097 85282825 6618706 221326874 56890 0 0 0 0 0 1811072 0 311878 5997 0 1618108 94 0 3 0 0

1778477712.686006 0 node0.mimesys-workload.ldos-ut-pg0.wisc.cloudlab.us
block sda 641889 211338 50642700 349535 2708330 17784959 880765695 13079546 0 2417464 13717485
block sdb 509 0 7540 473 4 0 0 0 0 600 474
cpu 11 192818 0 56921 2981369 7320 0 5
cpu 10 219251 2 51944 2960941 9487 0 6
cpu 13 187288 0 52519 2991814 6878 0 5
cpu 12 191629 0 51530 2988760 7635 0 2
cpu 15 174934 2 50031 3006979 6776 0 4
cpu 14 168513 0 51449 3012680 6930 0 6
cpu 17 153505 0 49736 3028820 6998 0 2
cpu 16 163431 0 48070 3022543 5962 0 2
cpu 19 134960 0 37228 3061388 6226 0 1
cpu 18 180886 5 36480 3016166 6500 0 2
cpu 1 246438 0 62303 2915775 8676 0 884
cpu 0 269984 45 47488 2882116 10371 0 1160
cpu 3 266654 0 77792 2884406 7928 0 598
cpu 2 261640 0 74905 2890545 9762 0 193
cpu 5 265546 0 79064 2885894 7839 0 456
cpu 4 262298 1 79682 2887150 8313 0 115
cpu 7 208540 0 76742 2945668 6968 0 542
cpu 6 255869 0 77627 2897050 8194 0 329
cpu 9 184577 0 54257 2989938 8015 0 378
cpu 8 185829 0 61852 2982576 6581 0 340
mem 1 99033092 96086816 2946276 374376 1963752 132 0 2106996 1080468 231248 7108 0 0 176376 2048 0 0
mem 0 97636988 55514344 42122644 702384 40218096 212 0 40424764 7934252 499688 28696 0 0 464268 6144 0 0
net vnet45 0 0 434594 0 0 0 0 0 0 0 0 0 2368 0 419279 0 0 0 0 0 0 2003 0
net lo 0 0 4121663 0 0 0 0 0 0 0 0 0 32725 0 4121663 0 0 0 0 0 0 32725 0
net vnet44 0 0 239894 0 0 0 0 0 0 0 0 0 1170 0 208094 0 0 0 0 0 0 1184 0
net eno1 0 162576 40340710507 0 0 385 0 0 0 0 0 0 30382986 0 1231492184 0 0 0 0 0 0 5975259 0
net virbr0 0 848 9964852003 0 0 0 0 0 0 0 0 0 39740916 0 38383953641 0 0 0 0 0 0 23528164 0
numa 1 119883680 18781169 10118603 29535 119839359 18825473
numa 0 119146640 10118603 18781169 29710 119144922 10119878
ps - 503033183 419597 605 572 515 4 718
sysv_shm - 0 0
tmpfs /run/lock 0 6
tmpfs /run 2125824 1105
tmpfs /run/user/20029 0 20
tmpfs /run/qemu 0 1
tmpfs /dev/shm 37615726592 105411
vfs - 133944 5304 184257
vm - 4 25325083 440382847 252318 1617408 266521139 310470040 85282830 6618706 221346586 56890 0 0 0 0 0 1811072 0 311878 5997 0 1618108 94 0 3 0 0

1778477713.725853 0 node0.mimesys-workload.ldos-ut-pg0.wisc.cloudlab.us
block sda 641889 211338 50642700 349535 2708412 17784959 880766447 13079558 0 2417468 13717497
block sdb 509 0 7540 473 4 0 0 0 0 600 474
cpu 11 192902 0 56923 2981387 7320 0 5
cpu 10 219332 2 51945 2960964 9487 0 6
cpu 13 187363 0 52521 2991837 6878 0 5
cpu 12 191704 0 51531 2988784 7635 0 2
cpu 15 174934 2 50032 3007081 6776 0 4
cpu 14 168514 0 51450 3012781 6930 0 6
cpu 17 153505 0 49736 3028923 6998 0 2
cpu 16 163432 0 48070 3022645 5962 0 2
cpu 19 134960 0 37231 3061487 6226 0 1
cpu 18 180886 5 36480 3016269 6500 0 2
cpu 1 246448 0 62306 2915867 8676 0 884
cpu 0 269986 45 47491 2882215 10371 0 1160
cpu 3 266658 0 77796 2884503 7928 0 598
cpu 2 261642 0 74906 2890643 9762 0 193
cpu 5 265548 0 79068 2885992 7839 0 456
cpu 4 262300 1 79685 2887249 8313 0 115
cpu 7 208542 0 76745 2945767 6968 0 542
cpu 6 255872 0 77630 2897147 8194 0 329
cpu 9 184661 0 54257 2989956 8015 0 378
cpu 8 185897 0 61854 2982605 6581 0 340
mem 1 99033092 96085080 2948012 374368 1962792 12 0 2106996 1080476 230204 6916 0 0 176472 2048 0 0
mem 0 97636988 55521788 42115200 702412 40219980 12 0 40424772 7934516 500696 28916 0 0 464612 6144 0 0
net vnet45 0 0 439598 0 0 0 0 0 0 0 0 0 2395 0 423967 0 0 0 0 0 0 2024 0
net lo 0 0 4122830 0 0 0 0 0 0 0 0 0 32733 0 4122830 0 0 0 0 0 0 32733 0
net vnet44 0 0 239894 0 0 0 0 0 0 0 0 0 1170 0 208094 0 0 0 0 0 0 1184 0
net eno1 0 162576 40340716118 0 0 385 0 0 0 0 0 0 30383070 0 1231492630 0 0 0 0 0 0 5975263 0
net virbr0 0 848 9964856629 0 0 0 0 0 0 0 0 0 39740943 0 38383958329 0 0 0 0 0 0 23528185 0
numa 1 119885786 18781169 10118603 29535 119841465 18825473
numa 0 119158949 10118603 18781169 29710 119157231 10119878
ps - 503039834 419719 605 572 515 4 718
sysv_shm - 0 0
tmpfs /run/lock 0 6
tmpfs /run 2125824 1105
tmpfs /run/user/20029 0 20
tmpfs /run/qemu 0 1
tmpfs /dev/shm 37615726592 105411
vfs - 133944 5304 184257
vm - 4 25325083 440383223 252318 1617408 266535555 310484351 85282834 6618706 221369118 56890 0 0 0 0 0 1811072 0 311878 5997 0 1618108 94 0 3 0 0

1778477714.755295 0 node0.mimesys-workload.ldos-ut-pg0.wisc.cloudlab.us
block sda 641889 211338 50642700 349535 2708412 17784959 880766447 13079558 0 2417468 13717497
block sdb 509 0 7540 473 4 0 0 0 0 600 474
cpu 11 192972 0 56926 2981415 7320 0 5
cpu 10 219405 2 51947 2960986 9487 0 6
cpu 13 187436 0 52523 2991861 6878 0 5
cpu 12 191780 0 51534 2988810 7635 0 2
cpu 15 174936 2 50036 3007177 6776 0 4
cpu 14 168516 0 51453 3012880 6930 0 6
cpu 17 153505 0 49739 3029023 6998 0 2
cpu 16 163433 0 48071 3022745 5962 0 2
cpu 19 134962 0 37235 3061583 6226 0 1
cpu 18 180889 5 36482 3016366 6500 0 2
cpu 1 246450 0 62307 2915966 8676 0 884
cpu 0 269989 45 47492 2882312 10371 0 1160
cpu 3 266659 0 77798 2884603 7928 0 598
cpu 2 261646 0 74908 2890741 9762 0 193
cpu 5 265550 0 79068 2886092 7839 0 456
cpu 4 262302 1 79687 2887349 8313 0 115
cpu 7 208544 0 76746 2945867 6968 0 542
cpu 6 255872 0 77632 2897247 8194 0 329
cpu 9 184739 0 54257 2989982 8015 0 378
cpu 8 185974 0 61855 2982629 6581 0 340
mem 1 99033092 96077016 2956076 374388 1967252 80 0 2106996 1080852 235196 7332 0 0 176360 2048 0 0
mem 0 97636988 55519780 42117208 702376 40217576 136 0 40424772 7934988 498732 28584 0 0 464404 6144 0 0
net vnet45 0 0 441626 0 0 0 0 0 0 0 0 0 2402 0 426049 0 0 0 0 0 0 2031 0
net lo 0 0 4123997 0 0 0 0 0 0 0 0 0 32741 0 4123997 0 0 0 0 0 0 32741 0
net vnet44 0 0 239894 0 0 0 0 0 0 0 0 0 1170 0 208146 0 0 0 0 0 0 1185 0
net eno1 0 162588 40340722869 0 0 385 0 0 0 0 0 0 30383173 0 1231493076 0 0 0 0 0 0 5975267 0
net virbr0 0 848 9964858611 0 0 0 0 0 0 0 0 0 39740950 0 38383960551 0 0 0 0 0 0 23528192 0
numa 1 119895447 18781169 10118603 29535 119851126 18825473
numa 0 119163435 10118603 18781169 29710 119161717 10119878
ps - 503048683 419840 605 572 515 7 715
sysv_shm - 0 0
tmpfs /run/lock 0 6
tmpfs /run 2125824 1105
tmpfs /run/user/20029 0 20
tmpfs /run/qemu 0 1
tmpfs /dev/shm 37615726592 105411
vfs - 133944 5304 184246
vm - 4 25325083 440383223 252318 1617408 266549701 310498260 85282836 6618706 221391312 56890 0 0 0 0 0 1811072 0 311878 5997 0 1618108 94 0 3 0 0

1778477715.796544 0 node0.mimesys-workload.ldos-ut-pg0.wisc.cloudlab.us
block sda 641889 211338 50642700 349535 2708424 17784972 880766655 13079561 0 2417476 13717500
block sdb 509 0 7540 473 4 0 0 0 0 600 474
cpu 11 193054 0 56927 2981433 7320 0 5
cpu 10 219485 2 51948 2961006 9487 0 6
cpu 13 187506 0 52524 2991888 6878 0 5
cpu 12 191852 0 51534 2988834 7635 0 2
cpu 15 174936 2 50037 3007279 6776 0 4
cpu 14 168516 0 51454 3012982 6930 0 6
cpu 17 153506 0 49740 3029124 6998 0 2
cpu 16 163434 0 48073 3022847 5962 0 2
cpu 19 134965 0 37238 3061682 6226 0 1
cpu 18 180890 5 36483 3016469 6500 0 2
cpu 1 246451 0 62310 2916065 8676 0 884
cpu 0 269991 45 47495 2882410 10371 0 1160
cpu 3 266661 0 77800 2884702 7928 0 598
cpu 2 261649 0 74910 2890839 9762 0 193
cpu 5 265553 0 79072 2886189 7839 0 456
cpu 4 262303 1 79689 2887450 8313 0 115
cpu 7 208545 0 76749 2945966 6968 0 542
cpu 6 255874 0 77634 2897348 8194 0 329
cpu 9 184815 0 54258 2990008 8015 0 378
cpu 8 186052 0 61858 2982651 6581 0 340
mem 1 99033092 96089800 2943292 374376 1963092 128 0 2107008 1080472 230556 6956 0 0 176320 2048 0 0
mem 0 97636988 55516008 42120980 702404 40218764 180 0 40424772 7934248 500384 28860 0 0 464244 6144 0 0
net vnet45 0 0 444470 0 0 0 0 0 0 0 0 0 2420 0 428707 0 0 0 0 0 0 2046 0
net lo 0 0 4124554 0 0 0 0 0 0 0 0 0 32745 0 4124554 0 0 0 0 0 0 32745 0
net vnet44 0 0 239894 0 0 0 0 0 0 0 0 0 1170 0 208146 0 0 0 0 0 0 1185 0
net eno1 0 162588 40340728632 0 0 385 0 0 0 0 0 0 30383261 0 1231493475 0 0 0 0 0 0 5975271 0
net virbr0 0 848 9964861151 0 0 0 0 0 0 0 0 0 39740968 0 38383963017 0 0 0 0 0 0 23528206 0
numa 1 119898864 18781169 10118603 29535 119854543 18825473
numa 0 119172714 10118603 18781169 29710 119170996 10119878
ps - 503056741 419956 604 572 516 5 715
sysv_shm - 0 0
tmpfs /run/lock 0 6
tmpfs /run 2125824 1105
tmpfs /run/user/20029 0 20
tmpfs /run/qemu 0 1
tmpfs /dev/shm 37615726592 105411
vfs - 133958 5264 184375
vm - 4 25325083 440383327 252318 1617408 266562399 310511263 85282840 6618706 221411103 56890 0 0 0 0 0 1811072 0 311878 5997 0 1618108 94 0 3 0 0

1778477716.836462 0 node0.mimesys-workload.ldos-ut-pg0.wisc.cloudlab.us
block sda 641889 211338 50642700 349535 2708441 17784972 880766871 13079568 0 2417488 13717507
block sdb 509 0 7540 473 4 0 0 0 0 600 474
cpu 11 193134 0 56927 2981455 7320 0 5
cpu 10 219566 2 51948 2961027 9487 0 6
cpu 13 187579 0 52526 2991914 6878 0 5
cpu 12 191931 0 51536 2988856 7635 0 2
cpu 15 174938 2 50038 3007381 6776 0 4
cpu 14 168516 0 51456 3013084 6930 0 6
cpu 17 153507 0 49741 3029227 6998 0 2
cpu 16 163434 0 48074 3022950 5962 0 2
cpu 19 134968 0 37238 3061783 6226 0 1
cpu 18 180891 5 36484 3016571 6500 0 2
cpu 1 246454 0 62312 2916164 8676 0 884
cpu 0 269997 45 47497 2882503 10371 0 1160
cpu 3 266663 0 77803 2884801 7928 0 598
cpu 2 261653 0 74912 2890937 9762 0 193
cpu 5 265554 0 79074 2886288 7839 0 456
cpu 4 262307 1 79692 2887547 8313 0 115
cpu 7 208549 0 76753 2946062 6968 0 542
cpu 6 255876 0 77638 2897445 8194 0 329
cpu 9 184887 0 54260 2990033 8015 0 378
cpu 8 186131 0 61860 2982673 6581 0 340
mem 1 99033092 96087540 2945552 374380 1962708 128 0 2107008 1080192 230096 6792 0 0 176296 2048 0 0
mem 0 97636988 55527988 42109000 702400 40221296 192 0 40424772 7934888 502556 29064 0 0 464316 6144 0 0
net vnet45 0 0 448448 0 0 0 0 0 0 0 0 0 2438 0 432449 0 0 0 0 0 0 2059 0
net lo 0 0 4125721 0 0 0 0 0 0 0 0 0 32753 0 4125721 0 0 0 0 0 0 32753 0
net vnet44 0 0 239894 0 0 0 0 0 0 0 0 0 1170 0 208198 0 0 0 0 0 0 1186 0
net eno1 0 162599 40340736015 0 0 385 0 0 0 0 0 0 30383370 0 1231493921 0 0 0 0 0 0 5975275 0
net virbr0 0 848 9964864877 0 0 0 0 0 0 0 0 0 39740986 0 38383966707 0 0 0 0 0 0 23528218 0
numa 1 119902538 18781169 10118603 29535 119858217 18825473
numa 0 119183379 10118603 18781169 29710 119181661 10119878
ps - 503065282 420078 604 572 516 8 715
sysv_shm - 0 0
tmpfs /run/lock 0 6
tmpfs /run 2125824 1105
tmpfs /run/user/20029 0 20
tmpfs /run/qemu 0 1
tmpfs /dev/shm 37615726592 105411
vfs - 133944 5304 184239
vm - 4 25325083 440383435 252318 1617408 266576794 310525249 85282842 6618706 221433637 56890 0 0 0 0 0 1811072 0 311878 5997 0 1618108 94 0 3 0 0

1778477717.877942 0 node0.mimesys-workload.ldos-ut-pg0.wisc.cloudlab.us
block sda 641889 211338 50642700 349535 2708441 17784972 880766871 13079568 0 2417488 13717507
block sdb 509 0 7540 473 4 0 0 0 0 600 474
cpu 11 193198 0 56928 2981487 7320 0 5
cpu 10 219642 2 51949 2961052 9487 0 6
cpu 13 187661 0 52528 2991933 6878 0 5
cpu 12 192003 0 51538 2988884 7635 0 2
cpu 15 174938 2 50039 3007484 6776 0 4
cpu 14 168517 0 51457 3013186 6930 0 6
cpu 17 153508 0 49742 3029329 6998 0 2
cpu 16 163434 0 48075 3023052 5962 0 2
cpu 19 134970 0 37240 3061882 6226 0 1
cpu 18 180891 5 36486 3016673 6500 0 2
cpu 1 246456 0 62314 2916264 8676 0 884
cpu 0 269999 45 47501 2882601 10371 0 1160
cpu 3 266665 0 77805 2884900 7928 0 598
cpu 2 261656 0 74916 2891034 9762 0 193
cpu 5 265557 0 79076 2886388 7839 0 456
cpu 4 262308 1 79694 2887647 8313 0 115
cpu 7 208550 0 76754 2946163 6968 0 542
cpu 6 255878 0 77642 2897541 8194 0 329
cpu 9 184964 0 54260 2990060 8015 0 378
cpu 8 186209 0 61862 2982698 6581 0 340
mem 1 99033092 96092584 2940508 374388 1963240 136 0 2107008 1080152 230696 7132 0 0 176384 2048 0 0
mem 0 97636988 55526988 42110000 702400 40218736 212 0 40424776 7934304 499908 28540 0 0 464408 6144 0 0
net vnet45 0 0 449540 0 0 0 0 0 0 0 0 0 2448 0 433447 0 0 0 0 0 0 2068 0
net lo 0 0 4126278 0 0 0 0 0 0 0 0 0 32757 0 4126278 0 0 0 0 0 0 32757 0
net vnet44 0 0 239894 0 0 0 0 0 0 0 0 0 1170 0 208198 0 0 0 0 0 0 1186 0
net eno1 0 162599 40340743038 0 0 385 0 0 0 0 0 0 30383479 0 1231494320 0 0 0 0 0 0 5975279 0
net virbr0 0 848 9964865829 0 0 0 0 0 0 0 0 0 39740996 0 38383967705 0 0 0 0 0 0 23528227 0
numa 1 119905712 18781169 10118603 29535 119861391 18825473
numa 0 119193920 10118603 18781169 29710 119192202 10119878
ps - 503073618 420203 604 572 516 7 715
sysv_shm - 0 0
tmpfs /run/lock 0 6
tmpfs /run 2125824 1105
tmpfs /run/user/20029 0 20
tmpfs /run/qemu 0 1
tmpfs /dev/shm 37615726592 105411
vfs - 133945 5304 184248
vm - 4 25325083 440383435 252318 1617408 266590468 310539302 85282846 6618706 221454754 56890 0 0 0 0 0 1811072 0 311878 5997 0 1618108 94 0 3 0 0

1778477718.917620 0 node0.mimesys-workload.ldos-ut-pg0.wisc.cloudlab.us
block sda 641889 211338 50642700 349535 2708441 17784972 880766871 13079568 0 2417488 13717507
block sdb 509 0 7540 473 4 0 0 0 0 600 474
cpu 11 193274 0 56930 2981511 7320 0 5
cpu 10 219723 2 51950 2961072 9487 0 6
cpu 13 187737 0 52530 2991955 6878 0 5
cpu 12 192078 0 51538 2988911 7635 0 2
cpu 15 174938 2 50041 3007586 6776 0 4
cpu 14 168517 0 51460 3013288 6930 0 6
cpu 17 153508 0 49744 3029431 6998 0 2
cpu 16 163434 0 48077 3023154 5962 0 2
cpu 19 134972 0 37244 3061980 6226 0 1
cpu 18 180894 5 36488 3016773 6500 0 2
cpu 1 246459 0 62317 2916363 8676 0 884
cpu 0 270001 45 47503 2882700 10371 0 1160
cpu 3 266666 0 77806 2885001 7928 0 598
cpu 2 261662 0 74917 2891131 9762 0 193
cpu 5 265558 0 79078 2886489 7839 0 456
cpu 4 262308 1 79696 2887748 8313 0 115
cpu 7 208552 0 76756 2946263 6968 0 542
cpu 6 255880 0 77645 2897641 8194 0 329
cpu 9 185047 0 54261 2990080 8015 0 378
cpu 8 186289 0 61862 2982719 6581 0 340
mem 1 99033092 96088808 2944284 374420 1965916 152 0 2107012 1080428 233340 6952 0 0 176336 2048 0 0
mem 0 97636988 55523964 42113024 702352 40216748 252 0 40424776 7935016 497896 28524 0 0 464440 6144 0 0
net vnet45 0 0 454478 0 0 0 0 0 0 0 0 0 2474 0 438187 0 0 0 0 0 0 2090 0
net lo 0 0 4127445 0 0 0 0 0 0 0 0 0 32765 0 4127445 0 0 0 0 0 0 32765 0
net vnet44 0 0 239894 0 0 0 0 0 0 0 0 0 1170 0 208250 0 0 0 0 0 0 1187 0
net eno1 0 162607 40340750329 0 0 385 0 0 0 0 0 0 30383591 0 1231494766 0 0 0 0 0 0 5975283 0
net virbr0 0 848 9964870403 0 0 0 0 0 0 0 0 0 39741022 0 38383972393 0 0 0 0 0 0 23528248 0
numa 1 119916279 18781169 10118603 29535 119871958 18825473
numa 0 119197924 10118603 18781169 29710 119196206 10119878
ps - 503081813 420327 604 572 516 5 715
sysv_shm - 0 0
tmpfs /run/lock 0 6
tmpfs /run 2125824 1105
tmpfs /run/user/20029 0 20
tmpfs /run/qemu 0 1
tmpfs /dev/shm 37615726592 105411
vfs - 133957 5304 184364
vm - 4 25325083 440383435 252318 1617408 266605022 310553916 85282851 6618706 221477519 56890 0 0 0 0 0 1811072 0 311878 5997 0 1618108 94 0 3 0 0

1778477719.957349 0 node0.mimesys-workload.ldos-ut-pg0.wisc.cloudlab.us
block sda 641889 211338 50642700 349535 2708534 17784972 880767695 13079583 0 2417492 13717523
block sdb 509 0 7540 473 4 0 0 0 0 600 474
cpu 11 193348 0 56932 2981537 7320 0 5
cpu 10 219800 2 51951 2961094 9487 0 6
cpu 13 187819 0 52531 2991973 6878 0 5
cpu 12 192160 0 51540 2988935 7635 0 2
cpu 15 174939 2 50042 3007688 6776 0 4
cpu 14 168517 0 51461 3013390 6930 0 6
cpu 17 153509 0 49744 3029534 6998 0 2
cpu 16 163434 0 48078 3023257 5962 0 2
cpu 19 134972 0 37246 3062083 6226 0 1
cpu 18 180894 5 36489 3016875 6500 0 2
cpu 1 246461 0 62320 2916460 8676 0 884
cpu 0 270003 45 47507 2882796 10371 0 1161
cpu 3 266668 0 77808 2885100 7928 0 598
cpu 2 261665 0 74919 2891230 9762 0 193
cpu 5 265561 0 79080 2886586 7839 0 456
cpu 4 262315 1 79698 2887842 8313 0 115
cpu 7 208553 0 76759 2946363 6968 0 542
cpu 6 255884 0 77649 2897737 8194 0 329
cpu 9 185128 0 54262 2990100 8015 0 378
cpu 8 186366 0 61862 2982742 6581 0 340
mem 1 99033092 96101872 2931220 374360 1962720 76 0 2107012 1080164 229952 6608 0 0 176408 2048 0 0
mem 0 97636988 55533516 42103472 702424 40220980 144 0 40424784 7934664 502200 29108 0 0 464448 6144 0 0
net vnet45 0 0 457614 0 0 0 0 0 0 0 0 0 2491 0 441877 0 0 0 0 0 0 2102 0
net lo 0 0 4128612 0 0 0 0 0 0 0 0 0 32773 0 4128612 0 0 0 0 0 0 32773 0
net vnet44 0 0 239894 0 0 0 0 0 0 0 0 0 1170 0 208250 0 0 0 0 0 0 1187 0
net eno1 0 162607 40340757020 0 0 385 0 0 0 0 0 0 30383693 0 1231495212 0 0 0 0 0 0 5975287 0
net virbr0 0 848 9964873301 0 0 0 0 0 0 0 0 0 39741039 0 38383976083 0 0 0 0 0 0 23528260 0
numa 1 119918834 18781169 10118603 29535 119874513 18825473
numa 0 119209516 10118603 18781169 29710 119207798 10119878
ps - 503090070 420448 604 572 516 6 715
sysv_shm - 0 0
tmpfs /run/lock 0 6
tmpfs /run 2125824 1105
tmpfs /run/user/20029 0 20
tmpfs /run/qemu 0 1
tmpfs /dev/shm 37615726592 105411
vfs - 133943 5224 184238
vm - 4 25325083 440383847 252318 1617408 266619169 310567668 85282859 6618706 221499854 56890 0 0 0 0 0 1811072 0 311878 5997 0 1618108 94 0 3 0 0

1778477720.983231 0 node0.mimesys-workload.ldos-ut-pg0.wisc.cloudlab.us
block sda 641889 211338 50642700 349535 2708540 17784986 880767855 13079583 0 2417496 13717523
block sdb 509 0 7540 473 4 0 0 0 0 600 474
cpu 11 193423 0 56933 2981563 7320 0 5
cpu 10 219880 2 51952 2961117 9487 0 6
cpu 13 187891 0 52532 2991999 6878 0 5
cpu 12 192234 0 51540 2988960 7635 0 2
cpu 15 174940 2 50043 3007788 6776 0 4
cpu 14 168518 0 51462 3013490 6930 0 6
cpu 17 153510 0 49745 3029634 6998 0 2
cpu 16 163435 0 48080 3023358 5962 0 2
cpu 19 134974 0 37250 3062179 6226 0 1
cpu 18 180895 5 36490 3016976 6500 0 2
cpu 1 246461 0 62323 2916559 8676 0 884
cpu 0 270006 45 47510 2882894 10371 0 1161
cpu 3 266670 0 77810 2885198 7928 0 598
cpu 2 261666 0 74922 2891329 9762 0 193
cpu 5 265562 0 79082 2886684 7839 0 456
cpu 4 262316 1 79702 2887939 8313 0 115
cpu 7 208553 0 76762 2946462 6968 0 542
cpu 6 255887 0 77651 2897835 8194 0 329
cpu 9 185203 0 54263 2990129 8015 0 378
cpu 8 186439 0 61864 2982766 6581 0 340
mem 1 99033092 96097852 2935240 374388 1964488 84 0 2107012 1080384 232024 6836 0 0 176368 2048 0 0
mem 0 97636988 55531660 42105328 702396 40217820 168 0 40424784 7934288 498984 28632 0 0 464288 6144 0 0
net vnet45 0 0 459548 0 0 0 0 0 0 0 0 0 2502 0 442927 0 0 0 0 0 0 2112 0
net lo 0 0 4129169 0 0 0 0 0 0 0 0 0 32777 0 4129169 0 0 0 0 0 0 32777 0
net vnet44 0 0 239894 0 0 0 0 0 0 0 0 0 1170 0 208302 0 0 0 0 0 0 1188 0
net eno1 0 162616 40340764037 0 0 385 0 0 0 0 0 0 30383802 0 1231495557 0 0 0 0 0 0 5975290 0
net virbr0 0 848 9964875081 0 0 0 0 0 0 0 0 0 39741050 0 38383977081 0 0 0 0 0 0 23528269 0
numa 1 119923337 18781169 10118603 29535 119879016 18825473
numa 0 119217664 10118603 18781169 29710 119215946 10119878
ps - 503098855 420564 604 573 516 5 715
sysv_shm - 0 0
tmpfs /run/lock 0 6
tmpfs /run 2125824 1105
tmpfs /run/user/20029 0 20
tmpfs /run/qemu 0 1
tmpfs /dev/shm 37615726592 105411
vfs - 133942 5184 184244
vm - 4 25325083 440383927 252318 1617408 266631820 310580718 85282863 6618706 221519653 56890 0 0 0 0 0 1811072 0 311878 5997 0 1618108 94 0 3 0 0

1778477722.016507 0 node0.mimesys-workload.ldos-ut-pg0.wisc.cloudlab.us
block sda 641889 211338 50642700 349535 2708556 17784986 880768055 13079588 0 2417508 13717528
block sdb 509 0 7540 473 4 0 0 0 0 600 474
cpu 11 193501 0 56936 2981585 7320 0 5
cpu 10 219963 2 51954 2961136 9487 0 6
cpu 13 187974 0 52533 2992018 6878 0 5
cpu 12 192312 0 51541 2988983 7635 0 2
cpu 15 174940 2 50046 3007888 6776 0 4
cpu 14 168518 0 51465 3013590 6930 0 6
cpu 17 153510 0 49747 3029734 6998 0 2
cpu 16 163436 0 48082 3023458 5962 0 2
cpu 19 134977 0 37254 3062276 6226 0 1
cpu 18 180896 5 36493 3017076 6500 0 2
cpu 1 246463 0 62326 2916657 8676 0 884
cpu 0 270012 45 47510 2882988 10371 0 1161
cpu 3 266673 0 77814 2885295 7928 0 598
cpu 2 261666 0 74924 2891428 9762 0 193
cpu 5 265564 0 79084 2886784 7839 0 456
cpu 4 262320 1 79704 2888037 8313 0 115
cpu 7 208554 0 76764 2946563 6968 0 542
cpu 6 255888 0 77652 2897935 8194 0 329
cpu 9 185278 0 54264 2990153 8015 0 378
cpu 8 186520 0 61866 2982787 6581 0 340
mem 1 99033092 96095332 2937760 374400 1963856 132 0 2107020 1080888 232144 7128 0 0 176400 2048 0 0
mem 0 97636988 55536448 42100540 702384 40218008 216 0 40424788 7935108 499112 29060 0 0 464264 6144 0 0
net vnet45 0 0 464618 0 0 0 0 0 0 0 0 0 2530 0 447615 0 0 0 0 0 0 2133 0
net lo 0 0 4130336 0 0 0 0 0 0 0 0 0 32785 0 4130336 0 0 0 0 0 0 32785 0
net vnet44 0 0 239894 0 0 0 0 0 0 0 0 0 1170 0 208302 0 0 0 0 0 0 1188 0
net eno1 0 162616 40340771986 0 0 385 0 0 0 0 0 0 30383919 0 1231496003 0 0 0 0 0 0 5975294 0
net virbr0 0 848 9964879759 0 0 0 0 0 0 0 0 0 39741078 0 38383981769 0 0 0 0 0 0 23528290 0
numa 1 119931621 18781169 10118603 29535 119887300 18825473
numa 0 119223744 10118603 18781169 29710 119222026 10119878
ps - 503104922 420686 604 573 516 6 713
sysv_shm - 0 0
tmpfs /run/lock 0 6
tmpfs /run 2125824 1105
tmpfs /run/user/20029 0 20
tmpfs /run/qemu 0 1
tmpfs /dev/shm 37615726592 105411
vfs - 133956 5224 184344
vm - 4 25325083 440384027 252318 1617408 266646184 310595085 85282868 6618706 221542100 56890 0 0 0 0 0 1811072 0 311878 5997 0 1618108 94 0 3 0 0

1778477723.055244 0 node0.mimesys-workload.ldos-ut-pg0.wisc.cloudlab.us
block sda 641889 211338 50642700 349535 2708562 17784986 880768095 13079588 0 2417512 13717529
block sdb 509 0 7540 473 4 0 0 0 0 600 474
cpu 11 193576 0 56937 2981612 7320 0 5
cpu 10 220037 2 51954 2961162 9487 0 6
cpu 13 188041 0 52535 2992048 6878 0 5
cpu 12 192387 0 51543 2989008 7635 0 2
cpu 15 174942 2 50046 3007990 6776 0 4
cpu 14 168519 0 51466 3013692 6930 0 6
cpu 17 153511 0 49748 3029836 6998 0 2
cpu 16 163436 0 48083 3023559 5962 0 2
cpu 19 134977 0 37255 3062378 6226 0 1
cpu 18 180896 5 36494 3017178 6500 0 2
cpu 1 246466 0 62329 2916755 8676 0 884
cpu 0 270014 45 47514 2883085 10371 0 1161
cpu 3 266677 0 77818 2885391 7928 0 598
cpu 2 261669 0 74925 2891528 9762 0 193
cpu 5 265566 0 79086 2886883 7839 0 456
cpu 4 262320 1 79707 2888136 8313 0 115
cpu 7 208555 0 76766 2946662 6968 0 542
cpu 6 255890 0 77654 2898034 8194 0 329
cpu 9 185354 0 54266 2990178 8015 0 378
cpu 8 186592 0 61868 2982816 6581 0 340
mem 1 99033092 96094328 2938764 374400 1963020 112 0 2107020 1081484 230052 6992 0 0 176380 2048 0 0
mem 0 97636988 55531924 42105064 702388 40221520 200 0 40424788 7935404 502512 28548 0 0 464184 6144 0 0
net vnet45 0 0 464618 0 0 0 0 0 0 0 0 0 2530 0 447667 0 0 0 0 0 0 2134 0
net lo 0 0 4131503 0 0 0 0 0 0 0 0 0 32793 0 4131503 0 0 0 0 0 0 32793 0
net vnet44 0 0 239894 0 0 0 0 0 0 0 0 0 1170 0 208354 0 0 0 0 0 0 1189 0
net eno1 0 162626 40340778857 0 0 385 0 0 0 0 0 0 30384025 0 1231496449 0 0 0 0 0 0 5975298 0
net virbr0 0 848 9964879759 0 0 0 0 0 0 0 0 0 39741078 0 38383981769 0 0 0 0 0 0 23528290 0
numa 1 119935432 18781169 10118603 29535 119891111 18825473
numa 0 119233366 10118603 18781169 29710 119231648 10119878
ps - 503113410 420806 604 573 516 6 717
sysv_shm - 0 0
tmpfs /run/lock 0 6
tmpfs /run 2125824 1105
tmpfs /run/user/20029 0 20
tmpfs /run/qemu 0 1
tmpfs /dev/shm 37615726592 105411
vfs - 133950 5264 184243
vm - 4 25325083 440384047 252318 1617408 266659618 310607817 85282873 6618706 221563084 56890 0 0 0 0 0 1811072 0 311878 5997 0 1618108 94 0 3 0 0

1778477724.082217 0 node0.mimesys-workload.ldos-ut-pg0.wisc.cloudlab.us
block sda 641889 211338 50642700 349535 2708562 17784986 880768095 13079588 0 2417512 13717529
block sdb 509 0 7540 473 4 0 0 0 0 600 474
cpu 11 193652 0 56938 2981635 7320 0 5
cpu 10 220111 2 51957 2961185 9487 0 6
cpu 13 188117 0 52537 2992070 6878 0 5
cpu 12 192467 0 51544 2989027 7635 0 2
cpu 15 174944 2 50048 3008090 6776 0 4
cpu 14 168521 0 51467 3013792 6930 0 6
cpu 17 153512 0 49751 3029936 6998 0 2
cpu 16 163437 0 48085 3023660 5962 0 2
cpu 19 134980 0 37259 3062474 6226 0 1
cpu 18 180897 5 36496 3017278 6500 0 2
cpu 1 246467 0 62332 2916853 8676 0 884
cpu 0 270016 45 47515 2883183 10371 0 1161
cpu 3 266678 0 77819 2885491 7928 0 598
cpu 2 261675 0 74928 2891621 9762 0 193
cpu 5 265567 0 79087 2886982 7839 0 456
cpu 4 262321 1 79708 2888236 8313 0 115
cpu 7 208557 0 76767 2946760 6968 0 542
cpu 6 255893 0 77655 2898133 8194 0 329
cpu 9 185432 0 54267 2990201 8015 0 378
cpu 8 186672 0 61868 2982838 6581 0 340
mem 1 99033092 96091056 2942036 374428 1964788 132 0 2107020 1081308 232740 7324 0 0 176220 2048 0 0
mem 0 97636988 55541716 42095272 702392 40217964 228 0 40424792 7935400 499316 28712 0 0 464336 6144 0 0
net vnet45 0 0 469622 0 0 0 0 0 0 0 0 0 2557 0 452355 0 0 0 0 0 0 2155 0
net lo 0 0 4132060 0 0 0 0 0 0 0 0 0 32797 0 4132060 0 0 0 0 0 0 32797 0
net vnet44 0 0 239894 0 0 0 0 0 0 0 0 0 1170 0 208354 0 0 0 0 0 0 1189 0
net eno1 0 162626 40340785394 0 0 385 0 0 0 0 0 0 30384126 0 1231496836 0 0 0 0 0 0 5975302 0
net virbr0 0 848 9964884385 0 0 0 0 0 0 0 0 0 39741105 0 38383986457 0 0 0 0 0 0 23528311 0
numa 1 119943480 18781169 10118603 29535 119899159 18825473
numa 0 119238737 10118603 18781169 29710 119237019 10119878
ps - 503121335 420923 604 573 516 6 713
sysv_shm - 0 0
tmpfs /run/lock 0 6
tmpfs /run 2125824 1105
tmpfs /run/user/20029 0 20
tmpfs /run/qemu 0 1
tmpfs /dev/shm 37615726592 105411
vfs - 133941 5264 184224
vm - 4 25325083 440384047 252318 1617408 266673037 310621957 85282880 6618706 221584123 56890 0 0 0 0 0 1811072 0 311878 5997 0 1618108 94 0 3 0 0

1778477725.121841 0 node0.mimesys-workload.ldos-ut-pg0.wisc.cloudlab.us
block sda 641889 211338 50642700 349535 2708645 17784986 880768831 13079601 0 2417516 13717541
block sdb 509 0 7540 473 4 0 0 0 0 600 474
cpu 11 193731 0 56940 2981658 7320 0 5
cpu 10 220194 2 51960 2961204 9487 0 6
cpu 13 188190 0 52538 2992096 6878 0 5
cpu 12 192544 0 51546 2989049 7635 0 2
cpu 15 174944 2 50051 3008190 6776 0 4
cpu 14 168521 0 51470 3013892 6930 0 6
cpu 17 153514 0 49752 3030035 6998 0 2
cpu 16 163437 0 48088 3023761 5962 0 2
cpu 19 134984 0 37263 3062571 6226 0 1
cpu 18 180898 5 36498 3017379 6500 0 2
cpu 1 246470 0 62333 2916952 8676 0 884
cpu 0 270018 45 47517 2883282 10371 0 1161
cpu 3 266679 0 77822 2885588 7928 0 598
cpu 2 261681 0 74932 2891714 9762 0 193
cpu 5 265570 0 79089 2887082 7839 0 456
cpu 4 262323 1 79710 2888336 8313 0 115
cpu 7 208558 0 76769 2946860 6968 0 542
cpu 6 255893 0 77657 2898234 8194 0 329
cpu 9 185510 0 54268 2990223 8015 0 378
cpu 8 186751 0 61870 2982859 6581 0 340
mem 1 99033092 96100428 2932664 374412 1965224 72 0 2107020 1080572 232972 6896 0 0 176252 2048 0 0
mem 0 97636988 55537352 42099636 702388 40220104 136 0 40424792 7934648 501336 28716 0 0 464260 6144 0 0
net vnet45 0 0 472848 0 0 0 0 0 0 0 0 0 2575 0 456187 0 0 0 0 0 0 2169 0
net lo 0 0 4133227 0 0 0 0 0 0 0 0 0 32805 0 4133227 0 0 0 0 0 0 32805 0
net vnet44 0 0 239894 0 0 0 0 0 0 0 0 0 1170 0 208406 0 0 0 0 0 0 1190 0
net eno1 0 162634 40340792535 0 0 385 0 0 0 0 0 0 30384235 0 1231497372 0 0 0 0 0 0 5975307 0
net virbr0 0 848 9964887359 0 0 0 0 0 0 0 0 0 39741123 0 38383990237 0 0 0 0 0 0 23528324 0
numa 1 119950603 18781169 10118603 29535 119906282 18825473
numa 0 119245849 10118603 18781169 29710 119244131 10119878
ps - 503130147 421044 604 573 516 7 706
sysv_shm - 0 0
tmpfs /run/lock 0 6
tmpfs /run 2125824 1105
tmpfs /run/user/20029 0 20
tmpfs /run/qemu 0 1
tmpfs /dev/shm 37615726592 105411
vfs - 133959 5304 184312
vm - 4 25325083 440384415 252318 1617408 266687271 310635848 85282884 6618706 221606480 56890 0 0 0 0 0 1811072 0 311878 5997 0 1618108 94 0 3 0 0

1778477726.163424 0 node0.mimesys-workload.ldos-ut-pg0.wisc.cloudlab.us
block sda 641889 211338 50642700 349535 2708651 17784997 880768991 13079602 0 2417524 13717542
block sdb 509 0 7540 473 4 0 0 0 0 600 474
cpu 11 193802 0 56941 2981686 7320 0 5
cpu 10 220264 2 51963 2961229 9487 0 6
cpu 13 188262 0 52541 2992124 6878 0 5
cpu 12 192622 0 51546 2989072 7635 0 2
cpu 15 174945 2 50052 3008292 6776 0 4
cpu 14 168521 0 51472 3013994 6930 0 6
cpu 17 153514 0 49754 3030136 6998 0 2
cpu 16 163438 0 48089 3023863 5962 0 2
cpu 19 134985 0 37265 3062673 6226 0 1
cpu 18 180898 5 36499 3017481 6500 0 2
cpu 1 246473 0 62334 2917051 8676 0 884
cpu 0 270019 45 47521 2883381 10371 0 1161
cpu 3 266682 0 77824 2885688 7928 0 598
cpu 2 261684 0 74936 2891812 9762 0 193
cpu 5 265572 0 79090 2887181 7839 0 456
cpu 4 262325 1 79711 2888436 8313 0 115
cpu 7 208560 0 76771 2946962 6968 0 542
cpu 6 255895 0 77659 2898334 8194 0 329
cpu 9 185594 0 54269 2990240 8015 0 378
cpu 8 186825 0 61871 2982883 6581 0 340
mem 1 99033092 96097296 2935796 374432 1965184 84 0 2107020 1081300 233152 7536 0 0 176212 2048 0 0
mem 0 97636988 55535588 42101400 702404 40218336 164 0 40424796 7935100 499864 28336 0 0 464256 6144 0 0
net vnet45 0 0 474782 0 0 0 0 0 0 0 0 0 2586 0 457185 0 0 0 0 0 0 2178 0
net lo 0 0 4133784 0 0 0 0 0 0 0 0 0 32809 0 4133784 0 0 0 0 0 0 32809 0
net vnet44 0 0 239894 0 0 0 0 0 0 0 0 0 1170 0 208406 0 0 0 0 0 0 1190 0
net eno1 0 162634 40340799912 0 0 385 0 0 0 0 0 0 30384350 0 1231497717 0 0 0 0 0 0 5975310 0
net virbr0 0 848 9964889139 0 0 0 0 0 0 0 0 0 39741134 0 38383991235 0 0 0 0 0 0 23528333 0
numa 1 119956961 18781169 10118603 29535 119912640 18825473
numa 0 119252078 10118603 18781169 29710 119250360 10119878
ps - 503139192 421160 596 571 516 6 706
sysv_shm - 0 0
tmpfs /run/lock 0 6
tmpfs /run 2125824 1105
tmpfs /run/user/20029 0 20
tmpfs /run/qemu 0 1
tmpfs /dev/shm 37615726592 105411
vfs - 133941 5264 184182
vm - 4 25325083 440384495 252318 1617408 266699859 310648811 85282893 6618706 221626246 56890 0 0 0 0 0 1811072 0 311878 5997 0 1618108 94 0 3 0 0

1778477727.204013 0 node0.mimesys-workload.ldos-ut-pg0.wisc.cloudlab.us
block sda 641889 211338 50642700 349535 2708663 17784997 880769167 13079607 0 2417536 13717548
block sdb 509 0 7540 473 4 0 0 0 0 600 474
cpu 11 193876 0 56943 2981710 7320 0 5
cpu 10 220345 2 51964 2961247 9487 0 6
cpu 13 188338 0 52542 2992147 6878 0 5
cpu 12 192691 0 51552 2989096 7635 0 2
cpu 15 174946 2 50054 3008394 6776 0 4
cpu 14 168522 0 51475 3014095 6930 0 6
cpu 17 153516 0 49756 3030237 6998 0 2
cpu 16 163438 0 48091 3023964 5962 0 2
cpu 19 134987 0 37270 3062770 6226 0 1
cpu 18 180899 5 36502 3017581 6500 0 2
cpu 1 246477 0 62335 2917149 8676 0 885
cpu 0 270020 45 47523 2883480 10371 0 1161
cpu 3 266690 0 77828 2885781 7928 0 598
cpu 2 261686 0 74938 2891912 9762 0 193
cpu 5 265572 0 79092 2887283 7839 0 456
cpu 4 262328 1 79714 2888532 8313 0 115
cpu 7 208562 0 76772 2947061 6968 0 542
cpu 6 255897 0 77662 2898431 8194 0 329
cpu 9 185675 0 54269 2990259 8015 0 378
cpu 8 186913 0 61872 2982899 6581 0 340
mem 1 99033092 96094276 2938816 374404 1965028 112 0 2107028 1080924 232856 6792 0 0 176372 2048 0 0
mem 0 97636988 55533584 42103404 702396 40219000 200 0 40424796 7935116 499720 28736 0 0 464216 6144 0 0
net vnet45 0 0 479852 0 0 0 0 0 0 0 0 0 2614 0 461925 0 0 0 0 0 0 2200 0
net lo 0 0 4134951 0 0 0 0 0 0 0 0 0 32817 0 4134951 0 0 0 0 0 0 32817 0
net vnet44 0 0 239894 0 0 0 0 0 0 0 0 0 1170 0 208458 0 0 0 0 0 0 1191 0
net eno1 0 162642 40340805463 0 0 385 0 0 0 0 0 0 30384433 0 1231498163 0 0 0 0 0 0 5975314 0
net virbr0 0 848 9964893817 0 0 0 0 0 0 0 0 0 39741162 0 38383995923 0 0 0 0 0 0 23528354 0
numa 1 119964805 18781169 10118603 29535 119920484 18825473
numa 0 119258666 10118603 18781169 29710 119256948 10119878
ps - 503147520 421282 596 571 516 4 704
sysv_shm - 0 0
tmpfs /run/lock 0 6
tmpfs /run 2125824 1105
tmpfs /run/user/20029 0 20
tmpfs /run/qemu 0 1
tmpfs /dev/shm 37615726592 105411
vfs - 133941 5344 184170
vm - 4 25325083 440384583 252318 1617408 266714290 310663237 85282897 6618706 221648704 56890 0 0 0 0 0 1811072 0 311878 5997 0 1618108 94 0 3 0 0

1778477728.238370 0 node0.mimesys-workload.ldos-ut-pg0.wisc.cloudlab.us
block sda 641889 211338 50642700 349535 2708663 17784997 880769167 13079607 0 2417536 13717548
block sdb 509 0 7540 473 4 0 0 0 0 600 474
cpu 11 193954 0 56944 2981734 7320 0 5
cpu 10 220420 2 51966 2961271 9487 0 6
cpu 13 188418 0 52544 2992168 6878 0 5
cpu 12 192768 0 51553 2989119 7635 0 2
cpu 15 174946 2 50054 3008496 6776 0 4
cpu 14 168522 0 51476 3014197 6930 0 6
cpu 17 153516 0 49757 3030340 6998 0 2
cpu 16 163439 0 48092 3024067 5962 0 2
cpu 19 134989 0 37272 3062868 6226 0 1
cpu 18 180899 5 36502 3017683 6500 0 2
cpu 1 246482 0 62340 2917243 8676 0 885
cpu 0 270022 45 47526 2883579 10371 0 1161
cpu 3 266692 0 77830 2885879 7928 0 598
cpu 2 261688 0 74940 2892009 9762 0 193
cpu 5 265574 0 79094 2887382 7839 0 456
cpu 4 262332 1 79720 2888627 8313 0 115
cpu 7 208562 0 76775 2947161 6968 0 542
cpu 6 255899 0 77666 2898527 8194 0 329
cpu 9 185750 0 54274 2990284 8015 0 378
cpu 8 186995 0 61875 2982917 6581 0 340
mem 1 99033092 96106668 2926424 374388 1963524 104 0 2107036 1081328 230464 7132 0 0 176460 2048 0 0
mem 0 97636988 55529308 42107680 702400 40220000 196 0 40424800 7935412 501536 28704 0 0 464264 6144 0 0
net vnet45 0 0 479852 0 0 0 0 0 0 0 0 0 2614 0 461925 0 0 0 0 0 0 2200 0
net lo 0 0 4136118 0 0 0 0 0 0 0 0 0 32825 0 4136118 0 0 0 0 0 0 32825 0
net vnet44 0 0 239894 0 0 0 0 0 0 0 0 0 1170 0 208458 0 0 0 0 0 0 1191 0
net eno1 0 162651 40340812214 0 0 385 0 0 0 0 0 0 30384536 0 1231498609 0 0 0 0 0 0 5975318 0
net virbr0 0 848 9964893817 0 0 0 0 0 0 0 0 0 39741162 0 38383995923 0 0 0 0 0 0 23528354 0
numa 1 119966805 18781169 10118603 29535 119922484 18825473
numa 0 119271359 10118603 18781169 29710 119269641 10119878
ps - 503155763 421407 596 571 516 6 704
sysv_shm - 0 0
tmpfs /run/lock 0 6
tmpfs /run 2125824 1105
tmpfs /run/user/20029 0 20
tmpfs /run/qemu 0 1
tmpfs /dev/shm 37615726592 105411
vfs - 133957 5344 184291
vm - 4 25325083 440384583 252318 1617408 266728995 310677637 85282907 6618706 221671560 56890 0 0 0 0 0 1811072 0 311878 5997 0 1618108 94 0 3 0 0

1778477729.272905 0 node0.mimesys-workload.ldos-ut-pg0.wisc.cloudlab.us
block sda 641889 211338 50642700 349535 2708663 17784997 880769167 13079607 0 2417536 13717548
block sdb 509 0 7540 473 4 0 0 0 0 600 474
cpu 11 194016 0 56947 2981770 7320 0 5
cpu 10 220488 2 51968 2961302 9487 0 6
cpu 13 188485 0 52546 2992200 6878 0 5
cpu 12 192829 0 51556 2989157 7635 0 2
cpu 15 174946 2 50057 3008597 6776 0 4
cpu 14 168523 0 51477 3014298 6930 0 6
cpu 17 153517 0 49759 3030441 6998 0 2
cpu 16 163439 0 48094 3024168 5962 0 2
cpu 19 134989 0 37274 3062970 6226 0 1
cpu 18 180899 5 36504 3017784 6500 0 2
cpu 1 246487 0 62340 2917339 8676 0 886
cpu 0 270022 45 47528 2883678 10371 0 1161
cpu 3 266694 0 77833 2885976 7928 0 598
cpu 2 261690 0 74942 2892108 9762 0 193
cpu 5 265576 0 79095 2887482 7839 0 456
cpu 4 262334 1 79722 2888727 8313 0 115
cpu 7 208562 0 76777 2947262 6968 0 542
cpu 6 255900 0 77667 2898628 8194 0 329
cpu 9 185816 0 54275 2990317 8015 0 378
cpu 8 187048 0 61878 2982967 6581 0 340
mem 1 99033092 96104300 2928792 374396 1964092 116 0 2107036 1080304 231736 6848 0 0 176292 2048 0 0
mem 0 97636988 55525784 42111204 702412 40219636 236 0 40424800 7934492 500512 28968 0 0 464232 6144 0 0
net vnet45 0 0 484856 0 0 0 0 0 0 0 0 0 2641 0 466665 0 0 0 0 0 0 2222 0
net lo 0 0 4136675 0 0 0 0 0 0 0 0 0 32829 0 4136675 0 0 0 0 0 0 32829 0
net vnet44 0 0 239894 0 0 0 0 0 0 0 0 0 1170 0 208510 0 0 0 0 0 0 1192 0
net eno1 0 162651 40340818271 0 0 385 0 0 0 0 0 0 30384629 0 1231498954 0 0 0 0 0 0 5975321 0
net virbr0 0 848 9964898443 0 0 0 0 0 0 0 0 0 39741189 0 38384000611 0 0 0 0 0 0 23528375 0
numa 1 119972642 18781169 10118603 29535 119928321 18825473
numa 0 119278288 10118603 18781169 29710 119276570 10119878
ps - 503164424 421524 596 571 516 2 704
sysv_shm - 0 0
tmpfs /run/lock 0 6
tmpfs /run 2125824 1105
tmpfs /run/user/20029 0 20
tmpfs /run/qemu 0 1
tmpfs /dev/shm 37615726592 105411
vfs - 133941 5304 184170
vm - 4 25325083 440384583 252318 1617408 266741751 310690681 85282909 6618706 221691548 56890 0 0 0 0 0 1811072 0 311878 5997 0 1618108 94 0 3 0 0

1778477730.311544 0 node0.mimesys-workload.ldos-ut-pg0.wisc.cloudlab.us
block sda 641889 211338 50642700 349535 2708746 17784997 880769927 13079628 0 2417544 13717569
block sdb 509 0 7540 473 4 0 0 0 0 600 474
cpu 11 194091 0 56948 2981795 7320 0 5
cpu 10 220563 2 51969 2961330 9487 0 6
cpu 13 188559 0 52547 2992227 6878 0 5
cpu 12 192905 0 51557 2989184 7635 0 2
cpu 15 174947 2 50058 3008697 6776 0 4
cpu 14 168524 0 51478 3014399 6930 0 6
cpu 17 153518 0 49761 3030541 6998 0 2
cpu 16 163440 0 48096 3024269 5962 0 2
cpu 19 134992 0 37278 3063066 6226 0 1
cpu 18 180900 5 36505 3017885 6500 0 2
cpu 1 246492 0 62343 2917435 8676 0 886
cpu 0 270027 45 47530 2883775 10371 0 1161
cpu 3 266697 0 77835 2886076 7928 0 598
cpu 2 261698 0 74944 2892201 9762 0 193
cpu 5 265579 0 79097 2887581 7839 0 456
cpu 4 262336 1 79724 2888827 8313 0 115
cpu 7 208565 0 76779 2947362 6968 0 542
cpu 6 255902 0 77669 2898728 8194 0 329
cpu 9 185886 0 54277 2990346 8015 0 378
cpu 8 187124 0 61879 2982994 6581 0 340
mem 1 99033092 96099264 2933828 374448 1965348 76 0 2107036 1081204 232876 7472 0 0 176284 2048 0 0
mem 0 97636988 55518984 42118004 702392 40220708 136 0 40424804 7934616 501760 28680 0 0 464200 6144 0 0
net vnet45 0 0 488834 0 0 0 0 0 0 0 0 0 2659 0 470355 0 0 0 0 0 0 2234 0
net lo 0 0 4137842 0 0 0 0 0 0 0 0 0 32837 0 4137842 0 0 0 0 0 0 32837 0
net vnet44 0 0 239894 0 0 0 0 0 0 0 0 0 1170 0 208510 0 0 0 0 0 0 1192 0
net eno1 0 162659 40340824722 0 0 385 0 0 0 0 0 0 30384727 0 1231499400 0 0 0 0 0 0 5975325 0
net virbr0 0 848 9964902169 0 0 0 0 0 0 0 0 0 39741207 0 38384004301 0 0 0 0 0 0 23528387 0
numa 1 119979041 18781169 10118603 29535 119934720 18825473
numa 0 119286155 10118603 18781169 29710 119284437 10119878
ps - 503171597 421645 596 571 516 5 704
sysv_shm - 0 0
tmpfs /run/lock 0 6
tmpfs /run 2125824 1105
tmpfs /run/user/20029 0 20
tmpfs /run/qemu 0 1
tmpfs /dev/shm 37615726592 105411
vfs - 133943 5304 184172
vm - 4 25325083 440384963 252318 1617408 266756015 310704540 85282918 6618706 221713917 56890 0 0 0 0 0 1811072 0 311878 5997 0 1618108 94 0 3 0 0

1778477731.352054 0 node0.mimesys-workload.ldos-ut-pg0.wisc.cloudlab.us
block sda 641890 211338 50642728 349535 2709146 17785045 880774799 13079661 0 2417596 13717602
block sdb 509 0 7540 473 4 0 0 0 0 600 474
cpu 11 194168 0 56950 2981818 7320 0 5
cpu 10 220642 2 51970 2961352 9487 0 6
cpu 13 188633 0 52548 2992252 6878 0 5
cpu 12 192980 0 51558 2989210 7635 0 2
cpu 15 174949 2 50059 3008799 6776 0 4
cpu 14 168525 0 51480 3014500 6930 0 6
cpu 17 153519 0 49763 3030643 6998 0 2
cpu 16 163440 0 48098 3024370 5962 0 2
cpu 19 134994 0 37281 3063165 6226 0 1
cpu 18 180900 5 36507 3017987 6500 0 2
cpu 1 246496 0 62346 2917532 8676 0 886
cpu 0 270030 45 47532 2883873 10371 0 1161
cpu 3 266700 0 77838 2886174 7928 0 598
cpu 2 261700 0 74945 2892302 9762 0 193
cpu 5 265580 0 79099 2887681 7839 0 456
cpu 4 262338 1 79725 2888927 8313 0 115
cpu 7 208567 0 76780 2947460 6968 0 542
cpu 6 255903 0 77670 2898828 8194 0 329
cpu 9 185961 0 54278 2990368 8016 0 378
cpu 8 187198 0 61879 2983025 6581 0 340
mem 1 99033092 96096744 2936348 374428 1964148 88 0 2107036 1080600 231584 7060 0 0 176380 2048 0 0
mem 0 97636988 55516716 42120272 702420 40219316 164 0 40424804 7934656 500108 28632 0 0 464216 6144 0 0
net vnet45 0 0 489926 0 0 0 0 0 0 0 0 0 2669 0 471405 0 0 0 0 0 0 2244 0
net lo 0 0 4138399 0 0 0 0 0 0 0 0 0 32841 0 4138399 0 0 0 0 0 0 32841 0
net vnet44 0 0 239894 0 0 0 0 0 0 0 0 0 1170 0 208562 0 0 0 0 0 0 1193 0
net eno1 0 162659 40340832119 0 0 385 0 0 0 0 0 0 30384837 0 1231499745 0 0 0 0 0 0 5975328 0
net virbr0 0 848 9964903121 0 0 0 0 0 0 0 0 0 39741217 0 38384005299 0 0 0 0 0 0 23528396 0
numa 1 119983108 18781169 10118603 29535 119938787 18825473
numa 0 119294960 10118603 18781169 29710 119293242 10119878
ps - 503181719 421764 564 565 514 7 707
sysv_shm - 0 0
tmpfs /run/lock 0 6
tmpfs /run 2125824 1105
tmpfs /run/user/20029 0 20
tmpfs /run/qemu 0 1
tmpfs /dev/shm 37615726592 105411
vfs - 133957 5264 184316
vm - 4 25325097 440387399 252318 1617408 266768887 310717819 85282929 6618706 221733639 56890 0 0 0 0 0 1811072 0 311878 5997 0 1618108 94 0 3 0 0

1778477732.380421 0 node0.mimesys-workload.ldos-ut-pg0.wisc.cloudlab.us
block sda 641890 211338 50642728 349535 2709163 17785045 880775247 13079670 0 2417604 13717611
block sdb 509 0 7540 473 4 0 0 0 0 600 474
cpu 11 194244 0 56951 2981843 7320 0 5
cpu 10 220717 2 51972 2961377 9487 0 6
cpu 13 188715 0 52549 2992270 6878 0 5
cpu 12 193057 0 51560 2989229 7635 0 2
cpu 15 174951 2 50061 3008898 6776 0 4
cpu 14 168526 0 51480 3014600 6930 0 6
cpu 17 153520 0 49764 3030743 6998 0 2
cpu 16 163440 0 48099 3024470 5962 0 2
cpu 19 134994 0 37283 3063265 6226 0 1
cpu 18 180900 5 36508 3018088 6500 0 2
cpu 1 246502 0 62348 2917624 8676 0 886
cpu 0 270032 45 47534 2883971 10371 0 1161
cpu 3 266702 0 77841 2886273 7928 0 598
cpu 2 261702 0 74949 2892398 9762 0 193
cpu 5 265582 0 79103 2887777 7839 0 456
cpu 4 262340 1 79727 2889026 8313 0 115
cpu 7 208570 0 76782 2947558 6968 0 542
cpu 6 255905 0 77673 2898926 8194 0 329
cpu 9 186041 0 54281 2990388 8016 0 378
cpu 8 187276 0 61882 2983046 6581 0 340
mem 1 99033092 96092216 2940876 374424 1965288 96 0 2107044 1080284 232940 7656 0 0 176380 2048 0 0
mem 0 97636988 55511932 42125056 702424 40218884 184 0 40424808 7935128 499940 28180 0 0 464144 6144 0 0
net vnet45 0 0 494996 0 0 0 0 0 0 0 0 0 2697 0 476093 0 0 0 0 0 0 2265 0
net lo 0 0 4139566 0 0 0 0 0 0 0 0 0 32849 0 4139566 0 0 0 0 0 0 32849 0
net vnet44 0 0 239894 0 0 0 0 0 0 0 0 0 1170 0 208562 0 0 0 0 0 0 1193 0
net eno1 0 162666 40340838690 0 0 385 0 0 0 0 0 0 30384937 0 1231500191 0 0 0 0 0 0 5975332 0
net virbr0 0 848 9964907799 0 0 0 0 0 0 0 0 0 39741245 0 38384009987 0 0 0 0 0 0 23528417 0
numa 1 119987865 18781169 10118603 29535 119943544 18825473
numa 0 119304554 10118603 18781169 29710 119302836 10119878
ps - 503190202 421886 564 565 514 7 707
sysv_shm - 0 0
tmpfs /run/lock 0 6
tmpfs /run 2125824 1105
tmpfs /run/user/20029 0 20
tmpfs /run/qemu 0 1
tmpfs /dev/shm 37615726592 105411
vfs - 133941 5304 184188
vm - 4 25325097 440387623 252318 1617408 266783238 310732182 85282933 6618706 221756148 56890 0 0 0 0 0 1811072 0 311878 5997 0 1618108 94 0 3 0 0

1778477733.421386 0 node0.mimesys-workload.ldos-ut-pg0.wisc.cloudlab.us
block sda 641890 211338 50642728 349535 2709165 17785045 880775263 13079671 0 2417608 13717612
block sdb 509 0 7540 473 4 0 0 0 0 600 474
cpu 11 194317 0 56952 2981872 7320 0 5
cpu 10 220796 2 51974 2961399 9487 0 6
cpu 13 188792 0 52550 2992295 6878 0 5
cpu 12 193136 0 51562 2989253 7635 0 2
cpu 15 174952 2 50062 3008999 6776 0 4
cpu 14 168527 0 51482 3014702 6930 0 6
cpu 17 153522 0 49765 3030845 6998 0 2
cpu 16 163441 0 48100 3024572 5962 0 2
cpu 19 134996 0 37286 3063364 6226 0 1
cpu 18 180901 5 36509 3018190 6500 0 2
cpu 1 246508 0 62351 2917719 8676 0 886
cpu 0 270038 45 47537 2884065 10371 0 1161
cpu 3 266703 0 77843 2886373 7928 0 598
cpu 2 261705 0 74950 2892496 9762 0 193
cpu 5 265584 0 79105 2887877 7839 0 456
cpu 4 262342 1 79730 2889125 8313 0 115
cpu 7 208570 0 76784 2947658 6968 0 542
cpu 6 255906 0 77677 2899026 8194 0 329
cpu 9 186122 0 54283 2990408 8016 0 378
cpu 8 187346 0 61886 2983075 6581 0 340
mem 1 99033092 96088440 2944652 374396 1964652 116 0 2107044 1080448 232136 7208 0 0 176396 2048 0 0
mem 0 97636988 55508692 42128296 702444 40220572 224 0 40424808 7935840 501716 28708 0 0 464064 6144 0 0
net vnet45 0 0 498132 0 0 0 0 0 0 0 0 0 2714 0 479835 0 0 0 0 0 0 2278 0
net lo 0 0 4140733 0 0 0 0 0 0 0 0 0 32857 0 4140733 0 0 0 0 0 0 32857 0
net vnet44 0 0 239894 0 0 0 0 0 0 0 0 0 1170 0 208614 0 0 0 0 0 0 1194 0
net eno1 0 162666 40340845021 0 0 385 0 0 0 0 0 0 30385033 0 1231500637 0 0 0 0 0 0 5975336 0
net virbr0 0 848 9964910697 0 0 0 0 0 0 0 0 0 39741262 0 38384013677 0 0 0 0 0 0 23528429 0
numa 1 119992823 18781169 10118603 29535 119948502 18825473
numa 0 119313749 10118603 18781169 29710 119312031 10119878
ps - 503198796 422007 564 565 514 7 707
sysv_shm - 0 0
tmpfs /run/lock 0 6
tmpfs /run 2125824 1105
tmpfs /run/user/20029 0 20
tmpfs /run/qemu 0 1
tmpfs /dev/shm 37615726592 105411
vfs - 133943 5304 184190
vm - 4 25325097 440387631 252318 1617408 266797392 310745970 85282940 6618706 221778382 56890 0 0 0 0 0 1811072 0 311878 5997 0 1618108 94 0 3 0 0

1778477734.459025 0 node0.mimesys-workload.ldos-ut-pg0.wisc.cloudlab.us
block sda 641890 211338 50642728 349535 2709170 17785045 880775303 13079671 0 2417616 13717613
block sdb 509 0 7540 473 4 0 0 0 0 600 474
cpu 11 194395 0 56954 2981895 7320 0 5
cpu 10 220864 2 51976 2961428 9487 0 6
cpu 13 188869 0 52553 2992319 6878 0 5
cpu 12 193207 0 51564 2989281 7635 0 2
cpu 15 174953 2 50063 3009100 6776 0 4
cpu 14 168527 0 51485 3014804 6930 0 6
cpu 17 153522 0 49766 3030947 6998 0 2
cpu 16 163441 0 48102 3024674 5962 0 2
cpu 19 134998 0 37290 3063463 6226 0 1
cpu 18 180903 5 36510 3018292 6500 0 2
cpu 1 246511 0 62354 2917817 8676 0 886
cpu 0 270040 45 47541 2884162 10371 0 1161
cpu 3 266708 0 77845 2886469 7928 0 598
cpu 2 261709 0 74952 2892592 9762 0 193
cpu 5 265590 0 79108 2887971 7839 0 456
cpu 4 262346 1 79733 2889220 8313 0 115
cpu 7 208581 0 76785 2947748 6968 0 542
cpu 6 255909 0 77680 2899122 8194 0 329
cpu 9 186200 0 54285 2990430 8016 0 378
cpu 8 187424 0 61890 2983095 6581 0 340
mem 1 99033092 96085168 2947924 374412 1963496 132 0 2107048 1080176 232612 7032 0 0 176284 2048 0 0
mem 0 97636988 55504672 42132316 702440 40219612 236 0 40424812 7935192 500696 28884 0 0 464144 6144 0 0
net vnet45 0 0 500066 0 0 0 0 0 0 0 0 0 2725 0 480833 0 0 0 0 0 0 2287 0
net lo 0 0 4141290 0 0 0 0 0 0 0 0 0 32861 0 4141290 0 0 0 0 0 0 32861 0
net vnet44 0 0 239894 0 0 0 0 0 0 0 0 0 1170 0 208614 0 0 0 0 0 0 1194 0
net eno1 0 162675 40340851318 0 0 385 0 0 0 0 0 0 30385130 0 1231500982 0 0 0 0 0 0 5975339 0
net virbr0 0 848 9964912477 0 0 0 0 0 0 0 0 0 39741273 0 38384014675 0 0 0 0 0 0 23528438 0
numa 1 119997210 18781169 10118603 29535 119952889 18825473
numa 0 119322046 10118603 18781169 29710 119320328 10119878
ps - 503207307 422123 564 565 514 5 707
sysv_shm - 0 0
tmpfs /run/lock 0 6
tmpfs /run 2125824 1105
tmpfs /run/user/20029 0 20
tmpfs /run/qemu 0 1
tmpfs /dev/shm 37615726592 105411
vfs - 133957 5304 184316
vm - 4 25325097 440387651 252318 1617408 266810075 310759007 85282946 6618706 221798157 56890 0 0 0 0 0 1811072 0 311878 5997 0 1618108 94 0 3 0 0

1778477735.491678 0 node0.mimesys-workload.ldos-ut-pg0.wisc.cloudlab.us
block sda 641890 211338 50642728 349535 2709251 17785045 880776039 13079684 0 2417620 13717626
block sdb 509 0 7540 473 4 0 0 0 0 600 474
cpu 11 194470 0 56956 2981917 7320 0 5
cpu 10 220930 2 51977 2961461 9487 0 6
cpu 13 188943 0 52555 2992344 6878 0 5
cpu 12 193283 0 51566 2989304 7635 0 2
cpu 15 174954 2 50064 3009201 6776 0 4
cpu 14 168528 0 51486 3014904 6930 0 6
cpu 17 153522 0 49768 3031049 6998 0 2
cpu 16 163441 0 48103 3024775 5962 0 2
cpu 19 134999 0 37291 3063564 6226 0 1
cpu 18 180903 5 36512 3018393 6500 0 2
cpu 1 246513 0 62357 2917914 8676 0 886
cpu 0 270042 45 47542 2884260 10371 0 1161
cpu 3 266710 0 77848 2886566 7928 0 598
cpu 2 261710 0 74954 2892690 9762 0 193
cpu 5 265591 0 79110 2888071 7839 0 456
cpu 4 262347 1 79735 2889320 8313 0 115
cpu 7 208589 0 76787 2947842 6968 0 542
cpu 6 255913 0 77683 2899218 8194 0 329
cpu 9 186280 0 54286 2990450 8016 0 378
cpu 8 187502 0 61893 2983116 6581 0 340
mem 1 99033092 96081140 2951952 374428 1965024 16 0 2107048 1080756 232452 7568 0 0 176268 2048 0 0
mem 0 97636988 55501144 42135844 702384 40219616 12 0 40424816 7935092 500988 28352 0 0 464288 6144 0 0
net vnet45 0 0 504572 0 0 0 0 0 0 0 0 0 2747 0 485147 0 0 0 0 0 0 2304 0
net lo 0 0 4142457 0 0 0 0 0 0 0 0 0 32869 0 4142457 0 0 0 0 0 0 32869 0
net vnet44 0 0 239894 0 0 0 0 0 0 0 0 0 1170 0 208666 0 0 0 0 0 0 1195 0
net eno1 0 162675 40340857409 0 0 385 0 0 0 0 0 0 30385222 0 1231501428 0 0 0 0 0 0 5975343 0
net virbr0 0 848 9964916675 0 0 0 0 0 0 0 0 0 39741295 0 38384018937 0 0 0 0 0 0 23528454 0
numa 1 120002333 18781169 10118603 29535 119958012 18825473
numa 0 119331113 10118603 18781169 29710 119329395 10119878
ps - 503215466 422244 564 565 514 6 707
sysv_shm - 0 0
tmpfs /run/lock 0 6
tmpfs /run 2125824 1105
tmpfs /run/user/20029 0 20
tmpfs /run/qemu 0 1
tmpfs /dev/shm 37615726592 105411
vfs - 133943 5264 184190
vm - 4 25325097 440388019 252318 1617408 266824265 310772759 85282951 6618706 221820571 56890 0 0 0 0 0 1811072 0 311878 5997 0 1618108 94 0 3 0 0

1778477736.526923 0 node0.mimesys-workload.ldos-ut-pg0.wisc.cloudlab.us
block sda 641890 211338 50642728 349535 2709260 17785059 880776255 13079685 0 2417628 13717628
block sdb 509 0 7540 473 4 0 0 0 0 600 474
cpu 11 194543 0 56957 2981942 7320 0 5
cpu 10 221006 2 51980 2961482 9487 0 6
cpu 13 189012 0 52556 2992375 6878 0 5
cpu 12 193357 0 51567 2989330 7635 0 2
cpu 15 174954 2 50065 3009303 6776 0 4
cpu 14 168529 0 51487 3015005 6930 0 6
cpu 17 153524 0 49769 3031150 6998 0 2
cpu 16 163442 0 48105 3024877 5962 0 2
cpu 19 135001 0 37294 3063662 6226 0 1
cpu 18 180904 5 36512 3018495 6500 0 2
cpu 1 246515 0 62359 2918014 8676 0 886
cpu 0 270045 45 47545 2884358 10371 0 1161
cpu 3 266711 0 77850 2886666 7928 0 598
cpu 2 261713 0 74956 2892789 9762 0 193
cpu 5 265592 0 79112 2888170 7839 0 456
cpu 4 262348 1 79737 2889420 8313 0 115
cpu 7 208591 0 76793 2947939 6968 0 542
cpu 6 255914 0 77685 2899317 8194 0 329
cpu 9 186348 0 54288 2990480 8016 0 378
cpu 8 187585 0 61894 2983132 6581 0 340
mem 1 99033092 96107716 2925376 374404 1964568 124 0 2107060 1081292 232460 7252 0 0 176196 2048 0 0
mem 0 97636988 55497144 42139844 702432 40218916 176 0 40424816 7935272 500052 28768 0 0 464184 6144 0 0
net vnet45 0 0 505136 0 0 0 0 0 0 0 0 0 2753 0 485625 0 0 0 0 0 0 2310 0
net lo 0 0 4143624 0 0 0 0 0 0 0 0 0 32877 0 4143624 0 0 0 0 0 0 32877 0
net vnet44 0 0 239894 0 0 0 0 0 0 0 0 0 1170 0 208718 0 0 0 0 0 0 1196 0
net eno1 0 162685 40340864400 0 0 385 0 0 0 0 0 0 30385329 0 1231501874 0 0 0 0 0 0 5975347 0
net virbr0 0 848 9964917155 0 0 0 0 0 0 0 0 0 39741301 0 38384019363 0 0 0 0 0 0 23528459 0
numa 1 120006508 18781169 10118603 29535 119962187 18825473
numa 0 119340299 10118603 18781169 29710 119338581 10119878
ps - 503223375 422365 559 564 514 7 711
sysv_shm - 0 0
tmpfs /run/lock 0 6
tmpfs /run 2125824 1105
tmpfs /run/user/20029 0 20
tmpfs /run/qemu 0 1
tmpfs /dev/shm 37615726592 105411
vfs - 133950 5304 184207
vm - 4 25325097 440388127 252318 1617408 266837644 310786040 85282962 6618706 221841492 56890 0 0 0 0 0 1811072 0 311878 5997 0 1618108 94 0 3 0 0

1778477737.565701 0 node0.mimesys-workload.ldos-ut-pg0.wisc.cloudlab.us
block sda 641890 211338 50642728 349535 2709338 17785059 880777207 13079701 0 2417644 13717643
block sdb 509 0 7540 473 4 0 0 0 0 600 474
cpu 11 194614 0 56958 2981971 7320 0 5
cpu 10 221082 2 51981 2961506 9487 0 6
cpu 13 189081 0 52557 2992406 6878 0 5
cpu 12 193424 0 51570 2989362 7635 0 2
cpu 15 174956 2 50066 3009404 6776 0 4
cpu 14 168530 0 51488 3015106 6930 0 6
cpu 17 153524 0 49771 3031252 6998 0 2
cpu 16 163442 0 48106 3024979 5962 0 2
cpu 19 135004 0 37297 3063760 6226 0 1
cpu 18 180905 5 36513 3018596 6500 0 2
cpu 1 246516 0 62361 2918113 8676 0 886
cpu 0 270049 45 47549 2884453 10371 0 1161
cpu 3 266713 0 77853 2886764 7928 0 598
cpu 2 261714 0 74958 2892889 9762 0 193
cpu 5 265603 0 79118 2888259 7839 0 456
cpu 4 262351 1 79739 2889519 8313 0 115
cpu 7 208593 0 76795 2948038 6968 0 542
cpu 6 255916 0 77687 2899415 8194 0 329
cpu 9 186413 0 54290 2990516 8016 0 378
cpu 8 187660 0 61896 2983158 6581 0 340
mem 1 99033092 96118992 2914100 374396 1963304 112 0 2107060 1080552 230680 6836 0 0 176188 2048 0 0
mem 0 97636988 55505432 42131556 702440 40218676 176 0 40424816 7934524 499808 28832 0 0 464296 6144 0 0
net vnet45 0 0 510140 0 0 0 0 0 0 0 0 0 2780 0 490313 0 0 0 0 0 0 2331 0
net lo 0 0 4144181 0 0 0 0 0 0 0 0 0 32881 0 4144181 0 0 0 0 0 0 32881 0
net vnet44 0 0 239894 0 0 0 0 0 0 0 0 0 1170 0 208718 0 0 0 0 0 0 1196 0
net eno1 0 162685 40340869377 0 0 385 0 0 0 0 0 0 30385404 0 1231502219 0 0 0 0 0 0 5975350 0
net virbr0 0 848 9964921781 0 0 0 0 0 0 0 0 0 39741328 0 38384024051 0 0 0 0 0 0 23528480 0
numa 1 120011179 18781169 10118603 29535 119966858 18825473
numa 0 119349840 10118603 18781169 29710 119348123 10119878
ps - 503232612 422490 559 564 514 6 711
sysv_shm - 0 0
tmpfs /run/lock 0 6
tmpfs /run 2125824 1105
tmpfs /run/user/20029 0 20
tmpfs /run/qemu 0 1
tmpfs /dev/shm 37615726592 105411
vfs - 133956 5304 184347
vm - 4 25325097 440388603 252318 1617408 266851839 310800743 85282969 6618706 221863502 56890 0 0 0 0 0 1811072 0 311878 5997 0 1618108 94 0 3 0 0

1778477738.607311 0 node0.mimesys-workload.ldos-ut-pg0.wisc.cloudlab.us
block sda 641890 211338 50642728 349535 2709340 17785060 880777231 13079702 0 2417648 13717644
block sdb 509 0 7540 473 4 0 0 0 0 600 474
cpu 11 194682 0 56960 2982006 7320 0 5
cpu 10 221142 2 51983 2961546 9487 0 6
cpu 13 189156 0 52559 2992432 6878 0 5
cpu 12 193503 0 51571 2989385 7635 0 2
cpu 15 174957 2 50069 3009504 6776 0 4
cpu 14 168532 0 51489 3015207 6930 0 6
cpu 17 153525 0 49772 3031353 6998 0 2
cpu 16 163443 0 48108 3025080 5962 0 2
cpu 19 135005 0 37299 3063862 6226 0 1
cpu 18 180906 5 36514 3018698 6500 0 2
cpu 1 246523 0 62363 2918208 8676 0 886
cpu 0 270051 45 47553 2884551 10371 0 1161
cpu 3 266714 0 77855 2886864 7928 0 598
cpu 2 261718 0 74962 2892984 9762 0 193
cpu 5 265606 0 79120 2888358 7839 0 456
cpu 4 262354 1 79740 2889617 8313 0 115
cpu 7 208595 0 76797 2948137 6968 0 542
cpu 6 255920 0 77688 2899515 8194 0 329
cpu 9 186488 0 54291 2990544 8016 0 378
cpu 8 187728 0 61897 2983193 6581 0 340
mem 1 99033092 96114472 2918620 374468 1964720 120 0 2107060 1080256 232284 7460 0 0 176268 2048 0 0
mem 0 97636988 55513124 42123864 702432 40221124 232 0 40424820 7935036 502036 28756 0 0 464312 6144 0 0
net vnet45 0 0 513276 0 0 0 0 0 0 0 0 0 2797 0 494055 0 0 0 0 0 0 2344 0
net lo 0 0 4145348 0 0 0 0 0 0 0 0 0 32889 0 4145348 0 0 0 0 0 0 32889 0
net vnet44 0 0 239894 0 0 0 0 0 0 0 0 0 1170 0 208770 0 0 0 0 0 0 1197 0
net eno1 0 162698 40340875108 0 0 385 0 0 0 0 0 0 30385490 0 1231502665 0 0 0 0 0 0 5975354 0
net virbr0 0 848 9964924679 0 0 0 0 0 0 0 0 0 39741345 0 38384027741 0 0 0 0 0 0 23528492 0
numa 1 120019373 18781169 10118603 29535 119975052 18825473
numa 0 119355898 10118603 18781169 29710 119354181 10119878
ps - 503240185 422612 559 564 514 6 711
sysv_shm - 0 0
tmpfs /run/lock 0 6
tmpfs /run 2125824 1105
tmpfs /run/user/20029 0 20
tmpfs /run/qemu 0 1
tmpfs /dev/shm 37615726592 105411
vfs - 133942 5264 184206
vm - 4 25325097 440388615 252318 1617408 266866090 310814624 85282972 6618706 221885850 56890 0 0 0 0 0 1811072 0 311878 5997 0 1618108 94 0 3 0 0

1778477739.648093 0 node0.mimesys-workload.ldos-ut-pg0.wisc.cloudlab.us
block sda 641890 211338 50642728 349535 2709344 17785060 880777407 13079703 0 2417652 13717645
block sdb 509 0 7540 473 4 0 0 0 0 600 474
cpu 11 194756 0 56962 2982030 7320 0 5
cpu 10 221222 2 51984 2961567 9487 0 6
cpu 13 189219 0 52560 2992464 6878 0 5
cpu 12 193576 0 51572 2989413 7635 0 2
cpu 15 174957 2 50071 3009606 6776 0 4
cpu 14 168532 0 51490 3015309 6930 0 6
cpu 17 153526 0 49773 3031455 6998 0 2
cpu 16 163445 0 48110 3025181 5962 0 2
cpu 19 135007 0 37303 3063959 6226 0 1
cpu 18 180907 5 36517 3018799 6500 0 2
cpu 1 246524 0 62365 2918308 8676 0 886
cpu 0 270052 45 47555 2884651 10371 0 1161
cpu 3 266716 0 77857 2886964 7928 0 598
cpu 2 261721 0 74965 2893082 9762 0 193
cpu 5 265608 0 79122 2888457 7839 0 456
cpu 4 262356 1 79742 2889716 8313 0 115
cpu 7 208597 0 76799 2948236 6968 0 542
cpu 6 255923 0 77690 2899615 8194 0 329
cpu 9 186570 0 54291 2990564 8016 0 378
cpu 8 187808 0 61898 2983211 6581 0 340
mem 1 99033092 96110944 2922148 374460 1964500 124 0 2107060 1080528 232012 7408 0 0 176236 2048 0 0
mem 0 97636988 55511276 42125712 702404 40217724 240 0 40424820 7934316 498836 28400 0 0 464288 6144 0 0
net vnet45 0 0 515210 0 0 0 0 0 0 0 0 0 2808 0 495053 0 0 0 0 0 0 2353 0
net lo 0 0 4145905 0 0 0 0 0 0 0 0 0 32893 0 4145905 0 0 0 0 0 0 32893 0
net vnet44 0 0 239894 0 0 0 0 0 0 0 0 0 1170 0 208770 0 0 0 0 0 0 1197 0
net eno1 0 162698 40340881045 0 0 385 0 0 0 0 0 0 30385581 0 1231503010 0 0 0 0 0 0 5975357 0
net virbr0 0 848 9964926459 0 0 0 0 0 0 0 0 0 39741356 0 38384028739 0 0 0 0 0 0 23528501 0
numa 1 120025883 18781169 10118603 29535 119981562 18825473
numa 0 119362046 10118603 18781169 29710 119360329 10119878
ps - 503249032 422728 559 564 514 5 711
sysv_shm - 0 0
tmpfs /run/lock 0 6
tmpfs /run 2125824 1105
tmpfs /run/user/20029 0 20
tmpfs /run/qemu 0 1
tmpfs /dev/shm 37615726592 105411
vfs - 133941 5224 184212
vm - 4 25325097 440388703 252318 1617408 266878748 310827648 85282974 6618706 221905672 56890 0 0 0 0 0 1811072 0 311878 5997 0 1618108 94 0 3 0 0

1778477740.687222 0 node0.mimesys-workload.ldos-ut-pg0.wisc.cloudlab.us
block sda 641890 211338 50642728 349535 2709425 17785060 880778151 13079715 0 2417656 13717658
block sdb 509 0 7540 473 4 0 0 0 0 600 474
cpu 11 194826 0 56964 2982059 7320 0 5
cpu 10 221300 2 51987 2961591 9487 0 6
cpu 13 189293 0 52561 2992491 6878 0 5
cpu 12 193653 0 51574 2989435 7635 0 2
cpu 15 174958 2 50072 3009707 6776 0 4
cpu 14 168533 0 51492 3015410 6930 0 6
cpu 17 153528 0 49774 3031556 6998 0 2
cpu 16 163445 0 48111 3025283 5962 0 2
cpu 19 135009 0 37306 3064057 6226 0 1
cpu 18 180908 5 36518 3018901 6500 0 2
cpu 1 246526 0 62366 2918408 8676 0 886
cpu 0 270057 45 47558 2884747 10371 0 1161
cpu 3 266718 0 77858 2887064 7928 0 598
cpu 2 261728 0 74969 2893176 9762 0 193
cpu 5 265614 0 79124 2888554 7839 0 456
cpu 4 262358 1 79743 2889815 8313 0 115
cpu 7 208600 0 76800 2948335 6968 0 542
cpu 6 255926 0 77692 2899714 8194 0 329
cpu 9 186654 0 54293 2990580 8016 0 378
cpu 8 187893 0 61898 2983231 6581 0 340
mem 1 99033092 96107420 2925672 374440 1963916 84 0 2107060 1080508 231380 7168 0 0 176252 2048 0 0
mem 0 97636988 55505992 42130996 702424 40218796 136 0 40424824 7934592 499448 28680 0 0 464144 6144 0 0
net vnet45 0 0 520280 0 0 0 0 0 0 0 0 0 2836 0 499793 0 0 0 0 0 0 2375 0
net lo 0 0 4147072 0 0 0 0 0 0 0 0 0 32901 0 4147072 0 0 0 0 0 0 32901 0
net vnet44 0 0 239894 0 0 0 0 0 0 0 0 0 1170 0 208822 0 0 0 0 0 0 1198 0
net eno1 0 162704 40340888156 0 0 385 0 0 0 0 0 0 30385690 0 1231503456 0 0 0 0 0 0 5975361 0
net virbr0 0 848 9964931137 0 0 0 0 0 0 0 0 0 39741384 0 38384033427 0 0 0 0 0 0 23528522 0
numa 1 120031669 18781169 10118603 29535 119987348 18825473
numa 0 119370587 10118603 18781169 29710 119368870 10119878
ps - 503257714 422850 559 564 514 6 711
sysv_shm - 0 0
tmpfs /run/lock 0 6
tmpfs /run 2125824 1105
tmpfs /run/user/20029 0 20
tmpfs /run/qemu 0 1
tmpfs /dev/shm 37615726592 105411
vfs - 133956 5264 184332
vm - 4 25325097 440389075 252318 1617408 266893075 310841976 85282980 6618706 221928250 56890 0 0 0 0 0 1811072 0 311878 5997 0 1618108 94 0 3 0 0

1778477741.727114 0 node0.mimesys-workload.ldos-ut-pg0.wisc.cloudlab.us
block sda 641890 211338 50642728 349535 2709431 17785073 880778303 13079716 0 2417660 13717659
block sdb 509 0 7540 473 4 0 0 0 0 600 474
cpu 11 194903 0 56966 2982083 7320 0 5
cpu 10 221379 2 51987 2961615 9487 0 6
cpu 13 189368 0 52561 2992516 6878 0 5
cpu 12 193720 0 51575 2989469 7635 0 2
cpu 15 174960 2 50074 3009808 6776 0 4
cpu 14 168534 0 51494 3015511 6930 0 6
cpu 17 153528 0 49776 3031658 6998 0 2
cpu 16 163447 0 48111 3025384 5962 0 2
cpu 19 135011 0 37306 3064159 6226 0 1
cpu 18 180911 5 36521 3019000 6500 0 2
cpu 1 246527 0 62368 2918508 8676 0 886
cpu 0 270058 45 47560 2884846 10371 0 1161
cpu 3 266721 0 77861 2887163 7928 0 598
cpu 2 261730 0 74971 2893275 9762 0 193
cpu 5 265616 0 79125 2888653 7839 0 456
cpu 4 262360 1 79746 2889913 8313 0 115
cpu 7 208602 0 76803 2948434 6968 0 542
cpu 6 255928 0 77694 2899814 8194 0 329
cpu 9 186734 0 54294 2990604 8016 0 378
cpu 8 187972 0 61901 2983252 6581 0 340
mem 1 99033092 96105152 2927940 374420 1964952 100 0 2107064 1081360 232448 6964 0 0 176204 2048 0 0
mem 0 97636988 55517464 42119524 702440 40219724 156 0 40424828 7934760 501332 28920 0 0 464184 6144 0 0
net vnet45 0 0 520280 0 0 0 0 0 0 0 0 0 2836 0 499793 0 0 0 0 0 0 2375 0
net lo 0 0 4148239 0 0 0 0 0 0 0 0 0 32909 0 4148239 0 0 0 0 0 0 32909 0
net vnet44 0 0 239894 0 0 0 0 0 0 0 0 0 1170 0 208822 0 0 0 0 0 0 1198 0
net eno1 0 162704 40340893844 0 0 385 0 0 0 0 0 0 30385770 0 1231503902 0 0 0 0 0 0 5975365 0
net virbr0 0 848 9964931137 0 0 0 0 0 0 0 0 0 39741384 0 38384033427 0 0 0 0 0 0 23528522 0
numa 1 120037090 18781169 10118603 29535 119992769 18825473
numa 0 119378846 10118603 18781169 29710 119377129 10119878
ps - 503265751 422971 554 563 514 6 711
sysv_shm - 0 0
tmpfs /run/lock 0 6
tmpfs /run 2125824 1105
tmpfs /run/user/20029 0 20
tmpfs /run/qemu 0 1
tmpfs /dev/shm 37615726592 105411
vfs - 133942 5224 184213
vm - 4 25325097 440389151 252318 1617408 266906768 310855621 85282984 6618706 221949978 56890 0 0 0 0 0 1811072 0 311878 5997 0 1618108 94 0 3 0 0

1778477742.765592 0 node0.mimesys-workload.ldos-ut-pg0.wisc.cloudlab.us
block sda 641890 211338 50642728 349535 2709445 17785073 880778479 13079724 0 2417668 13717667
block sdb 509 0 7540 473 4 0 0 0 0 600 474
cpu 11 194985 0 56966 2982102 7320 0 5
cpu 10 221452 2 51989 2961638 9487 0 6
cpu 13 189441 0 52564 2992543 6878 0 5
cpu 12 193802 0 51577 2989487 7635 0 2
cpu 15 174962 2 50076 3009907 6776 0 4
cpu 14 168534 0 51496 3015612 6930 0 6
cpu 17 153529 0 49777 3031759 6998 0 2
cpu 16 163447 0 48113 3025486 5962 0 2
cpu 19 135013 0 37311 3064257 6226 0 1
cpu 18 180912 5 36522 3019101 6500 0 2
cpu 1 246528 0 62370 2918608 8676 0 886
cpu 0 270059 45 47562 2884945 10371 0 1161
cpu 3 266722 0 77865 2887261 7928 0 598
cpu 2 261736 0 74973 2893370 9762 0 193
cpu 5 265619 0 79127 2888752 7839 0 456
cpu 4 262361 1 79748 2890013 8313 0 115
cpu 7 208605 0 76805 2948533 6968 0 542
cpu 6 255929 0 77696 2899914 8194 0 329
cpu 9 186815 0 54295 2990624 8016 0 378
cpu 8 188047 0 61902 2983278 6581 0 340
mem 1 99033092 96100364 2932728 374464 1964348 140 0 2107072 1080472 231820 7420 0 0 176244 2048 0 0
mem 0 97636988 55515448 42121540 702412 40218016 196 0 40424828 7934316 499124 28460 0 0 464164 6144 0 0
net vnet45 0 0 525350 0 0 0 0 0 0 0 0 0 2864 0 504533 0 0 0 0 0 0 2397 0
net lo 0 0 4148796 0 0 0 0 0 0 0 0 0 32913 0 4148796 0 0 0 0 0 0 32913 0
net vnet44 0 0 239894 0 0 0 0 0 0 0 0 0 1170 0 208874 0 0 0 0 0 0 1199 0
net eno1 0 162713 40340899841 0 0 385 0 0 0 0 0 0 30385862 0 1231504247 0 0 0 0 0 0 5975368 0
net virbr0 0 848 9964935815 0 0 0 0 0 0 0 0 0 39741412 0 38384038115 0 0 0 0 0 0 23528543 0
numa 1 120043205 18781169 10118603 29535 119998884 18825473
numa 0 119385779 10118603 18781169 29710 119384062 10119878
ps - 503273841 423087 554 563 514 4 709
sysv_shm - 0 0
tmpfs /run/lock 0 6
tmpfs /run 2125824 1105
tmpfs /run/user/20029 0 20
tmpfs /run/qemu 0 1
tmpfs /dev/shm 37615726592 105411
vfs - 133941 5264 184200
vm - 4 25325097 440389239 252318 1617408 266919803 310868692 85282986 6618706 221970270 56890 0 0 0 0 0 1811072 0 311878 5997 0 1618108 94 0 3 0 0

1778477743.800053 0 node0.mimesys-workload.ldos-ut-pg0.wisc.cloudlab.us
block sda 641890 211338 50642728 349535 2709447 17785073 880778503 13079725 0 2417672 13717668
block sdb 509 0 7540 473 4 0 0 0 0 600 474
cpu 11 195065 0 56968 2982123 7320 0 5
cpu 10 221528 2 51990 2961661 9487 0 6
cpu 13 189517 0 52566 2992568 6878 0 5
cpu 12 193879 0 51579 2989511 7635 0 2
cpu 15 174964 2 50077 3010007 6776 0 4
cpu 14 168534 0 51498 3015713 6930 0 6
cpu 17 153530 0 49779 3031860 6998 0 2
cpu 16 163449 0 48114 3025586 5962 0 2
cpu 19 135015 0 37314 3064354 6226 0 1
cpu 18 180917 5 36524 3019197 6500 0 2
cpu 1 246529 0 62372 2918707 8676 0 886
cpu 0 270061 45 47564 2885044 10371 0 1161
cpu 3 266725 0 77868 2887360 7928 0 598
cpu 2 261739 0 74976 2893467 9762 0 193
cpu 5 265622 0 79130 2888847 7839 0 456
cpu 4 262368 1 79750 2890108 8313 0 115
cpu 7 208607 0 76809 2948631 6968 0 542
cpu 6 255932 0 77698 2900012 8194 0 329
cpu 9 186895 0 54296 2990645 8016 0 378
cpu 8 188118 0 61904 2983308 6581 0 340
mem 1 99033092 96097340 2935752 374460 1964136 132 0 2107080 1080492 231540 7252 0 0 176308 2048 0 0
mem 0 97636988 55510920 42126068 702420 40219736 196 0 40424828 7935040 500892 28564 0 0 464156 6144 0 0
net vnet45 0 0 528486 0 0 0 0 0 0 0 0 0 2881 0 508223 0 0 0 0 0 0 2409 0
net lo 0 0 4149963 0 0 0 0 0 0 0 0 0 32921 0 4149963 0 0 0 0 0 0 32921 0
net vnet44 0 0 239894 0 0 0 0 0 0 0 0 0 1170 0 208874 0 0 0 0 0 0 1199 0
net eno1 0 162713 40340905533 0 0 385 0 0 0 0 0 0 30385942 0 1231504693 0 0 0 0 0 0 5975372 0
net virbr0 0 848 9964938713 0 0 0 0 0 0 0 0 0 39741429 0 38384041805 0 0 0 0 0 0 23528555 0
numa 1 120049172 18781169 10118603 29535 120004851 18825473
numa 0 119394074 10118603 18781169 29710 119392357 10119878
ps - 503283212 423215 554 563 514 7 716
sysv_shm - 0 0
tmpfs /run/lock 0 6
tmpfs /run 2125824 1105
tmpfs /run/user/20029 0 20
tmpfs /run/qemu 0 1
tmpfs /dev/shm 37615726592 105411
vfs - 133959 5264 184372
vm - 4 25325097 440389251 252318 1617408 266934068 310882545 85282994 6618706 221992604 56890 0 0 0 0 0 1811072 0 311878 5997 0 1618108 94 0 3 0 0

1778477744.828304 0 node0.mimesys-workload.ldos-ut-pg0.wisc.cloudlab.us
block sda 641891 211338 50642984 349536 2709451 17785073 880778535 13079726 0 2417680 13717670
block sdb 509 0 7540 473 4 0 0 0 0 600 474
cpu 11 195145 0 56969 2982143 7320 0 5
cpu 10 221602 2 51991 2961687 9487 0 6
cpu 13 189596 0 52567 2992590 6878 0 5
cpu 12 193962 0 51581 2989528 7635 0 2
cpu 15 174965 2 50079 3010107 6776 0 4
cpu 14 168535 0 51500 3015814 6930 0 6
cpu 17 153531 0 49779 3031962 6998 0 2
cpu 16 163450 0 48116 3025687 5962 0 2
cpu 19 135016 0 37315 3064455 6226 0 1
cpu 18 180918 5 36525 3019298 6500 0 2
cpu 1 246530 0 62374 2918806 8676 0 886
cpu 0 270061 45 47568 2885141 10371 0 1161
cpu 3 266726 0 77870 2887459 7928 0 598
cpu 2 261740 0 74977 2893565 9762 0 193
cpu 5 265622 0 79133 2888946 7839 0 456
cpu 4 262369 1 79752 2890206 8313 0 115
cpu 7 208608 0 76812 2948730 6968 0 542
cpu 6 255934 0 77699 2900110 8194 0 329
cpu 9 186966 0 54298 2990670 8016 0 378
cpu 8 188183 0 61905 2983340 6581 0 340
mem 1 99033092 96094824 2938268 374424 1964040 140 0 2107080 1080472 231544 7044 0 0 176300 2048 0 0
mem 0 97636988 55535884 42101104 702452 40218588 208 0 40424956 7934380 499648 28816 0 0 464224 6144 0 0
net vnet45 0 0 530420 0 0 0 0 0 0 0 0 0 2892 0 509273 0 0 0 0 0 0 2419 0
net lo 0 0 4150520 0 0 0 0 0 0 0 0 0 32925 0 4150520 0 0 0 0 0 0 32925 0
net vnet44 0 0 239894 0 0 0 0 0 0 0 0 0 1170 0 208926 0 0 0 0 0 0 1200 0
net eno1 0 162726 40340911770 0 0 385 0 0 0 0 0 0 30386038 0 1231505038 0 0 0 0 0 0 5975375 0
net virbr0 0 848 9964940493 0 0 0 0 0 0 0 0 0 39741440 0 38384042803 0 0 0 0 0 0 23528564 0
numa 1 120052125 18781169 10118603 29535 120007804 18825473
numa 0 119403778 10118603 18781169 29710 119402061 10119878
ps - 503291227 423331 554 563 514 6 716
sysv_shm - 0 0
tmpfs /run/lock 0 6
tmpfs /run 2125824 1105
tmpfs /run/user/20029 0 20
tmpfs /run/qemu 0 1
tmpfs /dev/shm 37615726592 105411
vfs - 133941 5304 184242
vm - 4 25325225 440389267 252318 1617408 266946722 310895490 85283001 6618706 222012370 56890 0 0 0 0 0 1811072 0 311878 5997 0 1618108 94 0 3 0 0

1778477745.869929 0 node0.mimesys-workload.ldos-ut-pg0.wisc.cloudlab.us
block sda 641893 211338 50643120 349537 2709531 17785073 880779239 13079746 0 2417688 13717691
block sdb 509 0 7540 473 4 0 0 0 0 600 474
cpu 11 195220 0 56973 2982169 7320 0 5
cpu 10 221676 2 51994 2961713 9487 0 6
cpu 13 189670 0 52570 2992618 6878 0 5
cpu 12 194029 0 51584 2989557 7635 0 2
cpu 15 174966 2 50080 3010208 6776 0 4
cpu 14 168536 0 51502 3015914 6930 0 6
cpu 17 153532 0 49781 3032063 6998 0 2
cpu 16 163451 0 48117 3025789 5962 0 2
cpu 19 135020 0 37318 3064553 6226 0 1
cpu 18 180918 5 36526 3019398 6500 0 2
cpu 1 246533 0 62376 2918905 8676 0 886
cpu 0 270063 45 47570 2885241 10371 0 1161
cpu 3 266727 0 77872 2887559 7928 0 598
cpu 2 261742 0 74981 2893663 9762 0 193
cpu 5 265624 0 79134 2889047 7839 0 456
cpu 4 262374 1 79753 2890303 8313 0 115
cpu 7 208609 0 76814 2948831 6968 0 542
cpu 6 255938 0 77699 2900208 8194 0 329
cpu 9 187035 0 54300 2990699 8016 0 378
cpu 8 188258 0 61906 2983365 6581 0 340
mem 1 99033092 96088064 2945028 374460 1964216 92 0 2107084 1080504 231716 7256 0 0 176380 2048 0 0
mem 0 97636988 55534624 42102364 702420 40217904 128 0 40425024 7934648 499260 28564 0 0 464188 6144 0 0
net vnet45 0 0 535424 0 0 0 0 0 0 0 0 0 2919 0 513961 0 0 0 0 0 0 2440 0
net lo 0 0 4151687 0 0 0 0 0 0 0 0 0 32933 0 4151687 0 0 0 0 0 0 32933 0
net vnet44 0 0 239894 0 0 0 0 0 0 0 0 0 1170 0 208926 0 0 0 0 0 0 1200 0
net eno1 0 162726 40340917501 0 0 385 0 0 0 0 0 0 30386124 0 1231505484 0 0 0 0 0 0 5975379 0
net virbr0 0 848 9964945119 0 0 0 0 0 0 0 0 0 39741467 0 38384047491 0 0 0 0 0 0 23528585 0
numa 1 120060163 18781169 10118603 29535 120015842 18825473
numa 0 119410090 10118603 18781169 29710 119408373 10119878
ps - 503300389 423453 558 564 515 5 716
sysv_shm - 0 0
tmpfs /run/lock 0 6
tmpfs /run 2125824 1105
tmpfs /run/user/20029 0 20
tmpfs /run/qemu 0 1
tmpfs /dev/shm 37615726592 105411
vfs - 133941 5304 184242
vm - 4 25325293 440389619 252318 1617408 266961072 310909844 85283011 6618706 222034922 56891 0 0 0 0 0 1811072 0 311878 5997 0 1618108 94 0 3 0 0

1778477746.907401 0 node0.mimesys-workload.ldos-ut-pg0.wisc.cloudlab.us
block sda 641893 211338 50643120 349537 2709536 17785085 880779375 13079747 0 2417692 13717692
block sdb 509 0 7540 473 4 0 0 0 0 600 474
cpu 11 195282 0 56975 2982207 7320 0 5
cpu 10 221729 2 51994 2961759 9487 0 6
cpu 13 189731 0 52573 2992654 6878 0 5
cpu 12 194086 0 51586 2989599 7635 0 2
cpu 15 174968 2 50082 3010308 6776 0 4
cpu 14 168537 0 51504 3016014 6930 0 6
cpu 17 153532 0 49783 3032164 6998 0 2
cpu 16 163452 0 48118 3025889 5962 0 2
cpu 19 135024 0 37322 3064650 6226 0 1
cpu 18 180920 5 36528 3019499 6500 0 2
cpu 1 246535 0 62378 2919004 8676 0 886
cpu 0 270063 45 47573 2885340 10371 0 1161
cpu 3 266729 0 77876 2887656 7928 0 598
cpu 2 261746 0 74981 2893761 9762 0 193
cpu 5 265625 0 79137 2889146 7839 0 456
cpu 4 262376 1 79754 2890403 8313 0 115
cpu 7 208612 0 76816 2948931 6968 0 542
cpu 6 255940 0 77701 2900307 8194 0 329
cpu 9 187108 0 54302 2990728 8016 0 378
cpu 8 188327 0 61908 2983394 6581 0 340
mem 1 99033092 96085296 2947796 374456 1963848 116 0 2107092 1081360 231300 7188 0 0 176524 2048 0 0
mem 0 97636988 55531104 42105884 702420 40221664 172 0 40425024 7934828 503008 28700 0 0 464156 6144 0 0
net vnet45 0 0 535424 0 0 0 0 0 0 0 0 0 2919 0 514013 0 0 0 0 0 0 2441 0
net lo 0 0 4152854 0 0 0 0 0 0 0 0 0 32941 0 4152854 0 0 0 0 0 0 32941 0
net vnet44 0 0 239894 0 0 0 0 0 0 0 0 0 1170 0 208978 0 0 0 0 0 0 1201 0
net eno1 0 162735 40340924464 0 0 385 0 0 0 0 0 0 30386226 0 1231505930 0 0 0 0 0 0 5975383 0
net virbr0 0 848 9964945119 0 0 0 0 0 0 0 0 0 39741467 0 38384047491 0 0 0 0 0 0 23528585 0
numa 1 120067055 18781169 10118603 29535 120022734 18825473
numa 0 119416972 10118603 18781169 29710 119415255 10119878
ps - 503307792 423574 558 564 515 9 721
sysv_shm - 0 0
tmpfs /run/lock 0 6
tmpfs /run 2125824 1105
tmpfs /run/user/20029 0 20
tmpfs /run/qemu 0 1
tmpfs /dev/shm 37615726592 105411
vfs - 133970 5384 184386
vm - 4 25325293 440389687 252318 1617408 266974848 310922608 85283015 6618706 222056423 56891 0 0 0 0 0 1811072 0 311878 5997 0 1618108 94 0 3 0 0

1778477747.944054 0 node0.mimesys-workload.ldos-ut-pg0.wisc.cloudlab.us
block sda 641893 211338 50643120 349537 2709547 17785085 880779527 13079753 0 2417700 13717699
block sdb 509 0 7540 473 4 0 0 0 0 600 474
cpu 11 195344 0 56976 2982241 7320 0 5
cpu 10 221812 2 51996 2961776 9487 0 6
cpu 13 189803 0 52575 2992683 6878 0 5
cpu 12 194168 0 51587 2989616 7635 0 2
cpu 15 174968 2 50084 3010408 6776 0 4
cpu 14 168538 0 51506 3016115 6930 0 6
cpu 17 153533 0 49784 3032265 6998 0 2
cpu 16 163454 0 48120 3025990 5962 0 2
cpu 19 135024 0 37324 3064750 6226 0 1
cpu 18 180921 5 36529 3019599 6500 0 2
cpu 1 246537 0 62380 2919103 8676 0 886
cpu 0 270066 45 47576 2885437 10371 0 1161
cpu 3 266731 0 77878 2887756 7928 0 598
cpu 2 261750 0 74986 2893856 9762 0 193
cpu 5 265628 0 79139 2889244 7839 0 456
cpu 4 262377 1 79756 2890503 8313 0 115
cpu 7 208618 0 76818 2949025 6968 0 542
cpu 6 255944 0 77701 2900407 8194 0 329
cpu 9 187190 0 54302 2990745 8016 0 378
cpu 8 188393 0 61910 2983426 6582 0 340
mem 1 99033092 96083032 2950060 374488 1964212 104 16 2107092 1080472 231660 7324 0 0 176388 2048 0 0
mem 0 97636988 55528588 42108400 702408 40218184 172 12 40425028 7934384 499480 28500 0 0 464228 6144 0 0
net vnet45 0 0 540362 0 0 0 0 0 0 0 0 0 2945 0 518701 0 0 0 0 0 0 2462 0
net lo 0 0 4153411 0 0 0 0 0 0 0 0 0 32945 0 4153411 0 0 0 0 0 0 32945 0
net vnet44 0 0 239894 0 0 0 0 0 0 0 0 0 1170 0 208978 0 0 0 0 0 0 1201 0
net eno1 0 162735 40340930431 0 0 385 0 0 0 0 0 0 30386317 0 1231506365 0 0 0 0 0 0 5975387 0
net virbr0 0 848 9964949693 0 0 0 0 0 0 0 0 0 39741493 0 38384052179 0 0 0 0 0 0 23528606 0
numa 1 120073314 18781169 10118603 29535 120028993 18825473
numa 0 119424395 10118603 18781169 29710 119422678 10119878
ps - 503316108 423694 558 564 515 7 712
sysv_shm - 0 0
tmpfs /run/lock 0 6
tmpfs /run 2125824 1105
tmpfs /run/user/20029 0 20
tmpfs /run/qemu 0 1
tmpfs /dev/shm 37615726592 105411
vfs - 133938 5344 184253
vm - 4 25325293 440389763 252318 1617408 266988528 310937306 85283026 6618706 222077670 56891 0 0 0 0 0 1811072 0 311878 5997 0 1618108 94 0 3 0 0

1778477748.983501 0 node0.mimesys-workload.ldos-ut-pg0.wisc.cloudlab.us
block sda 641893 211338 50643120 349537 2709549 17785085 880779551 13079754 0 2417704 13717700
block sdb 509 0 7540 473 4 0 0 0 0 600 474
cpu 11 195412 0 56980 2982270 7320 0 5
cpu 10 221884 2 51998 2961804 9487 0 6
cpu 13 189874 0 52577 2992712 6878 0 5
cpu 12 194244 0 51589 2989640 7635 0 2
cpu 15 174970 2 50087 3010506 6776 0 4
cpu 14 168538 0 51508 3016216 6930 0 6
cpu 17 153535 0 49785 3032366 6998 0 2
cpu 16 163454 0 48122 3026091 5962 0 2
cpu 19 135026 0 37328 3064848 6226 0 1
cpu 18 180922 5 36531 3019700 6500 0 2
cpu 1 246538 0 62383 2919203 8676 0 886
cpu 0 270068 45 47578 2885535 10371 0 1161
cpu 3 266732 0 77880 2887856 7928 0 598
cpu 2 261751 0 74987 2893957 9762 0 193
cpu 5 265629 0 79140 2889344 7839 0 456
cpu 4 262382 1 79758 2890598 8313 0 115
cpu 7 208619 0 76819 2949126 6968 0 542
cpu 6 255947 0 77703 2900506 8194 0 329
cpu 9 187265 0 54304 2990770 8016 0 378
cpu 8 188467 0 61911 2983453 6582 0 340
mem 1 99033092 96076988 2956104 374480 1965720 116 0 2107092 1080492 233248 7284 0 0 176436 2048 0 0
mem 0 97636988 55524820 42112168 702408 40218856 212 0 40425032 7935300 500180 28700 0 0 464308 6144 0 0
net vnet45 0 0 543498 0 0 0 0 0 0 0 0 0 2962 0 522443 0 0 0 0 0 0 2475 0
net lo 0 0 4154578 0 0 0 0 0 0 0 0 0 32953 0 4154578 0 0 0 0 0 0 32953 0
net vnet44 0 0 239894 0 0 0 0 0 0 0 0 0 1170 0 209030 0 0 0 0 0 0 1202 0
net eno1 0 162741 40340936462 0 0 385 0 0 0 0 0 0 30386408 0 1231506811 0 0 0 0 0 0 5975391 0
net virbr0 0 848 9964952591 0 0 0 0 0 0 0 0 0 39741510 0 38384055869 0 0 0 0 0 0 23528618 0
numa 1 120081048 18781169 10118603 29535 120036727 18825473
numa 0 119430953 10118603 18781169 29710 119429236 10119878
ps - 503325137 423816 558 564 515 5 708
sysv_shm - 0 0
tmpfs /run/lock 0 6
tmpfs /run 2125824 1105
tmpfs /run/user/20029 0 20
tmpfs /run/qemu 0 1
tmpfs /dev/shm 37615726592 105411
vfs - 133941 5304 184194
vm - 4 25325293 440389775 252318 1617408 267002820 310951202 85283030 6618706 222100046 56891 0 0 0 0 0 1811072 0 311878 5997 0 1618108 94 0 3 0 0

1778477750.018642 0 node0.mimesys-workload.ldos-ut-pg0.wisc.cloudlab.us
block sda 641893 211338 50643120 349537 2709549 17785085 880779551 13079754 0 2417704 13717700
block sdb 509 0 7540 473 4 0 0 0 0 600 474
cpu 11 195483 0 56980 2982297 7320 0 5
cpu 10 221952 2 51999 2961836 9487 0 6
cpu 13 189958 0 52579 2992729 6878 0 5
cpu 12 194311 0 51592 2989673 7635 0 2
cpu 15 174971 2 50088 3010607 6776 0 4
cpu 14 168538 0 51510 3016317 6930 0 6
cpu 17 153537 0 49786 3032468 6998 0 2
cpu 16 163456 0 48124 3026191 5962 0 2
cpu 19 135028 0 37332 3064946 6226 0 1
cpu 18 180923 5 36532 3019802 6500 0 2
cpu 1 246541 0 62384 2919301 8676 0 886
cpu 0 270071 45 47580 2885634 10371 0 1161
cpu 3 266733 0 77882 2887956 7928 0 598
cpu 2 261753 0 74990 2894054 9762 0 193
cpu 5 265631 0 79142 2889444 7839 0 456
cpu 4 262384 1 79761 2890697 8313 0 115
cpu 7 208620 0 76821 2949225 6968 0 542
cpu 6 255950 0 77705 2900605 8194 0 329
cpu 9 187348 0 54307 2990789 8016 0 378
cpu 8 188534 0 61914 2983483 6582 0 340
mem 1 99033092 96090028 2943064 374456 1963540 128 0 2107092 1080476 231048 7052 0 0 176396 2048 0 0
mem 0 97636988 55521548 42115440 702444 40219340 232 0 40425036 7934384 500228 28840 0 0 464260 6144 0 0
net vnet45 0 0 545432 0 0 0 0 0 0 0 0 0 2973 0 523441 0 0 0 0 0 0 2484 0
net lo 0 0 4155135 0 0 0 0 0 0 0 0 0 32957 0 4155135 0 0 0 0 0 0 32957 0
net vnet44 0 0 239894 0 0 0 0 0 0 0 0 0 1170 0 209030 0 0 0 0 0 0 1202 0
net eno1 0 162741 40340942399 0 0 385 0 0 0 0 0 0 30386498 0 1231507156 0 0 0 0 0 0 5975394 0
net virbr0 0 848 9964954371 0 0 0 0 0 0 0 0 0 39741521 0 38384056867 0 0 0 0 0 0 23528627 0
numa 1 120085088 18781169 10118603 29535 120040767 18825473
numa 0 119439542 10118603 18781169 29710 119437825 10119878
ps - 503333257 423932 558 564 515 2 708
sysv_shm - 0 0
tmpfs /run/lock 0 6
tmpfs /run 2125824 1105
tmpfs /run/user/20029 0 20
tmpfs /run/qemu 0 1
tmpfs /dev/shm 37615726592 105411
vfs - 133955 5224 184320
vm - 4 25325293 440389775 252318 1617408 267015450 310964215 85283035 6618706 222119804 56891 0 0 0 0 0 1811072 0 311878 5997 0 1618108 94 0 3 0 0

1778477751.059553 0 node0.mimesys-workload.ldos-ut-pg0.wisc.cloudlab.us
block sda 641893 211338 50643120 349537 2709625 17785085 880780263 13079767 0 2417708 13717712
block sdb 509 0 7540 473 4 0 0 0 0 600 474
cpu 11 195543 0 56984 2982333 7320 0 5
cpu 10 222017 2 52001 2961870 9487 0 6
cpu 13 190027 0 52582 2992757 6878 0 5
cpu 12 194398 0 51593 2989686 7635 0 2
cpu 15 174972 2 50090 3010708 6776 0 4
cpu 14 168542 0 51512 3016416 6930 0 6
cpu 17 153538 0 49788 3032568 6998 0 2
cpu 16 163457 0 48126 3026292 5962 0 2
cpu 19 135030 0 37332 3065047 6226 0 1
cpu 18 180923 5 36535 3019903 6500 0 2
cpu 1 246544 0 62385 2919401 8676 0 886
cpu 0 270072 45 47582 2885733 10371 0 1161
cpu 3 266737 0 77884 2888053 7928 0 598
cpu 2 261756 0 74991 2894153 9762 0 193
cpu 5 265632 0 79145 2889543 7839 0 456
cpu 4 262387 1 79764 2890795 8313 0 115
cpu 7 208621 0 76823 2949326 6968 0 542
cpu 6 255951 0 77706 2900706 8194 0 329
cpu 9 187416 0 54308 2990820 8016 0 378
cpu 8 188608 0 61915 2983509 6582 0 340
mem 1 99033092 96085248 2947844 374460 1964000 64 0 2107092 1080524 231452 7120 0 0 176372 2048 0 0
mem 0 97636988 55519032 42117956 702440 40218748 148 0 40425036 7934716 499712 28760 0 0 464316 6144 0 0
net vnet45 0 0 550436 0 0 0 0 0 0 0 0 0 3000 0 528181 0 0 0 0 0 0 2506 0
net lo 0 0 4156302 0 0 0 0 0 0 0 0 0 32965 0 4156302 0 0 0 0 0 0 32965 0
net vnet44 0 0 239894 0 0 0 0 0 0 0 0 0 1170 0 209082 0 0 0 0 0 0 1203 0
net eno1 0 162751 40340948670 0 0 385 0 0 0 0 0 0 30386593 0 1231507602 0 0 0 0 0 0 5975398 0
net virbr0 0 848 9964958997 0 0 0 0 0 0 0 0 0 39741548 0 38384061555 0 0 0 0 0 0 23528648 0
numa 1 120092293 18781169 10118603 29535 120047972 18825473
numa 0 119446616 10118603 18781169 29710 119444899 10119878
ps - 503341702 424054 545 561 514 6 708
sysv_shm - 0 0
tmpfs /run/lock 0 6
tmpfs /run 2125824 1105
tmpfs /run/user/20029 0 20
tmpfs /run/qemu 0 1
tmpfs /dev/shm 37615726592 105411
vfs - 133939 5184 184192
vm - 4 25325293 440390131 252318 1617408 267029728 310978493 85283040 6618706 222142318 56891 0 0 0 0 0 1811072 0 311878 5997 0 1618108 94 0 3 0 0

1778477752.098209 0 node0.mimesys-workload.ldos-ut-pg0.wisc.cloudlab.us
block sda 641893 211338 50643120 349537 2709639 17785098 880780487 13079769 0 2417716 13717714
block sdb 509 0 7540 473 4 0 0 0 0 600 474
cpu 11 195616 0 56986 2982360 7320 0 5
cpu 10 222080 2 52004 2961904 9487 0 6
cpu 13 190102 0 52584 2992784 6878 0 5
cpu 12 194474 0 51594 2989711 7635 0 2
cpu 15 174972 2 50092 3010809 6776 0 4
cpu 14 168544 0 51513 3016517 6930 0 6
cpu 17 153539 0 49789 3032669 6998 0 2
cpu 16 163457 0 48129 3026393 5962 0 2
cpu 19 135031 0 37337 3065145 6226 0 1
cpu 18 180924 5 36536 3020004 6500 0 2
cpu 1 246544 0 62388 2919501 8676 0 886
cpu 0 270075 45 47583 2885832 10371 0 1161
cpu 3 266739 0 77886 2888152 7928 0 598
cpu 2 261760 0 74995 2894251 9762 0 193
cpu 5 265634 0 79148 2889640 7839 0 456
cpu 4 262389 1 79767 2890893 8313 0 115
cpu 7 208623 0 76825 2949425 6968 0 542
cpu 6 255951 0 77710 2900806 8194 0 329
cpu 9 187489 0 54310 2990847 8016 0 378
cpu 8 188672 0 61918 2983543 6582 0 340
mem 1 99033092 96082728 2950364 374456 1964168 108 0 2107100 1080920 231636 7072 0 0 176420 2048 0 0
mem 0 97636988 55516008 42120980 702444 40221176 180 0 40425044 7935276 502584 28860 0 0 464236 6144 0 0
net vnet45 0 0 550436 0 0 0 0 0 0 0 0 0 3000 0 528181 0 0 0 0 0 0 2506 0
net lo 0 0 4157469 0 0 0 0 0 0 0 0 0 32973 0 4157469 0 0 0 0 0 0 32973 0
net vnet44 0 0 239894 0 0 0 0 0 0 0 0 0 1170 0 209082 0 0 0 0 0 0 1203 0
net eno1 0 162751 40340954341 0 0 385 0 0 0 0 0 0 30386679 0 1231508048 0 0 0 0 0 0 5975402 0
net virbr0 0 848 9964958997 0 0 0 0 0 0 0 0 0 39741548 0 38384061555 0 0 0 0 0 0 23528648 0
numa 1 120098826 18781169 10118603 29535 120054504 18825474
numa 0 119453794 10118603 18781169 29710 119452077 10119878
ps - 503349843 424175 545 561 514 5 713
sysv_shm - 0 0
tmpfs /run/lock 0 6
tmpfs /run 2125824 1105
tmpfs /run/user/20029 0 20
tmpfs /run/qemu 0 1
tmpfs /dev/shm 37615726592 105411
vfs - 133953 5224 184216
vm - 4 25325293 440390243 252318 1617408 267043440 310991211 85283046 6618706 222163802 56891 0 0 0 0 0 1811072 0 311878 5997 0 1618108 94 0 3 0 0

1778477753.135194 0 node0.mimesys-workload.ldos-ut-pg0.wisc.cloudlab.us
block sda 641895 211339 50643153 349537 2709998 17785124 880784759 13079826 0 2417772 13717774
block sdb 509 0 7540 473 4 0 0 0 0 600 474
cpu 11 195698 0 56994 2982388 7320 0 5
cpu 10 222158 2 52018 2961938 9487 0 6
cpu 13 190192 0 52591 2992809 6878 0 5
cpu 12 194556 0 51602 2989740 7635 0 2
cpu 15 174972 2 50095 3010909 6776 0 4
cpu 14 168544 0 51516 3016617 6930 0 6
cpu 17 153540 0 49791 3032770 6998 0 2
cpu 16 163458 0 48132 3026493 5962 0 2
cpu 19 135036 0 37339 3065242 6226 0 1
cpu 18 180925 5 36539 3020104 6501 0 2
cpu 1 246547 0 62388 2919602 8676 0 886
cpu 0 270081 45 47584 2885926 10371 0 1161
cpu 3 266740 0 77886 2888252 7928 0 598
cpu 2 261762 0 74997 2894349 9762 0 193
cpu 5 265636 0 79150 2889741 7839 0 456
cpu 4 262389 1 79768 2890994 8313 0 115
cpu 7 208624 0 76827 2949526 6968 0 542
cpu 6 255952 0 77712 2900907 8194 0 329
cpu 9 187579 0 54314 2990867 8016 0 378
cpu 8 188758 0 61922 2983569 6582 0 340
mem 1 99033092 96080236 2952856 374508 1965272 92 0 2107108 1080524 232840 7536 0 0 176572 2048 0 0
mem 0 97636988 55511728 42125260 702404 40217236 180 0 40425044 7934724 498060 28444 0 0 464180 6144 0 0
net vnet45 0 0 555506 0 0 0 0 0 0 0 0 0 3028 0 532921 0 0 0 0 0 0 2528 0
net lo 0 0 4158026 0 0 0 0 0 0 0 0 0 32977 0 4158026 0 0 0 0 0 0 32977 0
net vnet44 0 0 239894 0 0 0 0 0 0 0 0 0 1170 0 209134 0 0 0 0 0 0 1204 0
net eno1 0 162760 40340960398 0 0 385 0 0 0 0 0 0 30386772 0 1231508393 0 0 0 0 0 0 5975405 0
net virbr0 0 848 9964963675 0 0 0 0 0 0 0 0 0 39741576 0 38384066243 0 0 0 0 0 0 23528669 0
numa 1 120108628 18781169 10118603 29535 120064306 18825474
numa 0 119457531 10118603 18781169 29710 119455814 10119878
ps - 503359697 424311 545 561 514 4 728
sysv_shm - 0 0
tmpfs /run/lock 0 6
tmpfs /run 2125824 1105
tmpfs /run/user/20029 0 20
tmpfs /run/qemu 0 1
tmpfs /dev/shm 37615726592 105411
vfs - 133954 5144 184432
vm - 4 25325309 440392379 252318 1617408 267056978 311005690 85283056 6618706 222184440 56891 0 0 0 0 0 1811072 0 311878 5997 0 1618108 94 0 3 0 0

1778477754.172758 0 node0.mimesys-workload.ldos-ut-pg0.wisc.cloudlab.us
block sda 641896 211339 50643281 349538 2710000 17785124 880784775 13079828 0 2417780 13717776
block sdb 509 0 7540 473 4 0 0 0 0 600 474
cpu 11 195779 0 57000 2982418 7320 0 5
cpu 10 222244 2 52024 2961968 9487 0 6
cpu 13 190275 0 52598 2992835 6878 0 5
cpu 12 194640 0 51607 2989766 7635 0 2
cpu 15 174973 2 50097 3011009 6776 0 4
cpu 14 168546 0 51518 3016717 6930 0 6
cpu 17 153541 0 49794 3032870 6998 0 2
cpu 16 163461 0 48134 3026590 5962 0 2
cpu 19 135038 0 37340 3065341 6226 0 1
cpu 18 180928 5 36541 3020203 6501 0 2
cpu 1 246550 0 62390 2919699 8676 0 886
cpu 0 270084 45 47588 2886022 10371 0 1161
cpu 3 266745 0 77889 2888347 7928 0 598
cpu 2 261771 0 75003 2894438 9762 0 193
cpu 5 265641 0 79152 2889836 7839 0 456
cpu 4 262392 1 79771 2891091 8313 0 115
cpu 7 208626 0 76830 2949624 6968 0 542
cpu 6 255956 0 77714 2901005 8194 0 329
cpu 9 187665 0 54319 2990895 8016 0 378
cpu 8 188845 0 61928 2983592 6582 0 340
mem 1 99033092 96087980 2945112 374464 1969884 112 0 2107172 1080972 237320 7104 0 0 176484 2048 0 0
mem 0 97636988 55482584 42154404 702460 40244680 216 0 40425492 7936064 525768 29040 0 0 464652 6144 0 0
net vnet45 0 0 558642 0 0 0 0 0 0 0 0 0 3045 0 536611 0 0 0 0 0 0 2540 0
net lo 0 0 4160125 0 0 0 0 0 0 0 0 0 32999 0 4160125 0 0 0 0 0 0 32999 0
net vnet44 0 0 239894 0 0 0 0 0 0 0 0 0 1170 0 209134 0 0 0 0 0 0 1204 0
net eno1 0 162760 40340967430 0 0 385 0 0 0 0 0 0 30386877 0 1231509014 0 0 0 0 0 0 5975411 0
net virbr0 0 848 9964966573 0 0 0 0 0 0 0 0 0 39741593 0 38384069933 0 0 0 0 0 0 23528681 0
numa 1 120115676 18781169 10118603 29535 120071354 18825474
numa 0 119474813 10118603 18781169 29710 119473096 10119878
ps - 503370270 424536 545 561 514 12 825
sysv_shm - 0 0
tmpfs /run/lock 0 6
tmpfs /run 2125824 1105
tmpfs /run/user/20029 0 20
tmpfs /run/qemu 0 1
tmpfs /dev/shm 37615726592 105411
vfs - 133956 5264 184326
vm - 4 25325373 440392387 252318 1617408 267081317 311020123 85283062 6618706 222217304 56892 0 0 0 0 0 1811072 0 311878 5997 0 1618108 94 0 3 0 0

1778477755.211900 0 node0.mimesys-workload.ldos-ut-pg0.wisc.cloudlab.us
block sda 641896 211339 50643281 349538 2710000 17785124 880784775 13079828 0 2417780 13717776
block sdb 509 0 7540 473 4 0 0 0 0 600 474
cpu 11 195851 0 57004 2982464 7320 0 5
cpu 10 222330 2 52027 2961991 9487 0 6
cpu 13 190351 0 52604 2992872 6878 0 5
cpu 12 194726 0 51610 2989798 7635 0 2
cpu 15 174974 2 50099 3011110 6776 0 4
cpu 14 168553 0 51519 3016812 6930 0 6
cpu 17 153542 0 49795 3032972 6998 0 2
cpu 16 163462 0 48136 3026691 5962 0 2
cpu 19 135040 0 37344 3065438 6226 0 1
cpu 18 180944 5 36543 3020289 6501 0 2
cpu 1 246552 0 62392 2919796 8676 0 886
cpu 0 270098 45 47591 2886109 10371 0 1161
cpu 3 266747 0 77892 2888445 7928 0 598
cpu 2 261778 0 75007 2894530 9762 0 193
cpu 5 265643 0 79155 2889933 7839 0 456
cpu 4 262395 1 79772 2891189 8313 0 115
cpu 7 208630 0 76831 2949723 6968 0 542
cpu 6 255958 0 77716 2901105 8194 0 329
cpu 9 187737 0 54323 2990938 8016 0 378
cpu 8 188933 0 61933 2983617 6582 0 340
mem 1 99033092 96078428 2954664 374456 1963332 120 0 2107172 1080480 230708 6972 0 0 176468 2048 0 0
mem 0 97636988 55515748 42121240 702464 40219064 232 0 40425048 7934388 500016 29012 0 0 464388 6144 0 0
net vnet45 0 0 560576 0 0 0 0 0 0 0 0 0 3056 0 537661 0 0 0 0 0 0 2550 0
net lo 0 0 4161261 0 0 0 0 0 0 0 0 0 33013 0 4161261 0 0 0 0 0 0 33013 0
net vnet44 0 0 239894 0 0 0 0 0 0 0 0 0 1170 0 209186 0 0 0 0 0 0 1205 0
net eno1 0 162768 40340974888 0 0 385 0 0 0 0 0 0 30386988 0 1231509359 0 0 0 0 0 0 5975414 0
net virbr0 0 848 9964968353 0 0 0 0 0 0 0 0 0 39741604 0 38384070931 0 0 0 0 0 0 23528690 0
numa 1 120120789 18781169 10118603 29535 120076467 18825474
numa 0 119486106 10118603 18781169 29710 119484389 10119878
ps - 503380543 424652 545 561 514 3 728
sysv_shm - 0 0
tmpfs /run/lock 0 6
tmpfs /run 2125824 1105
tmpfs /run/user/20029 0 20
tmpfs /run/qemu 0 1
tmpfs /dev/shm 37615726592 105411
vfs - 133939 5224 184312
vm - 4 25325373 440392387 252318 1617408 267097714 311046396 85283889 6618706 222241742 56892 0 0 0 0 0 1811072 0 311878 5997 0 1618108 94 0 3 0 0

1778477756.252608 0 node0.mimesys-workload.ldos-ut-pg0.wisc.cloudlab.us
block sda 641896 211339 50643281 349538 2710077 17785124 880785487 13079841 0 2417784 13717789
block sdb 509 0 7540 473 4 0 0 0 0 600 474
cpu 11 195928 0 57008 2982498 7320 0 5
cpu 10 222404 2 52029 2962026 9487 0 6
cpu 13 190420 0 52608 2992916 6878 0 5
cpu 12 194800 0 51615 2989834 7635 0 2
cpu 15 174976 2 50099 3011212 6776 0 4
cpu 14 168554 0 51520 3016914 6930 0 6
cpu 17 153544 0 49796 3033071 6998 0 2
cpu 16 163464 0 48136 3026791 5962 0 2
cpu 19 135042 0 37348 3065536 6226 0 1
cpu 18 180945 5 36545 3020390 6501 0 2
cpu 1 246555 0 62395 2919895 8676 0 886
cpu 0 270101 45 47594 2886205 10371 0 1161
cpu 3 266749 0 77894 2888544 7928 0 598
cpu 2 261780 0 75009 2894630 9762 0 193
cpu 5 265644 0 79159 2890032 7839 0 456
cpu 4 262397 1 79774 2891288 8313 0 115
cpu 7 208636 0 76833 2949817 6968 0 542
cpu 6 255962 0 77719 2901202 8194 0 329
cpu 9 187815 0 54328 2990968 8016 0 378
cpu 8 188995 0 61935 2983660 6582 0 340
mem 1 99033092 96075660 2957432 374456 1964096 64 0 2107172 1080528 231492 6920 0 0 176508 2048 0 0
mem 0 97636988 55510960 42126028 702468 40219964 152 0 40425056 7935200 500880 28972 0 0 464328 6144 0 0
net vnet45 0 0 563712 0 0 0 0 0 0 0 0 0 3073 0 541351 0 0 0 0 0 0 2562 0
net lo 0 0 4162428 0 0 0 0 0 0 0 0 0 33021 0 4162428 0 0 0 0 0 0 33021 0
net vnet44 0 0 239894 0 0 0 0 0 0 0 0 0 1170 0 209186 0 0 0 0 0 0 1205 0
net eno1 0 162768 40340980259 0 0 385 0 0 0 0 0 0 30387068 0 1231509805 0 0 0 0 0 0 5975418 0
net virbr0 0 848 9964971251 0 0 0 0 0 0 0 0 0 39741621 0 38384074621 0 0 0 0 0 0 23528702 0
numa 1 120126107 18781169 10118603 29535 120081785 18825474
numa 0 119494998 10118603 18781169 29710 119493281 10119878
ps - 503388247 424773 525 556 513 10 728
sysv_shm - 0 0
tmpfs /run/lock 0 6
tmpfs /run 2125824 1105
tmpfs /run/user/20029 0 20
tmpfs /run/qemu 0 1
tmpfs /dev/shm 37615726592 105411
vfs - 133957 5224 184442
vm - 4 25325373 440392743 252318 1617408 267111924 311060225 85283893 6618706 222264070 56892 0 0 0 0 0 1811072 0 311878 5997 0 1618108 94 0 3 0 0

1778477757.291171 0 node0.mimesys-workload.ldos-ut-pg0.wisc.cloudlab.us
block sda 641896 211339 50643281 349538 2710078 17785124 880785519 13079841 0 2417788 13717789
block sdb 509 0 7540 473 4 0 0 0 0 600 474
cpu 11 196004 0 57010 2982529 7320 0 5
cpu 10 222486 2 52031 2962054 9487 0 6
cpu 13 190500 0 52611 2992942 6878 0 5
cpu 12 194884 0 51620 2989857 7635 0 2
cpu 15 174978 2 50100 3011312 6776 0 4
cpu 14 168555 0 51522 3017015 6930 0 6
cpu 17 153545 0 49800 3033172 6998 0 2
cpu 16 163464 0 48139 3026892 5962 0 2
cpu 19 135044 0 37352 3065634 6226 0 1
cpu 18 180947 5 36546 3020491 6501 0 2
cpu 1 246559 0 62397 2919993 8676 0 886
cpu 0 270102 45 47596 2886304 10371 0 1161
cpu 3 266750 0 77896 2888645 7928 0 598
cpu 2 261781 0 75011 2894730 9762 0 193
cpu 5 265647 0 79162 2890131 7839 0 456
cpu 4 262402 1 79775 2891386 8313 0 115
cpu 7 208639 0 76835 2949917 6968 0 542
cpu 6 255965 0 77722 2901300 8194 0 329
cpu 9 187897 0 54330 2990996 8016 0 378
cpu 8 189080 0 61939 2983687 6582 0 340
mem 1 99033092 96085200 2947892 374476 1965044 84 0 2107172 1080792 232464 7172 0 0 176604 2048 0 0
mem 0 97636988 55509196 42127792 702448 40218620 164 0 40425056 7934668 499528 28704 0 0 464360 6144 0 0
net vnet45 0 0 565646 0 0 0 0 0 0 0 0 0 3084 0 542401 0 0 0 0 0 0 2572 0
net lo 0 0 4162985 0 0 0 0 0 0 0 0 0 33025 0 4162985 0 0 0 0 0 0 33025 0
net vnet44 0 0 239894 0 0 0 0 0 0 0 0 0 1170 0 209238 0 0 0 0 0 0 1206 0
net eno1 0 162778 40340986316 0 0 385 0 0 0 0 0 0 30387161 0 1231510150 0 0 0 0 0 0 5975421 0
net virbr0 0 848 9964973031 0 0 0 0 0 0 0 0 0 39741632 0 38384075619 0 0 0 0 0 0 23528711 0
numa 1 120133130 18781169 10118603 29535 120088808 18825474
numa 0 119500596 10118603 18781169 29710 119498879 10119878
ps - 503397022 424889 525 556 513 8 728
sysv_shm - 0 0
tmpfs /run/lock 0 6
tmpfs /run 2125824 1105
tmpfs /run/user/20029 0 20
tmpfs /run/qemu 0 1
tmpfs /dev/shm 37615726592 105411
vfs - 133938 5264 184329
vm - 4 25325373 440392759 252318 1617408 267124549 311073199 85283897 6618706 222283861 56892 0 0 0 0 0 1811072 0 311878 5997 0 1618108 94 0 3 0 0

1778477758.332905 0 node0.mimesys-workload.ldos-ut-pg0.wisc.cloudlab.us
block sda 641896 211339 50643281 349538 2710088 17785136 880785767 13079842 0 2417804 13717791
block sdb 509 0 7540 473 4 0 0 0 0 600 474
cpu 11 196096 0 57012 2982545 7320 0 5
cpu 10 222561 2 52033 2962087 9487 0 6
cpu 13 190579 0 52614 2992970 6878 0 5
cpu 12 194969 0 51622 2989876 7635 0 2
cpu 15 174980 2 50103 3011411 6776 0 4
cpu 14 168555 0 51524 3017116 6930 0 6
cpu 17 153546 0 49802 3033273 6998 0 2
cpu 16 163466 0 48140 3026990 5962 0 2
cpu 19 135046 0 37356 3065733 6226 0 1
cpu 18 180948 5 36548 3020592 6501 0 2
cpu 1 246561 0 62399 2920092 8676 0 886
cpu 0 270104 45 47599 2886402 10371 0 1161
cpu 3 266752 0 77897 2888746 7928 0 598
cpu 2 261782 0 75013 2894831 9762 0 193
cpu 5 265650 0 79164 2890230 7839 0 456
cpu 4 262402 1 79777 2891488 8313 0 115
cpu 7 208645 0 76836 2950012 6968 0 542
cpu 6 255969 0 77724 2901397 8194 0 329
cpu 9 187979 0 54331 2991027 8016 0 378
cpu 8 189162 0 61944 2983710 6582 0 340
mem 1 99033092 96077148 2955944 374500 1965628 116 0 2107180 1080628 233032 7160 0 0 176436 2048 0 0
mem 0 97636988 55506928 42130060 702428 40217756 216 0 40425060 7935356 498772 28560 0 0 464228 6144 0 0
net vnet45 0 0 570518 0 0 0 0 0 0 0 0 0 3109 0 547089 0 0 0 0 0 0 2593 0
net lo 0 0 4164152 0 0 0 0 0 0 0 0 0 33033 0 4164152 0 0 0 0 0 0 33033 0
net vnet44 0 0 239894 0 0 0 0 0 0 0 0 0 1170 0 209238 0 0 0 0 0 0 1206 0
net eno1 0 162778 40340992227 0 0 385 0 0 0 0 0 0 30387250 0 1231510752 0 0 0 0 0 0 5975427 0
net virbr0 0 848 9964977553 0 0 0 0 0 0 0 0 0 39741657 0 38384080307 0 0 0 0 0 0 23528732 0
numa 1 120141595 18781169 10118603 29535 120097273 18825474
numa 0 119507131 10118603 18781169 29710 119505414 10119878
ps - 503405889 425015 525 556 513 5 728
sysv_shm - 0 0
tmpfs /run/lock 0 6
tmpfs /run 2125824 1105
tmpfs /run/user/20029 0 20
tmpfs /run/qemu 0 1
tmpfs /dev/shm 37615726592 105411
vfs - 133937 5304 184303
vm - 4 25325373 440392883 252318 1617408 267139545 311088204 85283901 6618706 222307026 56892 0 0 0 0 0 1811072 0 311878 5997 0 1618108 94 0 3 0 0

1778477759.373143 0 node0.mimesys-workload.ldos-ut-pg0.wisc.cloudlab.us
block sda 641896 211339 50643281 349538 2710098 17785136 880785847 13079851 0 2417808 13717800
block sdb 509 0 7540 473 4 0 0 0 0 600 474
cpu 11 196178 0 57013 2982569 7320 0 5
cpu 10 222631 2 52035 2962121 9487 0 6
cpu 13 190665 0 52617 2992985 6878 0 5
cpu 12 195048 0 51625 2989903 7635 0 2
cpu 15 174981 2 50105 3011512 6776 0 4
cpu 14 168557 0 51524 3017217 6930 0 6
cpu 17 153547 0 49804 3033374 6998 0 2
cpu 16 163467 0 48143 3027092 5962 0 2
cpu 19 135048 0 37360 3065831 6226 0 1
cpu 18 180950 5 36550 3020693 6501 0 2
cpu 1 246564 0 62402 2920189 8676 0 886
cpu 0 270107 45 47601 2886499 10371 0 1161
cpu 3 266753 0 77899 2888847 7928 0 598
cpu 2 261784 0 75016 2894929 9762 0 193
cpu 5 265654 0 79166 2890330 7839 0 456
cpu 4 262405 1 79779 2891586 8313 0 115
cpu 7 208646 0 76838 2950113 6968 0 542
cpu 6 255970 0 77726 2901497 8194 0 329
cpu 9 188050 0 54333 2991061 8016 0 378
cpu 8 189233 0 61946 2983747 6582 0 340
mem 1 99033092 96089292 2943800 374500 1965044 96 0 2107184 1080668 232436 7348 0 0 176596 2048 0 0
mem 0 97636988 55502648 42134340 702432 40219216 216 0 40425060 7935312 500244 28728 0 0 464188 6144 0 0
net vnet45 0 0 570518 0 0 0 0 0 0 0 0 0 3109 0 547141 0 0 0 0 0 0 2594 0
net lo 0 0 4165319 0 0 0 0 0 0 0 0 0 33041 0 4165319 0 0 0 0 0 0 33041 0
net vnet44 0 0 239894 0 0 0 0 0 0 0 0 0 1170 0 209290 0 0 0 0 0 0 1207 0
net eno1 0 162789 40340998918 0 0 385 0 0 0 0 0 0 30387352 0 1231511198 0 0 0 0 0 0 5975431 0
net virbr0 0 848 9964977553 0 0 0 0 0 0 0 0 0 39741657 0 38384080307 0 0 0 0 0 0 23528732 0
numa 1 120148277 18781169 10118603 29535 120103955 18825474
numa 0 119514641 10118603 18781169 29710 119512924 10119878
ps - 503414107 425137 525 556 513 8 728
sysv_shm - 0 0
tmpfs /run/lock 0 6
tmpfs /run 2125824 1105
tmpfs /run/user/20029 0 20
tmpfs /run/qemu 0 1
tmpfs /dev/shm 37615726592 105411
vfs - 133954 5264 184432
vm - 4 25325373 440392923 252318 1617408 267153747 311102096 85283901 6618706 222329314 56892 0 0 0 0 0 1811072 0 311878 5997 0 1618108 94 0 3 0 0

1778477760.401586 0 node0.mimesys-workload.ldos-ut-pg0.wisc.cloudlab.us
block sda 641896 211339 50643281 349538 2710100 17785137 880785871 13079852 0 2417812 13717801
block sdb 509 0 7540 473 4 0 0 0 0 600 474
cpu 11 196265 0 57014 2982587 7320 0 5
cpu 10 222701 2 52036 2962154 9487 0 6
cpu 13 190752 0 52620 2993004 6878 0 5
cpu 12 195125 0 51626 2989928 7635 0 2
cpu 15 174982 2 50107 3011612 6776 0 4
cpu 14 168559 0 51526 3017316 6930 0 6
cpu 17 153549 0 49804 3033474 6998 0 2
cpu 16 163467 0 48145 3027192 5962 0 2
cpu 19 135050 0 37364 3065927 6226 0 1
cpu 18 180950 5 36552 3020793 6501 0 2
cpu 1 246570 0 62404 2920283 8676 0 886
cpu 0 270109 45 47604 2886597 10371 0 1161
cpu 3 266753 0 77900 2888946 7928 0 598
cpu 2 261786 0 75018 2895028 9762 0 193
cpu 5 265656 0 79167 2890429 7839 0 456
cpu 4 262406 1 79781 2891685 8313 0 115
cpu 7 208648 0 76840 2950212 6968 0 542
cpu 6 255973 0 77727 2901595 8194 0 329
cpu 9 188129 0 54336 2991086 8016 0 378
cpu 8 189306 0 61948 2983776 6582 0 340
mem 1 99033092 96087948 2945144 374488 1963964 108 0 2107184 1080804 231340 7152 0 0 176812 2048 0 0
mem 0 97636988 55511608 42125380 702436 40218924 260 0 40425068 7934772 499728 28696 0 0 464148 6144 0 0
net vnet45 0 0 575588 0 0 0 0 0 0 0 0 0 3137 0 551829 0 0 0 0 0 0 2615 0
net lo 0 0 4165876 0 0 0 0 0 0 0 0 0 33045 0 4165876 0 0 0 0 0 0 33045 0
net vnet44 0 0 239894 0 0 0 0 0 0 0 0 0 1170 0 209290 0 0 0 0 0 0 1207 0
net eno1 0 162789 40341005155 0 0 385 0 0 0 0 0 0 30387448 0 1231511703 0 0 0 0 0 0 5975435 0
net virbr0 0 848 9964982231 0 0 0 0 0 0 0 0 0 39741685 0 38384084995 0 0 0 0 0 0 23528753 0
numa 1 120154435 18781169 10118603 29535 120110113 18825474
numa 0 119521169 10118603 18781169 29710 119519452 10119878
ps - 503422574 425253 525 556 513 8 728
sysv_shm - 0 0
tmpfs /run/lock 0 6
tmpfs /run 2125824 1105
tmpfs /run/user/20029 0 20
tmpfs /run/qemu 0 1
tmpfs /dev/shm 37615726592 105411
vfs - 133955 5304 184447
vm - 4 25325373 440392935 252318 1617408 267166423 311115078 85283903 6618706 222349174 56892 0 0 0 0 0 1811072 0 311878 5997 0 1618108 94 0 3 0 0

1778477761.437287 0 node0.mimesys-workload.ldos-ut-pg0.wisc.cloudlab.us
block sda 641896 211339 50643281 349538 2710181 17785137 880786599 13079865 0 2417816 13717814
block sdb 509 0 7540 473 4 0 0 0 0 600 474
cpu 11 196344 0 57018 2982610 7320 0 5
cpu 10 222785 2 52036 2962174 9487 0 6
cpu 13 190830 0 52622 2993035 6878 0 5
cpu 12 195196 0 51631 2989959 7635 0 2
cpu 15 174982 2 50109 3011712 6776 0 4
cpu 14 168561 0 51529 3017414 6930 0 6
cpu 17 153550 0 49806 3033574 6998 0 2
cpu 16 163470 0 48146 3027292 5962 0 2
cpu 19 135050 0 37366 3066028 6226 0 1
cpu 18 180951 5 36554 3020894 6501 0 2
cpu 1 246571 0 62408 2920382 8676 0 886
cpu 0 270114 45 47607 2886691 10371 0 1161
cpu 3 266754 0 77903 2889045 7928 0 598
cpu 2 261786 0 75020 2895127 9762 0 193
cpu 5 265660 0 79170 2890526 7839 0 456
cpu 4 262407 1 79783 2891785 8313 0 115
cpu 7 208649 0 76841 2950312 6968 0 542
cpu 6 255973 0 77729 2901696 8194 0 329
cpu 9 188208 0 54338 2991111 8016 0 378
cpu 8 189382 0 61950 2983802 6582 0 340
mem 1 99033092 96082156 2950936 374488 1965976 76 0 2107184 1080504 233316 7124 0 0 176596 2048 0 0
mem 0 97636988 55509088 42127900 702440 40218464 152 0 40425068 7934828 499388 28832 0 0 464184 6144 0 0
net vnet45 0 0 578724 0 0 0 0 0 0 0 0 0 3154 0 555571 0 0 0 0 0 0 2628 0
net lo 0 0 4167043 0 0 0 0 0 0 0 0 0 33053 0 4167043 0 0 0 0 0 0 33053 0
net vnet44 0 0 239894 0 0 0 0 0 0 0 0 0 1170 0 209342 0 0 0 0 0 0 1208 0
net eno1 0 162800 40341011966 0 0 385 0 0 0 0 0 0 30387552 0 1231512149 0 0 0 0 0 0 5975439 0
net virbr0 0 848 9964985129 0 0 0 0 0 0 0 0 0 39741702 0 38384088685 0 0 0 0 0 0 23528765 0
numa 1 120161753 18781169 10118603 29535 120117431 18825474
numa 0 119527913 10118603 18781169 29710 119526196 10119878
ps - 503431147 425376 523 556 513 5 730
sysv_shm - 0 0
tmpfs /run/lock 0 6
tmpfs /run 2125824 1105
tmpfs /run/user/20029 0 20
tmpfs /run/qemu 0 1
tmpfs /dev/shm 37615726592 105411
vfs - 133942 5344 184313
vm - 4 25325373 440393299 252318 1617408 267180485 311128815 85283906 6618706 222371539 56892 0 0 0 0 0 1811072 0 311878 5997 0 1618108 94 0 3 0 0

1778477762.478230 0 node0.mimesys-workload.ldos-ut-pg0.wisc.cloudlab.us
block sda 641897 211340 50643308 349538 2710315 17785152 880788087 13079875 0 2417828 13717824
block sdb 509 0 7540 473 4 0 0 0 0 600 474
cpu 11 196428 0 57019 2982630 7320 0 5
cpu 10 222864 2 52039 2962204 9487 0 6
cpu 13 190908 0 52625 2993062 6878 0 5
cpu 12 195270 0 51632 2989990 7635 0 2
cpu 15 174984 2 50110 3011813 6776 0 4
cpu 14 168562 0 51530 3017515 6930 0 6
cpu 17 153551 0 49808 3033675 6998 0 2
cpu 16 163471 0 48148 3027392 5962 0 2
cpu 19 135052 0 37370 3066126 6226 0 1
cpu 18 180951 5 36555 3020995 6501 0 2
cpu 1 246572 0 62412 2920481 8676 0 887
cpu 0 270116 45 47610 2886790 10371 0 1161
cpu 3 266755 0 77904 2889147 7928 0 598
cpu 2 261788 0 75021 2895227 9762 0 193
cpu 5 265660 0 79172 2890627 7839 0 456
cpu 4 262408 1 79785 2891887 8313 0 115
cpu 7 208652 0 76844 2950410 6968 0 542
cpu 6 255975 0 77731 2901796 8194 0 329
cpu 9 188289 0 54339 2991136 8016 0 378
cpu 8 189455 0 61952 2983837 6582 0 340
mem 1 99033092 96078380 2954712 374500 1964380 96 0 2107184 1080476 231736 7252 0 0 176468 2048 0 0
mem 0 97636988 55534060 42102928 702440 40218088 164 0 40425072 7934388 498988 28476 0 0 464296 6144 0 0
net vnet45 0 0 580658 0 0 0 0 0 0 0 0 0 3165 0 556621 0 0 0 0 0 0 2638 0
net lo 0 0 4167600 0 0 0 0 0 0 0 0 0 33057 0 4167600 0 0 0 0 0 0 33057 0
net vnet44 0 0 239894 0 0 0 0 0 0 0 0 0 1170 0 209394 0 0 0 0 0 0 1209 0
net eno1 0 162810 40341017783 0 0 386 0 0 0 0 0 0 30387641 0 1231512494 0 0 0 0 0 0 5975442 0
net virbr0 0 848 9964986909 0 0 0 0 0 0 0 0 0 39741713 0 38384089683 0 0 0 0 0 0 23528774 0
numa 1 120168208 18781169 10118603 29535 120123886 18825474
numa 0 119534204 10118603 18781169 29710 119532487 10119878
ps - 503439717 425492 523 556 513 5 730
sysv_shm - 0 0
tmpfs /run/lock 0 6
tmpfs /run 2125824 1105
tmpfs /run/user/20029 0 20
tmpfs /run/qemu 0 1
tmpfs /dev/shm 37615726592 105411
vfs - 133956 5344 184451
vm - 4 25325387 440394043 252318 1617408 267193232 311141868 85283911 6618706 222391301 56892 0 0 0 0 0 1811072 0 311878 5997 0 1618108 94 0 3 0 0

1778477763.520401 0 node0.mimesys-workload.ldos-ut-pg0.wisc.cloudlab.us
block sda 641897 211340 50643308 349538 2710328 17785168 880788615 13079877 0 2417840 13717826
block sdb 509 0 7540 473 4 0 0 0 0 600 474
cpu 11 196506 0 57020 2982658 7320 0 5
cpu 10 222949 2 52039 2962229 9487 0 6
cpu 13 190984 0 52628 2993092 6878 0 5
cpu 12 195347 0 51636 2990018 7635 0 2
cpu 15 174984 2 50112 3011914 6776 0 4
cpu 14 168564 0 51532 3017614 6930 0 6
cpu 17 153553 0 49809 3033776 6998 0 2
cpu 16 163472 0 48151 3027493 5962 0 2
cpu 19 135056 0 37374 3066223 6226 0 1
cpu 18 180954 5 36558 3021093 6501 0 2
cpu 1 246575 0 62414 2920581 8676 0 887
cpu 0 270118 45 47614 2886887 10371 0 1161
cpu 3 266756 0 77905 2889248 7928 0 598
cpu 2 261790 0 75021 2895328 9762 0 193
cpu 5 265662 0 79173 2890728 7839 0 456
cpu 4 262410 1 79788 2891986 8313 0 115
cpu 7 208659 0 76847 2950506 6968 0 542
cpu 6 255977 0 77734 2901897 8194 0 329
cpu 9 188374 0 54340 2991156 8016 0 378
cpu 8 189534 0 61954 2983861 6582 0 340
mem 1 99033092 96075104 2957988 374516 1966000 152 0 2107192 1080592 233044 7496 0 0 176588 2048 0 0
mem 0 97636988 55529784 42107204 702436 40218588 216 0 40425076 7935176 499416 28436 0 0 464168 6144 0 0
net vnet45 0 0 585164 0 0 0 0 0 0 0 0 0 3187 0 560883 0 0 0 0 0 0 2654 0
net lo 0 0 4168767 0 0 0 0 0 0 0 0 0 33065 0 4168767 0 0 0 0 0 0 33065 0
net vnet44 0 0 239894 0 0 0 0 0 0 0 0 0 1170 0 209394 0 0 0 0 0 0 1209 0
net eno1 0 162810 40341024894 0 0 386 0 0 0 0 0 0 30387750 0 1231512982 0 0 0 0 0 0 5975447 0
net virbr0 0 848 9964991107 0 0 0 0 0 0 0 0 0 39741735 0 38384093945 0 0 0 0 0 0 23528790 0
numa 1 120176911 18781169 10118603 29535 120132589 18825474
numa 0 119539769 10118603 18781169 29710 119538052 10119878
ps - 503448066 425613 523 556 513 7 726
sysv_shm - 0 0
tmpfs /run/lock 0 6
tmpfs /run 2125824 1105
tmpfs /run/user/20029 0 20
tmpfs /run/qemu 0 1
tmpfs /dev/shm 37615726592 105411
vfs - 133959 5264 184437
vm - 4 25325387 440394307 252318 1617408 267207500 311155737 85283918 6618706 222413567 56892 0 0 0 0 0 1811072 0 311878 5997 0 1618108 94 0 3 0 0

1778477764.561374 0 node0.mimesys-workload.ldos-ut-pg0.wisc.cloudlab.us
block sda 641897 211340 50643308 349538 2710344 17785168 880788751 13079889 0 2417848 13717839
block sdb 509 0 7540 473 4 0 0 0 0 600 474
cpu 11 196577 0 57024 2982688 7320 0 5
cpu 10 223017 2 52041 2962263 9487 0 6
cpu 13 191056 0 52630 2993127 6878 0 5
cpu 12 195415 0 51637 2990052 7635 0 2
cpu 15 174986 2 50114 3012015 6776 0 4
cpu 14 168565 0 51534 3017715 6930 0 6
cpu 17 153555 0 49810 3033877 6998 0 2
cpu 16 163473 0 48152 3027593 5962 0 2
cpu 19 135056 0 37376 3066325 6226 0 1
cpu 18 180954 5 36561 3021194 6501 0 2
cpu 1 246578 0 62416 2920680 8676 0 887
cpu 0 270122 45 47617 2886981 10371 0 1161
cpu 3 266758 0 77907 2889346 7928 0 598
cpu 2 261793 0 75024 2895426 9762 0 193
cpu 5 265664 0 79174 2890826 7839 0 456
cpu 4 262413 1 79789 2892085 8313 0 115
cpu 7 208663 0 76850 2950603 6968 0 542
cpu 6 255981 0 77736 2901995 8194 0 329
cpu 9 188453 0 54343 2991181 8016 0 378
cpu 8 189602 0 61956 2983896 6582 0 340
mem 1 99033092 96086128 2946964 374552 1966172 128 0 2107192 1080784 232868 8084 0 0 176612 2048 0 0
mem 0 97636988 55541256 42095732 702432 40218012 192 0 40425080 7934292 498764 28072 0 0 464152 6144 0 0
net vnet45 0 0 585728 0 0 0 0 0 0 0 0 0 3193 0 561361 0 0 0 0 0 0 2660 0
net lo 0 0 4169324 0 0 0 0 0 0 0 0 0 33069 0 4169324 0 0 0 0 0 0 33069 0
net vnet44 0 0 239894 0 0 0 0 0 0 0 0 0 1170 0 209446 0 0 0 0 0 0 1210 0
net eno1 0 162821 40341030471 0 0 386 0 0 0 0 0 0 30387835 0 1231513381 0 0 0 0 0 0 5975451 0
net virbr0 0 848 9964991587 0 0 0 0 0 0 0 0 0 39741741 0 38384094371 0 0 0 0 0 0 23528795 0
numa 1 120182120 18781169 10118603 29535 120137798 18825474
numa 0 119547061 10118603 18781169 29710 119545344 10119878
ps - 503457129 425729 523 556 513 3 726
sysv_shm - 0 0
tmpfs /run/lock 0 6
tmpfs /run 2125824 1105
tmpfs /run/user/20029 0 20
tmpfs /run/qemu 0 1
tmpfs /dev/shm 37615726592 105411
vfs - 133940 5304 184299
vm - 4 25325387 440394375 252318 1617408 267220002 311168652 85283924 6618706 222433255 56892 0 0 0 0 0 1811072 0 311878 5997 0 1618108 94 0 3 0 0

1778477765.601528 0 node0.mimesys-workload.ldos-ut-pg0.wisc.cloudlab.us
block sda 641897 211340 50643308 349538 2710430 17785181 880789623 13079916 0 2417860 13717866
block sdb 509 0 7540 473 4 0 0 0 0 600 474
cpu 11 196663 0 57026 2982706 7320 0 5
cpu 10 223094 2 52042 2962291 9487 0 6
cpu 13 191122 0 52634 2993162 6878 0 5
cpu 12 195495 0 51640 2990075 7635 0 2
cpu 15 174986 2 50116 3012117 6776 0 4
cpu 14 168566 0 51536 3017816 6930 0 6
cpu 17 153555 0 49812 3033979 6998 0 2
cpu 16 163475 0 48154 3027694 5962 0 2
cpu 19 135058 0 37379 3066423 6226 0 1
cpu 18 180956 5 36562 3021296 6501 0 2
cpu 1 246584 0 62418 2920774 8676 0 887
cpu 0 270124 45 47621 2887079 10372 0 1161
cpu 3 266760 0 77909 2889445 7928 0 598
cpu 2 261794 0 75028 2895526 9762 0 193
cpu 5 265670 0 79178 2890922 7839 0 456
cpu 4 262413 1 79791 2892184 8313 0 115
cpu 7 208666 0 76853 2950702 6968 0 542
cpu 6 255982 0 77737 2902096 8194 0 329
cpu 9 188530 0 54345 2991211 8016 0 378
cpu 8 189672 0 61960 2983929 6582 0 340
mem 1 99033092 96084620 2948472 374476 1964160 64 0 2107192 1080308 231416 6888 0 0 176644 2048 0 0
mem 0 97636988 55536732 42100256 702468 40218980 128 0 40425080 7934196 499912 28768 0 0 464228 6144 0 0
net vnet45 0 0 590798 0 0 0 0 0 0 0 0 0 3221 0 566049 0 0 0 0 0 0 2681 0
net lo 0 0 4170491 0 0 0 0 0 0 0 0 0 33077 0 4170491 0 0 0 0 0 0 33077 0
net vnet44 0 0 239894 0 0 0 0 0 0 0 0 0 1170 0 209446 0 0 0 0 0 0 1210 0
net eno1 0 162821 40341037000 0 0 386 0 0 0 0 0 0 30387929 0 1231513827 0 0 0 0 0 0 5975455 0
net virbr0 0 848 9964996265 0 0 0 0 0 0 0 0 0 39741769 0 38384099059 0 0 0 0 0 0 23528816 0
numa 1 120187286 18781169 10118603 29535 120142964 18825474
numa 0 119556208 10118603 18781169 29710 119554491 10119878
ps - 503465806 425852 523 556 513 7 726
sysv_shm - 0 0
tmpfs /run/lock 0 6
tmpfs /run 2125824 1105
tmpfs /run/user/20029 0 20
tmpfs /run/qemu 0 1
tmpfs /dev/shm 37615726592 105411
vfs - 133955 5304 184419
vm - 4 25325387 440394811 252318 1617408 267234313 311183006 85283930 6618706 222455806 56892 0 0 0 0 0 1811072 0 311878 5997 0 1618108 94 0 3 0 0

1778477766.638179 0 node0.mimesys-workload.ldos-ut-pg0.wisc.cloudlab.us
block sda 641897 211340 50643308 349538 2710475 17785181 880789999 13079924 0 2417864 13717874
block sdb 509 0 7540 473 4 0 0 0 0 600 474
cpu 11 196742 0 57028 2982730 7320 0 5
cpu 10 223166 2 52044 2962322 9487 0 6
cpu 13 191190 0 52636 2993196 6878 0 5
cpu 12 195568 0 51641 2990105 7635 0 2
cpu 15 174986 2 50118 3012218 6776 0 4
cpu 14 168567 0 51538 3017915 6930 0 6
cpu 17 153558 0 49814 3034077 6998 0 2
cpu 16 163476 0 48156 3027794 5962 0 2
cpu 19 135061 0 37383 3066520 6226 0 1
cpu 18 180957 5 36564 3021396 6501 0 2
cpu 1 246585 0 62420 2920873 8676 0 887
cpu 0 270128 45 47624 2887175 10372 0 1161
cpu 3 266762 0 77910 2889546 7928 0 598
cpu 2 261797 0 75029 2895624 9762 0 193
cpu 5 265674 0 79180 2891020 7839 0 456
cpu 4 262416 1 79792 2892284 8313 0 115
cpu 7 208669 0 76854 2950802 6968 0 542
cpu 6 255989 0 77739 2902191 8194 0 329
cpu 9 188618 0 54347 2991228 8016 0 378
cpu 8 189756 0 61964 2983953 6582 0 340
mem 1 99033092 96079592 2953500 374528 1964900 84 0 2107216 1080488 232264 7288 0 0 176684 2048 0 0
mem 0 97636988 55532200 42104788 702456 40218676 172 0 40425084 7935164 499528 28596 0 0 464228 6144 0 0
net vnet45 0 0 593868 0 0 0 0 0 0 0 0 0 3237 0 569791 0 0 0 0 0 0 2694 0
net lo 0 0 4171658 0 0 0 0 0 0 0 0 0 33085 0 4171658 0 0 0 0 0 0 33085 0
net vnet44 0 0 239894 0 0 0 0 0 0 0 0 0 1170 0 209498 0 0 0 0 0 0 1211 0
net eno1 0 162828 40341044057 0 0 386 0 0 0 0 0 0 30388037 0 1231514339 0 0 0 0 0 0 5975460 0
net virbr0 0 848 9964999111 0 0 0 0 0 0 0 0 0 39741785 0 38384102749 0 0 0 0 0 0 23528828 0
numa 1 120194241 18781169 10118603 29535 120149919 18825474
numa 0 119563439 10118603 18781169 29710 119561722 10119878
ps - 503474639 425973 513 553 512 5 726
sysv_shm - 0 0
tmpfs /run/lock 0 6
tmpfs /run 2125824 1105
tmpfs /run/user/20029 0 20
tmpfs /run/qemu 0 1
tmpfs /dev/shm 37615726592 105411
vfs - 133959 5264 184437
vm - 4 25325387 440394999 252318 1617408 267248499 311196767 85283934 6618706 222478156 56892 0 0 0 0 0 1811072 0 311878 5997 0 1618108 94 0 3 0 0

1778477767.679640 0 node0.mimesys-workload.ldos-ut-pg0.wisc.cloudlab.us
block sda 641897 211340 50643308 349538 2710604 17785182 880791399 13079933 0 2417880 13717883
block sdb 509 0 7540 473 4 0 0 0 0 600 474
cpu 11 196825 0 57029 2982753 7320 0 5
cpu 10 223254 2 52044 2962336 9487 0 6
cpu 13 191268 0 52639 2993225 6878 0 5
cpu 12 195640 0 51643 2990141 7635 0 2
cpu 15 174987 2 50120 3012319 6776 0 4
cpu 14 168568 0 51539 3018017 6930 0 6
cpu 17 153560 0 49814 3034178 6998 0 2
cpu 16 163477 0 48158 3027895 5962 0 2
cpu 19 135061 0 37386 3066622 6226 0 1
cpu 18 180958 5 36565 3021498 6501 0 2
cpu 1 246586 0 62422 2920972 8676 0 887
cpu 0 270130 45 47629 2887272 10372 0 1161
cpu 3 266764 0 77914 2889644 7928 0 598
cpu 2 261799 0 75031 2895724 9762 0 193
cpu 5 265675 0 79182 2891120 7840 0 456
cpu 4 262419 1 79794 2892382 8313 0 115
cpu 7 208671 0 76856 2950902 6968 0 542
cpu 6 255992 0 77744 2902286 8194 0 329
cpu 9 188688 0 54349 2991261 8016 0 378
cpu 8 189835 0 61965 2983980 6582 0 340
mem 1 99033092 96092128 2940964 374508 1964252 100 0 2107216 1080488 231628 7092 0 0 176444 2048 0 0
mem 0 97636988 55529176 42107812 702480 40218232 184 0 40425084 7934456 499124 28828 0 0 464328 6144 0 0
net vnet45 0 0 595868 0 0 0 0 0 0 0 0 0 3249 0 570789 0 0 0 0 0 0 2703 0
net lo 0 0 4172215 0 0 0 0 0 0 0 0 0 33089 0 4172215 0 0 0 0 0 0 33089 0
net vnet44 0 0 239894 0 0 0 0 0 0 0 0 0 1170 0 209498 0 0 0 0 0 0 1211 0
net eno1 0 162828 40341050848 0 0 386 0 0 0 0 0 0 30388142 0 1231514738 0 0 0 0 0 0 5975464 0
net virbr0 0 848 9965000943 0 0 0 0 0 0 0 0 0 39741797 0 38384103747 0 0 0 0 0 0 23528837 0
numa 1 120199380 18781169 10118603 29535 120155058 18825474
numa 0 119571568 10118603 18781169 29710 119569851 10119878
ps - 503483530 426101 513 553 512 3 734
sysv_shm - 0 0
tmpfs /run/lock 0 6
tmpfs /run 2125824 1105
tmpfs /run/user/20029 0 20
tmpfs /run/qemu 0 1
tmpfs /dev/shm 37615726592 105411
vfs - 133939 5304 184342
vm - 4 25325387 440395699 252318 1617408 267261767 311210362 85283935 6618706 222498657 56892 0 0 0 0 0 1811072 0 311878 5997 0 1618108 94 0 3 0 0

1778477768.719286 0 node0.mimesys-workload.ldos-ut-pg0.wisc.cloudlab.us
block sda 641897 211340 50643308 349538 2710608 17785182 880791607 13079934 0 2417888 13717884
block sdb 509 0 7540 473 4 0 0 0 0 600 474
cpu 11 196911 0 57031 2982771 7320 0 5
cpu 10 223336 2 52044 2962363 9487 0 6
cpu 13 191350 0 52640 2993249 6878 0 5
cpu 12 195710 0 51646 2990175 7635 0 2
cpu 15 174989 2 50121 3012421 6776 0 4
cpu 14 168569 0 51540 3018118 6930 0 6
cpu 17 153560 0 49817 3034279 6998 0 2
cpu 16 163477 0 48160 3027996 5962 0 2
cpu 19 135063 0 37389 3066719 6226 0 1
cpu 18 180959 5 36566 3021599 6501 0 2
cpu 1 246587 0 62424 2921072 8676 0 887
cpu 0 270132 45 47630 2887371 10372 0 1161
cpu 3 266771 0 77916 2889738 7928 0 598
cpu 2 261801 0 75033 2895823 9762 0 193
cpu 5 265676 0 79185 2891221 7840 0 456
cpu 4 262422 1 79796 2892480 8313 0 115
cpu 7 208673 0 76858 2951002 6968 0 542
cpu 6 255994 0 77746 2902385 8194 0 329
cpu 9 188764 0 54352 2991290 8016 0 378
cpu 8 189915 0 61968 2984005 6582 0 340
mem 1 99033092 96087344 2945748 374520 1964288 128 0 2107216 1080496 231676 7260 0 0 176436 2048 0 0
mem 0 97636988 55535616 42101372 702468 40219952 216 0 40425092 7935180 500880 28648 0 0 464288 6144 0 0
net vnet45 0 0 599004 0 0 0 0 0 0 0 0 0 3266 0 574531 0 0 0 0 0 0 2716 0
net lo 0 0 4173382 0 0 0 0 0 0 0 0 0 33097 0 4173382 0 0 0 0 0 0 33097 0
net vnet44 0 0 239894 0 0 0 0 0 0 0 0 0 1170 0 209550 0 0 0 0 0 0 1212 0
net eno1 0 162837 40341056879 0 0 386 0 0 0 0 0 0 30388233 0 1231515184 0 0 0 0 0 0 5975468 0
net virbr0 0 848 9965003841 0 0 0 0 0 0 0 0 0 39741814 0 38384107437 0 0 0 0 0 0 23528849 0
numa 1 120205610 18781169 10118603 29535 120161288 18825474
numa 0 119579599 10118603 18781169 29710 119577882 10119878
ps - 503492021 426223 513 553 512 4 734
sysv_shm - 0 0
tmpfs /run/lock 0 6
tmpfs /run 2125824 1105
tmpfs /run/user/20029 0 20
tmpfs /run/qemu 0 1
tmpfs /dev/shm 37615726592 105411
vfs - 133957 5264 184469
vm - 4 25325387 440395803 252318 1617408 267276028 311224260 85283939 6618706 222520998 56892 0 0 0 0 0 1811072 0 311878 5997 0 1618108 94 0 3 0 0

1778477769.754280 0 node0.mimesys-workload.ldos-ut-pg0.wisc.cloudlab.us
block sda 641897 211340 50643308 349538 2710621 17785182 880791815 13079939 0 2417900 13717889
block sdb 509 0 7540 473 4 0 0 0 0 600 474
cpu 11 196990 0 57033 2982798 7320 0 5
cpu 10 223412 2 52047 2962387 9487 0 6
cpu 13 191428 0 52642 2993278 6878 0 5
cpu 12 195787 0 51646 2990205 7635 0 2
cpu 15 174990 2 50124 3012519 6776 0 4
cpu 14 168571 0 51542 3018218 6930 0 6
cpu 17 153561 0 49819 3034380 6998 0 2
cpu 16 163479 0 48161 3028096 5962 0 2
cpu 19 135066 0 37394 3066816 6226 0 1
cpu 18 180961 5 36568 3021699 6501 0 2
cpu 1 246589 0 62426 2921171 8676 0 887
cpu 0 270134 45 47632 2887470 10372 0 1161
cpu 3 266773 0 77919 2889836 7928 0 598
cpu 2 261802 0 75034 2895924 9762 0 193
cpu 5 265676 0 79187 2891321 7840 0 456
cpu 4 262424 1 79798 2892580 8313 0 115
cpu 7 208674 0 76859 2951102 6968 0 542
cpu 6 255996 0 77747 2902485 8194 0 329
cpu 9 188847 0 54352 2991312 8016 0 378
cpu 8 189993 0 61970 2984031 6582 0 340
mem 1 99033092 96083092 2950000 374536 1964800 108 0 2107216 1080544 232228 7392 0 0 176564 2048 0 0
mem 0 97636988 55532852 42104136 702460 40217668 192 0 40425092 7934456 498576 28528 0 0 464288 6144 0 0
net vnet45 0 0 600938 0 0 0 0 0 0 0 0 0 3277 0 575529 0 0 0 0 0 0 2725 0
net lo 0 0 4173939 0 0 0 0 0 0 0 0 0 33101 0 4173939 0 0 0 0 0 0 33101 0
net vnet44 0 0 239894 0 0 0 0 0 0 0 0 0 1170 0 209550 0 0 0 0 0 0 1212 0
net eno1 0 162837 40341063734 0 0 386 0 0 0 0 0 0 30388334 0 1231515529 0 0 0 0 0 0 5975471 0
net virbr0 0 848 9965005621 0 0 0 0 0 0 0 0 0 39741825 0 38384108435 0 0 0 0 0 0 23528858 0
numa 1 120213112 18781169 10118603 29535 120168789 18825475
numa 0 119584772 10118603 18781169 29710 119583055 10119878
ps - 503500259 426339 513 553 512 4 734
sysv_shm - 0 0
tmpfs /run/lock 0 6
tmpfs /run 2125824 1105
tmpfs /run/user/20029 0 20
tmpfs /run/qemu 0 1
tmpfs /dev/shm 37615726592 105411
vfs - 133957 5264 184483
vm - 4 25325387 440395907 252318 1617408 267288703 311237321 85283947 6618706 222540793 56892 0 0 0 0 0 1811072 0 311878 5997 0 1618108 94 0 3 0 0

1778477770.796524 0 node0.mimesys-workload.ldos-ut-pg0.wisc.cloudlab.us
block sda 641897 211340 50643308 349538 2710627 17785196 880791975 13079940 0 2417904 13717890
block sdb 509 0 7540 473 4 0 0 0 0 600 474
cpu 11 197070 0 57035 2982824 7320 0 5
cpu 10 223489 2 52048 2962418 9487 0 6
cpu 13 191514 0 52643 2993298 6878 0 5
cpu 12 195869 0 51649 2990227 7635 0 2
cpu 15 174991 2 50126 3012621 6776 0 4
cpu 14 168572 0 51542 3018320 6930 0 6
cpu 17 153562 0 49820 3034481 6998 0 2
cpu 16 163479 0 48162 3028198 5962 0 2
cpu 19 135066 0 37395 3066918 6226 0 1
cpu 18 180962 5 36569 3021801 6501 0 2
cpu 1 246592 0 62427 2921271 8676 0 887
cpu 0 270138 45 47636 2887565 10372 0 1161
cpu 3 266777 0 77922 2889932 7928 0 598
cpu 2 261804 0 75038 2896022 9762 0 193
cpu 5 265682 0 79190 2891416 7840 0 456
cpu 4 262426 1 79800 2892680 8313 0 115
cpu 7 208676 0 76860 2951201 6968 0 542
cpu 6 255997 0 77750 2902585 8194 0 329
cpu 9 188930 0 54353 2991338 8016 0 378
cpu 8 190062 0 61972 2984070 6582 0 340
mem 1 99033092 96095476 2937616 374508 1963876 160 0 2107224 1080540 231272 7088 0 0 176524 2048 0 0
mem 0 97636988 55530088 42106900 702492 40219368 248 0 40425100 7934784 499852 28852 0 0 464376 6144 0 0
net vnet45 0 0 605744 0 0 0 0 0 0 0 0 0 3301 0 580269 0 0 0 0 0 0 2747 0
net lo 0 0 4175106 0 0 0 0 0 0 0 0 0 33109 0 4175106 0 0 0 0 0 0 33109 0
net vnet44 0 0 239894 0 0 0 0 0 0 0 0 0 1170 0 209602 0 0 0 0 0 0 1213 0
net eno1 0 162846 40341069705 0 0 386 0 0 0 0 0 0 30388424 0 1231515975 0 0 0 0 0 0 5975475 0
net virbr0 0 848 9965010091 0 0 0 0 0 0 0 0 0 39741849 0 38384113123 0 0 0 0 0 0 23528879 0
numa 1 120217774 18781169 10118603 29535 120173451 18825475
numa 0 119594423 10118603 18781169 29710 119592706 10119878
ps - 503508668 426461 513 553 512 7 733
sysv_shm - 0 0
tmpfs /run/lock 0 6
tmpfs /run 2125824 1105
tmpfs /run/user/20029 0 20
tmpfs /run/qemu 0 1
tmpfs /dev/shm 37615726592 105411
vfs - 133939 5304 184341
vm - 4 25325387 440395987 252318 1617408 267303019 311251652 85283948 6618706 222563300 56892 0 0 0 0 0 1811072 0 311878 5997 0 1618108 94 0 3 0 0

1778477771.833484 0 node0.mimesys-workload.ldos-ut-pg0.wisc.cloudlab.us
block sda 641897 211340 50643308 349538 2710710 17785196 880792719 13079961 0 2417908 13717912
block sdb 509 0 7540 473 4 0 0 0 0 600 474
cpu 11 197139 0 57037 2982860 7320 0 5
cpu 10 223573 2 52050 2962439 9487 0 6
cpu 13 191597 0 52645 2993321 6878 0 5
cpu 12 195948 0 51650 2990254 7635 0 2
cpu 15 174992 2 50128 3012722 6776 0 4
cpu 14 168575 0 51546 3018417 6930 0 6
cpu 17 153563 0 49822 3034583 6998 0 2
cpu 16 163480 0 48164 3028299 5962 0 2
cpu 19 135069 0 37398 3067016 6226 0 1
cpu 18 180963 5 36571 3021901 6501 0 2
cpu 1 246595 0 62428 2921370 8676 0 887
cpu 0 270140 45 47639 2887663 10372 0 1161
cpu 3 266779 0 77924 2890033 7928 0 598
cpu 2 261808 0 75041 2896118 9762 0 193
cpu 5 265684 0 79192 2891516 7840 0 456
cpu 4 262428 1 79802 2892779 8313 0 115
cpu 7 208678 0 76861 2951300 6968 0 542
cpu 6 255998 0 77752 2902685 8194 0 329
cpu 9 188997 0 54358 2991371 8016 0 378
cpu 8 190142 0 61974 2984094 6582 0 340
mem 1 99033092 96106904 2926188 374520 1964644 104 0 2107224 1080548 232124 7088 0 0 176432 2048 0 0
mem 0 97636988 55539040 42097948 702484 40219332 136 0 40425100 7934900 500244 28776 0 0 464492 6144 0 0
net vnet45 0 0 607772 0 0 0 0 0 0 0 0 0 3308 0 582299 0 0 0 0 0 0 2753 0
net lo 0 0 4176273 0 0 0 0 0 0 0 0 0 33117 0 4176273 0 0 0 0 0 0 33117 0
net vnet44 0 0 239894 0 0 0 0 0 0 0 0 0 1170 0 209602 0 0 0 0 0 0 1213 0
net eno1 0 162846 40341076336 0 0 386 0 0 0 0 0 0 30388525 0 1231516421 0 0 0 0 0 0 5975479 0
net virbr0 0 848 9965012021 0 0 0 0 0 0 0 0 0 39741856 0 38384115153 0 0 0 0 0 0 23528885 0
numa 1 120222984 18781169 10118603 29535 120178661 18825475
numa 0 119603350 10118603 18781169 29710 119601633 10119878
ps - 503517329 426582 528 555 513 5 733
sysv_shm - 0 0
tmpfs /run/lock 0 6
tmpfs /run 2125824 1105
tmpfs /run/user/20029 0 20
tmpfs /run/qemu 0 1
tmpfs /dev/shm 37615726592 105411
vfs - 133956 5304 184463
vm - 4 25325387 440396359 252318 1617408 267317153 311265448 85283951 6618706 222585605 56892 0 0 0 0 0 1811072 0 311878 5997 0 1618108 94 0 3 0 0

1778477772.867741 0 node0.mimesys-workload.ldos-ut-pg0.wisc.cloudlab.us
block sda 641897 211340 50643308 349538 2710711 17785196 880792727 13079961 0 2417912 13717912
block sdb 509 0 7540 473 4 0 0 0 0 600 474
cpu 11 197220 0 57039 2982888 7320 0 5
cpu 10 223661 2 52051 2962454 9487 0 6
cpu 13 191679 0 52646 2993340 6878 0 5
cpu 12 196028 0 51652 2990282 7635 0 2
cpu 15 174992 2 50129 3012823 6776 0 4
cpu 14 168576 0 51548 3018518 6930 0 6
cpu 17 153563 0 49823 3034684 6998 0 2
cpu 16 163480 0 48166 3028400 5962 0 2
cpu 19 135072 0 37401 3067113 6226 0 1
cpu 18 180965 5 36572 3022001 6501 0 2
cpu 1 246597 0 62431 2921469 8676 0 887
cpu 0 270141 45 47641 2887762 10372 0 1161
cpu 3 266782 0 77926 2890132 7928 0 598
cpu 2 261809 0 75043 2896217 9762 0 193
cpu 5 265688 0 79195 2891614 7840 0 456
cpu 4 262428 1 79802 2892879 8313 0 115
cpu 7 208681 0 76864 2951398 6968 0 542
cpu 6 256000 0 77753 2902784 8194 0 329
cpu 9 189076 0 54360 2991397 8016 0 378
cpu 8 190220 0 61977 2984121 6582 0 340
mem 1 99033092 96117672 2915420 374504 1963640 116 0 2107224 1080492 230964 6972 0 0 176424 2048 0 0
mem 0 97636988 55551524 42085464 702500 40219108 192 0 40425104 7934456 500052 28868 0 0 464400 6144 0 0
net vnet45 0 0 610748 0 0 0 0 0 0 0 0 0 3328 0 585009 0 0 0 0 0 0 2769 0
net lo 0 0 4176830 0 0 0 0 0 0 0 0 0 33121 0 4176830 0 0 0 0 0 0 33121 0
net vnet44 0 0 239894 0 0 0 0 0 0 0 0 0 1170 0 209654 0 0 0 0 0 0 1214 0
net eno1 0 162858 40341082153 0 0 386 0 0 0 0 0 0 30388614 0 1231516766 0 0 0 0 0 0 5975482 0
net virbr0 0 848 9965014717 0 0 0 0 0 0 0 0 0 39741876 0 38384117811 0 0 0 0 0 0 23528900 0
numa 1 120228257 18781169 10118603 29535 120183934 18825475
numa 0 119611249 10118603 18781169 29710 119609532 10119878
ps - 503525280 426705 528 555 513 13 731
sysv_shm - 0 0
tmpfs /run/lock 0 6
tmpfs /run 2125824 1105
tmpfs /run/user/20029 0 20
tmpfs /run/qemu 0 1
tmpfs /dev/shm 37615726592 105411
vfs - 133956 5264 184421
vm - 4 25325387 440396363 252318 1617408 267330470 311279158 85283956 6618706 222606252 56892 0 0 0 0 0 1811072 0 311878 5997 0 1618108 94 0 3 0 0

1778477773.901376 0 node0.mimesys-workload.ldos-ut-pg0.wisc.cloudlab.us
block sda 641897 211340 50643308 349538 2710715 17785196 880792815 13079962 0 2417916 13717913
block sdb 509 0 7540 473 4 0 0 0 0 600 474
cpu 11 197288 0 57041 2982924 7320 0 5
cpu 10 223730 2 52052 2962490 9487 0 6
cpu 13 191749 0 52650 2993372 6878 0 5
cpu 12 196090 0 51653 2990319 7635 0 2
cpu 15 174993 2 50132 3012923 6776 0 4
cpu 14 168576 0 51550 3018618 6930 0 6
cpu 17 153565 0 49825 3034784 6998 0 2
cpu 16 163481 0 48168 3028500 5962 0 2
cpu 19 135073 0 37403 3067212 6226 0 1
cpu 18 180965 5 36576 3022101 6501 0 2
cpu 1 246599 0 62434 2921566 8676 0 887
cpu 0 270142 45 47644 2887860 10372 0 1161
cpu 3 266786 0 77930 2890228 7928 0 598
cpu 2 261811 0 75045 2896316 9762 0 193
cpu 5 265689 0 79196 2891713 7840 0 456
cpu 4 262430 1 79804 2892979 8313 0 115
cpu 7 208690 0 76866 2951490 6968 0 542
cpu 6 256002 0 77755 2902883 8194 0 329
cpu 9 189155 0 54364 2991421 8016 0 378
cpu 8 190283 0 61980 2984159 6582 0 340
mem 1 99033092 96113392 2919700 374556 1965184 136 0 2107224 1080504 232632 7568 0 0 176312 2048 0 0
mem 0 97636988 55547500 42089488 702452 40219236 220 0 40425104 7935164 500036 28392 0 0 464360 6144 0 0
net vnet45 0 0 613884 0 0 0 0 0 0 0 0 0 3345 0 588699 0 0 0 0 0 0 2781 0
net lo 0 0 4177997 0 0 0 0 0 0 0 0 0 33129 0 4177997 0 0 0 0 0 0 33129 0
net vnet44 0 0 239894 0 0 0 0 0 0 0 0 0 1170 0 209654 0 0 0 0 0 0 1214 0
net eno1 0 162858 40341088784 0 0 386 0 0 0 0 0 0 30388715 0 1231517212 0 0 0 0 0 0 5975486 0
net virbr0 0 848 9965017615 0 0 0 0 0 0 0 0 0 39741893 0 38384121501 0 0 0 0 0 0 23528912 0
numa 1 120236546 18781169 10118603 29535 120192223 18825475
numa 0 119620230 10118603 18781169 29710 119618513 10119878
ps - 503534638 426862 528 555 513 19 732
sysv_shm - 0 0
tmpfs /run/lock 0 6
tmpfs /run 2125824 1105
tmpfs /run/user/20029 0 20
tmpfs /run/qemu 0 1
tmpfs /dev/shm 37615726592 105411
vfs - 133954 5264 184356
vm - 4 25325387 440396407 252318 1617408 267347792 311296123 85283963 6618706 222633552 56892 0 0 0 0 0 1811072 0 311878 5997 0 1618108 94 0 3 0 0

1778477774.939492 0 node0.mimesys-workload.ldos-ut-pg0.wisc.cloudlab.us
block sda 641897 211340 50643308 349538 2710719 17785196 880792847 13079965 0 2417920 13717916
block sdb 509 0 7540 473 4 0 0 0 0 600 474
cpu 11 197346 0 57044 2982967 7320 0 5
cpu 10 223803 2 52054 2962522 9487 0 6
cpu 13 191818 0 52653 2993406 6878 0 5
cpu 12 196157 0 51655 2990350 7635 0 2
cpu 15 174994 2 50135 3013022 6776 0 4
cpu 14 168577 0 51554 3018718 6930 0 6
cpu 17 153566 0 49828 3034884 6998 0 2
cpu 16 163482 0 48171 3028599 5962 0 2
cpu 19 135075 0 37409 3067308 6226 0 1
cpu 18 180965 5 36580 3022200 6501 0 2
cpu 1 246600 0 62436 2921665 8676 0 887
cpu 0 270144 45 47646 2887960 10372 0 1161
cpu 3 266786 0 77932 2890329 7928 0 598
cpu 2 261812 0 75047 2896416 9762 0 193
cpu 5 265692 0 79196 2891813 7840 0 456
cpu 4 262432 1 79806 2893080 8313 0 115
cpu 7 208692 0 76868 2951589 6968 0 542
cpu 6 256003 0 77757 2902983 8194 0 329
cpu 9 189235 0 54366 2991444 8016 0 378
cpu 8 190349 0 61982 2984195 6582 0 340
mem 1 99033092 96110884 2922208 374552 1964680 152 0 2107228 1080492 232128 7452 0 0 176448 2048 0 0
mem 0 97636988 55544984 42092004 702452 40218568 216 0 40425104 7935344 499396 28460 0 0 464320 6144 0 0
net vnet45 0 0 615752 0 0 0 0 0 0 0 0 0 3355 0 589749 0 0 0 0 0 0 2791 0
net lo 0 0 4178554 0 0 0 0 0 0 0 0 0 33133 0 4178554 0 0 0 0 0 0 33133 0
net vnet44 0 0 239894 0 0 0 0 0 0 0 0 0 1170 0 209706 0 0 0 0 0 0 1215 0
net eno1 0 162868 40341095335 0 0 386 0 0 0 0 0 0 30388816 0 1231517611 0 0 0 0 0 0 5975490 0
net virbr0 0 848 9965019343 0 0 0 0 0 0 0 0 0 39741903 0 38384122499 0 0 0 0 0 0 23528921 0
numa 1 120249455 18781169 10118603 29535 120205132 18825475
numa 0 119626344 10118603 18781169 29710 119624627 10119878
ps - 503542841 427034 528 555 513 10 733
sysv_shm - 0 0
tmpfs /run/lock 0 6
tmpfs /run 2125824 1105
tmpfs /run/user/20029 0 20
tmpfs /run/qemu 0 1
tmpfs /dev/shm 37615726592 105411
vfs - 133948 5224 184353
vm - 4 25325387 440396423 252318 1617408 267366777 311315227 85283971 6618706 222663696 56892 0 0 0 0 0 1811072 0 311878 5997 0 1618108 94 0 3 0 0

1778477775.974485 0 node0.mimesys-workload.ldos-ut-pg0.wisc.cloudlab.us
block sda 641897 211340 50643308 349538 2710733 17785208 880793055 13079971 0 2417932 13717922
block sdb 509 0 7540 473 4 0 0 0 0 600 474
cpu 11 197424 0 57048 2982991 7320 0 5
cpu 10 223884 2 52057 2962546 9487 0 6
cpu 13 191894 0 52654 2993438 6878 0 5
cpu 12 196234 0 51659 2990377 7635 0 2
cpu 15 174996 2 50137 3013122 6776 0 4
cpu 14 168578 0 51556 3018818 6930 0 6
cpu 17 153568 0 49829 3034984 6998 0 2
cpu 16 163483 0 48174 3028700 5962 0 2
cpu 19 135078 0 37412 3067405 6226 0 1
cpu 18 180967 5 36582 3022300 6501 0 2
cpu 1 246601 0 62437 2921764 8676 0 887
cpu 0 270146 45 47650 2888057 10372 0 1161
cpu 3 266787 0 77935 2890429 7928 0 598
cpu 2 261819 0 75048 2896510 9762 0 193
cpu 5 265694 0 79198 2891913 7840 0 456
cpu 4 262434 1 79809 2893177 8313 0 115
cpu 7 208694 0 76870 2951689 6968 0 542
cpu 6 256007 0 77759 2903080 8194 0 329
cpu 9 189316 0 54367 2991471 8016 0 378
cpu 8 190428 0 61985 2984219 6582 0 340
mem 1 99033092 96105344 2927748 374544 1967028 144 0 2107228 1081428 235284 7404 0 0 176388 2048 0 0
mem 0 97636988 55540200 42096788 702468 40219784 220 0 40425104 7937036 500192 28516 0 0 464272 6144 0 0
net vnet45 0 0 620258 0 0 0 0 0 0 0 0 0 3377 0 594011 0 0 0 0 0 0 2807 0
net lo 0 0 4179721 0 0 0 0 0 0 0 0 0 33141 0 4179721 0 0 0 0 0 0 33141 0
net vnet44 0 0 239894 0 0 0 0 0 0 0 0 0 1170 0 209706 0 0 0 0 0 0 1215 0
net eno1 0 162868 40341101126 0 0 386 0 0 0 0 0 0 30388903 0 1231518057 0 0 0 0 0 0 5975494 0
net virbr0 0 848 9965023541 0 0 0 0 0 0 0 0 0 39741925 0 38384126761 0 0 0 0 0 0 23528937 0
numa 1 120256827 18781169 10118603 29535 120212504 18825475
numa 0 119634170 10118603 18781169 29710 119632453 10119878
ps - 503551063 427161 534 556 514 5 733
sysv_shm - 0 0
tmpfs /run/lock 0 6
tmpfs /run 2125824 1105
tmpfs /run/user/20029 0 20
tmpfs /run/qemu 0 1
tmpfs /dev/shm 37615726592 105411
vfs - 133943 5264 184359
vm - 4 25325387 440396527 252318 1617408 267381816 311329977 85283972 6618706 222687245 56892 0 0 0 0 0 1811072 0 311878 5997 0 1618108 94 0 3 0 0

1778477777.002117 0 node0.mimesys-workload.ldos-ut-pg0.wisc.cloudlab.us
block sda 641897 211340 50643308 349538 2710815 17785208 880793791 13079984 0 2417936 13717935
block sdb 509 0 7540 473 4 0 0 0 0 600 474
cpu 11 197499 0 57050 2983023 7320 0 5
cpu 10 223962 2 52059 2962576 9487 0 6
cpu 13 191968 0 52657 2993465 6878 0 5
cpu 12 196303 0 51662 2990411 7635 0 2
cpu 15 174996 2 50138 3013222 6776 0 4
cpu 14 168579 0 51558 3018917 6930 0 6
cpu 17 153569 0 49830 3035084 6998 0 2
cpu 16 163484 0 48175 3028799 5962 0 2
cpu 19 135079 0 37413 3067505 6226 0 1
cpu 18 180968 5 36583 3022400 6501 0 2
cpu 1 246601 0 62439 2921863 8676 0 887
cpu 0 270146 45 47653 2888155 10372 0 1161
cpu 3 266788 0 77936 2890529 7928 0 598
cpu 2 261822 0 75050 2896609 9762 0 193
cpu 5 265695 0 79202 2892012 7840 0 456
cpu 4 262435 1 79810 2893277 8313 0 115
cpu 7 208694 0 76872 2951789 6968 0 542
cpu 6 256009 0 77760 2903178 8194 0 329
cpu 9 189388 0 54369 2991501 8016 0 378
cpu 8 190500 0 61988 2984251 6582 0 340
mem 1 99033092 96102068 2931024 374572 1968360 32 0 2107244 1081380 234956 7524 0 0 176320 2048 0 0
mem 0 97636988 55538440 42098548 702452 40218016 24 0 40425104 7936232 498408 28812 0 0 464244 6144 0 0
net vnet45 0 0 620822 0 0 0 0 0 0 0 0 0 3383 0 594489 0 0 0 0 0 0 2813 0
net lo 0 0 4180278 0 0 0 0 0 0 0 0 0 33145 0 4180278 0 0 0 0 0 0 33145 0
net vnet44 0 0 239894 0 0 0 0 0 0 0 0 0 1170 0 209758 0 0 0 0 0 0 1216 0
net eno1 0 162880 40341107335 0 0 386 0 0 0 0 0 0 30388994 0 1231518402 0 0 0 0 0 0 5975497 0
net virbr0 0 848 9965024021 0 0 0 0 0 0 0 0 0 39741931 0 38384127187 0 0 0 0 0 0 23528942 0
numa 1 120264097 18781169 10118603 29535 120219774 18825475
numa 0 119639409 10118603 18781169 29710 119637692 10119878
ps - 503559045 427277 534 556 514 5 717
sysv_shm - 0 0
tmpfs /run/lock 0 6
tmpfs /run 2125824 1105
tmpfs /run/user/20029 0 20
tmpfs /run/qemu 0 1
tmpfs /dev/shm 37615726592 105411
vfs - 133938 5264 184245
vm - 4 25325387 440396895 252318 1617408 267394325 311343038 85283979 6618706 222707012 56892 0 0 0 0 0 1811072 0 311878 5997 0 1618108 94 0 3 0 0

1778477778.028308 0 node0.mimesys-workload.ldos-ut-pg0.wisc.cloudlab.us
block sda 641897 211340 50643308 349538 2710815 17785208 880793791 13079984 0 2417936 13717935
block sdb 509 0 7540 473 4 0 0 0 0 600 474
cpu 11 197574 0 57051 2983051 7320 0 5
cpu 10 224040 2 52059 2962600 9487 0 6
cpu 13 192043 0 52659 2993493 6878 0 5
cpu 12 196374 0 51664 2990440 7635 0 2
cpu 15 174997 2 50140 3013322 6776 0 4
cpu 14 168580 0 51559 3019017 6930 0 6
cpu 17 153570 0 49832 3035183 6998 0 2
cpu 16 163484 0 48176 3028900 5962 0 2
cpu 19 135083 0 37419 3067600 6226 0 1
cpu 18 180968 5 36586 3022500 6501 0 2
cpu 1 246609 0 62442 2921955 8676 0 887
cpu 0 270150 45 47656 2888251 10372 0 1161
cpu 3 266792 0 77939 2890624 7928 0 598
cpu 2 261823 0 75052 2896707 9762 0 193
cpu 5 265696 0 79204 2892111 7840 0 456
cpu 4 262437 1 79811 2893375 8313 0 115
cpu 7 208695 0 76875 2951887 6968 0 542
cpu 6 256010 0 77762 2903275 8194 0 329
cpu 9 189460 0 54372 2991533 8016 0 378
cpu 8 190590 0 61988 2984262 6582 0 340
mem 1 99033092 96099300 2933792 374564 1966072 108 0 2107248 1081828 233448 7404 0 0 176272 2048 0 0
mem 0 97636988 55533652 42103336 702464 40219808 176 0 40425108 7935788 500680 28456 0 0 464204 6144 0 0
net vnet45 0 0 625892 0 0 0 0 0 0 0 0 0 3411 0 599177 0 0 0 0 0 0 2834 0
net lo 0 0 4181445 0 0 0 0 0 0 0 0 0 33153 0 4181445 0 0 0 0 0 0 33153 0
net vnet44 0 0 239894 0 0 0 0 0 0 0 0 0 1170 0 209758 0 0 0 0 0 0 1216 0
net eno1 0 162880 40341113606 0 0 386 0 0 0 0 0 0 30389089 0 1231518848 0 0 0 0 0 0 5975501 0
net virbr0 0 848 9965028699 0 0 0 0 0 0 0 0 0 39741959 0 38384131875 0 0 0 0 0 0 23528963 0
numa 1 120270303 18781169 10118603 29535 120225980 18825475
numa 0 119648107 10118603 18781169 29710 119646390 10119878
ps - 503567663 427403 534 556 514 6 716
sysv_shm - 0 0
tmpfs /run/lock 0 6
tmpfs /run 2125824 1105
tmpfs /run/user/20029 0 20
tmpfs /run/qemu 0 1
tmpfs /dev/shm 37615726592 105411
vfs - 133937 5224 184234
vm - 4 25325387 440396895 252318 1617408 267409229 311357975 85283982 6618706 222730239 56892 0 0 0 0 0 1811072 0 311878 5997 0 1618108 94 0 3 0 0

1778477779.055521 0 node0.mimesys-workload.ldos-ut-pg0.wisc.cloudlab.us
block sda 641897 211340 50643308 349538 2710819 17785208 880793887 13079984 0 2417940 13717936
block sdb 509 0 7540 473 4 0 0 0 0 600 474
cpu 11 197651 0 57052 2983078 7320 0 5
cpu 10 224118 2 52060 2962625 9487 0 6
cpu 13 192115 0 52662 2993523 6878 0 5
cpu 12 196450 0 51667 2990466 7635 0 2
cpu 15 175000 2 50142 3013419 6776 0 4
cpu 14 168581 0 51560 3019117 6930 0 6
cpu 17 153572 0 49834 3035283 6998 0 2
cpu 16 163485 0 48178 3029000 5962 0 2
cpu 19 135084 0 37422 3067697 6226 0 1
cpu 18 180969 5 36588 3022600 6501 0 2
cpu 1 246615 0 62444 2922048 8676 0 887
cpu 0 270151 45 47661 2888348 10372 0 1161
cpu 3 266793 0 77942 2890722 7928 0 598
cpu 2 261824 0 75056 2896806 9762 0 193
cpu 5 265697 0 79207 2892209 7840 0 456
cpu 4 262439 1 79813 2893474 8313 0 115
cpu 7 208697 0 76878 2951986 6968 0 542
cpu 6 256012 0 77765 2903372 8194 0 329
cpu 9 189528 0 54374 2991570 8016 0 378
cpu 8 190676 0 61989 2984279 6582 0 340
mem 1 99033092 96093768 2939324 374536 1965276 112 0 2107248 1081000 233112 7108 0 0 176216 2048 0 0
mem 0 97636988 55543456 42093532 702484 40221772 196 0 40425112 7935504 502684 28636 0 0 464156 6144 0 0
net vnet45 0 0 629028 0 0 0 0 0 0 0 0 0 3428 0 602919 0 0 0 0 0 0 2847 0
net lo 0 0 4182612 0 0 0 0 0 0 0 0 0 33161 0 4182612 0 0 0 0 0 0 33161 0
net vnet44 0 0 239894 0 0 0 0 0 0 0 0 0 1170 0 209810 0 0 0 0 0 0 1217 0
net eno1 0 162889 40341120117 0 0 386 0 0 0 0 0 0 30389188 0 1231519294 0 0 0 0 0 0 5975505 0
net virbr0 0 848 9965031597 0 0 0 0 0 0 0 0 0 39741976 0 38384135565 0 0 0 0 0 0 23528975 0
numa 1 120276148 18781169 10118603 29535 120231825 18825475
numa 0 119656526 10118603 18781169 29710 119654809 10119878
ps - 503576487 427525 534 556 514 7 709
sysv_shm - 0 0
tmpfs /run/lock 0 6
tmpfs /run 2125824 1105
tmpfs /run/user/20029 0 20
tmpfs /run/qemu 0 1
tmpfs /dev/shm 37615726592 105411
vfs - 133941 5224 184207
vm - 4 25325387 440396943 252318 1617408 267423493 311371918 85283985 6618706 222752597 56892 0 0 0 0 0 1811072 0 311878 5997 0 1618108 94 0 3 0 0

1778477780.081168 0 node0.mimesys-workload.ldos-ut-pg0.wisc.cloudlab.us
block sda 641897 211340 50643308 349538 2710824 17785208 880793927 13079988 0 2417944 13717939
block sdb 509 0 7540 473 4 0 0 0 0 600 474
cpu 11 197732 0 57054 2983103 7320 0 5
cpu 10 224202 2 52060 2962649 9487 0 6
cpu 13 192190 0 52665 2993546 6878 0 5
cpu 12 196530 0 51669 2990488 7635 0 2
cpu 15 175000 2 50144 3013519 6776 0 4
cpu 14 168582 0 51561 3019217 6930 0 6
cpu 17 153573 0 49836 3035383 6998 0 2
cpu 16 163486 0 48180 3029100 5962 0 2
cpu 19 135086 0 37424 3067797 6226 0 1
cpu 18 180969 5 36589 3022700 6501 0 2
cpu 1 246616 0 62445 2922148 8676 0 887
cpu 0 270151 45 47662 2888448 10372 0 1161
cpu 3 266794 0 77943 2890823 7928 0 598
cpu 2 261826 0 75056 2896905 9762 0 193
cpu 5 265699 0 79210 2892308 7840 0 456
cpu 4 262440 1 79815 2893573 8313 0 115
cpu 7 208699 0 76878 2952084 6968 0 542
cpu 6 256014 0 77766 2903472 8194 0 329
cpu 9 189589 0 54374 2991612 8016 0 378
cpu 8 190758 0 61991 2984298 6582 0 340
mem 1 99033092 96091756 2941336 374536 1965756 128 0 2107252 1080500 232768 7000 0 0 176184 2048 0 0
mem 0 97636988 55541100 42095888 702496 40219028 208 0 40425112 7935344 501260 28824 0 0 464236 6144 0 0
net vnet45 0 0 630962 0 0 0 0 0 0 0 0 0 3439 0 603917 0 0 0 0 0 0 2856 0
net lo 0 0 4183169 0 0 0 0 0 0 0 0 0 33165 0 4183169 0 0 0 0 0 0 33165 0
net vnet44 0 0 239894 0 0 0 0 0 0 0 0 0 1170 0 209810 0 0 0 0 0 0 1217 0
net eno1 0 162889 40341126234 0 0 386 0 0 0 0 0 0 30389281 0 1231519639 0 0 0 0 0 0 5975508 0
net virbr0 0 848 9965033377 0 0 0 0 0 0 0 0 0 39741987 0 38384136563 0 0 0 0 0 0 23528984 0
numa 1 120284060 18781169 10118603 29535 120239737 18825475
numa 0 119661209 10118603 18781169 29710 119659492 10119878
ps - 503584019 427641 534 556 514 2 709
sysv_shm - 0 0
tmpfs /run/lock 0 6
tmpfs /run 2125824 1105
tmpfs /run/user/20029 0 20
tmpfs /run/qemu 0 1
tmpfs /dev/shm 37615726592 105411
vfs - 133938 5184 184197
vm - 4 25325387 440396963 252318 1617408 267436088 311384876 85283990 6618706 222772388 56892 0 0 0 0 0 1811072 0 311878 5997 0 1618108 94 0 3 0 0

1778477781.108929 0 node0.mimesys-workload.ldos-ut-pg0.wisc.cloudlab.us
block sda 641897 211340 50643308 349538 2710833 17785220 880794103 13079992 0 2417952 13717944
block sdb 509 0 7540 473 4 0 0 0 0 600 474
cpu 11 197805 0 57055 2983132 7320 0 5
cpu 10 224271 2 52062 2962680 9487 0 6
cpu 13 192265 0 52668 2993574 6878 0 5
cpu 12 196607 0 51671 2990514 7635 0 2
cpu 15 175001 2 50145 3013620 6776 0 4
cpu 14 168583 0 51562 3019318 6930 0 6
cpu 17 153574 0 49836 3035485 6998 0 2
cpu 16 163486 0 48180 3029201 5962 0 2
cpu 19 135088 0 37426 3067894 6226 0 1
cpu 18 180970 5 36590 3022801 6501 0 2
cpu 1 246616 0 62448 2922246 8676 0 887
cpu 0 270152 45 47666 2888545 10372 0 1161
cpu 3 266801 0 77946 2890916 7928 0 598
cpu 2 261828 0 75058 2897003 9762 0 193
cpu 5 265702 0 79216 2892402 7840 0 456
cpu 4 262442 1 79818 2893670 8313 0 115
cpu 7 208700 0 76880 2952181 6968 0 542
cpu 6 256015 0 77768 2903570 8194 0 329
cpu 9 189670 0 54377 2991634 8016 0 378
cpu 8 190828 0 61992 2984328 6582 0 340
mem 1 99033092 96088484 2944608 374544 1964908 168 0 2107260 1080920 232248 7204 0 0 176352 2048 0 0
mem 0 97636988 55536348 42100640 702480 40220424 244 0 40425116 7935616 501280 28660 0 0 464140 6144 0 0
net vnet45 0 0 634098 0 0 0 0 0 0 0 0 0 3456 0 607659 0 0 0 0 0 0 2869 0
net lo 0 0 4184336 0 0 0 0 0 0 0 0 0 33173 0 4184336 0 0 0 0 0 0 33173 0
net vnet44 0 0 239894 0 0 0 0 0 0 0 0 0 1170 0 209862 0 0 0 0 0 0 1218 0
net eno1 0 162897 40341132925 0 0 386 0 0 0 0 0 0 30389384 0 1231520085 0 0 0 0 0 0 5975512 0
net virbr0 0 848 9965036275 0 0 0 0 0 0 0 0 0 39742004 0 38384140253 0 0 0 0 0 0 23528996 0
numa 1 120286521 18781169 10118603 29535 120242198 18825475
numa 0 119672924 10118603 18781169 29710 119671207 10119878
ps - 503593049 427762 539 557 514 5 709
sysv_shm - 0 0
tmpfs /run/lock 0 6
tmpfs /run 2125824 1105
tmpfs /run/user/20029 0 20
tmpfs /run/qemu 0 1
tmpfs /dev/shm 37615726592 105411
vfs - 133940 5184 184199
vm - 4 25325387 440397051 252318 1617408 267450264 311398656 85283999 6618706 222794648 56892 0 0 0 0 0 1811072 0 311878 5997 0 1618108 94 0 3 0 0

1778477782.141696 0 node0.mimesys-workload.ldos-ut-pg0.wisc.cloudlab.us
block sda 641897 211340 50643308 349538 2710833 17785220 880794103 13079992 0 2417952 13717944
block sdb 509 0 7540 473 4 0 0 0 0 600 474
cpu 11 197878 0 57056 2983163 7320 0 5
cpu 10 224353 2 52062 2962702 9487 0 6
cpu 13 192336 0 52671 2993609 6878 0 5
cpu 12 196686 0 51674 2990536 7635 0 2
cpu 15 175002 2 50147 3013721 6776 0 4
cpu 14 168584 0 51563 3019418 6930 0 6
cpu 17 153575 0 49838 3035585 6998 0 2
cpu 16 163486 0 48183 3029302 5962 0 2
cpu 19 135091 0 37429 3067991 6226 0 1
cpu 18 180970 5 36592 3022901 6501 0 2
cpu 1 246617 0 62450 2922346 8676 0 887
cpu 0 270154 45 47668 2888644 10372 0 1161
cpu 3 266803 0 77946 2891016 7928 0 598
cpu 2 261828 0 75059 2897104 9762 0 193
cpu 5 265704 0 79218 2892500 7840 0 456
cpu 4 262443 1 79820 2893769 8313 0 115
cpu 7 208702 0 76882 2952280 6968 0 542
cpu 6 256016 0 77770 2903670 8194 0 329
cpu 9 189750 0 54378 2991657 8016 0 378
cpu 8 190907 0 61993 2984353 6582 0 340
mem 1 99033092 96086220 2946872 374528 1965596 164 0 2107260 1080944 232920 7032 0 0 176344 2048 0 0
mem 0 97636988 55535092 42101896 702496 40219812 252 0 40425116 7935344 500688 28800 0 0 464276 6144 0 0
net vnet45 0 0 636032 0 0 0 0 0 0 0 0 0 3467 0 608657 0 0 0 0 0 0 2878 0
net lo 0 0 4184893 0 0 0 0 0 0 0 0 0 33177 0 4184893 0 0 0 0 0 0 33177 0
net vnet44 0 0 239894 0 0 0 0 0 0 0 0 0 1170 0 209862 0 0 0 0 0 0 1218 0
net eno1 0 162897 40341139642 0 0 386 0 0 0 0 0 0 30389488 0 1231520430 0 0 0 0 0 0 5975515 0
net virbr0 0 848 9965038055 0 0 0 0 0 0 0 0 0 39742015 0 38384141251 0 0 0 0 0 0 23529005 0
numa 1 120293684 18781169 10118603 29535 120249361 18825475
numa 0 119678396 10118603 18781169 29710 119676679 10119878
ps - 503600489 427878 539 557 514 6 709
sysv_shm - 0 0
tmpfs /run/lock 0 6
tmpfs /run 2125824 1105
tmpfs /run/user/20029 0 20
tmpfs /run/qemu 0 1
tmpfs /dev/shm 37615726592 105411
vfs - 133940 5184 184213
vm - 4 25325387 440397051 252318 1617408 267462899 311411696 85284003 6618706 222814427 56892 0 0 0 0 0 1811072 0 311878 5997 0 1618108 94 0 3 0 0

1778477783.174872 0 node0.mimesys-workload.ldos-ut-pg0.wisc.cloudlab.us
block sda 641898 211341 50643334 349538 2711227 17785236 880798447 13080031 0 2417980 13717983
block sdb 509 0 7540 473 4 0 0 0 0 600 474
cpu 11 197951 0 57060 2983192 7320 0 5
cpu 10 224433 2 52064 2962725 9487 0 6
cpu 13 192406 0 52675 2993640 6878 0 5
cpu 12 196764 0 51676 2990563 7635 0 2
cpu 15 175002 2 50150 3013821 6777 0 4
cpu 14 168585 0 51566 3019519 6930 0 6
cpu 17 153577 0 49840 3035686 6998 0 2
cpu 16 163487 0 48185 3029403 5962 0 2
cpu 19 135092 0 37432 3068090 6226 0 1
cpu 18 180971 5 36593 3023002 6501 0 2
cpu 1 246618 0 62452 2922446 8676 0 887
cpu 0 270155 45 47671 2888743 10372 0 1161
cpu 3 266804 0 77949 2891115 7928 0 598
cpu 2 261834 0 75062 2897197 9762 0 193
cpu 5 265705 0 79220 2892599 7840 0 456
cpu 4 262446 1 79823 2893868 8313 0 115
cpu 7 208704 0 76884 2952378 6968 0 542
cpu 6 256018 0 77774 2903767 8194 0 329
cpu 9 189823 0 54380 2991687 8016 0 378
cpu 8 190983 0 61994 2984384 6582 0 340
mem 1 99033092 96082384 2950708 374576 1965684 100 0 2107260 1080548 233104 7504 0 0 176168 2048 0 0
mem 0 97636988 55543544 42093444 702468 40219816 156 0 40425120 7935656 500696 28396 0 0 464172 6144 0 0
net vnet45 0 0 641102 0 0 0 0 0 0 0 0 0 3495 0 613397 0 0 0 0 0 0 2900 0
net lo 0 0 4186060 0 0 0 0 0 0 0 0 0 33185 0 4186060 0 0 0 0 0 0 33185 0
net vnet44 0 0 239894 0 0 0 0 0 0 0 0 0 1170 0 209914 0 0 0 0 0 0 1219 0
net eno1 0 162907 40341145673 0 0 386 0 0 0 0 0 0 30389579 0 1231520876 0 0 0 0 0 0 5975519 0
net virbr0 0 848 9965042733 0 0 0 0 0 0 0 0 0 39742043 0 38384145939 0 0 0 0 0 0 23529026 0
numa 1 120301838 18781169 10118603 29535 120257515 18825475
numa 0 119684746 10118603 18781169 29710 119683029 10119878
ps - 503610669 428006 539 557 514 6 715
sysv_shm - 0 0
tmpfs /run/lock 0 6
tmpfs /run 2125824 1105
tmpfs /run/user/20029 0 20
tmpfs /run/qemu 0 1
tmpfs /dev/shm 37615726592 105411
vfs - 133938 5224 184197
vm - 4 25325400 440399223 252318 1617408 267477403 311426173 85284007 6618706 222836993 56892 0 0 0 0 0 1811072 0 311878 5997 0 1618108 94 0 3 0 0

1778477784.208384 0 node0.mimesys-workload.ldos-ut-pg0.wisc.cloudlab.us
block sda 641898 211341 50643334 349538 2711227 17785236 880798447 13080031 0 2417980 13717983
block sdb 509 0 7540 473 4 0 0 0 0 600 474
cpu 11 198001 0 57061 2983245 7320 0 5
cpu 10 224484 2 52065 2962776 9487 0 6
cpu 13 192465 0 52677 2993685 6878 0 5
cpu 12 196825 0 51678 2990606 7635 0 2
cpu 15 175002 2 50153 3013920 6777 0 4
cpu 14 168585 0 51569 3019619 6930 0 6
cpu 17 153577 0 49842 3035787 6998 0 2
cpu 16 163488 0 48187 3029503 5962 0 2
cpu 19 135095 0 37435 3068187 6226 0 1
cpu 18 180973 5 36594 3023102 6501 0 2
cpu 1 246619 0 62454 2922546 8676 0 887
cpu 0 270155 45 47672 2888842 10372 0 1161
cpu 3 266807 0 77950 2891215 7928 0 598
cpu 2 261837 0 75064 2897296 9762 0 193
cpu 5 265710 0 79222 2892697 7840 0 456
cpu 4 262448 1 79824 2893968 8313 0 115
cpu 7 208706 0 76886 2952475 6968 0 542
cpu 6 256021 0 77776 2903867 8194 0 329
cpu 9 189880 0 54381 2991732 8016 0 378
cpu 8 191048 0 61995 2984421 6582 0 340
mem 1 99033092 96080176 2952916 374564 1967184 116 0 2107260 1080944 234548 7380 0 0 176128 2048 0 0
mem 0 97636988 55539268 42097720 702480 40220896 176 0 40425120 7935344 501756 28444 0 0 464140 6144 0 0
net vnet45 0 0 641102 0 0 0 0 0 0 0 0 0 3495 0 613397 0 0 0 0 0 0 2900 0
net lo 0 0 4187227 0 0 0 0 0 0 0 0 0 33193 0 4187227 0 0 0 0 0 0 33193 0
net vnet44 0 0 239894 0 0 0 0 0 0 0 0 0 1170 0 209914 0 0 0 0 0 0 1219 0
net eno1 0 162907 40341151644 0 0 386 0 0 0 0 0 0 30389669 0 1231521322 0 0 0 0 0 0 5975523 0
net virbr0 0 848 9965042733 0 0 0 0 0 0 0 0 0 39742043 0 38384145939 0 0 0 0 0 0 23529026 0
numa 1 120310267 18781169 10118603 29535 120265944 18825475
numa 0 119689890 10118603 18781169 29710 119688173 10119878
ps - 503617809 428126 539 557 514 7 719
sysv_shm - 0 0
tmpfs /run/lock 0 6
tmpfs /run 2125824 1105
tmpfs /run/user/20029 0 20
tmpfs /run/qemu 0 1
tmpfs /dev/shm 37615726592 105411
vfs - 133947 5224 184252
vm - 4 25325400 440399223 252318 1617408 267490980 311438905 85284012 6618706 222858151 56892 0 0 0 0 0 1811072 0 311878 5997 0 1618108 94 0 3 0 0

1778477785.241902 0 node0.mimesys-workload.ldos-ut-pg0.wisc.cloudlab.us
block sda 641899 211341 50643590 349539 2711244 17785248 880799007 13080034 0 2418004 13717988
block sdb 509 0 7540 473 4 0 0 0 0 600 474
cpu 11 198080 0 57062 2983271 7320 0 5
cpu 10 224563 2 52066 2962802 9487 0 6
cpu 13 192543 0 52679 2993711 6878 0 5
cpu 12 196901 0 51680 2990630 7635 0 2
cpu 15 175004 2 50154 3014021 6777 0 4
cpu 14 168586 0 51570 3019720 6930 0 6
cpu 17 153578 0 49844 3035888 6998 0 2
cpu 16 163489 0 48187 3029604 5962 0 2
cpu 19 135097 0 37440 3068284 6226 0 1
cpu 18 180974 5 36596 3023203 6501 0 2
cpu 1 246622 0 62457 2922643 8676 0 887
cpu 0 270157 45 47676 2888940 10372 0 1161
cpu 3 266808 0 77953 2891314 7928 0 598
cpu 2 261840 0 75067 2897394 9762 0 193
cpu 5 265710 0 79224 2892797 7840 0 456
cpu 4 262449 1 79826 2894067 8313 0 115
cpu 7 208708 0 76887 2952573 6968 0 542
cpu 6 256026 0 77780 2903961 8194 0 329
cpu 9 189966 0 54382 2991755 8016 0 378
cpu 8 191126 0 62000 2984445 6582 0 340
mem 1 99033092 96079672 2953420 374568 1965992 140 0 2107276 1080500 232884 7364 0 0 176200 2048 0 0
mem 0 97636988 55536496 42100492 702476 40220220 200 0 40425124 7935344 500204 28460 0 0 464100 6144 0 0
net vnet45 0 0 645974 0 0 0 0 0 0 0 0 0 3520 0 618137 0 0 0 0 0 0 2922 0
net lo 0 0 4187784 0 0 0 0 0 0 0 0 0 33197 0 4187784 0 0 0 0 0 0 33197 0
net vnet44 0 0 239894 0 0 0 0 0 0 0 0 0 1170 0 209966 0 0 0 0 0 0 1220 0
net eno1 0 162918 40341157941 0 0 386 0 0 0 0 0 0 30389766 0 1231521667 0 0 0 0 0 0 5975526 0
net virbr0 0 848 9965047255 0 0 0 0 0 0 0 0 0 39742068 0 38384150627 0 0 0 0 0 0 23529047 0
numa 1 120314680 18781169 10118603 29535 120270357 18825475
numa 0 119698817 10118603 18781169 29710 119697100 10119878
ps - 503626594 428243 539 557 514 7 708
sysv_shm - 0 0
tmpfs /run/lock 0 6
tmpfs /run 2125824 1105
tmpfs /run/user/20029 0 20
tmpfs /run/qemu 0 1
tmpfs /dev/shm 37615726592 105411
vfs - 133940 5144 184207
vm - 4 25325528 440399503 252318 1617408 267504317 311453041 85284019 6618706 222879001 56892 0 0 0 0 0 1811072 0 311878 5997 0 1618108 94 0 3 0 0

1778477786.280793 0 node0.mimesys-workload.ldos-ut-pg0.wisc.cloudlab.us
block sda 641899 211341 50643590 349539 2711251 17785248 880799071 13080040 0 2418008 13717993
block sdb 509 0 7540 473 4 0 0 0 0 600 474
cpu 11 198165 0 57064 2983290 7320 0 5
cpu 10 224642 2 52067 2962830 9487 0 6
cpu 13 192620 0 52681 2993738 6878 0 5
cpu 12 196975 0 51684 2990661 7635 0 2
cpu 15 175004 2 50156 3014122 6777 0 4
cpu 14 168587 0 51571 3019822 6930 0 6
cpu 17 153578 0 49845 3035989 6998 0 2
cpu 16 163489 0 48189 3029706 5962 0 2
cpu 19 135098 0 37442 3068385 6226 0 1
cpu 18 180974 5 36598 3023304 6501 0 2
cpu 1 246624 0 62461 2922740 8676 0 887
cpu 0 270161 45 47682 2889033 10372 0 1161
cpu 3 266815 0 77957 2891408 7928 0 598
cpu 2 261841 0 75070 2897494 9762 0 193
cpu 5 265713 0 79225 2892897 7840 0 456
cpu 4 262451 1 79828 2894167 8313 0 115
cpu 7 208710 0 76889 2952672 6968 0 542
cpu 6 256027 0 77782 2904060 8194 0 329
cpu 9 190044 0 54383 2991781 8016 0 378
cpu 8 191202 0 62001 2984473 6582 0 340
mem 1 99033092 96075892 2957200 374540 1966268 112 0 2107276 1081000 233564 7104 0 0 176156 2048 0 0
mem 0 97636988 55531968 42105020 702508 40220900 184 0 40425252 7936292 501608 28776 0 0 464228 6144 0 0
net vnet45 0 0 649110 0 0 0 0 0 0 0 0 0 3537 0 621827 0 0 0 0 0 0 2934 0
net lo 0 0 4188951 0 0 0 0 0 0 0 0 0 33205 0 4188951 0 0 0 0 0 0 33205 0
net vnet44 0 0 239894 0 0 0 0 0 0 0 0 0 1170 0 209966 0 0 0 0 0 0 1220 0
net eno1 0 162918 40341164572 0 0 386 0 0 0 0 0 0 30389867 0 1231522113 0 0 0 0 0 0 5975530 0
net virbr0 0 848 9965050153 0 0 0 0 0 0 0 0 0 39742085 0 38384154317 0 0 0 0 0 0 23529059 0
numa 1 120319972 18781169 10118603 29535 120275649 18825475
numa 0 119707672 10118603 18781169 29710 119705955 10119878
ps - 503635247 428364 520 553 513 7 708
sysv_shm - 0 0
tmpfs /run/lock 0 6
tmpfs /run 2125824 1105
tmpfs /run/user/20029 0 20
tmpfs /run/qemu 0 1
tmpfs /dev/shm 37615726592 105411
vfs - 133940 5064 184193
vm - 4 25325528 440399535 252318 1617408 267518463 311466874 85284022 6618706 222901263 56892 0 0 0 0 0 1811072 0 311878 5997 0 1618108 94 0 3 0 0

1778477787.321333 0 node0.mimesys-workload.ldos-ut-pg0.wisc.cloudlab.us
block sda 641899 211341 50643590 349539 2711251 17785248 880799071 13080040 0 2418008 13717993
block sdb 509 0 7540 473 4 0 0 0 0 600 474
cpu 11 198243 0 57067 2983319 7320 0 5
cpu 10 224721 2 52068 2962857 9487 0 6
cpu 13 192706 0 52684 2993754 6878 0 5
cpu 12 197052 0 51685 2990690 7635 0 2
cpu 15 175004 2 50158 3014224 6777 0 4
cpu 14 168588 0 51572 3019924 6930 0 6
cpu 17 153579 0 49847 3036090 6998 0 2
cpu 16 163490 0 48190 3029807 5962 0 2
cpu 19 135100 0 37445 3068484 6226 0 1
cpu 18 180975 5 36599 3023405 6501 0 2
cpu 1 246626 0 62464 2922840 8676 0 887
cpu 0 270165 45 47685 2889129 10372 0 1161
cpu 3 266818 0 77959 2891508 7928 0 598
cpu 2 261842 0 75072 2897594 9762 0 193
cpu 5 265714 0 79226 2892998 7840 0 456
cpu 4 262451 1 79830 2894267 8313 0 115
cpu 7 208714 0 76890 2952771 6968 0 542
cpu 6 256031 0 77784 2904159 8194 0 329
cpu 9 190119 0 54384 2991812 8016 0 378
cpu 8 191279 0 62002 2984502 6582 0 340
mem 1 99033092 96075392 2957700 374544 1965840 136 0 2107276 1081396 232760 6940 0 0 176164 2048 0 0
mem 0 97636988 55529196 42107792 702516 40220104 232 0 40425256 7935852 500416 28888 0 0 464156 6144 0 0
net vnet45 0 0 650978 0 0 0 0 0 0 0 0 0 3547 0 622877 0 0 0 0 0 0 2944 0
net lo 0 0 4189508 0 0 0 0 0 0 0 0 0 33209 0 4189508 0 0 0 0 0 0 33209 0
net vnet44 0 0 239894 0 0 0 0 0 0 0 0 0 1170 0 210018 0 0 0 0 0 0 1221 0
net eno1 0 162926 40341170989 0 0 386 0 0 0 0 0 0 30389966 0 1231522458 0 0 0 0 0 0 5975533 0
net virbr0 0 848 9965051881 0 0 0 0 0 0 0 0 0 39742095 0 38384155315 0 0 0 0 0 0 23529068 0
numa 1 120326378 18781169 10118603 29535 120282055 18825475
numa 0 119713911 10118603 18781169 29710 119712194 10119878
ps - 503643876 428480 520 553 513 4 708
sysv_shm - 0 0
tmpfs /run/lock 0 6
tmpfs /run 2125824 1105
tmpfs /run/user/20029 0 20
tmpfs /run/qemu 0 1
tmpfs /dev/shm 37615726592 105411
vfs - 133938 5064 184191
vm - 4 25325528 440399535 252318 1617408 267531108 311479856 85284028 6618706 222921017 56892 0 0 0 0 0 1811072 0 311878 5997 0 1618108 94 0 3 0 0

1778477788.360713 0 node0.mimesys-workload.ldos-ut-pg0.wisc.cloudlab.us
block sda 641899 211341 50643590 349539 2711332 17785248 880799815 13080051 0 2418012 13718005
block sdb 509 0 7540 473 4 0 0 0 0 600 474
cpu 11 198321 0 57068 2983346 7320 0 5
cpu 10 224806 2 52071 2962877 9487 0 6
cpu 13 192789 0 52685 2993775 6878 0 5
cpu 12 197132 0 51686 2990718 7635 0 2
cpu 15 175005 2 50160 3014325 6777 0 4
cpu 14 168590 0 51574 3020025 6930 0 6
cpu 17 153581 0 49848 3036191 6998 0 2
cpu 16 163490 0 48192 3029908 5962 0 2
cpu 19 135101 0 37450 3068582 6226 0 1
cpu 18 180976 5 36602 3023506 6501 0 2
cpu 1 246631 0 62466 2922937 8676 0 887
cpu 0 270166 45 47687 2889228 10372 0 1161
cpu 3 266821 0 77960 2891604 7928 0 598
cpu 2 261843 0 75074 2897693 9762 0 193
cpu 5 265716 0 79229 2893097 7840 0 456
cpu 4 262454 1 79834 2894365 8313 0 115
cpu 7 208715 0 76892 2952872 6968 0 542
cpu 6 256038 0 77789 2904249 8194 0 329
cpu 9 190196 0 54387 2991841 8016 0 378
cpu 8 191354 0 62005 2984529 6582 0 340
mem 1 99033092 96071868 2961224 374580 1966384 76 0 2107276 1080600 232572 7264 0 0 176116 2048 0 0
mem 0 97636988 55523912 42113076 702492 40221584 144 0 40425256 7936048 502336 28716 0 0 464156 6144 0 0
net vnet45 0 0 655484 0 0 0 0 0 0 0 0 0 3569 0 627139 0 0 0 0 0 0 2960 0
net lo 0 0 4190675 0 0 0 0 0 0 0 0 0 33217 0 4190675 0 0 0 0 0 0 33217 0
net vnet44 0 0 239894 0 0 0 0 0 0 0 0 0 1170 0 210018 0 0 0 0 0 0 1221 0
net eno1 0 162926 40341176780 0 0 386 0 0 0 0 0 0 30390053 0 1231522904 0 0 0 0 0 0 5975537 0
net virbr0 0 848 9965056079 0 0 0 0 0 0 0 0 0 39742117 0 38384159577 0 0 0 0 0 0 23529084 0
numa 1 120333234 18781169 10118603 29535 120288911 18825475
numa 0 119721895 10118603 18781169 29710 119720178 10119878
ps - 503652337 428605 520 553 513 4 708
sysv_shm - 0 0
tmpfs /run/lock 0 6
tmpfs /run 2125824 1105
tmpfs /run/user/20029 0 20
tmpfs /run/qemu 0 1
tmpfs /dev/shm 37615726592 105411
vfs - 133942 5184 184209
vm - 4 25325528 440399907 252318 1617408 267545948 311494261 85284033 6618706 222944190 56892 0 0 0 0 0 1811072 0 311878 5997 0 1618108 94 0 3 0 0

1778477789.393439 0 node0.mimesys-workload.ldos-ut-pg0.wisc.cloudlab.us
block sda 641899 211341 50643590 349539 2711341 17785261 880800047 13080052 0 2418020 13718006
block sdb 509 0 7540 473 4 0 0 0 0 600 474
cpu 11 198394 0 57072 2983377 7320 0 5
cpu 10 224881 2 52073 2962908 9487 0 6
cpu 13 192866 0 52686 2993802 6878 0 5
cpu 12 197214 0 51687 2990740 7635 0 2
cpu 15 175006 2 50162 3014424 6777 0 4
cpu 14 168591 0 51576 3020125 6930 0 6
cpu 17 153582 0 49850 3036292 6998 0 2
cpu 16 163491 0 48194 3030009 5962 0 2
cpu 19 135102 0 37450 3068683 6226 0 1
cpu 18 180976 5 36603 3023607 6501 0 2
cpu 1 246631 0 62468 2923037 8676 0 887
cpu 0 270168 45 47689 2889327 10372 0 1161
cpu 3 266825 0 77962 2891701 7928 0 598
cpu 2 261844 0 75077 2897793 9762 0 193
cpu 5 265718 0 79230 2893196 7840 0 456
cpu 4 262455 1 79836 2894464 8313 0 115
cpu 7 208717 0 76893 2952971 6968 0 542
cpu 6 256040 0 77792 2904347 8194 0 329
cpu 9 190276 0 54389 2991866 8016 0 378
cpu 8 191430 0 62006 2984558 6582 0 340
mem 1 99033092 96068848 2964244 374572 1966476 92 0 2107280 1080732 233948 7188 0 0 176188 2048 0 0
mem 0 97636988 55519384 42117604 702512 40219296 172 0 40425256 7935348 499668 28996 0 0 464156 6144 0 0
net vnet45 0 0 656048 0 0 0 0 0 0 0 0 0 3575 0 627617 0 0 0 0 0 0 2966 0
net lo 0 0 4191232 0 0 0 0 0 0 0 0 0 33221 0 4191232 0 0 0 0 0 0 33221 0
net vnet44 0 0 239894 0 0 0 0 0 0 0 0 0 1170 0 210070 0 0 0 0 0 0 1222 0
net eno1 0 162934 40341182477 0 0 386 0 0 0 0 0 0 30390140 0 1231523249 0 0 0 0 0 0 5975540 0
net virbr0 0 848 9965056559 0 0 0 0 0 0 0 0 0 39742123 0 38384160003 0 0 0 0 0 0 23529089 0
numa 1 120338562 18781169 10118603 29535 120294239 18825475
numa 0 119729164 10118603 18781169 29710 119727447 10119878
ps - 503660940 428722 520 553 513 5 708
sysv_shm - 0 0
tmpfs /run/lock 0 6
tmpfs /run 2125824 1105
tmpfs /run/user/20029 0 20
tmpfs /run/qemu 0 1
tmpfs /dev/shm 37615726592 105411
vfs - 133938 5224 184191
vm - 4 25325528 440400023 252318 1617408 267558545 311507315 85284040 6618706 222964008 56892 0 0 0 0 0 1811072 0 311878 5997 0 1618108 94 0 3 0 0

1778477790.434745 0 node0.mimesys-workload.ldos-ut-pg0.wisc.cloudlab.us
block sda 641899 211341 50643590 349539 2711344 17785261 880800071 13080055 0 2418024 13718008
block sdb 509 0 7540 473 4 0 0 0 0 600 474
cpu 11 198476 0 57073 2983404 7320 0 5
cpu 10 224962 2 52075 2962934 9487 0 6
cpu 13 192947 0 52688 2993825 6878 0 5
cpu 12 197293 0 51690 2990767 7635 0 2
cpu 15 175006 2 50164 3014526 6777 0 4
cpu 14 168592 0 51578 3020226 6930 0 6
cpu 17 153583 0 49852 3036393 6998 0 2
cpu 16 163491 0 48195 3030111 5962 0 2
cpu 19 135104 0 37453 3068781 6226 0 1
cpu 18 180976 5 36606 3023709 6501 0 2
cpu 1 246634 0 62470 2923136 8676 0 887
cpu 0 270173 45 47694 2889421 10372 0 1161
cpu 3 266826 0 77964 2891800 7928 0 598
cpu 2 261846 0 75079 2897893 9762 0 193
cpu 5 265719 0 79233 2893296 7840 0 456
cpu 4 262461 1 79838 2894560 8313 0 115
cpu 7 208719 0 76895 2953070 6968 0 542
cpu 6 256042 0 77795 2904445 8194 0 329
cpu 9 190357 0 54392 2991892 8016 0 378
cpu 8 191515 0 62008 2984576 6582 0 340
mem 1 99033092 96062052 2971040 374568 1964612 128 0 2107288 1080536 231560 7300 0 0 176144 2048 0 0
mem 0 97636988 55529100 42107888 702500 40219524 220 0 40425256 7935728 500336 28376 0 0 464212 6144 0 0
net vnet45 0 0 661118 0 0 0 0 0 0 0 0 0 3603 0 632305 0 0 0 0 0 0 2987 0
net lo 0 0 4192399 0 0 0 0 0 0 0 0 0 33229 0 4192399 0 0 0 0 0 0 33229 0
net vnet44 0 0 239894 0 0 0 0 0 0 0 0 0 1170 0 210070 0 0 0 0 0 0 1222 0
net eno1 0 162934 40341188508 0 0 386 0 0 0 0 0 0 30390231 0 1231523695 0 0 0 0 0 0 5975544 0
net virbr0 0 848 9965061237 0 0 0 0 0 0 0 0 0 39742151 0 38384164691 0 0 0 0 0 0 23529110 0
numa 1 120343789 18781169 10118603 29535 120299466 18825475
numa 0 119738292 10118603 18781169 29710 119736575 10119878
ps - 503669614 428844 520 553 513 6 708
sysv_shm - 0 0
tmpfs /run/lock 0 6
tmpfs /run 2125824 1105
tmpfs /run/user/20029 0 20
tmpfs /run/qemu 0 1
tmpfs /dev/shm 37615726592 105411
vfs - 133938 5184 184191
vm - 4 25325528 440400035 252318 1617408 267572900 311521634 85284045 6618706 222986504 56892 0 0 0 0 0 1811072 0 311878 5997 0 1618108 94 0 3 0 0

1778477791.465719 0 node0.mimesys-workload.ldos-ut-pg0.wisc.cloudlab.us
block sda 641899 211341 50643590 349539 2711350 17785261 880800119 13080059 0 2418028 13718012
block sdb 509 0 7540 473 4 0 0 0 0 600 474
cpu 11 198545 0 57075 2983438 7320 0 5
cpu 10 225038 2 52077 2962961 9487 0 6
cpu 13 193024 0 52689 2993853 6878 0 5
cpu 12 197371 0 51691 2990789 7635 0 2
cpu 15 175007 2 50167 3014625 6777 0 4
cpu 14 168592 0 51581 3020325 6930 0 6
cpu 17 153585 0 49852 3036494 6998 0 2
cpu 16 163492 0 48197 3030212 5962 0 2
cpu 19 135106 0 37457 3068879 6226 0 1
cpu 18 180976 5 36609 3023809 6501 0 2
cpu 1 246635 0 62472 2923236 8676 0 887
cpu 0 270177 45 47696 2889516 10372 0 1161
cpu 3 266832 0 77966 2891895 7928 0 598
cpu 2 261848 0 75081 2897991 9762 0 193
cpu 5 265721 0 79235 2893395 7840 0 456
cpu 4 262463 1 79840 2894657 8313 0 115
cpu 7 208721 0 76897 2953169 6968 0 542
cpu 6 256044 0 77799 2904543 8194 0 329
cpu 9 190436 0 54394 2991919 8016 0 378
cpu 8 191599 0 62010 2984594 6582 0 340
mem 1 99033092 96075428 2957664 374588 1965852 144 0 2107288 1079952 232832 7516 0 0 176216 2048 0 0
mem 0 97636988 55524852 42112136 702484 40219672 264 0 40425260 7935536 500720 28404 0 0 464220 6144 0 0
net vnet45 0 0 664254 0 0 0 0 0 0 0 0 0 3620 0 636047 0 0 0 0 0 0 3000 0
net lo 0 0 4193566 0 0 0 0 0 0 0 0 0 33237 0 4193566 0 0 0 0 0 0 33237 0
net vnet44 0 0 239894 0 0 0 0 0 0 0 0 0 1170 0 210122 0 0 0 0 0 0 1223 0
net eno1 0 162942 40341193787 0 0 386 0 0 0 0 0 0 30390309 0 1231524249 0 0 0 0 0 0 5975550 0
net virbr0 0 848 9965064135 0 0 0 0 0 0 0 0 0 39742168 0 38384168381 0 0 0 0 0 0 23529122 0
numa 1 120349751 18781169 10118603 29535 120305428 18825475
numa 0 119746510 10118603 18781169 29710 119744793 10119878
ps - 503677538 428965 519 552 513 5 708
sysv_shm - 0 0
tmpfs /run/lock 0 6
tmpfs /run 2125824 1105
tmpfs /run/user/20029 0 20
tmpfs /run/qemu 0 1
tmpfs /dev/shm 37615726592 105411
vfs - 133941 5264 184201
vm - 4 25325528 440400059 252318 1617408 267587080 311535436 85284054 6618706 223008775 56892 0 0 0 0 0 1811072 0 311878 5997 0 1618108 94 0 3 0 0

1778477792.506709 0 node0.mimesys-workload.ldos-ut-pg0.wisc.cloudlab.us
block sda 641899 211341 50643590 349539 2711354 17785261 880800151 13080059 0 2418032 13718013
block sdb 509 0 7540 473 4 0 0 0 0 600 474
cpu 11 198613 0 57078 2983475 7320 0 5
cpu 10 225109 2 52078 2962998 9487 0 6
cpu 13 193090 0 52691 2993891 6878 0 5
cpu 12 197443 0 51693 2990819 7635 0 2
cpu 15 175007 2 50169 3014727 6777 0 4
cpu 14 168592 0 51582 3020427 6930 0 6
cpu 17 153586 0 49852 3036596 6998 0 2
cpu 16 163492 0 48199 3030314 5962 0 2
cpu 19 135107 0 37458 3068980 6226 0 1
cpu 18 180977 5 36610 3023911 6501 0 2
cpu 1 246636 0 62474 2923336 8676 0 887
cpu 0 270178 45 47698 2889615 10372 0 1161
cpu 3 266833 0 77968 2891995 7928 0 598
cpu 2 261851 0 75083 2898089 9762 0 193
cpu 5 265722 0 79238 2893495 7840 0 456
cpu 4 262464 1 79843 2894758 8313 0 115
cpu 7 208724 0 76899 2953267 6968 0 542
cpu 6 256046 0 77802 2904641 8194 0 329
cpu 9 190506 0 54395 2991956 8016 0 378
cpu 8 191668 0 62012 2984629 6582 0 340
mem 1 99033092 96087740 2945352 374576 1964924 132 0 2107292 1081028 232520 7668 0 0 176176 2048 0 0
mem 0 97636988 55522080 42114908 702476 40219240 256 0 40425264 7935504 499836 28276 0 0 464276 6144 0 0
net vnet45 0 0 666122 0 0 0 0 0 0 0 0 0 3630 0 637097 0 0 0 0 0 0 3010 0
net lo 0 0 4194123 0 0 0 0 0 0 0 0 0 33241 0 4194123 0 0 0 0 0 0 33241 0
net vnet44 0 0 239894 0 0 0 0 0 0 0 0 0 1170 0 210174 0 0 0 0 0 0 1224 0
net eno1 0 162942 40341200322 0 0 386 0 0 0 0 0 0 30390405 0 1231524594 0 0 0 0 0 0 5975553 0
net virbr0 0 848 9965065863 0 0 0 0 0 0 0 0 0 39742178 0 38384169379 0 0 0 0 0 0 23529131 0
numa 1 120354795 18781169 10118603 29535 120310472 18825475
numa 0 119754053 10118603 18781169 29710 119752336 10119878
ps - 503685975 429081 519 552 513 5 708
sysv_shm - 0 0
tmpfs /run/lock 0 6
tmpfs /run 2125824 1105
tmpfs /run/user/20029 0 20
tmpfs /run/qemu 0 1
tmpfs /dev/shm 37615726592 105411
vfs - 133938 5224 184191
vm - 4 25325528 440400075 252318 1617408 267599667 311548409 85284058 6618706 223028568 56892 0 0 0 0 0 1811072 0 311878 5997 0 1618108 94 0 3 0 0

1778477793.546731 0 node0.mimesys-workload.ldos-ut-pg0.wisc.cloudlab.us
block sda 641899 211341 50643590 349539 2711439 17785261 880800919 13080078 0 2418036 13718032
block sdb 509 0 7540 473 4 0 0 0 0 600 474
cpu 11 198676 0 57079 2983516 7320 0 5
cpu 10 225177 2 52079 2963037 9487 0 6
cpu 13 193168 0 52692 2993918 6878 0 5
cpu 12 197510 0 51694 2990857 7635 0 2
cpu 15 175008 2 50172 3014827 6777 0 4
cpu 14 168594 0 51584 3020528 6930 0 6
cpu 17 153586 0 49854 3036697 6998 0 2
cpu 16 163493 0 48200 3030415 5962 0 2
cpu 19 135108 0 37465 3069077 6226 0 1
cpu 18 180980 5 36612 3024009 6501 0 2
cpu 1 246636 0 62476 2923437 8676 0 887
cpu 0 270181 45 47700 2889714 10372 0 1161
cpu 3 266835 0 77970 2892095 7928 0 598
cpu 2 261854 0 75086 2898188 9762 0 193
cpu 5 265723 0 79240 2893595 7840 0 456
cpu 4 262465 1 79845 2894859 8313 0 115
cpu 7 208731 0 76903 2953360 6968 0 542
cpu 6 256048 0 77803 2904742 8194 0 329
cpu 9 190570 0 54396 2991995 8016 0 378
cpu 8 191728 0 62014 2984672 6582 0 340
mem 1 99033092 96083612 2949480 374596 1965300 80 0 2107292 1080004 232844 7796 0 0 176180 2048 0 0
mem 0 97636988 55520316 42116672 702508 40219528 140 0 40425268 7934904 500056 28016 0 0 464268 6144 0 0
net vnet45 0 0 669258 0 0 0 0 0 0 0 0 0 3647 0 640787 0 0 0 0 0 0 3022 0
net lo 0 0 4195290 0 0 0 0 0 0 0 0 0 33249 0 4195290 0 0 0 0 0 0 33249 0
net vnet44 0 0 239894 0 0 0 0 0 0 0 0 0 1170 0 210174 0 0 0 0 0 0 1224 0
net eno1 0 162950 40341207133 0 0 386 0 0 0 0 0 0 30390509 0 1231525040 0 0 0 0 0 0 5975557 0
net virbr0 0 848 9965068761 0 0 0 0 0 0 0 0 0 39742195 0 38384173069 0 0 0 0 0 0 23529143 0
numa 1 120362929 18781169 10118603 29535 120318606 18825475
numa 0 119760097 10118603 18781169 29710 119758380 10119878
ps - 503693308 429202 519 552 513 7 708
sysv_shm - 0 0
tmpfs /run/lock 0 6
tmpfs /run 2125824 1105
tmpfs /run/user/20029 0 20
tmpfs /run/qemu 0 1
tmpfs /dev/shm 37615726592 105411
vfs - 133940 5224 184193
vm - 4 25325528 440400459 252318 1617408 267613848 311562218 85284062 6618706 223050922 56892 0 0 0 0 0 1811072 0 311878 5997 0 1618108 94 0 3 0 0

1778477794.581307 0 node0.mimesys-workload.ldos-ut-pg0.wisc.cloudlab.us
block sda 641899 211341 50643590 349539 2711445 17785275 880801079 13080078 0 2418040 13718033
block sdb 509 0 7540 473 4 0 0 0 0 600 474
cpu 11 198756 0 57080 2983542 7320 0 5
cpu 10 225256 2 52081 2963062 9487 0 6
cpu 13 193248 0 52694 2993942 6878 0 5
cpu 12 197588 0 51696 2990884 7635 0 2
cpu 15 175008 2 50174 3014928 6777 0 4
cpu 14 168594 0 51585 3020629 6930 0 6
cpu 17 153587 0 49855 3036799 6998 0 2
cpu 16 163493 0 48201 3030517 5962 0 2
cpu 19 135108 0 37469 3069175 6226 0 1
cpu 18 180980 5 36612 3024110 6501 0 2
cpu 1 246637 0 62479 2923537 8676 0 887
cpu 0 270182 45 47703 2889813 10372 0 1161
cpu 3 266836 0 77972 2892195 7928 0 598
cpu 2 261856 0 75087 2898286 9762 0 193
cpu 5 265725 0 79242 2893695 7840 0 456
cpu 4 262467 1 79846 2894958 8313 0 115
cpu 7 208732 0 76907 2953459 6968 0 542
cpu 6 256049 0 77807 2904839 8194 0 329
cpu 9 190646 0 54397 2992024 8016 0 378
cpu 8 191805 0 62015 2984698 6582 0 340
mem 1 99033092 96082604 2950488 374540 1963204 124 0 2107292 1080764 230916 6936 0 0 176092 2048 0 0
mem 0 97636988 55514524 42122464 702532 40219548 168 0 40425276 7934532 500420 28980 0 0 464272 6144 0 0
net vnet45 0 0 671192 0 0 0 0 0 0 0 0 0 3658 0 641837 0 0 0 0 0 0 3032 0
net lo 0 0 4195847 0 0 0 0 0 0 0 0 0 33253 0 4195847 0 0 0 0 0 0 33253 0
net vnet44 0 0 239894 0 0 0 0 0 0 0 0 0 1170 0 210226 0 0 0 0 0 0 1225 0
net eno1 0 162950 40341214230 0 0 386 0 0 0 0 0 0 30390614 0 1231525385 0 0 0 0 0 0 5975560 0
net virbr0 0 848 9965070541 0 0 0 0 0 0 0 0 0 39742206 0 38384174067 0 0 0 0 0 0 23529152 0
numa 1 120366864 18781169 10118603 29535 120322541 18825475
numa 0 119768835 10118603 18781169 29710 119767118 10119878
ps - 503701014 429318 519 552 513 7 701
sysv_shm - 0 0
tmpfs /run/lock 0 6
tmpfs /run 2125824 1105
tmpfs /run/user/20029 0 20
tmpfs /run/qemu 0 1
tmpfs /dev/shm 37615726592 105411
vfs - 133940 5184 184165
vm - 4 25325528 440400539 252318 1617408 267626518 311575317 85284064 6618706 223070707 56892 0 0 0 0 0 1811072 0 311878 5997 0 1618108 94 0 3 0 0

1778477795.616265 0 node0.mimesys-workload.ldos-ut-pg0.wisc.cloudlab.us
block sda 641899 211341 50643590 349539 2711454 17785275 880801263 13080082 0 2418048 13718037
block sdb 509 0 7540 473 4 0 0 0 0 600 474
cpu 11 198833 0 57082 2983567 7320 0 5
cpu 10 225335 2 52083 2963086 9487 0 6
cpu 13 193319 0 52696 2993969 6878 0 5
cpu 12 197664 0 51697 2990913 7635 0 2
cpu 15 175010 2 50177 3015028 6777 0 4
cpu 14 168595 0 51586 3020732 6930 0 6
cpu 17 153587 0 49856 3036901 6998 0 2
cpu 16 163494 0 48203 3030618 5962 0 2
cpu 19 135109 0 37471 3069277 6226 0 1
cpu 18 180980 5 36614 3024212 6501 0 2
cpu 1 246639 0 62482 2923634 8676 0 887
cpu 0 270184 45 47705 2889912 10372 0 1161
cpu 3 266837 0 77976 2892293 7928 0 598
cpu 2 261858 0 75090 2898383 9762 0 193
cpu 5 265728 0 79244 2893792 7840 0 456
cpu 4 262470 1 79848 2895057 8313 0 115
cpu 7 208734 0 76908 2953557 6968 0 542
cpu 6 256056 0 77809 2904933 8194 0 329
cpu 9 190722 0 54399 2992050 8016 0 378
cpu 8 191891 0 62016 2984716 6582 0 340
mem 1 99033092 96078324 2954768 374564 1963932 136 0 2107296 1081088 231032 7268 0 0 176092 2048 0 0
mem 0 97636988 55509244 42127744 702536 40219840 212 0 40425276 7935056 500652 28916 0 0 464176 6144 0 0
net vnet45 0 0 675998 0 0 0 0 0 0 0 0 0 3682 0 646525 0 0 0 0 0 0 3053 0
net lo 0 0 4197014 0 0 0 0 0 0 0 0 0 33261 0 4197014 0 0 0 0 0 0 33261 0
net vnet44 0 0 239894 0 0 0 0 0 0 0 0 0 1170 0 210226 0 0 0 0 0 0 1225 0
net eno1 0 162960 40341220201 0 0 386 0 0 0 0 0 0 30390704 0 1231525831 0 0 0 0 0 0 5975564 0
net virbr0 0 848 9965075011 0 0 0 0 0 0 0 0 0 39742230 0 38384178755 0 0 0 0 0 0 23529173 0
numa 1 120370608 18781169 10118603 29535 120326285 18825475
numa 0 119779408 10118603 18781169 29710 119777691 10119878
ps - 503709806 429440 519 552 513 6 701
sysv_shm - 0 0
tmpfs /run/lock 0 6
tmpfs /run 2125824 1105
tmpfs /run/user/20029 0 20
tmpfs /run/qemu 0 1
tmpfs /dev/shm 37615726592 105411
vfs - 133938 5264 184149
vm - 4 25325528 440400631 252318 1617408 267640835 311589630 85284071 6618706 223093215 56892 0 0 0 0 0 1811072 0 311878 5997 0 1618108 94 0 3 0 0

1778477796.650653 0 node0.mimesys-workload.ldos-ut-pg0.wisc.cloudlab.us
block sda 641905 211341 50643926 349542 2711481 17785311 880801815 13080104 0 2418072 13718061
block sdb 509 0 7540 473 4 0 0 0 0 600 474
cpu 11 198907 0 57084 2983597 7320 0 5
cpu 10 225407 2 52084 2963117 9487 0 6
cpu 13 193394 0 52697 2993997 6878 0 5
cpu 12 197742 0 51700 2990938 7635 0 2
cpu 15 175012 2 50180 3015126 6777 0 4
cpu 14 168601 0 51588 3020827 6930 0 6
cpu 17 153593 0 49857 3036997 6998 0 2
cpu 16 163502 0 48204 3030713 5962 0 2
cpu 19 135125 0 37475 3069362 6226 0 1
cpu 18 180986 5 36616 3024308 6501 0 2
cpu 1 246645 0 62486 2923728 8676 0 887
cpu 0 270188 45 47709 2890007 10372 0 1161
cpu 3 266840 0 77980 2892390 7928 0 598
cpu 2 261866 0 75094 2898473 9762 0 193
cpu 5 265730 0 79245 2893891 7840 0 456
cpu 4 262484 1 79852 2895139 8313 0 115
cpu 7 208735 0 76910 2953656 6968 0 542
cpu 6 256061 0 77813 2905029 8194 0 329
cpu 9 190800 0 54400 2992076 8016 0 378
cpu 8 191967 0 62018 2984744 6582 0 340
mem 1 99033092 96079516 2953576 374588 1964904 104 0 2107352 1080768 232656 7028 0 0 176180 2048 0 0
mem 0 97636988 55509192 42127796 702660 40230816 188 0 40425428 7935252 511648 28860 0 0 464288 6144 0 0
net vnet45 0 0 678026 0 0 0 0 0 0 0 0 0 3689 0 648607 0 0 0 0 0 0 3060 0
net lo 0 0 4198521 0 0 0 0 0 0 0 0 0 33273 0 4198521 0 0 0 0 0 0 33273 0
net vnet44 0 0 239894 0 0 0 0 0 0 0 0 0 1170 0 210278 0 0 0 0 0 0 1226 0
net eno1 0 162960 40341232812 0 0 386 0 0 0 0 0 0 30390846 0 1233151488 0 0 0 0 0 0 5976648 0
net virbr0 0 848 9965076941 0 0 0 0 0 0 0 0 0 39742237 0 38384180785 0 0 0 0 0 0 23529179 0
numa 1 120378274 18781169 10118603 29535 120333951 18825475
numa 0 119790021 10118603 18781169 29710 119788304 10119878
ps - 503720244 429572 525 553 513 8 705
sysv_shm - 0 0
tmpfs /run/lock 0 6
tmpfs /run 2125824 1105
tmpfs /run/user/20029 0 20
tmpfs /run/qemu 0 1
tmpfs /dev/shm 37615726592 105411
vfs - 133928 5144 184115
vm - 4 25325696 440400907 252318 1617408 267659114 311604829 85284123 6618706 223119831 56893 0 0 0 0 0 1811072 0 311878 5997 0 1618108 94 0 3 0 0

1778477797.686542 0 node0.mimesys-workload.ldos-ut-pg0.wisc.cloudlab.us
block sda 641905 211341 50643926 349542 2711481 17785311 880801815 13080104 0 2418072 13718061
block sdb 509 0 7540 473 4 0 0 0 0 600 474
cpu 11 198978 0 57085 2983628 7320 0 5
cpu 10 225493 2 52084 2963141 9487 0 6
cpu 13 193476 0 52698 2994022 6878 0 5
cpu 12 197818 0 51702 2990967 7635 0 2
cpu 15 175012 2 50182 3015228 6777 0 4
cpu 14 168604 0 51589 3020925 6930 0 6
cpu 17 153594 0 49860 3037095 6998 0 2
cpu 16 163504 0 48205 3030812 5962 0 2
cpu 19 135128 0 37480 3069457 6226 0 1
cpu 18 180988 5 36618 3024405 6501 0 2
cpu 1 246646 0 62489 2923825 8676 0 887
cpu 0 270190 45 47711 2890106 10372 0 1161
cpu 3 266841 0 77984 2892486 7928 0 598
cpu 2 261870 0 75098 2898568 9762 0 193
cpu 5 265732 0 79248 2893987 7840 0 456
cpu 4 262518 1 79854 2895208 8313 0 115
cpu 7 208737 0 76912 2953753 6968 0 542
cpu 6 256065 0 77815 2905125 8194 0 329
cpu 9 190888 0 54403 2992089 8016 0 378
cpu 8 192040 0 62021 2984771 6582 0 340
mem 1 99033092 96075056 2958036 374588 1959932 124 0 2107352 1080108 227624 6836 0 0 176112 2048 0 0
mem 0 97636988 55519152 42117836 702668 40219040 240 0 40425428 7934528 499820 28708 0 0 464384 6144 0 0
net vnet45 0 0 681068 0 0 0 0 0 0 0 0 0 3710 0 651265 0 0 0 0 0 0 3075 0
net lo 0 0 4199078 0 0 0 0 0 0 0 0 0 33277 0 4199078 0 0 0 0 0 0 33277 0
net vnet44 0 0 239894 0 0 0 0 0 0 0 0 0 1170 0 210278 0 0 0 0 0 0 1226 0
net eno1 0 162967 40341238929 0 0 386 0 0 0 0 0 0 30390940 0 1233151833 0 0 0 0 0 0 5976651 0
net virbr0 0 848 9965079689 0 0 0 0 0 0 0 0 0 39742258 0 38384183443 0 0 0 0 0 0 23529194 0
numa 1 120382604 18781169 10118603 29535 120338281 18825475
numa 0 119799062 10118603 18781169 29710 119797345 10119878
ps - 503733757 429692 525 553 513 7 705
sysv_shm - 0 0
tmpfs /run/lock 0 6
tmpfs /run 2125824 1105
tmpfs /run/user/20029 0 20
tmpfs /run/qemu 0 1
tmpfs /dev/shm 37615726592 105411
vfs - 133926 5224 184206
vm - 4 25325696 440400907 252318 1617408 267672486 311622202 85284127 6618706 223140439 56893 0 0 0 0 0 1811072 0 311878 5997 0 1618108 94 0 3 0 0

1778477798.727970 0 node0.mimesys-workload.ldos-ut-pg0.wisc.cloudlab.us
block sda 641905 211341 50643926 349542 2711567 17785311 880802759 13080118 0 2418080 13718075
block sdb 509 0 7540 473 4 0 0 0 0 600 474
cpu 11 199058 0 57087 2983652 7320 0 5
cpu 10 225570 2 52087 2963169 9487 0 6
cpu 13 193552 0 52700 2994051 6878 0 5
cpu 12 197897 0 51704 2990990 7635 0 2
cpu 15 175018 2 50185 3015323 6777 0 4
cpu 14 168610 0 51592 3021022 6930 0 6
cpu 17 153596 0 49864 3037193 6998 0 2
cpu 16 163509 0 48208 3030908 5962 0 2
cpu 19 135130 0 37482 3069557 6226 0 1
cpu 18 180991 5 36620 3024503 6501 0 2
cpu 1 246648 0 62493 2923923 8676 0 887
cpu 0 270193 45 47714 2890204 10372 0 1161
cpu 3 266846 0 77988 2892581 7928 0 598
cpu 2 261875 0 75100 2898665 9762 0 193
cpu 5 265735 0 79251 2894083 7840 0 456
cpu 4 262543 1 79857 2895283 8313 0 115
cpu 7 208742 0 76915 2953849 6968 0 542
cpu 6 256069 0 77819 2905221 8194 0 329
cpu 9 190974 0 54404 2992104 8016 0 378
cpu 8 192113 0 62023 2984801 6582 0 340
mem 1 99033092 96069540 2963552 374576 1961288 72 0 2107352 1080084 228476 6584 0 0 176096 2048 0 0
mem 0 97636988 55527600 42109388 702680 40217764 148 0 40425432 7935544 499048 28884 0 0 464352 6144 0 0
net vnet45 0 0 684204 0 0 0 0 0 0 0 0 0 3727 0 655007 0 0 0 0 0 0 3088 0
net lo 0 0 4200245 0 0 0 0 0 0 0 0 0 33285 0 4200245 0 0 0 0 0 0 33285 0
net vnet44 0 0 239894 0 0 0 0 0 0 0 0 0 1170 0 210330 0 0 0 0 0 0 1227 0
net eno1 0 162967 40341245440 0 0 386 0 0 0 0 0 0 30391039 0 1233152279 0 0 0 0 0 0 5976655 0
net virbr0 0 848 9965082587 0 0 0 0 0 0 0 0 0 39742275 0 38384187133 0 0 0 0 0 0 23529206 0
numa 1 120389330 18781169 10118603 29535 120345007 18825475
numa 0 119806571 10118603 18781169 29710 119804854 10119878
ps - 503748354 429815 525 553 513 7 706
sysv_shm - 0 0
tmpfs /run/lock 0 6
tmpfs /run 2125824 1105
tmpfs /run/user/20029 0 20
tmpfs /run/qemu 0 1
tmpfs /dev/shm 37615726592 105411
vfs - 133927 5224 184151
vm - 4 25325696 440401379 252318 1617408 267686720 311636313 85284134 6618706 223162928 56893 0 0 0 0 0 1811072 0 311878 5997 0 1618108 94 0 3 0 0

1778477799.756129 0 node0.mimesys-workload.ldos-ut-pg0.wisc.cloudlab.us
block sda 641905 211341 50643926 349542 2711567 17785311 880802759 13080118 0 2418080 13718075
block sdb 509 0 7540 473 4 0 0 0 0 600 474
cpu 11 199133 0 57090 2983678 7320 0 5
cpu 10 225650 2 52088 2963198 9487 0 6
cpu 13 193633 0 52701 2994075 6878 0 5
cpu 12 197972 0 51707 2991020 7635 0 2
cpu 15 175019 2 50187 3015422 6777 0 4
cpu 14 168613 0 51594 3021118 6930 0 6
cpu 17 153599 0 49866 3037290 6998 0 2
cpu 16 163531 0 48210 3030985 5962 0 2
cpu 19 135133 0 37488 3069651 6226 0 1
cpu 18 180993 5 36622 3024601 6501 0 2
cpu 1 246650 0 62494 2924022 8676 0 887
cpu 0 270196 45 47717 2890299 10372 0 1161
cpu 3 266858 0 77990 2892672 7928 0 598
cpu 2 261876 0 75103 2898763 9762 0 193
cpu 5 265737 0 79255 2894181 7840 0 456
cpu 4 262545 1 79860 2895381 8313 0 115
cpu 7 208742 0 76917 2953948 6968 0 542
cpu 6 256071 0 77821 2905318 8194 0 329
cpu 9 191062 0 54406 2992118 8016 0 378
cpu 8 192192 0 62025 2984829 6582 0 340
mem 1 99033092 96067028 2966064 374604 1961852 80 0 2107352 1080140 229108 7032 0 0 176168 2048 0 0
mem 0 97636988 55553568 42083420 702652 40216424 172 0 40425436 7934816 497180 28492 0 0 464304 6144 0 0
net vnet45 0 0 686138 0 0 0 0 0 0 0 0 0 3738 0 656005 0 0 0 0 0 0 3097 0
net lo 0 0 4200802 0 0 0 0 0 0 0 0 0 33289 0 4200802 0 0 0 0 0 0 33289 0
net vnet44 0 0 239894 0 0 0 0 0 0 0 0 0 1170 0 210330 0 0 0 0 0 0 1227 0
net eno1 0 162977 40341252457 0 0 386 0 0 0 0 0 0 30391148 0 1233152624 0 0 0 0 0 0 5976658 0
net virbr0 0 848 9965084367 0 0 0 0 0 0 0 0 0 39742286 0 38384188131 0 0 0 0 0 0 23529215 0
numa 1 120396797 18781169 10118603 29535 120352474 18825475
numa 0 119811787 10118603 18781169 29710 119810070 10119878
ps - 503761361 429931 525 553 513 5 706
sysv_shm - 0 0
tmpfs /run/lock 0 6
tmpfs /run 2125824 1105
tmpfs /run/user/20029 0 20
tmpfs /run/qemu 0 1
tmpfs /dev/shm 37615726592 105411
vfs - 133926 5224 184163
vm - 4 25325696 440401379 252318 1617408 267699403 311649329 85284140 6618706 223182810 56893 0 0 0 0 0 1811072 0 311878 5997 0 1618108 94 0 3 0 0

1778477800.796621 0 node0.mimesys-workload.ldos-ut-pg0.wisc.cloudlab.us
block sda 641905 211341 50643926 349542 2711571 17785311 880802919 13080118 0 2418088 13718076
block sdb 509 0 7540 473 4 0 0 0 0 600 474
cpu 11 199210 0 57092 2983703 7320 0 5
cpu 10 225731 2 52089 2963222 9487 0 6
cpu 13 193710 0 52701 2994104 6878 0 5
cpu 12 198049 0 51708 2991046 7635 0 2
cpu 15 175023 2 50189 3015519 6777 0 4
cpu 14 168614 0 51598 3021218 6930 0 6
cpu 17 153600 0 49868 3037391 6998 0 2
cpu 16 163533 0 48212 3031087 5962 0 2
cpu 19 135136 0 37490 3069748 6226 0 1
cpu 18 180994 5 36623 3024703 6501 0 2
cpu 1 246653 0 62496 2924119 8676 0 887
cpu 0 270200 45 47720 2890395 10372 0 1161
cpu 3 266868 0 77994 2892760 7928 0 598
cpu 2 261880 0 75106 2898859 9762 0 193
cpu 5 265744 0 79259 2894271 7840 0 456
cpu 4 262549 1 79863 2895478 8313 0 115
cpu 7 208748 0 76920 2954043 6968 0 542
cpu 6 256091 0 77823 2905401 8194 0 329
cpu 9 191150 0 54408 2992137 8016 0 378
cpu 8 192268 0 62028 2984856 6582 0 340
mem 1 99033092 96065520 2967572 374572 1960500 92 0 2107352 1080180 227764 6760 0 0 176192 2048 0 0
mem 0 97636988 55547532 42089456 702696 40217700 216 0 40425444 7934840 498516 28844 0 0 464368 6144 0 0
net vnet45 0 0 690944 0 0 0 0 0 0 0 0 0 3762 0 660745 0 0 0 0 0 0 3119 0
net lo 0 0 4201969 0 0 0 0 0 0 0 0 0 33297 0 4201969 0 0 0 0 0 0 33297 0
net vnet44 0 0 239894 0 0 0 0 0 0 0 0 0 1170 0 210382 0 0 0 0 0 0 1228 0
net eno1 0 162985 40341258248 0 0 386 0 0 0 0 0 0 30391235 0 1233153070 0 0 0 0 0 0 5976662 0
net virbr0 0 848 9965088837 0 0 0 0 0 0 0 0 0 39742310 0 38384192819 0 0 0 0 0 0 23529236 0
numa 1 120400858 18781169 10118603 29535 120356535 18825475
numa 0 119822115 10118603 18781169 29710 119820398 10119878
ps - 503775104 430053 525 553 513 7 706
sysv_shm - 0 0
tmpfs /run/lock 0 6
tmpfs /run 2125824 1105
tmpfs /run/user/20029 0 20
tmpfs /run/qemu 0 1
tmpfs /dev/shm 37615726592 105411
vfs - 133927 5104 184171
vm - 4 25325696 440401459 252318 1617408 267713792 311663693 85284147 6618706 223205376 56893 0 0 0 0 0 1811072 0 311878 5997 0 1618108 94 0 3 0 0

1778477801.836440 0 node0.mimesys-workload.ldos-ut-pg0.wisc.cloudlab.us
block sda 641905 211341 50643926 349542 2711577 17785339 880803191 13080119 0 2418096 13718077
block sdb 509 0 7540 473 4 0 0 0 0 600 474
cpu 11 199286 0 57093 2983732 7320 0 5
cpu 10 225794 2 52092 2963258 9487 0 6
cpu 13 193780 0 52703 2994137 6878 0 5
cpu 12 198107 0 51710 2991091 7635 0 2
cpu 15 175025 2 50191 3015620 6777 0 4
cpu 14 168616 0 51600 3021318 6930 0 6
cpu 17 153601 0 49870 3037492 6998 0 2
cpu 16 163534 0 48215 3031187 5962 0 2
cpu 19 135138 0 37492 3069847 6226 0 1
cpu 18 180994 5 36626 3024804 6501 0 2
cpu 1 246659 0 62500 2924213 8676 0 887
cpu 0 270202 45 47722 2890491 10372 0 1161
cpu 3 266905 0 77994 2892829 7928 0 598
cpu 2 261886 0 75108 2898954 9762 0 193
cpu 5 265750 0 79262 2894367 7840 0 456
cpu 4 262552 1 79866 2895575 8313 0 115
cpu 7 208752 0 76921 2954139 6968 0 542
cpu 6 256096 0 77824 2905497 8194 0 329
cpu 9 191218 0 54410 2992170 8016 0 378
cpu 8 192336 0 62029 2984891 6582 0 340
mem 1 99033092 96063760 2969332 374620 1961092 152 0 2107352 1080604 228436 7348 0 0 176152 2048 0 0
mem 0 97636988 55544508 42092480 702644 40219408 276 0 40425456 7935040 500172 28380 0 0 464304 6144 0 0
net vnet45 0 0 690944 0 0 0 0 0 0 0 0 0 3762 0 660745 0 0 0 0 0 0 3119 0
net lo 0 0 4203136 0 0 0 0 0 0 0 0 0 33305 0 4203136 0 0 0 0 0 0 33305 0
net vnet44 0 0 239894 0 0 0 0 0 0 0 0 0 1170 0 210382 0 0 0 0 0 0 1228 0
net eno1 0 162985 40341264593 0 0 386 0 0 0 0 0 0 30391331 0 1233153612 0 0 0 0 0 0 5976668 0
net virbr0 0 848 9965088837 0 0 0 0 0 0 0 0 0 39742310 0 38384192819 0 0 0 0 0 0 23529236 0
numa 1 120409599 18781169 10118603 29535 120365276 18825475
numa 0 119827063 10118603 18781169 29710 119825346 10119878
ps - 503789470 430174 523 552 513 7 711
sysv_shm - 0 0
tmpfs /run/lock 0 6
tmpfs /run 2125824 1105
tmpfs /run/user/20029 0 20
tmpfs /run/qemu 0 1
tmpfs /dev/shm 37615726592 105411
vfs - 133939 5224 184204
vm - 4 25325696 440401595 252318 1617408 267727504 311676467 85284153 6618706 223226881 56893 0 0 0 0 0 1811072 0 311878 5997 0 1618108 94 0 3 0 0

1778477802.877695 0 node0.mimesys-workload.ldos-ut-pg0.wisc.cloudlab.us
block sda 641907 211342 50643980 349544 2711938 17785373 880807263 13080177 0 2418136 13718137
block sdb 509 0 7540 473 4 0 0 0 0 600 474
cpu 11 199362 0 57096 2983756 7320 0 5
cpu 10 225868 2 52096 2963284 9487 0 6
cpu 13 193854 0 52707 2994165 6878 0 5
cpu 12 198191 0 51713 2991107 7635 0 2
cpu 15 175025 2 50194 3015721 6777 0 4
cpu 14 168618 0 51601 3021419 6930 0 6
cpu 17 153602 0 49872 3037593 6998 0 2
cpu 16 163540 0 48217 3031283 5962 0 2
cpu 19 135140 0 37496 3069946 6226 0 1
cpu 18 180995 5 36628 3024905 6501 0 2
cpu 1 246663 0 62501 2924310 8676 0 887
cpu 0 270208 45 47724 2890587 10372 0 1161
cpu 3 266911 0 77998 2892924 7928 0 598
cpu 2 261891 0 75110 2899051 9762 0 193
cpu 5 265753 0 79267 2894461 7840 0 456
cpu 4 262580 1 79868 2895649 8313 0 115
cpu 7 208756 0 76924 2954235 6968 0 542
cpu 6 256100 0 77827 2905594 8194 0 329
cpu 9 191298 0 54411 2992197 8016 0 378
cpu 8 192418 0 62030 2984915 6582 0 340
mem 1 99033092 96075540 2957552 374616 1960544 120 0 2107356 1080308 227848 7216 0 0 176160 2048 0 0
mem 0 97636988 55552796 42084192 702684 40217908 232 0 40425460 7934564 498728 28628 0 0 464264 6144 0 0
net vnet45 0 0 696014 0 0 0 0 0 0 0 0 0 3790 0 665485 0 0 0 0 0 0 3141 0
net lo 0 0 4203693 0 0 0 0 0 0 0 0 0 33309 0 4203693 0 0 0 0 0 0 33309 0
net vnet44 0 0 239894 0 0 0 0 0 0 0 0 0 1170 0 210434 0 0 0 0 0 0 1229 0
net eno1 0 162994 40341270530 0 0 386 0 0 0 0 0 0 30391422 0 1233153957 0 0 0 0 0 0 5976671 0
net virbr0 0 848 9965093515 0 0 0 0 0 0 0 0 0 39742338 0 38384197507 0 0 0 0 0 0 23529257 0
numa 1 120417855 18781169 10118603 29535 120373532 18825475
numa 0 119832238 10118603 18781169 29710 119830521 10119878
ps - 503804924 430295 523 552 513 6 711
sysv_shm - 0 0
tmpfs /run/lock 0 6
tmpfs /run 2125824 1105
tmpfs /run/user/20029 0 20
tmpfs /run/qemu 0 1
tmpfs /dev/shm 37615726592 105411
vfs - 133926 5104 184163
vm - 4 25325723 440403631 252318 1617408 267740913 311690851 85284160 6618706 223247481 56893 0 0 0 0 0 1811072 0 311878 5997 0 1618108 94 0 3 0 0

1778477803.913953 0 node0.mimesys-workload.ldos-ut-pg0.wisc.cloudlab.us
block sda 641907 211342 50643980 349544 2712033 17785373 880808119 13080191 0 2418144 13718152
block sdb 509 0 7540 473 4 0 0 0 0 600 474
cpu 11 199438 0 57098 2983785 7320 0 5
cpu 10 225951 2 52098 2963306 9487 0 6
cpu 13 193928 0 52708 2994196 6878 0 5
cpu 12 198275 0 51714 2991130 7635 0 2
cpu 15 175026 2 50195 3015822 6777 0 4
cpu 14 168619 0 51602 3021521 6930 0 6
cpu 17 153602 0 49874 3037695 6998 0 2
cpu 16 163543 0 48218 3031381 5962 0 2
cpu 19 135142 0 37499 3070044 6226 0 1
cpu 18 180995 5 36629 3025007 6501 0 2
cpu 1 246668 0 62505 2924405 8676 0 887
cpu 0 270212 45 47730 2890682 10372 0 1161
cpu 3 266916 0 78002 2893018 7928 0 598
cpu 2 261897 0 75112 2899146 9763 0 193
cpu 5 265762 0 79272 2894552 7840 0 456
cpu 4 262590 1 79870 2895739 8313 0 115
cpu 7 208773 0 76928 2954317 6968 0 542
cpu 6 256108 0 77830 2905685 8194 0 329
cpu 9 191368 0 54414 2992228 8016 0 378
cpu 8 192493 0 62031 2984947 6582 0 340
mem 1 99033092 96088828 2944264 374596 1959748 72 0 2107356 1080196 226988 6864 0 0 176128 2048 0 0
mem 0 97636988 55545724 42091264 702676 40220480 140 0 40425460 7935628 501360 28664 0 0 464352 6144 0 0
net vnet45 0 0 699150 0 0 0 0 0 0 0 0 0 3807 0 669175 0 0 0 0 0 0 3153 0
net lo 0 0 4204860 0 0 0 0 0 0 0 0 0 33317 0 4204860 0 0 0 0 0 0 33317 0
net vnet44 0 0 239894 0 0 0 0 0 0 0 0 0 1170 0 210434 0 0 0 0 0 0 1229 0
net eno1 0 162994 40341276741 0 0 386 0 0 0 0 0 0 30391516 0 1233154403 0 0 0 0 0 0 5976675 0
net virbr0 0 848 9965096413 0 0 0 0 0 0 0 0 0 39742355 0 38384201197 0 0 0 0 0 0 23529269 0
numa 1 120421654 18781169 10118603 29535 120377331 18825475
numa 0 119842835 10118603 18781169 29710 119841118 10119878
ps - 503818649 430420 523 552 513 4 715
sysv_shm - 0 0
tmpfs /run/lock 0 6
tmpfs /run 2125824 1105
tmpfs /run/user/20029 0 20
tmpfs /run/qemu 0 1
tmpfs /dev/shm 37615726592 105411
vfs - 133929 5104 184227
vm - 4 25325723 440404059 252318 1617408 267755309 311704810 85284164 6618706 223269910 56893 0 0 0 0 0 1811072 0 311878 5997 0 1618108 94 0 3 0 0

1778477804.955144 0 node0.mimesys-workload.ldos-ut-pg0.wisc.cloudlab.us
block sda 641907 211342 50643980 349544 2712033 17785373 880808119 13080191 0 2418144 13718152
block sdb 509 0 7540 473 4 0 0 0 0 600 474
cpu 11 199511 0 57102 2983814 7320 0 5
cpu 10 226028 2 52099 2963334 9487 0 6
cpu 13 194004 0 52709 2994225 6878 0 5
cpu 12 198353 0 51716 2991155 7635 0 2
cpu 15 175027 2 50196 3015924 6777 0 4
cpu 14 168620 0 51604 3021622 6930 0 6
cpu 17 153603 0 49876 3037796 6998 0 2
cpu 16 163545 0 48220 3031482 5962 0 2
cpu 19 135144 0 37503 3070142 6226 0 1
cpu 18 180996 5 36630 3025109 6501 0 2
cpu 1 246684 0 62508 2924489 8676 0 887
cpu 0 270215 45 47732 2890778 10372 0 1161
cpu 3 266918 0 78005 2893115 7928 0 598
cpu 2 261904 0 75116 2899240 9763 0 193
cpu 5 265775 0 79273 2894641 7840 0 456
cpu 4 262592 1 79874 2895837 8313 0 115
cpu 7 208777 0 76931 2954414 6968 0 542
cpu 6 256115 0 77834 2905777 8194 0 329
cpu 9 191450 0 54418 2992249 8016 0 378
cpu 8 192570 0 62032 2984970 6582 0 340
mem 1 99033092 96099348 2933744 374588 1961376 84 0 2107356 1081184 229092 7076 0 0 176112 2048 0 0
mem 0 97636988 55541196 42095792 702684 40218108 172 0 40425464 7935776 499628 28484 0 0 464384 6144 0 0
net vnet45 0 0 701084 0 0 0 0 0 0 0 0 0 3818 0 670225 0 0 0 0 0 0 3163 0
net lo 0 0 4205417 0 0 0 0 0 0 0 0 0 33321 0 4205417 0 0 0 0 0 0 33321 0
net vnet44 0 0 239894 0 0 0 0 0 0 0 0 0 1170 0 210486 0 0 0 0 0 0 1230 0
net eno1 0 163001 40341283458 0 0 386 0 0 0 0 0 0 30391620 0 1233154748 0 0 0 0 0 0 5976678 0
net virbr0 0 848 9965098193 0 0 0 0 0 0 0 0 0 39742366 0 38384202195 0 0 0 0 0 0 23529278 0
numa 1 120427966 18781169 10118603 29535 120383643 18825475
numa 0 119849202 10118603 18781169 29710 119847485 10119878
ps - 503832270 430536 523 552 513 4 715
sysv_shm - 0 0
tmpfs /run/lock 0 6
tmpfs /run 2125824 1105
tmpfs /run/user/20029 0 20
tmpfs /run/qemu 0 1
tmpfs /dev/shm 37615726592 105411
vfs - 133943 5144 184353
vm - 4 25325723 440404059 252318 1617408 267767987 311717918 85284172 6618706 223289785 56893 0 0 0 0 0 1811072 0 311878 5997 0 1618108 94 0 3 0 0

1778477805.992418 0 node0.mimesys-workload.ldos-ut-pg0.wisc.cloudlab.us
block sda 641907 211342 50643980 349544 2712043 17785385 880808639 13080193 0 2418148 13718154
block sdb 509 0 7540 473 4 0 0 0 0 600 474
cpu 11 199594 0 57105 2983834 7320 0 5
cpu 10 226106 2 52102 2963358 9487 0 6
cpu 13 194080 0 52714 2994250 6878 0 5
cpu 12 198431 0 51716 2991182 7635 0 2
cpu 15 175032 2 50200 3016019 6777 0 4
cpu 14 168620 0 51606 3021723 6930 0 6
cpu 17 153603 0 49878 3037897 6998 0 2
cpu 16 163545 0 48223 3031583 5962 0 2
cpu 19 135145 0 37504 3070243 6226 0 1
cpu 18 180996 5 36632 3025210 6501 0 2
cpu 1 246699 0 62510 2924575 8676 0 887
cpu 0 270220 45 47734 2890874 10372 0 1161
cpu 3 266930 0 78006 2893205 7928 0 598
cpu 2 261906 0 75118 2899337 9763 0 193
cpu 5 265784 0 79274 2894730 7840 0 456
cpu 4 262594 1 79879 2895931 8313 0 115
cpu 7 208780 0 76932 2954511 6968 0 542
cpu 6 256120 0 77836 2905872 8194 0 329
cpu 9 191538 0 54419 2992268 8016 0 378
cpu 8 192650 0 62034 2984998 6582 0 340
mem 1 99033092 96094572 2938520 374596 1962160 128 0 2107356 1080236 229516 6940 0 0 176192 2048 0 0
mem 0 97636988 55536664 42100324 702688 40217260 216 0 40425472 7935348 498048 28920 0 0 464280 6144 0 0
net vnet45 0 0 705062 0 0 0 0 0 0 0 0 0 3835 0 673915 0 0 0 0 0 0 3175 0
net lo 0 0 4206584 0 0 0 0 0 0 0 0 0 33329 0 4206584 0 0 0 0 0 0 33329 0
net vnet44 0 0 239894 0 0 0 0 0 0 0 0 0 1170 0 210486 0 0 0 0 0 0 1230 0
net eno1 0 163001 40341289986 0 0 386 0 0 0 0 0 0 30391714 0 1233155194 0 0 0 0 0 0 5976682 0
net virbr0 0 848 9965101919 0 0 0 0 0 0 0 0 0 39742384 0 38384205885 0 0 0 0 0 0 23529290 0
numa 1 120437793 18781169 10118603 29535 120393470 18825475
numa 0 119853659 10118603 18781169 29710 119851942 10119878
ps - 503846151 430657 537 554 514 7 715
sysv_shm - 0 0
tmpfs /run/lock 0 6
tmpfs /run 2125824 1105
tmpfs /run/user/20029 0 20
tmpfs /run/qemu 0 1
tmpfs /dev/shm 37615726592 105411
vfs - 133928 5184 184219
vm - 4 25325723 440404319 252318 1617408 267782272 311731763 85284176 6618706 223312129 56893 0 0 0 0 0 1811072 0 311878 5997 0 1618108 94 0 3 0 0

1778477807.032958 0 node0.mimesys-workload.ldos-ut-pg0.wisc.cloudlab.us
block sda 641907 211342 50643980 349544 2712050 17785385 880808695 13080199 0 2418152 13718159
block sdb 509 0 7540 473 4 0 0 0 0 600 474
cpu 11 199678 0 57108 2983854 7320 0 5
cpu 10 226180 2 52104 2963388 9487 0 6
cpu 13 194154 0 52715 2994280 6878 0 5
cpu 12 198503 0 51718 2991214 7635 0 2
cpu 15 175034 2 50202 3016118 6777 0 4
cpu 14 168620 0 51610 3021823 6930 0 6
cpu 17 153605 0 49880 3037997 6998 0 2
cpu 16 163546 0 48225 3031684 5962 0 2
cpu 19 135147 0 37509 3070341 6226 0 1
cpu 18 180998 5 36635 3025310 6501 0 2
cpu 1 246706 0 62514 2924668 8676 0 887
cpu 0 270223 45 47736 2890970 10372 0 1161
cpu 3 266932 0 78010 2893301 7928 0 598
cpu 2 261910 0 75122 2899431 9763 0 193
cpu 5 265811 0 79277 2894805 7840 0 456
cpu 4 262605 1 79880 2896021 8313 0 115
cpu 7 208784 0 76934 2954608 6968 0 542
cpu 6 256125 0 77836 2905968 8194 0 329
cpu 9 191625 0 54420 2992287 8016 0 378
cpu 8 192721 0 62035 2985026 6582 0 340
mem 1 99033092 96090796 2942296 374612 1962144 136 0 2107356 1080300 229924 7116 0 0 176324 2048 0 0
mem 0 97636988 55531880 42105108 702680 40220276 240 0 40425480 7935240 500936 28336 0 0 464272 6144 0 0
net vnet45 0 0 706154 0 0 0 0 0 0 0 0 0 3846 0 674965 0 0 0 0 0 0 3185 0
net lo 0 0 4207141 0 0 0 0 0 0 0 0 0 33333 0 4207141 0 0 0 0 0 0 33333 0
net vnet44 0 0 239894 0 0 0 0 0 0 0 0 0 1170 0 210538 0 0 0 0 0 0 1231 0
net eno1 0 163012 40341304712 0 0 386 0 0 0 0 0 0 30391840 0 1233192822 0 0 0 0 0 0 5976724 0
net virbr0 0 848 9965102871 0 0 0 0 0 0 0 0 0 39742394 0 38384206883 0 0 0 0 0 0 23529299 0
numa 1 120445415 18781169 10118603 29535 120401092 18825475
numa 0 119859556 10118603 18781169 29710 119857839 10119878
ps - 503861677 430776 537 554 514 6 718
sysv_shm - 0 0
tmpfs /run/lock 0 6
tmpfs /run 2125824 1105
tmpfs /run/user/20029 0 20
tmpfs /run/qemu 0 1
tmpfs /dev/shm 37615726592 105411
vfs - 133937 5184 184256
vm - 4 25325723 440404347 252318 1617408 267795793 311744936 85284182 6618706 223333012 56893 0 0 0 0 0 1811072 0 311878 5997 0 1618108 94 0 3 0 0

1778477808.069272 0 node0.mimesys-workload.ldos-ut-pg0.wisc.cloudlab.us
block sda 641907 211342 50643980 349544 2712052 17785385 880808719 13080200 0 2418156 13718161
block sdb 509 0 7540 473 4 0 0 0 0 600 474
cpu 11 199760 0 57109 2983872 7320 0 5
cpu 10 226256 2 52106 2963412 9487 0 6
cpu 13 194235 0 52716 2994304 6878 0 5
cpu 12 198586 0 51721 2991238 7635 0 2
cpu 15 175040 2 50204 3016215 6777 0 4
cpu 14 168622 0 51611 3021924 6930 0 6
cpu 17 153606 0 49882 3038098 6998 0 2
cpu 16 163547 0 48226 3031785 5962 0 2
cpu 19 135149 0 37512 3070438 6226 0 1
cpu 18 181001 5 36636 3025407 6501 0 2
cpu 1 246712 0 62518 2924762 8676 0 887
cpu 0 270229 45 47740 2891064 10372 0 1161
cpu 3 266938 0 78014 2893394 7928 0 598
cpu 2 261914 0 75124 2899527 9763 0 193
cpu 5 265837 0 79281 2894881 7840 0 456
cpu 4 262621 1 79883 2896106 8313 0 115
cpu 7 208786 0 76938 2954703 6968 0 542
cpu 6 256131 0 77845 2906057 8194 0 329
cpu 9 191705 0 54421 2992312 8016 0 378
cpu 8 192799 0 62036 2985052 6582 0 340
mem 1 99033092 96101568 2931524 374608 1960744 140 0 2107356 1080444 228488 7128 0 0 176212 2048 0 0
mem 0 97636988 55527092 42109896 702700 40218932 292 0 40425480 7935396 500004 28480 0 0 464272 6144 0 0
net vnet45 0 0 711224 0 0 0 0 0 0 0 0 0 3874 0 679653 0 0 0 0 0 0 3206 0
net lo 0 0 4208308 0 0 0 0 0 0 0 0 0 33341 0 4208308 0 0 0 0 0 0 33341 0
net vnet44 0 0 239894 0 0 0 0 0 0 0 0 0 1170 0 210538 0 0 0 0 0 0 1231 0
net eno1 0 163012 40341312075 0 0 386 0 0 0 0 0 0 30391952 0 1233193378 0 0 0 0 0 0 5976729 0
net virbr0 0 848 9965107549 0 0 0 0 0 0 0 0 0 39742422 0 38384211571 0 0 0 0 0 0 23529320 0
numa 1 120451243 18781169 10118603 29535 120406920 18825475
numa 0 119868806 10118603 18781169 29710 119867089 10119878
ps - 503875560 430902 537 554 514 6 716
sysv_shm - 0 0
tmpfs /run/lock 0 6
tmpfs /run 2125824 1105
tmpfs /run/user/20029 0 20
tmpfs /run/qemu 0 1
tmpfs /dev/shm 37615726592 105411
vfs - 133945 5144 184362
vm - 4 25325723 440404359 252318 1617408 267810868 311760549 85284194 6618706 223356450 56893 0 0 0 0 0 1811072 0 311878 5997 0 1618108 94 0 3 0 0

1778477809.107304 0 node0.mimesys-workload.ldos-ut-pg0.wisc.cloudlab.us
block sda 641907 211342 50643980 349544 2712153 17785385 880809607 13080216 0 2418160 13718177
block sdb 509 0 7540 473 4 0 0 0 0 600 474
cpu 11 199835 0 57110 2983902 7320 0 5
cpu 10 226340 2 52108 2963433 9487 0 6
cpu 13 194311 0 52718 2994332 6878 0 5
cpu 12 198669 0 51724 2991261 7635 0 2
cpu 15 175049 2 50206 3016308 6777 0 4
cpu 14 168622 0 51614 3022024 6930 0 6
cpu 17 153609 0 49883 3038198 6998 0 2
cpu 16 163547 0 48228 3031885 5962 0 2
cpu 19 135151 0 37513 3070539 6226 0 1
cpu 18 181004 5 36638 3025505 6501 0 2
cpu 1 246714 0 62524 2924856 8676 0 887
cpu 0 270233 45 47744 2891158 10372 0 1161
cpu 3 266942 0 78019 2893489 7928 0 598
cpu 2 261918 0 75125 2899623 9763 0 193
cpu 5 265854 0 79283 2894965 7840 0 456
cpu 4 262623 1 79887 2896205 8313 0 115
cpu 7 208788 0 76941 2954801 6968 0 542
cpu 6 256136 0 77848 2906154 8194 0 329
cpu 9 191778 0 54425 2992341 8016 0 378
cpu 8 192884 0 62038 2985073 6582 0 340
mem 1 99033092 96112952 2920140 374576 1961176 56 0 2107356 1079884 228680 6724 0 0 176148 2048 0 0
mem 0 97636988 55522052 42114936 702736 40220276 156 0 40425488 7935192 501508 29304 0 0 464272 6144 0 0
net vnet45 0 0 714360 0 0 0 0 0 0 0 0 0 3891 0 683395 0 0 0 0 0 0 3219 0
net lo 0 0 4209475 0 0 0 0 0 0 0 0 0 33349 0 4209475 0 0 0 0 0 0 33349 0
net vnet44 0 0 239894 0 0 0 0 0 0 0 0 0 1170 0 210590 0 0 0 0 0 0 1232 0
net eno1 0 163020 40341321022 0 0 386 0 0 0 0 0 0 30392053 0 1233193890 0 0 0 0 0 0 5976734 0
net virbr0 0 848 9965110447 0 0 0 0 0 0 0 0 0 39742439 0 38384215261 0 0 0 0 0 0 23529332 0
numa 1 120456733 18781169 10118603 29535 120412410 18825475
numa 0 119877638 10118603 18781169 29710 119875921 10119878
ps - 503889469 431024 537 554 514 5 716
sysv_shm - 0 0
tmpfs /run/lock 0 6
tmpfs /run 2125824 1105
tmpfs /run/user/20029 0 20
tmpfs /run/qemu 0 1
tmpfs /dev/shm 37615726592 105411
vfs - 133930 5184 184227
vm - 4 25325723 440404803 252318 1617408 267825190 311774439 85284203 6618706 223378972 56893 0 0 0 0 0 1811072 0 311878 5997 0 1618108 94 0 3 0 0

1778477810.145070 0 node0.mimesys-workload.ldos-ut-pg0.wisc.cloudlab.us
block sda 641907 211342 50643980 349544 2712153 17785385 880809607 13080216 0 2418160 13718177
block sdb 509 0 7540 473 4 0 0 0 0 600 474
cpu 11 199895 0 57114 2983941 7320 0 5
cpu 10 226409 2 52111 2963466 9487 0 6
cpu 13 194375 0 52721 2994372 6878 0 5
cpu 12 198742 0 51726 2991292 7635 0 2
cpu 15 175053 2 50209 3016405 6777 0 4
cpu 14 168626 0 51617 3022122 6930 0 6
cpu 17 153614 0 49887 3038295 6998 0 2
cpu 16 163552 0 48230 3031982 5962 0 2
cpu 19 135167 0 37519 3070622 6226 0 1
cpu 18 181020 5 36641 3025590 6501 0 2
cpu 1 246716 0 62526 2924955 8676 0 887
cpu 0 270247 45 47747 2891246 10372 0 1161
cpu 3 266946 0 78020 2893587 7928 0 598
cpu 2 261920 0 75127 2899722 9763 0 193
cpu 5 265855 0 79287 2895064 7840 0 456
cpu 4 262628 1 79888 2896300 8313 0 115
cpu 7 208789 0 76944 2954899 6968 0 542
cpu 6 256137 0 77849 2906255 8194 0 329
cpu 9 191840 0 54427 2992385 8016 0 378
cpu 8 192946 0 62040 2985116 6582 0 340
mem 1 99033092 96121604 2911488 374612 1963872 76 0 2107356 1080684 231384 7216 0 0 176180 2048 0 0
mem 0 97636988 55518032 42118956 702728 40219324 172 0 40425488 7934796 500516 28620 0 0 464328 6144 0 0
net vnet45 0 0 716228 0 0 0 0 0 0 0 0 0 3901 0 684393 0 0 0 0 0 0 3228 0
net lo 0 0 4210032 0 0 0 0 0 0 0 0 0 33353 0 4210032 0 0 0 0 0 0 33353 0
net vnet44 0 0 239894 0 0 0 0 0 0 0 0 0 1170 0 210590 0 0 0 0 0 0 1232 0
net eno1 0 163020 40341329866 0 0 386 0 0 0 0 0 0 30392173 0 1233194763 0 0 0 0 0 0 5976745 0
net virbr0 0 848 9965112175 0 0 0 0 0 0 0 0 0 39742449 0 38384216259 0 0 0 0 0 0 23529341 0
numa 1 120464638 18781169 10118603 29535 120420315 18825475
numa 0 119883882 10118603 18781169 29710 119882165 10119878
ps - 503903974 431140 537 554 514 8 716
sysv_shm - 0 0
tmpfs /run/lock 0 6
tmpfs /run 2125824 1105
tmpfs /run/user/20029 0 20
tmpfs /run/qemu 0 1
tmpfs /dev/shm 37615726592 105411
vfs - 133929 5104 184233
vm - 4 25325723 440404803 252318 1617408 267839339 311787959 85284207 6618706 223400248 56893 0 0 0 0 0 1811072 0 311878 5997 0 1618108 94 0 3 0 0

1778477811.185414 0 node0.mimesys-workload.ldos-ut-pg0.wisc.cloudlab.us
block sda 641907 211342 50643980 349544 2712164 17785398 880809863 13080218 0 2418168 13718179
block sdb 509 0 7540 473 4 0 0 0 0 600 474
cpu 11 199977 0 57116 2983965 7320 0 5
cpu 10 226496 2 52112 2963483 9487 0 6
cpu 13 194460 0 52723 2994392 6878 0 5
cpu 12 198828 0 51730 2991313 7635 0 2
cpu 15 175054 2 50210 3016506 6777 0 4
cpu 14 168628 0 51620 3022221 6930 0 6
cpu 17 153621 0 49888 3038389 6998 0 2
cpu 16 163553 0 48232 3032083 5962 0 2
cpu 19 135168 0 37524 3070720 6226 0 1
cpu 18 181020 5 36643 3025692 6501 0 2
cpu 1 246720 0 62529 2925051 8676 0 888
cpu 0 270276 45 47751 2891316 10372 0 1161
cpu 3 266951 0 78025 2893682 7928 0 598
cpu 2 261936 0 75129 2899806 9763 0 193
cpu 5 265861 0 79291 2895158 7840 0 456
cpu 4 262635 1 79893 2896392 8313 0 115
cpu 7 208794 0 76947 2954994 6968 0 542
cpu 6 256142 0 77851 2906351 8194 0 329
cpu 9 191928 0 54428 2992405 8016 0 378
cpu 8 193032 0 62042 2985139 6582 0 340
mem 1 99033092 96117068 2916024 374620 1965204 92 0 2107356 1079768 233388 6964 0 0 176352 2048 0 0
mem 0 97636988 55516016 42120972 702716 40219952 216 0 40425492 7934980 500728 28312 0 0 464336 6144 0 0
net vnet45 0 0 720008 0 0 0 0 0 0 0 0 0 3916 0 688135 0 0 0 0 0 0 3241 0
net lo 0 0 4211199 0 0 0 0 0 0 0 0 0 33361 0 4211199 0 0 0 0 0 0 33361 0
net vnet44 0 0 239894 0 0 0 0 0 0 0 0 0 1170 0 210642 0 0 0 0 0 0 1233 0
net eno1 0 163028 40341335939 0 0 386 0 0 0 0 0 0 30392260 0 1233195407 0 0 0 0 0 0 5976752 0
net virbr0 0 848 9965115745 0 0 0 0 0 0 0 0 0 39742464 0 38384219949 0 0 0 0 0 0 23529353 0
numa 1 120471517 18781169 10118603 29535 120427194 18825475
numa 0 119891565 10118603 18781169 29710 119889848 10119878
ps - 503919067 431261 534 553 514 7 716
sysv_shm - 0 0
tmpfs /run/lock 0 6
tmpfs /run 2125824 1105
tmpfs /run/user/20029 0 20
tmpfs /run/qemu 0 1
tmpfs /dev/shm 37615726592 105411
vfs - 133947 5224 184363
vm - 4 25325723 440404931 252318 1617408 267853901 311802015 85284213 6618706 223422814 56893 0 0 0 0 0 1811072 0 311878 5997 0 1618108 94 0 3 0 0

1778477812.225734 0 node0.mimesys-workload.ldos-ut-pg0.wisc.cloudlab.us
block sda 641960 211342 50645012 349561 2712179 17785398 880809975 13080226 0 2418204 13718205
block sdb 509 0 7540 473 4 0 0 0 0 600 474
cpu 11 200048 0 57119 2983998 7320 0 5
cpu 10 226576 2 52114 2963509 9487 0 6
cpu 13 194538 0 52725 2994420 6878 0 5
cpu 12 198909 0 51732 2991335 7635 0 2
cpu 15 175057 2 50212 3016605 6777 0 4
cpu 14 168652 0 51623 3022298 6931 0 6
cpu 17 153624 0 49891 3038488 6998 0 2
cpu 16 163555 0 48235 3032184 5962 0 2
cpu 19 135171 0 37525 3070821 6226 0 1
cpu 18 181022 5 36644 3025792 6501 0 2
cpu 1 246726 0 62535 2925142 8676 0 888
cpu 0 270280 45 47756 2891411 10372 0 1161
cpu 3 266955 0 78030 2893776 7928 0 598
cpu 2 261946 0 75133 2899897 9763 0 193
cpu 5 265867 0 79294 2895252 7840 0 456
cpu 4 262672 1 79901 2896454 8313 0 115
cpu 7 208798 0 76950 2955090 6968 0 542
cpu 6 256150 0 77854 2906446 8194 0 329
cpu 9 192004 0 54432 2992431 8016 0 378
cpu 8 193113 0 62043 2985160 6582 0 340
mem 1 99033092 96104976 2928116 374640 1965368 104 0 2107528 1079808 232244 7508 0 0 176300 2048 0 0
mem 0 97636988 55506072 42130916 702724 40227756 204 0 40425644 7934876 508392 28432 0 0 464488 6144 0 0
net vnet45 0 0 721100 0 0 0 0 0 0 0 0 0 3926 0 689133 0 0 0 0 0 0 3250 0
net lo 0 0 4211756 0 0 0 0 0 0 0 0 0 33365 0 4211756 0 0 0 0 0 0 33365 0
net vnet44 0 0 239894 0 0 0 0 0 0 0 0 0 1170 0 210642 0 0 0 0 0 0 1233 0
net eno1 0 163028 40341347420 0 0 386 0 0 0 0 0 0 30392431 0 1234822887 0 0 0 0 0 0 5977837 0
net virbr0 0 848 9965116697 0 0 0 0 0 0 0 0 0 39742474 0 38384220947 0 0 0 0 0 0 23529362 0
numa 1 120477636 18781169 10118603 29535 120433313 18825475
numa 0 119909482 10118603 18781169 29710 119907765 10119878
ps - 503933374 431406 534 553 514 7 716
sysv_shm - 0 0
tmpfs /run/lock 0 6
tmpfs /run 2125824 1105
tmpfs /run/user/20029 0 20
tmpfs /run/qemu 0 1
tmpfs /dev/shm 37615726592 105411
vfs - 133929 5144 184231
vm - 4 25326239 440404987 252318 1617408 267877960 311824305 85284228 6618706 223455430 56907 0 0 0 0 0 1811072 0 311878 5997 0 1618108 94 0 3 0 0

1778477813.264158 0 node0.mimesys-workload.ldos-ut-pg0.wisc.cloudlab.us
block sda 641960 211342 50645012 349561 2712181 17785399 880809999 13080227 0 2418208 13718206
block sdb 509 0 7540 473 4 0 0 0 0 600 474
cpu 11 200125 0 57120 2984026 7320 0 5
cpu 10 226658 2 52115 2963532 9487 0 6
cpu 13 194621 0 52727 2994441 6878 0 5
cpu 12 198991 0 51732 2991357 7635 0 2
cpu 15 175061 2 50214 3016703 6777 0 4
cpu 14 168657 0 51625 3022396 6931 0 6
cpu 17 153627 0 49892 3038588 6998 0 2
cpu 16 163560 0 48237 3032281 5962 0 2
cpu 19 135175 0 37531 3070914 6226 0 1
cpu 18 181027 5 36647 3025889 6501 0 2
cpu 1 246731 0 62540 2925235 8676 0 888
cpu 0 270286 45 47760 2891504 10372 0 1161
cpu 3 266959 0 78032 2893874 7928 0 598
cpu 2 261950 0 75135 2899994 9763 0 193
cpu 5 265870 0 79297 2895350 7840 0 456
cpu 4 262706 1 79903 2896521 8313 0 115
cpu 7 208803 0 76954 2955186 6968 0 542
cpu 6 256159 0 77857 2906539 8194 0 329
cpu 9 192082 0 54434 2992455 8016 0 378
cpu 8 193193 0 62045 2985183 6582 0 340
mem 1 99033092 96103216 2929876 374640 1966664 112 0 2107528 1080832 233764 6976 0 0 176156 2048 0 0
mem 0 97636988 55501540 42135448 702760 40227728 240 0 40425860 7935044 508024 28780 0 0 464552 6144 0 0
net vnet45 0 0 726170 0 0 0 0 0 0 0 0 0 3954 0 693873 0 0 0 0 0 0 3272 0
net lo 0 0 4213339 0 0 0 0 0 0 0 0 0 33381 0 4213339 0 0 0 0 0 0 33381 0
net vnet44 0 0 239894 0 0 0 0 0 0 0 0 0 1170 0 210694 0 0 0 0 0 0 1234 0
net eno1 0 163037 40341354177 0 0 386 0 0 0 0 0 0 30392534 0 1234823399 0 0 0 0 0 0 5977842 0
net virbr0 0 848 9965121375 0 0 0 0 0 0 0 0 0 39742502 0 38384225635 0 0 0 0 0 0 23529383 0
numa 1 120482444 18781169 10118603 29535 120438121 18825475
numa 0 119919496 10118603 18781169 29710 119917779 10119878
ps - 503948161 431532 534 553 514 5 714
sysv_shm - 0 0
tmpfs /run/lock 0 6
tmpfs /run 2125824 1105
tmpfs /run/user/20029 0 20
tmpfs /run/qemu 0 1
tmpfs /dev/shm 37615726592 105411
vfs - 133929 5184 184221
vm - 4 25326239 440404999 252318 1617408 267892802 311839332 85284235 6618706 223478595 56907 0 0 0 0 0 1811072 0 311878 5997 0 1618108 94 0 3 0 0

1778477814.305358 0 node0.mimesys-workload.ldos-ut-pg0.wisc.cloudlab.us
block sda 641960 211342 50645012 349561 2712261 17785399 880810727 13080241 0 2418212 13718219
block sdb 509 0 7540 473 4 0 0 0 0 600 474
cpu 11 200198 0 57123 2984057 7320 0 5
cpu 10 226736 2 52116 2963562 9487 0 6
cpu 13 194702 0 52729 2994466 6878 0 5
cpu 12 199066 0 51734 2991388 7635 0 2
cpu 15 175063 2 50218 3016802 6777 0 4
cpu 14 168660 0 51629 3022493 6931 0 6
cpu 17 153630 0 49894 3038687 6998 0 2
cpu 16 163566 0 48240 3032377 5962 0 2
cpu 19 135179 0 37536 3071010 6226 0 1
cpu 18 181030 5 36650 3025987 6501 0 2
cpu 1 246733 0 62540 2925335 8676 0 888
cpu 0 270289 45 47762 2891602 10372 0 1161
cpu 3 266962 0 78037 2893970 7928 0 598
cpu 2 261951 0 75138 2900094 9763 0 193
cpu 5 265878 0 79299 2895443 7840 0 456
cpu 4 262729 1 79905 2896600 8313 0 115
cpu 7 208811 0 76956 2955279 6968 0 542
cpu 6 256164 0 77859 2906637 8194 0 329
cpu 9 192164 0 54434 2992477 8016 0 378
cpu 8 193270 0 62046 2985209 6582 0 340
mem 1 99033092 96099192 2933900 374648 1966068 176 0 2107528 1080104 233668 6692 0 0 176188 2048 0 0
mem 0 97636988 55497256 42139732 702728 40226224 404 0 40425860 7934500 507068 28444 0 0 464452 6144 0 0
net vnet45 0 0 729240 0 0 0 0 0 0 0 0 0 3970 0 697563 0 0 0 0 0 0 3284 0
net lo 0 0 4214506 0 0 0 0 0 0 0 0 0 33389 0 4214506 0 0 0 0 0 0 33389 0
net vnet44 0 0 239894 0 0 0 0 0 0 0 0 0 1170 0 210694 0 0 0 0 0 0 1234 0
net eno1 0 163037 40341360448 0 0 386 0 0 0 0 0 0 30392629 0 1234823845 0 0 0 0 0 0 5977846 0
net virbr0 0 848 9965124221 0 0 0 0 0 0 0 0 0 39742518 0 38384229325 0 0 0 0 0 0 23529395 0
numa 1 120491410 18781169 10118603 29535 120447087 18825475
numa 0 119925035 10118603 18781169 29710 119923318 10119878
ps - 503961592 431655 534 553 514 8 711
sysv_shm - 0 0
tmpfs /run/lock 0 6
tmpfs /run 2125824 1105
tmpfs /run/user/20029 0 20
tmpfs /run/qemu 0 1
tmpfs /dev/shm 37615726592 105411
vfs - 133946 5144 184326
vm - 4 25326239 440405363 252318 1617408 267907264 311853412 85284239 6618706 223501306 56907 0 0 0 0 0 1811072 0 311878 5997 0 1618108 94 0 3 0 0

1778477815.342286 0 node0.mimesys-workload.ldos-ut-pg0.wisc.cloudlab.us
block sda 641960 211342 50645012 349561 2712261 17785399 880810727 13080241 0 2418212 13718219
block sdb 509 0 7540 473 4 0 0 0 0 600 474
cpu 11 200273 0 57125 2984086 7320 0 5
cpu 10 226822 2 52117 2963581 9487 0 6
cpu 13 194780 0 52732 2994494 6878 0 5
cpu 12 199148 0 51735 2991410 7635 0 2
cpu 15 175068 2 50220 3016898 6777 0 4
cpu 14 168668 0 51633 3022583 6931 0 6
cpu 17 153633 0 49897 3038785 6998 0 2
cpu 16 163578 0 48242 3032467 5962 0 2
cpu 19 135184 0 37537 3071108 6226 0 1
cpu 18 181052 5 36656 3026063 6501 0 2
cpu 1 246755 0 62545 2925411 8676 0 888
cpu 0 270296 45 47765 2891696 10372 0 1161
cpu 3 266969 0 78040 2894063 7928 0 598
cpu 2 261958 0 75140 2900186 9763 0 193
cpu 5 265898 0 79302 2895524 7840 0 456
cpu 4 262735 1 79908 2896693 8313 0 115
cpu 7 208816 0 76960 2955374 6968 0 542
cpu 6 256173 0 77861 2906730 8194 0 329
cpu 9 192244 0 54438 2992499 8016 0 378
cpu 8 193360 0 62047 2985226 6582 0 340
mem 1 99033092 96093348 2939744 374672 1966868 72 0 2107532 1080200 233948 7120 0 0 176552 2048 0 0
mem 0 97636988 55531452 42105536 702728 40224968 180 0 40425860 7934756 505232 28500 0 0 464396 6144 0 0
net vnet45 0 0 731240 0 0 0 0 0 0 0 0 0 3982 0 698613 0 0 0 0 0 0 3294 0
net lo 0 0 4216574 0 0 0 0 0 0 0 0 0 33417 0 4216574 0 0 0 0 0 0 33417 0
net vnet44 0 0 239894 0 0 0 0 0 0 0 0 0 1170 0 210746 0 0 0 0 0 0 1235 0
net eno1 0 163045 40341368448 0 0 386 0 0 0 0 0 0 30392719 0 1234824497 0 0 0 0 0 0 5977853 0
net virbr0 0 848 9965126053 0 0 0 0 0 0 0 0 0 39742530 0 38384230323 0 0 0 0 0 0 23529404 0
numa 1 120508035 18781169 10118603 29535 120463712 18825475
numa 0 119934818 10118603 18781169 29710 119933101 10119878
ps - 503982641 431875 534 553 514 8 711
sysv_shm - 0 0
tmpfs /run/lock 0 6
tmpfs /run 2125824 1105
tmpfs /run/user/20029 0 20
tmpfs /run/qemu 0 1
tmpfs /dev/shm 37615726592 105411
vfs - 133928 5144 184196
vm - 4 25326239 440405363 252318 1617408 267933672 311880126 85285064 6618706 223536377 56907 0 0 0 0 0 1811072 0 311878 5997 0 1618108 94 0 3 0 0

1778477816.381919 0 node0.mimesys-workload.ldos-ut-pg0.wisc.cloudlab.us
block sda 641960 211342 50645012 349561 2712270 17785425 880811063 13080242 0 2418220 13718221
block sdb 509 0 7540 473 4 0 0 0 0 600 474
cpu 11 200350 0 57128 2984112 7320 0 5
cpu 10 226898 2 52119 2963608 9487 0 6
cpu 13 194857 0 52735 2994522 6878 0 5
cpu 12 199221 0 51738 2991440 7635 0 2
cpu 15 175074 2 50221 3016994 6777 0 4
cpu 14 168671 0 51636 3022681 6931 0 6
cpu 17 153634 0 49899 3038885 6998 0 2
cpu 16 163580 0 48245 3032567 5962 0 2
cpu 19 135185 0 37542 3071205 6226 0 1
cpu 18 181052 5 36658 3026164 6501 0 2
cpu 1 246758 0 62547 2925506 8676 0 888
cpu 0 270299 45 47769 2891790 10372 0 1161
cpu 3 266972 0 78041 2894160 7928 0 598
cpu 2 261970 0 75142 2900274 9763 0 193
cpu 5 265902 0 79305 2895620 7840 0 456
cpu 4 262738 1 79911 2896790 8313 0 115
cpu 7 208838 0 76961 2955455 6968 0 542
cpu 6 256183 0 77864 2906821 8194 0 329
cpu 9 192330 0 54438 2992517 8016 0 378
cpu 8 193441 0 62048 2985251 6582 0 340
mem 1 99033092 96087808 2945284 374696 1970636 84 0 2107532 1080796 237980 7640 0 0 176392 2048 0 0
mem 0 97636988 55528088 42108900 702724 40226064 236 0 40425860 7935908 506352 28384 0 0 464332 6144 0 0
net vnet45 0 0 734376 0 0 0 0 0 0 0 0 0 3999 0 702303 0 0 0 0 0 0 3306 0
net lo 0 0 4217741 0 0 0 0 0 0 0 0 0 33425 0 4217741 0 0 0 0 0 0 33425 0
net vnet44 0 0 239894 0 0 0 0 0 0 0 0 0 1170 0 210746 0 0 0 0 0 0 1235 0
net eno1 0 163045 40341375379 0 0 386 0 0 0 0 0 0 30392825 0 1234824943 0 0 0 0 0 0 5977857 0
net virbr0 0 848 9965128951 0 0 0 0 0 0 0 0 0 39742547 0 38384234013 0 0 0 0 0 0 23529416 0
numa 1 120516373 18781169 10118603 29535 120472050 18825475
numa 0 119940695 10118603 18781169 29710 119938978 10119878
ps - 503996091 431996 531 552 514 7 706
sysv_shm - 0 0
tmpfs /run/lock 0 6
tmpfs /run 2125824 1105
tmpfs /run/user/20029 0 20
tmpfs /run/qemu 0 1
tmpfs /dev/shm 37615726592 105411
vfs - 133930 5144 184168
vm - 4 25326239 440405531 252318 1617408 267947887 311894034 85285069 6618706 223558620 56907 0 0 0 0 0 1811072 0 311878 5997 0 1618108 94 0 3 0 0

1778477817.415309 0 node0.mimesys-workload.ldos-ut-pg0.wisc.cloudlab.us
block sda 641960 211342 50645012 349561 2712288 17785429 880811239 13080250 0 2418224 13718228
block sdb 509 0 7540 473 4 0 0 0 0 600 474
cpu 11 200425 0 57130 2984141 7320 0 5
cpu 10 226977 2 52120 2963633 9487 0 6
cpu 13 194935 0 52736 2994548 6878 0 5
cpu 12 199307 0 51738 2991459 7635 0 2
cpu 15 175075 2 50224 3017094 6777 0 4
cpu 14 168671 0 51639 3022781 6931 0 6
cpu 17 153635 0 49901 3038986 6998 0 2
cpu 16 163580 0 48247 3032667 5962 0 2
cpu 19 135186 0 37548 3071302 6226 0 1
cpu 18 181053 5 36660 3026265 6501 0 2
cpu 1 246762 0 62549 2925600 8676 0 888
cpu 0 270301 45 47771 2891886 10372 0 1161
cpu 3 266987 0 78044 2894246 7928 0 598
cpu 2 261972 0 75143 2900371 9763 0 193
cpu 5 265924 0 79307 2895700 7840 0 456
cpu 4 262743 1 79914 2896884 8313 0 115
cpu 7 208840 0 76963 2955551 6968 0 542
cpu 6 256184 0 77868 2906917 8194 0 329
cpu 9 192409 0 54440 2992540 8016 0 378
cpu 8 193521 0 62049 2985273 6582 0 340
mem 1 99033092 96085544 2947548 374676 1965376 84 0 2107536 1080328 232488 6796 0 0 176220 2048 0 0
mem 0 97636988 55524064 42112924 702720 40226672 232 0 40425868 7935532 506940 28552 0 0 464272 6144 0 0
net vnet45 0 0 736310 0 0 0 0 0 0 0 0 0 4010 0 703353 0 0 0 0 0 0 3316 0
net lo 0 0 4218298 0 0 0 0 0 0 0 0 0 33429 0 4218298 0 0 0 0 0 0 33429 0
net vnet44 0 0 239894 0 0 0 0 0 0 0 0 0 1170 0 210798 0 0 0 0 0 0 1236 0
net eno1 0 163054 40341381676 0 0 386 0 0 0 0 0 0 30392922 0 1234825288 0 0 0 0 0 0 5977860 0
net virbr0 0 848 9965130731 0 0 0 0 0 0 0 0 0 39742558 0 38384235011 0 0 0 0 0 0 23529425 0
numa 1 120522617 18781169 10118603 29535 120478294 18825475
numa 0 119947132 10118603 18781169 29710 119945415 10119878
ps - 504010438 432112 531 552 514 6 706
sysv_shm - 0 0
tmpfs /run/lock 0 6
tmpfs /run 2125824 1105
tmpfs /run/user/20029 0 20
tmpfs /run/qemu 0 1
tmpfs /dev/shm 37615726592 105411
vfs - 133944 5224 184294
vm - 4 25326239 440405619 252318 1617408 267960569 311907088 85285071 6618706 223578446 56907 0 0 0 0 0 1811072 0 311878 5997 0 1618108 94 0 3 0 0

1778477818.456064 0 node0.mimesys-workload.ldos-ut-pg0.wisc.cloudlab.us
block sda 641967 211346 50645158 349563 2712571 17785506 880814927 13080275 0 2418252 13718255
block sdb 509 0 7540 473 4 0 0 0 0 600 474
cpu 11 200500 0 57132 2984167 7320 0 5
cpu 10 227054 2 52123 2963658 9488 0 6
cpu 13 195015 0 52738 2994572 6878 0 5
cpu 12 199388 0 51740 2991484 7635 0 2
cpu 15 175079 2 50226 3017191 6777 0 4
cpu 14 168674 0 51640 3022881 6931 0 6
cpu 17 153636 0 49902 3039087 6998 0 2
cpu 16 163581 0 48248 3032769 5962 0 2
cpu 19 135186 0 37549 3071405 6226 0 1
cpu 18 181054 5 36661 3026367 6501 0 2
cpu 1 246779 0 62551 2925683 8676 0 888
cpu 0 270307 45 47777 2891979 10372 0 1161
cpu 3 266991 0 78048 2894343 7928 0 598
cpu 2 261975 0 75147 2900467 9763 0 193
cpu 5 265938 0 79310 2895789 7840 0 456
cpu 4 262749 1 79918 2896979 8313 0 115
cpu 7 208851 0 76968 2955640 6968 0 542
cpu 6 256191 0 77871 2907011 8194 0 329
cpu 9 192482 0 54444 2992569 8016 0 378
cpu 8 193595 0 62052 2985299 6582 0 340
mem 1 99033092 96096572 2936520 374660 1966948 96 0 2107536 1080732 234200 7556 0 0 176160 2048 0 0
mem 0 97636988 55516800 42120188 702776 40227980 264 0 40425872 7936596 508392 28548 0 0 464316 6144 0 0
net vnet45 0 0 740090 0 0 0 0 0 0 0 0 0 4025 0 707043 0 0 0 0 0 0 3328 0
net lo 0 0 4219465 0 0 0 0 0 0 0 0 0 33437 0 4219465 0 0 0 0 0 0 33437 0
net vnet44 0 0 239894 0 0 0 0 0 0 0 0 0 1170 0 210798 0 0 0 0 0 0 1236 0
net eno1 0 163054 40341388247 0 0 386 0 0 0 0 0 0 30393022 0 1234825734 0 0 0 0 0 0 5977864 0
net virbr0 0 848 9965134301 0 0 0 0 0 0 0 0 0 39742573 0 38384238701 0 0 0 0 0 0 23529437 0
numa 1 120527416 18781169 10118603 29535 120483093 18825475
numa 0 119957499 10118603 18781169 29710 119955782 10119878
ps - 504024521 432241 531 552 514 6 710
sysv_shm - 0 0
tmpfs /run/lock 0 6
tmpfs /run 2125824 1105
tmpfs /run/user/20029 0 20
tmpfs /run/qemu 0 1
tmpfs /dev/shm 37615726592 105411
vfs - 133929 5224 184159
vm - 4 25326312 440407463 252318 1617408 267975735 311921811 85285078 6618706 223601497 56907 0 0 0 0 0 1811072 0 311878 5997 0 1618108 94 0 3 0 0

1778477819.494831 0 node0.mimesys-workload.ldos-ut-pg0.wisc.cloudlab.us
block sda 641968 211346 50645414 349564 2712657 17785506 880815719 13080297 0 2418264 13718278
block sdb 509 0 7540 473 4 0 0 0 0 600 474
cpu 11 200587 0 57134 2984185 7320 0 5
cpu 10 227135 2 52126 2963681 9488 0 6
cpu 13 195100 0 52741 2994592 6878 0 5
cpu 12 199464 0 51742 2991511 7635 0 2
cpu 15 175081 2 50227 3017292 6777 0 4
cpu 14 168676 0 51641 3022982 6931 0 6
cpu 17 153638 0 49903 3039188 6998 0 2
cpu 16 163582 0 48250 3032870 5962 0 2
cpu 19 135188 0 37553 3071503 6226 0 1
cpu 18 181054 5 36664 3026468 6501 0 2
cpu 1 246784 0 62555 2925778 8676 0 888
cpu 0 270312 45 47780 2892075 10372 0 1161
cpu 3 266994 0 78052 2894439 7928 0 598
cpu 2 261983 0 75150 2900559 9763 0 193
cpu 5 265951 0 79313 2895876 7840 0 456
cpu 4 262754 1 79922 2897075 8314 0 115
cpu 7 208855 0 76972 2955736 6968 0 542
cpu 6 256208 0 77873 2907096 8194 0 329
cpu 9 192562 0 54447 2992590 8016 0 378
cpu 8 193668 0 62052 2985329 6582 0 340
mem 1 99033092 96094052 2939040 374628 1965040 4 0 2107540 1080084 232192 6632 0 0 176120 2048 0 0
mem 0 97636988 55512520 42124468 702796 40226404 8 0 40426004 7934236 506736 28772 0 0 464284 6144 0 0
net vnet45 0 0 741182 0 0 0 0 0 0 0 0 0 4035 0 708093 0 0 0 0 0 0 3338 0
net lo 0 0 4220022 0 0 0 0 0 0 0 0 0 33441 0 4220022 0 0 0 0 0 0 33441 0
net vnet44 0 0 239894 0 0 0 0 0 0 0 0 0 1170 0 210850 0 0 0 0 0 0 1237 0
net eno1 0 163066 40341396958 0 0 386 0 0 0 0 0 0 30393118 0 1234874522 0 0 0 0 0 0 5977903 0
net virbr0 0 848 9965135253 0 0 0 0 0 0 0 0 0 39742583 0 38384239699 0 0 0 0 0 0 23529446 0
numa 1 120533114 18781169 10118603 29535 120488791 18825475
numa 0 119964741 10118603 18781169 29710 119963024 10119878
ps - 504037551 432358 531 552 514 8 710
sysv_shm - 0 0
tmpfs /run/lock 0 6
tmpfs /run 2125824 1105
tmpfs /run/user/20029 0 20
tmpfs /run/qemu 0 1
tmpfs /dev/shm 37615726592 105411
vfs - 133929 5264 184197
vm - 4 25326440 440407859 252318 1617408 267988680 311934957 85285082 6618706 223621645 56907 0 0 0 0 0 1811072 0 311878 5997 0 1618108 94 0 3 0 0

1778477820.524464 0 node0.mimesys-workload.ldos-ut-pg0.wisc.cloudlab.us
block sda 641968 211346 50645414 349564 2712657 17785506 880815719 13080297 0 2418264 13718278
block sdb 509 0 7540 473 4 0 0 0 0 600 474
cpu 11 200663 0 57137 2984210 7320 0 5
cpu 10 227225 2 52126 2963697 9488 0 6
cpu 13 195180 0 52742 2994615 6878 0 5
cpu 12 199544 0 51743 2991538 7635 0 2
cpu 15 175083 2 50228 3017392 6777 0 4
cpu 14 168678 0 51642 3023081 6931 0 6
cpu 17 153638 0 49906 3039287 6998 0 2
cpu 16 163584 0 48254 3032967 5962 0 2
cpu 19 135190 0 37558 3071599 6226 0 1
cpu 18 181061 5 36666 3026562 6501 0 2
cpu 1 246789 0 62559 2925872 8676 0 888
cpu 0 270333 45 47783 2892155 10372 0 1161
cpu 3 266999 0 78055 2894531 7928 0 598
cpu 2 261996 0 75153 2900647 9763 0 193
cpu 5 265957 0 79316 2895971 7840 0 456
cpu 4 262760 1 79924 2897170 8314 0 115
cpu 7 208862 0 76977 2955828 6968 0 542
cpu 6 256231 0 77876 2907171 8194 0 329
cpu 9 192644 0 54447 2992613 8016 0 378
cpu 8 193745 0 62055 2985353 6582 0 340
mem 1 99033092 96086276 2946816 374676 1966968 88 0 2107540 1080256 234228 7332 0 0 176232 2048 0 0
mem 0 97636988 55508236 42128752 702756 40227492 156 0 40426004 7934708 507664 28328 0 0 464212 6144 0 0
net vnet45 0 0 746252 0 0 0 0 0 0 0 0 0 4063 0 712833 0 0 0 0 0 0 3360 0
net lo 0 0 4221189 0 0 0 0 0 0 0 0 0 33449 0 4221189 0 0 0 0 0 0 33449 0
net vnet44 0 0 239894 0 0 0 0 0 0 0 0 0 1170 0 210902 0 0 0 0 0 0 1238 0
net eno1 0 163066 40341404503 0 0 386 0 0 0 0 0 0 30393225 0 1234875364 0 0 0 0 0 0 5977913 0
net virbr0 0 848 9965139931 0 0 0 0 0 0 0 0 0 39742611 0 38384244387 0 0 0 0 0 0 23529467 0
numa 1 120541112 18781169 10118603 29535 120496789 18825475
numa 0 119971914 10118603 18781169 29710 119970197 10119878
ps - 504052745 432480 531 552 514 6 710
sysv_shm - 0 0
tmpfs /run/lock 0 6
tmpfs /run 2125824 1105
tmpfs /run/user/20029 0 20
tmpfs /run/qemu 0 1
tmpfs /dev/shm 37615726592 105411
vfs - 133943 5224 184309
vm - 4 25326440 440407859 252318 1617408 268003845 311949757 85285089 6618706 223644897 56907 0 0 0 0 0 1811072 0 311878 5997 0 1618108 94 0 3 0 0

1778477821.562934 0 node0.mimesys-workload.ldos-ut-pg0.wisc.cloudlab.us
block sda 641968 211346 50645414 349564 2712671 17785519 880816383 13080299 0 2418272 13718281
block sdb 509 0 7540 473 4 0 0 0 0 600 474
cpu 11 200745 0 57138 2984234 7320 0 5
cpu 10 227306 2 52128 2963722 9488 0 6
cpu 13 195255 0 52743 2994646 6878 0 5
cpu 12 199616 0 51745 2991568 7635 0 2
cpu 15 175088 2 50230 3017489 6777 0 4
cpu 14 168680 0 51645 3023180 6931 0 6
cpu 17 153640 0 49907 3039388 6998 0 2
cpu 16 163584 0 48256 3033069 5962 0 2
cpu 19 135190 0 37559 3071701 6226 0 1
cpu 18 181063 5 36668 3026663 6501 0 2
cpu 1 246793 0 62562 2925968 8676 0 888
cpu 0 270356 45 47787 2892231 10372 0 1161
cpu 3 267007 0 78059 2894623 7928 0 598
cpu 2 262000 0 75156 2900741 9763 0 193
cpu 5 265960 0 79318 2896067 7840 0 456
cpu 4 262766 1 79926 2897265 8314 0 115
cpu 7 208879 0 76980 2955912 6968 0 542
cpu 6 256235 0 77881 2907267 8194 0 329
cpu 9 192725 0 54448 2992637 8016 0 378
cpu 8 193819 0 62058 2985384 6582 0 340
mem 1 99033092 96099564 2933528 374652 1965588 116 0 2107540 1080720 232816 7208 0 0 176156 2048 0 0
mem 0 97636988 55499164 42137824 702768 40232380 196 0 40426012 7935892 512676 28476 0 0 464196 6144 0 0
net vnet45 0 0 749322 0 0 0 0 0 0 0 0 0 4079 0 716523 0 0 0 0 0 0 3372 0
net lo 0 0 4222356 0 0 0 0 0 0 0 0 0 33457 0 4222356 0 0 0 0 0 0 33457 0
net vnet44 0 0 239894 0 0 0 0 0 0 0 0 0 1170 0 210902 0 0 0 0 0 0 1238 0
net eno1 0 163075 40341411336 0 0 386 0 0 0 0 0 0 30393324 0 1234876008 0 0 0 0 0 0 5977920 0
net virbr0 0 848 9965142777 0 0 0 0 0 0 0 0 0 39742627 0 38384248077 0 0 0 0 0 0 23529479 0
numa 1 120546671 18781169 10118603 29535 120502348 18825475
numa 0 119980965 10118603 18781169 29710 119979248 10119878
ps - 504067897 432603 537 553 515 7 712
sysv_shm - 0 0
tmpfs /run/lock 0 6
tmpfs /run 2125824 1105
tmpfs /run/user/20029 0 20
tmpfs /run/qemu 0 1
tmpfs /dev/shm 37615726592 105411
vfs - 133932 5184 184191
vm - 4 25326440 440408191 252318 1617408 268018456 311963592 85285093 6618706 223667563 56907 0 0 0 0 0 1811072 0 311878 5997 0 1618108 94 0 3 0 0

1778477822.598794 0 node0.mimesys-workload.ldos-ut-pg0.wisc.cloudlab.us
block sda 641968 211346 50645414 349564 2712683 17785519 880816471 13080305 0 2418280 13718287
block sdb 509 0 7540 473 4 0 0 0 0 600 474
cpu 11 200820 0 57140 2984266 7320 0 5
cpu 10 227389 2 52131 2963741 9488 0 6
cpu 13 195332 0 52745 2994673 6878 0 5
cpu 12 199700 0 51747 2991589 7635 0 2
cpu 15 175089 2 50231 3017589 6777 0 4
cpu 14 168682 0 51647 3023280 6931 0 6
cpu 17 153641 0 49909 3039489 6998 0 2
cpu 16 163586 0 48260 3033168 5962 0 2
cpu 19 135193 0 37562 3071799 6226 0 1
cpu 18 181064 5 36670 3026764 6501 0 2
cpu 1 246816 0 62566 2926044 8676 0 888
cpu 0 270361 45 47792 2892324 10372 0 1161
cpu 3 267030 0 78063 2894698 7928 0 598
cpu 2 262004 0 75161 2900834 9763 0 193
cpu 5 265966 0 79322 2896159 7840 0 456
cpu 4 262774 1 79929 2897356 8314 0 115
cpu 7 208884 0 76982 2956006 6968 0 542
cpu 6 256240 0 77883 2907361 8194 0 329
cpu 9 192810 0 54450 2992656 8016 0 378
cpu 8 193902 0 62059 2985406 6582 0 340
mem 1 99033092 96097548 2935544 374624 1966088 124 0 2107540 1080516 233552 6396 0 0 176136 2048 0 0
mem 0 97636988 55507868 42129120 702788 40230208 192 0 40426020 7934808 510584 28956 0 0 464140 6144 0 0
net vnet45 0 0 751322 0 0 0 0 0 0 0 0 0 4091 0 717573 0 0 0 0 0 0 3382 0
net lo 0 0 4222913 0 0 0 0 0 0 0 0 0 33461 0 4222913 0 0 0 0 0 0 33461 0
net vnet44 0 0 239894 0 0 0 0 0 0 0 0 0 1170 0 210954 0 0 0 0 0 0 1239 0
net eno1 0 163075 40341418012 0 0 386 0 0 0 0 0 0 30393424 0 1234876485 0 0 0 0 0 0 5977925 0
net virbr0 0 848 9965144609 0 0 0 0 0 0 0 0 0 39742639 0 38384249075 0 0 0 0 0 0 23529488 0
numa 1 120553286 18781169 10118603 29535 120508963 18825475
numa 0 119987281 10118603 18781169 29710 119985564 10119878
ps - 504085404 432720 537 553 515 7 709
sysv_shm - 0 0
tmpfs /run/lock 0 6
tmpfs /run 2125824 1105
tmpfs /run/user/20029 0 20
tmpfs /run/qemu 0 1
tmpfs /dev/shm 37615726592 105411
vfs - 133930 5144 184183
vm - 4 25326440 440408235 252318 1617408 268031386 311976747 85285098 6618706 223687660 56907 0 0 0 0 0 1811072 0 311878 5997 0 1618108 94 0 3 0 0

1778477823.640169 0 node0.mimesys-workload.ldos-ut-pg0.wisc.cloudlab.us
block sda 641968 211346 50645414 349564 2712683 17785519 880816471 13080305 0 2418280 13718287
block sdb 509 0 7540 473 4 0 0 0 0 600 474
cpu 11 200895 0 57142 2984294 7320 0 5
cpu 10 227471 2 52133 2963763 9488 0 6
cpu 13 195408 0 52748 2994699 6878 0 5
cpu 12 199777 0 51749 2991613 7635 0 2
cpu 15 175103 2 50237 3017674 6777 0 4
cpu 14 168684 0 51651 3023379 6931 0 6
cpu 17 153645 0 49912 3039587 6998 0 2
cpu 16 163598 0 48263 3033257 5962 0 2
cpu 19 135197 0 37567 3071895 6226 0 1
cpu 18 181072 5 36673 3026859 6501 0 2
cpu 1 246818 0 62570 2926141 8676 0 888
cpu 0 270377 45 47796 2892405 10372 0 1161
cpu 3 267038 0 78067 2894792 7928 0 598
cpu 2 262009 0 75163 2900930 9763 0 193
cpu 5 265971 0 79324 2896255 7840 0 456
cpu 4 262786 1 79934 2897445 8314 0 115
cpu 7 208889 0 76987 2956099 6968 0 542
cpu 6 256246 0 77888 2907455 8194 0 329
cpu 9 192896 0 54451 2992676 8016 0 378
cpu 8 193982 0 62060 2985432 6582 0 340
mem 1 99033092 96092268 2940824 374664 1966020 136 0 2107540 1080264 233316 7088 0 0 176176 2048 0 0
mem 0 97636988 55514812 42122176 702772 40231608 240 0 40426024 7935424 511812 28576 0 0 464108 6144 0 0
net vnet45 0 0 754458 0 0 0 0 0 0 0 0 0 4108 0 721263 0 0 0 0 0 0 3394 0
net lo 0 0 4224080 0 0 0 0 0 0 0 0 0 33469 0 4224080 0 0 0 0 0 0 33469 0
net vnet44 0 0 239894 0 0 0 0 0 0 0 0 0 1170 0 210954 0 0 0 0 0 0 1239 0
net eno1 0 163084 40341423863 0 0 386 0 0 0 0 0 0 30393512 0 1234876931 0 0 0 0 0 0 5977929 0
net virbr0 0 848 9965147507 0 0 0 0 0 0 0 0 0 39742656 0 38384252765 0 0 0 0 0 0 23529500 0
numa 1 120559892 18781169 10118603 29535 120515569 18825475
numa 0 119994991 10118603 18781169 29710 119993274 10119878
ps - 504103293 432841 537 553 515 7 709
sysv_shm - 0 0
tmpfs /run/lock 0 6
tmpfs /run 2125824 1105
tmpfs /run/user/20029 0 20
tmpfs /run/qemu 0 1
tmpfs /dev/shm 37615726592 105411
vfs - 133948 5184 184313
vm - 4 25326440 440408235 252318 1617408 268045703 311990611 85285103 6618706 223710054 56907 0 0 0 0 0 1811072 0 311878 5997 0 1618108 94 0 3 0 0

1778477824.680276 0 node0.mimesys-workload.ldos-ut-pg0.wisc.cloudlab.us
block sda 641968 211346 50645414 349564 2712755 17785519 880817119 13080316 7 2418284 13718298
block sdb 509 0 7540 473 4 0 0 0 0 600 474
cpu 11 200971 0 57143 2984321 7320 0 5
cpu 10 227550 2 52135 2963789 9488 0 6
cpu 13 195484 0 52749 2994726 6878 0 5
cpu 12 199858 0 51752 2991637 7635 0 2
cpu 15 175106 2 50239 3017771 6777 0 4
cpu 14 168687 0 51654 3023475 6931 0 6
cpu 17 153647 0 49916 3039683 6998 0 2
cpu 16 163646 0 48266 3033313 5962 0 2
cpu 19 135202 0 37569 3071991 6226 0 1
cpu 18 181076 5 36675 3026955 6501 0 2
cpu 1 246820 0 62574 2926240 8676 0 888
cpu 0 270378 45 47798 2892503 10372 0 1161
cpu 3 267044 0 78070 2894886 7928 0 598
cpu 2 262012 0 75165 2901030 9763 0 193
cpu 5 265973 0 79328 2896351 7840 0 456
cpu 4 262791 1 79938 2897540 8314 0 115
cpu 7 208893 0 76990 2956195 6968 0 542
cpu 6 256249 0 77893 2907552 8194 0 329
cpu 9 192987 0 54452 2992693 8016 0 378
cpu 8 194056 0 62061 2985466 6582 0 340
mem 1 99033092 96088996 2944096 374632 1965564 140 0 2107540 1080380 232804 6748 0 0 176096 2048 0 0
mem 0 97636988 55525532 42111456 702812 40231216 256 0 40426024 7934796 511516 28912 0 0 464108 6144 0 0
net vnet45 0 0 756392 0 0 0 0 0 0 0 0 0 4119 0 722313 0 0 0 0 0 0 3404 0
net lo 0 0 4225045 0 0 0 0 0 0 0 0 0 33477 0 4225045 0 0 0 0 0 0 33477 0
net vnet44 0 0 239894 0 0 0 0 0 0 0 0 0 1170 0 211006 0 0 0 0 0 0 1240 0
net eno1 0 163084 40341436097 0 0 387 0 0 0 0 0 0 30393632 0 1234891257 0 0 0 0 0 0 5977950 0
net virbr0 0 848 9965149287 0 0 0 0 0 0 0 0 0 39742667 0 38384253763 0 0 0 0 0 0 23529509 0
numa 1 120564447 18781169 10118603 29535 120520124 18825475
numa 0 120003159 10118603 18781169 29710 120001442 10119878
ps - 504119788 432957 537 553 515 7 709
sysv_shm - 0 0
tmpfs /run/lock 0 6
tmpfs /run 2125824 1105
tmpfs /run/user/20029 0 20
tmpfs /run/qemu 0 1
tmpfs /dev/shm 37615726592 105411
vfs - 133931 5224 184184
vm - 4 25326440 440408615 252318 1617408 268058425 312003590 85285105 6618706 223729925 56907 0 0 0 0 0 1811072 0 311878 5997 0 1618108 94 0 3 0 0

1778477825.719789 0 node0.mimesys-workload.ldos-ut-pg0.wisc.cloudlab.us
block sda 641968 211346 50645414 349564 2712768 17785519 880817271 13080319 0 2418288 13718302
block sdb 509 0 7540 473 4 0 0 0 0 600 474
cpu 11 201049 0 57146 2984346 7320 0 5
cpu 10 227632 2 52136 2963812 9488 0 6
cpu 13 195564 0 52750 2994747 6878 0 5
cpu 12 199927 0 51755 2991671 7635 0 2
cpu 15 175119 2 50244 3017859 6777 0 4
cpu 14 168700 0 51656 3023564 6931 0 6
cpu 17 153658 0 49918 3039773 6998 0 2
cpu 16 163672 0 48268 3033388 5962 0 2
cpu 19 135215 0 37575 3072077 6226 0 1
cpu 18 181088 5 36677 3027043 6501 0 2
cpu 1 246822 0 62577 2926338 8676 0 888
cpu 0 270383 45 47802 2892599 10372 0 1161
cpu 3 267047 0 78073 2894983 7928 0 598
cpu 2 262013 0 75168 2901129 9763 0 193
cpu 5 265978 0 79331 2896446 7840 0 456
cpu 4 262795 1 79943 2897637 8314 0 115
cpu 7 208895 0 76992 2956294 6968 0 542
cpu 6 256252 0 77897 2907648 8194 0 329
cpu 9 193073 0 54453 2992709 8016 0 378
cpu 8 194144 0 62062 2985484 6582 0 340
mem 1 99033092 96082448 2950644 374672 1969460 68 0 2107540 1080256 236800 7172 0 0 176032 2048 0 0
mem 0 97636988 55521248 42115740 702768 40231820 164 0 40426032 7935384 512064 28476 0 0 464292 6144 0 0
net vnet45 0 0 760172 0 0 0 0 0 0 0 0 0 4134 0 726003 0 0 0 0 0 0 3416 0
net lo 0 0 4226212 0 0 0 0 0 0 0 0 0 33485 0 4226212 0 0 0 0 0 0 33485 0
net vnet44 0 0 239894 0 0 0 0 0 0 0 0 0 1170 0 211006 0 0 0 0 0 0 1240 0
net eno1 0 163094 40341442888 0 0 387 0 0 0 0 0 0 30393729 0 1234892099 0 0 0 0 0 0 5977960 0
net virbr0 0 848 9965152857 0 0 0 0 0 0 0 0 0 39742682 0 38384257453 0 0 0 0 0 0 23529521 0
numa 1 120570856 18781169 10118603 29535 120526533 18825475
numa 0 120011922 10118603 18781169 29710 120010205 10119878
ps - 504138557 433078 537 553 515 5 709
sysv_shm - 0 0
tmpfs /run/lock 0 6
tmpfs /run 2125824 1105
tmpfs /run/user/20029 0 20
tmpfs /run/qemu 0 1
tmpfs /dev/shm 37615726592 105411
vfs - 133933 5224 184186
vm - 4 25326440 440408635 252318 1617408 268073614 312017377 85285110 6618706 223753293 56907 0 0 0 0 0 1811072 0 311878 5997 0 1618108 94 0 3 0 0

1778477826.754018 0 node0.mimesys-workload.ldos-ut-pg0.wisc.cloudlab.us
block sda 641972 211346 50645638 349565 2712779 17785543 880817551 13080321 0 2418308 13718305
block sdb 509 0 7540 473 4 0 0 0 0 600 474
cpu 11 201120 0 57149 2984379 7320 0 5
cpu 10 227690 2 52137 2963856 9488 0 6
cpu 13 195624 0 52754 2994784 6878 0 5
cpu 12 199982 0 51760 2991716 7635 0 2
cpu 15 175142 2 50246 3017936 6777 0 4
cpu 14 168703 0 51659 3023660 6931 0 6
cpu 17 153666 0 49922 3039862 6998 0 2
cpu 16 163682 0 48272 3033478 5962 0 2
cpu 19 135227 0 37580 3072162 6226 0 1
cpu 18 181103 5 36680 3027126 6501 0 2
cpu 1 246828 0 62582 2926429 8676 0 888
cpu 0 270392 45 47806 2892687 10372 0 1161
cpu 3 267054 0 78076 2895074 7928 0 598
cpu 2 262022 0 75170 2901220 9763 0 193
cpu 5 265983 0 79336 2896538 7840 0 456
cpu 4 262850 1 79945 2897683 8314 0 115
cpu 7 208903 0 76996 2956386 6968 0 542
cpu 6 256258 0 77899 2907743 8194 0 329
cpu 9 193140 0 54456 2992743 8016 0 378
cpu 8 194208 0 62066 2985521 6582 0 340
mem 1 99033092 96070356 2962736 374700 1974688 280 0 2107576 1080248 241920 7344 0 0 176032 2048 0 0
mem 0 97636988 55528440 42108548 702788 40231804 288 0 40426132 7935392 511928 28424 0 0 464164 6144 0 0
net vnet45 0 0 761198 0 0 0 0 0 0 0 0 0 4143 0 727053 0 0 0 0 0 0 3426 0
net lo 0 0 4228599 0 0 0 0 0 0 0 0 0 33501 0 4228599 0 0 0 0 0 0 33501 0
net vnet44 0 0 242832 0 0 0 0 0 0 0 0 0 1184 0 214748 0 0 0 0 0 0 1253 0
net eno1 0 163094 40341450362 0 0 387 0 0 0 0 0 0 30393835 0 1234893011 0 0 0 0 0 0 5977970 0
net virbr0 0 848 9965156499 0 0 0 0 0 0 0 0 0 39742705 0 38384262141 0 0 0 0 0 0 23529542 0
numa 1 120582131 18781169 10118603 29535 120537808 18825475
numa 0 120020779 10118603 18781169 29710 120019062 10119878
ps - 504154717 433229 590 564 518 7 712
sysv_shm - 0 0
tmpfs /run/lock 0 6
tmpfs /run 2125824 1105
tmpfs /run/user/20029 0 20
tmpfs /run/qemu 0 1
tmpfs /dev/shm 37615726592 105411
vfs - 133960 5304 184351
vm - 4 25326552 440408775 252318 1617408 268093729 312036377 85285120 6618706 223783352 56909 0 0 0 0 0 1811072 0 311878 5997 0 1618108 94 0 3 0 0

1778477827.789030 0 node0.mimesys-workload.ldos-ut-pg0.wisc.cloudlab.us
block sda 641972 211346 50645638 349565 2712803 17785543 880817871 13080328 0 2418320 13718312
block sdb 509 0 7540 473 4 0 0 0 0 600 474
cpu 11 201204 0 57151 2984401 7320 0 5
cpu 10 227775 2 52139 2963877 9488 0 6
cpu 13 195708 0 52755 2994804 6878 0 5
cpu 12 200064 0 51763 2991741 7635 0 2
cpu 15 175168 2 50249 3018008 6777 0 4
cpu 14 168712 0 51661 3023752 6931 0 6
cpu 17 153670 0 49926 3039958 6998 0 2
cpu 16 163686 0 48275 3033574 5962 0 2
cpu 19 135238 0 37582 3072252 6226 0 1
cpu 18 181107 5 36682 3027221 6501 0 2
cpu 1 246843 0 62586 2926512 8676 0 888
cpu 0 270411 45 47808 2892767 10372 0 1161
cpu 3 267060 0 78079 2895164 7928 0 598
cpu 2 262033 0 75174 2901307 9763 0 193
cpu 5 265990 0 79343 2896626 7840 0 456
cpu 4 262858 1 79949 2897774 8314 0 115
cpu 7 208918 0 77000 2956471 6968 0 542
cpu 6 256278 0 77901 2907823 8194 0 329
cpu 9 193227 0 54456 2992760 8016 0 378
cpu 8 194287 0 62069 2985545 6582 0 340
mem 1 99033092 96067840 2965252 374676 1971096 276 0 2107568 1080248 238324 6948 0 0 176048 2048 0 0
mem 0 97636988 55522148 42114840 702856 40233796 296 0 40426148 7935388 514020 28908 0 0 464052 6144 0 0
net vnet45 0 0 770246 0 0 0 0 0 0 0 0 0 4189 0 735431 0 0 0 0 0 0 3459 0
net lo 0 0 4230986 0 0 0 0 0 0 0 0 0 33517 0 4230986 0 0 0 0 0 0 33517 0
net vnet44 0 0 248412 0 0 0 0 0 0 0 0 0 1194 0 215858 0 0 0 0 0 0 1262 0
net eno1 0 163102 40341456341 0 0 387 0 0 0 0 0 0 30393922 0 1234893659 0 0 0 0 0 0 5977976 0
net virbr0 0 848 9965170343 0 0 0 0 0 0 0 0 0 39742761 0 38384271629 0 0 0 0 0 0 23529584 0
numa 1 120587679 18781169 10118603 29535 120543356 18825475
numa 0 120032474 10118603 18781169 29710 120030757 10119878
ps - 504172677 433363 590 564 518 8 712
sysv_shm - 0 0
tmpfs /run/lock 0 6
tmpfs /run 2125824 1105
tmpfs /run/user/20029 0 20
tmpfs /run/qemu 0 1
tmpfs /dev/shm 37615726592 105411
vfs - 133941 5184 184257
vm - 4 25326552 440408935 252318 1617408 268110979 312053955 85285135 6618706 223810007 56909 0 0 0 0 0 1811072 0 311878 5997 0 1618108 94 0 3 0 0

1778477828.823381 0 node0.mimesys-workload.ldos-ut-pg0.wisc.cloudlab.us
block sda 641978 211346 50645850 349567 2712923 17785543 880819239 13080338 0 2418344 13718324
block sdb 509 0 7540 473 4 0 0 0 0 600 474
cpu 11 201282 0 57152 2984426 7320 0 5
cpu 10 227847 2 52141 2963907 9488 0 6
cpu 13 195779 0 52757 2994834 6878 0 5
cpu 12 200142 0 51765 2991765 7635 0 2
cpu 15 175199 2 50251 3018079 6777 0 4
cpu 14 168720 0 51665 3023844 6931 0 6
cpu 17 153679 0 49928 3040051 6998 0 2
cpu 16 163689 0 48278 3033671 5962 0 2
cpu 19 135246 0 37587 3072343 6226 0 1
cpu 18 181120 5 36685 3027307 6501 0 2
cpu 1 246861 0 62588 2926594 8676 0 888
cpu 0 270421 45 47813 2892854 10372 0 1161
cpu 3 267066 0 78082 2895255 7928 0 598
cpu 2 262037 0 75177 2901402 9763 0 193
cpu 5 265996 0 79346 2896719 7840 0 456
cpu 4 262860 1 79951 2897870 8314 0 115
cpu 7 208926 0 77003 2956562 6968 0 542
cpu 6 256282 0 77903 2907921 8194 0 329
cpu 9 193304 0 54459 2992786 8016 0 378
cpu 8 194370 0 62069 2985567 6582 0 340
mem 1 99033092 96049212 2983880 374704 1975400 316 0 2107580 1080212 242676 7088 0 0 176040 2048 0 0
mem 0 97636988 55542244 42094744 702820 40225548 332 0 40426148 7935412 505744 28668 0 0 464132 6144 0 0
net vnet45 0 0 774504 0 0 0 0 0 0 0 0 0 4215 0 740283 0 0 0 0 0 0 3481 0
net lo 0 0 4232153 0 0 0 0 0 0 0 0 0 33525 0 4232153 0 0 0 0 0 0 33525 0
net vnet44 0 0 248412 0 0 0 0 0 0 0 0 0 1194 0 215910 0 0 0 0 0 0 1263 0
net eno1 0 163102 40341464922 0 0 387 0 0 0 0 0 0 30394051 0 1236528078 0 0 0 0 0 0 5979060 0
net virbr0 0 848 9965174237 0 0 0 0 0 0 0 0 0 39742787 0 38384276429 0 0 0 0 0 0 23529605 0
numa 1 120598640 18781169 10118603 29535 120554317 18825475
numa 0 120040003 10118603 18781169 29710 120038286 10119878
ps - 504189485 433492 590 564 518 5 716
sysv_shm - 0 0
tmpfs /run/lock 0 6
tmpfs /run 2125824 1105
tmpfs /run/user/20029 0 20
tmpfs /run/qemu 0 1
tmpfs /dev/shm 37615726592 105411
vfs - 133933 5304 184186
vm - 4 25326658 440409619 252318 1617408 268129462 312073679 85285138 6618706 223836735 56909 0 0 0 0 0 1811072 0 311878 5997 0 1618108 94 0 3 0 0

1778477829.857719 0 node0.mimesys-workload.ldos-ut-pg0.wisc.cloudlab.us
block sda 641978 211346 50645850 349567 2712999 17785543 880819911 13080350 0 2418348 13718336
block sdb 509 0 7540 473 4 0 0 0 0 600 474
cpu 11 201357 0 57154 2984454 7320 0 5
cpu 10 227920 2 52143 2963936 9488 0 6
cpu 13 195855 0 52758 2994860 6878 0 5
cpu 12 200217 0 51766 2991795 7635 0 2
cpu 15 175200 2 50253 3018180 6777 0 4
cpu 14 168721 0 51668 3023942 6931 0 6
cpu 17 153680 0 49929 3040152 6998 0 2
cpu 16 163689 0 48279 3033772 5962 0 2
cpu 19 135248 0 37590 3072441 6226 0 1
cpu 18 181121 5 36687 3027408 6501 0 2
cpu 1 246865 0 62590 2926691 8676 0 888
cpu 0 270424 45 47817 2892950 10372 0 1161
cpu 3 267070 0 78085 2895350 7928 0 598
cpu 2 262069 0 75178 2901472 9763 0 193
cpu 5 266002 0 79348 2896814 7840 0 456
cpu 4 262864 1 79955 2897965 8314 0 115
cpu 7 208930 0 77005 2956658 6968 0 542
cpu 6 256287 0 77906 2908016 8194 0 329
cpu 9 193383 0 54462 2992810 8016 0 378
cpu 8 194450 0 62070 2985588 6582 0 340
mem 1 99033092 96068060 2965032 374692 1968240 328 0 2107584 1080212 235484 7088 0 0 176008 2048 0 0
mem 0 97636988 55538972 42098016 702832 40213692 344 0 40426148 7934696 493844 28456 0 0 464196 6144 0 0
net vnet45 0 0 776372 0 0 0 0 0 0 0 0 0 4225 0 741281 0 0 0 0 0 0 3490 0
net lo 0 0 4232710 0 0 0 0 0 0 0 0 0 33529 0 4232710 0 0 0 0 0 0 33529 0
net vnet44 0 0 248412 0 0 0 0 0 0 0 0 0 1194 0 215910 0 0 0 0 0 0 1263 0
net eno1 0 163112 40341471657 0 0 387 0 0 0 0 0 0 30394150 0 1236528423 0 0 0 0 0 0 5979063 0
net virbr0 0 848 9965175965 0 0 0 0 0 0 0 0 0 39742797 0 38384277427 0 0 0 0 0 0 23529614 0
numa 1 120603763 18781169 10118603 29535 120559440 18825475
numa 0 120047631 10118603 18781169 29710 120045914 10119878
ps - 504202803 433608 590 564 518 6 716
sysv_shm - 0 0
tmpfs /run/lock 0 6
tmpfs /run 2125824 1105
tmpfs /run/user/20029 0 20
tmpfs /run/qemu 0 1
tmpfs /dev/shm 37615726592 105411
vfs - 133947 5344 184354
vm - 4 25326658 440409955 252318 1617408 268142213 312091081 85285142 6618706 223856609 56909 0 0 0 0 0 1811072 0 311878 5997 0 1618108 94 0 3 0 0

1778477830.900002 0 node0.mimesys-workload.ldos-ut-pg0.wisc.cloudlab.us
block sda 641978 211346 50645850 349567 2713001 17785544 880819935 13080351 0 2418352 13718337
block sdb 509 0 7540 473 4 0 0 0 0 600 474
cpu 11 201444 0 57155 2984476 7320 0 5
cpu 10 228003 2 52146 2963956 9488 0 6
cpu 13 195945 0 52760 2994877 6878 0 5
cpu 12 200295 0 51768 2991826 7635 0 2
cpu 15 175202 2 50255 3018279 6777 0 4
cpu 14 168722 0 51671 3024043 6931 0 6
cpu 17 153680 0 49931 3040254 6998 0 2
cpu 16 163690 0 48280 3033874 5962 0 2
cpu 19 135248 0 37591 3072543 6226 0 1
cpu 18 181122 5 36687 3027510 6501 0 2
cpu 1 246869 0 62593 2926786 8676 0 888
cpu 0 270430 45 47822 2893042 10372 0 1161
cpu 3 267074 0 78088 2895445 7928 0 598
cpu 2 262084 0 75180 2901558 9763 0 193
cpu 5 266006 0 79351 2896911 7840 0 456
cpu 4 262869 1 79959 2898060 8314 0 115
cpu 7 208936 0 77009 2956750 6968 0 542
cpu 6 256305 0 77908 2908098 8194 0 329
cpu 9 193468 0 54463 2992835 8016 0 378
cpu 8 194528 0 62072 2985616 6582 0 340
mem 1 99033092 96064028 2969064 374700 1968928 276 0 2107584 1080244 236148 7196 0 0 176008 2048 0 0
mem 0 97636988 55536452 42100536 702828 40214512 280 0 40426148 7935444 494720 28516 0 0 464220 6144 0 0
net vnet45 0 0 780878 0 0 0 0 0 0 0 0 0 4247 0 745595 0 0 0 0 0 0 3507 0
net lo 0 0 4233877 0 0 0 0 0 0 0 0 0 33537 0 4233877 0 0 0 0 0 0 33537 0
net vnet44 0 0 248412 0 0 0 0 0 0 0 0 0 1194 0 215962 0 0 0 0 0 0 1264 0
net eno1 0 163112 40341477748 0 0 387 0 0 0 0 0 0 30394242 0 1236528869 0 0 0 0 0 0 5979067 0
net virbr0 0 848 9965180163 0 0 0 0 0 0 0 0 0 39742819 0 38384281689 0 0 0 0 0 0 23529630 0
numa 1 120609648 18781169 10118603 29535 120565325 18825475
numa 0 120056000 10118603 18781169 29710 120054283 10119878
ps - 504216144 433729 583 563 518 5 715
sysv_shm - 0 0
tmpfs /run/lock 0 6
tmpfs /run 2125824 1105
tmpfs /run/user/20029 0 20
tmpfs /run/qemu 0 1
tmpfs /dev/shm 37615726592 105411
vfs - 133932 5264 184222
vm - 4 25326658 440409967 252318 1617408 268156467 312104918 85285149 6618706 223878977 56909 0 0 0 0 0 1811072 0 311878 5997 0 1618108 94 0 3 0 0

1778477831.938899 0 node0.mimesys-workload.ldos-ut-pg0.wisc.cloudlab.us
block sda 641978 211346 50645850 349567 2713074 17785574 880820815 13080363 0 2418360 13718349
block sdb 509 0 7540 473 4 0 0 0 0 600 474
cpu 11 201519 0 57156 2984504 7320 0 5
cpu 10 228080 2 52148 2963979 9488 0 6
cpu 13 196026 0 52760 2994902 6878 0 5
cpu 12 200366 0 51772 2991858 7635 0 2
cpu 15 175202 2 50259 3018380 6777 0 4
cpu 14 168723 0 51673 3024144 6931 0 6
cpu 17 153680 0 49934 3040355 6998 0 2
cpu 16 163691 0 48282 3033975 5962 0 2
cpu 19 135251 0 37594 3072641 6226 0 1
cpu 18 181123 5 36689 3027611 6501 0 2
cpu 1 246874 0 62596 2926881 8676 0 888
cpu 0 270434 45 47825 2893139 10372 0 1161
cpu 3 267082 0 78090 2895537 7928 0 598
cpu 2 262089 0 75182 2901652 9763 0 193
cpu 5 266009 0 79355 2897009 7840 0 456
cpu 4 262872 1 79963 2898156 8314 0 115
cpu 7 208940 0 77013 2956848 6968 0 542
cpu 6 256328 0 77911 2908176 8194 0 329
cpu 9 193550 0 54464 2992858 8016 0 378
cpu 8 194605 0 62073 2985646 6582 0 340
mem 1 99033092 96062772 2970320 374688 1968232 144 0 2107584 1080212 235432 7032 0 0 175912 2048 0 0
mem 0 97636988 55533684 42103304 702848 40213904 212 0 40426164 7934696 494104 28668 0 0 464372 6144 0 0
net vnet45 0 0 781442 0 0 0 0 0 0 0 0 0 4253 0 746021 0 0 0 0 0 0 3512 0
net lo 0 0 4234434 0 0 0 0 0 0 0 0 0 33541 0 4234434 0 0 0 0 0 0 33541 0
net vnet44 0 0 248412 0 0 0 0 0 0 0 0 0 1194 0 215962 0 0 0 0 0 0 1264 0
net eno1 0 163120 40341486967 0 0 387 0 0 0 0 0 0 30394355 0 1236529412 0 0 0 0 0 0 5979073 0
net virbr0 0 848 9965180643 0 0 0 0 0 0 0 0 0 39742825 0 38384282115 0 0 0 0 0 0 23529635 0
numa 1 120615226 18781169 10118603 29535 120570903 18825475
numa 0 120063140 10118603 18781169 29710 120061423 10119878
ps - 504229406 433845 583 563 518 7 715
sysv_shm - 0 0
tmpfs /run/lock 0 6
tmpfs /run 2125824 1105
tmpfs /run/user/20029 0 20
tmpfs /run/qemu 0 1
tmpfs /dev/shm 37615726592 105411
vfs - 133930 5264 184220
vm - 4 25326658 440410407 252318 1617408 268169187 312117993 85285154 6618706 223898888 56909 0 0 0 0 0 1811072 0 311878 5997 0 1618108 94 0 3 0 0

1778477832.973507 0 node0.mimesys-workload.ldos-ut-pg0.wisc.cloudlab.us
block sda 641978 211346 50645850 349567 2713099 17785577 880821151 13080371 0 2418372 13718358
block sdb 509 0 7540 473 4 0 0 0 0 600 474
cpu 11 201608 0 57158 2984519 7320 0 5
cpu 10 228162 2 52151 2963998 9488 0 6
cpu 13 196113 0 52763 2994919 6878 0 5
cpu 12 200453 0 51774 2991876 7635 0 2
cpu 15 175204 2 50261 3018480 6777 0 4
cpu 14 168725 0 51678 3024240 6931 0 6
cpu 17 153681 0 49936 3040456 6998 0 2
cpu 16 163697 0 48283 3034071 5962 0 2
cpu 19 135252 0 37595 3072742 6226 0 1
cpu 18 181124 5 36691 3027712 6501 0 2
cpu 1 246876 0 62598 2926978 8676 0 888
cpu 0 270438 45 47829 2893234 10372 0 1161
cpu 3 267089 0 78092 2895629 7928 0 598
cpu 2 262100 0 75185 2901740 9763 0 193
cpu 5 266012 0 79357 2897106 7840 0 456
cpu 4 262876 1 79966 2898251 8314 0 115
cpu 7 208954 0 77018 2956929 6968 0 542
cpu 6 256334 0 77914 2908269 8194 0 329
cpu 9 193625 0 54465 2992886 8016 0 378
cpu 8 194678 0 62076 2985675 6582 0 340
mem 1 99033092 96072288 2960804 374672 1968016 96 0 2107584 1080212 235152 6844 0 0 175984 2048 0 0
mem 0 97636988 55528396 42108592 702860 40214016 208 0 40426164 7934696 494644 28856 0 0 464276 6144 0 0
net vnet45 0 0 786512 0 0 0 0 0 0 0 0 0 4281 0 750761 0 0 0 0 0 0 3534 0
net lo 0 0 4235601 0 0 0 0 0 0 0 0 0 33549 0 4235601 0 0 0 0 0 0 33549 0
net vnet44 0 0 248412 0 0 0 0 0 0 0 0 0 1194 0 216014 0 0 0 0 0 0 1265 0
net eno1 0 163120 40341493238 0 0 387 0 0 0 0 0 0 30394450 0 1236529858 0 0 0 0 0 0 5979077 0
net virbr0 0 848 9965185321 0 0 0 0 0 0 0 0 0 39742853 0 38384286803 0 0 0 0 0 0 23529656 0
numa 1 120620938 18781169 10118603 29535 120576615 18825475
numa 0 120071880 10118603 18781169 29710 120070163 10119878
ps - 504243486 433967 583 563 518 9 715
sysv_shm - 0 0
tmpfs /run/lock 0 6
tmpfs /run 2125824 1105
tmpfs /run/user/20029 0 20
tmpfs /run/qemu 0 1
tmpfs /dev/shm 37615726592 105411
vfs - 133945 5264 184340
vm - 4 25326658 440410575 252318 1617408 268183638 312132378 85285157 6618706 223921407 56909 0 0 0 0 0 1811072 0 311878 5997 0 1618108 94 0 3 0 0

1778477834.005418 0 node0.mimesys-workload.ldos-ut-pg0.wisc.cloudlab.us
block sda 641978 211346 50645850 349567 2713099 17785577 880821151 13080371 0 2418372 13718358
block sdb 509 0 7540 473 4 0 0 0 0 600 474
cpu 11 201688 0 57160 2984542 7320 0 5
cpu 10 228235 2 52152 2964027 9488 0 6
cpu 13 196192 0 52763 2994941 6878 0 5
cpu 12 200536 0 51774 2991896 7635 0 2
cpu 15 175204 2 50262 3018580 6777 0 4
cpu 14 168726 0 51681 3024340 6931 0 6
cpu 17 153688 0 49938 3040550 6998 0 2
cpu 16 163697 0 48285 3034173 5962 0 2
cpu 19 135252 0 37596 3072843 6226 0 1
cpu 18 181124 5 36692 3027813 6501 0 2
cpu 1 246883 0 62600 2927073 8676 0 888
cpu 0 270449 45 47834 2893322 10372 0 1161
cpu 3 267092 0 78097 2895725 7928 0 598
cpu 2 262104 0 75189 2901835 9763 0 193
cpu 5 266015 0 79361 2897202 7840 0 456
cpu 4 262881 1 79971 2898343 8314 0 115
cpu 7 208974 0 77020 2957012 6968 0 542
cpu 6 256342 0 77917 2908361 8194 0 329
cpu 9 193702 0 54469 2992912 8016 0 378
cpu 8 194747 0 62077 2985710 6582 0 340
mem 1 99033092 96067508 2965584 374680 1969388 124 0 2107588 1080148 236572 7044 0 0 175968 2048 0 0
mem 0 97636988 55525404 42111584 702868 40214348 248 0 40426168 7935420 494612 28628 0 0 464380 6144 0 0
net vnet45 0 0 789582 0 0 0 0 0 0 0 0 0 4297 0 754451 0 0 0 0 0 0 3546 0
net lo 0 0 4236768 0 0 0 0 0 0 0 0 0 33557 0 4236768 0 0 0 0 0 0 33557 0
net vnet44 0 0 248412 0 0 0 0 0 0 0 0 0 1194 0 216014 0 0 0 0 0 0 1265 0
net eno1 0 163131 40341499947 0 0 387 0 0 0 0 0 0 30394547 0 1236530304 0 0 0 0 0 0 5979081 0
net virbr0 0 848 9965188167 0 0 0 0 0 0 0 0 0 39742869 0 38384290493 0 0 0 0 0 0 23529668 0
numa 1 120626323 18781169 10118603 29535 120582000 18825475
numa 0 120080668 10118603 18781169 29710 120078951 10119878
ps - 504256814 434088 583 563 518 8 714
sysv_shm - 0 0
tmpfs /run/lock 0 6
tmpfs /run 2125824 1105
tmpfs /run/user/20029 0 20
tmpfs /run/qemu 0 1
tmpfs /dev/shm 37615726592 105411
vfs - 133931 5264 184215
vm - 4 25326658 440410575 252318 1617408 268197811 312146170 85285162 6618706 223943697 56909 0 0 0 0 0 1811072 0 311878 5997 0 1618108 94 0 3 0 0

1778477835.041534 0 node0.mimesys-workload.ldos-ut-pg0.wisc.cloudlab.us
block sda 641978 211346 50645850 349567 2713185 17785577 880821903 13080385 0 2418376 13718371
block sdb 509 0 7540 473 4 0 0 0 0 600 474
cpu 11 201761 0 57161 2984572 7320 0 5
cpu 10 228307 2 52154 2964057 9488 0 6
cpu 13 196270 0 52764 2994968 6878 0 5
cpu 12 200606 0 51776 2991930 7635 0 2
cpu 15 175205 2 50264 3018681 6777 0 4
cpu 14 168726 0 51687 3024438 6931 0 6
cpu 17 153688 0 49940 3040650 6998 0 2
cpu 16 163698 0 48288 3034272 5962 0 2
cpu 19 135253 0 37598 3072944 6226 0 1
cpu 18 181127 5 36694 3027913 6501 0 2
cpu 1 246885 0 62603 2927169 8676 0 888
cpu 0 270452 45 47837 2893418 10372 0 1161
cpu 3 267095 0 78100 2895820 7929 0 598
cpu 2 262107 0 75192 2901931 9763 0 193
cpu 5 266017 0 79365 2897298 7840 0 456
cpu 4 262883 1 79975 2898439 8314 0 115
cpu 7 208979 0 77021 2957106 6968 0 542
cpu 6 256376 0 77921 2908427 8194 0 329
cpu 9 193781 0 54470 2992936 8016 0 378
cpu 8 194816 0 62079 2985744 6582 0 340
mem 1 99033092 96063984 2969108 374680 1968952 12 0 2107588 1080212 236580 6996 0 0 176008 2048 0 0
mem 0 97636988 55546852 42090136 702868 40215348 12 0 40426168 7934696 495620 28776 0 0 464252 6144 0 0
net vnet45 0 0 791450 0 0 0 0 0 0 0 0 0 4307 0 755501 0 0 0 0 0 0 3556 0
net lo 0 0 4237325 0 0 0 0 0 0 0 0 0 33561 0 4237325 0 0 0 0 0 0 33561 0
net vnet44 0 0 248412 0 0 0 0 0 0 0 0 0 1194 0 216066 0 0 0 0 0 0 1266 0
net eno1 0 163140 40341506914 0 0 387 0 0 0 0 0 0 30394633 0 1236530979 0 0 0 0 0 0 5979089 0
net virbr0 0 848 9965189895 0 0 0 0 0 0 0 0 0 39742879 0 38384291491 0 0 0 0 0 0 23529677 0
numa 1 120631376 18781169 10118603 29535 120587053 18825475
numa 0 120089030 10118603 18781169 29710 120087313 10119878
ps - 504270326 434204 583 563 518 6 714
sysv_shm - 0 0
tmpfs /run/lock 0 6
tmpfs /run 2125824 1105
tmpfs /run/user/20029 0 20
tmpfs /run/qemu 0 1
tmpfs /dev/shm 37615726592 105411
vfs - 133929 5264 184213
vm - 4 25326658 440410951 252318 1617408 268211225 312159382 85285166 6618706 223964362 56909 0 0 0 0 0 1811072 0 311878 5997 0 1618108 94 0 3 0 0

1778477836.082975 0 node0.mimesys-workload.ldos-ut-pg0.wisc.cloudlab.us
block sda 641978 211346 50645850 349567 2713187 17785577 880821927 13080386 0 2418380 13718372
block sdb 509 0 7540 473 4 0 0 0 0 600 474
cpu 11 201832 0 57163 2984604 7320 0 5
cpu 10 228393 2 52155 2964077 9488 0 6
cpu 13 196350 0 52766 2994992 6878 0 5
cpu 12 200690 0 51776 2991951 7635 0 2
cpu 15 175205 2 50266 3018782 6777 0 4
cpu 14 168734 0 51690 3024530 6931 0 6
cpu 17 153689 0 49942 3040752 6998 0 2
cpu 16 163699 0 48290 3034373 5962 0 2
cpu 19 135254 0 37600 3073045 6226 0 1
cpu 18 181132 5 36694 3028011 6501 0 2
cpu 1 246890 0 62606 2927264 8676 0 888
cpu 0 270470 45 47842 2893497 10372 0 1161
cpu 3 267106 0 78104 2895907 7929 0 598
cpu 2 262115 0 75195 2902024 9763 0 193
cpu 5 266021 0 79369 2897393 7840 0 456
cpu 4 262889 1 79977 2898532 8314 0 115
cpu 7 208982 0 77023 2957202 6968 0 542
cpu 6 256398 0 77925 2908504 8194 0 329
cpu 9 193862 0 54473 2992959 8016 0 378
cpu 8 194904 0 62080 2985766 6582 0 340
mem 1 99033092 96056968 2976124 374700 1970244 96 0 2107592 1079952 237588 6892 0 0 176024 2048 0 0
mem 0 97636988 55541560 42095428 702836 40218628 156 0 40426168 7935412 498784 28468 0 0 464204 6144 0 0
net vnet45 0 0 794586 0 0 0 0 0 0 0 0 0 4324 0 759191 0 0 0 0 0 0 3568 0
net lo 0 0 4239048 0 0 0 0 0 0 0 0 0 33575 0 4239048 0 0 0 0 0 0 33575 0
net vnet44 0 0 248412 0 0 0 0 0 0 0 0 0 1194 0 216066 0 0 0 0 0 0 1266 0
net eno1 0 163140 40341515143 0 0 387 0 0 0 0 0 0 30394735 0 1236580151 0 0 0 0 0 0 5979135 0
net virbr0 0 848 9965192793 0 0 0 0 0 0 0 0 0 39742896 0 38384295181 0 0 0 0 0 0 23529689 0
numa 1 120637118 18781169 10118603 29535 120592795 18825475
numa 0 120098731 10118603 18781169 29710 120097014 10119878
ps - 504285207 434326 592 565 519 6 714
sysv_shm - 0 0
tmpfs /run/lock 0 6
tmpfs /run 2125824 1105
tmpfs /run/user/20029 0 20
tmpfs /run/qemu 0 1
tmpfs /dev/shm 37615726592 105411
vfs - 133947 5264 184343
vm - 4 25326658 440410963 252318 1617408 268226668 312173722 85285170 6618706 223988017 56909 0 0 0 0 0 1811072 0 311878 5997 0 1618108 94 0 3 0 0

1778477837.121435 0 node0.mimesys-workload.ldos-ut-pg0.wisc.cloudlab.us
block sda 641978 211346 50645850 349567 2713198 17785619 880822399 13080388 0 2418392 13718374
block sdb 509 0 7540 473 4 0 0 0 0 600 474
cpu 11 201912 0 57164 2984627 7320 0 5
cpu 10 228466 2 52157 2964106 9488 0 6
cpu 13 196427 0 52768 2995020 6878 0 5
cpu 12 200770 0 51778 2991971 7635 0 2
cpu 15 175206 2 50267 3018883 6777 0 4
cpu 14 168736 0 51694 3024628 6931 0 6
cpu 17 153689 0 49944 3040854 6998 0 2
cpu 16 163699 0 48292 3034474 5962 0 2
cpu 19 135256 0 37601 3073147 6226 0 1
cpu 18 181136 5 36695 3028110 6501 0 2
cpu 1 246900 0 62608 2927353 8676 0 888
cpu 0 270480 45 47845 2893586 10372 0 1161
cpu 3 267109 0 78106 2896003 7929 0 598
cpu 2 262118 0 75199 2902118 9763 0 193
cpu 5 266024 0 79374 2897488 7840 0 456
cpu 4 262908 1 79980 2898613 8314 0 115
cpu 7 209009 0 77026 2957274 6968 0 542
cpu 6 256402 0 77931 2908599 8194 0 329
cpu 9 193934 0 54474 2992993 8016 0 378
cpu 8 194977 0 62082 2985794 6582 0 340
mem 1 99033092 96053944 2979148 374716 1969092 176 0 2107584 1080716 236360 6952 0 0 176016 2048 0 0
mem 0 97636988 55523584 42113404 702868 40227492 232 0 40426196 7934856 507724 28940 0 0 464268 6144 0 0
net vnet45 0 0 796520 0 0 0 0 0 0 0 0 0 4335 0 760241 0 0 0 0 0 0 3578 0
net lo 0 0 4239605 0 0 0 0 0 0 0 0 0 33579 0 4239605 0 0 0 0 0 0 33579 0
net vnet44 0 0 248412 0 0 0 0 0 0 0 0 0 1194 0 216118 0 0 0 0 0 0 1267 0
net eno1 0 163151 40341525687 0 0 387 0 0 0 0 0 0 30394885 0 1238216961 0 0 0 0 0 0 5980225 0
net virbr0 0 848 9965194573 0 0 0 0 0 0 0 0 0 39742907 0 38384296179 0 0 0 0 0 0 23529698 0
numa 1 120642709 18781169 10118603 29535 120598386 18825475
numa 0 120111258 10118603 18781169 29710 120109541 10119878
ps - 504300395 434464 592 565 519 6 717
sysv_shm - 0 0
tmpfs /run/lock 0 6
tmpfs /run 2125824 1105
tmpfs /run/user/20029 0 20
tmpfs /run/qemu 0 1
tmpfs /dev/shm 37615726592 105411
vfs - 133938 5304 184221
vm - 4 25326658 440411199 252318 1617408 268244786 312190009 85285177 6618706 224014501 56909 0 0 0 0 0 1811072 0 311878 5997 0 1618108 94 0 3 0 0

1778477838.151078 0 node0.mimesys-workload.ldos-ut-pg0.wisc.cloudlab.us
block sda 641978 211346 50645850 349567 2713222 17785619 880822655 13080397 0 2418400 13718384
block sdb 509 0 7540 473 4 0 0 0 0 600 474
cpu 11 201997 0 57166 2984644 7320 0 5
cpu 10 228543 2 52158 2964131 9488 0 6
cpu 13 196508 0 52770 2995045 6878 0 5
cpu 12 200850 0 51780 2991995 7635 0 2
cpu 15 175207 2 50269 3018983 6777 0 4
cpu 14 168737 0 51699 3024724 6931 0 6
cpu 17 153690 0 49946 3040954 6998 0 2
cpu 16 163704 0 48294 3034570 5962 0 2
cpu 19 135256 0 37602 3073247 6226 0 1
cpu 18 181137 5 36697 3028210 6501 0 2
cpu 1 246912 0 62610 2927440 8676 0 888
cpu 0 270495 45 47848 2893671 10372 0 1161
cpu 3 267112 0 78113 2896096 7929 0 598
cpu 2 262129 0 75203 2902207 9763 0 193
cpu 5 266029 0 79379 2897580 7840 0 456
cpu 4 262912 1 79982 2898709 8314 0 115
cpu 7 209018 0 77028 2957362 6968 0 542
cpu 6 256406 0 77934 2908695 8194 0 329
cpu 9 194017 0 54475 2993015 8016 0 378
cpu 8 195059 0 62085 2985815 6582 0 340
mem 1 99033092 96051180 2981912 374728 1969644 116 0 2107584 1080592 236832 7116 0 0 176032 2048 0 0
mem 0 97636988 55518040 42118948 702856 40227020 188 0 40426204 7934960 507196 28800 0 0 464196 6144 0 0
net vnet45 0 0 801524 0 0 0 0 0 0 0 0 0 4362 0 764929 0 0 0 0 0 0 3599 0
net lo 0 0 4240772 0 0 0 0 0 0 0 0 0 33587 0 4240772 0 0 0 0 0 0 33587 0
net vnet44 0 0 248412 0 0 0 0 0 0 0 0 0 1194 0 216118 0 0 0 0 0 0 1267 0
net eno1 0 163151 40341532978 0 0 387 0 0 0 0 0 0 30394997 0 1238217407 0 0 0 0 0 0 5980229 0
net virbr0 0 848 9965199199 0 0 0 0 0 0 0 0 0 39742934 0 38384300867 0 0 0 0 0 0 23529719 0
numa 1 120649216 18781169 10118603 29535 120604893 18825475
numa 0 120119722 10118603 18781169 29710 120118005 10119878
ps - 504313898 434590 592 565 519 5 717
sysv_shm - 0 0
tmpfs /run/lock 0 6
tmpfs /run 2125824 1105
tmpfs /run/user/20029 0 20
tmpfs /run/qemu 0 1
tmpfs /dev/shm 37615726592 105411
vfs - 133940 5304 184285
vm - 4 25326658 440411327 252318 1617408 268259757 312205012 85285179 6618706 224037745 56909 0 0 0 0 0 1811072 0 311878 5997 0 1618108 94 0 3 0 0

1778477839.180140 0 node0.mimesys-workload.ldos-ut-pg0.wisc.cloudlab.us
block sda 641986 211350 50646063 349573 2713566 17785723 880827399 13080426 0 2418436 13718419
block sdb 509 0 7540 473 4 0 0 0 0 600 474
cpu 11 202077 0 57166 2984670 7320 0 5
cpu 10 228619 2 52160 2964156 9488 0 6
cpu 13 196574 0 52774 2995077 6878 0 5
cpu 12 200922 0 51785 2992019 7636 0 2
cpu 15 175208 2 50272 3019081 6777 0 4
cpu 14 168738 0 51703 3024820 6931 0 6
cpu 17 153690 0 49948 3041053 6998 0 2
cpu 16 163705 0 48296 3034669 5962 0 2
cpu 19 135258 0 37604 3073347 6226 0 1
cpu 18 181138 5 36700 3028310 6501 0 2
cpu 1 246915 0 62614 2927535 8676 0 889
cpu 0 270498 45 47851 2893765 10372 0 1161
cpu 3 267134 0 78116 2896174 7929 0 598
cpu 2 262133 0 75205 2902302 9763 0 193
cpu 5 266040 0 79380 2897668 7840 0 456
cpu 4 262916 1 79984 2898805 8314 0 115
cpu 7 209030 0 77031 2957451 6968 0 542
cpu 6 256410 0 77937 2908790 8194 0 329
cpu 9 194087 0 54478 2993048 8016 0 378
cpu 8 195136 0 62086 2985840 6582 0 340
mem 1 99033092 96048920 2984172 374712 1969332 128 0 2107588 1080564 236564 6892 0 0 176264 2048 0 0
mem 0 97636988 55514016 42122972 702876 40227352 216 0 40426208 7934696 507612 29080 0 0 464200 6144 0 0
net vnet45 0 0 801524 0 0 0 0 0 0 0 0 0 4362 0 764981 0 0 0 0 0 0 3600 0
net lo 0 0 4241939 0 0 0 0 0 0 0 0 0 33595 0 4241939 0 0 0 0 0 0 33595 0
net vnet44 0 0 248412 0 0 0 0 0 0 0 0 0 1194 0 216170 0 0 0 0 0 0 1268 0
net eno1 0 163162 40341539669 0 0 387 0 0 0 0 0 0 30395099 0 1238217853 0 0 0 0 0 0 5980233 0
net virbr0 0 848 9965199199 0 0 0 0 0 0 0 0 0 39742934 0 38384300867 0 0 0 0 0 0 23529719 0
numa 1 120658519 18781169 10118603 29535 120614196 18825475
numa 0 120124734 10118603 18781169 29710 120123017 10119878
ps - 504330294 434712 592 565 519 9 712
sysv_shm - 0 0
tmpfs /run/lock 0 6
tmpfs /run 2125824 1105
tmpfs /run/user/20029 0 20
tmpfs /run/qemu 0 1
tmpfs /dev/shm 37615726592 105411
vfs - 133956 5264 184339
vm - 4 25326764 440413699 252318 1617408 268274080 312219191 85285188 6618706 224059928 56909 0 0 0 0 0 1811072 0 311878 5997 0 1618108 94 0 3 0 0

1778477840.216855 0 node0.mimesys-workload.ldos-ut-pg0.wisc.cloudlab.us
block sda 641986 211350 50646063 349573 2713654 17785723 880828159 13080448 0 2418448 13718442
block sdb 509 0 7540 473 4 0 0 0 0 600 474
cpu 11 202155 0 57168 2984695 7320 0 5
cpu 10 228703 2 52162 2964178 9488 0 6
cpu 13 196657 0 52776 2995098 6878 0 5
cpu 12 201005 0 51788 2992040 7636 0 2
cpu 15 175209 2 50274 3019182 6777 0 4
cpu 14 168740 0 51705 3024920 6931 0 6
cpu 17 153691 0 49950 3041154 6998 0 2
cpu 16 163707 0 48298 3034770 5962 0 2
cpu 19 135260 0 37605 3073448 6226 0 1
cpu 18 181142 5 36702 3028406 6501 0 2
cpu 1 246920 0 62616 2927631 8676 0 890
cpu 0 270502 45 47854 2893861 10372 0 1161
cpu 3 267140 0 78119 2896269 7929 0 598
cpu 2 262138 0 75208 2902395 9763 0 193
cpu 5 266075 0 79382 2897733 7840 0 456
cpu 4 262919 1 79987 2898901 8314 0 115
cpu 7 209034 0 77033 2957547 6968 0 542
cpu 6 256412 0 77941 2908887 8194 0 329
cpu 9 194166 0 54480 2993074 8016 0 378
cpu 8 195220 0 62088 2985864 6582 0 340
mem 1 99033092 96060948 2972144 374744 1969848 4 0 2107588 1080420 237464 7280 0 0 176072 2048 0 0
mem 0 97636988 55508984 42128004 702840 40227056 20 0 40426212 7934884 507280 28792 0 0 464216 6144 0 0
net vnet45 0 0 806594 0 0 0 0 0 0 0 0 0 4390 0 769669 0 0 0 0 0 0 3621 0
net lo 0 0 4242496 0 0 0 0 0 0 0 0 0 33599 0 4242496 0 0 0 0 0 0 33599 0
net vnet44 0 0 248412 0 0 0 0 0 0 0 0 0 1194 0 216170 0 0 0 0 0 0 1268 0
net eno1 0 163162 40341548364 0 0 387 0 0 0 0 0 0 30395200 0 1238218594 0 0 0 0 0 0 5980242 0
net virbr0 0 848 9965203877 0 0 0 0 0 0 0 0 0 39742962 0 38384305555 0 0 0 0 0 0 23529740 0
numa 1 120666307 18781169 10118603 29535 120621984 18825475
numa 0 120129970 10118603 18781169 29710 120128253 10119878
ps - 504344031 434828 592 565 519 4 712
sysv_shm - 0 0
tmpfs /run/lock 0 6
tmpfs /run 2125824 1105
tmpfs /run/user/20029 0 20
tmpfs /run/qemu 0 1
tmpfs /dev/shm 37615726592 105411
vfs - 133940 5264 184218
vm - 4 25326764 440414079 252318 1617408 268287096 312232216 85285196 6618706 224080200 56909 0 0 0 0 0 1811072 0 311878 5997 0 1618108 94 0 3 0 0

1778477841.255561 0 node0.mimesys-workload.ldos-ut-pg0.wisc.cloudlab.us
block sda 641986 211350 50646063 349573 2713656 17785723 880828183 13080449 0 2418452 13718443
block sdb 509 0 7540 473 4 0 0 0 0 600 474
cpu 11 202234 0 57171 2984720 7320 0 5
cpu 10 228782 2 52164 2964201 9488 0 6
cpu 13 196736 0 52777 2995123 6878 0 5
cpu 12 201088 0 51790 2992058 7636 0 2
cpu 15 175210 2 50276 3019282 6777 0 4
cpu 14 168743 0 51707 3025018 6931 0 6
cpu 17 153692 0 49951 3041255 6998 0 2
cpu 16 163712 0 48302 3034865 5962 0 2
cpu 19 135261 0 37606 3073549 6226 0 1
cpu 18 181145 5 36704 3028504 6501 0 2
cpu 1 246948 0 62620 2927702 8676 0 890
cpu 0 270509 45 47858 2893954 10372 0 1161
cpu 3 267145 0 78124 2896363 7929 0 598
cpu 2 262148 0 75211 2902487 9763 0 193
cpu 5 266082 0 79384 2897827 7840 0 456
cpu 4 262926 1 79992 2898994 8314 0 115
cpu 7 209045 0 77038 2957636 6968 0 542
cpu 6 256443 0 77944 2908957 8194 0 329
cpu 9 194245 0 54480 2993100 8016 0 378
cpu 8 195301 0 62090 2985890 6582 0 340
mem 1 99033092 96070208 2962884 374716 1969960 76 0 2107592 1080528 237076 6824 0 0 176120 2048 0 0
mem 0 97636988 55495704 42141284 702872 40240664 176 0 40426212 7935964 520892 28916 0 0 464188 6144 0 0
net vnet45 0 0 809730 0 0 0 0 0 0 0 0 0 4407 0 773411 0 0 0 0 0 0 3634 0
net lo 0 0 4243663 0 0 0 0 0 0 0 0 0 33607 0 4243663 0 0 0 0 0 0 33607 0
net vnet44 0 0 248412 0 0 0 0 0 0 0 0 0 1194 0 216222 0 0 0 0 0 0 1269 0
net eno1 0 163171 40341563239 0 0 387 0 0 0 0 0 0 30395415 0 1241522108 0 0 0 0 0 0 5982437 0
net virbr0 0 848 9965206775 0 0 0 0 0 0 0 0 0 39742979 0 38384309245 0 0 0 0 0 0 23529752 0
numa 1 120673454 18781169 10118603 29535 120629131 18825475
numa 0 120142954 10118603 18781169 29710 120141237 10119878
ps - 504359836 434949 601 567 520 7 712
sysv_shm - 0 0
tmpfs /run/lock 0 6
tmpfs /run 2125824 1105
tmpfs /run/user/20029 0 20
tmpfs /run/qemu 0 1
tmpfs /dev/shm 37615726592 105411
vfs - 133942 5264 184220
vm - 4 25326764 440414091 252318 1617408 268307227 312248924 85285201 6618706 224108637 56909 0 0 0 0 0 1811072 0 311878 5997 0 1618108 94 0 3 0 0

1778477842.289883 0 node0.mimesys-workload.ldos-ut-pg0.wisc.cloudlab.us
block sda 641986 211350 50646063 349573 2713664 17785757 880828519 13080451 0 2418456 13718445
block sdb 509 0 7540 473 4 0 0 0 0 600 474
cpu 11 202301 0 57174 2984756 7320 0 5
cpu 10 228862 2 52166 2964225 9488 0 6
cpu 13 196810 0 52780 2995152 6878 0 5
cpu 12 201164 0 51793 2992085 7636 0 2
cpu 15 175212 2 50278 3019383 6777 0 4
cpu 14 168746 0 51711 3025114 6931 0 6
cpu 17 153693 0 49952 3041355 6998 0 2
cpu 16 163714 0 48304 3034965 5962 0 2
cpu 19 135262 0 37608 3073650 6226 0 1
cpu 18 181146 5 36706 3028604 6501 0 2
cpu 1 246956 0 62622 2927796 8676 0 890
cpu 0 270512 45 47859 2894051 10372 0 1161
cpu 3 267160 0 78127 2896449 7929 0 598
cpu 2 262151 0 75213 2902586 9763 0 193
cpu 5 266085 0 79386 2897923 7840 0 456
cpu 4 262939 1 79994 2899081 8314 0 115
cpu 7 209048 0 77040 2957733 6968 0 542
cpu 6 256446 0 77946 2909055 8194 0 329
cpu 9 194317 0 54482 2993129 8016 0 378
cpu 8 195379 0 62091 2985915 6582 0 340
mem 1 99033092 96082992 2950100 374736 1970292 156 0 2107608 1080556 237604 7288 0 0 176088 2048 0 0
mem 0 97636988 55492428 42144560 702856 40238188 240 0 40426216 7934816 518344 28908 0 0 464200 6144 0 0
net vnet45 0 0 811664 0 0 0 0 0 0 0 0 0 4418 0 774409 0 0 0 0 0 0 3643 0
net lo 0 0 4244220 0 0 0 0 0 0 0 0 0 33611 0 4244220 0 0 0 0 0 0 33611 0
net vnet44 0 0 248412 0 0 0 0 0 0 0 0 0 1194 0 216222 0 0 0 0 0 0 1269 0
net eno1 0 163171 40341568636 0 0 387 0 0 0 0 0 0 30395497 0 1241522453 0 0 0 0 0 0 5982440 0
net virbr0 0 848 9965208555 0 0 0 0 0 0 0 0 0 39742990 0 38384310243 0 0 0 0 0 0 23529761 0
numa 1 120681765 18781169 10118603 29535 120637442 18825475
numa 0 120147284 10118603 18781169 29710 120145567 10119878
ps - 504372800 435065 601 567 520 5 712
sysv_shm - 0 0
tmpfs /run/lock 0 6
tmpfs /run 2125824 1105
tmpfs /run/user/20029 0 20
tmpfs /run/qemu 0 1
tmpfs /dev/shm 37615726592 105411
vfs - 133956 5264 184346
vm - 4 25326764 440414259 252318 1617408 268319868 312262220 85285206 6618706 224128477 56909 0 0 0 0 0 1811072 0 311878 5997 0 1618108 94 0 3 0 0

1778477843.322712 0 node0.mimesys-workload.ldos-ut-pg0.wisc.cloudlab.us
block sda 641992 211350 50646167 349574 2713702 17785760 880829183 13080471 0 2418484 13718467
block sdb 509 0 7540 473 4 0 0 0 0 600 474
cpu 11 202350 0 57175 2984809 7320 0 5
cpu 10 228900 2 52170 2964286 9488 0 6
cpu 13 196850 0 52781 2995212 6878 0 5
cpu 12 201208 0 51795 2992143 7636 0 2
cpu 15 175213 2 50280 3019483 6777 0 4
cpu 14 168746 0 51714 3025213 6931 0 6
cpu 17 153693 0 49955 3041455 6998 0 2
cpu 16 163718 0 48305 3035061 5962 0 2
cpu 19 135263 0 37609 3073751 6226 0 1
cpu 18 181147 5 36707 3028705 6501 0 2
cpu 1 246964 0 62624 2927886 8676 0 891
cpu 0 270530 45 47862 2894131 10372 0 1161
cpu 3 267170 0 78130 2896539 7929 0 598
cpu 2 262158 0 75216 2902678 9763 0 193
cpu 5 266094 0 79389 2898015 7840 0 456
cpu 4 262948 1 79999 2899171 8314 0 115
cpu 7 209053 0 77044 2957826 6968 0 542
cpu 6 256454 0 77950 2909147 8194 0 329
cpu 9 194362 0 54486 2993181 8016 0 378
cpu 8 195418 0 62095 2985974 6582 0 340
mem 1 99033092 96093544 2939548 374728 1964276 92 0 2107608 1080576 231520 7016 0 0 176136 2048 0 0
mem 0 97636988 55514372 42122616 702884 40226868 216 0 40426216 7935036 507032 28884 0 0 464184 6144 0 0
net vnet45 0 0 816624 0 0 0 0 0 0 0 0 0 4445 0 779149 0 0 0 0 0 0 3665 0
net lo 0 0 4246607 0 0 0 0 0 0 0 0 0 33627 0 4246607 0 0 0 0 0 0 33627 0
net vnet44 0 0 248412 0 0 0 0 0 0 0 0 0 1194 0 216274 0 0 0 0 0 0 1270 0
net eno1 0 163182 40341579028 0 0 387 0 0 0 0 0 0 30395594 0 1241523299 0 0 0 0 0 0 5982449 0
net virbr0 0 848 9965213137 0 0 0 0 0 0 0 0 0 39743017 0 38384314931 0 0 0 0 0 0 23529782 0
numa 1 120687616 18781169 10118603 29535 120643293 18825475
numa 0 120157185 10118603 18781169 29710 120155468 10119878
ps - 504387836 435189 601 567 520 4 711
sysv_shm - 0 0
tmpfs /run/lock 0 6
tmpfs /run 2125824 1105
tmpfs /run/user/20029 0 20
tmpfs /run/qemu 0 1
tmpfs /dev/shm 37615726592 105411
vfs - 133946 5304 184233
vm - 4 25326816 440414591 252318 1617408 268335627 312282160 85285212 6618706 224152766 56910 0 0 0 0 0 1811072 0 311878 5997 0 1618108 94 0 3 0 0
