$hpcperfstats 2.4
$hostname node12.dhkim-278716.ldos-ut-pg0.wisc.cloudlab.us
$uname Linux x86_64 5.15.0-160-generic #170-Ubuntu SMP Wed Oct 1 10:06:56 UTC 2025
$uptime 287163
!block rd_ios,E rd_merges,E rd_sectors,E,U=512B rd_ticks,E,U=ms wr_ios,E wr_merges,E wr_sectors,E,U=512B wr_ticks,E,U=ms in_flight io_ticks,E,U=ms time_in_queue,E,U=ms
!cpu user,E,U=cs nice,E,U=cs system,E,U=cs idle,E,U=cs iowait,E,U=cs irq,E,U=cs softirq,E,U=cs
!ib excessive_buffer_overrun_errors,E,W=32 link_downed,E,W=32 link_error_recovery,E,W=32 local_link_integrity_errors,E,W=32 port_rcv_constraint_errors,E,W=32 port_rcv_data,E,U=4B,W=32 port_rcv_errors,E,W=32 port_rcv_packets,E,W=32 port_rcv_remote_physical_errors,E,W=32 port_rcv_switch_relay_errors,E,W=32 port_xmit_constraint_errors,E,W=32 port_xmit_data,E,U=4B,W=32 port_xmit_discards,E,W=32 port_xmit_packets,E,W=32 port_xmit_wait,E,U=ms,W=32 symbol_error,E,W=32 VL15_dropped,E,W=32
!ib_ext port_select,C counter_select,C port_xmit_data,E,U=4B port_rcv_data,E,U=4B port_xmit_pkts,E port_rcv_pkts,E port_unicast_xmit_pkts,E port_unicast_rcv_pkts,E port_multicast_xmit_pkts,E port_multicast_rcv_pkts,E
!ib_sw rx_bytes,E,U=4B rx_packets,E tx_bytes,E,U=4B tx_packets,E
!intel_hsw_cbo CTL0,C CTL1,C CTL2,C CTL3,C CTR0,E,W=48 CTR1,E,W=48 CTR2,E,W=48 CTR3,E,W=48
!intel_hsw_hau CTL0,C CTL1,C CTL2,C CTL3,C CTR0,E,W=48 CTR1,E,W=48 CTR2,E,W=48 CTR3,E,W=48
!intel_hsw_imc CTL0,C CTL1,C CTL2,C CTL3,C CTR0,E,W=48 CTR1,E,W=48 CTR2,E,W=48 CTR3,E,W=48 FIXED_CTR,E,W=48
!intel_hsw_qpi CTL0,C CTL1,C CTL2,C CTL3,C CTR0,E,U=flt,W=48 CTR1,E,U=flt,W=48 CTR2,E,U=flt,W=48 CTR3,E,U=flt,W=48
!intel_hsw_r2pci CTL0,C CTL1,C CTL2,C CTL3,C CTR0,E,W=44 CTR1,E,W=44 CTR2,E,W=44 CTR3,E,W=44
!mem MemTotal,U=KB MemFree,U=KB MemUsed,U=KB Active,U=KB Inactive,U=KB Dirty,U=KB Writeback,U=KB FilePages,U=KB Mapped,U=KB AnonPages,U=KB PageTables,U=KB NFS_Unstable,U=KB Bounce,U=KB Slab,U=KB AnonHugePages,U=KB HugePages_Total HugePages_Free
!net collisions,E multicast,E rx_bytes,E,U=B rx_compressed,E rx_crc_errors,E rx_dropped,E rx_errors,E rx_fifo_errors,E rx_frame_errors,E rx_length_errors,E rx_missed_errors,E rx_over_errors,E rx_packets,E tx_aborted_errors,E tx_bytes,E,U=B tx_carrier_errors,E tx_compressed,E tx_dropped,E tx_errors,E tx_fifo_errors,E tx_heartbeat_errors,E tx_packets,E tx_window_errors,E
!numa numa_hit,E numa_miss,E numa_foreign,E interleave_hit,E local_node,E other_node,E
!ps ctxt,E processes,E load_1 load_5 load_15 nr_running nr_threads
!sysv_shm mem_used,U=B segs_used
!tmpfs bytes_used,U=B files_used
!vfs dentry_use file_use inode_use
!vm nr_anon_transparent_hugepages pgpgin,E,U=KB pgpgout,E,U=KB pswpin,E pswpout,E pgalloc_normal,E pgfree,E pgactivate,E pgdeactivate,E pgfault,E pgmajfault,E pgrefill_normal,E pgsteal_normal,E pgscan_kswapd_normal,E pgscan_direct_normal,E pginodesteal,E slabs_scanned,E kswapd_steal,E kswapd_inodesteal,E pageoutrun,E allocstall,E pgrotated,E thp_fault_alloc,E thp_fault_fallback,E thp_collapse_alloc,E thp_collapse_alloc_failed,E thp_split,E

1764551973.368903 0 node12.dhkim-278716.ldos-ut-pg0.wisc.cloudlab.us
%begin -
block sda 524250 408648 62970035 9467129 5564029 14809902 2627405705 239104098 2 17221800 252707252
block sdb 2615 0 7504 3511 4 0 0 0 0 4252 3512
block sdc 995 0 7996 261 4 0 0 0 0 960 262
cpu 11 3368327 2 178607 24854467 167067 0 2092
cpu 10 3504856 13 159744 24803401 111375 0 1083
cpu 13 3207913 0 136412 25166777 55936 0 309
cpu 12 3270896 2 152650 25045656 100765 0 812
cpu 15 2954803 0 143910 25388154 74320 0 589
cpu 14 2918881 1 135015 25456506 51921 0 262
cpu 17 3048714 10 140264 25305311 67799 0 404
cpu 16 3007043 0 161332 25243988 145354 0 1478
cpu 19 3028903 0 165526 25239607 122892 0 1146
cpu 18 3155548 2 143312 25211611 52576 0 369
cpu 1 3381118 12 187283 25007750 62921 0 3068
cpu 0 3351113 2 170402 24980838 64735 0 979
cpu 3 3137170 2 189223 25262948 62703 0 1824
cpu 2 3040978 1 208129 25315134 84625 0 1234
cpu 5 2930244 0 152719 25476950 91448 0 3091
cpu 4 2847438 1 178245 25446370 171028 0 7319
cpu 7 3463447 0 150323 24995464 49230 0 886
cpu 6 3234407 1 140004 25219945 61622 0 2404
cpu 9 3013569 2 129836 25461850 52099 0 487
cpu 8 3149196 81 138762 25279335 53617 0 9431
intel_hsw_cbo 1/7 20971793 20972340 20975390 20972852 17217069165176 758122740825 2564167894755 460028050417
intel_hsw_cbo 1/6 20971793 20972340 20975390 20972852 16502749676934 759514757705 2418428193878 460346097924
intel_hsw_cbo 1/0 20971793 20972340 20975390 20972852 15918403122907 757846214215 2233204126566 460177955236
intel_hsw_cbo 1/4 20971793 20972340 20975390 20972852 16235983167572 760487862618 2042026226429 460134533584
intel_hsw_cbo 1/3 20971793 20972340 20975390 20972852 18867387036055 758629954369 2840250581254 460206774236
intel_hsw_cbo 1/1 20971793 20972340 20975390 20972852 16107521273653 759515546779 2352085575974 460126092120
intel_hsw_cbo 0/8 20971793 20972340 20975390 20972852 15139306476053 702918406428 2130534679657 427810202059
intel_hsw_cbo 0/9 20971793 20972340 20975390 20972852 16780972184215 701603360711 2727955898585 427871142920
intel_hsw_cbo 0/6 20971793 20972340 20975390 20972852 16692999740554 757140971934 2244323441600 463198073560
intel_hsw_cbo 0/7 20971793 20972340 20975390 20972852 18078068759039 756991878991 2428380926215 463072210320
intel_hsw_cbo 0/4 20971793 20972340 20975390 20972852 16450931732774 758459468981 2059372088084 463237183784
intel_hsw_cbo 0/5 20971793 20972340 20975390 20972852 20095321320302 754178283162 2449884801114 463392799448
intel_hsw_cbo 0/2 20971793 20972340 20975390 20972852 16000369392472 756378085915 2012716530950 462986252776
intel_hsw_cbo 0/3 20971793 20972340 20975390 20972852 20777109932656 756225822630 2748231734674 463091407177
intel_hsw_cbo 0/0 20971793 20972340 20975390 20972852 16399732071183 756450829156 2245385815151 463533602631
intel_hsw_cbo 0/1 20971793 20972340 20975390 20972852 16810332890423 757413114928 2199306565128 463276636268
intel_hsw_cbo 1/9 20971793 20972340 20975390 20972852 16472341918716 703722196904 2889769053252 425345731627
intel_hsw_cbo 1/5 20971793 20972340 20975390 20972852 18242595387592 756262795223 2550757507306 460577348021
intel_hsw_cbo 1/8 20971793 20972340 20975390 20972852 14880545048357 704769854247 2293262672135 425382060509
intel_hsw_cbo 1/2 20971793 20972340 20975390 20972852 15599023886307 758233492290 1979068444024 460281574356
intel_hsw_hau ff/12.5 20972289 20974593 20971520 20975386 6177690926311 1750869563454 107653455071275 1754837404374
intel_hsw_hau 7f/12.1 20972289 20974593 20971520 20975386 5039943104574 1613129487011 101193577460990 1618167674074
intel_hsw_hau ff/12.1 20972289 20974593 20971520 20975386 7037605928759 2232961307338 107653455123784 2239396331198
intel_hsw_hau 7f/12.5 20972289 20974593 20971520 20975386 4725250135139 1484821219952 101193578496645 1488306164812
intel_hsw_imc ff/14.1 20972292 20974596 20974337 20971778 3074831061825 880266001367 3147606468497 1747075065235 0
intel_hsw_imc ff/14.0 20972292 20974596 20974337 20971778 3942858728840 1367591759583 3488858609063 1517160880610 0
intel_hsw_imc 7f/17.1 20972292 20974596 20974337 20971778 2355885128495 746738323076 2478907699016 1336888153055 0
intel_hsw_imc 7f/17.0 20972292 20974596 20974337 20971778 2354382058118 746674471755 2478120807321 1344449815588 0
intel_hsw_imc 7f/14.0 20972292 20974596 20974337 20971778 2669859285915 878983955179 2571168679062 1081284688686 0
intel_hsw_imc 7f/14.1 20972292 20974596 20974337 20971778 2351431297112 746639931938 2461359611351 1325641289446 0
intel_hsw_imc ff/17.0 20972292 20974596 20974337 20971778 3077564737749 880383173041 3171803439119 1772640753865 0
intel_hsw_imc ff/17.1 20972292 20974596 20974337 20971778 3078622309327 880282877991 3170387618322 1759713300320 0
intel_hsw_qpi ff/08.2 6291712 6292480 6293506 6292483 3872823885785 2717924428434 10674149497696 0
intel_hsw_qpi 7f/08.2 6291712 6292480 6293506 6292483 2714993722898 3876206508208 13752570010606 0
intel_hsw_qpi 7f/09.2 6291712 6292480 6293506 6292483 2715666514100 3875994066769 12566789633968 0
intel_hsw_qpi ff/09.2 6291712 6292480 6293506 6292483 3872846639947 2717418726609 11696563866200 0
intel_hsw_r2pci 7f/10.1 20972580 20975369 20975367 20975368 4725834928 25001540365249 26991651843839 31606152442670
intel_hsw_r2pci ff/10.1 20972580 20975369 20975367 20975368 47216160 23526872279270 26279641134470 29858285776481
mem 1 82566752 31509524 51057228 11372108 38959832 4 0 50248952 12976104 83100 37444 0 0 433032 0 0 0
mem 0 82341048 14083064 68257984 16527164 49777912 16 0 65846184 33596196 462156 106512 0 0 615364 24576 0 0
net vnet23 0 0 8311157 0 0 0 0 0 0 0 0 0 65730 0 496079097 0 0 0 0 0 0 91515 0
net enp6s0f0 0 0 0 0 0 0 0 0 0 0 0 0 0 0 6606 0 0 0 0 0 0 93 0
net vnet47 0 0 111260 0 0 0 0 0 0 0 0 0 458 0 53472 0 0 0 0 0 0 483 0
net vnet20 0 0 11513340 0 0 0 0 0 0 0 0 0 81587 0 1150526903 0 0 0 0 0 0 135945 0
net enp1s0f0 0 1333116 78054076966 0 0 0 0 371 0 0 371 0 81232304 0 1598856280 0 0 0 0 0 0 9067389 0
net lo 0 0 60771344 0 0 0 0 0 0 0 0 0 483504 0 60771344 0 0 0 0 0 0 483504 0
net vnet24 0 0 583459 0 0 0 0 0 0 0 0 0 7108 0 80667985 0 0 0 0 0 0 19770 0
net vnet38 0 0 438643 0 0 0 0 0 0 0 0 0 4173 0 64702158 0 0 0 0 0 0 8634 0
net vnet21 0 0 11160888 0 0 0 0 0 0 0 0 0 77662 0 1150519286 0 0 0 0 0 0 132819 0
net virbr0 0 1356 376599303 0 0 0 0 0 0 0 0 0 5004731 0 70467643855 0 0 0 0 0 0 7229264 0
numa 1 2585802084 18927329 1008175 29040 1605709661 998585922
numa 0 2115131639 1008175 18927329 28452 1146111326 969769253
ps - 850075750 1551596 316 318 318 7 770
sysv_shm - 0 0
tmpfs /run/lock 0 6
tmpfs /run 2228224 1149
tmpfs /run/user/20029 4096 44
tmpfs /run/qemu 0 1
tmpfs /dev/shm 75714940928 271257
vfs - 298233 123265 308119
vm - 12 31492589 1313702884 520887 2496526 4715911915 4729473252 102550096 21928526 4419915274 79152 0 0 0 0 0 2714357 0 1121522 2855 0 2498084 98 0 34 0 0

1764551973.402915 0 node12.dhkim-278716.ldos-ut-pg0.wisc.cloudlab.us
block sda 524252 408648 62970171 9467136 5564030 14809902 2627405769 239104103 0 17221812 252707263
block sdb 2615 0 7504 3511 4 0 0 0 0 4252 3512
block sdc 995 0 7996 261 4 0 0 0 0 960 262
cpu 11 3368328 2 178609 24854468 167067 0 2092
cpu 10 3504856 13 159744 24803404 111375 0 1083
cpu 13 3207913 0 136412 25166780 55936 0 309
cpu 12 3270896 2 152651 25045659 100765 0 812
cpu 15 2954803 0 143910 25388157 74320 0 589
cpu 14 2918881 1 135015 25456509 51921 0 262
cpu 17 3048714 10 140264 25305314 67799 0 404
cpu 16 3007043 0 161333 25243991 145354 0 1478
cpu 19 3028903 0 165526 25239609 122892 0 1146
cpu 18 3155548 2 143312 25211614 52576 0 369
cpu 1 3381118 12 187284 25007752 62921 0 3068
cpu 0 3351116 2 170402 24980838 64735 0 979
cpu 3 3137172 2 189223 25262949 62703 0 1824
cpu 2 3040980 1 208130 25315134 84625 0 1234
cpu 5 2930245 0 152719 25476953 91448 0 3091
cpu 4 2847440 1 178246 25446371 171028 0 7319
cpu 7 3463449 0 150323 24995464 49230 0 886
cpu 6 3234408 1 140004 25219947 61622 0 2404
cpu 9 3013569 2 129836 25461854 52099 0 487
cpu 8 3149196 81 138762 25279338 53617 0 9431
intel_hsw_cbo 1/7 20971793 20972340 20975390 20972852 17217069386579 758122785693 2564167939829 460028082758
intel_hsw_cbo 1/6 20971793 20972340 20975390 20972852 16502749877779 759514801706 2418428235576 460346128894
intel_hsw_cbo 1/0 20971793 20972340 20975390 20972852 15918403324602 757846259262 2233204202992 460177986240
intel_hsw_cbo 1/4 20971793 20972340 20975390 20972852 16235983367391 760487909142 2042026292238 460134566584
intel_hsw_cbo 1/3 20971793 20972340 20975390 20972852 18867387244859 758629997410 2840250632384 460206805626
intel_hsw_cbo 1/1 20971793 20972340 20975390 20972852 16107521503988 759515592051 2352085623432 460126125370
intel_hsw_cbo 0/8 20971793 20972340 20975390 20972852 15139307337672 702918564378 2130535000166 427810275888
intel_hsw_cbo 0/9 20971793 20972340 20975390 20972852 16780973173870 701603529817 2727956142477 427871217004
intel_hsw_cbo 0/6 20971793 20972340 20975390 20972852 16693000630234 757141142023 2244323762188 463198152664
intel_hsw_cbo 0/7 20971793 20972340 20975390 20972852 18078069650208 756992049997 2428381132747 463072289454
intel_hsw_cbo 0/4 20971793 20972340 20975390 20972852 16450932623569 758459639733 2059372400292 463237263708
intel_hsw_cbo 0/5 20971793 20972340 20975390 20972852 20095322230824 754178452616 2449885032072 463392879193
intel_hsw_cbo 0/2 20971793 20972340 20975390 20972852 16000370323762 756378254427 2012716834655 462986331361
intel_hsw_cbo 0/3 20971793 20972340 20975390 20972852 20777110809268 756225998026 2748232029867 463091487169
intel_hsw_cbo 0/0 20971793 20972340 20975390 20972852 16399732957660 756450997939 2245386140056 463533681716
intel_hsw_cbo 0/1 20971793 20972340 20975390 20972852 16810333759094 757413281221 2199306888339 463276714404
intel_hsw_cbo 1/9 20971793 20972340 20975390 20972852 16472342183659 703722237042 2889769108923 425345762368
intel_hsw_cbo 1/5 20971793 20972340 20975390 20972852 18242595617651 756262838718 2550757550696 460577381112
intel_hsw_cbo 1/8 20971793 20972340 20975390 20972852 14880545286513 704769895242 2293262714861 425382091595
intel_hsw_cbo 1/2 20971793 20972340 20975390 20972852 15599024108582 758233537513 1979068513774 460281606713
intel_hsw_hau ff/12.5 20972289 20974593 20971520 20975386 6177690955730 1750869575123 107653520887692 1754837416615
intel_hsw_hau 7f/12.1 20972289 20974593 20971520 20975386 5039943579729 1613129725457 101193646515550 1618167914363
intel_hsw_hau ff/12.1 20972289 20974593 20971520 20975386 7037605979503 2232961332780 107653520931713 2239396358479
intel_hsw_hau 7f/12.5 20972289 20974593 20971520 20975386 4725250459983 1484821400251 101193647557663 1488306345516
intel_hsw_imc ff/14.1 20972292 20974596 20974337 20971778 3074831076350 880266007565 3147606484825 1747075066064 0
intel_hsw_imc ff/14.0 20972292 20974596 20974337 20971778 3942858765554 1367591782895 3488858650954 1517160884073 0
intel_hsw_imc 7f/17.1 20972292 20974596 20974337 20971778 2355885291267 746738412380 2478907913697 1336888183835 0
intel_hsw_imc 7f/17.0 20972292 20974596 20974337 20971778 2354382221648 746674562107 2478121022569 1344449846043 0
intel_hsw_imc 7f/14.0 20972292 20974596 20974337 20971778 2669859598698 878984103858 2571169012000 1081284735645 0
intel_hsw_imc 7f/14.1 20972292 20974596 20974337 20971778 2351431461109 746640023122 2461359827328 1325641319764 0
intel_hsw_imc ff/17.0 20972292 20974596 20974337 20971778 3077564751749 880383179129 3171803455273 1772640754683 0
intel_hsw_imc ff/17.1 20972292 20974596 20974337 20971778 3078622325564 880282885683 3170387636206 1759713301209 0
intel_hsw_qpi ff/08.2 6291712 6292480 6293506 6292483 3872823955182 2717924830831 10674149546216 0
intel_hsw_qpi 7f/08.2 6291712 6292480 6293506 6292483 2714994125277 3876206577864 13752570090718 0
intel_hsw_qpi 7f/09.2 6291712 6292480 6293506 6292483 2715666916262 3875994136196 12566789685664 0
intel_hsw_qpi ff/09.2 6291712 6292480 6293506 6292483 3872846709551 2717419129792 11696563962680 0
intel_hsw_r2pci 7f/10.1 20972580 20975369 20975367 20975368 4725839000 25001543271291 26991654075196 31606155205368
intel_hsw_r2pci ff/10.1 20972580 20975369 20975367 20975368 47216164 23526873272216 26279642728833 29858287669459
mem 1 82566752 31507260 51059492 11372288 38961848 92 0 50249108 12976476 85120 37552 0 0 433048 0 0 0
mem 0 82341048 14081300 68259748 16527304 49779880 168 0 65848268 33598272 462332 106604 0 0 615364 24576 0 0
net vnet23 0 0 8311157 0 0 0 0 0 0 0 0 0 65730 0 496079097 0 0 0 0 0 0 91515 0
net enp6s0f0 0 0 0 0 0 0 0 0 0 0 0 0 0 0 6606 0 0 0 0 0 0 93 0
net vnet47 0 0 112720 0 0 0 0 0 0 0 0 0 463 0 55388 0 0 0 0 0 0 488 0
net vnet20 0 0 11513340 0 0 0 0 0 0 0 0 0 81587 0 1150526903 0 0 0 0 0 0 135945 0
net enp1s0f0 0 1333116 78054077300 0 0 0 0 371 0 0 371 0 81232308 0 1598858589 0 0 0 0 0 0 9067398 0
net lo 0 0 60772540 0 0 0 0 0 0 0 0 0 483512 0 60772540 0 0 0 0 0 0 483512 0
net vnet24 0 0 583459 0 0 0 0 0 0 0 0 0 7108 0 80667985 0 0 0 0 0 0 19770 0
net vnet38 0 0 438643 0 0 0 0 0 0 0 0 0 4173 0 64702158 0 0 0 0 0 0 8634 0
net vnet21 0 0 11160888 0 0 0 0 0 0 0 0 0 77662 0 1150519286 0 0 0 0 0 0 132819 0
net virbr0 0 1356 376600745 0 0 0 0 0 0 0 0 0 5004737 0 70467645885 0 0 0 0 0 0 7229270 0
numa 1 2585803669 18927329 1008175 29040 1605711246 998585922
numa 0 2115131756 1008175 18927329 28452 1146111443 969769253
ps - 850077274 1551606 316 318 318 5 776
sysv_shm - 0 0
tmpfs /run/lock 0 6
tmpfs /run 2228224 1149
tmpfs /run/user/20029 4096 44
tmpfs /run/qemu 0 1
tmpfs /dev/shm 75714945024 271257
vfs - 298245 123265 308141
vm - 12 31492693 1313702884 520887 2496526 4715913631 4729474070 102550110 21928526 4419917829 79153 0 0 0 0 0 2714357 0 1121522 2855 0 2498084 98 0 34 0 0

1764551974.439771 0 node12.dhkim-278716.ldos-ut-pg0.wisc.cloudlab.us
block sda 524259 408648 62970459 9467157 5564031 14809902 2627405777 239104103 0 17221848 252707284
block sdb 2615 0 7504 3511 4 0 0 0 0 4252 3512
block sdc 995 0 7996 261 4 0 0 0 0 960 262
cpu 11 3368332 2 178610 24854566 167067 0 2092
cpu 10 3504859 13 159745 24803506 111375 0 1083
cpu 13 3207913 0 136412 25166883 55936 0 309
cpu 12 3270896 2 152651 25045761 100765 0 812
cpu 15 2954803 0 143911 25388258 74320 0 589
cpu 14 2918881 1 135016 25456610 51922 0 262
cpu 17 3048714 10 140265 25305417 67799 0 404
cpu 16 3007044 0 161334 25244093 145354 0 1478
cpu 19 3028904 0 165526 25239711 122892 0 1146
cpu 18 3155550 2 143312 25211717 52576 0 369
cpu 1 3381135 12 187286 25007834 62921 0 3068
cpu 0 3351125 2 170403 24980928 64735 0 979
cpu 3 3137190 2 189225 25263028 62703 0 1824
cpu 2 3040992 1 208132 25315223 84625 0 1234
cpu 5 2930257 0 152724 25477036 91448 0 3091
cpu 4 2847459 1 178247 25446453 171028 0 7319
cpu 7 3463504 0 150324 24995511 49230 0 886
cpu 6 3234431 1 140006 25220022 61622 0 2404
cpu 9 3013569 2 129836 25461957 52099 0 487
cpu 8 3149196 81 138762 25279439 53617 0 9431
intel_hsw_cbo 1/7 20971793 20972340 20975390 20972852 17217070644755 758123071360 2564168007315 460028190102
intel_hsw_cbo 1/6 20971793 20972340 20975390 20972852 16502750988368 759515082288 2418428532589 460346235026
intel_hsw_cbo 1/0 20971793 20972340 20975390 20972852 15918404441310 757846541866 2233204393200 460178095025
intel_hsw_cbo 1/4 20971793 20972340 20975390 20972852 16235984592135 760488197474 2042026482109 460134673685
intel_hsw_cbo 1/3 20971793 20972340 20975390 20972852 18867388536984 758630278462 2840250753238 460206912101
intel_hsw_cbo 1/1 20971793 20972340 20975390 20972852 16107522705369 759515876723 2352085957167 460126233858
intel_hsw_cbo 0/8 20971793 20972340 20975390 20972852 15139317270426 702921271415 2130536806569 427811452680
intel_hsw_cbo 0/9 20971793 20972340 20975390 20972852 16780983380259 701606332325 2727958353379 427872396708
intel_hsw_cbo 0/6 20971793 20972340 20975390 20972852 16693010085218 757144030496 2244325683063 463199412416
intel_hsw_cbo 0/7 20971793 20972340 20975390 20972852 18078079140900 756995002452 2428383292204 463073552759
intel_hsw_cbo 0/4 20971793 20972340 20975390 20972852 16450942032969 758462605331 2059373738565 463238534075
intel_hsw_cbo 0/5 20971793 20972340 20975390 20972852 20095331704656 754181395663 2449887437224 463394147790
intel_hsw_cbo 0/2 20971793 20972340 20975390 20972852 16000379708671 756381121702 2012718123950 462987595257
intel_hsw_cbo 0/3 20971793 20972340 20975390 20972852 20777120685960 756228950988 2748234678115 463092742619
intel_hsw_cbo 0/0 20971793 20972340 20975390 20972852 16399742372325 756453970272 2245387687228 463534947846
intel_hsw_cbo 0/1 20971793 20972340 20975390 20972852 16810342938703 757416186266 2199308715346 463277974728
intel_hsw_cbo 1/9 20971793 20972340 20975390 20972852 16472343433986 703722496701 2889769228743 425345865090
intel_hsw_cbo 1/5 20971793 20972340 20975390 20972852 18242596881152 756263119655 2550757618720 460577487629
intel_hsw_cbo 1/8 20971793 20972340 20975390 20972852 14880546555664 704770160102 2293263042346 425382194633
intel_hsw_cbo 1/2 20971793 20972340 20975390 20972852 15599025314264 758233822729 1979068690368 460281713884
intel_hsw_hau ff/12.5 20972289 20974593 20971520 20975386 6177691518385 1750869737890 107655444377240 1754837585439
intel_hsw_hau 7f/12.1 20972289 20974593 20971520 20975386 5039947418032 1613131849615 101195653487306 1618170051974
intel_hsw_hau ff/12.1 20972289 20974593 20971520 20975386 7037607267933 2232961748821 107655444424155 2239396788016
intel_hsw_hau 7f/12.5 20972289 20974593 20971520 20975386 4725253271852 1484822962202 101195654529487 1488307908553
intel_hsw_imc ff/14.1 20972292 20974596 20974337 20971778 3074831355292 880266091318 3147606629428 1747075082823 0
intel_hsw_imc ff/14.0 20972292 20974596 20974337 20971778 3942859787709 1367592144875 3488858949047 1517160930953 0
intel_hsw_imc 7f/17.1 20972292 20974596 20974337 20971778 2355886694463 746739192433 2478909406766 1336888426859 0
intel_hsw_imc 7f/17.0 20972292 20974596 20974337 20971778 2354383675183 746675395358 2478122563598 1344450094247 0
intel_hsw_imc 7f/14.0 20972292 20974596 20974337 20971778 2669862018653 878985457054 2571171139016 1081285046268 0
intel_hsw_imc 7f/14.1 20972292 20974596 20974337 20971778 2351432941059 746640880645 2461361394244 1325641569178 0
intel_hsw_imc ff/17.0 20972292 20974596 20974337 20971778 3077565031844 880383263535 3171803602038 1772640771930 0
intel_hsw_imc ff/17.1 20972292 20974596 20974337 20971778 3078622617777 880282981347 3170387794252 1759713318813 0
intel_hsw_qpi ff/08.2 6291712 6292480 6293506 6292483 3872824838417 2717928910775 10674150302520 0
intel_hsw_qpi 7f/08.2 6291712 6292480 6293506 6292483 2714998201316 3876207461224 13752571070622 0
intel_hsw_qpi 7f/09.2 6291712 6292480 6293506 6292483 2715670996442 3875995019463 12566790453848 0
intel_hsw_qpi ff/09.2 6291712 6292480 6293506 6292483 3872847592852 2717423204843 11696565063720 0
intel_hsw_r2pci 7f/10.1 20972580 20975369 20975367 20975368 4725849740 25001575967104 26991677137578 31606187050575
intel_hsw_r2pci ff/10.1 20972580 20975369 20975367 20975368 47216410 23526879697105 26279657544376 29858303290463
mem 1 82566752 31506252 51060500 11372592 38962032 140 0 50249260 12976544 85512 37688 0 0 433096 0 0 0
mem 0 82341048 14081048 68260000 16527440 49780392 216 0 65848412 33598388 462748 106628 0 0 615332 24576 0 0
net vnet23 0 0 8311157 0 0 0 0 0 0 0 0 0 65730 0 496079149 0 0 0 0 0 0 91516 0
net enp6s0f0 0 0 0 0 0 0 0 0 0 0 0 0 0 0 6606 0 0 0 0 0 0 93 0
net vnet47 0 0 120646 0 0 0 0 0 0 0 0 0 505 0 62634 0 0 0 0 0 0 521 0
net vnet20 0 0 11513340 0 0 0 0 0 0 0 0 0 81587 0 1150526955 0 0 0 0 0 0 135946 0
net enp1s0f0 0 1333121 78054084199 0 0 0 0 371 0 0 371 0 81232413 0 1598860060 0 0 0 0 0 0 9067407 0
net lo 0 0 60773085 0 0 0 0 0 0 0 0 0 483516 0 60773085 0 0 0 0 0 0 483516 0
net vnet24 0 0 583459 0 0 0 0 0 0 0 0 0 7108 0 80668037 0 0 0 0 0 0 19771 0
net vnet38 0 0 438643 0 0 0 0 0 0 0 0 0 4173 0 64702210 0 0 0 0 0 0 8635 0
net vnet21 0 0 11160888 0 0 0 0 0 0 0 0 0 77662 0 1150519338 0 0 0 0 0 0 132820 0
net virbr0 0 1356 376608031 0 0 0 0 0 0 0 0 0 5004778 0 70467652965 0 0 0 0 0 0 7229301 0
numa 1 2585806353 18927329 1008175 29040 1605713930 998585922
numa 0 2115132266 1008175 18927329 28452 1146111953 969769253
ps - 850090526 1551626 316 318 318 6 778
sysv_shm - 0 0
tmpfs /run/lock 0 6
tmpfs /run 2228224 1149
tmpfs /run/user/20029 4096 44
tmpfs /run/qemu 0 1
tmpfs /dev/shm 75714969600 271263
vfs - 298253 123345 308150
vm - 12 31492733 1313702888 520887 2496526 4715916811 4729477040 102550275 21928526 4419921875 79154 0 0 0 0 0 2714357 0 1121522 2855 0 2498084 98 0 34 0 0

1764551975.470323 0 node12.dhkim-278716.ldos-ut-pg0.wisc.cloudlab.us
block sda 524262 408648 62970575 9467167 5564033 14809902 2627405793 239104106 0 17221868 252707297
block sdb 2615 0 7504 3511 4 0 0 0 0 4252 3512
block sdc 995 0 7996 261 4 0 0 0 0 960 262
cpu 11 3368332 2 178611 24854668 167067 0 2092
cpu 10 3504862 13 159745 24803607 111375 0 1083
cpu 13 3207913 0 136412 25166986 55936 0 309
cpu 12 3270897 2 152652 25045861 100765 0 812
cpu 15 2954804 0 143911 25388360 74320 0 589
cpu 14 2918881 1 135016 25456712 51922 0 262
cpu 17 3048714 10 140265 25305519 67799 0 404
cpu 16 3007046 0 161334 25244193 145354 0 1478
cpu 19 3028904 0 165526 25239814 122892 0 1146
cpu 18 3155551 2 143312 25211818 52576 0 369
cpu 1 3381142 12 187290 25007922 62921 0 3068
cpu 0 3351164 2 170408 24980986 64735 0 979
cpu 3 3137231 2 189227 25263090 62703 0 1824
cpu 2 3041020 1 208132 25315294 84625 0 1234
cpu 5 2930267 0 152725 25477123 91449 0 3091
cpu 4 2847482 1 178252 25446525 171028 0 7319
cpu 7 3463566 0 150332 24995542 49230 0 886
cpu 6 3234459 1 140012 25220089 61622 0 2404
cpu 9 3013569 2 129836 25462059 52099 0 487
cpu 8 3149198 81 138762 25279540 53617 0 9431
intel_hsw_cbo 1/7 20971793 20972340 20975390 20972852 17217071527523 758123339749 2564168114747 460028288326
intel_hsw_cbo 1/6 20971793 20972340 20975390 20972852 16502751938892 759515345750 2418428678261 460346332695
intel_hsw_cbo 1/0 20971793 20972340 20975390 20972852 15918405417611 757846807304 2233204766078 460178194621
intel_hsw_cbo 1/4 20971793 20972340 20975390 20972852 16235985575369 760488469005 2042026906377 460134772103
intel_hsw_cbo 1/3 20971793 20972340 20975390 20972852 18867389660660 758630542872 2840250935538 460207009230
intel_hsw_cbo 1/1 20971793 20972340 20975390 20972852 16107523631770 759516145093 2352086079019 460126334721
intel_hsw_cbo 0/8 20971793 20972340 20975390 20972852 15139334588599 702926100656 2130539293479 427813422928
intel_hsw_cbo 0/9 20971793 20972340 20975390 20972852 16781000720094 701611300841 2727961028014 427874382338
intel_hsw_cbo 0/6 20971793 20972340 20975390 20972852 16693027856896 757149136605 2244328269055 463201511970
intel_hsw_cbo 0/7 20971793 20972340 20975390 20972852 18078096223995 757000114499 2428385742077 463075685489
intel_hsw_cbo 0/4 20971793 20972340 20975390 20972852 16450959099838 758467757433 2059376248890 463240650117
intel_hsw_cbo 0/5 20971793 20972340 20975390 20972852 20095348332832 754186428127 2449890179345 463396252238
intel_hsw_cbo 0/2 20971793 20972340 20975390 20972852 16000397248109 756386193430 2012720580328 462989715307
intel_hsw_cbo 0/3 20971793 20972340 20975390 20972852 20777137908900 756234044736 2748237863761 463094852680
intel_hsw_cbo 0/0 20971793 20972340 20975390 20972852 16399759409907 756459155876 2245390473586 463537067945
intel_hsw_cbo 0/1 20971793 20972340 20975390 20972852 16810360088724 757421328529 2199311287395 463280087998
intel_hsw_cbo 1/9 20971793 20972340 20975390 20972852 16472344388524 703722741953 2889769384798 425345960412
intel_hsw_cbo 1/5 20971793 20972340 20975390 20972852 18242597907471 756263383762 2550757735400 460577585372
intel_hsw_cbo 1/8 20971793 20972340 20975390 20972852 14880547397795 704770410625 2293263156238 425382290345
intel_hsw_cbo 1/2 20971793 20972340 20975390 20972852 15599026303909 758234090086 1979069081392 460281812782
intel_hsw_hau ff/12.5 20972289 20974593 20971520 20975386 6177692019588 1750869852553 107657577025551 1754837704997
intel_hsw_hau 7f/12.1 20972289 20974593 20971520 20975386 5039951152357 1613134431195 101197882267370 1618172647439
intel_hsw_hau ff/12.1 20972289 20974593 20971520 20975386 7037608435107 2232962101872 107657577055780 2239397153634
intel_hsw_hau 7f/12.5 20972289 20974593 20971520 20975386 4725255974235 1484824775156 101197883322907 1488309722405
intel_hsw_imc ff/14.1 20972292 20974596 20974337 20971778 3074831603532 880266150516 3147606738821 1747075094228 0
intel_hsw_imc ff/14.0 20972292 20974596 20974337 20971778 3942860715215 1367592464334 3488859187528 1517160968607 0
intel_hsw_imc 7f/17.1 20972292 20974596 20974337 20971778 2355888047029 746740099041 2478910949597 1336888702767 0
intel_hsw_imc 7f/17.0 20972292 20974596 20974337 20971778 2354385078546 746676355382 2478124152318 1344450374682 0
intel_hsw_imc 7f/14.0 20972292 20974596 20974337 20971778 2669864397042 878987144436 2571173501731 1081285426684 0
intel_hsw_imc 7f/14.1 20972292 20974596 20974337 20971778 2351434370258 746641865824 2461363006814 1325641850832 0
intel_hsw_imc ff/17.0 20972292 20974596 20974337 20971778 3077565281005 880383323326 3171803713021 1772640783534 0
intel_hsw_imc ff/17.1 20972292 20974596 20974337 20971778 3078622877036 880283050260 3170387914950 1759713330886 0
intel_hsw_qpi ff/08.2 6291712 6292480 6293506 6292483 3872825636568 2717933183386 10674150983128 0
intel_hsw_qpi 7f/08.2 6291712 6292480 6293506 6292483 2715002464009 3876208258973 13752571879734 0
intel_hsw_qpi 7f/09.2 6291712 6292480 6293506 6292483 2715675268675 3875995817722 12566791098616 0
intel_hsw_qpi ff/09.2 6291712 6292480 6293506 6292483 3872848390538 2717427468561 11696566057816 0
intel_hsw_r2pci 7f/10.1 20972580 20975369 20975367 20975368 4725857182 25001635481686 26991715070299 31606237108450
intel_hsw_r2pci ff/10.1 20972580 20975369 20975367 20975368 47216558 23526885895881 26279672812213 29858319416122
mem 1 82566752 31505496 51061256 11372760 38960984 160 0 50249268 12975740 84600 37680 0 0 433072 0 0 0
mem 0 82341048 14080292 68260756 16527568 49779884 228 0 65848440 33598416 462304 106856 0 0 615332 24576 0 0
net vnet23 0 0 8311157 0 0 0 0 0 0 0 0 0 65730 0 496079149 0 0 0 0 0 0 91516 0
net enp6s0f0 0 0 0 0 0 0 0 0 0 0 0 0 0 0 6606 0 0 0 0 0 0 93 0
net vnet47 0 0 121196 0 0 0 0 0 0 0 0 0 510 0 63192 0 0 0 0 0 0 528 0
net vnet20 0 0 11513340 0 0 0 0 0 0 0 0 0 81587 0 1150526955 0 0 0 0 0 0 135946 0
net enp1s0f0 0 1333126 78054089776 0 0 0 0 371 0 0 371 0 81232498 0 1598860953 0 0 0 0 0 0 9067413 0
net lo 0 0 60773630 0 0 0 0 0 0 0 0 0 483520 0 60773630 0 0 0 0 0 0 483520 0
net vnet24 0 0 583459 0 0 0 0 0 0 0 0 0 7108 0 80668037 0 0 0 0 0 0 19771 0
net vnet38 0 0 438643 0 0 0 0 0 0 0 0 0 4173 0 64702210 0 0 0 0 0 0 8635 0
net vnet21 0 0 11160888 0 0 0 0 0 0 0 0 0 77662 0 1150519338 0 0 0 0 0 0 132820 0
net virbr0 0 1356 376608511 0 0 0 0 0 0 0 0 0 5004783 0 70467653523 0 0 0 0 0 0 7229308 0
numa 1 2585808043 18927329 1008175 29040 1605715620 998585922
numa 0 2115132602 1008175 18927329 28452 1146112289 969769253
ps - 850106979 1551638 316 318 318 5 778
sysv_shm - 0 0
tmpfs /run/lock 0 6
tmpfs /run 2228224 1149
tmpfs /run/user/20029 4096 44
tmpfs /run/qemu 0 1
tmpfs /dev/shm 75714969600 271263
vfs - 298251 123545 308148
vm - 12 31492791 1313703036 520887 2496526 4715918840 4729479426 102550320 21928526 4419925185 79154 0 0 0 0 0 2714357 0 1121522 2855 0 2498084 98 0 34 0 0

1764551976.505583 0 node12.dhkim-278716.ldos-ut-pg0.wisc.cloudlab.us
block sda 524262 408648 62970575 9467167 5564055 14809932 2627406353 239104282 1 17221900 252707473
block sdb 2615 0 7504 3511 4 0 0 0 0 4252 3512
block sdc 995 0 7996 261 4 0 0 0 0 960 262
cpu 11 3368333 2 178612 24854769 167067 0 2092
cpu 10 3504865 13 159745 24803708 111375 0 1083
cpu 13 3207913 0 136413 25167088 55936 0 309
cpu 12 3270897 2 152652 25045963 100765 0 812
cpu 15 2954804 0 143911 25388462 74320 0 589
cpu 14 2918881 1 135017 25456815 51922 0 262
cpu 17 3048714 10 140265 25305623 67799 0 404
cpu 16 3007046 0 161334 25244293 145357 0 1478
cpu 19 3028905 0 165526 25239917 122892 0 1146
cpu 18 3155551 2 143312 25211921 52576 0 369
cpu 1 3381149 12 187293 25008012 62923 0 3068
cpu 0 3351178 2 170409 24981073 64735 0 979
cpu 3 3137247 2 189229 25263173 62703 0 1824
cpu 2 3041024 1 208134 25315391 84625 0 1234
cpu 5 2930317 0 152738 25477162 91450 0 3091
cpu 4 2847497 1 178253 25446609 171031 0 7319
cpu 7 3463572 0 150332 24995636 49232 0 886
cpu 6 3234472 1 140018 25220170 61624 0 2404
cpu 9 3013569 2 129836 25462162 52099 0 487
cpu 8 3149198 81 138762 25279643 53617 0 9431
intel_hsw_cbo 1/7 20971793 20972340 20975390 20972852 17217072581954 758123591878 2564168141686 460028371451
intel_hsw_cbo 1/6 20971793 20972340 20975390 20972852 16502752928199 759515593079 2418428890536 460346416156
intel_hsw_cbo 1/0 20971793 20972340 20975390 20972852 15918406476592 757847057582 2233205083474 460178279355
intel_hsw_cbo 1/4 20971793 20972340 20975390 20972852 16235986599239 760488722658 2042027190720 460134856416
intel_hsw_cbo 1/3 20971793 20972340 20975390 20972852 18867390791011 758630791498 2840251017559 460207092242
intel_hsw_cbo 1/1 20971793 20972340 20975390 20972852 16107524673949 759516397539 2352086349097 460126420462
intel_hsw_cbo 0/8 20971793 20972340 20975390 20972852 15139342934420 702928947774 2130542034695 427814515216
intel_hsw_cbo 0/9 20971793 20972340 20975390 20972852 16781009189419 701614200582 2727961999583 427875490559
intel_hsw_cbo 0/6 20971793 20972340 20975390 20972852 16693035909171 757152134347 2244330835951 463202667651
intel_hsw_cbo 0/7 20971793 20972340 20975390 20972852 18078103839571 757003071935 2428386369032 463076863971
intel_hsw_cbo 0/4 20971793 20972340 20975390 20972852 16450966888807 758470692888 2059377516039 463241804713
intel_hsw_cbo 0/5 20971793 20972340 20975390 20972852 20095356528212 754189356450 2449890881107 463397436786
intel_hsw_cbo 0/2 20971793 20972340 20975390 20972852 16000405232199 756389093707 2012721795862 462990875072
intel_hsw_cbo 0/3 20971793 20972340 20975390 20972852 20777146387747 756237007239 2748239029983 463096018461
intel_hsw_cbo 0/0 20971793 20972340 20975390 20972852 16399767362427 756462178458 2245391920893 463538261173
intel_hsw_cbo 0/1 20971793 20972340 20975390 20972852 16810367757161 757424289558 2199314189790 463281266214
intel_hsw_cbo 1/9 20971793 20972340 20975390 20972852 16472345447843 703722974698 2889769467787 425346042156
intel_hsw_cbo 1/5 20971793 20972340 20975390 20972852 18242598995168 756263631828 2550757761854 460577669861
intel_hsw_cbo 1/8 20971793 20972340 20975390 20972852 14880548382329 704770645912 2293263392579 425382371326
intel_hsw_cbo 1/2 20971793 20972340 20975390 20972852 15599027344090 758234342847 1979069374765 460281896255
intel_hsw_hau ff/12.5 20972289 20974593 20971520 20975386 6177692554265 1750869979562 107659713000992 1754837836855
intel_hsw_hau 7f/12.1 20972289 20974593 20971520 20975386 5039955315248 1613136968513 101200096830920 1618175195381
intel_hsw_hau ff/12.1 20972289 20974593 20971520 20975386 7037609685759 2232962473534 107659713066323 2239397535824
intel_hsw_hau 7f/12.5 20972289 20974593 20971520 20975386 4725258916342 1484826588429 101200097851277 1488311537303
intel_hsw_imc ff/14.1 20972292 20974596 20974337 20971778 3074831868953 880266216025 3147606852221 1747075106216 0
intel_hsw_imc ff/14.0 20972292 20974596 20974337 20971778 3942861706328 1367592792382 3488859427361 1517161004963 0
intel_hsw_imc 7f/17.1 20972292 20974596 20974337 20971778 2355889519181 746741005745 2478912510102 1336888976457 0
intel_hsw_imc 7f/17.0 20972292 20974596 20974337 20971778 2354386593631 746677308111 2478125760037 1344450652562 0
intel_hsw_imc 7f/14.0 20972292 20974596 20974337 20971778 2669867084547 878988783487 2571175829724 1081285797389 0
intel_hsw_imc 7f/14.1 20972292 20974596 20974337 20971778 2351435907288 746642839517 2461364633915 1325642129932 0
intel_hsw_imc ff/17.0 20972292 20974596 20974337 20971778 3077565546227 880383389216 3171803827354 1772640796014 0
intel_hsw_imc ff/17.1 20972292 20974596 20974337 20971778 3078623151834 880283124136 3170388037583 1759713343408 0
intel_hsw_qpi ff/08.2 6291712 6292480 6293506 6292483 3872826316494 2717936682943 10674152357304 0
intel_hsw_qpi 7f/08.2 6291712 6292480 6293506 6292483 2715005961687 3876208938549 13752573446086 0
intel_hsw_qpi 7f/09.2 6291712 6292480 6293506 6292483 2715678768512 3875996497674 12566792402176 0
intel_hsw_qpi ff/09.2 6291712 6292480 6293506 6292483 3872849070030 2717430965236 11696567857392 0
intel_hsw_r2pci 7f/10.1 20972580 20975369 20975367 20975368 4725863522 25001667336015 26991738300465 31606265313217
intel_hsw_r2pci ff/10.1 20972580 20975369 20975367 20975368 47216710 23526891937839 26279685697710 29858333845067
mem 1 82566752 31505504 51061248 11372768 38960428 172 0 50249276 12975740 84064 37708 0 0 433072 0 0 0
mem 0 82341048 14079788 68261260 16528760 49779580 232 0 65848452 33598428 463196 106936 0 0 615308 24576 0 0
net vnet23 0 0 8311157 0 0 0 0 0 0 0 0 0 65730 0 496079201 0 0 0 0 0 0 91517 0
net enp6s0f0 0 0 0 0 0 0 0 0 0 0 0 0 0 0 6606 0 0 0 0 0 0 93 0
net vnet47 0 0 121196 0 0 0 0 0 0 0 0 0 510 0 63244 0 0 0 0 0 0 529 0
net vnet20 0 0 11513340 0 0 0 0 0 0 0 0 0 81587 0 1150527007 0 0 0 0 0 0 135947 0
net enp1s0f0 0 1333132 78054095593 0 0 0 0 371 0 0 371 0 81232586 0 1598861664 0 0 0 0 0 0 9067418 0
net lo 0 0 60774175 0 0 0 0 0 0 0 0 0 483524 0 60774175 0 0 0 0 0 0 483524 0
net vnet24 0 0 583459 0 0 0 0 0 0 0 0 0 7108 0 80668089 0 0 0 0 0 0 19772 0
net vnet38 0 0 438643 0 0 0 0 0 0 0 0 0 4173 0 64702262 0 0 0 0 0 0 8636 0
net vnet21 0 0 11160888 0 0 0 0 0 0 0 0 0 77662 0 1150519390 0 0 0 0 0 0 132821 0
net virbr0 0 1356 376608511 0 0 0 0 0 0 0 0 0 5004783 0 70467653523 0 0 0 0 0 0 7229308 0
numa 1 2585808923 18927329 1008175 29040 1605716500 998585922
numa 0 2115133593 1008175 18927329 28452 1146113280 969769253
ps - 850120569 1551649 299 314 317 1 778
sysv_shm - 0 0
tmpfs /run/lock 0 6
tmpfs /run 2228224 1149
tmpfs /run/user/20029 4096 44
tmpfs /run/qemu 0 1
tmpfs /dev/shm 75714969600 271263
vfs - 298251 123585 308148
vm - 12 31492791 1313703180 520887 2496526 4715920708 4729481263 102550621 21928526 4419928319 79154 0 0 0 0 0 2714357 0 1121522 2855 0 2498084 98 0 34 0 0

1764551977.539347 0 node12.dhkim-278716.ldos-ut-pg0.wisc.cloudlab.us
block sda 524262 408648 62970575 9467167 5564061 14809932 2627406753 239104326 0 17221956 252707553
block sdb 2615 0 7504 3511 4 0 0 0 0 4252 3512
block sdc 995 0 7996 261 4 0 0 0 0 960 262
cpu 11 3368333 2 178613 24854870 167067 0 2092
cpu 10 3504868 13 159746 24803810 111375 0 1083
cpu 13 3207914 0 136413 25167191 55936 0 309
cpu 12 3270897 2 152652 25046065 100765 0 812
cpu 15 2954804 0 143911 25388564 74320 0 589
cpu 14 2918882 1 135017 25456918 51922 0 262
cpu 17 3048714 10 140265 25305725 67799 0 404
cpu 16 3007048 0 161336 25244395 145357 0 1478
cpu 19 3028905 0 165526 25240019 122892 0 1146
cpu 18 3155552 2 143312 25212024 52576 0 369
cpu 1 3381167 12 187296 25008093 62923 0 3068
cpu 0 3351191 2 170411 24981157 64735 0 979
cpu 3 3137277 2 189235 25263239 62703 0 1824
cpu 2 3041057 1 208136 25315455 84625 0 1234
cpu 5 2930340 0 152740 25477236 91450 0 3091
cpu 4 2847548 1 178259 25446654 171031 0 7319
cpu 7 3463590 0 150336 24995715 49232 0 886
cpu 6 3234488 1 140022 25220253 61624 0 2404
cpu 9 3013569 2 129836 25462265 52099 0 487
cpu 8 3149198 81 138762 25279746 53617 0 9431
intel_hsw_cbo 1/7 20971793 20972340 20975390 20972852 17217073490558 758123838367 2564168171631 460028458917
intel_hsw_cbo 1/6 20971793 20972340 20975390 20972852 16502753875482 759515835062 2418428998848 460346502275
intel_hsw_cbo 1/0 20971793 20972340 20975390 20972852 15918407419948 757847302810 2233205424090 460178367615
intel_hsw_cbo 1/4 20971793 20972340 20975390 20972852 16235987526270 760488971323 2042027520667 460134943174
intel_hsw_cbo 1/3 20971793 20972340 20975390 20972852 18867391889685 758631035120 2840251098227 460207177173
intel_hsw_cbo 1/1 20971793 20972340 20975390 20972852 16107525599086 759516643804 2352086505709 460126509882
intel_hsw_cbo 0/8 20971793 20972340 20975390 20972852 15139356406776 702932609062 2130545143788 427816032661
intel_hsw_cbo 0/9 20971793 20972340 20975390 20972852 16781022764933 701617941811 2727963557166 427877016685
intel_hsw_cbo 0/6 20971793 20972340 20975390 20972852 16693049516642 757156063519 2244333897241 463204312647
intel_hsw_cbo 0/7 20971793 20972340 20975390 20972852 18078117552054 757007010730 2428387476160 463078525101
intel_hsw_cbo 0/4 20971793 20972340 20975390 20972852 16450980857135 758474608856 2059379891376 463243459824
intel_hsw_cbo 0/5 20971793 20972340 20975390 20972852 20095371028799 754193282703 2449892142518 463399089939
intel_hsw_cbo 0/2 20971793 20972340 20975390 20972852 16000419359438 756393029743 2012724003037 462992528258
intel_hsw_cbo 0/3 20971793 20972340 20975390 20972852 20777160846918 756240935401 2748240880718 463097666427
intel_hsw_cbo 0/0 20971793 20972340 20975390 20972852 16399781640198 756466139441 2245394142970 463539926057
intel_hsw_cbo 0/1 20971793 20972340 20975390 20972852 16810381923906 757428248136 2199317256999 463282929745
intel_hsw_cbo 1/9 20971793 20972340 20975390 20972852 16472346401170 703723202597 2889769545895 425346125799
intel_hsw_cbo 1/5 20971793 20972340 20975390 20972852 18242600045664 756263874532 2550757793375 460577755814
intel_hsw_cbo 1/8 20971793 20972340 20975390 20972852 14880549241009 704770877250 2293263521742 425382455228
intel_hsw_cbo 1/2 20971793 20972340 20975390 20972852 15599028272846 758234589892 1979069723028 460281982869
intel_hsw_hau ff/12.5 20972289 20974593 20971520 20975386 6177693060255 1750870112391 107661641484591 1754837974606
intel_hsw_hau 7f/12.1 20972289 20974593 20971520 20975386 5039958590805 1613139076628 101202103641376 1618177314274
intel_hsw_hau ff/12.1 20972289 20974593 20971520 20975386 7037610892661 2232962849580 107661641530346 2239397922738
intel_hsw_hau 7f/12.5 20972289 20974593 20971520 20975386 4725261336660 1484828087371 101202104684693 1488313037444
intel_hsw_imc ff/14.1 20972292 20974596 20974337 20971778 3074832120723 880266284406 3147606969309 1747075116397 0
intel_hsw_imc ff/14.0 20972292 20974596 20974337 20971778 3942862669623 1367593122510 3488859666923 1517161033885 0
intel_hsw_imc 7f/17.1 20972292 20974596 20974337 20971778 2355890730625 746741756429 2478913814205 1336889196808 0
intel_hsw_imc 7f/17.0 20972292 20974596 20974337 20971778 2354387853792 746678109470 2478127112864 1344450876561 0
intel_hsw_imc 7f/14.0 20972292 20974596 20974337 20971778 2669869146897 878990152930 2571177777522 1081286081932 0
intel_hsw_imc 7f/14.1 20972292 20974596 20974337 20971778 2351437191235 746643664125 2461366008175 1325642355019 0
intel_hsw_imc ff/17.0 20972292 20974596 20974337 20971778 3077565797374 880383458049 3171803945389 1772640806531 0
intel_hsw_imc ff/17.1 20972292 20974596 20974337 20971778 3078623412838 880283201148 3170388164436 1759713353980 0
intel_hsw_qpi ff/08.2 6291712 6292480 6293506 6292483 3872826821026 2717940135319 10674153841184 0
intel_hsw_qpi 7f/08.2 6291712 6292480 6293506 6292483 2715009410572 3876209441898 13752575404550 0
intel_hsw_qpi 7f/09.2 6291712 6292480 6293506 6292483 2715682220724 3875997002262 12566794043328 0
intel_hsw_qpi ff/09.2 6291712 6292480 6293506 6292483 3872849573352 2717434414325 11696569740256 0
intel_hsw_r2pci 7f/10.1 20972580 20975369 20975367 20975368 4725869344 25001727936625 26991782249236 31606314463153
intel_hsw_r2pci ff/10.1 20972580 20975369 20975367 20975368 47216868 23526898321848 26279698517451 29858348335546
mem 1 82566752 31505252 51061500 11372776 38960312 212 0 50249292 12975756 83864 37564 0 0 433072 0 0 0
mem 0 82341048 14078528 68262520 16528924 49779268 276 0 65848464 33598436 462924 107068 0 0 615300 24576 0 0
net vnet23 0 0 8311157 0 0 0 0 0 0 0 0 0 65730 0 496079201 0 0 0 0 0 0 91517 0
net enp6s0f0 0 0 0 0 0 0 0 0 0 0 0 0 0 0 6606 0 0 0 0 0 0 93 0
net vnet47 0 0 121196 0 0 0 0 0 0 0 0 0 510 0 63244 0 0 0 0 0 0 529 0
net vnet20 0 0 11513340 0 0 0 0 0 0 0 0 0 81587 0 1150527007 0 0 0 0 0 0 135947 0
net enp1s0f0 0 1333138 78054100150 0 0 0 0 371 0 0 371 0 81232655 0 1598862441 0 0 0 0 0 0 9067424 0
net lo 0 0 60774720 0 0 0 0 0 0 0 0 0 483528 0 60774720 0 0 0 0 0 0 483528 0
net vnet24 0 0 583459 0 0 0 0 0 0 0 0 0 7108 0 80668089 0 0 0 0 0 0 19772 0
net vnet38 0 0 438643 0 0 0 0 0 0 0 0 0 4173 0 64702262 0 0 0 0 0 0 8636 0
net vnet21 0 0 11160888 0 0 0 0 0 0 0 0 0 77662 0 1150519390 0 0 0 0 0 0 132821 0
net virbr0 0 1356 376608511 0 0 0 0 0 0 0 0 0 5004783 0 70467653523 0 0 0 0 0 0 7229308 0
numa 1 2585810220 18927329 1008175 29040 1605717797 998585922
numa 0 2115134178 1008175 18927329 28452 1146113865 969769253
ps - 850138382 1551660 299 314 317 3 778
sysv_shm - 0 0
tmpfs /run/lock 0 6
tmpfs /run 2228224 1149
tmpfs /run/user/20029 4096 44
tmpfs /run/qemu 0 1
tmpfs /dev/shm 75714973696 271263
vfs - 298251 123585 308148
vm - 12 31492791 1313703376 520887 2496526 4715922591 4729483124 102550632 21928526 4419930879 79154 0 0 0 0 0 2714357 0 1121522 2855 0 2498084 98 0 34 0 0

1764551978.569764 0 node12.dhkim-278716.ldos-ut-pg0.wisc.cloudlab.us
block sda 524262 408648 62970575 9467167 5564105 14809932 2627407185 239104676 4 17222004 252707903
block sdb 2615 0 7504 3511 4 0 0 0 0 4252 3512
block sdc 995 0 7996 261 4 0 0 0 0 960 262
cpu 11 3368334 2 178614 24854971 167067 0 2092
cpu 10 3504871 13 159746 24803912 111375 0 1083
cpu 13 3207914 0 136413 25167293 55936 0 309
cpu 12 3270897 2 152652 25046165 100765 0 812
cpu 15 2954804 0 143911 25388666 74320 0 589
cpu 14 2918882 1 135017 25457020 51922 0 262
cpu 17 3048715 10 140266 25305828 67799 0 404
cpu 16 3007049 0 161336 25244491 145362 0 1478
cpu 19 3028906 0 165527 25240121 122892 0 1146
cpu 18 3155552 2 143312 25212126 52576 0 369
cpu 1 3381190 12 187300 25008167 62923 0 3068
cpu 0 3351213 2 170416 24981234 64735 0 979
cpu 3 3137306 2 189237 25263309 62703 0 1824
cpu 2 3041067 1 208139 25315544 84625 0 1234
cpu 5 2930358 0 152743 25477314 91450 0 3091
cpu 4 2847584 1 178268 25446712 171031 0 7319
cpu 7 3463608 0 150338 24995796 49232 0 886
cpu 6 3234513 1 140025 25220326 61624 0 2404
cpu 9 3013569 2 129836 25462368 52099 0 487
cpu 8 3149198 81 138762 25279848 53617 0 9431
intel_hsw_cbo 1/7 20971793 20972340 20975390 20972852 17217074639340 758124118197 2564168226360 460028547749
intel_hsw_cbo 1/6 20971793 20972340 20975390 20972852 16502754986356 759516108163 2418429124300 460346589849
intel_hsw_cbo 1/0 20971793 20972340 20975390 20972852 15918408482565 757847580573 2233206091759 460178457834
intel_hsw_cbo 1/4 20971793 20972340 20975390 20972852 16235988721799 760489254396 2042028313082 460135032830
intel_hsw_cbo 1/3 20971793 20972340 20975390 20972852 18867393129817 758631311394 2840251245738 460207265120
intel_hsw_cbo 1/1 20971793 20972340 20975390 20972852 16107526675667 759516923818 2352086596831 460126600759
intel_hsw_cbo 0/8 20971793 20972340 20975390 20972852 15139367373703 702936476038 2130548129040 427817522827
intel_hsw_cbo 0/9 20971793 20972340 20975390 20972852 16781033970201 701621851473 2727965202908 427878498010
intel_hsw_cbo 0/6 20971793 20972340 20975390 20972852 16693060716883 757160193114 2244336807392 463205919208
intel_hsw_cbo 0/7 20971793 20972340 20975390 20972852 18078129497414 757011121714 2428388805086 463080156388
intel_hsw_cbo 0/4 20971793 20972340 20975390 20972852 16450991665638 758478703841 2059381697242 463245063328
intel_hsw_cbo 0/5 20971793 20972340 20975390 20972852 20095383522537 754197405194 2449893642780 463400720476
intel_hsw_cbo 0/2 20971793 20972340 20975390 20972852 16000430543414 756397128410 2012725679894 462994139884
intel_hsw_cbo 0/3 20971793 20972340 20975390 20972852 20777172744565 756245047230 2748242938709 463099279682
intel_hsw_cbo 0/0 20971793 20972340 20975390 20972852 16399793781926 756470343911 2245395968001 463541563646
intel_hsw_cbo 0/1 20971793 20972340 20975390 20972852 16810392678936 757432387411 2199320226498 463284563240
intel_hsw_cbo 1/9 20971793 20972340 20975390 20972852 16472347587046 703723457400 2889769697046 425346211313
intel_hsw_cbo 1/5 20971793 20972340 20975390 20972852 18242601213537 756264150252 2550757847281 460577846783
intel_hsw_cbo 1/8 20971793 20972340 20975390 20972852 14880550311396 704771137166 2293263594651 425382540558
intel_hsw_cbo 1/2 20971793 20972340 20975390 20972852 15599029343390 758234869798 1979070458565 460282072087
intel_hsw_hau ff/12.5 20972289 20974593 20971520 20975386 6177693633497 1750870234007 107664210584830 1754838101845
intel_hsw_hau 7f/12.1 20972289 20974593 20971520 20975386 5039963142291 1613142144825 101204769125650 1618180394272
intel_hsw_hau ff/12.1 20972289 20974593 20971520 20975386 7037612242704 2232963256719 107664210626999 2239398341634
intel_hsw_hau 7f/12.5 20972289 20974593 20971520 20975386 4725264502170 1484830163171 101204770170795 1488315114213
intel_hsw_imc ff/14.1 20972292 20974596 20974337 20971778 3074832404490 880266347138 3147607082903 1747075128374 0
intel_hsw_imc ff/14.0 20972292 20974596 20974337 20971778 3942863745383 1367593491915 3488859919804 1517161073525 0
intel_hsw_imc 7f/17.1 20972292 20974596 20974337 20971778 2355892314508 746742794593 2478915619788 1336889492156 0
intel_hsw_imc 7f/17.0 20972292 20974596 20974337 20971778 2354389490618 746679201618 2478128972915 1344451176021 0
intel_hsw_imc 7f/14.0 20972292 20974596 20974337 20971778 2669872113675 878992194697 2571180698364 1081286519386 0
intel_hsw_imc 7f/14.1 20972292 20974596 20974337 20971778 2351438851950 746644780391 2461367891389 1325642653915 0
intel_hsw_imc ff/17.0 20972292 20974596 20974337 20971778 3077566082425 880383521706 3171804060002 1772640818679 0
intel_hsw_imc ff/17.1 20972292 20974596 20974337 20971778 3078623708394 880283274006 3170388289140 1759713366440 0
intel_hsw_qpi ff/08.2 6291712 6292480 6293506 6292483 3872827810676 2717944175161 10674155290872 0
intel_hsw_qpi 7f/08.2 6291712 6292480 6293506 6292483 2715013445416 3876210431314 13752576462102 0
intel_hsw_qpi 7f/09.2 6291712 6292480 6293506 6292483 2715686260511 3875997991931 12566794949368 0
intel_hsw_qpi ff/09.2 6291712 6292480 6293506 6292483 3872850562686 2717438449129 11696571698280 0
intel_hsw_r2pci 7f/10.1 20972580 20975369 20975367 20975368 4725875406 25001778348749 26991815637394 31606356747109
intel_hsw_r2pci ff/10.1 20972580 20975369 20975367 20975368 47217018 23526906605100 26279715148878 29858366292310
mem 1 82566752 31504508 51062244 11372780 38960696 224 0 50249296 12975740 84284 37856 0 0 433072 0 0 0
mem 0 82341048 14077520 68263528 16528916 49779568 296 0 65848464 33598436 463192 107320 0 0 615300 24576 0 0
net vnet23 0 0 8311157 0 0 0 0 0 0 0 0 0 65730 0 496079253 0 0 0 0 0 0 91518 0
net enp6s0f0 0 0 0 0 0 0 0 0 0 0 0 0 0 0 6606 0 0 0 0 0 0 93 0
net vnet47 0 0 121196 0 0 0 0 0 0 0 0 0 510 0 63296 0 0 0 0 0 0 530 0
net vnet20 0 0 11513340 0 0 0 0 0 0 0 0 0 81587 0 1150527059 0 0 0 0 0 0 135948 0
net enp1s0f0 0 1333151 78054106625 0 0 0 0 371 0 0 371 0 81232750 0 1598863152 0 0 0 0 0 0 9067429 0
net lo 0 0 60775265 0 0 0 0 0 0 0 0 0 483532 0 60775265 0 0 0 0 0 0 483532 0
net vnet24 0 0 583459 0 0 0 0 0 0 0 0 0 7108 0 80668141 0 0 0 0 0 0 19773 0
net vnet38 0 0 438643 0 0 0 0 0 0 0 0 0 4173 0 64702314 0 0 0 0 0 0 8637 0
net vnet21 0 0 11160888 0 0 0 0 0 0 0 0 0 77662 0 1150519442 0 0 0 0 0 0 132822 0
net virbr0 0 1356 376608511 0 0 0 0 0 0 0 0 0 5004783 0 70467653523 0 0 0 0 0 0 7229308 0
numa 1 2585811538 18927329 1008175 29040 1605719115 998585922
numa 0 2115134746 1008175 18927329 28452 1146114433 969769253
ps - 850154835 1551671 299 314 317 2 778
sysv_shm - 0 0
tmpfs /run/lock 0 6
tmpfs /run 2228224 1149
tmpfs /run/user/20029 4096 44
tmpfs /run/qemu 0 1
tmpfs /dev/shm 75714977792 271263
vfs - 298251 123585 308148
vm - 12 31492791 1313703676 520887 2496526 4715924476 4729484931 102550632 21928526 4419934545 79154 0 0 0 0 0 2714357 0 1121522 2855 0 2498084 98 0 34 0 0

1764551979.601904 0 node12.dhkim-278716.ldos-ut-pg0.wisc.cloudlab.us
block sda 524262 408648 62970575 9467167 5564183 14809932 2627407921 239105559 0 17222084 252708786
block sdb 2615 0 7504 3511 4 0 0 0 0 4252 3512
block sdc 995 0 7996 261 4 0 0 0 0 960 262
cpu 11 3368334 2 178614 24855073 167067 0 2092
cpu 10 3504874 13 159748 24804014 111375 0 1083
cpu 13 3207914 0 136413 25167394 55936 0 309
cpu 12 3270898 2 152652 25046264 100765 0 812
cpu 15 2954804 0 143912 25388765 74324 0 589
cpu 14 2918882 1 135017 25457123 51922 0 262
cpu 17 3048715 10 140266 25305930 67799 0 404
cpu 16 3007049 0 161336 25244591 145365 0 1478
cpu 19 3028906 0 165528 25240223 122892 0 1146
cpu 18 3155552 2 143313 25212228 52576 0 369
cpu 1 3381207 12 187302 25008248 62923 0 3068
cpu 0 3351221 2 170417 24981323 64735 0 979
cpu 3 3137330 2 189245 25263381 62703 0 1824
cpu 2 3041078 1 208140 25315632 84625 0 1234
cpu 5 2930369 0 152745 25477401 91450 0 3091
cpu 4 2847602 1 178274 25446787 171031 0 7319
cpu 7 3463633 0 150340 24995871 49232 0 886
cpu 6 3234531 1 140026 25220405 61624 0 2404
cpu 9 3013569 2 129836 25462471 52099 0 487
cpu 8 3149198 81 138763 25279951 53617 0 9431
intel_hsw_cbo 1/7 20971793 20972340 20975390 20972852 17217075748557 758124376792 2564168279555 460028635872
intel_hsw_cbo 1/6 20971793 20972340 20975390 20972852 16502756119517 759516361648 2418429278776 460346676605
intel_hsw_cbo 1/0 20971793 20972340 20975390 20972852 15918409507145 757847838029 2233206847470 460178547129
intel_hsw_cbo 1/4 20971793 20972340 20975390 20972852 16235989947107 760489517715 2042029276454 460135120914
intel_hsw_cbo 1/3 20971793 20972340 20975390 20972852 18867394283941 758631566070 2840251414762 460207354408
intel_hsw_cbo 1/1 20971793 20972340 20975390 20972852 16107527684736 759517183862 2352086663301 460126689801
intel_hsw_cbo 0/8 20971793 20972340 20975390 20972852 15139376510309 702938504941 2130550487359 427818476222
intel_hsw_cbo 0/9 20971793 20972340 20975390 20972852 16781043344181 701623940001 2727966714907 427879458016
intel_hsw_cbo 0/6 20971793 20972340 20975390 20972852 16693069797051 757162344194 2244339272122 463206954043
intel_hsw_cbo 0/7 20971793 20972340 20975390 20972852 18078138535860 757013319747 2428389981623 463081195380
intel_hsw_cbo 0/4 20971793 20972340 20975390 20972852 16451000516773 758480900296 2059384102678 463246093440
intel_hsw_cbo 0/5 20971793 20972340 20975390 20972852 20095392616461 754199572451 2449894972977 463401754648
intel_hsw_cbo 0/2 20971793 20972340 20975390 20972852 16000439340336 756399257795 2012727898589 462995169749
intel_hsw_cbo 0/3 20971793 20972340 20975390 20972852 20777182116363 756247251026 2748244771534 463100317605
intel_hsw_cbo 0/0 20971793 20972340 20975390 20972852 16399802723312 756472520484 2245398115827 463542607189
intel_hsw_cbo 0/1 20971793 20972340 20975390 20972852 16810401442520 757434545553 2199322555319 463285596547
intel_hsw_cbo 1/9 20971793 20972340 20975390 20972852 16472348699259 703723695916 2889769863388 425346297450
intel_hsw_cbo 1/5 20971793 20972340 20975390 20972852 18242602343535 756264404651 2550757903126 460577935192
intel_hsw_cbo 1/8 20971793 20972340 20975390 20972852 14880551275867 704771380192 2293263659767 425382626191
intel_hsw_cbo 1/2 20971793 20972340 20975390 20972852 15599030299906 758235128478 1979071319371 460282159550
intel_hsw_hau ff/12.5 20972289 20974593 20971520 20975386 6177694122970 1750870339122 107665885756281 1754838211199
intel_hsw_hau 7f/12.1 20972289 20974593 20971520 20975386 5039966559314 1613144073653 101206512437400 1618182334426
intel_hsw_hau ff/12.1 20972289 20974593 20971520 20975386 7037613469765 2232963589676 107665885782416 2239398684473
intel_hsw_hau 7f/12.5 20972289 20974593 20971520 20975386 4725267053740 1484831600059 101206513501435 1488316551952
intel_hsw_imc ff/14.1 20972292 20974596 20974337 20971778 3074832647874 880266401419 3147607185688 1747075138360 0
intel_hsw_imc ff/14.0 20972292 20974596 20974337 20971778 3942864738906 1367593793912 3488860140736 1517161107765 0
intel_hsw_imc 7f/17.1 20972292 20974596 20974337 20971778 2355893592474 746743514622 2478916930742 1336889709726 0
intel_hsw_imc 7f/17.0 20972292 20974596 20974337 20971778 2354390809346 746679963917 2478130323740 1344451396798 0
intel_hsw_imc 7f/14.0 20972292 20974596 20974337 20971778 2669874252429 878993417720 2571182535888 1081286788741 0
intel_hsw_imc 7f/14.1 20972292 20974596 20974337 20971778 2351440190801 746645562409 2461369261143 1325642875460 0
intel_hsw_imc ff/17.0 20972292 20974596 20974337 20971778 3077566325000 880383576272 3171804162856 1772640828565 0
intel_hsw_imc ff/17.1 20972292 20974596 20974337 20971778 3078623962906 880283338200 3170388402758 1759713376632 0
intel_hsw_qpi ff/08.2 6291712 6292480 6293506 6292483 3872828633635 2717947968375 10674155958896 0
intel_hsw_qpi 7f/08.2 6291712 6292480 6293506 6292483 2715017233881 3876211250703 13752577310950 0
intel_hsw_qpi 7f/09.2 6291712 6292480 6293506 6292483 2715690053711 3875998814988 12566795623408 0
intel_hsw_qpi ff/09.2 6291712 6292480 6293506 6292483 3872851382055 2717442237597 11696572661224 0
intel_hsw_r2pci 7f/10.1 20972580 20975369 20975367 20975368 4725882176 25001813898746 26991842675242 31606390686781
intel_hsw_r2pci ff/10.1 20972580 20975369 20975367 20975368 47217220 23526913714828 26279730830594 29858382442688
mem 1 82566752 31504928 51061824 11372784 38960504 96 0 50249312 12975740 84028 37644 0 0 433072 0 0 0
mem 0 82341048 14076260 68264788 16528916 49779568 32 0 65848468 33598436 463200 107320 0 0 615268 24576 0 0
net vnet23 0 0 8311157 0 0 0 0 0 0 0 0 0 65730 0 496079253 0 0 0 0 0 0 91518 0
net enp6s0f0 0 0 0 0 0 0 0 0 0 0 0 0 0 0 6606 0 0 0 0 0 0 93 0
net vnet47 0 0 121196 0 0 0 0 0 0 0 0 0 510 0 63296 0 0 0 0 0 0 530 0
net vnet20 0 0 11513340 0 0 0 0 0 0 0 0 0 81587 0 1150527059 0 0 0 0 0 0 135948 0
net enp1s0f0 0 1333156 78054111962 0 0 0 0 371 0 0 371 0 81232831 0 1598863863 0 0 0 0 0 0 9067434 0
net lo 0 0 60775810 0 0 0 0 0 0 0 0 0 483536 0 60775810 0 0 0 0 0 0 483536 0
net vnet24 0 0 583459 0 0 0 0 0 0 0 0 0 7108 0 80668141 0 0 0 0 0 0 19773 0
net vnet38 0 0 438643 0 0 0 0 0 0 0 0 0 4173 0 64702314 0 0 0 0 0 0 8637 0
net vnet21 0 0 11160888 0 0 0 0 0 0 0 0 0 77662 0 1150519442 0 0 0 0 0 0 132822 0
net virbr0 0 1356 376608511 0 0 0 0 0 0 0 0 0 5004783 0 70467653523 0 0 0 0 0 0 7229308 0
numa 1 2585812809 18927329 1008175 29040 1605720386 998585922
numa 0 2115135323 1008175 18927329 28452 1146115010 969769253
ps - 850170017 1551682 299 314 317 3 774
sysv_shm - 0 0
tmpfs /run/lock 0 6
tmpfs /run 2228224 1149
tmpfs /run/user/20029 4096 44
tmpfs /run/qemu 0 1
tmpfs /dev/shm 75714977792 271263
vfs - 298249 123305 308130
vm - 12 31492791 1313703960 520887 2496526 4715926324 4729486782 102550639 21928526 4419936794 79154 0 0 0 0 0 2714357 0 1121522 2855 0 2498084 98 0 34 0 0

1764551980.635470 0 node12.dhkim-278716.ldos-ut-pg0.wisc.cloudlab.us
block sda 524262 408648 62970575 9467167 5564194 14809932 2627408041 239105630 0 17222104 252708857
block sdb 2615 0 7504 3511 4 0 0 0 0 4252 3512
block sdc 995 0 7996 261 4 0 0 0 0 960 262
cpu 11 3368336 2 178615 24855175 167067 0 2092
cpu 10 3504876 13 159748 24804116 111375 0 1083
cpu 13 3207914 0 136414 25167496 55936 0 309
cpu 12 3270898 2 152652 25046364 100765 0 812
cpu 15 2954804 0 143912 25388868 74324 0 589
cpu 14 2918884 1 135017 25457226 51922 0 262
cpu 17 3048716 10 140266 25306032 67799 0 404
cpu 16 3007050 0 161336 25244694 145365 0 1478
cpu 19 3028906 0 165528 25240325 122892 0 1146
cpu 18 3155553 2 143313 25212331 52576 0 369
cpu 1 3381225 12 187303 25008329 62923 0 3068
cpu 0 3351244 2 170422 24981396 64735 0 979
cpu 3 3137336 2 189250 25263471 62703 0 1824
cpu 2 3041096 1 208141 25315715 84625 0 1234
cpu 5 2930394 0 152746 25477476 91450 0 3091
cpu 4 2847678 1 178289 25446799 171031 0 7319
cpu 7 3463643 0 150342 24995960 49232 0 886
cpu 6 3234538 1 140027 25220499 61624 0 2404
cpu 9 3013569 2 129836 25462574 52099 0 487
cpu 8 3149198 81 138763 25280054 53617 0 9431
intel_hsw_cbo 1/7 20971793 20972340 20975390 20972852 17217076491013 758124628446 2564168311366 460028725978
intel_hsw_cbo 1/6 20971793 20972340 20975390 20972852 16502756862660 759516608710 2418429430897 460346766974
intel_hsw_cbo 1/0 20971793 20972340 20975390 20972852 15918410229443 757848087635 2233207363306 460178638857
intel_hsw_cbo 1/4 20971793 20972340 20975390 20972852 16235990763656 760489773048 2042029929934 460135212309
intel_hsw_cbo 1/3 20971793 20972340 20975390 20972852 18867395108314 758631814216 2840251527520 460207444245
intel_hsw_cbo 1/1 20971793 20972340 20975390 20972852 16107528430285 759517435924 2352086755325 460126781550
intel_hsw_cbo 0/8 20971793 20972340 20975390 20972852 15139388291866 702942250125 2130554161123 427819984413
intel_hsw_cbo 0/9 20971793 20972340 20975390 20972852 16781055713411 701627784691 2727968353870 427880959656
intel_hsw_cbo 0/6 20971793 20972340 20975390 20972852 16693081881984 757166305680 2244342798817 463208582877
intel_hsw_cbo 0/7 20971793 20972340 20975390 20972852 18078151218746 757017367639 2428391209089 463082812460
intel_hsw_cbo 0/4 20971793 20972340 20975390 20972852 16451012924794 758484932713 2059386003199 463247700639
intel_hsw_cbo 0/5 20971793 20972340 20975390 20972852 20095404412737 754203498379 2449896354942 463403381011
intel_hsw_cbo 0/2 20971793 20972340 20975390 20972852 16000451460038 756403180945 2012729561013 462996779621
intel_hsw_cbo 0/3 20971793 20972340 20975390 20972852 20777194580385 756251240431 2748246628138 463101945460
intel_hsw_cbo 0/0 20971793 20972340 20975390 20972852 16399815071626 756476557912 2245399875433 463544228305
intel_hsw_cbo 0/1 20971793 20972340 20975390 20972852 16810412895719 757438522892 2199326039290 463287192754
intel_hsw_cbo 1/9 20971793 20972340 20975390 20972852 16472349454957 703723929623 2889769977784 425346387113
intel_hsw_cbo 1/5 20971793 20972340 20975390 20972852 18242603093593 756264652738 2550757934603 460578027178
intel_hsw_cbo 1/8 20971793 20972340 20975390 20972852 14880551929489 704771617714 2293263756009 425382714782
intel_hsw_cbo 1/2 20971793 20972340 20975390 20972852 15599030991409 758235380877 1979071902234 460282249733
intel_hsw_hau ff/12.5 20972289 20974593 20971520 20975386 6177694595620 1750870445722 107668551984702 1754838322616
intel_hsw_hau 7f/12.1 20972289 20974593 20971520 20975386 5039970011622 1613146433542 101209278066884 1618184704940
intel_hsw_hau ff/12.1 20972289 20974593 20971520 20975386 7037614573616 2232963920760 107668552012511 2239399025808
intel_hsw_hau 7f/12.5 20972289 20974593 20971520 20975386 4725269548490 1484833192590 101209279128149 1488318145397
intel_hsw_imc ff/14.1 20972292 20974596 20974337 20971778 3074832881585 880266456278 3147607283142 1747075148277 0
intel_hsw_imc ff/14.0 20972292 20974596 20974337 20971778 3942865617199 1367594092418 3488860346084 1517161138279 0
intel_hsw_imc 7f/17.1 20972292 20974596 20974337 20971778 2355894846329 746744313484 2478918291433 1336889949884 0
intel_hsw_imc 7f/17.0 20972292 20974596 20974337 20971778 2354392116051 746680816813 2478131736065 1344451639366 0
intel_hsw_imc 7f/14.0 20972292 20974596 20974337 20971778 2669876463372 878994995544 2571184708582 1081287127249 0
intel_hsw_imc 7f/14.1 20972292 20974596 20974337 20971778 2351441521248 746646439177 2461370693915 1325643117900 0
intel_hsw_imc ff/17.0 20972292 20974596 20974337 20971778 3077566559717 880383631970 3171804261733 1772640838544 0
intel_hsw_imc ff/17.1 20972292 20974596 20974337 20971778 3078624207602 880283402296 3170388511302 1759713386918 0
intel_hsw_qpi ff/08.2 6291712 6292480 6293506 6292483 3872829392137 2717951848807 10674156584032 0
intel_hsw_qpi 7f/08.2 6291712 6292480 6293506 6292483 2715021110426 3876212007338 13752578105382 0
intel_hsw_qpi 7f/09.2 6291712 6292480 6293506 6292483 2715693933776 3875999573572 12566796260776 0
intel_hsw_qpi ff/09.2 6291712 6292480 6293506 6292483 3872852138655 2717446114933 11696573588464 0
intel_hsw_r2pci 7f/10.1 20972580 20975369 20975367 20975368 4725888200 25001872160021 26991881799164 31606436912948
intel_hsw_r2pci ff/10.1 20972580 20975369 20975367 20975368 47217456 23526920158167 26279745821361 29858397951138
mem 1 82566752 31505012 51061740 11372804 38960848 164 0 50249320 12975740 84404 37536 0 0 433040 0 0 0
mem 0 82341048 14076500 68264548 16528932 49778748 152 0 65848468 33598436 462316 107376 0 0 615268 24576 0 0
net vnet23 0 0 8311157 0 0 0 0 0 0 0 0 0 65730 0 496079305 0 0 0 0 0 0 91519 0
net enp6s0f0 0 0 0 0 0 0 0 0 0 0 0 0 0 0 6606 0 0 0 0 0 0 93 0
net vnet47 0 0 121295 0 0 0 0 0 0 0 0 0 511 0 63464 0 0 0 0 0 0 532 0
net vnet20 0 0 11513340 0 0 0 0 0 0 0 0 0 81587 0 1150527111 0 0 0 0 0 0 135949 0
net enp1s0f0 0 1333158 78054118439 0 0 0 0 371 0 0 371 0 81232931 0 1598864574 0 0 0 0 0 0 9067439 0
net lo 0 0 60776355 0 0 0 0 0 0 0 0 0 483540 0 60776355 0 0 0 0 0 0 483540 0
net vnet24 0 0 583459 0 0 0 0 0 0 0 0 0 7108 0 80668193 0 0 0 0 0 0 19774 0
net vnet38 0 0 438643 0 0 0 0 0 0 0 0 0 4173 0 64702366 0 0 0 0 0 0 8638 0
net vnet21 0 0 11160888 0 0 0 0 0 0 0 0 0 77662 0 1150519494 0 0 0 0 0 0 132823 0
net virbr0 0 1356 376608596 0 0 0 0 0 0 0 0 0 5004784 0 70467653639 0 0 0 0 0 0 7229309 0
numa 1 2585814368 18927329 1008175 29040 1605721945 998585922
numa 0 2115135599 1008175 18927329 28452 1146115286 969769253
ps - 850187931 1551693 299 314 317 5 774
sysv_shm - 0 0
tmpfs /run/lock 0 6
tmpfs /run 2228224 1149
tmpfs /run/user/20029 4096 44
tmpfs /run/qemu 0 1
tmpfs /dev/shm 75714977792 271263
vfs - 298249 123345 308130
vm - 12 31492791 1313704020 520887 2496526 4715928159 4729488597 102550651 21928526 4419939620 79154 0 0 0 0 0 2714357 0 1121522 2855 0 2498084 98 0 34 0 0

1764551981.665487 0 node12.dhkim-278716.ldos-ut-pg0.wisc.cloudlab.us
block sda 524262 408648 62970575 9467167 5564205 14809955 2627408473 239105689 0 17222168 252708965
block sdb 2615 0 7504 3511 4 0 0 0 0 4252 3512
block sdc 995 0 7996 261 4 0 0 0 0 960 262
cpu 11 3368336 2 178615 24855276 167067 0 2092
cpu 10 3504880 13 159748 24804217 111375 0 1083
cpu 13 3207915 0 136415 25167597 55936 0 309
cpu 12 3270899 2 152652 25046465 100765 0 812
cpu 15 2954804 0 143912 25388970 74324 0 589
cpu 14 2918884 1 135018 25457328 51922 0 262
cpu 17 3048716 10 140266 25306134 67799 0 404
cpu 16 3007051 0 161336 25244791 145369 0 1478
cpu 19 3028906 0 165528 25240427 122892 0 1146
cpu 18 3155554 2 143313 25212434 52576 0 369
cpu 1 3381252 12 187305 25008403 62923 0 3068
cpu 0 3351284 2 170428 24981451 64735 0 979
cpu 3 3137366 2 189254 25263538 62703 0 1824
cpu 2 3041140 1 208151 25315762 84625 0 1234
cpu 5 2930432 0 152748 25477540 91450 0 3091
cpu 4 2847706 1 178291 25446869 171031 0 7319
cpu 7 3463650 0 150347 24996049 49233 0 886
cpu 6 3234540 1 140030 25220594 61624 0 2404
cpu 9 3013569 2 129836 25462677 52099 0 487
cpu 8 3149198 81 138763 25280155 53617 0 9431
intel_hsw_cbo 1/7 20971793 20972340 20975390 20972852 17217077338382 758124881495 2564168346546 460028813335
intel_hsw_cbo 1/6 20971793 20972340 20975390 20972852 16502757759086 759516855707 2418429529892 460346855018
intel_hsw_cbo 1/0 20971793 20972340 20975390 20972852 15918411130674 757848338263 2233207889347 460178727465
intel_hsw_cbo 1/4 20971793 20972340 20975390 20972852 16235991689075 760490028640 2042030439309 460135299443
intel_hsw_cbo 1/3 20971793 20972340 20975390 20972852 18867396097331 758632062435 2840251630632 460207532232
intel_hsw_cbo 1/1 20971793 20972340 20975390 20972852 16107529360821 759517688103 2352086932108 460126869398
intel_hsw_cbo 0/8 20971793 20972340 20975390 20972852 15139401717002 702946744480 2130557217142 427821651516
intel_hsw_cbo 0/9 20971793 20972340 20975390 20972852 16781068880245 701632326318 2727969920355 427882638698
intel_hsw_cbo 0/6 20971793 20972340 20975390 20972852 16693095432197 757171074934 2244345870181 463210404362
intel_hsw_cbo 0/7 20971793 20972340 20975390 20972852 18078164692229 757022151997 2428392205015 463084624190
intel_hsw_cbo 0/4 20971793 20972340 20975390 20972852 16451026055343 758489778242 2059389625873 463249525288
intel_hsw_cbo 0/5 20971793 20972340 20975390 20972852 20095420480874 754208235999 2449897464548 463405220671
intel_hsw_cbo 0/2 20971793 20972340 20975390 20972852 16000465475992 756407918902 2012732994653 462998598558
intel_hsw_cbo 0/3 20971793 20972340 20975390 20972852 20777208477201 756256027092 2748248468973 463103768118
intel_hsw_cbo 0/0 20971793 20972340 20975390 20972852 16399830259977 756481428659 2245403308483 463546075521
intel_hsw_cbo 0/1 20971793 20972340 20975390 20972852 16810425975176 757443288314 2199329134827 463289011321
intel_hsw_cbo 1/9 20971793 20972340 20975390 20972852 16472350349357 703724161902 2889770081812 425346472868
intel_hsw_cbo 1/5 20971793 20972340 20975390 20972852 18242604004720 756264900904 2550757969250 460578115172
intel_hsw_cbo 1/8 20971793 20972340 20975390 20972852 14880552726236 704771854174 2293263889493 425382799794
intel_hsw_cbo 1/2 20971793 20972340 20975390 20972852 15599031879926 758235632835 1979072446957 460282337217
intel_hsw_hau ff/12.5 20972289 20974593 20971520 20975386 6177695079910 1750870556565 107671084051604 1754838438282
intel_hsw_hau 7f/12.1 20972289 20974593 20971520 20975386 5039974909161 1613149285796 101211902752358 1618187570501
intel_hsw_hau ff/12.1 20972289 20974593 20971520 20975386 7037615719084 2232964262932 107671084065363 2239399380637
intel_hsw_hau 7f/12.5 20972289 20974593 20971520 20975386 4725272970786 1484835107963 101211903829033 1488320061327
intel_hsw_imc ff/14.1 20972292 20974596 20974337 20971778 3074833122224 880266513759 3147607385495 1747075158743 0
intel_hsw_imc ff/14.0 20972292 20974596 20974337 20971778 3942866530789 1367594402528 3488860566730 1517161172404 0
intel_hsw_imc 7f/17.1 20972292 20974596 20974337 20971778 2355896553788 746745268543 2478920125292 1336890237088 0
intel_hsw_imc 7f/17.0 20972292 20974596 20974337 20971778 2354393875470 746681825781 2478133623756 1344451930121 0
intel_hsw_imc 7f/14.0 20972292 20974596 20974337 20971778 2669879638035 878996898179 2571187690225 1081287556637 0
intel_hsw_imc 7f/14.1 20972292 20974596 20974337 20971778 2351443306862 746647472547 2461372606673 1325643410215 0
intel_hsw_imc ff/17.0 20972292 20974596 20974337 20971778 3077566799393 880383689709 3171804364347 1772640849230 0
intel_hsw_imc ff/17.1 20972292 20974596 20974337 20971778 3078624459287 880283469151 3170388624698 1759713397932 0
intel_hsw_qpi ff/08.2 6291712 6292480 6293506 6292483 3872830162736 2717956478209 10674157237600 0
intel_hsw_qpi 7f/08.2 6291712 6292480 6293506 6292483 2715025735442 3876212776588 13752578937854 0
intel_hsw_qpi 7f/09.2 6291712 6292480 6293506 6292483 2715698563435 3876000344243 12566796911672 0
intel_hsw_qpi ff/09.2 6291712 6292480 6293506 6292483 3872852907847 2717450739132 11696574523688 0
intel_hsw_r2pci 7f/10.1 20972580 20975369 20975367 20975368 4725893856 25001946796744 26991935334727 31606495357198
intel_hsw_r2pci ff/10.1 20972580 20975369 20975367 20975368 47217608 23526926002636 26279761308218 29858414854783
mem 1 82566752 31504004 51062748 11372808 38960700 112 0 50249324 12975740 84240 37796 0 0 433040 0 0 0
mem 0 82341048 14075492 68265556 16529340 49779248 144 0 65848468 33598436 463200 107408 0 0 615268 24576 0 0
net vnet23 0 0 8311157 0 0 0 0 0 0 0 0 0 65730 0 496079305 0 0 0 0 0 0 91519 0
net enp6s0f0 0 0 0 0 0 0 0 0 0 0 0 0 0 0 6606 0 0 0 0 0 0 93 0
net vnet47 0 0 121295 0 0 0 0 0 0 0 0 0 511 0 63464 0 0 0 0 0 0 532 0
net vnet20 0 0 11513340 0 0 0 0 0 0 0 0 0 81587 0 1150527111 0 0 0 0 0 0 135949 0
net enp1s0f0 0 1333166 78054124616 0 0 0 0 371 0 0 371 0 81233026 0 1598865351 0 0 0 0 0 0 9067445 0
net lo 0 0 60776900 0 0 0 0 0 0 0 0 0 483544 0 60776900 0 0 0 0 0 0 483544 0
net vnet24 0 0 583459 0 0 0 0 0 0 0 0 0 7108 0 80668193 0 0 0 0 0 0 19774 0
net vnet38 0 0 438643 0 0 0 0 0 0 0 0 0 4173 0 64702366 0 0 0 0 0 0 8638 0
net vnet21 0 0 11160888 0 0 0 0 0 0 0 0 0 77662 0 1150519494 0 0 0 0 0 0 132823 0
net virbr0 0 1356 376608596 0 0 0 0 0 0 0 0 0 5004784 0 70467653639 0 0 0 0 0 0 7229309 0
numa 1 2585815645 18927329 1008175 29040 1605723222 998585922
numa 0 2115136180 1008175 18927329 28452 1146115867 969769253
ps - 850204132 1551704 291 312 316 3 774
sysv_shm - 0 0
tmpfs /run/lock 0 6
tmpfs /run 2228224 1149
tmpfs /run/user/20029 4096 44
tmpfs /run/qemu 0 1
tmpfs /dev/shm 75714977792 271263
vfs - 298249 123385 308130
vm - 12 31492791 1313704236 520887 2496526 4715930018 4729490462 102550741 21928526 4419942610 79154 0 0 0 0 0 2714357 0 1121522 2855 0 2498084 98 0 34 0 0

1764551982.700833 0 node12.dhkim-278716.ldos-ut-pg0.wisc.cloudlab.us
block sda 524262 408648 62970575 9467167 5564205 14809955 2627408473 239105689 0 17222168 252708965
block sdb 2615 0 7504 3511 4 0 0 0 0 4252 3512
block sdc 995 0 7996 261 4 0 0 0 0 960 262
cpu 11 3368336 2 178615 24855377 167067 0 2092
cpu 10 3504884 13 159748 24804319 111375 0 1083
cpu 13 3207916 0 136416 25167699 55936 0 309
cpu 12 3270899 2 152652 25046567 100765 0 812
cpu 15 2954805 0 143912 25389072 74324 0 589
cpu 14 2918885 1 135018 25457431 51922 0 262
cpu 17 3048716 10 140266 25306237 67799 0 404
cpu 16 3007052 0 161338 25244894 145369 0 1478
cpu 19 3028906 0 165529 25240530 122892 0 1146
cpu 18 3155554 2 143313 25212536 52576 0 369
cpu 1 3381255 12 187307 25008499 62923 0 3068
cpu 0 3351307 2 170429 24981530 64735 0 979
cpu 3 3137439 2 189254 25263569 62703 0 1824
cpu 2 3041188 1 208159 25315806 84625 0 1234
cpu 5 2930496 0 152748 25477579 91450 0 3091
cpu 4 2847732 1 178293 25446942 171031 0 7319
cpu 7 3463704 0 150356 24996088 49233 0 886
cpu 6 3234545 1 140033 25220687 61624 0 2404
cpu 9 3013569 2 129836 25462780 52099 0 487
cpu 8 3149199 81 138763 25280257 53617 0 9431
intel_hsw_cbo 1/7 20971793 20972340 20975390 20972852 17217078071748 758125133698 2564168382886 460028904953
intel_hsw_cbo 1/6 20971793 20972340 20975390 20972852 16502758513737 759517102729 2418429638960 460346947274
intel_hsw_cbo 1/0 20971793 20972340 20975390 20972852 15918411878284 757848587202 2233208335061 460178818210
intel_hsw_cbo 1/4 20971793 20972340 20975390 20972852 16235992526673 760490284326 2042030872700 460135389877
intel_hsw_cbo 1/3 20971793 20972340 20975390 20972852 18867396872996 758632310120 2840251728082 460207622423
intel_hsw_cbo 1/1 20971793 20972340 20975390 20972852 16107530111627 759517939555 2352087131071 460126959779
intel_hsw_cbo 0/8 20971793 20972340 20975390 20972852 15139424115791 702955935907 2130563348334 427824094390
intel_hsw_cbo 0/9 20971793 20972340 20975390 20972852 16781090791262 701641524526 2727973366073 427885083960
intel_hsw_cbo 0/6 20971793 20972340 20975390 20972852 16693118736075 757180897300 2244352352790 463213060418
intel_hsw_cbo 0/7 20971793 20972340 20975390 20972852 18078188641331 757031958002 2428394951427 463087276591
intel_hsw_cbo 0/4 20971793 20972340 20975390 20972852 16451050675958 758499618813 2059392877393 463252173733
intel_hsw_cbo 0/5 20971793 20972340 20975390 20972852 20095444680523 754218088524 2449900530316 463407881241
intel_hsw_cbo 0/2 20971793 20972340 20975390 20972852 16000489336495 756417674019 2012735734315 463001240166
intel_hsw_cbo 0/3 20971793 20972340 20975390 20972852 20777232676619 756265850810 2748252320945 463106426290
intel_hsw_cbo 0/0 20971793 20972340 20975390 20972852 16399854331372 756491343081 2245406147312 463548730362
intel_hsw_cbo 0/1 20971793 20972340 20975390 20972852 16810449191822 757453039187 2199335124083 463291646654
intel_hsw_cbo 1/9 20971793 20972340 20975390 20972852 16472351123085 703724396681 2889770182040 425346562754
intel_hsw_cbo 1/5 20971793 20972340 20975390 20972852 18242604790391 756265150125 2550758004797 460578206269
intel_hsw_cbo 1/8 20971793 20972340 20975390 20972852 14880553499096 704772093196 2293264046633 425382888969
intel_hsw_cbo 1/2 20971793 20972340 20975390 20972852 15599032659548 758235883501 1979072914915 460282426704
intel_hsw_hau ff/12.5 20972289 20974593 20971520 20975386 6177695585595 1750870680888 107673885847566 1754838566820
intel_hsw_hau 7f/12.1 20972289 20974593 20971520 20975386 5039984394103 1613154507701 101214807776328 1618192806306
intel_hsw_hau ff/12.1 20972289 20974593 20971520 20975386 7037616903262 2232964620588 107673885839321 2239399750059
intel_hsw_hau 7f/12.5 20972289 20974593 20971520 20975386 4725279758080 1484838818610 101214808874001 1488323773155
intel_hsw_imc ff/14.1 20972292 20974596 20974337 20971778 3074833373146 880266577424 3147607498559 1747075169926 0
intel_hsw_imc ff/14.0 20972292 20974596 20974337 20971778 3942867472813 1367594720985 3488860798855 1517161206090 0
intel_hsw_imc 7f/17.1 20972292 20974596 20974337 20971778 2355899961425 746747133939 2478924183170 1336890786853 0
intel_hsw_imc 7f/17.0 20972292 20974596 20974337 20971778 2354397335044 746683744064 2478137733984 1344452484542 0
intel_hsw_imc 7f/14.0 20972292 20974596 20974337 20971778 2669885751263 879000292587 2571193986216 1081288329684 0
intel_hsw_imc 7f/14.1 20972292 20974596 20974337 20971778 2351446790368 746649416712 2461376744800 1325643964402 0
intel_hsw_imc ff/17.0 20972292 20974596 20974337 20971778 3077567051269 880383754033 3171804479905 1772640860858 0
intel_hsw_imc ff/17.1 20972292 20974596 20974337 20971778 3078624720217 880283542229 3170388749603 1759713409585 0
intel_hsw_qpi ff/08.2 6291712 6292480 6293506 6292483 3872830987829 2717965596233 10674157873216 0
intel_hsw_qpi 7f/08.2 6291712 6292480 6293506 6292483 2715034838858 3876213602215 13752579836246 0
intel_hsw_qpi 7f/09.2 6291712 6292480 6293506 6292483 2715707680818 3876001169385 12566797597160 0
intel_hsw_qpi ff/09.2 6291712 6292480 6293506 6292483 3872853733393 2717459844127 11696575450768 0
intel_hsw_r2pci 7f/10.1 20972580 20975369 20975367 20975368 4725899734 25002035991730 26992007710515 31606568790754
intel_hsw_r2pci ff/10.1 20972580 20975369 20975367 20975368 47217766 23526931793153 26279787960698 29858442770051
mem 1 82566752 31503752 51063000 11372804 38960540 144 0 50249340 12975740 84048 37656 0 0 433024 0 0 0
mem 0 82341048 14075240 68265808 16529340 49778804 196 0 65848468 33598436 462760 107416 0 0 615268 24576 0 0
net vnet23 0 0 8311157 0 0 0 0 0 0 0 0 0 65730 0 496079357 0 0 0 0 0 0 91520 0
net enp6s0f0 0 0 0 0 0 0 0 0 0 0 0 0 0 0 6606 0 0 0 0 0 0 93 0
net vnet47 0 0 121295 0 0 0 0 0 0 0 0 0 511 0 63516 0 0 0 0 0 0 533 0
net vnet20 0 0 11513340 0 0 0 0 0 0 0 0 0 81587 0 1150527163 0 0 0 0 0 0 135950 0
net enp1s0f0 0 1333172 78054130853 0 0 0 0 371 0 0 371 0 81233122 0 1598866062 0 0 0 0 0 0 9067450 0
net lo 0 0 60777445 0 0 0 0 0 0 0 0 0 483548 0 60777445 0 0 0 0 0 0 483548 0
net vnet24 0 0 583459 0 0 0 0 0 0 0 0 0 7108 0 80668245 0 0 0 0 0 0 19775 0
net vnet38 0 0 438643 0 0 0 0 0 0 0 0 0 4173 0 64702418 0 0 0 0 0 0 8639 0
net vnet21 0 0 11160888 0 0 0 0 0 0 0 0 0 77662 0 1150519546 0 0 0 0 0 0 132824 0
net virbr0 0 1356 376608596 0 0 0 0 0 0 0 0 0 5004784 0 70467653639 0 0 0 0 0 0 7229309 0
numa 1 2585816997 18927329 1008175 29040 1605724574 998585922
numa 0 2115136646 1008175 18927329 28452 1146116333 969769253
ps - 850220370 1551715 291 312 316 4 774
sysv_shm - 0 0
tmpfs /run/lock 0 6
tmpfs /run 2228224 1149
tmpfs /run/user/20029 4096 44
tmpfs /run/qemu 0 1
tmpfs /dev/shm 75714977792 271263
vfs - 298249 123385 308130
vm - 12 31492791 1313704236 520887 2496526 4715931835 4729492279 102550741 21928526 4419945707 79154 0 0 0 0 0 2714357 0 1121522 2855 0 2498084 98 0 34 0 0

1764551983.737147 0 node12.dhkim-278716.ldos-ut-pg0.wisc.cloudlab.us
block sda 524262 408648 62970575 9467167 5564209 14809955 2627408497 239105698 0 17222184 252708981
block sdb 2615 0 7504 3511 4 0 0 0 0 4252 3512
block sdc 995 0 7996 261 4 0 0 0 0 960 262
cpu 11 3368336 2 178615 24855478 167067 0 2092
cpu 10 3504887 13 159749 24804421 111375 0 1083
cpu 13 3207916 0 136416 25167800 55936 0 309
cpu 12 3270899 2 152653 25046670 100765 0 812
cpu 15 2954805 0 143914 25389173 74324 0 589
cpu 14 2918885 1 135018 25457533 51922 0 262
cpu 17 3048716 10 140267 25306339 67799 0 404
cpu 16 3007053 0 161338 25244997 145369 0 1478
cpu 19 3028906 0 165529 25240632 122892 0 1146
cpu 18 3155554 2 143314 25212638 52576 0 369
cpu 1 3381266 12 187312 25008585 62923 0 3068
cpu 0 3351324 2 170430 24981614 64735 0 979
cpu 3 3137472 2 189259 25263631 62703 0 1824
cpu 2 3041224 1 208166 25315867 84625 0 1234
cpu 5 2930553 0 152749 25477623 91451 0 3091
cpu 4 2847740 1 178295 25447033 171031 0 7319
cpu 7 3463741 0 150359 24996151 49233 0 886
cpu 6 3234564 1 140033 25220769 61624 0 2404
cpu 9 3013569 2 129836 25462883 52099 0 487
cpu 8 3149199 81 138763 25280360 53617 0 9431
intel_hsw_cbo 1/7 20971793 20972340 20975390 20972852 17217079086719 758125425364 2564168554972 460028999597
intel_hsw_cbo 1/6 20971793 20972340 20975390 20972852 16502759643897 759517388378 2418429781274 460347041244
intel_hsw_cbo 1/0 20971793 20972340 20975390 20972852 15918413019922 757848880298 2233208716403 460178912830
intel_hsw_cbo 1/4 20971793 20972340 20975390 20972852 16235993470015 760490580749 2042031221685 460135483968
intel_hsw_cbo 1/3 20971793 20972340 20975390 20972852 18867398013471 758632598734 2840251943466 460207715456
intel_hsw_cbo 1/1 20971793 20972340 20975390 20972852 16107531174581 759518233722 2352087324486 460127053931
intel_hsw_cbo 0/8 20971793 20972340 20975390 20972852 15139438672645 702960541431 2130568726985 427825876458
intel_hsw_cbo 0/9 20971793 20972340 20975390 20972852 16781105219023 701646126277 2727975810374 427886864294
intel_hsw_cbo 0/6 20971793 20972340 20975390 20972852 16693134101030 757185825645 2244357829162 463214995945
intel_hsw_cbo 0/7 20971793 20972340 20975390 20972852 18078202686533 757036867676 2428396468158 463089220835
intel_hsw_cbo 0/4 20971793 20972340 20975390 20972852 16451065613389 758504590954 2059397706915 463254126231
intel_hsw_cbo 0/5 20971793 20972340 20975390 20972852 20095458414801 754223014171 2449902248901 463409810843
intel_hsw_cbo 0/2 20971793 20972340 20975390 20972852 16000503974122 756422540154 2012740154448 463003186522
intel_hsw_cbo 0/3 20971793 20972340 20975390 20972852 20777247288066 756270783274 2748255080128 463108373500
intel_hsw_cbo 0/0 20971793 20972340 20975390 20972852 16399868777903 756496303596 2245410657752 463550686107
intel_hsw_cbo 0/1 20971793 20972340 20975390 20972852 16810463419418 757457914083 2199340706237 463293591581
intel_hsw_cbo 1/9 20971793 20972340 20975390 20972852 16472352169635 703724660475 2889770398192 425346650606
intel_hsw_cbo 1/5 20971793 20972340 20975390 20972852 18242605843484 756265438977 2550758184532 460578299964
intel_hsw_cbo 1/8 20971793 20972340 20975390 20972852 14880554562236 704772362155 2293264201823 425382975924
intel_hsw_cbo 1/2 20971793 20972340 20975390 20972852 15599033698315 758236175746 1979073301391 460282522535
intel_hsw_hau ff/12.5 20972289 20974593 20971520 20975386 6177696193980 1750870806761 107676881192091 1754838698101
intel_hsw_hau 7f/12.1 20972289 20974593 20971520 20975386 5039991922763 1613158992366 101217906511154 1618197304312
intel_hsw_hau ff/12.1 20972289 20974593 20971520 20975386 7037618324299 2232965006746 107676881178450 2239400149515
intel_hsw_hau 7f/12.5 20972289 20974593 20971520 20975386 4725284884114 1484841751082 101217907615613 1488326706341
intel_hsw_imc ff/14.1 20972292 20974596 20974337 20971778 3074833674560 880266642357 3147607619329 1747075183619 0
intel_hsw_imc ff/14.0 20972292 20974596 20974337 20971778 3942868602145 1367595070377 3488861071367 1517161251324 0
intel_hsw_imc 7f/17.1 20972292 20974596 20974337 20971778 2355902511916 746748592092 2478927072940 1336891183835 0
intel_hsw_imc 7f/17.0 20972292 20974596 20974337 20971778 2354399936566 746685255550 2478140675586 1344452884559 0
intel_hsw_imc 7f/14.0 20972292 20974596 20974337 20971778 2669890685361 879003307954 2571198989437 1081289000038 0
intel_hsw_imc 7f/14.1 20972292 20974596 20974337 20971778 2351449418741 746650954064 2461379715607 1325644366202 0
intel_hsw_imc ff/17.0 20972292 20974596 20974337 20971778 3077567353119 880383819429 3171804602275 1772640874851 0
intel_hsw_imc ff/17.1 20972292 20974596 20974337 20971778 3078625034991 880283618513 3170388883896 1759713423788 0
intel_hsw_qpi ff/08.2 6291712 6292480 6293506 6292483 3872832062935 2717972846843 10674159266432 0
intel_hsw_qpi 7f/08.2 6291712 6292480 6293506 6292483 2715042083741 3876214677381 13752580698630 0
intel_hsw_qpi 7f/09.2 6291712 6292480 6293506 6292483 2715714931765 3876002244551 12566798335912 0
intel_hsw_qpi ff/09.2 6291712 6292480 6293506 6292483 3872854808513 2717467087899 11696577397648 0
intel_hsw_r2pci 7f/10.1 20972580 20975369 20975367 20975368 4725906026 25002096150174 26992062774001 31606625578029
intel_hsw_r2pci ff/10.1 20972580 20975369 20975367 20975368 47217914 23526939840540 26279811233875 29858467836677
mem 1 82566752 31503396 51063356 11372816 38960568 160 0 50249348 12975740 84076 37728 0 0 433024 0 0 0
mem 0 82341048 14074232 68266816 16567768 49740264 224 0 65848492 33598460 462652 107400 0 0 615268 24576 0 0
net vnet23 0 0 8311157 0 0 0 0 0 0 0 0 0 65730 0 496079357 0 0 0 0 0 0 91520 0
net enp6s0f0 0 0 0 0 0 0 0 0 0 0 0 0 0 0 6606 0 0 0 0 0 0 93 0
net vnet47 0 0 121295 0 0 0 0 0 0 0 0 0 511 0 63516 0 0 0 0 0 0 533 0
net vnet20 0 0 11513340 0 0 0 0 0 0 0 0 0 81587 0 1150527163 0 0 0 0 0 0 135950 0
net enp1s0f0 0 1333177 78054136790 0 0 0 0 371 0 0 371 0 81233213 0 1598866773 0 0 0 0 0 0 9067455 0
net lo 0 0 60777990 0 0 0 0 0 0 0 0 0 483552 0 60777990 0 0 0 0 0 0 483552 0
net vnet24 0 0 583459 0 0 0 0 0 0 0 0 0 7108 0 80668245 0 0 0 0 0 0 19775 0
net vnet38 0 0 438643 0 0 0 0 0 0 0 0 0 4173 0 64702418 0 0 0 0 0 0 8639 0
net vnet21 0 0 11160888 0 0 0 0 0 0 0 0 0 77662 0 1150519546 0 0 0 0 0 0 132824 0
net virbr0 0 1356 376608596 0 0 0 0 0 0 0 0 0 5004784 0 70467653639 0 0 0 0 0 0 7229309 0
numa 1 2585818449 18927329 1008175 29040 1605726026 998585922
numa 0 2115137117 1008175 18927329 28452 1146116804 969769253
ps - 850233999 1551727 291 312 316 2 774
sysv_shm - 0 0
tmpfs /run/lock 0 6
tmpfs /run 2228224 1149
tmpfs /run/user/20029 4096 44
tmpfs /run/qemu 0 1
tmpfs /dev/shm 75714977792 271263
vfs - 298249 123425 308130
vm - 12 31492791 1313704248 520887 2496526 4715933758 4729494195 102560602 21928526 4419953935 79154 0 0 0 0 0 2714357 0 1121522 2855 0 2498084 98 0 34 0 0

1764551984.768903 0 node12.dhkim-278716.ldos-ut-pg0.wisc.cloudlab.us
block sda 524262 408648 62970575 9467167 5564277 14809956 2627409097 239106472 0 17222272 252709755
block sdb 2615 0 7504 3511 4 0 0 0 0 4252 3512
block sdc 995 0 7996 261 4 0 0 0 0 960 262
cpu 11 3368336 2 178616 24855578 167067 0 2092
cpu 10 3504888 13 159751 24804523 111375 0 1083
cpu 13 3207917 0 136417 25167902 55936 0 309
cpu 12 3270900 2 152655 25046771 100765 0 812
cpu 15 2954805 0 143914 25389275 74324 0 589
cpu 14 2918885 1 135018 25457635 51922 0 262
cpu 17 3048718 10 140267 25306442 67799 0 404
cpu 16 3007054 0 161338 25245099 145369 0 1478
cpu 19 3028906 0 165530 25240727 122899 0 1146
cpu 18 3155554 2 143314 25212741 52576 0 369
cpu 1 3381270 12 187313 25008682 62923 0 3068
cpu 0 3351328 2 170430 24981713 64735 0 979
cpu 3 3137476 2 189267 25263718 62703 0 1824
cpu 2 3041274 1 208168 25315919 84625 0 1234
cpu 5 2930605 0 152754 25477669 91451 0 3091
cpu 4 2847744 1 178295 25447131 171031 0 7319
cpu 7 3463745 0 150363 24996244 49233 0 886
cpu 6 3234566 1 140033 25220869 61624 0 2404
cpu 9 3013569 2 129836 25462987 52099 0 487
cpu 8 3149199 81 138763 25280463 53617 0 9431
intel_hsw_cbo 1/7 20971793 20972340 20975390 20972852 17217080149432 758125720695 2564168632371 460029097438
intel_hsw_cbo 1/6 20971793 20972340 20975390 20972852 16502760777347 759517677196 2418429900116 460347138290
intel_hsw_cbo 1/0 20971793 20972340 20975390 20972852 15918414042219 757849173947 2233209253096 460179009990
intel_hsw_cbo 1/4 20971793 20972340 20975390 20972852 16235994519044 760490878880 2042031753184 460135580140
intel_hsw_cbo 1/3 20971793 20972340 20975390 20972852 18867399105745 758632889855 2840252087597 460207813133
intel_hsw_cbo 1/1 20971793 20972340 20975390 20972852 16107532316253 759518528933 2352087555976 460127151131
intel_hsw_cbo 0/8 20971793 20972340 20975390 20972852 15139446599241 702961944556 2130574500801 427827308537
intel_hsw_cbo 0/9 20971793 20972340 20975390 20972852 16781114031785 701647528163 2727977046904 427888285399
intel_hsw_cbo 0/6 20971793 20972340 20975390 20972852 16693142260941 757187365111 2244363743307 463216549181
intel_hsw_cbo 0/7 20971793 20972340 20975390 20972852 18078209695713 757038418460 2428396673993 463090794586
intel_hsw_cbo 0/4 20971793 20972340 20975390 20972852 16451073385110 758506123382 2059401860830 463255706357
intel_hsw_cbo 0/5 20971793 20972340 20975390 20972852 20095466439479 754224544018 2449902478888 463411365334
intel_hsw_cbo 0/2 20971793 20972340 20975390 20972852 16000511278480 756424053591 2012743727115 463004766491
intel_hsw_cbo 0/3 20971793 20972340 20975390 20972852 20777254781950 756272325749 2748256373285 463109921688
intel_hsw_cbo 0/0 20971793 20972340 20975390 20972852 16399876255051 756497876329 2245414071904 463552270132
intel_hsw_cbo 0/1 20971793 20972340 20975390 20972852 16810470596144 757459434209 2199346584789 463295184982
intel_hsw_cbo 1/9 20971793 20972340 20975390 20972852 16472353422880 703724926681 2889770557089 425346741783
intel_hsw_cbo 1/5 20971793 20972340 20975390 20972852 18242606931185 756265729283 2550758256628 460578396958
intel_hsw_cbo 1/8 20971793 20972340 20975390 20972852 14880555638761 704772633968 2293264377586 425383067743
intel_hsw_cbo 1/2 20971793 20972340 20975390 20972852 15599034789707 758236470841 1979073889229 460282620048
intel_hsw_hau ff/12.5 20972289 20974593 20971520 20975386 6177696766747 1750870925192 107679793903212 1754838822730
intel_hsw_hau 7f/12.1 20972289 20974593 20971520 20975386 5039995790537 1613162931157 101220918611602 1618201255681
intel_hsw_hau ff/12.1 20972289 20974593 20971520 20975386 7037619691187 2232965380888 107679793890093 2239400537256
intel_hsw_hau 7f/12.5 20972289 20974593 20971520 20975386 4725287866123 1484844087386 101220919717913 1488329043619
intel_hsw_imc ff/14.1 20972292 20974596 20974337 20971778 3074833959480 880266704138 3147607731530 1747075195609 0
intel_hsw_imc ff/14.0 20972292 20974596 20974337 20971778 3942869696898 1367595413947 3488861328766 1517161293673 0
intel_hsw_imc 7f/17.1 20972292 20974596 20974337 20971778 2355904004466 746749761434 2478928698236 1336891496768 0
intel_hsw_imc 7f/17.0 20972292 20974596 20974337 20971778 2354401482963 746686478978 2478142357729 1344453200972 0
intel_hsw_imc 7f/14.0 20972292 20974596 20974337 20971778 2669893055365 879006091692 2571202028859 1081289624771 0
intel_hsw_imc 7f/14.1 20972292 20974596 20974337 20971778 2351450995079 746652202135 2461381426721 1325644684203 0
intel_hsw_imc ff/17.0 20972292 20974596 20974337 20971778 3077567636418 880383881458 3171804714440 1772640887367 0
intel_hsw_imc ff/17.1 20972292 20974596 20974337 20971778 3078625334453 880283693351 3170389010889 1759713436560 0
intel_hsw_qpi ff/08.2 6291712 6292480 6293506 6292483 3872833148334 2717978058858 10674160676376 0
intel_hsw_qpi 7f/08.2 6291712 6292480 6293506 6292483 2715047294759 3876215763005 13752581518246 0
intel_hsw_qpi 7f/09.2 6291712 6292480 6293506 6292483 2715720143871 3876003329996 12566799062400 0
intel_hsw_qpi ff/09.2 6291712 6292480 6293506 6292483 3872855894074 2717472298632 11696579364464 0
intel_hsw_r2pci 7f/10.1 20972580 20975369 20975367 20975368 4725911534 25002135190215 26992113530880 31606674595712
intel_hsw_r2pci ff/10.1 20972580 20975369 20975367 20975368 47218066 23526947905037 26279829536703 29858488081864
mem 1 82566752 31503396 51063356 11372968 38961320 80 0 50249352 12975740 85000 37732 0 0 433024 0 0 0
mem 0 82341048 14073728 68267320 16678968 49628900 28 0 65848744 33598712 462312 107460 0 0 615268 24576 0 0
net vnet23 0 0 8311157 0 0 0 0 0 0 0 0 0 65730 0 496079409 0 0 0 0 0 0 91521 0
net enp6s0f0 0 0 0 0 0 0 0 0 0 0 0 0 0 0 6606 0 0 0 0 0 0 93 0
net vnet47 0 0 121295 0 0 0 0 0 0 0 0 0 511 0 63568 0 0 0 0 0 0 534 0
net vnet20 0 0 11513340 0 0 0 0 0 0 0 0 0 81587 0 1150527215 0 0 0 0 0 0 135951 0
net enp1s0f0 0 1333184 78054142487 0 0 0 0 371 0 0 371 0 81233300 0 1598867484 0 0 0 0 0 0 9067460 0
net lo 0 0 60778535 0 0 0 0 0 0 0 0 0 483556 0 60778535 0 0 0 0 0 0 483556 0
net vnet24 0 0 583459 0 0 0 0 0 0 0 0 0 7108 0 80668297 0 0 0 0 0 0 19776 0
net vnet38 0 0 438643 0 0 0 0 0 0 0 0 0 4173 0 64702470 0 0 0 0 0 0 8640 0
net vnet21 0 0 11160888 0 0 0 0 0 0 0 0 0 77662 0 1150519598 0 0 0 0 0 0 132825 0
net virbr0 0 1356 376608596 0 0 0 0 0 0 0 0 0 5004784 0 70467653639 0 0 0 0 0 0 7229309 0
numa 1 2585820100 18927329 1008175 29040 1605727677 998585922
numa 0 2115137431 1008175 18927329 28452 1146117118 969769253
ps - 850246529 1551738 291 312 316 3 773
sysv_shm - 0 0
tmpfs /run/lock 0 6
tmpfs /run 2228224 1149
tmpfs /run/user/20029 4096 44
tmpfs /run/qemu 0 1
tmpfs /dev/shm 75714977792 271263
vfs - 298248 123385 308130
vm - 12 31492791 1313704548 520887 2496526 4715935723 4729496020 102588412 21928526 4419978326 79154 0 0 0 0 0 2714357 0 1121522 2855 0 2498084 98 0 34 0 0

1764551985.799043 0 node12.dhkim-278716.ldos-ut-pg0.wisc.cloudlab.us
block sda 524263 408648 62970831 9467173 5564431 14809958 2627690961 239121205 30 17223048 252724494
block sdb 2615 0 7504 3511 4 0 0 0 0 4252 3512
block sdc 995 0 7996 261 4 0 0 0 0 960 262
cpu 11 3368338 2 178616 24855677 167067 0 2092
cpu 10 3504890 13 159752 24804624 111375 0 1083
cpu 13 3207917 0 136417 25168004 55936 0 309
cpu 12 3270900 2 152655 25046873 100765 0 812
cpu 15 2954805 0 143914 25389378 74324 0 589
cpu 14 2918885 1 135019 25457738 51922 0 262
cpu 17 3048718 10 140267 25306543 67799 0 404
cpu 16 3007055 0 161340 25245200 145369 0 1478
cpu 19 3028906 0 165530 25240830 122899 0 1146
cpu 18 3155554 2 143314 25212843 52576 0 369
cpu 1 3381272 12 187315 25008719 62985 0 3068
cpu 0 3351330 2 170432 24981757 64791 0 979
cpu 3 3137478 2 189268 25263774 62746 0 1824
cpu 2 3041274 1 208168 25315993 84652 0 1234
cpu 5 2930624 0 152757 25477696 91506 0 3091
cpu 4 2847745 1 178298 25447182 171076 0 7319
cpu 7 3463747 0 150364 24996287 49289 0 886
cpu 6 3234570 1 140034 25220941 61648 0 2404
cpu 9 3013569 2 129836 25463089 52099 0 487
cpu 8 3149199 81 138763 25280565 53617 0 9431
intel_hsw_cbo 1/7 20971793 20972340 20975390 20972852 17217081822087 758126019098 2564168729057 460029180974
intel_hsw_cbo 1/6 20971793 20972340 20975390 20972852 16502762265309 759517970359 2418429932294 460347219700
intel_hsw_cbo 1/0 20971793 20972340 20975390 20972852 15918415529465 757849470505 2233210207786 460179093800
intel_hsw_cbo 1/4 20971793 20972340 20975390 20972852 16235995889367 760491179428 2042032692436 460135663402
intel_hsw_cbo 1/3 20971793 20972340 20975390 20972852 18867400792864 758633185252 2840252304591 460207893839
intel_hsw_cbo 1/1 20971793 20972340 20975390 20972852 16107533766237 759518827194 2352087802903 460127235197
intel_hsw_cbo 0/8 20971793 20972340 20975390 20972852 15139450018021 702962476184 2130576368742 427827672172
intel_hsw_cbo 0/9 20971793 20972340 20975390 20972852 16781117112530 701648059982 2727977579086 427888648674
intel_hsw_cbo 0/6 20971793 20972340 20975390 20972852 16693145090169 757187942175 2244365500333 463216945709
intel_hsw_cbo 0/7 20971793 20972340 20975390 20972852 18078212360258 757039009988 2428397014024 463091192550
intel_hsw_cbo 0/4 20971793 20972340 20975390 20972852 16451076281422 758506709772 2059402122919 463256106836
intel_hsw_cbo 0/5 20971793 20972340 20975390 20972852 20095469384067 754225116433 2449902866750 463411759323
intel_hsw_cbo 0/2 20971793 20972340 20975390 20972852 16000514235763 756424627847 2012743915857 463005171012
intel_hsw_cbo 0/3 20971793 20972340 20975390 20972852 20777257948030 756272910956 2748257034565 463110316697
intel_hsw_cbo 0/0 20971793 20972340 20975390 20972852 16399879242108 756498462970 2245414409332 463552670791
intel_hsw_cbo 0/1 20971793 20972340 20975390 20972852 16810473247511 757460008096 2199348496502 463295586690
intel_hsw_cbo 1/9 20971793 20972340 20975390 20972852 16472355088117 703725195158 2889770765609 425346820759
intel_hsw_cbo 1/5 20971793 20972340 20975390 20972852 18242608680447 756266023739 2550758359925 460578480050
intel_hsw_cbo 1/8 20971793 20972340 20975390 20972852 14880557087118 704772908533 2293264518521 425383146824
intel_hsw_cbo 1/2 20971793 20972340 20975390 20972852 15599036388376 758236769253 1979074947908 460282702842
intel_hsw_hau ff/12.5 20972289 20974593 20971520 20975386 6177697317856 1750871044610 107681380943977 1754838948000
intel_hsw_hau 7f/12.1 20972289 20974593 20971520 20975386 5039999561968 1613164262676 101222517139817 1618202599774
intel_hsw_hau ff/12.1 20972289 20974593 20971520 20975386 7037621024899 2232965760271 107681381008982 2239400927494
intel_hsw_hau 7f/12.5 20972289 20974593 20971520 20975386 4725290388101 1484845012158 101222518160404 1488329971227
intel_hsw_imc ff/14.1 20972292 20974596 20974337 20971778 3074834232399 880266766283 3147607842358 1747075207480 0
intel_hsw_imc ff/14.0 20972292 20974596 20974337 20971778 3942870766584 1367595755547 3488861581368 1517161334731 0
intel_hsw_imc 7f/17.1 20972292 20974596 20974337 20971778 2355905264028 746750223738 2478929567092 1336891642256 0
intel_hsw_imc 7f/17.0 20972292 20974596 20974337 20971778 2354402769991 746686968883 2478143255793 1344453347849 0
intel_hsw_imc 7f/14.0 20972292 20974596 20974337 20971778 2669895558049 879006969426 2571203366654 1081289812724 0
intel_hsw_imc 7f/14.1 20972292 20974596 20974337 20971778 2351452295232 746652704374 2461382349514 1325644831498 0
intel_hsw_imc ff/17.0 20972292 20974596 20974337 20971778 3077567910623 880383944187 3171804826435 1772640899249 0
intel_hsw_imc ff/17.1 20972292 20974596 20974337 20971778 3078625618543 880283765357 3170389133284 1759713449042 0
intel_hsw_qpi ff/08.2 6291712 6292480 6293506 6292483 3872834191248 2717981121624 10674162119416 0
intel_hsw_qpi 7f/08.2 6291712 6292480 6293506 6292483 2715050355169 3876216805096 13752582361302 0
intel_hsw_qpi 7f/09.2 6291712 6292480 6293506 6292483 2715723206593 3876004372925 12566799803624 0
intel_hsw_qpi ff/09.2 6291712 6292480 6293506 6292483 3872856936133 2717475358952 11696581298864 0
intel_hsw_r2pci 7f/10.1 20972580 20975369 20975367 20975368 4725924282 25002150128809 26992126862117 31606691070923
intel_hsw_r2pci ff/10.1 20972580 20975369 20975367 20975368 47218226 23526954880273 26279841335507 29858502581281
mem 1 82566752 31503560 51063192 11372960 38960440 152 0 50249488 12975744 83956 37688 0 0 433024 0 0 0
mem 0 82341048 14073224 68267824 16700028 49609260 148 0 65849148 33599116 463360 107500 0 0 615268 24576 0 0
net vnet23 0 0 8311157 0 0 0 0 0 0 0 0 0 65730 0 496079409 0 0 0 0 0 0 91521 0
net enp6s0f0 0 0 0 0 0 0 0 0 0 0 0 0 0 0 6606 0 0 0 0 0 0 93 0
net vnet47 0 0 121295 0 0 0 0 0 0 0 0 0 511 0 63568 0 0 0 0 0 0 534 0
net vnet20 0 0 11513340 0 0 0 0 0 0 0 0 0 81587 0 1150527215 0 0 0 0 0 0 135951 0
net enp1s0f0 0 1333187 78054148664 0 0 0 0 371 0 0 371 0 81233394 0 1598868195 0 0 0 0 0 0 9067465 0
net lo 0 0 60779080 0 0 0 0 0 0 0 0 0 483560 0 60779080 0 0 0 0 0 0 483560 0
net vnet24 0 0 583459 0 0 0 0 0 0 0 0 0 7108 0 80668297 0 0 0 0 0 0 19776 0
net vnet38 0 0 438643 0 0 0 0 0 0 0 0 0 4173 0 64702470 0 0 0 0 0 0 8640 0
net vnet21 0 0 11160888 0 0 0 0 0 0 0 0 0 77662 0 1150519598 0 0 0 0 0 0 132825 0
net virbr0 0 1356 376608596 0 0 0 0 0 0 0 0 0 5004784 0 70467653639 0 0 0 0 0 0 7229309 0
numa 1 2585820980 18927329 1008175 29040 1605728557 998585922
numa 0 2115138649 1008175 18927329 28452 1146118336 969769253
ps - 850252842 1551753 291 312 316 1 777
sysv_shm - 0 0
tmpfs /run/lock 0 6
tmpfs /run 2228224 1149
tmpfs /run/user/20029 4096 44
tmpfs /run/qemu 0 1
tmpfs /dev/shm 75714977792 271263
vfs - 298248 123425 308130
vm - 12 31492919 1313872264 520887 2496526 4715937822 4729498036 102593463 21928526 4419985561 79154 0 0 0 0 0 2714357 0 1121522 2855 0 2498084 98 0 34 0 0

1764551986.831144 0 node12.dhkim-278716.ldos-ut-pg0.wisc.cloudlab.us
block sda 524263 408648 62970831 9467173 5564534 14809977 2627870593 239138989 0 17223648 252742592
block sdb 2615 0 7504 3511 4 0 0 0 0 4252 3512
block sdc 995 0 7996 261 4 0 0 0 0 960 262
cpu 11 3368338 2 178616 24855778 167067 0 2092
cpu 10 3504890 13 159752 24804727 111375 0 1083
cpu 13 3207917 0 136417 25168106 55936 0 309
cpu 12 3270900 2 152656 25046976 100765 0 812
cpu 15 2954805 0 143914 25389480 74324 0 589
cpu 14 2918886 1 135019 25457840 51922 0 262
cpu 17 3048718 10 140267 25306643 67799 0 404
cpu 16 3007055 0 161340 25245298 145374 0 1478
cpu 19 3028908 0 165532 25240931 122899 0 1146
cpu 18 3155554 2 143315 25212945 52576 0 369
cpu 1 3381299 12 187317 25008758 63018 0 3068
cpu 0 3351360 2 170435 24981781 64836 0 979
cpu 3 3137496 2 189278 25263815 62780 0 1824
cpu 2 3041298 1 208172 25316065 84655 0 1234
cpu 5 2930645 0 152761 25477756 91521 0 3091
cpu 4 2847768 1 178303 25447231 171101 0 7319
cpu 7 3463774 0 150371 24996343 49302 0 886
cpu 6 3234584 1 140037 25221023 61651 0 2404
cpu 9 3013569 2 129836 25463193 52099 0 487
cpu 8 3149199 81 138763 25280668 53617 0 9431
intel_hsw_cbo 1/7 20971793 20972340 20975390 20972852 17217082926646 758126277836 2564169173000 460029266372
intel_hsw_cbo 1/6 20971793 20972340 20975390 20972852 16502763472983 759518224426 2418430005321 460347304145
intel_hsw_cbo 1/0 20971793 20972340 20975390 20972852 15918416491691 757849726171 2233210534227 460179178500
intel_hsw_cbo 1/4 20971793 20972340 20975390 20972852 16235996914106 760491439230 2042032965098 460135747088
intel_hsw_cbo 1/3 20971793 20972340 20975390 20972852 18867401964457 758633440105 2840252777606 460207977765
intel_hsw_cbo 1/1 20971793 20972340 20975390 20972852 16107534767014 759519085070 2352087887347 460127319065
intel_hsw_cbo 0/8 20971793 20972340 20975390 20972852 15139480121097 702967097901 2130581778748 427830644101
intel_hsw_cbo 0/9 20971793 20972340 20975390 20972852 16781147270372 701652767127 2727981360657 427891594799
intel_hsw_cbo 0/6 20971793 20972340 20975390 20972852 16693176901664 757192825846 2244370732857 463220121391
intel_hsw_cbo 0/7 20971793 20972340 20975390 20972852 18078244236819 757043960064 2428400037774 463094372634
intel_hsw_cbo 0/4 20971793 20972340 20975390 20972852 16451107747461 758511691944 2059407500584 463259248424
intel_hsw_cbo 0/5 20971793 20972340 20975390 20972852 20095501897390 754230084136 2449906273770 463414942219
intel_hsw_cbo 0/2 20971793 20972340 20975390 20972852 16000546146350 756429545568 2012749168571 463008356214
intel_hsw_cbo 0/3 20971793 20972340 20975390 20972852 20777290901695 756277903698 2748261381157 463113529569
intel_hsw_cbo 0/0 20971793 20972340 20975390 20972852 16399911118471 756503374060 2245419684535 463555836487
intel_hsw_cbo 0/1 20971793 20972340 20975390 20972852 16810504512788 757464886117 2199353950547 463298754739
intel_hsw_cbo 1/9 20971793 20972340 20975390 20972852 16472356214363 703725433323 2889771202253 425346903688
intel_hsw_cbo 1/5 20971793 20972340 20975390 20972852 18242609917540 756266278820 2550758853346 460578564410
intel_hsw_cbo 1/8 20971793 20972340 20975390 20972852 14880558118160 704773151051 2293264574893 425383229559
intel_hsw_cbo 1/2 20971793 20972340 20975390 20972852 15599037487120 758237027414 1979075250324 460282787036
intel_hsw_hau ff/12.5 20972289 20974593 20971520 20975386 6177697797166 1750871147709 107682923129742 1754839054631
intel_hsw_hau 7f/12.1 20972289 20974593 20971520 20975386 5040006495395 1613168497444 101224113886552 1618206846230
intel_hsw_hau ff/12.1 20972289 20974593 20971520 20975386 7037622128732 2232966086337 107682923148925 2239401262954
intel_hsw_hau 7f/12.5 20972289 20974593 20971520 20975386 4725295081716 1484847733935 101224114958127 1488332694479
intel_hsw_imc ff/14.1 20972292 20974596 20974337 20971778 3074834469984 880266819416 3147607946759 1747075217173 0
intel_hsw_imc ff/14.0 20972292 20974596 20974337 20971778 3942871643661 1367596051587 3488861794549 1517161364213 0
intel_hsw_imc 7f/17.1 20972292 20974596 20974337 20971778 2355907619358 746751593421 2478931899445 1336892069465 0
intel_hsw_imc 7f/17.0 20972292 20974596 20974337 20971778 2354405161905 746688377319 2478145629185 1344453778608 0
intel_hsw_imc 7f/14.0 20972292 20974596 20974337 20971778 2669900159072 879009866965 2571207258449 1081290541025 0
intel_hsw_imc 7f/14.1 20972292 20974596 20974337 20971778 2351454708373 746654130988 2461384749569 1325645264414 0
intel_hsw_imc ff/17.0 20972292 20974596 20974337 20971778 3077568148808 880383997514 3171804932999 1772640908994 0
intel_hsw_imc ff/17.1 20972292 20974596 20974337 20971778 3078625867904 880283828267 3170389250424 1759713459167 0
intel_hsw_qpi ff/08.2 6291712 6292480 6293506 6292483 3872834932749 2717988545688 10674162784200 0
intel_hsw_qpi 7f/08.2 6291712 6292480 6293506 6292483 2715057773042 3876217545109 13752583245726 0
intel_hsw_qpi 7f/09.2 6291712 6292480 6293506 6292483 2715730629741 3876005114455 12566800499184 0
intel_hsw_qpi ff/09.2 6291712 6292480 6293506 6292483 3872857676110 2717482778724 11696582252448 0
intel_hsw_r2pci 7f/10.1 20972580 20975369 20975367 20975368 4725931422 25002225390706 26992178114620 31606757094269
intel_hsw_r2pci ff/10.1 20972580 20975369 20975367 20975368 47218462 23526960129299 26279862923553 29858525479996
mem 1 82566752 31503568 51063184 11372960 38960540 104 0 50249488 12975744 84084 37836 0 0 432960 0 0 0
mem 0 82341048 14069840 68271208 16700076 49611464 152 0 65852200 33602156 462512 107508 0 0 615268 24576 0 0
net vnet23 0 0 8311157 0 0 0 0 0 0 0 0 0 65730 0 496079461 0 0 0 0 0 0 91522 0
net enp6s0f0 0 0 0 0 0 0 0 0 0 0 0 0 0 0 6606 0 0 0 0 0 0 93 0
net vnet47 0 0 121295 0 0 0 0 0 0 0 0 0 511 0 63620 0 0 0 0 0 0 535 0
net vnet20 0 0 11513340 0 0 0 0 0 0 0 0 0 81587 0 1150527267 0 0 0 0 0 0 135952 0
net enp1s0f0 0 1333194 78054154181 0 0 0 0 371 0 0 371 0 81233479 0 1598868906 0 0 0 0 0 0 9067470 0
net lo 0 0 60779625 0 0 0 0 0 0 0 0 0 483564 0 60779625 0 0 0 0 0 0 483564 0
net vnet24 0 0 583459 0 0 0 0 0 0 0 0 0 7108 0 80668349 0 0 0 0 0 0 19777 0
net vnet38 0 0 438643 0 0 0 0 0 0 0 0 0 4173 0 64702522 0 0 0 0 0 0 8641 0
net vnet21 0 0 11160888 0 0 0 0 0 0 0 0 0 77662 0 1150519650 0 0 0 0 0 0 132826 0
net virbr0 0 1356 376608596 0 0 0 0 0 0 0 0 0 5004784 0 70467653639 0 0 0 0 0 0 7229309 0
numa 1 2585822287 18927329 1008175 29040 1605729864 998585922
numa 0 2115140048 1008175 18927329 28452 1146119735 969769253
ps - 850261439 1551764 323 319 318 6 777
sysv_shm - 0 0
tmpfs /run/lock 0 6
tmpfs /run 2228224 1149
tmpfs /run/user/20029 4096 44
tmpfs /run/qemu 0 1
tmpfs /dev/shm 75714981888 271263
vfs - 298248 123425 308130
vm - 12 31492919 1313935296 520887 2496526 4715940529 4729499960 102593469 21928526 4419988431 79154 0 0 0 0 0 2714357 0 1121522 2855 0 2498084 98 0 34 0 0

1764551987.867222 0 node12.dhkim-278716.ldos-ut-pg0.wisc.cloudlab.us
block sda 524263 408648 62970831 9467173 5564549 14809977 2627871065 239139017 0 17223704 252742645
block sdb 2615 0 7504 3511 4 0 0 0 0 4252 3512
block sdc 995 0 7996 261 4 0 0 0 0 960 262
cpu 11 3368338 2 178617 24855878 167067 0 2092
cpu 10 3504890 13 159754 24804829 111375 0 1083
cpu 13 3207917 0 136419 25168208 55936 0 309
cpu 12 3270900 2 152656 25047079 100765 0 812
cpu 15 2954805 0 143914 25389583 74324 0 589
cpu 14 2918886 1 135019 25457943 51922 0 262
cpu 17 3048718 10 140267 25306746 67799 0 404
cpu 16 3007056 0 161341 25245401 145374 0 1478
cpu 19 3028910 0 165534 25241034 122899 0 1146
cpu 18 3155555 2 143316 25213047 52576 0 369
cpu 1 3381356 12 187318 25008803 63019 0 3068
cpu 0 3351387 2 170438 24981852 64837 0 979
cpu 3 3137536 2 189280 25263874 62780 0 1824
cpu 2 3041334 1 208183 25316121 84655 0 1234
cpu 5 2930696 0 152761 25477808 91521 0 3091
cpu 4 2847794 1 178308 25447302 171101 0 7319
cpu 7 3463806 0 150371 24996411 49302 0 886
cpu 6 3234616 1 140040 25221090 61651 0 2404
cpu 9 3013569 2 129836 25463296 52099 0 487
cpu 8 3149200 81 138763 25280769 53617 0 9431
intel_hsw_cbo 1/7 20971793 20972340 20975390 20972852 17217083885187 758126523804 2564169263478 460029348428
intel_hsw_cbo 1/6 20971793 20972340 20975390 20972852 16502764568801 759518465517 2418430065127 460347384974
intel_hsw_cbo 1/0 20971793 20972340 20975390 20972852 15918417464559 757849970012 2233211013059 460179259005
intel_hsw_cbo 1/4 20971793 20972340 20975390 20972852 16235997916801 760491687157 2042033430603 460135827748
intel_hsw_cbo 1/3 20971793 20972340 20975390 20972852 18867403019332 758633682517 2840252931067 460208057778
intel_hsw_cbo 1/1 20971793 20972340 20975390 20972852 16107535747894 759519330634 2352088047718 460127399508
intel_hsw_cbo 0/8 20971793 20972340 20975390 20972852 15139521980227 702975229238 2130589696037 427834712105
intel_hsw_cbo 0/9 20971793 20972340 20975390 20972852 16781188939002 701661015359 2727986269712 427895641850
intel_hsw_cbo 0/6 20971793 20972340 20975390 20972852 16693221521417 757201474156 2244378745334 463224502984
intel_hsw_cbo 0/7 20971793 20972340 20975390 20972852 18078289472918 757052725170 2428403734039 463098785238
intel_hsw_cbo 0/4 20971793 20972340 20975390 20972852 16451152713236 758520482136 2059415604820 463263634930
intel_hsw_cbo 0/5 20971793 20972340 20975390 20972852 20095547376023 754238775529 2449910454211 463419323738
intel_hsw_cbo 0/2 20971793 20972340 20975390 20972852 16000591167862 756438255455 2012756932167 463012761148
intel_hsw_cbo 0/3 20971793 20972340 20975390 20972852 20777336901463 756286616750 2748267406066 463117947206
intel_hsw_cbo 0/0 20971793 20972340 20975390 20972852 16399956465612 756512053092 2245427440754 463560214684
intel_hsw_cbo 0/1 20971793 20972340 20975390 20972852 16810548593362 757473542379 2199361998113 463303140781
intel_hsw_cbo 1/9 20971793 20972340 20975390 20972852 16472357220242 703725660510 2889771349042 425346984414
intel_hsw_cbo 1/5 20971793 20972340 20975390 20972852 18242610885700 756266521111 2550758951062 460578644808
intel_hsw_cbo 1/8 20971793 20972340 20975390 20972852 14880558966778 704773382209 2293264683459 425383309433
intel_hsw_cbo 1/2 20971793 20972340 20975390 20972852 15599038524684 758237272967 1979075771528 460282868442
intel_hsw_hau ff/12.5 20972289 20974593 20971520 20975386 6177698297886 1750871257453 107684706493763 1754839167618
intel_hsw_hau 7f/12.1 20972289 20974593 20971520 20975386 5040016902611 1613175382236 101225954741621 1618213742643
intel_hsw_hau ff/12.1 20972289 20974593 20971520 20975386 7037623271801 2232966422085 107684706558110 2239401606757
intel_hsw_hau 7f/12.5 20972289 20974593 20971520 20975386 4725302383591 1484852593521 101225955761058 1488337556091
intel_hsw_imc ff/14.1 20972292 20974596 20974337 20971778 3074834717811 880266875270 3147608061009 1747075227731 0
intel_hsw_imc ff/14.0 20972292 20974596 20974337 20971778 3942872548856 1367596351638 3488862021711 1517161396241 0
intel_hsw_imc 7f/17.1 20972292 20974596 20974337 20971778 2355911264432 746754016569 2478936341865 1336892877231 0
intel_hsw_imc 7f/17.0 20972292 20974596 20974337 20971778 2354408845197 746690840687 2478150113254 1344454594287 0
intel_hsw_imc 7f/14.0 20972292 20974596 20974337 20971778 2669906889205 879014319289 2571214126984 1081291769321 0
intel_hsw_imc 7f/14.1 20972292 20974596 20974337 20971778 2351458411686 746656613070 2461389254722 1325646080092 0
intel_hsw_imc ff/17.0 20972292 20974596 20974337 20971778 3077568397963 880384053657 3171805048732 1772640919821 0
intel_hsw_imc ff/17.1 20972292 20974596 20974337 20971778 3078626126303 880283893504 3170389375485 1759713470014 0
intel_hsw_qpi ff/08.2 6291712 6292480 6293506 6292483 3872835677382 2717999562699 10674163445200 0
intel_hsw_qpi 7f/08.2 6291712 6292480 6293506 6292483 2715068779366 3876218287911 13752584127894 0
intel_hsw_qpi 7f/09.2 6291712 6292480 6293506 6292483 2715741647489 3876005859132 12566801160176 0
intel_hsw_qpi ff/09.2 6291712 6292480 6293506 6292483 3872858418889 2717493783194 11696583180360 0
intel_hsw_r2pci 7f/10.1 20972580 20975369 20975367 20975368 4725938486 25002323305845 26992252046149 31606846094523
intel_hsw_r2pci ff/10.1 20972580 20975369 20975367 20975368 47218620 23526965410152 26279893657259 29858557528345
mem 1 82566752 31503848 51062904 11372972 38960384 108 0 50249500 12975744 83892 37596 0 0 432960 0 0 0
mem 0 82341048 14068580 68272468 16700148 49612544 188 0 65852636 33602592 463268 107472 0 0 615268 24576 0 0
net vnet23 0 0 8311157 0 0 0 0 0 0 0 0 0 65730 0 496079461 0 0 0 0 0 0 91522 0
net enp6s0f0 0 0 0 0 0 0 0 0 0 0 0 0 0 0 6606 0 0 0 0 0 0 93 0
net vnet47 0 0 121295 0 0 0 0 0 0 0 0 0 511 0 63620 0 0 0 0 0 0 535 0
net vnet20 0 0 11513340 0 0 0 0 0 0 0 0 0 81587 0 1150527267 0 0 0 0 0 0 135952 0
net enp1s0f0 0 1333201 78054160718 0 0 0 0 371 0 0 371 0 81233580 0 1598869617 0 0 0 0 0 0 9067475 0
net lo 0 0 60780170 0 0 0 0 0 0 0 0 0 483568 0 60780170 0 0 0 0 0 0 483568 0
net vnet24 0 0 583459 0 0 0 0 0 0 0 0 0 7108 0 80668349 0 0 0 0 0 0 19777 0
net vnet38 0 0 438643 0 0 0 0 0 0 0 0 0 4173 0 64702522 0 0 0 0 0 0 8641 0
net vnet21 0 0 11160888 0 0 0 0 0 0 0 0 0 77662 0 1150519650 0 0 0 0 0 0 132826 0
net virbr0 0 1356 376608596 0 0 0 0 0 0 0 0 0 5004784 0 70467653639 0 0 0 0 0 0 7229309 0
numa 1 2585823205 18927329 1008175 29040 1605730782 998585922
numa 0 2115141120 1008175 18927329 28452 1146120807 969769253
ps - 850269530 1551775 323 319 318 4 777
sysv_shm - 0 0
tmpfs /run/lock 0 6
tmpfs /run 2228224 1149
tmpfs /run/user/20029 4096 44
tmpfs /run/qemu 0 1
tmpfs /dev/shm 75714981888 271263
vfs - 298248 123465 308130
vm - 12 31492919 1313935536 520887 2496526 4715942519 4729501843 102593489 21928526 4419990609 79154 0 0 0 0 0 2714357 0 1121522 2855 0 2498084 98 0 34 0 0

1764551988.899360 0 node12.dhkim-278716.ldos-ut-pg0.wisc.cloudlab.us
block sda 524263 408648 62970831 9467173 5564553 14809977 2627871081 239139023 0 17223716 252742657
block sdb 2615 0 7504 3511 4 0 0 0 0 4252 3512
block sdc 995 0 7996 261 4 0 0 0 0 960 262
cpu 11 3368338 2 178617 24855980 167067 0 2092
cpu 10 3504890 13 159754 24804932 111375 0 1083
cpu 13 3207917 0 136419 25168310 55936 0 309
cpu 12 3270901 2 152656 25047180 100765 0 812
cpu 15 2954805 0 143915 25389684 74324 0 589
cpu 14 2918886 1 135019 25458046 51922 0 262
cpu 17 3048718 10 140268 25306849 67799 0 404
cpu 16 3007057 0 161341 25245504 145374 0 1478
cpu 19 3028912 0 165535 25241137 122899 0 1146
cpu 18 3155555 2 143317 25213149 52576 0 369
cpu 1 3381367 12 187319 25008893 63019 0 3068
cpu 0 3351427 2 170443 24981908 64837 0 979
cpu 3 3137551 2 189281 25263962 62780 0 1824
cpu 2 3041356 1 208187 25316197 84655 0 1234
cpu 5 2930712 0 152762 25477891 91522 0 3091
cpu 4 2847803 1 178308 25447392 171101 0 7319
cpu 7 3463868 0 150376 24996446 49302 0 886
cpu 6 3234627 1 140041 25221175 61651 0 2404
cpu 9 3013569 2 129836 25463399 52099 0 487
cpu 8 3149200 81 138764 25280870 53617 0 9431
intel_hsw_cbo 1/7 20971793 20972340 20975390 20972852 17217084657055 758126774873 2564169300673 460029436243
intel_hsw_cbo 1/6 20971793 20972340 20975390 20972852 16502765380891 759518711772 2418430241872 460347472039
intel_hsw_cbo 1/0 20971793 20972340 20975390 20972852 15918418264925 757850218958 2233211190421 460179346371
intel_hsw_cbo 1/4 20971793 20972340 20975390 20972852 16235998709567 760491941138 2042033633511 460135914802
intel_hsw_cbo 1/3 20971793 20972340 20975390 20972852 18867403774022 758633929612 2840253007375 460208144556
intel_hsw_cbo 1/1 20971793 20972340 20975390 20972852 16107536547609 759519580755 2352088232475 460127486979
intel_hsw_cbo 0/8 20971793 20972340 20975390 20972852 15139533731543 702979116471 2130591295559 427836095781
intel_hsw_cbo 0/9 20971793 20972340 20975390 20972852 16781200655310 701664998132 2727988098134 427897046478
intel_hsw_cbo 0/6 20971793 20972340 20975390 20972852 16693233469882 757205591613 2244380350886 463225989141
intel_hsw_cbo 0/7 20971793 20972340 20975390 20972852 18078301335729 757056935875 2428405435315 463100300267
intel_hsw_cbo 0/4 20971793 20972340 20975390 20972852 16451164726401 758524720457 2059417154295 463265151225
intel_hsw_cbo 0/5 20971793 20972340 20975390 20972852 20095558848756 754242935608 2449912351917 463420833543
intel_hsw_cbo 0/2 20971793 20972340 20975390 20972852 16000603058110 756442378931 2012758473609 463014269589
intel_hsw_cbo 0/3 20971793 20972340 20975390 20972852 20777349125825 756290792495 2748269496726 463119470717
intel_hsw_cbo 0/0 20971793 20972340 20975390 20972852 16399968180113 756516269322 2245429261050 463561740866
intel_hsw_cbo 0/1 20971793 20972340 20975390 20972852 16810560109573 757477670076 2199363656841 463304631909
intel_hsw_cbo 1/9 20971793 20972340 20975390 20972852 16472357998577 703725892739 2889771427558 425347069178
intel_hsw_cbo 1/5 20971793 20972340 20975390 20972852 18242611663780 756266767378 2550758986984 460578731891
intel_hsw_cbo 1/8 20971793 20972340 20975390 20972852 14880559686172 704773618751 2293264860880 425383394396
intel_hsw_cbo 1/2 20971793 20972340 20975390 20972852 15599039329829 758237523140 1979075955686 460282955237
intel_hsw_hau ff/12.5 20972289 20974593 20971520 20975386 6177698765359 1750871356719 107687185481384 1754839272478
intel_hsw_hau 7f/12.1 20972289 20974593 20971520 20975386 5040020995563 1613177413622 101228532030112 1618215787625
intel_hsw_hau ff/12.1 20972289 20974593 20971520 20975386 7037624372199 2232966743059 107687185481621 2239401941191
intel_hsw_hau 7f/12.5 20972289 20974593 20971520 20975386 4725305189417 1484853933105 101228533121445 1488338896760
intel_hsw_imc ff/14.1 20972292 20974596 20974337 20971778 3074834951149 880266927251 3147608157511 1747075237454 0
intel_hsw_imc ff/14.0 20972292 20974596 20974337 20971778 3942873424043 1367596647006 3488862228735 1517161426436 0
intel_hsw_imc 7f/17.1 20972292 20974596 20974337 20971778 2355912669462 746754687311 2478937750990 1336893076767 0
intel_hsw_imc 7f/17.0 20972292 20974596 20974337 20971778 2354410303077 746691565977 2478151576925 1344454796547 0
intel_hsw_imc 7f/14.0 20972292 20974596 20974337 20971778 2669909576586 879015694902 2571216450341 1081292062545 0
intel_hsw_imc 7f/14.1 20972292 20974596 20974337 20971778 2351459894956 746657362707 2461390743282 1325646282542 0
intel_hsw_imc ff/17.0 20972292 20974596 20974337 20971778 3077568629492 880384105811 3171805144880 1772640929560 0
intel_hsw_imc ff/17.1 20972292 20974596 20974337 20971778 3078626369667 880283955242 3170389482726 1759713479865 0
intel_hsw_qpi ff/08.2 6291712 6292480 6293506 6292483 3872836426650 2718003168316 10674164076856 0
intel_hsw_qpi 7f/08.2 6291712 6292480 6293506 6292483 2715072379999 3876219037958 13752584924102 0
intel_hsw_qpi 7f/09.2 6291712 6292480 6293506 6292483 2715745253011 3876006608461 12566801786040 0
intel_hsw_qpi ff/09.2 6291712 6292480 6293506 6292483 3872859168824 2717497383917 11696584113848 0
intel_hsw_r2pci 7f/10.1 20972580 20975369 20975367 20975368 4725943926 25002372833619 26992279962224 31606886062140
intel_hsw_r2pci ff/10.1 20972580 20975369 20975367 20975368 47218812 23526971413562 26279907248774 29858571505781
mem 1 82566752 31503808 51062944 11372972 38960896 112 0 50249500 12975744 84476 37720 0 0 432960 0 0 0
mem 0 82341048 14068328 68272720 16700164 49611852 216 0 65852644 33602592 462540 107552 0 0 615324 24576 0 0
net vnet23 0 0 8311157 0 0 0 0 0 0 0 0 0 65730 0 496079513 0 0 0 0 0 0 91523 0
net enp6s0f0 0 0 0 0 0 0 0 0 0 0 0 0 0 0 6606 0 0 0 0 0 0 93 0
net vnet47 0 0 121295 0 0 0 0 0 0 0 0 0 511 0 63672 0 0 0 0 0 0 536 0
net vnet20 0 0 11513340 0 0 0 0 0 0 0 0 0 81587 0 1150527319 0 0 0 0 0 0 135953 0
net enp1s0f0 0 1333204 78054166655 0 0 0 0 371 0 0 371 0 81233671 0 1598870394 0 0 0 0 0 0 9067481 0
net lo 0 0 60780715 0 0 0 0 0 0 0 0 0 483572 0 60780715 0 0 0 0 0 0 483572 0
net vnet24 0 0 583459 0 0 0 0 0 0 0 0 0 7108 0 80668401 0 0 0 0 0 0 19778 0
net vnet38 0 0 438643 0 0 0 0 0 0 0 0 0 4173 0 64702574 0 0 0 0 0 0 8642 0
net vnet21 0 0 11160888 0 0 0 0 0 0 0 0 0 77662 0 1150519702 0 0 0 0 0 0 132827 0
net virbr0 0 1356 376608596 0 0 0 0 0 0 0 0 0 5004784 0 70467653639 0 0 0 0 0 0 7229309 0
numa 1 2585824704 18927329 1008175 29040 1605732281 998585922
numa 0 2115141453 1008175 18927329 28452 1146121140 969769253
ps - 850285442 1551786 323 319 318 6 777
sysv_shm - 0 0
tmpfs /run/lock 0 6
tmpfs /run 2228224 1149
tmpfs /run/user/20029 4096 44
tmpfs /run/qemu 0 1
tmpfs /dev/shm 75714981888 271263
vfs - 298248 123425 308130
vm - 12 31492919 1313935540 520887 2496526 4715944349 4729503659 102593489 21928526 4419992728 79154 0 0 0 0 0 2714357 0 1121522 2855 0 2498084 98 0 34 0 0

1764551989.932114 0 node12.dhkim-278716.ldos-ut-pg0.wisc.cloudlab.us
block sda 524263 408648 62970831 9467173 5564621 14809977 2627871657 239139447 0 17223808 252743081
block sdb 2615 0 7504 3511 4 0 0 0 0 4252 3512
block sdc 995 0 7996 261 4 0 0 0 0 960 262
cpu 11 3368338 2 178617 24856082 167067 0 2092
cpu 10 3504891 13 159754 24805032 111375 0 1083
cpu 13 3207917 0 136419 25168412 55936 0 309
cpu 12 3270901 2 152656 25047281 100765 0 812
cpu 15 2954806 0 143915 25389787 74324 0 589
cpu 14 2918888 1 135021 25458147 51922 0 262
cpu 17 3048719 10 140269 25306943 67807 0 404
cpu 16 3007058 0 161341 25245606 145374 0 1478
cpu 19 3028915 0 165537 25241238 122899 0 1146
cpu 18 3155555 2 143317 25213251 52576 0 369
cpu 1 3381410 12 187319 25008952 63019 0 3068
cpu 0 3351461 2 170444 24981975 64837 0 979
cpu 3 3137581 2 189282 25264032 62780 0 1824
cpu 2 3041385 1 208188 25316269 84655 0 1234
cpu 5 2930720 0 152764 25477984 91522 0 3091
cpu 4 2847816 1 178310 25447478 171101 0 7319
cpu 7 3463882 0 150380 24996531 49302 0 886
cpu 6 3234636 1 140042 25221268 61651 0 2404
cpu 9 3013569 2 129837 25463500 52099 0 487
cpu 8 3149200 81 138764 25280973 53617 0 9431
intel_hsw_cbo 1/7 20971793 20972340 20975390 20972852 17217085727731 758127044893 2564169348529 460029529713
intel_hsw_cbo 1/6 20971793 20972340 20975390 20972852 16502766409765 759518977309 2418430367679 460347566747
intel_hsw_cbo 1/0 20971793 20972340 20975390 20972852 15918419335140 757850487344 2233211700141 460179440912
intel_hsw_cbo 1/4 20971793 20972340 20975390 20972852 16235999710478 760492214407 2042034114667 460136008276
intel_hsw_cbo 1/3 20971793 20972340 20975390 20972852 18867404886422 758634195066 2840253118706 460208239534
intel_hsw_cbo 1/1 20971793 20972340 20975390 20972852 16107537534768 759519851201 2352088420060 460127581902
intel_hsw_cbo 0/8 20971793 20972340 20975390 20972852 15139546777193 702982383589 2130592970799 427837366598
intel_hsw_cbo 0/9 20971793 20972340 20975390 20972852 16781213552917 701668313261 2727989199299 427898316127
intel_hsw_cbo 0/6 20971793 20972340 20975390 20972852 16693246966146 757209091093 2244381981192 463227353045
intel_hsw_cbo 0/7 20971793 20972340 20975390 20972852 18078314246294 757060466718 2428406199333 463101667898
intel_hsw_cbo 0/4 20971793 20972340 20975390 20972852 16451177700588 758528240233 2059419307720 463266517112
intel_hsw_cbo 0/5 20971793 20972340 20975390 20972852 20095571821583 754246437324 2449913195912 463422205406
intel_hsw_cbo 0/2 20971793 20972340 20975390 20972852 16000616028856 756445868070 2012760658779 463015645392
intel_hsw_cbo 0/3 20971793 20972340 20975390 20972852 20777362444098 756294331832 2748270724974 463120842913
intel_hsw_cbo 0/0 20971793 20972340 20975390 20972852 16399981146905 756519798747 2245431385684 463563118100
intel_hsw_cbo 0/1 20971793 20972340 20975390 20972852 16810573124172 757481156384 2199365423496 463305992156
intel_hsw_cbo 1/9 20971793 20972340 20975390 20972852 16472359021236 703726139882 2889771542539 425347160688
intel_hsw_cbo 1/5 20971793 20972340 20975390 20972852 18242612782363 756267033200 2550759033544 460578825860
intel_hsw_cbo 1/8 20971793 20972340 20975390 20972852 14880560624171 704773870559 2293265012412 425383485064
intel_hsw_cbo 1/2 20971793 20972340 20975390 20972852 15599040300686 758237792812 1979076464601 460283049783
intel_hsw_hau ff/12.5 20972289 20974593 20971520 20975386 6177699276346 1750871471832 107689152821154 1754839392008
intel_hsw_hau 7f/12.1 20972289 20974593 20971520 20975386 5040024947355 1613179507562 101230569221046 1618217893009
intel_hsw_hau ff/12.1 20972289 20974593 20971520 20975386 7037625560537 2232967097119 107689152845293 2239402305500
intel_hsw_hau 7f/12.5 20972289 20974593 20971520 20975386 4725307905472 1484855347345 101230570286479 1488340312167
intel_hsw_imc ff/14.1 20972292 20974596 20974337 20971778 3074835205188 880266986567 3147608266457 1747075249094 0
intel_hsw_imc ff/14.0 20972292 20974596 20974337 20971778 3942874370337 1367596967600 3488862464611 1517161463816 0
intel_hsw_imc 7f/17.1 20972292 20974596 20974337 20971778 2355914027661 746755395818 2478939072028 1336893283189 0
intel_hsw_imc 7f/17.0 20972292 20974596 20974337 20971778 2354411704984 746692319201 2478152942529 1344455005209 0
intel_hsw_imc 7f/14.0 20972292 20974596 20974337 20971778 2669912169898 879017093013 2571218544365 1081292363305 0
intel_hsw_imc 7f/14.1 20972292 20974596 20974337 20971778 2351461318478 746658136354 2461392132105 1325646491546 0
intel_hsw_imc ff/17.0 20972292 20974596 20974337 20971778 3077568883212 880384165295 3171805254002 1772640941271 0
intel_hsw_imc ff/17.1 20972292 20974596 20974337 20971778 3078626636610 880284026129 3170389604579 1759713492031 0
intel_hsw_qpi ff/08.2 6291712 6292480 6293506 6292483 3872837247610 2718006990250 10674164744000 0
intel_hsw_qpi 7f/08.2 6291712 6292480 6293506 6292483 2715076198564 3876219857548 13752585775774 0
intel_hsw_qpi 7f/09.2 6291712 6292480 6293506 6292483 2715749074878 3876007429466 12566802470728 0
intel_hsw_qpi ff/09.2 6291712 6292480 6293506 6292483 3872859988380 2717501202587 11696585102064 0
intel_hsw_r2pci 7f/10.1 20972580 20975369 20975367 20975368 4725951012 25002422639182 26992323456797 31606939205661
intel_hsw_r2pci ff/10.1 20972580 20975369 20975367 20975368 47218964 23526977658027 26279921333261 29858586578157
mem 1 82566752 31503808 51062944 11372976 38961484 52 0 50249512 12975744 85032 37764 0 0 432960 0 0 0
mem 0 82341048 14068580 68272468 16700156 49611680 36 0 65852648 33602592 462344 107472 0 0 615324 24576 0 0
net vnet23 0 0 8311157 0 0 0 0 0 0 0 0 0 65730 0 496079513 0 0 0 0 0 0 91523 0
net enp6s0f0 0 0 0 0 0 0 0 0 0 0 0 0 0 0 6606 0 0 0 0 0 0 93 0
net vnet47 0 0 121295 0 0 0 0 0 0 0 0 0 511 0 63672 0 0 0 0 0 0 536 0
net vnet20 0 0 11513340 0 0 0 0 0 0 0 0 0 81587 0 1150527319 0 0 0 0 0 0 135953 0
net enp1s0f0 0 1333210 78054172472 0 0 0 0 371 0 0 371 0 81233760 0 1598871105 0 0 0 0 0 0 9067486 0
net lo 0 0 60781260 0 0 0 0 0 0 0 0 0 483576 0 60781260 0 0 0 0 0 0 483576 0
net vnet24 0 0 583459 0 0 0 0 0 0 0 0 0 7108 0 80668401 0 0 0 0 0 0 19778 0
net vnet38 0 0 438643 0 0 0 0 0 0 0 0 0 4173 0 64702574 0 0 0 0 0 0 8642 0
net vnet21 0 0 11160888 0 0 0 0 0 0 0 0 0 77662 0 1150519702 0 0 0 0 0 0 132827 0
net virbr0 0 1356 376608596 0 0 0 0 0 0 0 0 0 5004784 0 70467653639 0 0 0 0 0 0 7229309 0
numa 1 2585826302 18927329 1008175 29040 1605733879 998585922
numa 0 2115141704 1008175 18927329 28452 1146121391 969769253
ps - 850294231 1551798 323 319 318 4 778
sysv_shm - 0 0
tmpfs /run/lock 0 6
tmpfs /run 2228224 1149
tmpfs /run/user/20029 4096 44
tmpfs /run/qemu 0 1
tmpfs /dev/shm 75714990080 271264
vfs - 298249 123385 308132
vm - 12 31492919 1313935828 520887 2496526 4715946198 4729505492 102593489 21928526 4419994888 79154 0 0 0 0 0 2714357 0 1121522 2855 0 2498084 98 0 34 0 0

1764551990.967055 0 node12.dhkim-278716.ldos-ut-pg0.wisc.cloudlab.us
block sda 524263 408648 62970831 9467173 5564623 14809977 2627871673 239139449 0 17223812 252743083
block sdb 2615 0 7504 3511 4 0 0 0 0 4252 3512
block sdc 995 0 7996 261 4 0 0 0 0 960 262
cpu 11 3368338 2 178617 24856183 167067 0 2092
cpu 10 3504892 13 159755 24805135 111375 0 1083
cpu 13 3207918 0 136420 25168513 55936 0 309
cpu 12 3270902 2 152656 25047383 100765 0 812
cpu 15 2954806 0 143915 25389889 74324 0 589
cpu 14 2918888 1 135021 25458250 51922 0 262
cpu 17 3048720 10 140269 25307046 67807 0 404
cpu 16 3007059 0 161342 25245709 145374 0 1478
cpu 19 3028917 0 165538 25241341 122899 0 1146
cpu 18 3155556 2 143318 25213353 52576 0 369
cpu 1 3381421 12 187319 25009042 63019 0 3068
cpu 0 3351490 2 170446 24982044 64837 0 979
cpu 3 3137608 2 189283 25264108 62780 0 1824
cpu 2 3041479 1 208188 25316278 84655 0 1234
cpu 5 2930726 0 152764 25478080 91522 0 3091
cpu 4 2847845 1 178310 25447551 171101 0 7319
cpu 7 3463889 0 150380 24996625 49302 0 886
cpu 6 3234687 1 140042 25221319 61651 0 2404
cpu 9 3013569 2 129838 25463602 52099 0 487
cpu 8 3149200 81 138764 25281076 53617 0 9431
intel_hsw_cbo 1/7 20971793 20972340 20975390 20972852 17217086513722 758127297485 2564169392584 460029622586
intel_hsw_cbo 1/6 20971793 20972340 20975390 20972852 16502767188973 759519225010 2418430428304 460347659415
intel_hsw_cbo 1/0 20971793 20972340 20975390 20972852 15918420140328 757850739534 2233212304998 460179533110
intel_hsw_cbo 1/4 20971793 20972340 20975390 20972852 16236000602442 760492471968 2042034737564 460136100410
intel_hsw_cbo 1/3 20971793 20972340 20975390 20972852 18867405702733 758634445102 2840253238174 460208331951
intel_hsw_cbo 1/1 20971793 20972340 20975390 20972852 16107538347518 759520104936 2352088579603 460127674295
intel_hsw_cbo 0/8 20971793 20972340 20975390 20972852 15139565033273 702986716177 2130595317763 427838973484
intel_hsw_cbo 0/9 20971793 20972340 20975390 20972852 16781233506911 701672711285 2727991356089 427899921150
intel_hsw_cbo 0/6 20971793 20972340 20975390 20972852 16693266751864 757213733106 2244384595430 463229084612
intel_hsw_cbo 0/7 20971793 20972340 20975390 20972852 18078332593258 757065081489 2428408128605 463103410683
intel_hsw_cbo 0/4 20971793 20972340 20975390 20972852 16451195394735 758532908617 2059421394846 463268258500
intel_hsw_cbo 0/5 20971793 20972340 20975390 20972852 20095591238743 754251056920 2449915384438 463423944004
intel_hsw_cbo 0/2 20971793 20972340 20975390 20972852 16000635665927 756450467855 2012762443722 463017389185
intel_hsw_cbo 0/3 20971793 20972340 20975390 20972852 20777381314682 756299007505 2748273618607 463122577252
intel_hsw_cbo 0/0 20971793 20972340 20975390 20972852 16400000627700 756524489622 2245433261396 463564861611
intel_hsw_cbo 0/1 20971793 20972340 20975390 20972852 16810591973902 757485763100 2199367630637 463307718410
intel_hsw_cbo 1/9 20971793 20972340 20975390 20972852 16472359841781 703726373226 2889771668776 425347250329
intel_hsw_cbo 1/5 20971793 20972340 20975390 20972852 18242613583411 756267282748 2550759074635 460578917370
intel_hsw_cbo 1/8 20971793 20972340 20975390 20972852 14880561407644 704774109511 2293265116742 425383574475
intel_hsw_cbo 1/2 20971793 20972340 20975390 20972852 15599041205538 758238046542 1979077134307 460283142795
intel_hsw_hau ff/12.5 20972289 20974593 20971520 20975386 6177699763323 1750871588883 107691870093310 1754839513609
intel_hsw_hau 7f/12.1 20972289 20974593 20971520 20975386 5040030400403 1613183079243 101233390338828 1618221474748
intel_hsw_hau ff/12.1 20972289 20974593 20971520 20975386 7037626705504 2232967448734 107691870109181 2239402667484
intel_hsw_hau 7f/12.5 20972289 20974593 20971520 20975386 4725311638197 1484857701818 101233391414179 1488342667436
intel_hsw_imc ff/14.1 20972292 20974596 20974337 20971778 3074835447571 880267047013 3147608370520 1747075260595 0
intel_hsw_imc ff/14.0 20972292 20974596 20974337 20971778 3942875282291 1367597281854 3488862687028 1517161500592 0
intel_hsw_imc 7f/17.1 20972292 20974596 20974337 20971778 2355915896080 746756572658 2478941046911 1336893617440 0
intel_hsw_imc 7f/17.0 20972292 20974596 20974337 20971778 2354413625705 746693550736 2478154972772 1344455342077 0
intel_hsw_imc 7f/14.0 20972292 20974596 20974337 20971778 2669915747117 879019496574 2571221851348 1081292885563 0
intel_hsw_imc 7f/14.1 20972292 20974596 20974337 20971778 2351463268904 746659392916 2461394192666 1325646828879 0
intel_hsw_imc ff/17.0 20972292 20974596 20974337 20971778 3077569124608 880384225908 3171805358489 1772640952931 0
intel_hsw_imc ff/17.1 20972292 20974596 20974337 20971778 3078626889313 880284096007 3170389719711 1759713504052 0
intel_hsw_qpi ff/08.2 6291712 6292480 6293506 6292483 3872838038801 2718012950301 10674165393520 0
intel_hsw_qpi 7f/08.2 6291712 6292480 6293506 6292483 2715082154185 3876220649930 13752586558022 0
intel_hsw_qpi 7f/09.2 6291712 6292480 6293506 6292483 2715755034915 3876008220672 12566803092848 0
intel_hsw_qpi ff/09.2 6291712 6292480 6293506 6292483 3872860780712 2717507158234 11696586068816 0
intel_hsw_r2pci 7f/10.1 20972580 20975369 20975367 20975368 4725956582 25002482132281 26992420141850 31607029463796
intel_hsw_r2pci ff/10.1 20972580 20975369 20975367 20975368 47219122 23526984225176 26279941013417 29858607261959
mem 1 82566752 31504312 51062440 11372976 38961560 128 0 50249520 12975776 85100 37724 0 0 432992 0 0 0
mem 0 82341048 14069512 68271536 16700156 49611680 144 0 65852652 33602592 462348 107472 0 0 615324 24576 0 0
net vnet23 0 0 8311157 0 0 0 0 0 0 0 0 0 65730 0 496079565 0 0 0 0 0 0 91524 0
net enp6s0f0 0 0 0 0 0 0 0 0 0 0 0 0 0 0 6606 0 0 0 0 0 0 93 0
net vnet47 0 0 121295 0 0 0 0 0 0 0 0 0 511 0 63724 0 0 0 0 0 0 537 0
net vnet20 0 0 11513340 0 0 0 0 0 0 0 0 0 81587 0 1150527371 0 0 0 0 0 0 135954 0
net enp1s0f0 0 1333216 78054178829 0 0 0 0 371 0 0 371 0 81233858 0 1598871816 0 0 0 0 0 0 9067491 0
net lo 0 0 60781805 0 0 0 0 0 0 0 0 0 483580 0 60781805 0 0 0 0 0 0 483580 0
net vnet24 0 0 583459 0 0 0 0 0 0 0 0 0 7108 0 80668453 0 0 0 0 0 0 19779 0
net vnet38 0 0 438643 0 0 0 0 0 0 0 0 0 4173 0 64702626 0 0 0 0 0 0 8643 0
net vnet21 0 0 11160888 0 0 0 0 0 0 0 0 0 77662 0 1150519754 0 0 0 0 0 0 132828 0
net virbr0 0 1356 376608596 0 0 0 0 0 0 0 0 0 5004784 0 70467653639 0 0 0 0 0 0 7229309 0
numa 1 2585827863 18927329 1008175 29040 1605735440 998585922
numa 0 2115141958 1008175 18927329 28452 1146121645 969769253
ps - 850300649 1551809 323 319 318 3 778
sysv_shm - 0 0
tmpfs /run/lock 0 6
tmpfs /run 2228224 1149
tmpfs /run/user/20029 4096 44
tmpfs /run/qemu 0 1
tmpfs /dev/shm 75714990080 271264
vfs - 298249 123385 308132
vm - 12 31492919 1313935836 520887 2496526 4715948013 4729507299 102593490 21928526 4419996983 79154 0 0 0 0 0 2714357 0 1121522 2855 0 2498084 98 0 34 0 0

1764551991.998178 0 node12.dhkim-278716.ldos-ut-pg0.wisc.cloudlab.us
block sda 524263 408648 62970831 9467173 5564832 14810561 2628142905 239159406 8 17224696 252763039
block sdb 2615 0 7504 3511 4 0 0 0 0 4252 3512
block sdc 995 0 7996 261 4 0 0 0 0 960 262
cpu 11 3368338 2 178617 24856284 167067 0 2092
cpu 10 3504894 13 159756 24805237 111375 0 1083
cpu 13 3207918 0 136421 25168616 55936 0 309
cpu 12 3270902 2 152656 25047484 100765 0 812
cpu 15 2954807 0 143915 25389973 74343 0 589
cpu 14 2918888 1 135021 25458352 51922 0 262
cpu 17 3048720 10 140269 25307149 67807 0 404
cpu 16 3007059 0 161342 25245803 145382 0 1478
cpu 19 3028918 0 165539 25241442 122899 0 1146
cpu 18 3155556 2 143318 25213455 52576 0 369
cpu 1 3381437 12 187320 25009099 63046 0 3068
cpu 0 3351510 2 170453 24982070 64887 0 979
cpu 3 3137620 2 189283 25264145 62828 0 1824
cpu 2 3041483 1 208192 25316351 84675 0 1234
cpu 5 2930752 0 152766 25478129 91546 0 3091
cpu 4 2847901 1 178311 25447585 171111 0 7319
cpu 7 3463898 0 150382 24996654 49362 0 886
cpu 6 3234713 1 140044 25221349 61694 0 2404
cpu 9 3013569 2 129838 25463705 52099 0 487
cpu 8 3149200 81 138764 25281179 53617 0 9431
intel_hsw_cbo 1/7 20971793 20972340 20975390 20972852 17217087451920 758127540252 2564169488683 460029707780
intel_hsw_cbo 1/6 20971793 20972340 20975390 20972852 16502767993156 759519462277 2418430498894 460347744419
intel_hsw_cbo 1/0 20971793 20972340 20975390 20972852 15918420939948 757850979836 2233212560028 460179618357
intel_hsw_cbo 1/4 20971793 20972340 20975390 20972852 16236001431817 760492717022 2042035008502 460136184596
intel_hsw_cbo 1/3 20971793 20972340 20975390 20972852 18867406572458 758634683667 2840253378685 460208417857
intel_hsw_cbo 1/1 20971793 20972340 20975390 20972852 16107539190016 759520347152 2352088655785 460127759430
intel_hsw_cbo 0/8 20971793 20972340 20975390 20972852 15139576151998 702989909417 2130598188277 427840440936
intel_hsw_cbo 0/9 20971793 20972340 20975390 20972852 16781245792036 701676012733 2727993326535 427901388393
intel_hsw_cbo 0/6 20971793 20972340 20975390 20972852 16693278170439 757217112836 2244387420566 463230665552
intel_hsw_cbo 0/7 20971793 20972340 20975390 20972852 18078343342195 757068467864 2428409881563 463104995038
intel_hsw_cbo 0/4 20971793 20972340 20975390 20972852 16451207034384 758536370426 2059422830117 463269885836
intel_hsw_cbo 0/5 20971793 20972340 20975390 20972852 20095602660018 754254501726 2449917368250 463425517432
intel_hsw_cbo 0/2 20971793 20972340 20975390 20972852 16000647281055 756453822787 2012763734633 463018980788
intel_hsw_cbo 0/3 20971793 20972340 20975390 20972852 20777392868254 756302446798 2748276173788 463124173933
intel_hsw_cbo 0/0 20971793 20972340 20975390 20972852 16400011683906 756527913242 2245434828171 463566443786
intel_hsw_cbo 0/1 20971793 20972340 20975390 20972852 16810603400453 757489221972 2199370449710 463309326160
intel_hsw_cbo 1/9 20971793 20972340 20975390 20972852 16472360678245 703726596439 2889771791278 425347333367
intel_hsw_cbo 1/5 20971793 20972340 20975390 20972852 18242614428220 756267521060 2550759174986 460579003151
intel_hsw_cbo 1/8 20971793 20972340 20975390 20972852 14880562230490 704774336670 2293265181438 425383657580
intel_hsw_cbo 1/2 20971793 20972340 20975390 20972852 15599041996080 758238289345 1979077405093 460283229190
intel_hsw_hau ff/12.5 20972289 20974593 20971520 20975386 6177700254827 1750871705072 107694571646984 1754839635086
intel_hsw_hau 7f/12.1 20972289 20974593 20971520 20975386 5040036275036 1613185557543 101236187146104 1618223963623
intel_hsw_hau ff/12.1 20972289 20974593 20971520 20975386 7037627858920 2232967798768 107694571690135 2239403028859
intel_hsw_hau 7f/12.5 20972289 20974593 20971520 20975386 4725314693770 1484859419153 101236188189945 1488344385493
intel_hsw_imc ff/14.1 20972292 20974596 20974337 20971778 3074835690906 880267107188 3147608474886 1747075272269 0
intel_hsw_imc ff/14.0 20972292 20974596 20974337 20971778 3942876199630 1367597594654 3488862909147 1517161537186 0
intel_hsw_imc 7f/17.1 20972292 20974596 20974337 20971778 2355917423666 746757430726 2478942614418 1336893862802 0
intel_hsw_imc 7f/17.0 20972292 20974596 20974337 20971778 2354415204214 746694461293 2478156592826 1344455590715 0
intel_hsw_imc 7f/14.0 20972292 20974596 20974337 20971778 2669920089903 879021124540 2571224430128 1081293243432 0
intel_hsw_imc 7f/14.1 20972292 20974596 20974337 20971778 2351464870743 746660327319 2461395839464 1325647078259 0
intel_hsw_imc ff/17.0 20972292 20974596 20974337 20971778 3077569369266 880384286741 3171805464364 1772640964688 0
intel_hsw_imc ff/17.1 20972292 20974596 20974337 20971778 3078627142492 880284164753 3170389834961 1759713516225 0
intel_hsw_qpi ff/08.2 6291712 6292480 6293506 6292483 3872838811888 2718018324364 10674166039376 0
intel_hsw_qpi 7f/08.2 6291712 6292480 6293506 6292483 2715087522055 3876221423827 13752587399438 0
intel_hsw_qpi 7f/09.2 6291712 6292480 6293506 6292483 2715760407648 3876008993781 12566803740792 0
intel_hsw_qpi ff/09.2 6291712 6292480 6293506 6292483 3872861554503 2717512529383 11696587003496 0
intel_hsw_r2pci 7f/10.1 20972580 20975369 20975367 20975368 4725963486 25002528396436 26992451670062 31607072189425
intel_hsw_r2pci ff/10.1 20972580 20975369 20975367 20975368 47219270 23526990315617 26279958915213 29858625880805
mem 1 82566752 31504312 51062440 11372976 38960548 96 0 50249532 12975744 84056 37700 0 0 432968 0 0 0
mem 0 82341048 14068504 68272544 16700260 49612916 136 0 65852768 33602656 463664 107652 0 0 615436 24576 0 0
net vnet23 0 0 8311157 0 0 0 0 0 0 0 0 0 65730 0 496079565 0 0 0 0 0 0 91524 0
net enp6s0f0 0 0 0 0 0 0 0 0 0 0 0 0 0 0 6606 0 0 0 0 0 0 93 0
net vnet47 0 0 121295 0 0 0 0 0 0 0 0 0 511 0 63724 0 0 0 0 0 0 537 0
net vnet20 0 0 11513340 0 0 0 0 0 0 0 0 0 81587 0 1150527371 0 0 0 0 0 0 135954 0
net enp1s0f0 0 1333221 78054184466 0 0 0 0 371 0 0 371 0 81233944 0 1598872527 0 0 0 0 0 0 9067496 0
net lo 0 0 60782350 0 0 0 0 0 0 0 0 0 483584 0 60782350 0 0 0 0 0 0 483584 0
net vnet24 0 0 583459 0 0 0 0 0 0 0 0 0 7108 0 80668453 0 0 0 0 0 0 19779 0
net vnet38 0 0 438643 0 0 0 0 0 0 0 0 0 4173 0 64702626 0 0 0 0 0 0 8643 0
net vnet21 0 0 11160888 0 0 0 0 0 0 0 0 0 77662 0 1150519754 0 0 0 0 0 0 132828 0
net virbr0 0 1356 376608596 0 0 0 0 0 0 0 0 0 5004784 0 70467653639 0 0 0 0 0 0 7229309 0
numa 1 2585829089 18927329 1008175 29040 1605736666 998585922
numa 0 2115143320 1008175 18927329 28452 1146123007 969769253
ps - 850315679 1551849 322 319 318 1 807
sysv_shm - 0 0
tmpfs /run/lock 0 6
tmpfs /run 2228224 1149
tmpfs /run/user/20029 4096 44
tmpfs /run/qemu 0 1
tmpfs /dev/shm 75715039232 271271
vfs - 298256 123425 308142
vm - 12 31492919 1314075296 520887 2496526 4715950602 4729509547 102593507 21928526 4419999280 79154 0 0 0 0 0 2714357 0 1121522 2855 0 2498084 98 0 34 0 0

1764551993.028005 0 node12.dhkim-278716.ldos-ut-pg0.wisc.cloudlab.us
block sda 524263 408648 62970831 9467173 5565025 14810844 2628335273 239170567 0 17225516 252774539
block sdb 2615 0 7504 3511 4 0 0 0 0 4252 3512
block sdc 995 0 7996 261 4 0 0 0 0 960 262
cpu 11 3368338 2 178617 24856385 167067 0 2092
cpu 10 3504895 13 159758 24805339 111375 0 1083
cpu 13 3207919 0 136421 25168718 55936 0 309
cpu 12 3270903 2 152656 25047585 100765 0 812
cpu 15 2954807 0 143917 25390055 74362 0 589
cpu 14 2918888 1 135022 25458454 51922 0 262
cpu 17 3048720 10 140270 25307251 67807 0 404
cpu 16 3007061 0 161342 25245905 145382 0 1478
cpu 19 3028918 0 165540 25241544 122899 0 1146
cpu 18 3155556 2 143318 25213557 52576 0 369
cpu 1 3381445 12 187321 25009162 63072 0 3068
cpu 0 3351568 2 170454 24982095 64906 0 979
cpu 3 3137649 2 189284 25264162 62884 0 1824
cpu 2 3041486 1 208194 25316410 84712 0 1234
cpu 5 2930768 0 152766 25478179 91580 0 3091
cpu 4 2847919 1 178315 25447624 171151 0 7319
cpu 7 3463934 0 150384 24996698 49381 0 886
cpu 6 3234791 1 140048 25221366 61697 0 2404
cpu 9 3013569 2 129838 25463808 52099 0 487
cpu 8 3149200 81 138764 25281281 53617 0 9431
intel_hsw_cbo 1/7 20971793 20972340 20975390 20972852 17217088339084 758127789154 2564169574706 460029797990
intel_hsw_cbo 1/6 20971793 20972340 20975390 20972852 16502768839714 759519705014 2418430580604 460347834431
intel_hsw_cbo 1/0 20971793 20972340 20975390 20972852 15918421711933 757851226561 2233212924744 460179707215
intel_hsw_cbo 1/4 20971793 20972340 20975390 20972852 16236002256544 760492968200 2042035427809 460136273854
intel_hsw_cbo 1/3 20971793 20972340 20975390 20972852 18867407451161 758634927541 2840253530239 460208506666
intel_hsw_cbo 1/1 20971793 20972340 20975390 20972852 16107539980904 759520594938 2352088729833 460127847869
intel_hsw_cbo 0/8 20971793 20972340 20975390 20972852 15139594741133 702995582930 2130601080989 427842578274
intel_hsw_cbo 0/9 20971793 20972340 20975390 20972852 16781264512840 701681808192 2727996790793 427903539084
intel_hsw_cbo 0/6 20971793 20972340 20975390 20972852 16693296868804 757223162243 2244390431808 463232975182
intel_hsw_cbo 0/7 20971793 20972340 20975390 20972852 18078362558454 757074569065 2428413177423 463107331310
intel_hsw_cbo 0/4 20971793 20972340 20975390 20972852 16451226546821 758542505230 2059425843304 463272238442
intel_hsw_cbo 0/5 20971793 20972340 20975390 20972852 20095622121157 754260559022 2449921108601 463427821699
intel_hsw_cbo 0/2 20971793 20972340 20975390 20972852 16000666529174 756459894113 2012766769786 463021300663
intel_hsw_cbo 0/3 20971793 20972340 20975390 20972852 20777412100477 756308589026 2748280760795 463126504039
intel_hsw_cbo 0/0 20971793 20972340 20975390 20972852 16400030502238 756533969367 2245438263962 463568772755
intel_hsw_cbo 0/1 20971793 20972340 20975390 20972852 16810622851317 757495362199 2199373450063 463311677487
intel_hsw_cbo 1/9 20971793 20972340 20975390 20972852 16472361478942 703726825748 2889771921304 425347421153
intel_hsw_cbo 1/5 20971793 20972340 20975390 20972852 18242615271901 756267764785 2550759267318 460579092416
intel_hsw_cbo 1/8 20971793 20972340 20975390 20972852 14880563057034 704774570293 2293265241920 425383743795
intel_hsw_cbo 1/2 20971793 20972340 20975390 20972852 15599042850480 758238537510 1979077805394 460283318607
intel_hsw_hau ff/12.5 20972289 20974593 20971520 20975386 6177700757480 1750871814929 107697179296704 1754839749482
intel_hsw_hau 7f/12.1 20972289 20974593 20971520 20975386 5040042981658 1613188946663 101238887195618 1618227364572
intel_hsw_hau ff/12.1 20972289 20974593 20971520 20975386 7037629011860 2232968135467 107697179282541 2239403376697
intel_hsw_hau 7f/12.5 20972289 20974593 20971520 20975386 4725318901015 1484861957776 101238888300755 1488346925316
intel_hsw_imc ff/14.1 20972292 20974596 20974337 20971778 3074835940984 880267163749 3147608581527 1747075283329 0
intel_hsw_imc ff/14.0 20972292 20974596 20974337 20971778 3942877111446 1367597898152 3488863129376 1517161570605 0
intel_hsw_imc 7f/17.1 20972292 20974596 20974337 20971778 2355919530981 746758702176 2478945047351 1336894210259 0
intel_hsw_imc 7f/17.0 20972292 20974596 20974337 20971778 2354417359290 746695781284 2478159073447 1344455940563 0
intel_hsw_imc 7f/14.0 20972292 20974596 20974337 20971778 2669924692951 879023257031 2571228051992 1081293687726 0
intel_hsw_imc 7f/14.1 20972292 20974596 20974337 20971778 2351467048847 746661670198 2461398343636 1325647430273 0
intel_hsw_imc ff/17.0 20972292 20974596 20974337 20971778 3077569619088 880384343965 3171805571711 1772640976047 0
intel_hsw_imc ff/17.1 20972292 20974596 20974337 20971778 3078627402284 880284230465 3170389952337 1759713527843 0
intel_hsw_qpi ff/08.2 6291712 6292480 6293506 6292483 3872839587237 2718024665370 10674166676432 0
intel_hsw_qpi 7f/08.2 6291712 6292480 6293506 6292483 2715093858234 3876222199055 13752588300862 0
intel_hsw_qpi 7f/09.2 6291712 6292480 6293506 6292483 2715766749847 3876009769174 12566804449704 0
intel_hsw_qpi ff/09.2 6291712 6292480 6293506 6292483 3872862329653 2717518862380 11696587935920 0
intel_hsw_r2pci 7f/10.1 20972580 20975369 20975367 20975368 4725970240 25002582316994 26992479696987 31607122436226
intel_hsw_r2pci ff/10.1 20972580 20975369 20975367 20975368 47219512 23526996943929 26279979599210 29858647405777
mem 1 82566752 31503560 51063192 11372996 38960768 152 0 50249552 12975744 84324 37860 0 0 432968 0 0 0
mem 0 82341048 14067496 68273552 16700256 49613220 196 0 65853124 33603012 463636 107652 0 0 615364 24576 0 0
net vnet23 0 0 8311157 0 0 0 0 0 0 0 0 0 65730 0 496079617 0 0 0 0 0 0 91525 0
net enp6s0f0 0 0 0 0 0 0 0 0 0 0 0 0 0 0 6606 0 0 0 0 0 0 93 0
net vnet47 0 0 121394 0 0 0 0 0 0 0 0 0 512 0 63892 0 0 0 0 0 0 539 0
net vnet20 0 0 11513340 0 0 0 0 0 0 0 0 0 81587 0 1150527423 0 0 0 0 0 0 135955 0
net enp1s0f0 0 1333225 78054191363 0 0 0 0 371 0 0 371 0 81234051 0 1598873238 0 0 0 0 0 0 9067501 0
net lo 0 0 60782895 0 0 0 0 0 0 0 0 0 483588 0 60782895 0 0 0 0 0 0 483588 0
net vnet24 0 0 583459 0 0 0 0 0 0 0 0 0 7108 0 80668505 0 0 0 0 0 0 19780 0
net vnet38 0 0 438643 0 0 0 0 0 0 0 0 0 4173 0 64702678 0 0 0 0 0 0 8644 0
net vnet21 0 0 11160888 0 0 0 0 0 0 0 0 0 77662 0 1150519806 0 0 0 0 0 0 132829 0
net virbr0 0 1356 376608681 0 0 0 0 0 0 0 0 0 5004785 0 70467653755 0 0 0 0 0 0 7229310 0
numa 1 2585830349 18927329 1008175 29040 1605737926 998585922
numa 0 2115144231 1008175 18927329 28452 1146123918 969769253
ps - 850328359 1551860 322 319 318 5 807
sysv_shm - 0 0
tmpfs /run/lock 0 6
tmpfs /run 2228224 1149
tmpfs /run/user/20029 4096 44
tmpfs /run/qemu 0 1
tmpfs /dev/shm 75715047424 271271
vfs - 298256 123705 308142
vm - 12 31492919 1314167636 520887 2496526 4715952772 4729511723 102593507 21928526 4420001401 79154 0 0 0 0 0 2714357 0 1121522 2855 0 2498084 98 0 34 0 0

1764551994.061429 0 node12.dhkim-278716.ldos-ut-pg0.wisc.cloudlab.us
block sda 524263 408648 62970831 9467173 5565025 14810844 2628335273 239170567 0 17225516 252774539
block sdb 2615 0 7504 3511 4 0 0 0 0 4252 3512
block sdc 995 0 7996 261 4 0 0 0 0 960 262
cpu 11 3368338 2 178617 24856487 167067 0 2092
cpu 10 3504896 13 159759 24805440 111375 0 1083
cpu 13 3207919 0 136421 25168820 55936 0 309
cpu 12 3270903 2 152657 25047687 100765 0 812
cpu 15 2954808 0 143917 25390158 74362 0 589
cpu 14 2918889 1 135023 25458555 51922 0 262
cpu 17 3048720 10 140270 25307354 67807 0 404
cpu 16 3007062 0 161342 25246007 145382 0 1478
cpu 19 3028918 0 165540 25241647 122899 0 1146
cpu 18 3155558 2 143319 25213658 52576 0 369
cpu 1 3381456 12 187321 25009254 63072 0 3068
cpu 0 3351610 2 170454 24982153 64906 0 979
cpu 3 3137667 2 189284 25264246 62884 0 1824
cpu 2 3041500 1 208194 25316496 84712 0 1234
cpu 5 2930785 0 152768 25478262 91580 0 3091
cpu 4 2847922 1 178315 25447720 171151 0 7319
cpu 7 3463990 0 150384 24996744 49381 0 886
cpu 6 3234887 1 140049 25221372 61697 0 2404
cpu 9 3013569 2 129838 25463911 52099 0 487
cpu 8 3149200 81 138764 25281383 53617 0 9431
intel_hsw_cbo 1/7 20971793 20972340 20975390 20972852 17217089207700 758128045752 2564169638393 460029890463
intel_hsw_cbo 1/6 20971793 20972340 20975390 20972852 16502769702938 759519956576 2418430676953 460347927002
intel_hsw_cbo 1/0 20971793 20972340 20975390 20972852 15918422572958 757851482827 2233213359489 460179800306
intel_hsw_cbo 1/4 20971793 20972340 20975390 20972852 16236003065903 760493228636 2042035869512 460136365956
intel_hsw_cbo 1/3 20971793 20972340 20975390 20972852 18867408296767 758635180186 2840253643224 460208599501
intel_hsw_cbo 1/1 20971793 20972340 20975390 20972852 16107540821068 759520852635 2352088862062 460127940786
intel_hsw_cbo 0/8 20971793 20972340 20975390 20972852 15139611912026 703002463680 2130602935911 427844720909
intel_hsw_cbo 0/9 20971793 20972340 20975390 20972852 16781282053228 701688825002 2728000978749 427905671950
intel_hsw_cbo 0/6 20971793 20972340 20975390 20972852 16693315562845 757230595067 2244392673931 463235309048
intel_hsw_cbo 0/7 20971793 20972340 20975390 20972852 18078380132097 757081997886 2428417539928 463109675625
intel_hsw_cbo 0/4 20971793 20972340 20975390 20972852 16451245660991 758549975847 2059427880256 463274588441
intel_hsw_cbo 0/5 20971793 20972340 20975390 20972852 20095639948072 754267964198 2449926059473 463430136086
intel_hsw_cbo 0/2 20971793 20972340 20975390 20972852 16000684594201 756467299323 2012768804140 463023633403
intel_hsw_cbo 0/3 20971793 20972340 20975390 20972852 20777431120179 756316101126 2748286402045 463128852091
intel_hsw_cbo 0/0 20971793 20972340 20975390 20972852 16400048145468 756541351700 2245440862612 463571091755
intel_hsw_cbo 0/1 20971793 20972340 20975390 20972852 16810641406762 757502887734 2199375388728 463314027654
intel_hsw_cbo 1/9 20971793 20972340 20975390 20972852 16472362277674 703727063875 2889772040984 425347511411
intel_hsw_cbo 1/5 20971793 20972340 20975390 20972852 18242616112705 756268017874 2550759327479 460579185247
intel_hsw_cbo 1/8 20971793 20972340 20975390 20972852 14880563847673 704774812204 2293265343193 425383834311
intel_hsw_cbo 1/2 20971793 20972340 20975390 20972852 15599043644896 758238793964 1979078254135 460283411509
intel_hsw_hau ff/12.5 20972289 20974593 20971520 20975386 6177701257453 1750871924542 107700167530530 1754839864000
intel_hsw_hau 7f/12.1 20972289 20974593 20971520 20975386 5040049909407 1613193486896 101241978375668 1618231915888
intel_hsw_hau ff/12.1 20972289 20974593 20971520 20975386 7037630175089 2232968476136 107700167517543 2239403728589
intel_hsw_hau 7f/12.5 20972289 20974593 20971520 20975386 4725323910272 1484865244383 101241979479061 1488350212622
intel_hsw_imc ff/14.1 20972292 20974596 20974337 20971778 3074836189384 880267220379 3147608688003 1747075294346 0
intel_hsw_imc ff/14.0 20972292 20974596 20974337 20971778 3942878035237 1367598205995 3488863355356 1517161605272 0
intel_hsw_imc 7f/17.1 20972292 20974596 20974337 20971778 2355922036161 746760345880 2478948172387 1336894657584 0
intel_hsw_imc 7f/17.0 20972292 20974596 20974337 20971778 2354419914545 746697477794 2478162248297 1344456390579 0
intel_hsw_imc 7f/14.0 20972292 20974596 20974337 20971778 2669929109758 879026163274 2571232790877 1081294311759 0
intel_hsw_imc 7f/14.1 20972292 20974596 20974337 20971778 2351469631712 746663392442 2461401545552 1325647881065 0
intel_hsw_imc ff/17.0 20972292 20974596 20974337 20971778 3077569866913 880384400974 3171805678674 1772640987297 0
intel_hsw_imc ff/17.1 20972292 20974596 20974337 20971778 3078627661603 880284296746 3170390069835 1759713539426 0
intel_hsw_qpi ff/08.2 6291712 6292480 6293506 6292483 3872840385432 2718031459434 10674167434320 0
intel_hsw_qpi 7f/08.2 6291712 6292480 6293506 6292483 2715100643962 3876222998144 13752589112318 0
intel_hsw_qpi 7f/09.2 6291712 6292480 6293506 6292483 2715773543866 3876010567423 12566805082552 0
intel_hsw_qpi ff/09.2 6291712 6292480 6293506 6292483 3872863128687 2717525648144 11696589048048 0
intel_hsw_r2pci 7f/10.1 20972580 20975369 20975367 20975368 4725976230 25002632991839 26992507817074 31607169619529
intel_hsw_r2pci ff/10.1 20972580 20975369 20975367 20975368 47219670 23527003244512 26280001156299 29858669801239
mem 1 82566752 31503952 51062800 11372996 38960520 164 0 50249556 12975744 83960 37560 0 0 432960 0 0 0
mem 0 82341048 14067244 68273804 16700256 49612496 220 0 65853276 33603156 462736 107616 0 0 615308 24576 0 0
net vnet23 0 0 8311157 0 0 0 0 0 0 0 0 0 65730 0 496079617 0 0 0 0 0 0 91525 0
net enp6s0f0 0 0 0 0 0 0 0 0 0 0 0 0 0 0 6606 0 0 0 0 0 0 93 0
net vnet47 0 0 121493 0 0 0 0 0 0 0 0 0 513 0 64008 0 0 0 0 0 0 540 0
net vnet20 0 0 11513340 0 0 0 0 0 0 0 0 0 81587 0 1150527423 0 0 0 0 0 0 135955 0
net enp1s0f0 0 1333228 78054197000 0 0 0 0 371 0 0 371 0 81234137 0 1598873949 0 0 0 0 0 0 9067506 0
net lo 0 0 60783440 0 0 0 0 0 0 0 0 0 483592 0 60783440 0 0 0 0 0 0 483592 0
net vnet24 0 0 583459 0 0 0 0 0 0 0 0 0 7108 0 80668505 0 0 0 0 0 0 19780 0
net vnet38 0 0 438643 0 0 0 0 0 0 0 0 0 4173 0 64702678 0 0 0 0 0 0 8644 0
net vnet21 0 0 11160888 0 0 0 0 0 0 0 0 0 77662 0 1150519806 0 0 0 0 0 0 132829 0
net virbr0 0 1356 376608766 0 0 0 0 0 0 0 0 0 5004786 0 70467653871 0 0 0 0 0 0 7229311 0
numa 1 2585831990 18927329 1008175 29040 1605739567 998585922
numa 0 2115144750 1008175 18927329 28452 1146124437 969769253
ps - 850335179 1551872 322 319 318 6 807
sysv_shm - 0 0
tmpfs /run/lock 0 6
tmpfs /run 2228224 1149
tmpfs /run/user/20029 4096 44
tmpfs /run/qemu 0 1
tmpfs /dev/shm 75715047424 271271
vfs - 298256 123625 308142
vm - 12 31492919 1314167636 520887 2496526 4715954933 4729513642 102593507 21928526 4420003853 79154 0 0 0 0 0 2714357 0 1121522 2855 0 2498084 98 0 34 0 0

1764551995.093368 0 node12.dhkim-278716.ldos-ut-pg0.wisc.cloudlab.us
block sda 524263 408648 62970831 9467173 5565026 14810844 2628335281 239170567 3 17225524 252774540
block sdb 2615 0 7504 3511 4 0 0 0 0 4252 3512
block sdc 995 0 7996 261 4 0 0 0 0 960 262
cpu 11 3368338 2 178617 24856588 167068 0 2092
cpu 10 3504898 13 159760 24805542 111375 0 1083
cpu 13 3207920 0 136421 25168921 55936 0 309
cpu 12 3270904 2 152657 25047788 100765 0 812
cpu 15 2954808 0 143918 25390259 74362 0 589
cpu 14 2918890 1 135024 25458658 51922 0 262
cpu 17 3048721 10 140271 25307456 67807 0 404
cpu 16 3007064 0 161344 25246109 145382 0 1478
cpu 19 3028918 0 165540 25241749 122899 0 1146
cpu 18 3155558 2 143319 25213760 52576 0 369
cpu 1 3381472 12 187324 25009335 63072 0 3068
cpu 0 3351678 2 170455 24982188 64906 0 979
cpu 3 3137735 2 189285 25264280 62884 0 1824
cpu 2 3041529 1 208196 25316567 84712 0 1234
cpu 5 2930830 0 152768 25478319 91580 0 3091
cpu 4 2847980 1 178317 25447762 171151 0 7319
cpu 7 3464028 0 150385 24996808 49381 0 886
cpu 6 3234937 1 140050 25221424 61697 0 2404
cpu 9 3013570 2 129838 25464013 52099 0 487
cpu 8 3149200 81 138764 25281485 53617 0 9431
intel_hsw_cbo 1/7 20971793 20972340 20975390 20972852 17217090047944 758128309175 2564169709176 460029986291
intel_hsw_cbo 1/6 20971793 20972340 20975390 20972852 16502770661586 759520212972 2418430771205 460348021141
intel_hsw_cbo 1/0 20971793 20972340 20975390 20972852 15918423359332 757851744375 2233213856080 460179896832
intel_hsw_cbo 1/4 20971793 20972340 20975390 20972852 16236003919408 760493495802 2042036402652 460136461367
intel_hsw_cbo 1/3 20971793 20972340 20975390 20972852 18867409155915 758635438739 2840253777957 460208693396
intel_hsw_cbo 1/1 20971793 20972340 20975390 20972852 16107541635461 759521115505 2352088986533 460128036801
intel_hsw_cbo 0/8 20971793 20972340 20975390 20972852 15139637452102 703012986387 2130612012024 427847513894
intel_hsw_cbo 0/9 20971793 20972340 20975390 20972852 16781307973069 701699487315 2728006050173 427908460005
intel_hsw_cbo 0/6 20971793 20972340 20975390 20972852 16693341903636 757241824416 2244401854319 463238319486
intel_hsw_cbo 0/7 20971793 20972340 20975390 20972852 18078407611707 757093302025 2428421521782 463112717139
intel_hsw_cbo 0/4 20971793 20972340 20975390 20972852 16451273307138 758561354939 2059433738403 463277643094
intel_hsw_cbo 0/5 20971793 20972340 20975390 20972852 20095667410279 754279259913 2449930560281 463433175218
intel_hsw_cbo 0/2 20971793 20972340 20975390 20972852 16000712002006 756478567334 2012774218094 463026661561
intel_hsw_cbo 0/3 20971793 20972340 20975390 20972852 20777458109199 756327422000 2748292444698 463131897177
intel_hsw_cbo 0/0 20971793 20972340 20975390 20972852 16400075305349 756552686500 2245446722179 463574117505
intel_hsw_cbo 0/1 20971793 20972340 20975390 20972852 16810668649359 757514257897 2199384434520 463317075667
intel_hsw_cbo 1/9 20971793 20972340 20975390 20972852 16472363148084 703727306945 2889772181142 425347604290
intel_hsw_cbo 1/5 20971793 20972340 20975390 20972852 18242616945168 756268276615 2550759396497 460579280178
intel_hsw_cbo 1/8 20971793 20972340 20975390 20972852 14880564604766 704775059507 2293265440980 425383927089
intel_hsw_cbo 1/2 20971793 20972340 20975390 20972852 15599044468070 758239056944 1979078793623 460283506477
intel_hsw_hau ff/12.5 20972289 20974593 20971520 20975386 6177701804898 1750872050390 107703106743536 1754839993775
intel_hsw_hau 7f/12.1 20972289 20974593 20971520 20975386 5040064301676 1613200969808 101245016191858 1618239411081
intel_hsw_hau ff/12.1 20972289 20974593 20971520 20975386 7037631492896 2232968872635 107703106734911 2239404136129
intel_hsw_hau 7f/12.5 20972289 20974593 20971520 20975386 4725334409764 1484870776543 101245017301961 1488355745419
intel_hsw_imc ff/14.1 20972292 20974596 20974337 20971778 3074836461843 880267285153 3147608816420 1747075307517 0
intel_hsw_imc ff/14.0 20972292 20974596 20974337 20971778 3942879091520 1367598562140 3488863619814 1517161646167 0
intel_hsw_imc 7f/17.1 20972292 20974596 20974337 20971778 2355927293024 746763107608 2478954316335 1336895594027 0
intel_hsw_imc 7f/17.0 20972292 20974596 20974337 20971778 2354425223714 746700292430 2478168446270 1344457334373 0
intel_hsw_imc 7f/14.0 20972292 20974596 20974337 20971778 2669938264360 879030878183 2571241906785 1081295548721 0
intel_hsw_imc 7f/14.1 20972292 20974596 20974337 20971778 2351474960066 746666232697 2461407763662 1325648826023 0
intel_hsw_imc ff/17.0 20972292 20974596 20974337 20971778 3077570138966 880384465675 3171805807812 1772641000614 0
intel_hsw_imc ff/17.1 20972292 20974596 20974337 20971778 3078627944623 880284371159 3170390209217 1759713553167 0
intel_hsw_qpi ff/08.2 6291712 6292480 6293506 6292483 3872841271082 2718045670667 10674168128592 0
intel_hsw_qpi 7f/08.2 6291712 6292480 6293506 6292483 2715114840968 3876223882769 13752589978974 0
intel_hsw_qpi 7f/09.2 6291712 6292480 6293506 6292483 2715787754962 3876011453122 12566805739784 0
intel_hsw_qpi ff/09.2 6291712 6292480 6293506 6292483 3872864013232 2717539845550 11696590070928 0
intel_hsw_r2pci 7f/10.1 20972580 20975369 20975367 20975368 4725982576 25002720682246 26992571152081 31607251537591
intel_hsw_r2pci ff/10.1 20972580 20975369 20975367 20975368 47219818 23527010025307 26280041764690 29858711128049
mem 1 82566752 31502944 51063808 11372992 38961572 172 0 50249564 12975744 85060 37752 0 0 432956 0 0 0
mem 0 82341048 14066992 68274056 16700272 49613264 236 0 65854168 33604036 462748 107656 0 0 615300 24576 0 0
net vnet23 0 0 8311157 0 0 0 0 0 0 0 0 0 65730 0 496079669 0 0 0 0 0 0 91526 0
net enp6s0f0 0 0 0 0 0 0 0 0 0 0 0 0 0 0 6606 0 0 0 0 0 0 93 0
net vnet47 0 0 121493 0 0 0 0 0 0 0 0 0 513 0 64060 0 0 0 0 0 0 541 0
net vnet20 0 0 11513340 0 0 0 0 0 0 0 0 0 81587 0 1150527475 0 0 0 0 0 0 135956 0
net enp1s0f0 0 1333232 78054203477 0 0 0 0 371 0 0 371 0 81234237 0 1598874660 0 0 0 0 0 0 9067511 0
net lo 0 0 60783985 0 0 0 0 0 0 0 0 0 483596 0 60783985 0 0 0 0 0 0 483596 0
net vnet24 0 0 583459 0 0 0 0 0 0 0 0 0 7108 0 80668557 0 0 0 0 0 0 19781 0
net vnet38 0 0 438643 0 0 0 0 0 0 0 0 0 4173 0 64702730 0 0 0 0 0 0 8645 0
net vnet21 0 0 11160888 0 0 0 0 0 0 0 0 0 77662 0 1150519858 0 0 0 0 0 0 132830 0
net virbr0 0 1356 376608766 0 0 0 0 0 0 0 0 0 5004786 0 70467653871 0 0 0 0 0 0 7229311 0
numa 1 2585833579 18927329 1008175 29040 1605741156 998585922
numa 0 2115145012 1008175 18927329 28452 1146124699 969769253
ps - 850345109 1551883 322 319 318 7 807
sysv_shm - 0 0
tmpfs /run/lock 0 6
tmpfs /run 2228224 1149
tmpfs /run/user/20029 4096 44
tmpfs /run/qemu 0 1
tmpfs /dev/shm 75715096576 271278
vfs - 298263 123625 308152
vm - 12 31492947 1314167640 520887 2496526 4715956788 4729515478 102593507 21928526 4420006013 79155 0 0 0 0 0 2714357 0 1121522 2855 0 2498084 98 0 34 0 0

1764551996.128771 0 node12.dhkim-278716.ldos-ut-pg0.wisc.cloudlab.us
block sda 524268 408648 62970903 9467214 5565099 14810844 2628335921 239171556 0 17225652 252775570
block sdb 2615 0 7504 3511 4 0 0 0 0 4252 3512
block sdc 995 0 7996 261 4 0 0 0 0 960 262
cpu 11 3368338 2 178618 24856690 167068 0 2092
cpu 10 3504898 13 159762 24805644 111375 0 1083
cpu 13 3207920 0 136423 25169023 55936 0 309
cpu 12 3270904 2 152657 25047889 100765 0 812
cpu 15 2954809 0 143918 25390361 74362 0 589
cpu 14 2918890 1 135025 25458760 51922 0 262
cpu 17 3048721 10 140272 25307558 67807 0 404
cpu 16 3007065 0 161344 25246212 145382 0 1478
cpu 19 3028918 0 165541 25241852 122899 0 1146
cpu 18 3155558 2 143319 25213860 52579 0 369
cpu 1 3381542 12 187325 25009367 63072 0 3068
cpu 0 3351708 2 170455 24982259 64906 0 979
cpu 3 3137761 2 189285 25264356 62884 0 1824
cpu 2 3041541 1 208197 25316655 84712 0 1234
cpu 5 2930863 0 152770 25478387 91580 0 3091
cpu 4 2848002 1 178322 25447836 171151 0 7319
cpu 7 3464050 0 150386 24996886 49381 0 886
cpu 6 3234976 1 140051 25221485 61697 0 2404
cpu 9 3013570 2 129838 25464115 52099 0 487
cpu 8 3149200 81 138764 25281588 53617 0 9431
intel_hsw_cbo 1/7 20971793 20972340 20975390 20972852 17217091055809 758128559098 2564169755896 460030074139
intel_hsw_cbo 1/6 20971793 20972340 20975390 20972852 16502771523767 759520456609 2418430877239 460348109484
intel_hsw_cbo 1/0 20971793 20972340 20975390 20972852 15918424231215 757851993121 2233214372729 460179984087
intel_hsw_cbo 1/4 20971793 20972340 20975390 20972852 16236004801825 760493748539 2042037021512 460136548329
intel_hsw_cbo 1/3 20971793 20972340 20975390 20972852 18867410041272 758635683921 2840253895089 460208780576
intel_hsw_cbo 1/1 20971793 20972340 20975390 20972852 16107542511150 759521365836 2352089067195 460128123984
intel_hsw_cbo 0/8 20971793 20972340 20975390 20972852 15139652722714 703017911354 2130615435807 427849592841
intel_hsw_cbo 0/9 20971793 20972340 20975390 20972852 16781323266769 701704572493 2728007788003 427910538659
intel_hsw_cbo 0/6 20971793 20972340 20975390 20972852 16693357307528 757247145498 2244404761078 463240571395
intel_hsw_cbo 0/7 20971793 20972340 20975390 20972852 18078423015346 757098632437 2428422540044 463114976525
intel_hsw_cbo 0/4 20971793 20972340 20975390 20972852 16451288375628 758566648204 2059438001872 463279880216
intel_hsw_cbo 0/5 20971793 20972340 20975390 20972852 20095683480326 754284604161 2449931692369 463435428546
intel_hsw_cbo 0/2 20971793 20972340 20975390 20972852 16000727089484 756483950478 2012778805023 463028921509
intel_hsw_cbo 0/3 20971793 20972340 20975390 20972852 20777473862168 756332763475 2748294430872 463134156830
intel_hsw_cbo 0/0 20971793 20972340 20975390 20972852 16400090996235 756558026292 2245451441068 463576341012
intel_hsw_cbo 0/1 20971793 20972340 20975390 20972852 16810683811970 757519540322 2199388263136 463319313794
intel_hsw_cbo 1/9 20971793 20972340 20975390 20972852 16472364038023 703727536770 2889772304760 425347690592
intel_hsw_cbo 1/5 20971793 20972340 20975390 20972852 18242617883382 756268522901 2550759441050 460579367974
intel_hsw_cbo 1/8 20971793 20972340 20975390 20972852 14880565531137 704775293873 2293265508134 425384012073
intel_hsw_cbo 1/2 20971793 20972340 20975390 20972852 15599045395515 758239307530 1979079366618 460283594201
intel_hsw_hau ff/12.5 20972289 20974593 20971520 20975386 6177702316945 1750872167988 107705520722214 1754840116854
intel_hsw_hau 7f/12.1 20972289 20974593 20971520 20975386 5040070149986 1613204517299 101247529617006 1618242970471
intel_hsw_hau ff/12.1 20972289 20974593 20971520 20975386 7037632681666 2232969218995 107705520747895 2239404494458
intel_hsw_hau 7f/12.5 20972289 20974593 20971520 20975386 4725338662452 1484873399360 101247530680893 1488358369223
intel_hsw_imc ff/14.1 20972292 20974596 20974337 20971778 3074836715743 880267345809 3147608927619 1747075319432 0
intel_hsw_imc ff/14.0 20972292 20974596 20974337 20971778 3942880036145 1367598873418 3488863850671 1517161680675 0
intel_hsw_imc 7f/17.1 20972292 20974596 20974337 20971778 2355929424359 746764422004 2478956776938 1336895977894 0
intel_hsw_imc 7f/17.0 20972292 20974596 20974337 20971778 2354427404617 746701657667 2478170955079 1344457721650 0
intel_hsw_imc 7f/14.0 20972292 20974596 20974337 20971778 2669941991412 879033127627 2571245549248 1081296059260 0
intel_hsw_imc 7f/14.1 20972292 20974596 20974337 20971778 2351477168531 746667624267 2461410301054 1325649216867 0
intel_hsw_imc ff/17.0 20972292 20974596 20974337 20971778 3077570394001 880384527266 3171805921236 1772641012874 0
intel_hsw_imc ff/17.1 20972292 20974596 20974337 20971778 3078628209507 880284442163 3170390332415 1759713565499 0
intel_hsw_qpi ff/08.2 6291712 6292480 6293506 6292483 3872842082475 2718051813529 10674168814664 0
intel_hsw_qpi 7f/08.2 6291712 6292480 6293506 6292483 2715120975925 3876224695650 13752590831070 0
intel_hsw_qpi 7f/09.2 6291712 6292480 6293506 6292483 2715793897915 3876012264556 12566806393816 0
intel_hsw_qpi ff/09.2 6291712 6292480 6293506 6292483 3872864826064 2717545980253 11696591073912 0
intel_hsw_r2pci 7f/10.1 20972580 20975369 20975367 20975368 4725989274 25002790573671 26992612803394 31607311745226
intel_hsw_r2pci ff/10.1 20972580 20975369 20975367 20975368 47219970 23527016528707 26280062302696 29858732432506
mem 1 82566752 31503600 51063152 11372996 38960512 80 0 50249600 12975780 83968 37552 0 0 432956 0 0 0
mem 0 82341048 14065228 68275820 16700296 49615264 40 0 65856260 33606084 462644 107664 0 0 615300 24576 0 0
net vnet23 0 0 8311157 0 0 0 0 0 0 0 0 0 65730 0 496079669 0 0 0 0 0 0 91526 0
net enp6s0f0 0 0 0 0 0 0 0 0 0 0 0 0 0 0 6606 0 0 0 0 0 0 93 0
net vnet47 0 0 121592 0 0 0 0 0 0 0 0 0 514 0 64176 0 0 0 0 0 0 542 0
net vnet20 0 0 11513340 0 0 0 0 0 0 0 0 0 81587 0 1150527475 0 0 0 0 0 0 135956 0
net enp1s0f0 0 1333238 78054210254 0 0 0 0 371 0 0 371 0 81234342 0 1598875371 0 0 0 0 0 0 9067516 0
net lo 0 0 60784530 0 0 0 0 0 0 0 0 0 483600 0 60784530 0 0 0 0 0 0 483600 0
net vnet24 0 0 583459 0 0 0 0 0 0 0 0 0 7108 0 80668557 0 0 0 0 0 0 19781 0
net vnet38 0 0 438643 0 0 0 0 0 0 0 0 0 4173 0 64702730 0 0 0 0 0 0 8645 0
net vnet21 0 0 11160888 0 0 0 0 0 0 0 0 0 77662 0 1150519858 0 0 0 0 0 0 132830 0
net virbr0 0 1356 376608851 0 0 0 0 0 0 0 0 0 5004787 0 70467653987 0 0 0 0 0 0 7229312 0
numa 1 2585834903 18927329 1008175 29040 1605742480 998585922
numa 0 2115146034 1008175 18927329 28452 1146125721 969769253
ps - 850356555 1551894 322 319 318 4 805
sysv_shm - 0 0
tmpfs /run/lock 0 6
tmpfs /run 2228224 1149
tmpfs /run/user/20029 4096 44
tmpfs /run/qemu 0 1
tmpfs /dev/shm 75715108864 271278
vfs - 298263 123905 308144
vm - 12 31492955 1314167960 520887 2496526 4715959129 4729517289 102593509 21928526 4420008978 79156 0 0 0 0 0 2714357 0 1121522 2855 0 2498084 98 0 34 0 0

1764551997.164587 0 node12.dhkim-278716.ldos-ut-pg0.wisc.cloudlab.us
block sda 524268 408648 62970903 9467214 5565112 14810845 2628336473 239171595 0 17225680 252775620
block sdb 2615 0 7504 3511 4 0 0 0 0 4252 3512
block sdc 995 0 7996 261 4 0 0 0 0 960 262
cpu 11 3368338 2 178618 24856792 167068 0 2092
cpu 10 3504898 13 159766 24805746 111375 0 1083
cpu 13 3207921 0 136425 25169125 55936 0 309
cpu 12 3270904 2 152657 25047991 100765 0 812
cpu 15 2954809 0 143919 25390464 74362 0 589
cpu 14 2918890 1 135025 25458863 51922 0 262
cpu 17 3048722 10 140273 25307660 67807 0 404
cpu 16 3007066 0 161345 25246315 145382 0 1478
cpu 19 3028918 0 165541 25241955 122899 0 1146
cpu 18 3155558 2 143320 25213963 52579 0 369
cpu 1 3381610 12 187329 25009398 63072 0 3068
cpu 0 3351757 2 170456 24982309 64906 0 979
cpu 3 3137808 2 189286 25264410 62884 0 1824
cpu 2 3041587 1 208201 25316704 84713 0 1234
cpu 5 2930928 0 152773 25478422 91580 0 3091
cpu 4 2848062 1 178324 25447877 171151 0 7319
cpu 7 3464099 0 150390 24996937 49381 0 886
cpu 6 3235013 1 140055 25221543 61697 0 2404
cpu 9 3013570 2 129838 25464216 52099 0 487
cpu 8 3149200 81 138764 25281689 53617 0 9431
intel_hsw_cbo 1/7 20971793 20972340 20975390 20972852 17217091793078 758128803243 2564169793067 460030163062
intel_hsw_cbo 1/6 20971793 20972340 20975390 20972852 16502772322941 759520693976 2418430964224 460348198669
intel_hsw_cbo 1/0 20971793 20972340 20975390 20972852 15918424962576 757852235285 2233214776907 460180072459
intel_hsw_cbo 1/4 20971793 20972340 20975390 20972852 16236005492333 760493996020 2042037410914 460136636190
intel_hsw_cbo 1/3 20971793 20972340 20975390 20972852 18867410770737 758635923726 2840253982718 460208867914
intel_hsw_cbo 1/1 20971793 20972340 20975390 20972852 16107543254073 759521609931 2352089202917 460128211738
intel_hsw_cbo 0/8 20971793 20972340 20975390 20972852 15139683112350 703025800823 2130622603061 427853100534
intel_hsw_cbo 0/9 20971793 20972340 20975390 20972852 16781354165540 701712649308 2728012193567 427914056474
intel_hsw_cbo 0/6 20971793 20972340 20975390 20972852 16693390002598 757255604355 2244411633359 463244366276
intel_hsw_cbo 0/7 20971793 20972340 20975390 20972852 18078455789647 757107126097 2428425933414 463118789785
intel_hsw_cbo 0/4 20971793 20972340 20975390 20972852 16451322038472 758575111343 2059444284546 463283688895
intel_hsw_cbo 0/5 20971793 20972340 20975390 20972852 20095718285880 754293139948 2449935499041 463439258733
intel_hsw_cbo 0/2 20971793 20972340 20975390 20972852 16000759084229 756492469911 2012785084363 463032716156
intel_hsw_cbo 0/3 20971793 20972340 20975390 20972852 20777507504890 756341331023 2748299707283 463137967509
intel_hsw_cbo 0/0 20971793 20972340 20975390 20972852 16400124667556 756566526701 2245458064896 463580139609
intel_hsw_cbo 0/1 20971793 20972340 20975390 20972852 16810716128291 757527988857 2199395711947 463323128047
intel_hsw_cbo 1/9 20971793 20972340 20975390 20972852 16472364761117 703727763270 2889772391671 425347777718
intel_hsw_cbo 1/5 20971793 20972340 20975390 20972852 18242618582037 756268762315 2550759478892 460579456325
intel_hsw_cbo 1/8 20971793 20972340 20975390 20972852 14880566292608 704775522947 2293265612378 425384098943
intel_hsw_cbo 1/2 20971793 20972340 20975390 20972852 15599046149102 758239551414 1979079775010 460283682959
intel_hsw_hau ff/12.5 20972289 20974593 20971520 20975386 6177702829920 1750872281937 107708488020810 1754840235472
intel_hsw_hau 7f/12.1 20972289 20974593 20971520 20975386 5040078761915 1613210760526 101250598532988 1618249226647
intel_hsw_hau ff/12.1 20972289 20974593 20971520 20975386 7037633852556 2232969558898 107708488028025 2239404845385
intel_hsw_hau 7f/12.5 20972289 20974593 20971520 20975386 4725345135459 1484878285007 101250599616465 1488363255531
intel_hsw_imc ff/14.1 20972292 20974596 20974337 20971778 3074836971024 880267404397 3147609042997 1747075330477 0
intel_hsw_imc ff/14.0 20972292 20974596 20974337 20971778 3942880959882 1367599177855 3488864081433 1517161714291 0
intel_hsw_imc 7f/17.1 20972292 20974596 20974337 20971778 2355932663921 746766858156 2478961086559 1336896627533 0
intel_hsw_imc 7f/17.0 20972292 20974596 20974337 20971778 2354430691267 746704143833 2478175311251 1344458374669 0
intel_hsw_imc 7f/14.0 20972292 20974596 20974337 20971778 2669947363086 879036927477 2571251675636 1081296880506 0
intel_hsw_imc 7f/14.1 20972292 20974596 20974337 20971778 2351480475073 746670136185 2461414678241 1325649872337 0
intel_hsw_imc ff/17.0 20972292 20974596 20974337 20971778 3077570648646 880384586218 3171806037453 1772641024033 0
intel_hsw_imc ff/17.1 20972292 20974596 20974337 20971778 3078628474272 880284510297 3170390458089 1759713576921 0
intel_hsw_qpi ff/08.2 6291712 6292480 6293506 6292483 3872842849897 2718061697141 10674169460288 0
intel_hsw_qpi 7f/08.2 6291712 6292480 6293506 6292483 2715130850239 3876225462690 13752591724990 0
intel_hsw_qpi 7f/09.2 6291712 6292480 6293506 6292483 2715803781057 3876013032039 12566807057800 0
intel_hsw_qpi ff/09.2 6291712 6292480 6293506 6292483 3872865593007 2717555855800 11696592021024 0
intel_hsw_r2pci 7f/10.1 20972580 20975369 20975367 20975368 4725994998 25002903984382 26992691967785 31607410470108
intel_hsw_r2pci ff/10.1 20972580 20975369 20975367 20975368 47220128 23527022395023 26280091050437 29858762344920
mem 1 82566752 31503356 51063396 11373000 38960688 104 0 50249604 12975748 84172 37760 0 0 432956 0 0 0
mem 0 82341048 14064724 68276324 16700328 49615876 128 0 65856320 33606088 463192 107728 0 0 615292 24576 0 0
net vnet23 0 0 8311157 0 0 0 0 0 0 0 0 0 65730 0 496079721 0 0 0 0 0 0 91527 0
net enp6s0f0 0 0 0 0 0 0 0 0 0 0 0 0 0 0 6606 0 0 0 0 0 0 93 0
net vnet47 0 0 121592 0 0 0 0 0 0 0 0 0 514 0 64228 0 0 0 0 0 0 543 0
net vnet20 0 0 11513340 0 0 0 0 0 0 0 0 0 81587 0 1150527527 0 0 0 0 0 0 135957 0
net enp1s0f0 0 1333246 78054216661 0 0 0 0 371 0 0 371 0 81234435 0 1598876082 0 0 0 0 0 0 9067521 0
net lo 0 0 60785075 0 0 0 0 0 0 0 0 0 483604 0 60785075 0 0 0 0 0 0 483604 0
net vnet24 0 0 583459 0 0 0 0 0 0 0 0 0 7108 0 80668609 0 0 0 0 0 0 19782 0
net vnet38 0 0 438643 0 0 0 0 0 0 0 0 0 4173 0 64702782 0 0 0 0 0 0 8646 0
net vnet21 0 0 11160888 0 0 0 0 0 0 0 0 0 77662 0 1150519910 0 0 0 0 0 0 132831 0
net virbr0 0 1356 376608851 0 0 0 0 0 0 0 0 0 5004787 0 70467653987 0 0 0 0 0 0 7229312 0
numa 1 2585836281 18927329 1008175 29040 1605743858 998585922
numa 0 2115146537 1008175 18927329 28452 1146126224 969769253
ps - 850370915 1551905 328 320 319 7 805
sysv_shm - 0 0
tmpfs /run/lock 0 6
tmpfs /run 2228224 1149
tmpfs /run/user/20029 4096 44
tmpfs /run/qemu 0 1
tmpfs /dev/shm 75715158016 271285
vfs - 298270 124105 308154
vm - 12 31492955 1314168236 520887 2496526 4715961010 4729519152 102593511 21928526 4420011441 79156 0 0 0 0 0 2714357 0 1121522 2855 0 2498084 98 0 34 0 0

1764551998.200255 0 node12.dhkim-278716.ldos-ut-pg0.wisc.cloudlab.us
block sda 524268 408648 62970903 9467214 5565121 14810859 2628336721 239171624 0 17225708 252775665
block sdb 2615 0 7504 3511 4 0 0 0 0 4252 3512
block sdc 995 0 7996 261 4 0 0 0 0 960 262
cpu 11 3368339 2 178618 24856893 167068 0 2092
cpu 10 3504900 13 159767 24805847 111375 0 1083
cpu 13 3207922 0 136425 25169228 55936 0 309
cpu 12 3270904 2 152657 25048093 100765 0 812
cpu 15 2954809 0 143920 25390564 74364 0 589
cpu 14 2918891 1 135026 25458965 51922 0 262
cpu 17 3048722 10 140275 25307762 67807 0 404
cpu 16 3007066 0 161346 25246418 145382 0 1478
cpu 19 3028918 0 165542 25242058 122899 0 1146
cpu 18 3155558 2 143320 25214066 52579 0 369
cpu 1 3381650 12 187329 25009461 63072 0 3069
cpu 0 3351797 2 170457 24982370 64906 0 979
cpu 3 3137872 2 189286 25264451 62884 0 1824
cpu 2 3041655 1 208202 25316738 84713 0 1234
cpu 5 2930966 0 152774 25478484 91580 0 3091
cpu 4 2848105 1 178324 25447935 171151 0 7319
cpu 7 3464152 0 150390 24996987 49381 0 886
cpu 6 3235053 1 140056 25221604 61698 0 2404
cpu 9 3013570 2 129838 25464319 52099 0 487
cpu 8 3149201 81 138764 25281790 53617 0 9431
intel_hsw_cbo 1/7 20971793 20972340 20975390 20972852 17217092826684 758129067728 2564169821545 460030251471
intel_hsw_cbo 1/6 20971793 20972340 20975390 20972852 16502773288578 759520952677 2418431047280 460348286612
intel_hsw_cbo 1/0 20971793 20972340 20975390 20972852 15918425962989 757852499263 2233215245651 460180160752
intel_hsw_cbo 1/4 20971793 20972340 20975390 20972852 16236006517121 760494264237 2042037864437 460136724398
intel_hsw_cbo 1/3 20971793 20972340 20975390 20972852 18867411800295 758636184903 2840254073078 460208955179
intel_hsw_cbo 1/1 20971793 20972340 20975390 20972852 16107544238534 759521875083 2352089358771 460128299809
intel_hsw_cbo 0/8 20971793 20972340 20975390 20972852 15139712296798 703034386083 2130627412842 427855986167
intel_hsw_cbo 0/9 20971793 20972340 20975390 20972852 16781382966969 701721283879 2728015437743 427916923790
intel_hsw_cbo 0/6 20971793 20972340 20975390 20972852 16693420407885 757264727575 2244416654955 463247479673
intel_hsw_cbo 0/7 20971793 20972340 20975390 20972852 18078486061044 757116273513 2428428405600 463121907687
intel_hsw_cbo 0/4 20971793 20972340 20975390 20972852 16451353301705 758584361447 2059449390737 463286814841
intel_hsw_cbo 0/5 20971793 20972340 20975390 20972852 20095748770335 754302267047 2449938280667 463442385131
intel_hsw_cbo 0/2 20971793 20972340 20975390 20972852 16000789739595 756501611326 2012789790944 463035830064
intel_hsw_cbo 0/3 20971793 20972340 20975390 20972852 20777538506551 756350564848 2748303501096 463141087419
intel_hsw_cbo 0/0 20971793 20972340 20975390 20972852 16400155610185 756575723636 2245462759993 463583276893
intel_hsw_cbo 0/1 20971793 20972340 20975390 20972852 16810747298353 757537228482 2199400518290 463326295680
intel_hsw_cbo 1/9 20971793 20972340 20975390 20972852 16472365742021 703728007274 2889772479486 425347863864
intel_hsw_cbo 1/5 20971793 20972340 20975390 20972852 18242619573795 756269023512 2550759508927 460579544175
intel_hsw_cbo 1/8 20971793 20972340 20975390 20972852 14880567303704 704775770202 2293265729750 425384184861
intel_hsw_cbo 1/2 20971793 20972340 20975390 20972852 15599047154894 758239816475 1979080260349 460283771262
intel_hsw_hau ff/12.5 20972289 20974593 20971520 20975386 6177703356904 1750872396734 107710863451038 1754840354862
intel_hsw_hau 7f/12.1 20972289 20974593 20971520 20975386 5040087533282 1613215726457 101253067802236 1618254204972
intel_hsw_hau ff/12.1 20972289 20974593 20971520 20975386 7037635084165 2232969914494 107710863465139 2239405211945
intel_hsw_hau 7f/12.5 20972289 20974593 20971520 20975386 4725352054119 1484882385514 101253068878933 1488367356735
intel_hsw_imc ff/14.1 20972292 20974596 20974337 20971778 3074837235965 880267470343 3147609160526 1747075342061 0
intel_hsw_imc ff/14.0 20972292 20974596 20974337 20971778 3942881979475 1367599513613 3488864332094 1517161752971 0
intel_hsw_imc 7f/17.1 20972292 20974596 20974337 20971778 2355936125026 746768907439 2478965288431 1336897316133 0
intel_hsw_imc 7f/17.0 20972292 20974596 20974337 20971778 2354434200328 746706245603 2478179565272 1344459068715 0
intel_hsw_imc 7f/14.0 20972292 20974596 20974337 20971778 2669952669815 879039853281 2571257111780 1081297646449 0
intel_hsw_imc 7f/14.1 20972292 20974596 20974337 20971778 2351484011046 746672263280 2461418960712 1325650569624 0
intel_hsw_imc ff/17.0 20972292 20974596 20974337 20971778 3077570915024 880384652864 3171806156661 1772641036020 0
intel_hsw_imc ff/17.1 20972292 20974596 20974337 20971778 3078628751091 880284586761 3170390587501 1759713589204 0
intel_hsw_qpi ff/08.2 6291712 6292480 6293506 6292483 3872843754962 2718070375065 10674170437152 0
intel_hsw_qpi 7f/08.2 6291712 6292480 6293506 6292483 2715139512010 3876226368986 13752592582030 0
intel_hsw_qpi 7f/09.2 6291712 6292480 6293506 6292483 2715812459361 3876013937156 12566807733664 0
intel_hsw_qpi ff/09.2 6291712 6292480 6293506 6292483 3872866499215 2717564516171 11696593383232 0
intel_hsw_r2pci 7f/10.1 20972580 20975369 20975367 20975368 4726001020 25003011843337 26992774911051 31607500379760
intel_hsw_r2pci ff/10.1 20972580 20975369 20975367 20975368 47220368 23527029127120 26280117276130 29858790184185
mem 1 82566752 31503416 51063336 11373008 38960440 112 0 50249620 12975748 83912 37496 0 0 432944 0 0 0
mem 0 82341048 14064976 68276072 16700328 49616320 164 0 65856328 33606088 463636 107768 0 0 615292 24576 0 0
net vnet23 0 0 8311157 0 0 0 0 0 0 0 0 0 65730 0 496079721 0 0 0 0 0 0 91527 0
net enp6s0f0 0 0 0 0 0 0 0 0 0 0 0 0 0 0 6606 0 0 0 0 0 0 93 0
net vnet47 0 0 121691 0 0 0 0 0 0 0 0 0 515 0 64344 0 0 0 0 0 0 544 0
net vnet20 0 0 11513340 0 0 0 0 0 0 0 0 0 81587 0 1150527527 0 0 0 0 0 0 135957 0
net enp1s0f0 0 1333253 78054222358 0 0 0 0 371 0 0 371 0 81234522 0 1598876793 0 0 0 0 0 0 9067526 0
net lo 0 0 60785620 0 0 0 0 0 0 0 0 0 483608 0 60785620 0 0 0 0 0 0 483608 0
net vnet24 0 0 583459 0 0 0 0 0 0 0 0 0 7108 0 80668609 0 0 0 0 0 0 19782 0
net vnet38 0 0 438643 0 0 0 0 0 0 0 0 0 4173 0 64702782 0 0 0 0 0 0 8646 0
net vnet21 0 0 11160888 0 0 0 0 0 0 0 0 0 77662 0 1150519910 0 0 0 0 0 0 132831 0
net virbr0 0 1356 376608936 0 0 0 0 0 0 0 0 0 5004788 0 70467654103 0 0 0 0 0 0 7229313 0
numa 1 2585837585 18927329 1008175 29040 1605745162 998585922
numa 0 2115147085 1008175 18927329 28452 1146126772 969769253
ps - 850380419 1551916 328 320 319 2 805
sysv_shm - 0 0
tmpfs /run/lock 0 6
tmpfs /run 2228224 1149
tmpfs /run/user/20029 4096 44
tmpfs /run/qemu 0 1
tmpfs /dev/shm 75715166208 271285
vfs - 298270 124105 308154
vm - 12 31492955 1314168360 520887 2496526 4715962863 4729520988 102593511 21928526 4420013530 79156 0 0 0 0 0 2714357 0 1121522 2855 0 2498084 98 0 34 0 0

1764551999.237128 0 node12.dhkim-278716.ldos-ut-pg0.wisc.cloudlab.us
block sda 524268 408648 62970903 9467214 5565121 14810859 2628336721 239171624 0 17225708 252775665
block sdb 2615 0 7504 3511 4 0 0 0 0 4252 3512
block sdc 995 0 7996 261 4 0 0 0 0 960 262
cpu 11 3368340 2 178618 24856994 167068 0 2092
cpu 10 3504904 13 159769 24805947 111375 0 1083
cpu 13 3207923 0 136426 25169329 55936 0 309
cpu 12 3270904 2 152657 25048194 100765 0 812
cpu 15 2954810 0 143921 25390665 74364 0 589
cpu 14 2918892 1 135026 25459068 51922 0 262
cpu 17 3048722 10 140276 25307865 67807 0 404
cpu 16 3007066 0 161346 25246521 145382 0 1478
cpu 19 3028918 0 165542 25242161 122899 0 1146
cpu 18 3155558 2 143321 25214169 52579 0 369
cpu 1 3381683 12 187332 25009527 63072 0 3069
cpu 0 3351840 2 170458 24982429 64906 0 979
cpu 3 3137899 2 189288 25264524 62884 0 1824
cpu 2 3041685 1 208202 25316808 84713 0 1234
cpu 5 2931014 0 152776 25478535 91580 0 3091
cpu 4 2848128 1 178324 25448014 171151 0 7319
cpu 7 3464192 0 150390 24997049 49381 0 886
cpu 6 3235085 1 140056 25221674 61698 0 2404
cpu 9 3013570 2 129839 25464422 52099 0 487
cpu 8 3149201 81 138764 25281894 53617 0 9431
intel_hsw_cbo 1/7 20971793 20972340 20975390 20972852 17217094083650 758129376687 2564169855527 460030356354
intel_hsw_cbo 1/6 20971793 20972340 20975390 20972852 16502774625315 759521254093 2418431166031 460348390792
intel_hsw_cbo 1/0 20971793 20972340 20975390 20972852 15918427272429 757852808536 2233216007573 460180264493
intel_hsw_cbo 1/4 20971793 20972340 20975390 20972852 16236007819745 760494579026 2042038672847 460136827935
intel_hsw_cbo 1/3 20971793 20972340 20975390 20972852 18867413145159 758636489930 2840254206596 460209057252
intel_hsw_cbo 1/1 20971793 20972340 20975390 20972852 16107545436009 759522185095 2352089547826 460128402343
intel_hsw_cbo 0/8 20971793 20972340 20975390 20972852 15139729519894 703040183697 2130632982425 427857945137
intel_hsw_cbo 0/9 20971793 20972340 20975390 20972852 16781399936147 701727123229 2728018879204 427918873607
intel_hsw_cbo 0/6 20971793 20972340 20975390 20972852 16693437969470 757270947740 2244421849190 463249592466
intel_hsw_cbo 0/7 20971793 20972340 20975390 20972852 18078503709467 757122460048 2428431001740 463124018317
intel_hsw_cbo 0/4 20971793 20972340 20975390 20972852 16451371608527 758590707130 2059454444310 463288940575
intel_hsw_cbo 0/5 20971793 20972340 20975390 20972852 20095766789305 754308495361 2449941206845 463444504252
intel_hsw_cbo 0/2 20971793 20972340 20975390 20972852 16000806974510 756507832614 2012795091358 463037948435
intel_hsw_cbo 0/3 20971793 20972340 20975390 20972852 20777556333724 756356843153 2748307557557 463143201898
intel_hsw_cbo 0/0 20971793 20972340 20975390 20972852 16400173015692 756582015482 2245468392927 463585403430
intel_hsw_cbo 0/1 20971793 20972340 20975390 20972852 16810765066525 757543518610 2199406543198 463328445226
intel_hsw_cbo 1/9 20971793 20972340 20975390 20972852 16472367087822 703728286685 2889772615496 425347962863
intel_hsw_cbo 1/5 20971793 20972340 20975390 20972852 18242620885291 756269328078 2550759541934 460579646919
intel_hsw_cbo 1/8 20971793 20972340 20975390 20972852 14880568727170 704776055083 2293265864459 425384281600
intel_hsw_cbo 1/2 20971793 20972340 20975390 20972852 15599048440540 758240125157 1979081081113 460283875399
intel_hsw_hau ff/12.5 20972289 20974593 20971520 20975386 6177703957581 1750872542509 107713218848336 1754840505647
intel_hsw_hau 7f/12.1 20972289 20974593 20971520 20975386 5040096139923 1613221911106 101255517451712 1618260401793
intel_hsw_hau ff/12.1 20972289 20974593 20971520 20975386 7037636520997 2232970331677 107713218871147 2239405640174
intel_hsw_hau 7f/12.5 20972289 20974593 20971520 20975386 4725358583587 1484887553547 101255518519327 1488372525900
intel_hsw_imc ff/14.1 20972292 20974596 20974337 20971778 3074837530026 880267538100 3147609289122 1747075355776 0
intel_hsw_imc ff/14.0 20972292 20974596 20974337 20971778 3942883090934 1367599868057 3488864615356 1517161799644 0
intel_hsw_imc 7f/17.1 20972292 20974596 20974337 20971778 2355939426185 746771462588 2478969006119 1336897935018 0
intel_hsw_imc 7f/17.0 20972292 20974596 20974337 20971778 2354437551060 746708851696 2478183336857 1344459694152 0
intel_hsw_imc 7f/14.0 20972292 20974596 20974337 20971778 2669958053801 879043417434 2571262064402 1081298345334 0
intel_hsw_imc 7f/14.1 20972292 20974596 20974337 20971778 2351487379169 746674892604 2461422752556 1325651198442 0
intel_hsw_imc ff/17.0 20972292 20974596 20974337 20971778 3077571209375 880384721103 3171806285430 1772641050001 0
intel_hsw_imc ff/17.1 20972292 20974596 20974337 20971778 3078629057791 880284665864 3170390727702 1759713603477 0
intel_hsw_qpi ff/08.2 6291712 6292480 6293506 6292483 3872844857691 2718079973442 10674171954360 0
intel_hsw_qpi 7f/08.2 6291712 6292480 6293506 6292483 2715149102966 3876227472788 13752593473078 0
intel_hsw_qpi 7f/09.2 6291712 6292480 6293506 6292483 2715822057558 3876015039909 12566808501120 0
intel_hsw_qpi ff/09.2 6291712 6292480 6293506 6292483 3872867602932 2717574107379 11696595462952 0
intel_hsw_r2pci 7f/10.1 20972580 20975369 20975367 20975368 4726006530 25003076762814 26992824325628 31607562463936
intel_hsw_r2pci ff/10.1 20972580 20975369 20975367 20975368 47220568 23527037785740 26280147414350 29858822322989
mem 1 82566752 31503164 51063588 11373016 38963304 136 0 50249628 12975864 86828 37864 0 0 432944 0 0 0
mem 0 82341048 14064724 68276324 16700332 49615672 176 0 65856328 33606140 462940 107820 0 0 615292 24576 0 0
net vnet23 0 0 8311157 0 0 0 0 0 0 0 0 0 65730 0 496079773 0 0 0 0 0 0 91528 0
net enp6s0f0 0 0 0 0 0 0 0 0 0 0 0 0 0 0 6606 0 0 0 0 0 0 93 0
net vnet47 0 0 121691 0 0 0 0 0 0 0 0 0 515 0 64396 0 0 0 0 0 0 545 0
net vnet20 0 0 11513340 0 0 0 0 0 0 0 0 0 81587 0 1150527579 0 0 0 0 0 0 135958 0
net enp1s0f0 0 1333260 78054229412 0 0 0 0 371 0 0 371 0 81234615 0 1598878996 0 0 0 0 0 0 9067536 0
net lo 0 0 60786165 0 0 0 0 0 0 0 0 0 483612 0 60786165 0 0 0 0 0 0 483612 0
net vnet24 0 0 583459 0 0 0 0 0 0 0 0 0 7108 0 80668661 0 0 0 0 0 0 19783 0
net vnet38 0 0 438643 0 0 0 0 0 0 0 0 0 4173 0 64702834 0 0 0 0 0 0 8647 0
net vnet21 0 0 11160888 0 0 0 0 0 0 0 0 0 77662 0 1150519962 0 0 0 0 0 0 132832 0
net virbr0 0 1356 376608936 0 0 0 0 0 0 0 0 0 5004788 0 70467654103 0 0 0 0 0 0 7229313 0
numa 1 2585839748 18927329 1008175 29040 1605747325 998585922
numa 0 2115147335 1008175 18927329 28452 1146127022 969769253
ps - 850389741 1551929 328 320 319 8 807
sysv_shm - 0 0
tmpfs /run/lock 0 6
tmpfs /run 2228224 1149
tmpfs /run/user/20029 4096 44
tmpfs /run/qemu 0 1
tmpfs /dev/shm 75715166208 271285
vfs - 298276 124105 308161
vm - 12 31492955 1314168360 520887 2496526 4715965276 4729522851 102593513 21928526 4420016521 79156 0 0 0 0 0 2714357 0 1121522 2855 0 2498084 98 0 34 0 0

1764552000.272553 0 node12.dhkim-278716.ldos-ut-pg0.wisc.cloudlab.us
block sda 524268 408648 62970903 9467214 5565139 14810860 2628374729 239172035 2 17225812 252776075
block sdb 2615 0 7504 3511 4 0 0 0 0 4252 3512
block sdc 995 0 7996 261 4 0 0 0 0 960 262
cpu 11 3368341 2 178618 24857096 167069 0 2092
cpu 10 3504905 13 159772 24806049 111375 0 1083
cpu 13 3207923 0 136426 25169432 55936 0 309
cpu 12 3270904 2 152657 25048294 100765 0 812
cpu 15 2954810 0 143921 25390769 74364 0 589
cpu 14 2918894 1 135026 25459169 51922 0 262
cpu 17 3048722 10 140278 25307965 67807 0 404
cpu 16 3007068 0 161347 25246622 145382 0 1478
cpu 19 3028918 0 165542 25242265 122899 0 1146
cpu 18 3155558 2 143321 25214271 52579 0 369
cpu 1 3381702 12 187336 25009606 63072 0 3069
cpu 0 3351878 2 170460 24982492 64906 0 979
cpu 3 3137936 2 189291 25264586 62884 0 1824
cpu 2 3041724 1 208204 25316860 84722 0 1234
cpu 5 2931044 0 152778 25478603 91580 0 3091
cpu 4 2848147 1 178328 25448091 171151 0 7319
cpu 7 3464221 0 150392 24997120 49381 0 886
cpu 6 3235140 1 140060 25221717 61698 0 2404
cpu 9 3013570 2 129839 25464524 52099 0 487
cpu 8 3149201 81 138764 25281997 53617 0 9431
intel_hsw_cbo 1/7 20971793 20972340 20975390 20972852 17217095308995 758129668532 2564170140244 460030451672
intel_hsw_cbo 1/6 20971793 20972340 20975390 20972852 16502775768307 759521539911 2418431335329 460348484841
intel_hsw_cbo 1/0 20971793 20972340 20975390 20972852 15918428389431 757853100271 2233216478000 460180358837
intel_hsw_cbo 1/4 20971793 20972340 20975390 20972852 16236009039488 760494877895 2042039223308 460136922574
intel_hsw_cbo 1/3 20971793 20972340 20975390 20972852 18867414418710 758636778926 2840254556724 460209149567
intel_hsw_cbo 1/1 20971793 20972340 20975390 20972852 16107546496324 759522480811 2352089640871 460128496874
intel_hsw_cbo 0/8 20971793 20972340 20975390 20972852 15139750464582 703044671627 2130641138966 427860357793
intel_hsw_cbo 0/9 20971793 20972340 20975390 20972852 16781421351751 701731663736 2728023755479 427921289618
intel_hsw_cbo 0/6 20971793 20972340 20975390 20972852 16693459239324 757275706256 2244430250436 463252214515
intel_hsw_cbo 0/7 20971793 20972340 20975390 20972852 18078525052667 757127222510 2428434972222 463126639460
intel_hsw_cbo 0/4 20971793 20972340 20975390 20972852 16451392804170 758595520411 2059459826020 463291568448
intel_hsw_cbo 0/5 20971793 20972340 20975390 20972852 20095788603535 754313224033 2449945729781 463447151406
intel_hsw_cbo 0/2 20971793 20972340 20975390 20972852 16000828100648 756512551739 2012799907832 463040564244
intel_hsw_cbo 0/3 20971793 20972340 20975390 20972852 20777578307988 756361662601 2748313892114 463145830863
intel_hsw_cbo 0/0 20971793 20972340 20975390 20972852 16400194449238 756586806877 2245473527999 463588040339
intel_hsw_cbo 0/1 20971793 20972340 20975390 20972852 16810786128882 757548302056 2199414612943 463331074373
intel_hsw_cbo 1/9 20971793 20972340 20975390 20972852 16472368286749 703728551311 2889772939965 425348053185
intel_hsw_cbo 1/5 20971793 20972340 20975390 20972852 18242622128114 756269616601 2550759852918 460579741044
intel_hsw_cbo 1/8 20971793 20972340 20975390 20972852 14880570071125 704776324398 2293265963636 425384370334
intel_hsw_cbo 1/2 20971793 20972340 20975390 20972852 15599049581130 758240418960 1979081572404 460283970713
intel_hsw_hau ff/12.5 20972289 20974593 20971520 20975386 6177704586941 1750872678532 107715713467428 1754840646944
intel_hsw_hau 7f/12.1 20972289 20974593 20971520 20975386 5040105499302 1613227945225 101258104664196 1618266447276
intel_hsw_hau ff/12.1 20972289 20974593 20971520 20975386 7037637968877 2232970735141 107715713498957 2239406055088
intel_hsw_hau 7f/12.5 20972289 20974593 20971520 20975386 4725364968425 1484892124703 101258105721573 1488377098277
intel_hsw_imc ff/14.1 20972292 20974596 20974337 20971778 3074837841416 880267607931 3147609422572 1747075370559 0
intel_hsw_imc ff/14.0 20972292 20974596 20974337 20971778 3942884237355 1367600227378 3488864907670 1517161847640 0
intel_hsw_imc 7f/17.1 20972292 20974596 20974337 20971778 2355942604818 746773714492 2478972580595 1336898569897 0
intel_hsw_imc 7f/17.0 20972292 20974596 20974337 20971778 2354440775224 746711152473 2478186962012 1344460330865 0
intel_hsw_imc 7f/14.0 20972292 20974596 20974337 20971778 2669964202509 879047111206 2571267284400 1081299214918 0
intel_hsw_imc 7f/14.1 20972292 20974596 20974337 20971778 2351490627842 746677218170 2461426399233 1325651842934 0
intel_hsw_imc ff/17.0 20972292 20974596 20974337 20971778 3077571522636 880384791789 3171806421030 1772641065201 0
intel_hsw_imc ff/17.1 20972292 20974596 20974337 20971778 3078629381598 880284746391 3170390873429 1759713618896 0
intel_hsw_qpi ff/08.2 6291712 6292480 6293506 6292483 3872845982271 2718089512909 10674173444192 0
intel_hsw_qpi 7f/08.2 6291712 6292480 6293506 6292483 2715158636929 3876228596555 13752594394438 0
intel_hsw_qpi 7f/09.2 6291712 6292480 6293506 6292483 2715831597131 3876016164516 12566809275384 0
intel_hsw_qpi ff/09.2 6291712 6292480 6293506 6292483 3872868726662 2717583641006 11696597514216 0
intel_hsw_r2pci 7f/10.1 20972580 20975369 20975367 20975368 4726013022 25003141310922 26992875587068 31607625285828
intel_hsw_r2pci ff/10.1 20972580 20975369 20975367 20975368 47220716 23527046383710 26280177373833 29858853683257
mem 1 82566752 31503164 51063588 11373028 38964856 160 0 50249652 12976132 88432 37844 0 0 432936 0 0 0
mem 0 82341048 14064220 68276828 16761604 49555020 200 0 65856772 33606584 463052 107632 0 0 615276 24576 0 0
net vnet23 0 0 8311157 0 0 0 0 0 0 0 0 0 65730 0 496079773 0 0 0 0 0 0 91528 0
net enp6s0f0 0 0 0 0 0 0 0 0 0 0 0 0 0 0 6606 0 0 0 0 0 0 93 0
net vnet47 0 0 121691 0 0 0 0 0 0 0 0 0 515 0 64396 0 0 0 0 0 0 545 0
net vnet20 0 0 11513340 0 0 0 0 0 0 0 0 0 81587 0 1150527579 0 0 0 0 0 0 135958 0
net enp1s0f0 0 1333264 78054236682 0 0 0 0 371 0 0 371 0 81234725 0 1598880787 0 0 0 0 0 0 9067548 0
net lo 0 0 60786710 0 0 0 0 0 0 0 0 0 483616 0 60786710 0 0 0 0 0 0 483616 0
net vnet24 0 0 583459 0 0 0 0 0 0 0 0 0 7108 0 80668661 0 0 0 0 0 0 19783 0
net vnet38 0 0 438643 0 0 0 0 0 0 0 0 0 4173 0 64702834 0 0 0 0 0 0 8647 0
net vnet21 0 0 11160888 0 0 0 0 0 0 0 0 0 77662 0 1150519962 0 0 0 0 0 0 132832 0
net virbr0 0 1356 376608936 0 0 0 0 0 0 0 0 0 5004788 0 70467654103 0 0 0 0 0 0 7229313 0
numa 1 2585841555 18927329 1008175 29040 1605749132 998585922
numa 0 2115148188 1008175 18927329 28452 1146127875 969769253
ps - 850401351 1551941 328 320 319 1 807
sysv_shm - 0 0
tmpfs /run/lock 0 6
tmpfs /run 2228224 1149
tmpfs /run/user/20029 4096 44
tmpfs /run/qemu 0 1
tmpfs /dev/shm 75715166208 271285
vfs - 298279 124225 308165
vm - 12 31492975 1314206308 520887 2496526 4715967935 4729524774 102609098 21928526 4420037513 79157 0 0 0 0 0 2714357 0 1121522 2855 0 2498084 98 0 34 0 0

1764552001.304221 0 node12.dhkim-278716.ldos-ut-pg0.wisc.cloudlab.us
block sda 524272 408648 62971247 9467278 5565270 14810860 2628490889 239183312 1 17226264 252787417
block sdb 2615 0 7504 3511 4 0 0 0 0 4252 3512
block sdc 995 0 7996 261 4 0 0 0 0 960 262
cpu 11 3368342 2 178618 24857193 167074 0 2092
cpu 10 3504907 13 159774 24806150 111375 0 1083
cpu 13 3207924 0 136428 25169533 55936 0 309
cpu 12 3270904 2 152657 25048396 100765 0 812
cpu 15 2954810 0 143921 25390871 74364 0 589
cpu 14 2918895 1 135027 25459271 51922 0 262
cpu 17 3048722 10 140278 25308067 67807 0 404
cpu 16 3007068 0 161348 25246725 145382 0 1478
cpu 19 3028918 0 165543 25242367 122899 0 1146
cpu 18 3155558 2 143321 25214372 52579 0 369
cpu 1 3381713 12 187337 25009695 63072 0 3069
cpu 0 3351898 2 170460 24982575 64906 0 979
cpu 3 3137972 2 189291 25264616 62919 0 1824
cpu 2 3041726 1 208205 25316940 84741 0 1234
cpu 5 2931059 0 152779 25478674 91594 0 3091
cpu 4 2848175 1 178328 25448164 171151 0 7319
cpu 7 3464230 0 150392 24997212 49381 0 886
cpu 6 3235147 1 140060 25221810 61698 0 2404
cpu 9 3013570 2 129839 25464627 52100 0 487
cpu 8 3149201 81 138764 25282099 53617 0 9431
intel_hsw_cbo 1/7 20971793 20972340 20975390 20972852 17217096665228 758129939268 2564170313073 460030540468
intel_hsw_cbo 1/6 20971793 20972340 20975390 20972852 16502776997725 759521805627 2418431486873 460348573596
intel_hsw_cbo 1/0 20971793 20972340 20975390 20972852 15918429622652 757853369533 2233216581692 460180447390
intel_hsw_cbo 1/4 20971793 20972340 20975390 20972852 16236010251504 760495152049 2042039334711 460137011708
intel_hsw_cbo 1/3 20971793 20972340 20975390 20972852 18867415845384 758637046500 2840254726937 460209236925
intel_hsw_cbo 1/1 20971793 20972340 20975390 20972852 16107547711781 759522753352 2352089757180 460128585972
intel_hsw_cbo 0/8 20971793 20972340 20975390 20972852 15139759166310 703046836007 2130645816490 427861354401
intel_hsw_cbo 0/9 20971793 20972340 20975390 20972852 16781429861799 701733856921 2728024849243 427922285387
intel_hsw_cbo 0/6 20971793 20972340 20975390 20972852 16693467111969 757277999965 2244434628918 463253295636
intel_hsw_cbo 0/7 20971793 20972340 20975390 20972852 18078532932635 757129489415 2428435493717 463127712032
intel_hsw_cbo 0/4 20971793 20972340 20975390 20972852 16451400604958 758597845120 2059461348303 463292639731
intel_hsw_cbo 0/5 20971793 20972340 20975390 20972852 20095797045812 754315524463 2449946314116 463448223930
intel_hsw_cbo 0/2 20971793 20972340 20975390 20972852 16000835946776 756514830717 2012801064802 463041645835
intel_hsw_cbo 0/3 20971793 20972340 20975390 20972852 20777586991191 756364019712 2748315118857 463146910185
intel_hsw_cbo 0/0 20971793 20972340 20975390 20972852 16400202322981 756589115687 2245474688526 463589116000
intel_hsw_cbo 0/1 20971793 20972340 20975390 20972852 16810794053160 757550613582 2199418956186 463332181258
intel_hsw_cbo 1/9 20971793 20972340 20975390 20972852 16472369616366 703728798483 2889773123471 425348138895
intel_hsw_cbo 1/5 20971793 20972340 20975390 20972852 18242623493879 756269883733 2550760017173 460579830762
intel_hsw_cbo 1/8 20971793 20972340 20975390 20972852 14880571481496 704776574626 2293266087898 425384454530
intel_hsw_cbo 1/2 20971793 20972340 20975390 20972852 15599050849456 758240691267 1979081670150 460284059875
intel_hsw_hau ff/12.5 20972289 20974593 20971520 20975386 6177705150949 1750872805056 107717604666104 1754840779527
intel_hsw_hau 7f/12.1 20972289 20974593 20971520 20975386 5040110924285 1613230931656 101260067151778 1618269445371
intel_hsw_hau ff/12.1 20972289 20974593 20971520 20975386 7037639270665 2232971110386 107717604703727 2239406443649
intel_hsw_hau 7f/12.5 20972289 20974593 20971520 20975386 4725369062565 1484894370515 101260068203075 1488379345638
intel_hsw_imc ff/14.1 20972292 20974596 20974337 20971778 3074838120295 880267673330 3147609545627 1747075383287 0
intel_hsw_imc ff/14.0 20972292 20974596 20974337 20971778 3942885269432 1367600565237 3488865174168 1517161887754 0
intel_hsw_imc 7f/17.1 20972292 20974596 20974337 20971778 2355944651868 746774837771 2478974616965 1336898905170 0
intel_hsw_imc 7f/17.0 20972292 20974596 20974337 20971778 2354442867034 746712323978 2478189047446 1344460669609 0
intel_hsw_imc 7f/14.0 20972292 20974596 20974337 20971778 2669967579878 879048984753 2571270123622 1081299648630 0
intel_hsw_imc 7f/14.1 20972292 20974596 20974337 20971778 2351492735460 746678411261 2461428510192 1325652182559 0
intel_hsw_imc ff/17.0 20972292 20974596 20974337 20971778 3077571803021 880384858084 3171806546663 1772641077830 0
intel_hsw_imc ff/17.1 20972292 20974596 20974337 20971778 3078629672882 880284822925 3170391010135 1759713632268 0
intel_hsw_qpi ff/08.2 6291712 6292480 6293506 6292483 3872846915369 2718095085037 10674174528424 0
intel_hsw_qpi 7f/08.2 6291712 6292480 6293506 6292483 2715164205124 3876229530111 13752595315318 0
intel_hsw_qpi 7f/09.2 6291712 6292480 6293506 6292483 2715837169087 3876017097686 12566810006680 0
intel_hsw_qpi ff/09.2 6291712 6292480 6293506 6292483 3872869660144 2717589209515 11696599018416 0
intel_hsw_r2pci 7f/10.1 20972580 20975369 20975367 20975368 4726025596 25003176786822 26992903079768 31607659579861
intel_hsw_r2pci ff/10.1 20972580 20975369 20975367 20975368 47220868 23527053243749 26280196235386 29858873048580
mem 1 82566752 31502664 51064088 11373040 38962724 260 0 50249792 12976100 86136 37924 0 0 432912 0 0 0
mem 0 82341048 14063212 68277836 16762700 49555224 308 0 65857100 33606856 463956 108152 0 0 615268 24576 0 0
net vnet23 0 0 8311157 0 0 0 0 0 0 0 0 0 65730 0 496079825 0 0 0 0 0 0 91529 0
net enp6s0f0 0 0 0 0 0 0 0 0 0 0 0 0 0 0 6606 0 0 0 0 0 0 93 0
net vnet47 0 0 121691 0 0 0 0 0 0 0 0 0 515 0 64448 0 0 0 0 0 0 546 0
net vnet20 0 0 11513340 0 0 0 0 0 0 0 0 0 81587 0 1150527631 0 0 0 0 0 0 135959 0
net enp1s0f0 0 1333271 78054244348 0 0 0 0 371 0 0 371 0 81234822 0 1598881674 0 0 0 0 0 0 9067555 0
net lo 0 0 60787255 0 0 0 0 0 0 0 0 0 483620 0 60787255 0 0 0 0 0 0 483620 0
net vnet24 0 0 583459 0 0 0 0 0 0 0 0 0 7108 0 80668713 0 0 0 0 0 0 19784 0
net vnet38 0 0 438643 0 0 0 0 0 0 0 0 0 4173 0 64702886 0 0 0 0 0 0 8648 0
net vnet21 0 0 11160888 0 0 0 0 0 0 0 0 0 77662 0 1150520014 0 0 0 0 0 0 132833 0
net virbr0 0 1356 376608936 0 0 0 0 0 0 0 0 0 5004788 0 70467654103 0 0 0 0 0 0 7229313 0
numa 1 2585842815 18927329 1008175 29040 1605750392 998585922
numa 0 2115148958 1008175 18927329 28452 1146128645 969769253
ps - 850409139 1551952 310 316 317 3 805
sysv_shm - 0 0
tmpfs /run/lock 0 6
tmpfs /run 2228224 1149
tmpfs /run/user/20029 4096 44
tmpfs /run/qemu 0 1
tmpfs /dev/shm 75715170304 271285
vfs - 298273 124185 308158
vm - 12 31493139 1314245444 520887 2496526 4715969966 4729527278 102609101 21928526 4420039911 79158 0 0 0 0 0 2714357 0 1121522 2855 0 2498084 98 0 34 0 0

1764552002.337438 0 node12.dhkim-278716.ldos-ut-pg0.wisc.cloudlab.us
block sda 524273 408648 62971271 9467281 5565273 14810861 2628490921 239183321 0 17226272 252787429
block sdb 2615 0 7504 3511 4 0 0 0 0 4252 3512
block sdc 995 0 7996 261 4 0 0 0 0 960 262
cpu 11 3368342 2 178618 24857296 167074 0 2092
cpu 10 3504908 13 159776 24806252 111375 0 1083
cpu 13 3207924 0 136428 25169633 55936 0 309
cpu 12 3270904 2 152658 25048499 100765 0 812
cpu 15 2954811 0 143922 25390971 74364 0 589
cpu 14 2918895 1 135028 25459373 51922 0 262
cpu 17 3048722 10 140278 25308169 67807 0 404
cpu 16 3007069 0 161348 25246827 145382 0 1478
cpu 19 3028918 0 165543 25242470 122899 0 1146
cpu 18 3155558 2 143322 25214474 52579 0 369
cpu 1 3381748 12 187338 25009759 63072 0 3069
cpu 0 3351962 2 170462 24982611 64906 0 979
cpu 3 3137999 2 189292 25264689 62919 0 1824
cpu 2 3041752 1 208206 25317015 84741 0 1234
cpu 5 2931144 0 152779 25478691 91594 0 3091
cpu 4 2848208 1 178330 25448230 171151 0 7319
cpu 7 3464254 0 150394 24997286 49381 0 886
cpu 6 3235219 1 140060 25221839 61698 0 2404
cpu 9 3013570 2 129839 25464729 52100 0 487
cpu 8 3149202 81 138764 25282201 53617 0 9431
intel_hsw_cbo 1/7 20971793 20972340 20975390 20972852 17217097521020 758130181890 2564170370831 460030629267
intel_hsw_cbo 1/6 20971793 20972340 20975390 20972852 16502777834049 759522043058 2418432086873 460348662285
intel_hsw_cbo 1/0 20971793 20972340 20975390 20972852 15918430391487 757853611509 2233216686283 460180534860
intel_hsw_cbo 1/4 20971793 20972340 20975390 20972852 16236011002255 760495397763 2042039536825 460137099197
intel_hsw_cbo 1/3 20971793 20972340 20975390 20972852 18867416759076 758637287014 2840254855206 460209323988
intel_hsw_cbo 1/1 20971793 20972340 20975390 20972852 16107548597564 759522996270 2352090266585 460128673518
intel_hsw_cbo 0/8 20971793 20972340 20975390 20972852 15139790281752 703055381550 2130655616899 427864651964
intel_hsw_cbo 0/9 20971793 20972340 20975390 20972852 16781461272955 701742511471 2728031575835 427925582218
intel_hsw_cbo 0/6 20971793 20972340 20975390 20972852 16693500123743 757287137878 2244444176382 463256834745
intel_hsw_cbo 0/7 20971793 20972340 20975390 20972852 18078566419525 757138632306 2428441019616 463131263859
intel_hsw_cbo 0/4 20971793 20972340 20975390 20972852 16451434121416 758607027095 2059469439188 463296183809
intel_hsw_cbo 0/5 20971793 20972340 20975390 20972852 20095830940572 754324659498 2449952555421 463451763685
intel_hsw_cbo 0/2 20971793 20972340 20975390 20972852 16000868707888 756523969249 2012809009789 463045207122
intel_hsw_cbo 0/3 20971793 20972340 20975390 20972852 20777620704444 756373232560 2748323505650 463150444198
intel_hsw_cbo 0/0 20971793 20972340 20975390 20972852 16400236013506 756598256396 2245483617615 463592670980
intel_hsw_cbo 0/1 20971793 20972340 20975390 20972852 16810826714143 757559813138 2199429065373 463335755431
intel_hsw_cbo 1/9 20971793 20972340 20975390 20972852 16472370421241 703729025033 2889773254900 425348224141
intel_hsw_cbo 1/5 20971793 20972340 20975390 20972852 18242624255440 756270123566 2550760071851 460579919200
intel_hsw_cbo 1/8 20971793 20972340 20975390 20972852 14880572358788 704776803404 2293266645645 425384538424
intel_hsw_cbo 1/2 20971793 20972340 20975390 20972852 15599051607204 758240935314 1979081816979 460284148489
intel_hsw_hau ff/12.5 20972289 20974593 20971520 20975386 6177705691148 1750872914087 107720100764698 1754840892829
intel_hsw_hau 7f/12.1 20972289 20974593 20971520 20975386 5040124775184 1613239588932 101262664774652 1618278114821
intel_hsw_hau ff/12.1 20972289 20974593 20971520 20975386 7037640467116 2232971444917 107720100747757 2239406788992
intel_hsw_hau 7f/12.5 20972289 20974593 20971520 20975386 4725379188136 1484900626478 101262665882793 1488385602365
intel_hsw_imc ff/14.1 20972292 20974596 20974337 20971778 3074838389593 880267730268 3147609668159 1747075394937 0
intel_hsw_imc ff/14.0 20972292 20974596 20974337 20971778 3942886208024 1367600868309 3488865414360 1517161921273 0
intel_hsw_imc 7f/17.1 20972292 20974596 20974337 20971778 2355949725779 746777955061 2478980645278 1336899953405 0
intel_hsw_imc 7f/17.0 20972292 20974596 20974337 20971778 2354447986618 746715492922 2478195125521 1344461726293 0
intel_hsw_imc 7f/14.0 20972292 20974596 20974337 20971778 2669976384767 879054493533 2571278903204 1081301086488 0
intel_hsw_imc 7f/14.1 20972292 20974596 20974337 20971778 2351497871771 746681605594 2461434601342 1325653240091 0
intel_hsw_imc ff/17.0 20972292 20974596 20974337 20971778 3077572071292 880384914478 3171806669273 1772641089399 0
intel_hsw_imc ff/17.1 20972292 20974596 20974337 20971778 3078629953121 880284890089 3170391143979 1759713644153 0
intel_hsw_qpi ff/08.2 6291712 6292480 6293506 6292483 3872847682659 2718109624494 10674175220608 0
intel_hsw_qpi 7f/08.2 6291712 6292480 6293506 6292483 2715178743676 3876230296596 13752596234806 0
intel_hsw_qpi 7f/09.2 6291712 6292480 6293506 6292483 2715851708401 3876017865034 12566810669776 0
intel_hsw_qpi ff/09.2 6291712 6292480 6293506 6292483 3872870426547 2717603749288 11696600020120 0
intel_hsw_r2pci 7f/10.1 20972580 20975369 20975367 20975368 4726031428 25003259837755 26992965252496 31607742797142
intel_hsw_r2pci ff/10.1 20972580 20975369 20975367 20975368 47221026 23527058523755 26280235932730 29858913532397
mem 1 82566752 31502692 51064060 11373044 38962408 156 0 50249800 12975824 85684 37772 0 0 432976 0 0 0
mem 0 82341048 14062708 68278340 16762744 49554572 172 0 65857136 33606860 463288 108144 0 0 615268 24576 0 0
net vnet23 0 0 8311157 0 0 0 0 0 0 0 0 0 65730 0 496079825 0 0 0 0 0 0 91529 0
net enp6s0f0 0 0 0 0 0 0 0 0 0 0 0 0 0 0 6606 0 0 0 0 0 0 93 0
net vnet47 0 0 121691 0 0 0 0 0 0 0 0 0 515 0 64448 0 0 0 0 0 0 546 0
net vnet20 0 0 11513340 0 0 0 0 0 0 0 0 0 81587 0 1150527631 0 0 0 0 0 0 135959 0
net enp1s0f0 0 1333275 78054250045 0 0 0 0 371 0 0 371 0 81234909 0 1598882385 0 0 0 0 0 0 9067560 0
net lo 0 0 60787800 0 0 0 0 0 0 0 0 0 483624 0 60787800 0 0 0 0 0 0 483624 0
net vnet24 0 0 583459 0 0 0 0 0 0 0 0 0 7108 0 80668713 0 0 0 0 0 0 19784 0
net vnet38 0 0 438643 0 0 0 0 0 0 0 0 0 4173 0 64702886 0 0 0 0 0 0 8648 0
net vnet21 0 0 11160888 0 0 0 0 0 0 0 0 0 77662 0 1150520014 0 0 0 0 0 0 132833 0
net virbr0 0 1356 376608936 0 0 0 0 0 0 0 0 0 5004788 0 70467654103 0 0 0 0 0 0 7229313 0
numa 1 2585844182 18927329 1008175 29040 1605751759 998585922
numa 0 2115149449 1008175 18927329 28452 1146129136 969769253
ps - 850418390 1551963 310 316 317 6 805
sysv_shm - 0 0
tmpfs /run/lock 0 6
tmpfs /run 2228224 1149
tmpfs /run/user/20029 4096 44
tmpfs /run/qemu 0 1
tmpfs /dev/shm 75715178496 271285
vfs - 298273 124225 308158
vm - 12 31493139 1314245460 520887 2496526 4715971823 4729529167 102609118 21928526 4420046488 79158 0 0 0 0 0 2714357 0 1121522 2855 0 2498084 98 0 34 0 0

1764552003.372367 0 node12.dhkim-278716.ldos-ut-pg0.wisc.cloudlab.us
block sda 524274 408648 62971300 9467292 5565370 14810893 2628660873 239188756 0 17226844 252793091
block sdb 2615 0 7504 3511 4 0 0 0 0 4252 3512
block sdc 995 0 7996 261 4 0 0 0 0 960 262
cpu 11 3368342 2 178618 24857398 167074 0 2092
cpu 10 3504908 13 159779 24806354 111375 0 1083
cpu 13 3207924 0 136428 25169735 55936 0 309
cpu 12 3270905 2 152658 25048602 100765 0 812
cpu 15 2954811 0 143923 25391042 74395 0 589
cpu 14 2918897 1 135028 25459475 51922 0 262
cpu 17 3048723 10 140280 25308271 67807 0 404
cpu 16 3007070 0 161348 25246929 145382 0 1478
cpu 19 3028918 0 165545 25242571 122899 0 1146
cpu 18 3155558 2 143323 25214577 52579 0 369
cpu 1 3381754 12 187340 25009841 63084 0 3069
cpu 0 3351980 2 170463 24982676 64924 0 979
cpu 3 3138042 2 189302 25264728 62930 0 1824
cpu 2 3041760 1 208207 25317104 84742 0 1234
cpu 5 2931156 0 152781 25478768 91607 0 3091
cpu 4 2848221 1 178332 25448286 171179 0 7319
cpu 7 3464270 0 150396 24997353 49397 0 886
cpu 6 3235240 1 140062 25221908 61709 0 2404
cpu 9 3013570 2 129839 25464831 52100 0 487
cpu 8 3149202 81 138764 25282304 53617 0 9431
intel_hsw_cbo 1/7 20971793 20972340 20975390 20972852 17217098431067 758130426293 2564170421652 460030720048
intel_hsw_cbo 1/6 20971793 20972340 20975390 20972852 16502778661155 759522282831 2418432395040 460348752441
intel_hsw_cbo 1/0 20971793 20972340 20975390 20972852 15918431152573 757853855476 2233216862914 460180624099
intel_hsw_cbo 1/4 20971793 20972340 20975390 20972852 16236011817112 760495645457 2042039731114 460137188681
intel_hsw_cbo 1/3 20971793 20972340 20975390 20972852 18867417664584 758637528541 2840254959089 460209412683
intel_hsw_cbo 1/1 20971793 20972340 20975390 20972852 16107549438747 759523241704 2352090576942 460128763464
intel_hsw_cbo 0/8 20971793 20972340 20975390 20972852 15139802747585 703057965419 2130661421538 427866078416
intel_hsw_cbo 0/9 20971793 20972340 20975390 20972852 16781473906012 701745189953 2728033947760 427927012304
intel_hsw_cbo 0/6 20971793 20972340 20975390 20972852 16693511579646 757289929041 2244450378206 463258336814
intel_hsw_cbo 0/7 20971793 20972340 20975390 20972852 18078578002678 757141441453 2428442781689 463132801904
intel_hsw_cbo 0/4 20971793 20972340 20975390 20972852 16451445466795 758609792767 2059471632171 463297718595
intel_hsw_cbo 0/5 20971793 20972340 20975390 20972852 20095843520102 754327479306 2449954549356 463453300427
intel_hsw_cbo 0/2 20971793 20972340 20975390 20972852 16000880255632 756526807746 2012810627515 463046736854
intel_hsw_cbo 0/3 20971793 20972340 20975390 20972852 20777632752776 756376073347 2748326269324 463151971486
intel_hsw_cbo 0/0 20971793 20972340 20975390 20972852 16400247844213 756601077811 2245485100725 463594207875
intel_hsw_cbo 0/1 20971793 20972340 20975390 20972852 16810838361326 757562602843 2199434461258 463337269649
intel_hsw_cbo 1/9 20971793 20972340 20975390 20972852 16472371298963 703729252510 2889773356716 425348311160
intel_hsw_cbo 1/5 20971793 20972340 20975390 20972852 18242625105595 756270364014 2550760124311 460580008964
intel_hsw_cbo 1/8 20971793 20972340 20975390 20972852 14880573177445 704777032993 2293266955219 425384625014
intel_hsw_cbo 1/2 20971793 20972340 20975390 20972852 15599052480461 758241181312 1979082005425 460284239813
intel_hsw_hau ff/12.5 20972289 20974593 20971520 20975386 6177706201905 1750873023835 107722384784508 1754841006881
intel_hsw_hau 7f/12.1 20972289 20974593 20971520 20975386 5040131290885 1613243506837 101265032825324 1618282042523
intel_hsw_hau ff/12.1 20972289 20974593 20971520 20975386 7037641618486 2232971780770 107722384812859 2239407134598
intel_hsw_hau 7f/12.5 20972289 20974593 20971520 20975386 4725383382937 1484903378039 101265033886581 1488388354538
intel_hsw_imc ff/14.1 20972292 20974596 20974337 20971778 3074838642862 880267786975 3147609779990 1747075405840 0
intel_hsw_imc ff/14.0 20972292 20974596 20974337 20971778 3942887116134 1367601170057 3488865637063 1517161953617 0
intel_hsw_imc 7f/17.1 20972292 20974596 20974337 20971778 2355951821670 746779328975 2478982977089 1336900327895 0
intel_hsw_imc 7f/17.0 20972292 20974596 20974337 20971778 2354450128642 746716914678 2478197504476 1344462103267 0
intel_hsw_imc 7f/14.0 20972292 20974596 20974337 20971778 2669980804110 879057041557 2571282565127 1081301683468 0
intel_hsw_imc 7f/14.1 20972292 20974596 20974337 20971778 2351500030487 746683050276 2461437001754 1325653617326 0
intel_hsw_imc ff/17.0 20972292 20974596 20974337 20971778 3077572324908 880384971293 3171806781832 1772641100589 0
intel_hsw_imc ff/17.1 20972292 20974596 20974337 20971778 3078630217563 880284956211 3170391266745 1759713655658 0
intel_hsw_qpi ff/08.2 6291712 6292480 6293506 6292483 3872848454892 2718116619603 10674175888032 0
intel_hsw_qpi 7f/08.2 6291712 6292480 6293506 6292483 2715185734872 3876231068456 13752597079398 0
intel_hsw_qpi 7f/09.2 6291712 6292480 6293506 6292483 2715858703526 3876018637284 12566811307200 0
intel_hsw_qpi ff/09.2 6291712 6292480 6293506 6292483 3872871198350 2717610739318 11696600997216 0
intel_hsw_r2pci 7f/10.1 20972580 20975369 20975367 20975368 4726038268 25003301365769 26992999193094 31607784102772
intel_hsw_r2pci ff/10.1 20972580 20975369 20975367 20975368 47221174 23527063661563 26280256724235 29858935384275
mem 1 82566752 31503140 51063612 11373048 38962920 156 0 50249812 12975824 86240 37784 0 0 432968 0 0 0
mem 0 82341048 13994920 68346128 16762768 49621400 204 0 65924588 33674304 462800 108376 0 0 615244 24576 0 0
net vnet23 0 0 8311157 0 0 0 0 0 0 0 0 0 65730 0 496079877 0 0 0 0 0 0 91530 0
net enp6s0f0 0 0 0 0 0 0 0 0 0 0 0 0 0 0 6606 0 0 0 0 0 0 93 0
net vnet47 0 0 121691 0 0 0 0 0 0 0 0 0 515 0 64500 0 0 0 0 0 0 547 0
net vnet20 0 0 11513340 0 0 0 0 0 0 0 0 0 81587 0 1150527683 0 0 0 0 0 0 135960 0
net enp1s0f0 0 1333280 78054255262 0 0 0 0 371 0 0 371 0 81234988 0 1598883096 0 0 0 0 0 0 9067565 0
net lo 0 0 60788345 0 0 0 0 0 0 0 0 0 483628 0 60788345 0 0 0 0 0 0 483628 0
net vnet24 0 0 583459 0 0 0 0 0 0 0 0 0 7108 0 80668765 0 0 0 0 0 0 19785 0
net vnet38 0 0 438643 0 0 0 0 0 0 0 0 0 4173 0 64702938 0 0 0 0 0 0 8649 0
net vnet21 0 0 11160888 0 0 0 0 0 0 0 0 0 77662 0 1150520066 0 0 0 0 0 0 132834 0
net virbr0 0 1356 376608936 0 0 0 0 0 0 0 0 0 5004788 0 70467654103 0 0 0 0 0 0 7229313 0
numa 1 2585845749 18927329 1008175 29040 1605753326 998585922
numa 0 2115167029 1008175 18927329 28452 1146146716 969769253
ps - 850426388 1551974 310 316 317 2 795
sysv_shm - 0 0
tmpfs /run/lock 0 6
tmpfs /run 2228224 1149
tmpfs /run/user/20029 4096 44
tmpfs /run/qemu 0 1
tmpfs /dev/shm 75715178496 271285
vfs - 298273 124185 308158
vm - 12 31493154 1314330436 520887 2496526 4715990983 4729531126 102609119 21928526 4420069867 79158 0 0 0 0 0 2714357 0 1121522 2855 0 2498084 98 0 34 0 0

1764552004.407220 0 node12.dhkim-278716.ldos-ut-pg0.wisc.cloudlab.us
block sda 524276 408648 62971476 9467303 5565378 14810894 2628660953 239188764 0 17226856 252793110
block sdb 2615 0 7504 3511 4 0 0 0 0 4252 3512
block sdc 995 0 7996 261 4 0 0 0 0 960 262
cpu 11 3368342 2 178618 24857499 167074 0 2092
cpu 10 3504908 13 159781 24806456 111375 0 1083
cpu 13 3207924 0 136428 25169837 55936 0 309
cpu 12 3270906 2 152658 25048705 100765 0 812
cpu 15 2954811 0 143923 25391145 74395 0 589
cpu 14 2918897 1 135028 25459578 51922 0 262
cpu 17 3048724 10 140281 25308372 67807 0 404
cpu 16 3007071 0 161350 25247031 145382 0 1478
cpu 19 3028918 0 165546 25242674 122899 0 1146
cpu 18 3155558 2 143323 25214680 52579 0 369
cpu 1 3381782 12 187342 25009913 63084 0 3069
cpu 0 3352003 2 170467 24982751 64925 0 979
cpu 3 3138114 2 189304 25264757 62930 0 1824
cpu 2 3041812 1 208213 25317150 84742 0 1234
cpu 5 2931186 0 152783 25478838 91607 0 3091
cpu 4 2848261 1 178336 25448344 171180 0 7319
cpu 7 3464316 0 150400 24997408 49397 0 886
cpu 6 3235260 1 140064 25221987 61709 0 2404
cpu 9 3013571 2 129839 25464934 52100 0 487
cpu 8 3149202 81 138765 25282405 53617 0 9431
intel_hsw_cbo 1/7 20971793 20972340 20975390 20972852 17217099229714 758130668183 2564170537133 460030807157
intel_hsw_cbo 1/6 20971793 20972340 20975390 20972852 16502779529507 759522520148 2418432642840 460348838853
intel_hsw_cbo 1/0 20971793 20972340 20975390 20972852 15918431943317 757854096627 2233216979913 460180710545
intel_hsw_cbo 1/4 20971793 20972340 20975390 20972852 16236012690532 760495891253 2042039869140 460137276207
intel_hsw_cbo 1/3 20971793 20972340 20975390 20972852 18867418530496 758637767823 2840255133031 460209498371
intel_hsw_cbo 1/1 20971793 20972340 20975390 20972852 16107550262668 759523484610 2352090790509 460128850615
intel_hsw_cbo 0/8 20971793 20972340 20975390 20972852 15139823507973 703065172220 2130667879704 427868350595
intel_hsw_cbo 0/9 20971793 20972340 20975390 20972852 16781495011794 701752492459 2728038622186 427929276535
intel_hsw_cbo 0/6 20971793 20972340 20975390 20972852 16693533506920 757297605044 2244457286579 463260763428
intel_hsw_cbo 0/7 20971793 20972340 20975390 20972852 18078600531587 757149188907 2428446594466 463135260012
intel_hsw_cbo 0/4 20971793 20972340 20975390 20972852 16451466971031 758617456440 2059477889093 463300172407
intel_hsw_cbo 0/5 20971793 20972340 20975390 20972852 20095866997720 754335219917 2449958819649 463455761814
intel_hsw_cbo 0/2 20971793 20972340 20975390 20972852 16000901802036 756534581321 2012816343686 463049161629
intel_hsw_cbo 0/3 20971793 20972340 20975390 20972852 20777655118714 756383771040 2748331645088 463154428799
intel_hsw_cbo 0/0 20971793 20972340 20975390 20972852 16400270790483 756608838139 2245490790321 463596669620
intel_hsw_cbo 0/1 20971793 20972340 20975390 20972852 16810860096327 757570279392 2199440806982 463339717935
intel_hsw_cbo 1/9 20971793 20972340 20975390 20972852 16472372155176 703729477815 2889773497949 425348395834
intel_hsw_cbo 1/5 20971793 20972340 20975390 20972852 18242625938417 756270602054 2550760252500 460580096158
intel_hsw_cbo 1/8 20971793 20972340 20975390 20972852 14880574037783 704777260337 2293267183713 425384708305
intel_hsw_cbo 1/2 20971793 20972340 20975390 20972852 15599053312600 758241424688 1979082130403 460284327491
intel_hsw_hau ff/12.5 20972289 20974593 20971520 20975386 6177706750409 1750873147900 107725072640290 1754841135336
intel_hsw_hau 7f/12.1 20972289 20974593 20971520 20975386 5040142502992 1613250375034 101267819461436 1618288921568
intel_hsw_hau ff/12.1 20972289 20974593 20971520 20975386 7037642834288 2232972136121 107725072640123 2239407500866
intel_hsw_hau 7f/12.5 20972289 20974593 20971520 20975386 4725391378957 1484908377358 101267820550863 1488393354907
intel_hsw_imc ff/14.1 20972292 20974596 20974337 20971778 3074838914283 880267851185 3147609911188 1747075418531 0
intel_hsw_imc ff/14.0 20972292 20974596 20974337 20971778 3942888068832 1367601484224 3488865888760 1517161989341 0
intel_hsw_imc 7f/17.1 20972292 20974596 20974337 20971778 2355955827918 746781809421 2478987531480 1336901072222 0
intel_hsw_imc 7f/17.0 20972292 20974596 20974337 20971778 2354454187073 746719448269 2478202114600 1344462852253 0
intel_hsw_imc 7f/14.0 20972292 20974596 20974337 20971778 2669988027927 879061383686 2571289646010 1081302717636 0
intel_hsw_imc 7f/14.1 20972292 20974596 20974337 20971778 2351504112022 746685607236 2461441632206 1325654368318 0
intel_hsw_imc ff/17.0 20972292 20974596 20974337 20971778 3077572598007 880385035507 3171806914692 1772641113565 0
intel_hsw_imc ff/17.1 20972292 20974596 20974337 20971778 3078630499686 880285028904 3170391408056 1759713668968 0
intel_hsw_qpi ff/08.2 6291712 6292480 6293506 6292483 3872849243965 2718127539757 10674176580320 0
intel_hsw_qpi 7f/08.2 6291712 6292480 6293506 6292483 2715196644249 3876231858535 13752597993494 0
intel_hsw_qpi 7f/09.2 6291712 6292480 6293506 6292483 2715869623724 3876019426399 12566811956432 0
intel_hsw_qpi ff/09.2 6291712 6292480 6293506 6292483 3872871988359 2717621648582 11696602000936 0
intel_hsw_r2pci 7f/10.1 20972580 20975369 20975367 20975368 4726047354 25003388497870 26993075078354 31607863138531
intel_hsw_r2pci ff/10.1 20972580 20975369 20975367 20975368 47221424 23527069112503 26280287408989 29858967158885
mem 1 82566752 31503536 51063216 11373056 38962452 140 0 50249820 12975896 85812 37708 0 0 432964 0 0 0
mem 0 82341048 13850272 68490776 16762772 49765552 220 0 66068096 33817864 463480 108740 0 0 615252 24576 0 0
net vnet23 0 0 8311157 0 0 0 0 0 0 0 0 0 65730 0 496079929 0 0 0 0 0 0 91531 0
net enp6s0f0 0 0 0 0 0 0 0 0 0 0 0 0 0 0 6606 0 0 0 0 0 0 93 0
net vnet47 0 0 121691 0 0 0 0 0 0 0 0 0 515 0 64552 0 0 0 0 0 0 548 0
net vnet20 0 0 11513340 0 0 0 0 0 0 0 0 0 81587 0 1150527735 0 0 0 0 0 0 135961 0
net enp1s0f0 0 1333284 78054261559 0 0 0 0 371 0 0 371 0 81235085 0 1598883807 0 0 0 0 0 0 9067570 0
net lo 0 0 60788890 0 0 0 0 0 0 0 0 0 483632 0 60788890 0 0 0 0 0 0 483632 0
net vnet24 0 0 583459 0 0 0 0 0 0 0 0 0 7108 0 80668817 0 0 0 0 0 0 19786 0
net vnet38 0 0 438643 0 0 0 0 0 0 0 0 0 4173 0 64702990 0 0 0 0 0 0 8650 0
net vnet21 0 0 11160888 0 0 0 0 0 0 0 0 0 77662 0 1150520118 0 0 0 0 0 0 132835 0
net virbr0 0 1356 376608936 0 0 0 0 0 0 0 0 0 5004788 0 70467654103 0 0 0 0 0 0 7229313 0
numa 1 2585847127 18927329 1008175 29040 1605754704 998585922
numa 0 2115203525 1008175 18927329 28452 1146183212 969769253
ps - 850433484 1551986 310 316 317 6 795
sysv_shm - 0 0
tmpfs /run/lock 0 6
tmpfs /run 2228224 1149
tmpfs /run/user/20029 4096 44
tmpfs /run/qemu 0 1
tmpfs /dev/shm 75715178496 271285
vfs - 298273 124185 308158
vm - 12 31493242 1314330476 520887 2496526 4716028846 4729533038 102609120 21928526 4420107836 79158 0 0 0 0 0 2714357 0 1121522 2855 0 2498084 98 0 34 0 0

1764552005.441908 0 node12.dhkim-278716.ldos-ut-pg0.wisc.cloudlab.us
block sda 524277 408648 62971516 9467305 5565379 14810894 2628660961 239188766 0 17226864 252793113
block sdb 2615 0 7504 3511 4 0 0 0 0 4252 3512
block sdc 995 0 7996 261 4 0 0 0 0 960 262
cpu 11 3368343 2 178620 24857601 167074 0 2092
cpu 10 3504909 13 159784 24806558 111375 0 1083
cpu 13 3207924 0 136428 25169938 55936 0 309
cpu 12 3270906 2 152658 25048807 100765 0 812
cpu 15 2954815 0 143926 25391242 74395 0 589
cpu 14 2918897 1 135029 25459680 51922 0 262
cpu 17 3048724 10 140281 25308475 67807 0 404
cpu 16 3007071 0 161350 25247135 145382 0 1478
cpu 19 3028918 0 165546 25242776 122899 0 1146
cpu 18 3155559 2 143323 25214783 52579 0 369
cpu 1 3381850 12 187346 25009942 63084 0 3069
cpu 0 3352066 2 170474 24982781 64925 0 979
cpu 3 3138188 2 189313 25264776 62930 0 1824
cpu 2 3041874 1 208220 25317184 84742 0 1234
cpu 5 2931244 0 152786 25478876 91607 0 3091
cpu 4 2848332 1 178340 25448374 171180 0 7319
cpu 7 3464378 0 150403 24997445 49397 0 886
cpu 6 3235324 1 140067 25222019 61709 0 2404
cpu 9 3013571 2 129839 25465037 52100 0 487
cpu 8 3149202 81 138765 25282506 53617 0 9431
intel_hsw_cbo 1/7 20971793 20972340 20975390 20972852 17217100069863 758130936098 2564170580550 460030909526
intel_hsw_cbo 1/6 20971793 20972340 20975390 20972852 16502780428411 759522781424 2418432870389 460348941821
intel_hsw_cbo 1/0 20971793 20972340 20975390 20972852 15918432829637 757854361549 2233217256295 460180812072
intel_hsw_cbo 1/4 20971793 20972340 20975390 20972852 16236013547866 760496161835 2042040161588 460137377913
intel_hsw_cbo 1/3 20971793 20972340 20975390 20972852 18867419402232 758638029639 2840255226191 460209599996
intel_hsw_cbo 1/1 20971793 20972340 20975390 20972852 16107551168335 759523749908 2352091041063 460128952697
intel_hsw_cbo 0/8 20971793 20972340 20975390 20972852 15139879830502 703077029553 2130685514558 427872762451
intel_hsw_cbo 0/9 20971793 20972340 20975390 20972852 16781552569212 701764471273 2728051614278 427933657640
intel_hsw_cbo 0/6 20971793 20972340 20975390 20972852 16693596387760 757310321676 2244475861213 463265473683
intel_hsw_cbo 0/7 20971793 20972340 20975390 20972852 18078661473063 757161678805 2428457251170 463139988689
intel_hsw_cbo 0/4 20971793 20972340 20975390 20972852 16451528887300 758630220375 2059498236351 463304904747
intel_hsw_cbo 0/5 20971793 20972340 20975390 20972852 20095930117281 754347734427 2449970681751 463460475814
intel_hsw_cbo 0/2 20971793 20972340 20975390 20972852 16000964456723 756547374325 2012835922194 463053868622
intel_hsw_cbo 0/3 20971793 20972340 20975390 20972852 20777717979192 756396537226 2748346730869 463159136735
intel_hsw_cbo 0/0 20971793 20972340 20975390 20972852 16400334953999 756621677357 2245510751696 463601399362
intel_hsw_cbo 0/1 20971793 20972340 20975390 20972852 16810921030403 757582879517 2199458636324 463344434592
intel_hsw_cbo 1/9 20971793 20972340 20975390 20972852 16472373014787 703729725826 2889773597156 425348494296
intel_hsw_cbo 1/5 20971793 20972340 20975390 20972852 18242626850083 756270866065 2550760294842 460580198146
intel_hsw_cbo 1/8 20971793 20972340 20975390 20972852 14880575056723 704777512045 2293267422104 425384805701
intel_hsw_cbo 1/2 20971793 20972340 20975390 20972852 15599054185154 758241691696 1979082426023 460284430406
intel_hsw_hau ff/12.5 20972289 20974593 20971520 20975386 6177707372223 1750873288943 107728046269126 1754841279753
intel_hsw_hau 7f/12.1 20972289 20974593 20971520 20975386 5040153821194 1613257552350 101270894789494 1618296112206
intel_hsw_hau ff/12.1 20972289 20974593 20971520 20975386 7037644180803 2232972529191 107728046304293 2239407904014
intel_hsw_hau 7f/12.5 20972289 20974593 20971520 20975386 4725399832609 1484913785110 101270895843741 1488398763692
intel_hsw_imc ff/14.1 20972292 20974596 20974337 20971778 3074839222155 880267923789 3147610070016 1747075433078 0
intel_hsw_imc ff/14.0 20972292 20974596 20974337 20971778 3942889119966 1367601830359 3488866199187 1517162031165 0
intel_hsw_imc 7f/17.1 20972292 20974596 20974337 20971778 2355960062803 746784516889 2478993073713 1336901860255 0
intel_hsw_imc 7f/17.0 20972292 20974596 20974337 20971778 2354458468464 746722207794 2478207706058 1344463644332 0
intel_hsw_imc 7f/14.0 20972292 20974596 20974337 20971778 2669995124902 879065875771 2571297781708 1081303740921 0
intel_hsw_imc 7f/14.1 20972292 20974596 20974337 20971778 2351508417848 746688389938 2461447241859 1325655162023 0
intel_hsw_imc ff/17.0 20972292 20974596 20974337 20971778 3077572907973 880385107819 3171807074875 1772641128260 0
intel_hsw_imc ff/17.1 20972292 20974596 20974337 20971778 3078630821108 880285111829 3170391579006 1759713684206 0
intel_hsw_qpi ff/08.2 6291712 6292480 6293506 6292483 3872850144339 2718139778191 10674177457408 0
intel_hsw_qpi 7f/08.2 6291712 6292480 6293506 6292483 2715208877417 3876232759590 13752598992286 0
intel_hsw_qpi 7f/09.2 6291712 6292480 6293506 6292483 2715881862065 3876020326802 12566812673720 0
intel_hsw_qpi ff/09.2 6291712 6292480 6293506 6292483 3872872889366 2717633881953 11696603274160 0
intel_hsw_r2pci 7f/10.1 20972580 20975369 20975367 20975368 4726053532 25003558099159 26993188286251 31608008917947
intel_hsw_r2pci ff/10.1 20972580 20975369 20975367 20975368 47221572 23527075667136 26280322497336 29859003451608
mem 1 82566752 31503536 51063216 11373060 38963348 164 4 50249828 12975824 86644 37756 0 0 432964 0 0 0
mem 0 82341048 13615156 68725892 16762772 49999896 232 0 66303200 34052968 462792 109144 0 0 615268 24576 0 0
net vnet23 0 0 8311157 0 0 0 0 0 0 0 0 0 65730 0 496079929 0 0 0 0 0 0 91531 0
net enp6s0f0 0 0 0 0 0 0 0 0 0 0 0 0 0 0 6606 0 0 0 0 0 0 93 0
net vnet47 0 0 126681 0 0 0 0 0 0 0 0 0 541 0 69270 0 0 0 0 0 0 570 0
net vnet20 0 0 11513340 0 0 0 0 0 0 0 0 0 81587 0 1150527735 0 0 0 0 0 0 135961 0
net enp1s0f0 0 1333287 78054267034 0 0 0 0 371 0 0 371 0 81235168 0 1598885152 0 0 0 0 0 0 9067578 0
net lo 0 0 60789435 0 0 0 0 0 0 0 0 0 483636 0 60789435 0 0 0 0 0 0 483636 0
net vnet24 0 0 583459 0 0 0 0 0 0 0 0 0 7108 0 80668817 0 0 0 0 0 0 19786 0
net vnet38 0 0 438643 0 0 0 0 0 0 0 0 0 4173 0 64702990 0 0 0 0 0 0 8650 0
net vnet21 0 0 11160888 0 0 0 0 0 0 0 0 0 77662 0 1150520118 0 0 0 0 0 0 132835 0
net virbr0 0 1356 376613562 0 0 0 0 0 0 0 0 0 5004814 0 70467658821 0 0 0 0 0 0 7229335 0
numa 1 2585849340 18927329 1008175 29040 1605756917 998585922
numa 0 2115263023 1008175 18927329 28452 1146242710 969769253
ps - 850443913 1551999 310 316 317 8 795
sysv_shm - 0 0
tmpfs /run/lock 0 6
tmpfs /run 2228224 1149
tmpfs /run/user/20029 4096 44
tmpfs /run/qemu 0 1
tmpfs /dev/shm 75715182592 271285
vfs - 298273 124225 308158
vm - 12 31493262 1314330480 520887 2496526 4716090573 4729535500 102609121 21928526 4420169836 79158 0 0 0 0 0 2714357 0 1121522 2855 0 2498084 98 0 34 0 0

1764552006.473098 0 node12.dhkim-278716.ldos-ut-pg0.wisc.cloudlab.us
block sda 524277 408648 62971516 9467305 5565457 14810894 2628661649 239190332 0 17226944 252794680
block sdb 2615 0 7504 3511 4 0 0 0 0 4252 3512
block sdc 995 0 7996 261 4 0 0 0 0 960 262
cpu 11 3368343 2 178620 24857702 167074 0 2092
cpu 10 3504909 13 159787 24806660 111375 0 1083
cpu 13 3207924 0 136428 25170040 55936 0 309
cpu 12 3270906 2 152660 25048909 100765 0 812
cpu 15 2954815 0 143926 25391344 74395 0 589
cpu 14 2918897 1 135029 25459782 51922 0 262
cpu 17 3048724 10 140281 25308577 67807 0 404
cpu 16 3007072 0 161352 25247236 145382 0 1478
cpu 19 3028918 0 165548 25242872 122904 0 1146
cpu 18 3155559 2 143323 25214886 52579 0 369
cpu 1 3381944 12 187348 25009948 63084 0 3069
cpu 0 3352165 2 170475 24982785 64925 0 979
cpu 3 3138287 2 189314 25264780 62930 0 1824
cpu 2 3041971 1 208222 25317188 84742 0 1234
cpu 5 2931339 0 152788 25478881 91607 0 3091
cpu 4 2848426 1 178342 25448379 171180 0 7319
cpu 7 3464475 0 150404 24997450 49397 0 886
cpu 6 3235421 1 140070 25222022 61709 0 2404
cpu 9 3013571 2 129839 25465139 52100 0 487
cpu 8 3149202 81 138765 25282606 53617 0 9431
intel_hsw_cbo 1/7 20971793 20972340 20975390 20972852 17217100804240 758131181290 2564170626814 460031001391
intel_hsw_cbo 1/6 20971793 20972340 20975390 20972852 16502781181894 759523020596 2418433047951 460349032774
intel_hsw_cbo 1/0 20971793 20972340 20975390 20972852 15918433585326 757854610140 2233217517784 460180902653
intel_hsw_cbo 1/4 20971793 20972340 20975390 20972852 16236014307286 760496413170 2042040454064 460137469638
intel_hsw_cbo 1/3 20971793 20972340 20975390 20972852 18867420281611 758638273988 2840255317227 460209692041
intel_hsw_cbo 1/1 20971793 20972340 20975390 20972852 16107551933263 759523997980 2352091212531 460129045071
intel_hsw_cbo 0/8 20971793 20972340 20975390 20972852 15139966478478 703094509476 2130741436512 427878468368
intel_hsw_cbo 0/9 20971793 20972340 20975390 20972852 16781638988004 701781920463 2728077090699 427939338480
intel_hsw_cbo 0/6 20971793 20972340 20975390 20972852 16693701543663 757330115541 2244532057017 463271613320
intel_hsw_cbo 0/7 20971793 20972340 20975390 20972852 18078763349681 757181312997 2428472204616 463146144429
intel_hsw_cbo 0/4 20971793 20972340 20975390 20972852 16451624876350 758649305256 2059554519664 463311044179
intel_hsw_cbo 0/5 20971793 20972340 20975390 20972852 20096025342434 754366449753 2449987540836 463466633352
intel_hsw_cbo 0/2 20971793 20972340 20975390 20972852 16001064237666 756566920617 2012882890780 463060010455
intel_hsw_cbo 0/3 20971793 20972340 20975390 20972852 20777825544272 756416533153 2748373375112 463165288279
intel_hsw_cbo 0/0 20971793 20972340 20975390 20972852 16400429181479 756640391704 2245554786023 463607547781
intel_hsw_cbo 0/1 20971793 20972340 20975390 20972852 16811018438970 757602285335 2199510504339 463350592508
intel_hsw_cbo 1/9 20971793 20972340 20975390 20972852 16472373806958 703729953392 2889773692541 425348583227
intel_hsw_cbo 1/5 20971793 20972340 20975390 20972852 18242627637767 756271107669 2550760339692 460580290493
intel_hsw_cbo 1/8 20971793 20972340 20975390 20972852 14880575833144 704777742554 2293267586990 425384893800
intel_hsw_cbo 1/2 20971793 20972340 20975390 20972852 15599054845191 758241940965 1979082712178 460284524163
intel_hsw_hau ff/12.5 20972289 20974593 20971520 20975386 6177707958982 1750873418172 107731027864126 1754841410945
intel_hsw_hau 7f/12.1 20972289 20974593 20971520 20975386 5040172555354 1613270539061 101273978791686 1618309108712
intel_hsw_hau ff/12.1 20972289 20974593 20971520 20975386 7037645449199 2232972892877 107731027869667 2239408275237
intel_hsw_hau 7f/12.5 20972289 20974593 20971520 20975386 4725413900118 1484923558538 101273979876159 1488408537609
intel_hsw_imc ff/14.1 20972292 20974596 20974337 20971778 3074839511373 880267989681 3147610216523 1747075447052 0
intel_hsw_imc ff/14.0 20972292 20974596 20974337 20971778 3942890110384 1367602148731 3488866471922 1517162067709 0
intel_hsw_imc 7f/17.1 20972292 20974596 20974337 20971778 2355967107701 746789390105 2479002574782 1336903487626 0
intel_hsw_imc 7f/17.0 20972292 20974596 20974337 20971778 2354465559642 746727131391 2478217258813 1344465280364 0
intel_hsw_imc 7f/14.0 20972292 20974596 20974337 20971778 2670006831530 879073943233 2571311511832 1081305875792 0
intel_hsw_imc 7f/14.1 20972292 20974596 20974337 20971778 2351515538450 746693339064 2461456817131 1325656800806 0
intel_hsw_imc ff/17.0 20972292 20974596 20974337 20971778 3077573201285 880385173719 3171807224619 1772641142544 0
intel_hsw_imc ff/17.1 20972292 20974596 20974337 20971778 3078631122440 880285186212 3170391735575 1759713698683 0
intel_hsw_qpi ff/08.2 6291712 6292480 6293506 6292483 3872850958108 2718158421395 10674178168328 0
intel_hsw_qpi 7f/08.2 6291712 6292480 6293506 6292483 2715227510246 3876233573199 13752599943278 0
intel_hsw_qpi 7f/09.2 6291712 6292480 6293506 6292483 2715900504685 3876021140618 12566813346272 0
intel_hsw_qpi ff/09.2 6291712 6292480 6293506 6292483 3872873702905 2717652516355 11696604304672 0
intel_hsw_r2pci 7f/10.1 20972580 20975369 20975367 20975368 4726059614 25003804025869 26993351812996 31608238373922
intel_hsw_r2pci ff/10.1 20972580 20975369 20975367 20975368 47221726 23527081818929 26280373821457 29859055383299
mem 1 82566752 31503436 51063316 11373060 38963424 64 0 50249836 12976028 86712 37704 0 0 432964 0 0 0
mem 0 82341048 13526212 68814836 16762780 50088772 12 0 66392032 34141740 462792 109308 0 0 615300 24576 0 0
net vnet23 0 0 8311157 0 0 0 0 0 0 0 0 0 65730 0 496079981 0 0 0 0 0 0 91532 0
net enp6s0f0 0 0 0 0 0 0 0 0 0 0 0 0 0 0 6606 0 0 0 0 0 0 93 0
net vnet47 0 0 126681 0 0 0 0 0 0 0 0 0 541 0 69322 0 0 0 0 0 0 571 0
net vnet20 0 0 11513340 0 0 0 0 0 0 0 0 0 81587 0 1150527787 0 0 0 0 0 0 135962 0
net enp1s0f0 0 1333291 78054272251 0 0 0 0 371 0 0 371 0 81235247 0 1598885863 0 0 0 0 0 0 9067583 0
net lo 0 0 60789980 0 0 0 0 0 0 0 0 0 483640 0 60789980 0 0 0 0 0 0 483640 0
net vnet24 0 0 583459 0 0 0 0 0 0 0 0 0 7108 0 80668869 0 0 0 0 0 0 19787 0
net vnet38 0 0 438643 0 0 0 0 0 0 0 0 0 4173 0 64703042 0 0 0 0 0 0 8651 0
net vnet21 0 0 11160888 0 0 0 0 0 0 0 0 0 77662 0 1150520170 0 0 0 0 0 0 132836 0
net virbr0 0 1356 376613562 0 0 0 0 0 0 0 0 0 5004814 0 70467658821 0 0 0 0 0 0 7229335 0
numa 1 2585850920 18927329 1008175 29040 1605758497 998585922
numa 0 2115285623 1008175 18927329 28452 1146265310 969769253
ps - 850449331 1552010 349 324 320 9 795
sysv_shm - 0 0
tmpfs /run/lock 0 6
tmpfs /run 2228224 1149
tmpfs /run/user/20029 4096 44
tmpfs /run/qemu 0 1
tmpfs /dev/shm 75715186688 271285
vfs - 298273 124225 308158
vm - 12 31493262 1314330824 520887 2496526 4716114746 4729537333 102609121 21928526 4420194204 79158 0 0 0 0 0 2714357 0 1121522 2855 0 2498084 98 0 34 0 0

1764552007.506695 0 node12.dhkim-278716.ldos-ut-pg0.wisc.cloudlab.us
block sda 524277 408648 62971516 9467305 5565478 14810909 2628663121 239190389 0 17226992 252794767
block sdb 2615 0 7504 3511 4 0 0 0 0 4252 3512
block sdc 995 0 7996 261 4 0 0 0 0 960 262
cpu 11 3368344 2 178620 24857804 167074 0 2092
cpu 10 3504910 13 159790 24806762 111375 0 1083
cpu 13 3207925 0 136428 25170141 55936 0 309
cpu 12 3270906 2 152660 25049011 100765 0 812
cpu 15 2954815 0 143927 25391443 74398 0 589
cpu 14 2918897 1 135029 25459884 51922 0 262
cpu 17 3048724 10 140281 25308680 67807 0 404
cpu 16 3007073 0 161352 25247338 145382 0 1478
cpu 19 3028919 0 165549 25242974 122904 0 1146
cpu 18 3155560 2 143324 25214989 52579 0 369
cpu 1 3382027 12 187351 25009963 63084 0 3069
cpu 0 3352250 2 170476 24982802 64925 0 979
cpu 3 3138368 2 189316 25264799 62930 0 1824
cpu 2 3042056 1 208226 25317201 84742 0 1234
cpu 5 2931416 0 152789 25478904 91607 0 3091
cpu 4 2848506 1 178344 25448400 171180 0 7319
cpu 7 3464550 0 150406 24997474 49397 0 886
cpu 6 3235498 1 140074 25222042 61709 0 2404
cpu 9 3013571 2 129840 25465241 52100 0 487
cpu 8 3149203 81 138765 25282706 53617 0 9431
intel_hsw_cbo 1/7 20971793 20972340 20975390 20972852 17217101516648 758131422134 2564170657973 460031089439
intel_hsw_cbo 1/6 20971793 20972340 20975390 20972852 16502781945941 759523255260 2418433548167 460349119629
intel_hsw_cbo 1/0 20971793 20972340 20975390 20972852 15918434250576 757854850533 2233217695229 460180988970
intel_hsw_cbo 1/4 20971793 20972340 20975390 20972852 16236015053895 760496657955 2042040716950 460137556377
intel_hsw_cbo 1/3 20971793 20972340 20975390 20972852 18867421007478 758638511627 2840255424496 460209779334
intel_hsw_cbo 1/1 20971793 20972340 20975390 20972852 16107552710553 759524238774 2352091655480 460129132311
intel_hsw_cbo 0/8 20971793 20972340 20975390 20972852 15140045717744 703110506764 2130780980971 427883943822
intel_hsw_cbo 0/9 20971793 20972340 20975390 20972852 16781719524100 701797786953 2728100612176 427944796682
intel_hsw_cbo 0/6 20971793 20972340 20975390 20972852 16693795815377 757347354331 2244571919908 463277522136
intel_hsw_cbo 0/7 20971793 20972340 20975390 20972852 18078862111507 757198947207 2428489422803 463152074209
intel_hsw_cbo 0/4 20971793 20972340 20975390 20972852 16451718747135 758666753019 2059592602450 463316975222
intel_hsw_cbo 0/5 20971793 20972340 20975390 20972852 20096116128599 754383547820 2450007179687 463472558420
intel_hsw_cbo 0/2 20971793 20972340 20975390 20972852 16001159753764 756584652069 2012918934097 463065943448
intel_hsw_cbo 0/3 20971793 20972340 20975390 20972852 20777927930081 756434086891 2748400852710 463171221586
intel_hsw_cbo 0/0 20971793 20972340 20975390 20972852 16400519602362 756657767546 2245590347932 463613488208
intel_hsw_cbo 0/1 20971793 20972340 20975390 20972852 16811109939213 757619609207 2199549037941 463356514101
intel_hsw_cbo 1/9 20971793 20972340 20975390 20972852 16472374525243 703730177194 2889773798982 425348667393
intel_hsw_cbo 1/5 20971793 20972340 20975390 20972852 18242628363703 756271344629 2550760371097 460580378726
intel_hsw_cbo 1/8 20971793 20972340 20975390 20972852 14880576573070 704777969496 2293268064380 425384977700
intel_hsw_cbo 1/2 20971793 20972340 20975390 20972852 15599055551661 758242182114 1979082942083 460284612622
intel_hsw_hau ff/12.5 20972289 20974593 20971520 20975386 6177708561372 1750873544101 107734015282862 1754841540091
intel_hsw_hau 7f/12.1 20972289 20974593 20971520 20975386 5040190273574 1613281409087 101277069279834 1618319989630
intel_hsw_hau ff/12.1 20972289 20974593 20971520 20975386 7037646731667 2232973249932 107734015310691 2239408641405
intel_hsw_hau 7f/12.5 20972289 20974593 20971520 20975386 4725427167745 1484931984283 101277070340353 1488416964011
intel_hsw_imc ff/14.1 20972292 20974596 20974337 20971778 3074839809909 880268054483 3147610362475 1747075460724 0
intel_hsw_imc ff/14.0 20972292 20974596 20974337 20971778 3942891104550 1367602462743 3488866738717 1517162103771 0
intel_hsw_imc 7f/17.1 20972292 20974596 20974337 20971778 2355973744864 746793579709 2479011133667 1336904828511 0
intel_hsw_imc 7f/17.0 20972292 20974596 20974337 20971778 2354472238856 746731371955 2478225863297 1344466627709 0
intel_hsw_imc 7f/14.0 20972292 20974596 20974337 20971778 2670017894488 879080580794 2571323880145 1081307596281 0
intel_hsw_imc 7f/14.1 20972292 20974596 20974337 20971778 2351522256656 746697603453 2461465452231 1325658156197 0
intel_hsw_imc ff/17.0 20972292 20974596 20974337 20971778 3077573501842 880385238189 3171807371689 1772641156464 0
intel_hsw_imc ff/17.1 20972292 20974596 20974337 20971778 3078631431644 880285259716 3170391891063 1759713713211 0
intel_hsw_qpi ff/08.2 6291712 6292480 6293506 6292483 3872851755368 2718176049141 10674178856880 0
intel_hsw_qpi 7f/08.2 6291712 6292480 6293506 6292483 2715245131941 3876234370528 13752600976582 0
intel_hsw_qpi 7f/09.2 6291712 6292480 6293506 6292483 2715918133005 3876021937923 12566814069584 0
intel_hsw_qpi ff/09.2 6291712 6292480 6293506 6292483 3872874500152 2717670136492 11696605302856 0
intel_hsw_r2pci 7f/10.1 20972580 20975369 20975367 20975368 4726065174 25004008578429 26993490352736 31608424465562
intel_hsw_r2pci ff/10.1 20972580 20975369 20975367 20975368 47221884 23527087300482 26280421460277 29859104042851
mem 1 82566752 31503452 51063300 11373060 38962452 84 0 50249848 12975824 85692 37724 0 0 432980 0 0 0
mem 0 82341048 13415080 68925968 16762792 50199424 144 0 66502248 34251944 463236 109560 0 0 615316 24576 0 0
net vnet23 0 0 8311157 0 0 0 0 0 0 0 0 0 65730 0 496079981 0 0 0 0 0 0 91532 0
net enp6s0f0 0 0 0 0 0 0 0 0 0 0 0 0 0 0 6606 0 0 0 0 0 0 93 0
net vnet47 0 0 126681 0 0 0 0 0 0 0 0 0 541 0 69322 0 0 0 0 0 0 571 0
net vnet20 0 0 11513340 0 0 0 0 0 0 0 0 0 81587 0 1150527787 0 0 0 0 0 0 135962 0
net enp1s0f0 0 1333298 78054277348 0 0 0 0 371 0 0 371 0 81235324 0 1598886574 0 0 0 0 0 0 9067588 0
net lo 0 0 60790525 0 0 0 0 0 0 0 0 0 483644 0 60790525 0 0 0 0 0 0 483644 0
net vnet24 0 0 583459 0 0 0 0 0 0 0 0 0 7108 0 80668869 0 0 0 0 0 0 19787 0
net vnet38 0 0 438643 0 0 0 0 0 0 0 0 0 4173 0 64703042 0 0 0 0 0 0 8651 0
net vnet21 0 0 11160888 0 0 0 0 0 0 0 0 0 77662 0 1150520170 0 0 0 0 0 0 132836 0
net virbr0 0 1356 376613562 0 0 0 0 0 0 0 0 0 5004814 0 70467658821 0 0 0 0 0 0 7229335 0
numa 1 2585852293 18927329 1008175 29040 1605759870 998585922
numa 0 2115313765 1008175 18927329 28452 1146293452 969769253
ps - 850457347 1552021 349 324 320 10 795
sysv_shm - 0 0
tmpfs /run/lock 0 6
tmpfs /run 2228224 1149
tmpfs /run/user/20029 4096 44
tmpfs /run/qemu 0 1
tmpfs /dev/shm 75715198976 271285
vfs - 298273 124265 308158
vm - 12 31493262 1314331560 520887 2496526 4716144262 4729539202 102609124 21928526 4420223893 79158 0 0 0 0 0 2714357 0 1121522 2855 0 2498084 98 0 34 0 0

1764552008.539137 0 node12.dhkim-278716.ldos-ut-pg0.wisc.cloudlab.us
block sda 524277 408648 62971516 9467305 5565672 14810984 2628666833 239192217 0 17227212 252796596
block sdb 2615 0 7504 3511 4 0 0 0 0 4252 3512
block sdc 995 0 7996 261 4 0 0 0 0 960 262
cpu 11 3368344 2 178620 24857905 167074 0 2092
cpu 10 3504910 13 159793 24806865 111375 0 1083
cpu 13 3207925 0 136429 25170242 55936 0 309
cpu 12 3270907 2 152660 25049113 100765 0 812
cpu 15 2954817 0 143928 25391544 74398 0 589
cpu 14 2918898 1 135029 25459986 51922 0 262
cpu 17 3048724 10 140282 25308783 67807 0 404
cpu 16 3007074 0 161353 25247440 145382 0 1478
cpu 19 3028919 0 165549 25243077 122904 0 1146
cpu 18 3155560 2 143324 25215091 52579 0 369
cpu 1 3382069 12 187354 25010015 63088 0 3069
cpu 0 3352309 2 170486 24982827 64931 0 979
cpu 3 3138420 2 189324 25264835 62937 0 1824
cpu 2 3042118 1 208229 25317236 84745 0 1234
cpu 5 2931470 0 152791 25478942 91614 0 3091
cpu 4 2848570 1 178348 25448425 171187 0 7319
cpu 7 3464599 0 150410 24997511 49406 0 886
cpu 6 3235550 1 140080 25222077 61718 0 2404
cpu 9 3013571 2 129840 25465344 52100 0 487
cpu 8 3149203 81 138766 25282807 53617 0 9431
intel_hsw_cbo 1/7 20971793 20972340 20975390 20972852 17217102210802 758131664047 2564170687572 460031181080
intel_hsw_cbo 1/6 20971793 20972340 20975390 20972852 16502782722889 759523491746 2418433733673 460349210932
intel_hsw_cbo 1/0 20971793 20972340 20975390 20972852 15918434936923 757855093381 2233218202730 460181078920
intel_hsw_cbo 1/4 20971793 20972340 20975390 20972852 16236015713062 760496905507 2042041252700 460137648026
intel_hsw_cbo 1/3 20971793 20972340 20975390 20972852 18867421735876 758638750153 2840255537794 460209869276
intel_hsw_cbo 1/1 20971793 20972340 20975390 20972852 16107553446245 759524481723 2352091926775 460129222967
intel_hsw_cbo 0/8 20971793 20972340 20975390 20972852 15140095649631 703120855993 2130797651375 427888385759
intel_hsw_cbo 0/9 20971793 20972340 20975390 20972852 16781770768132 701808220555 2728113244647 427949214816
intel_hsw_cbo 0/6 20971793 20972340 20975390 20972852 16693849933171 757358196488 2244589352403 463282304073
intel_hsw_cbo 0/7 20971793 20972340 20975390 20972852 18078914710368 757209779094 2428500650510 463156841801
intel_hsw_cbo 0/4 20971793 20972340 20975390 20972852 16451772467245 758677788645 2059606342557 463321748474
intel_hsw_cbo 0/5 20971793 20972340 20975390 20972852 20096170148320 754394354945 2450019712412 463477335457
intel_hsw_cbo 0/2 20971793 20972340 20975390 20972852 16001213075018 756595564496 2012932071984 463070723152
intel_hsw_cbo 0/3 20971793 20972340 20975390 20972852 20777982632043 756445165320 2748416651249 463176011771
intel_hsw_cbo 0/0 20971793 20972340 20975390 20972852 16400574341891 756668809650 2245604338213 463618261107
intel_hsw_cbo 0/1 20971793 20972340 20975390 20972852 16811163395161 757630611481 2199565737335 463361278613
intel_hsw_cbo 1/9 20971793 20972340 20975390 20972852 16472375201198 703730403475 2889773911595 425348756178
intel_hsw_cbo 1/5 20971793 20972340 20975390 20972852 18242629099761 756271584134 2550760401124 460580470015
intel_hsw_cbo 1/8 20971793 20972340 20975390 20972852 14880577364624 704778198477 2293268295277 425385064515
intel_hsw_cbo 1/2 20971793 20972340 20975390 20972852 15599056263071 758242427126 1979083522988 460284704700
intel_hsw_hau ff/12.5 20972289 20974593 20971520 20975386 6177709133025 1750873663440 107737003752082 1754841662140
intel_hsw_hau 7f/12.1 20972289 20974593 20971520 20975386 5040205647907 1613292596084 101280160772882 1618331187096
intel_hsw_hau ff/12.1 20972289 20974593 20971520 20975386 7037647955350 2232973596325 107737003766851 2239408995797
intel_hsw_hau 7f/12.5 20972289 20974593 20971520 20975386 4725438636449 1484940150671 101280161847837 1488425131019
intel_hsw_imc ff/14.1 20972292 20974596 20974337 20971778 3074840092175 880268115542 3147610506056 1747075472721 0
intel_hsw_imc ff/14.0 20972292 20974596 20974337 20971778 3942892055599 1367602768271 3488866999035 1517162137162 0
intel_hsw_imc 7f/17.1 20972292 20974596 20974337 20971778 2355979490081 746797654650 2479018942176 1336906162316 0
intel_hsw_imc 7f/17.0 20972292 20974596 20974337 20971778 2354478027961 746735499482 2478233717073 1344467968665 0
intel_hsw_imc 7f/14.0 20972292 20974596 20974337 20971778 2670027520022 879087694582 2571335681077 1081309559443 0
intel_hsw_imc 7f/14.1 20972292 20974596 20974337 20971778 2351528093628 746701754371 2461473350596 1325659501010 0
intel_hsw_imc ff/17.0 20972292 20974596 20974337 20971778 3077573787570 880385299344 3171807517369 1772641168814 0
intel_hsw_imc ff/17.1 20972292 20974596 20974337 20971778 3078631724942 880285329130 3170392044565 1759713725591 0
intel_hsw_qpi ff/08.2 6291712 6292480 6293506 6292483 3872852532370 2718192705114 10674179549792 0
intel_hsw_qpi 7f/08.2 6291712 6292480 6293506 6292483 2715261785629 3876235147545 13752601914910 0
intel_hsw_qpi 7f/09.2 6291712 6292480 6293506 6292483 2715934788521 3876022714959 12566814719520 0
intel_hsw_qpi ff/09.2 6291712 6292480 6293506 6292483 3872875277122 2717686790749 11696606303376 0
intel_hsw_r2pci 7f/10.1 20972580 20975369 20975367 20975368 4726071846 25004136693273 26993593850775 31608552175556
intel_hsw_r2pci ff/10.1 20972580 20975369 20975367 20975368 47222072 23527092978931 26280466950825 29859150900584
mem 1 82566752 31503200 51063552 11373068 38962968 116 0 50249856 12975824 86340 37764 0 0 432980 0 0 0
mem 0 82341048 13122256 69218792 16762804 50490428 160 0 66793672 34543356 462792 109988 0 0 615332 24576 0 0
net vnet23 0 0 8311157 0 0 0 0 0 0 0 0 0 65730 0 496080033 0 0 0 0 0 0 91533 0
net enp6s0f0 0 0 0 0 0 0 0 0 0 0 0 0 0 0 6606 0 0 0 0 0 0 93 0
net vnet47 0 0 126681 0 0 0 0 0 0 0 0 0 541 0 69374 0 0 0 0 0 0 572 0
net vnet20 0 0 11513340 0 0 0 0 0 0 0 0 0 81587 0 1150527839 0 0 0 0 0 0 135963 0
net enp1s0f0 0 1333304 78054283479 0 0 0 0 371 0 0 371 0 81235418 0 1598887359 0 0 0 0 0 0 9067594 0
net lo 0 0 60791070 0 0 0 0 0 0 0 0 0 483648 0 60791070 0 0 0 0 0 0 483648 0
net vnet24 0 0 583459 0 0 0 0 0 0 0 0 0 7108 0 80668921 0 0 0 0 0 0 19788 0
net vnet38 0 0 438643 0 0 0 0 0 0 0 0 0 4173 0 64703094 0 0 0 0 0 0 8652 0
net vnet21 0 0 11160888 0 0 0 0 0 0 0 0 0 77662 0 1150520222 0 0 0 0 0 0 132837 0
net virbr0 0 1356 376613562 0 0 0 0 0 0 0 0 0 5004814 0 70467658821 0 0 0 0 0 0 7229335 0
numa 1 2585853860 18927329 1008175 29040 1605761437 998585922
numa 0 2115387782 1008175 18927329 28452 1146367469 969769253
ps - 850466323 1552032 349 324 320 7 795
sysv_shm - 0 0
tmpfs /run/lock 0 6
tmpfs /run 2228224 1149
tmpfs /run/user/20029 4096 44
tmpfs /run/qemu 0 1
tmpfs /dev/shm 75715211264 271285
vfs - 298273 124225 308158
vm - 12 31493262 1314333416 520887 2496526 4716219844 4729541253 102609124 21928526 4420299111 79158 0 0 0 0 0 2714357 0 1121522 2855 0 2498084 98 0 34 0 0

1764552009.571299 0 node12.dhkim-278716.ldos-ut-pg0.wisc.cloudlab.us
block sda 524277 408648 62971516 9467305 5565672 14810984 2628666833 239192217 2 17227216 252796596
block sdb 2615 0 7504 3511 4 0 0 0 0 4252 3512
block sdc 995 0 7996 261 4 0 0 0 0 960 262
cpu 11 3368345 2 178621 24858006 167074 0 2092
cpu 10 3504911 13 159796 24806967 111375 0 1083
cpu 13 3207925 0 136429 25170343 55936 0 309
cpu 12 3270907 2 152662 25049215 100765 0 812
cpu 15 2954817 0 143928 25391646 74398 0 589
cpu 14 2918898 1 135030 25460088 51922 0 262
cpu 17 3048725 10 140284 25308883 67807 0 404
cpu 16 3007077 0 161354 25247541 145382 0 1478
cpu 19 3028919 0 165549 25243180 122904 0 1146
cpu 18 3155560 2 143324 25215194 52579 0 369
cpu 1 3382138 12 187363 25010040 63088 0 3069
cpu 0 3352378 2 170490 24982857 64931 0 979
cpu 3 3138495 2 189329 25264857 62937 0 1824
cpu 2 3042188 1 208233 25317266 84745 0 1234
cpu 5 2931530 0 152799 25478976 91614 0 3091
cpu 4 2848642 1 178352 25448450 171187 0 7319
cpu 7 3464672 0 150414 24997533 49406 0 886
cpu 6 3235616 1 140084 25222107 61718 0 2404
cpu 9 3013571 2 129840 25465445 52100 0 487
cpu 8 3149203 81 138766 25282908 53617 0 9431
intel_hsw_cbo 1/7 20971793 20972340 20975390 20972852 17217102847848 758131897519 2564170735688 460031276956
intel_hsw_cbo 1/6 20971793 20972340 20975390 20972852 16502783465191 759523721413 2418433989658 460349305965
intel_hsw_cbo 1/0 20971793 20972340 20975390 20972852 15918435675611 757855327720 2233218392791 460181174577
intel_hsw_cbo 1/4 20971793 20972340 20975390 20972852 16236016388148 760497143643 2042041472053 460137743138
intel_hsw_cbo 1/3 20971793 20972340 20975390 20972852 18867422496154 758638981797 2840255638337 460209962811
intel_hsw_cbo 1/1 20971793 20972340 20975390 20972852 16107554128650 759524715954 2352092188815 460129317438
intel_hsw_cbo 0/8 20971793 20972340 20975390 20972852 15140161942093 703133416912 2130818512152 427894981464
intel_hsw_cbo 0/9 20971793 20972340 20975390 20972852 16781839438836 701820938743 2728128239766 427955793847
intel_hsw_cbo 0/6 20971793 20972340 20975390 20972852 16693923019971 757371480406 2244610748638 463289416279
intel_hsw_cbo 0/7 20971793 20972340 20975390 20972852 18078986718460 757223055589 2428513120516 463163948096
intel_hsw_cbo 0/4 20971793 20972340 20975390 20972852 16451844557245 758691174102 2059627028998 463328861577
intel_hsw_cbo 0/5 20971793 20972340 20975390 20972852 20096243095935 754407703041 2450033725237 463484460617
intel_hsw_cbo 0/2 20971793 20972340 20975390 20972852 16001284359915 756608834615 2012951922895 463077839410
intel_hsw_cbo 0/3 20971793 20972340 20975390 20972852 20778057385025 756458649511 2748435027229 463183139339
intel_hsw_cbo 0/0 20971793 20972340 20975390 20972852 16400647267256 756682261408 2245624722767 463625374225
intel_hsw_cbo 0/1 20971793 20972340 20975390 20972852 16811235022984 757643982252 2199586727338 463368387983
intel_hsw_cbo 1/9 20971793 20972340 20975390 20972852 16472375847862 703730619587 2889774006978 425348846668
intel_hsw_cbo 1/5 20971793 20972340 20975390 20972852 18242629784515 756271815625 2550760453380 460580565870
intel_hsw_cbo 1/8 20971793 20972340 20975390 20972852 14880578154733 704778417166 2293268555664 425385153721
intel_hsw_cbo 1/2 20971793 20972340 20975390 20972852 15599056912470 758242663327 1979083739144 460284800407
intel_hsw_hau ff/12.5 20972289 20974593 20971520 20975386 6177709777445 1750873812321 107739991361940 1754841812823
intel_hsw_hau 7f/12.1 20972289 20974593 20971520 20975386 5040238473271 1613317483024 101283251378538 1618356084312
intel_hsw_hau ff/12.1 20972289 20974593 20971520 20975386 7037649392268 2232974054465 107739991368303 2239409460726
intel_hsw_hau 7f/12.5 20972289 20974593 20971520 20975386 4725462128736 1484958270532 101283252461989 1488443251507
intel_hsw_imc ff/14.1 20972292 20974596 20974337 20971778 3074840413354 880268191105 3147610691050 1747075488290 0
intel_hsw_imc ff/14.0 20972292 20974596 20974337 20971778 3942893181228 1367603175415 3488867365864 1517162186408 0
intel_hsw_imc 7f/17.1 20972292 20974596 20974337 20971778 2355991276779 746806678945 2479035181218 1336909757555 0
intel_hsw_imc 7f/17.0 20972292 20974596 20974337 20971778 2354489856418 746744572191 2478250025534 1344471567751 0
intel_hsw_imc 7f/14.0 20972292 20974596 20974337 20971778 2670048683073 879103519010 2571360510960 1081315109212 0
intel_hsw_imc 7f/14.1 20972292 20974596 20974337 20971778 2351539912667 746710851321 2461489628203 1325663100298 0
intel_hsw_imc ff/17.0 20972292 20974596 20974337 20971778 3077574109575 880385374741 3171807703720 1772641184736 0
intel_hsw_imc ff/17.1 20972292 20974596 20974337 20971778 3078632056306 880285414095 3170392240327 1759713741975 0
intel_hsw_qpi ff/08.2 6291712 6292480 6293506 6292483 3872853222911 2718226096544 10674180240488 0
intel_hsw_qpi 7f/08.2 6291712 6292480 6293506 6292483 2715295186368 3876235837276 13752603576102 0
intel_hsw_qpi 7f/09.2 6291712 6292480 6293506 6292483 2715968179722 3876023405527 12566815921768 0
intel_hsw_qpi ff/09.2 6291712 6292480 6293506 6292483 3872875966783 2717720192529 11696607306952 0
intel_hsw_r2pci 7f/10.1 20972580 20975369 20975367 20975368 4726077884 25004305175213 26993740102954 31608728375011
intel_hsw_r2pci ff/10.1 20972580 20975369 20975367 20975368 47222224 23527098468594 26280553902155 29859238746342
mem 1 82566752 31503204 51063548 11373068 38965460 128 0 50249864 12975952 88780 37884 0 0 432980 0 0 0
mem 0 82341048 12802216 69538832 16762828 50809640 176 0 67113120 34862840 462696 110744 0 0 615356 24576 0 0
net vnet23 0 0 8311157 0 0 0 0 0 0 0 0 0 65730 0 496080033 0 0 0 0 0 0 91533 0
net enp6s0f0 0 0 0 0 0 0 0 0 0 0 0 0 0 0 6606 0 0 0 0 0 0 93 0
net vnet47 0 0 126681 0 0 0 0 0 0 0 0 0 541 0 69374 0 0 0 0 0 0 572 0
net vnet20 0 0 11513340 0 0 0 0 0 0 0 0 0 81587 0 1150527839 0 0 0 0 0 0 135963 0
net enp1s0f0 0 1333309 78054290618 0 0 0 0 371 0 0 371 0 81235510 0 1598890580 0 0 0 0 0 0 9067605 0
net lo 0 0 60791615 0 0 0 0 0 0 0 0 0 483652 0 60791615 0 0 0 0 0 0 483652 0
net vnet24 0 0 583459 0 0 0 0 0 0 0 0 0 7108 0 80668921 0 0 0 0 0 0 19788 0
net vnet38 0 0 438643 0 0 0 0 0 0 0 0 0 4173 0 64703094 0 0 0 0 0 0 8652 0
net vnet21 0 0 11160888 0 0 0 0 0 0 0 0 0 77662 0 1150520222 0 0 0 0 0 0 132837 0
net virbr0 0 1356 376613562 0 0 0 0 0 0 0 0 0 5004814 0 70467658821 0 0 0 0 0 0 7229335 0
numa 1 2585856003 18927329 1008175 29040 1605763580 998585922
numa 0 2115467570 1008175 18927329 28452 1146447257 969769253
ps - 850475214 1552045 349 324 320 5 797
sysv_shm - 0 0
tmpfs /run/lock 0 6
tmpfs /run 2228224 1149
tmpfs /run/user/20029 4096 44
tmpfs /run/qemu 0 1
tmpfs /dev/shm 75715227648 271285
vfs - 298279 124225 308165
vm - 12 31493278 1314333416 520887 2496526 4716301766 4729543136 102609127 21928526 4420381421 79159 0 0 0 0 0 2714357 0 1121522 2855 0 2498084 98 0 34 0 0

1764552010.604907 0 node12.dhkim-278716.ldos-ut-pg0.wisc.cloudlab.us
block sda 524279 408648 62971548 9467317 5565682 14810998 2628667377 239192297 0 17227272 252796716
block sdb 2615 0 7504 3511 4 0 0 0 0 4252 3512
block sdc 995 0 7996 261 4 0 0 0 0 960 262
cpu 11 3368345 2 178621 24858108 167074 0 2092
cpu 10 3504912 13 159798 24807069 111375 0 1083
cpu 13 3207926 0 136429 25170444 55937 0 309
cpu 12 3270908 2 152663 25049316 100765 0 812
cpu 15 2954818 0 143928 25391745 74402 0 589
cpu 14 2918900 1 135031 25460190 51922 0 262
cpu 17 3048726 10 140284 25308985 67807 0 404
cpu 16 3007078 0 161356 25247642 145382 0 1478
cpu 19 3028919 0 165550 25243282 122904 0 1146
cpu 18 3155560 2 143324 25215297 52579 0 369
cpu 1 3382174 12 187366 25010103 63088 0 3069
cpu 0 3352399 2 170492 24982933 64931 0 979
cpu 3 3138525 2 189333 25264923 62937 0 1824
cpu 2 3042220 1 208236 25317333 84745 0 1234
cpu 5 2931563 0 152800 25479042 91614 0 3091
cpu 4 2848681 1 178356 25448508 171188 0 7319
cpu 7 3464703 0 150417 24997600 49406 0 886
cpu 6 3235644 1 140088 25222179 61718 0 2404
cpu 9 3013571 2 129840 25465547 52100 0 487
cpu 8 3149203 81 138766 25283010 53617 0 9431
intel_hsw_cbo 1/7 20971793 20972340 20975390 20972852 17217103743498 758132153138 2564170841159 460031371411
intel_hsw_cbo 1/6 20971793 20972340 20975390 20972852 16502784438314 759523971390 2418434241225 460349399402
intel_hsw_cbo 1/0 20971793 20972340 20975390 20972852 15918436606189 757855583225 2233218571376 460181270901
intel_hsw_cbo 1/4 20971793 20972340 20975390 20972852 16236017322574 760497403726 2042041664729 460137838626
intel_hsw_cbo 1/3 20971793 20972340 20975390 20972852 18867423447753 758639235155 2840255787885 460210054692
intel_hsw_cbo 1/1 20971793 20972340 20975390 20972852 16107554973721 759524972744 2352092420360 460129413871
intel_hsw_cbo 0/8 20971793 20972340 20975390 20972852 15140183826462 703138234410 2130826053164 427897169777
intel_hsw_cbo 0/9 20971793 20972340 20975390 20972852 16781861317096 701825860429 2728133238295 427957988323
intel_hsw_cbo 0/6 20971793 20972340 20975390 20972852 16693946660095 757376603103 2244618484269 463291776770
intel_hsw_cbo 0/7 20971793 20972340 20975390 20972852 18079009680696 757228183784 2428517270809 463166309538
intel_hsw_cbo 0/4 20971793 20972340 20975390 20972852 16451867760949 758696314614 2059632993634 463331231663
intel_hsw_cbo 0/5 20971793 20972340 20975390 20972852 20096266331508 754412782562 2450038397667 463486823160
intel_hsw_cbo 0/2 20971793 20972340 20975390 20972852 16001307182512 756613966585 2012957513702 463080207052
intel_hsw_cbo 0/3 20971793 20972340 20975390 20972852 20778081233131 756463835959 2748441043834 463185507365
intel_hsw_cbo 0/0 20971793 20972340 20975390 20972852 16400670297887 756687421163 2245630519455 463627742050
intel_hsw_cbo 0/1 20971793 20972340 20975390 20972852 16811258097401 757649099299 2199594247289 463370749047
intel_hsw_cbo 1/9 20971793 20972340 20975390 20972852 16472376772648 703730855707 2889774146969 425348937295
intel_hsw_cbo 1/5 20971793 20972340 20975390 20972852 18242630776302 756272068418 2550760567608 460580660975
intel_hsw_cbo 1/8 20971793 20972340 20975390 20972852 14880579098486 704778655908 2293268795414 425385244333
intel_hsw_cbo 1/2 20971793 20972340 20975390 20972852 15599057856706 758242920700 1979083924743 460284894855
intel_hsw_hau ff/12.5 20972289 20974593 20971520 20975386 6177710312817 1750873936074 107742521267950 1754841940459
intel_hsw_hau 7f/12.1 20972289 20974593 20971520 20975386 5040248921937 1613323725175 101285852765094 1618362339287
intel_hsw_hau ff/12.1 20972289 20974593 20971520 20975386 7037650758655 2232974426986 107742521305869 2239409843910
intel_hsw_hau 7f/12.5 20972289 20974593 20971520 20975386 4725470160977 1484963116595 101285853813297 1488448098383
intel_hsw_imc ff/14.1 20972292 20974596 20974337 20971778 3074840677355 880268254244 3147610817999 1747075500802 0
intel_hsw_imc ff/14.0 20972292 20974596 20974337 20971778 3942894290329 1367603505288 3488867638717 1517162228426 0
intel_hsw_imc 7f/17.1 20972292 20974596 20974337 20971778 2355995266945 746809075720 2479039992538 1336910609559 0
intel_hsw_imc 7f/17.0 20972292 20974596 20974337 20971778 2354493890313 746747014404 2478254890304 1344472421000 0
intel_hsw_imc 7f/14.0 20972292 20974596 20974337 20971778 2670055075858 879107262484 2571367201622 1081316156527 0
intel_hsw_imc 7f/14.1 20972292 20974596 20974337 20971778 2351543964745 746713314361 2461494502913 1325663958621 0
intel_hsw_imc ff/17.0 20972292 20974596 20974337 20971778 3077574376106 880385438554 3171807832920 1772641197379 0
intel_hsw_imc ff/17.1 20972292 20974596 20974337 20971778 3078632332612 880285487473 3170392379153 1759713755127 0
intel_hsw_qpi ff/08.2 6291712 6292480 6293506 6292483 3872854026167 2718236208269 10674180967120 0
intel_hsw_qpi 7f/08.2 6291712 6292480 6293506 6292483 2715305298893 3876236639853 13752604817542 0
intel_hsw_qpi 7f/09.2 6291712 6292480 6293506 6292483 2715978291940 3876024208798 12566816895848 0
intel_hsw_qpi ff/09.2 6291712 6292480 6293506 6292483 3872876769368 2717730303713 11696608382864 0
intel_hsw_r2pci 7f/10.1 20972580 20975369 20975367 20975368 4726084794 25004378814006 26993797450874 31608797364210
intel_hsw_r2pci ff/10.1 20972580 20975369 20975367 20975368 47222470 23527104736834 26280583249867 29859269039220
mem 1 82566752 31502700 51064052 11373072 38963416 156 0 50249892 12975828 86676 37728 0 0 432980 0 0 0
mem 0 82341048 12748540 69592508 16762840 50864960 232 0 67168440 34918096 462696 110920 0 0 615372 24576 0 0
net vnet23 0 0 8311157 0 0 0 0 0 0 0 0 0 65730 0 496080085 0 0 0 0 0 0 91534 0
net enp6s0f0 0 0 0 0 0 0 0 0 0 0 0 0 0 0 6606 0 0 0 0 0 0 93 0
net vnet47 0 0 126780 0 0 0 0 0 0 0 0 0 542 0 69542 0 0 0 0 0 0 574 0
net vnet20 0 0 11513340 0 0 0 0 0 0 0 0 0 81587 0 1150527891 0 0 0 0 0 0 135964 0
net enp1s0f0 0 1333315 78054297137 0 0 0 0 371 0 0 371 0 81235607 0 1598892031 0 0 0 0 0 0 9067616 0
net lo 0 0 60792160 0 0 0 0 0 0 0 0 0 483656 0 60792160 0 0 0 0 0 0 483656 0
net vnet24 0 0 583459 0 0 0 0 0 0 0 0 0 7108 0 80668973 0 0 0 0 0 0 19789 0
net vnet38 0 0 438643 0 0 0 0 0 0 0 0 0 4173 0 64703146 0 0 0 0 0 0 8653 0
net vnet21 0 0 11160888 0 0 0 0 0 0 0 0 0 77662 0 1150520274 0 0 0 0 0 0 132838 0
net virbr0 0 1356 376613647 0 0 0 0 0 0 0 0 0 5004815 0 70467658937 0 0 0 0 0 0 7229336 0
numa 1 2585857666 18927329 1008175 29040 1605765243 998585922
numa 0 2115481558 1008175 18927329 28452 1146461245 969769253
ps - 850489134 1552056 349 324 320 2 795
sysv_shm - 0 0
tmpfs /run/lock 0 6
tmpfs /run 2228224 1149
tmpfs /run/user/20029 4096 44
tmpfs /run/qemu 0 1
tmpfs /dev/shm 75715239936 271285
vfs - 298273 124225 308158
vm - 12 31493278 1314333688 520887 2496526 4716317416 4729545623 102609132 21928526 4420397354 79159 0 0 0 0 0 2714357 0 1121522 2855 0 2498084 98 0 34 0 0

1764552011.640891 0 node12.dhkim-278716.ldos-ut-pg0.wisc.cloudlab.us
block sda 524285 408649 62971697 9467354 5565765 14811028 2628668505 239194184 0 17227416 252798641
block sdb 2615 0 7504 3511 4 0 0 0 0 4252 3512
block sdc 995 0 7996 261 4 0 0 0 0 960 262
cpu 11 3368345 2 178622 24858207 167077 0 2092
cpu 10 3504913 13 159799 24807172 111375 0 1083
cpu 13 3207927 0 136429 25170545 55937 0 309
cpu 12 3270908 2 152663 25049419 100765 0 812
cpu 15 2954818 0 143930 25391846 74402 0 589
cpu 14 2918900 1 135032 25460287 51928 0 262
cpu 17 3048726 10 140284 25309088 67807 0 404
cpu 16 3007079 0 161356 25247745 145382 0 1478
cpu 19 3028919 0 165550 25243386 122904 0 1146
cpu 18 3155560 2 143325 25215399 52579 0 369
cpu 1 3382181 12 187368 25010195 63088 0 3069
cpu 0 3352408 2 170492 24983025 64932 0 979
cpu 3 3138536 2 189336 25265012 62937 0 1824
cpu 2 3042227 1 208241 25317424 84746 0 1234
cpu 5 2931570 0 152801 25479137 91614 0 3091
cpu 4 2848689 1 178359 25448598 171189 0 7319
cpu 7 3464712 0 150420 24997691 49406 0 886
cpu 6 3235656 1 140093 25222265 61718 0 2404
cpu 9 3013571 2 129840 25465650 52100 0 487
cpu 8 3149203 81 138766 25283110 53617 0 9431
intel_hsw_cbo 1/7 20971793 20972340 20975390 20972852 17217104562319 758132364376 2564170857194 460031452327
intel_hsw_cbo 1/6 20971793 20972340 20975390 20972852 16502785272599 759524177058 2418434444476 460349479807
intel_hsw_cbo 1/0 20971793 20972340 20975390 20972852 15918437346957 757855793255 2233218678888 460181351468
intel_hsw_cbo 1/4 20971793 20972340 20975390 20972852 16236018167618 760497617471 2042041808869 460137918967
intel_hsw_cbo 1/3 20971793 20972340 20975390 20972852 18867424312270 758639442488 2840255839516 460210133607
intel_hsw_cbo 1/1 20971793 20972340 20975390 20972852 16107555816031 759525183798 2352092607695 460129493534
intel_hsw_cbo 0/8 20971793 20972340 20975390 20972852 15140189348972 703139259692 2130827484541 427897672303
intel_hsw_cbo 0/9 20971793 20972340 20975390 20972852 16781867045310 701826936914 2728134762171 427958493879
intel_hsw_cbo 0/6 20971793 20972340 20975390 20972852 16693952269290 757377690102 2244620002579 463292314481
intel_hsw_cbo 0/7 20971793 20972340 20975390 20972852 18079015376865 757229290177 2428518717503 463166850490
intel_hsw_cbo 0/4 20971793 20972340 20975390 20972852 16451873451691 758697437746 2059634228859 463331773335
intel_hsw_cbo 0/5 20971793 20972340 20975390 20972852 20096272189020 754413876012 2450039977555 463487366257
intel_hsw_cbo 0/2 20971793 20972340 20975390 20972852 16001312768209 756615069402 2012958716584 463080751513
intel_hsw_cbo 0/3 20971793 20972340 20975390 20972852 20778087326281 756464945370 2748442902983 463186048339
intel_hsw_cbo 0/0 20971793 20972340 20975390 20972852 16400675798113 756688519941 2245631863008 463628286399
intel_hsw_cbo 0/1 20971793 20972340 20975390 20972852 16811263915586 757650196323 2199595696379 463371289920
intel_hsw_cbo 1/9 20971793 20972340 20975390 20972852 16472377550485 703731049995 2889774197996 425349013303
intel_hsw_cbo 1/5 20971793 20972340 20975390 20972852 18242631581586 756272275644 2550760584050 460580741438
intel_hsw_cbo 1/8 20971793 20972340 20975390 20972852 14880580036578 704778852818 2293268992186 425385319793
intel_hsw_cbo 1/2 20971793 20972340 20975390 20972852 15599058637914 758243132503 1979084052871 460284975504
intel_hsw_hau ff/12.5 20972289 20974593 20971520 20975386 6177710735571 1750874041454 107743837658184 1754842048746
intel_hsw_hau 7f/12.1 20972289 20974593 20971520 20975386 5040252180939 1613325373666 101287198819962 1618363999445
intel_hsw_hau ff/12.1 20972289 20974593 20971520 20975386 7037651872426 2232974808580 107743837718809 2239410233436
intel_hsw_hau 7f/12.5 20972289 20974593 20971520 20975386 4725472536077 1484964386386 101287199864821 1488449370165
intel_hsw_imc ff/14.1 20972292 20974596 20974337 20971778 3074840887704 880268307889 3147610915752 1747075510089 0
intel_hsw_imc ff/14.0 20972292 20974596 20974337 20971778 3942895204442 1367603854417 3488867887168 1517162264178 0
intel_hsw_imc 7f/17.1 20972292 20974596 20974337 20971778 2355996452699 746809710806 2479041217856 1336910808265 0
intel_hsw_imc 7f/17.0 20972292 20974596 20974337 20971778 2354495103334 746747677876 2478256142517 1344472621087 0
intel_hsw_imc 7f/14.0 20972292 20974596 20974337 20971778 2670057140018 879108284849 2571368879898 1081316385183 0
intel_hsw_imc 7f/14.1 20972292 20974596 20974337 20971778 2351545189935 746713991159 2461495766960 1325664160995 0
intel_hsw_imc ff/17.0 20972292 20974596 20974337 20971778 3077574585999 880385492612 3171807930830 1772641206596 0
intel_hsw_imc ff/17.1 20972292 20974596 20974337 20971778 3078632553321 880285550965 3170392487694 1759713764685 0
intel_hsw_qpi ff/08.2 6291712 6292480 6293506 6292483 3872854375710 2718239303851 10674181399360 0
intel_hsw_qpi 7f/08.2 6291712 6292480 6293506 6292483 2715308390843 3876236989205 13752606738238 0
intel_hsw_qpi 7f/09.2 6291712 6292480 6293506 6292483 2715981387510 3876024558382 12566818454264 0
intel_hsw_qpi ff/09.2 6291712 6292480 6293506 6292483 3872877118537 2717733395139 11696609015984 0
intel_hsw_r2pci 7f/10.1 20972580 20975369 20975367 20975368 4726094902 25004398107995 26993813329013 31608816961683
intel_hsw_r2pci ff/10.1 20972580 20975369 20975367 20975368 47222618 23527109666853 26280594397034 29859280759093
mem 1 82566752 31502448 51064304 11373072 38962512 60 0 50249904 12975828 85784 37728 0 0 432948 0 0 0
mem 0 82341048 12747532 69593516 16762840 50865952 28 0 67168460 34918096 463628 110948 0 0 615364 24576 0 0
net vnet23 0 0 8311157 0 0 0 0 0 0 0 0 0 65730 0 496080155 0 0 0 0 0 0 91535 0
net enp6s0f0 0 0 0 0 0 0 0 0 0 0 0 0 0 0 6606 0 0 0 0 0 0 93 0
net vnet47 0 0 126850 0 0 0 0 0 0 0 0 0 543 0 69542 0 0 0 0 0 0 574 0
net vnet20 0 0 11513340 0 0 0 0 0 0 0 0 0 81587 0 1150527961 0 0 0 0 0 0 135965 0
net enp1s0f0 0 1333321 78054301694 0 0 0 0 371 0 0 371 0 81235675 0 1598892742 0 0 0 0 0 0 9067621 0
net lo 0 0 60792705 0 0 0 0 0 0 0 0 0 483660 0 60792705 0 0 0 0 0 0 483660 0
net vnet24 0 0 583459 0 0 0 0 0 0 0 0 0 7108 0 80669043 0 0 0 0 0 0 19790 0
net vnet38 0 0 438643 0 0 0 0 0 0 0 0 0 4173 0 64703216 0 0 0 0 0 0 8654 0
net vnet21 0 0 11160888 0 0 0 0 0 0 0 0 0 77662 0 1150520344 0 0 0 0 0 0 132839 0
net virbr0 0 1357 376613703 0 0 0 0 0 0 0 0 0 5004816 0 70467658937 0 0 0 0 0 0 7229336 0
numa 1 2585858835 18927329 1008175 29040 1605766412 998585922
numa 0 2115482271 1008175 18927329 28452 1146461958 969769253
ps - 850501405 1552067 321 319 318 1 795
sysv_shm - 0 0
tmpfs /run/lock 0 6
tmpfs /run 2228224 1149
tmpfs /run/user/20029 4096 44
tmpfs /run/qemu 0 1
tmpfs /dev/shm 75715256320 271286
vfs - 298274 123385 308160
vm - 12 31493352 1314334252 520887 2496526 4716319299 4729547488 102609133 21928526 4420399542 79159 0 0 0 0 0 2714357 0 1121522 2855 0 2498084 98 0 34 0 0

1764552012.677418 0 node12.dhkim-278716.ldos-ut-pg0.wisc.cloudlab.us
block sda 524285 408649 62971697 9467354 5565770 14811028 2628668553 239194188 0 17227420 252798645
block sdb 2615 0 7504 3511 4 0 0 0 0 4252 3512
block sdc 995 0 7996 261 4 0 0 0 0 960 262
cpu 11 3368345 2 178622 24858311 167077 0 2092
cpu 10 3504914 13 159801 24807274 111375 0 1083
cpu 13 3207927 0 136429 25170648 55937 0 309
cpu 12 3270909 2 152664 25049521 100765 0 812
cpu 15 2954819 0 143930 25391947 74402 0 589
cpu 14 2918900 1 135034 25460389 51928 0 262
cpu 17 3048726 10 140284 25309191 67807 0 404
cpu 16 3007079 0 161357 25247848 145382 0 1478
cpu 19 3028919 0 165550 25243489 122904 0 1146
cpu 18 3155560 2 143325 25215502 52579 0 369
cpu 1 3382181 12 187368 25010297 63088 0 3069
cpu 0 3352409 2 170493 24983126 64932 0 979
cpu 3 3138538 2 189336 25265112 62937 0 1824
cpu 2 3042229 1 208241 25317525 84746 0 1234
cpu 5 2931571 0 152802 25479238 91614 0 3091
cpu 4 2848692 1 178359 25448697 171189 0 7319
cpu 7 3464714 0 150421 24997792 49406 0 886
cpu 6 3235656 1 140094 25222366 61718 0 2404
cpu 9 3013571 2 129840 25465753 52100 0 487
cpu 8 3149204 81 138766 25283213 53617 0 9431
intel_hsw_cbo 1/7 20971793 20972340 20975390 20972852 17217105402896 758132568798 2564170874563 460031525605
intel_hsw_cbo 1/6 20971793 20972340 20975390 20972852 16502786034883 759524377311 2418434635750 460349553741
intel_hsw_cbo 1/0 20971793 20972340 20975390 20972852 15918438155233 757855997879 2233218843646 460181425753
intel_hsw_cbo 1/4 20971793 20972340 20975390 20972852 16236018971875 760497825097 2042041996449 460137993812
intel_hsw_cbo 1/3 20971793 20972340 20975390 20972852 18867425159653 758639645018 2840255899433 460210207871
intel_hsw_cbo 1/1 20971793 20972340 20975390 20972852 16107556732544 759525389163 2352092812313 460129567877
intel_hsw_cbo 0/8 20971793 20972340 20975390 20972852 15140191800347 703139642135 2130827901426 427897776350
intel_hsw_cbo 0/9 20971793 20972340 20975390 20972852 16781869299524 701827320578 2728134975521 427958599579
intel_hsw_cbo 0/6 20971793 20972340 20975390 20972852 16693954337509 757378103120 2244620398626 463292424690
intel_hsw_cbo 0/7 20971793 20972340 20975390 20972852 18079017776991 757229711888 2428518885784 463166962477
intel_hsw_cbo 0/4 20971793 20972340 20975390 20972852 16451875694647 758697855274 2059634434506 463331884432
intel_hsw_cbo 0/5 20971793 20972340 20975390 20972852 20096274773511 754414280309 2450040154213 463487476448
intel_hsw_cbo 0/2 20971793 20972340 20975390 20972852 16001314902724 756615482686 2012958900287 463080863943
intel_hsw_cbo 0/3 20971793 20972340 20975390 20972852 20778090061544 756465363080 2748443126166 463186158553
intel_hsw_cbo 0/0 20971793 20972340 20975390 20972852 16400677986721 756688932838 2245632071907 463628397231
intel_hsw_cbo 0/1 20971793 20972340 20975390 20972852 16811266282389 757650603627 2199596092382 463371400710
intel_hsw_cbo 1/9 20971793 20972340 20975390 20972852 16472378375245 703731237505 2889774257675 425349083951
intel_hsw_cbo 1/5 20971793 20972340 20975390 20972852 18242632350363 756272476586 2550760601004 460580816395
intel_hsw_cbo 1/8 20971793 20972340 20975390 20972852 14880580846477 704779043322 2293269182685 425385390433
intel_hsw_cbo 1/2 20971793 20972340 20975390 20972852 15599059273412 758243338640 1979084218440 460285050450
intel_hsw_hau ff/12.5 20972289 20974593 20971520 20975386 6177711093301 1750874128724 107744809628023 1754842139533
intel_hsw_hau 7f/12.1 20972289 20974593 20971520 20975386 5040253932316 1613325957041 101288144911085 1618364593521
intel_hsw_hau ff/12.1 20972289 20974593 20971520 20975386 7037652837080 2232975150864 107744809684812 2239410583075
intel_hsw_hau 7f/12.5 20972289 20974593 20971520 20975386 4725473741206 1484964798808 101288145937852 1488449785437
intel_hsw_imc ff/14.1 20972292 20974596 20974337 20971778 3074841064385 880268352909 3147610996473 1747075516777 0
intel_hsw_imc ff/14.0 20972292 20974596 20974337 20971778 3942895999281 1367604168805 3488868094983 1517162294289 0
intel_hsw_imc 7f/17.1 20972292 20974596 20974337 20971778 2355997055393 746809918355 2479041579351 1336910876382 0
intel_hsw_imc 7f/17.0 20972292 20974596 20974337 20971778 2354495723656 746747903012 2478256521744 1344472689942 0
intel_hsw_imc 7f/14.0 20972292 20974596 20974337 20971778 2670058283098 879108670594 2571369366560 1081316452815 0
intel_hsw_imc 7f/14.1 20972292 20974596 20974337 20971778 2351545818634 746714224404 2461496153513 1325664230342 0
intel_hsw_imc ff/17.0 20972292 20974596 20974337 20971778 3077574763889 880385537950 3171808011892 1772641213074 0
intel_hsw_imc ff/17.1 20972292 20974596 20974337 20971778 3078632738403 880285603246 3170392576351 1759713771532 0
intel_hsw_qpi ff/08.2 6291712 6292480 6293506 6292483 3872854616032 2718240870461 10674181756696 0
intel_hsw_qpi 7f/08.2 6291712 6292480 6293506 6292483 2715309952559 3876237229828 13752608578710 0
intel_hsw_qpi 7f/09.2 6291712 6292480 6293506 6292483 2715982953961 3876024798713 12566819953704 0
intel_hsw_qpi ff/09.2 6291712 6292480 6293506 6292483 3872877359143 2717734956914 11696609532104 0
intel_hsw_r2pci 7f/10.1 20972580 20975369 20975367 20975368 4726103068 25004406335407 26993819883205 31608824835449
intel_hsw_r2pci ff/10.1 20972580 20975369 20975367 20975368 47222780 23527114003260 26280601583897 29859288166063
mem 1 82566752 31502700 51064052 11373072 38962400 88 0 50249912 12975828 85620 37680 0 0 432948 0 0 0
mem 0 82341048 12745516 69595532 16762872 50865936 120 0 67168464 34918096 463504 110980 0 0 615364 24576 0 0
net vnet23 0 0 8311157 0 0 0 0 0 0 0 0 0 65730 0 496080207 0 0 0 0 0 0 91536 0
net enp6s0f0 0 0 0 0 0 0 0 0 0 0 0 0 0 0 6606 0 0 0 0 0 0 93 0
net vnet47 0 0 126850 0 0 0 0 0 0 0 0 0 543 0 69594 0 0 0 0 0 0 575 0
net vnet20 0 0 11513340 0 0 0 0 0 0 0 0 0 81587 0 1150528013 0 0 0 0 0 0 135966 0
net enp1s0f0 0 1333327 78054306431 0 0 0 0 371 0 0 371 0 81235746 0 1598893519 0 0 0 0 0 0 9067627 0
net lo 0 0 60793250 0 0 0 0 0 0 0 0 0 483664 0 60793250 0 0 0 0 0 0 483664 0
net vnet24 0 0 583459 0 0 0 0 0 0 0 0 0 7108 0 80669095 0 0 0 0 0 0 19791 0
net vnet38 0 0 438643 0 0 0 0 0 0 0 0 0 4173 0 64703268 0 0 0 0 0 0 8655 0
net vnet21 0 0 11160888 0 0 0 0 0 0 0 0 0 77662 0 1150520396 0 0 0 0 0 0 132840 0
net virbr0 0 1357 376613703 0 0 0 0 0 0 0 0 0 5004816 0 70467658937 0 0 0 0 0 0 7229336 0
numa 1 2585859512 18927329 1008175 29040 1605767089 998585922
numa 0 2115483410 1008175 18927329 28452 1146463097 969769253
ps - 850505509 1552078 321 319 318 2 795
sysv_shm - 0 0
tmpfs /run/lock 0 6
tmpfs /run 2228224 1149
tmpfs /run/user/20029 4096 44
tmpfs /run/qemu 0 1
tmpfs /dev/shm 75715260416 271286
vfs - 298274 123385 308160
vm - 12 31493352 1314334276 520887 2496526 4716321114 4729549302 102609133 21928526 4420401633 79159 0 0 0 0 0 2714357 0 1121522 2855 0 2498084 98 0 34 0 0

1764552013.711787 0 node12.dhkim-278716.ldos-ut-pg0.wisc.cloudlab.us
block sda 524288 408649 62971825 9467362 5565783 14811044 2628669425 239194227 0 17227476 252798719
block sdb 2615 0 7504 3511 4 0 0 0 0 4252 3512
block sdc 995 0 7996 261 4 0 0 0 0 960 262
cpu 11 3368345 2 178622 24858414 167077 0 2092
cpu 10 3504914 13 159802 24807377 111375 0 1083
cpu 13 3207927 0 136430 25170750 55937 0 309
cpu 12 3270909 2 152664 25049622 100765 0 812
cpu 15 2954819 0 143930 25392047 74404 0 589
cpu 14 2918900 1 135034 25460492 51928 0 262
cpu 17 3048726 10 140286 25309294 67807 0 404
cpu 16 3007080 0 161357 25247951 145382 0 1478
cpu 19 3028919 0 165550 25243592 122904 0 1146
cpu 18 3155560 2 143326 25215605 52579 0 369
cpu 1 3382182 12 187368 25010398 63088 0 3069
cpu 0 3352409 2 170493 24983227 64932 0 979
cpu 3 3138539 2 189336 25265214 62937 0 1824
cpu 2 3042231 1 208241 25317627 84746 0 1234
cpu 5 2931572 0 152804 25479335 91614 0 3091
cpu 4 2848693 1 178360 25448797 171190 0 7319
cpu 7 3464715 0 150421 24997890 49406 0 886
cpu 6 3235658 1 140095 25222467 61718 0 2404
cpu 9 3013571 2 129840 25465856 52100 0 487
cpu 8 3149204 81 138766 25283316 53617 0 9431
intel_hsw_cbo 1/7 20971793 20972340 20975390 20972852 17217106230202 758132778390 2564170901257 460031600259
intel_hsw_cbo 1/6 20971793 20972340 20975390 20972852 16502786760606 759524582486 2418434806593 460349627601
intel_hsw_cbo 1/0 20971793 20972340 20975390 20972852 15918438887430 757856207877 2233219007299 460181501471
intel_hsw_cbo 1/4 20971793 20972340 20975390 20972852 16236019696986 760498036635 2042042225357 460138069534
intel_hsw_cbo 1/3 20971793 20972340 20975390 20972852 18867425935142 758639853140 2840255963436 460210282041
intel_hsw_cbo 1/1 20971793 20972340 20975390 20972852 16107557452106 759525598386 2352092938232 460129643033
intel_hsw_cbo 0/8 20971793 20972340 20975390 20972852 15140194044674 703140026090 2130828218983 427897885557
intel_hsw_cbo 0/9 20971793 20972340 20975390 20972852 16781871532890 701827704518 2728135472618 427958710715
intel_hsw_cbo 0/6 20971793 20972340 20975390 20972852 16693956423456 757378520109 2244620741884 463292541847
intel_hsw_cbo 0/7 20971793 20972340 20975390 20972852 18079020072154 757230137256 2428519394679 463167081644
intel_hsw_cbo 0/4 20971793 20972340 20975390 20972852 16451877696617 758698278132 2059634533742 463332003594
intel_hsw_cbo 0/5 20971793 20972340 20975390 20972852 20096277486102 754414690095 2450040727283 463487594731
intel_hsw_cbo 0/2 20971793 20972340 20975390 20972852 16001316999568 756615901274 2012958991041 463080984296
intel_hsw_cbo 0/3 20971793 20972340 20975390 20972852 20778092645965 756465785639 2748443687528 463186276019
intel_hsw_cbo 0/0 20971793 20972340 20975390 20972852 16400680092225 756689350790 2245632243698 463628514595
intel_hsw_cbo 0/1 20971793 20972340 20975390 20972852 16811268522987 757651015865 2199596416790 463371518671
intel_hsw_cbo 1/9 20971793 20972340 20975390 20972852 16472379172625 703731430683 2889774322176 425349155062
intel_hsw_cbo 1/5 20971793 20972340 20975390 20972852 18242633135441 756272682908 2550760627508 460580892235
intel_hsw_cbo 1/8 20971793 20972340 20975390 20972852 14880581627350 704779239564 2293269322014 425385461574
intel_hsw_cbo 1/2 20971793 20972340 20975390 20972852 15599059856769 758243549242 1979084412436 460285126043
intel_hsw_hau ff/12.5 20972289 20974593 20971520 20975386 6177711449252 1750874228131 107745771795693 1754842242634
intel_hsw_hau 7f/12.1 20972289 20974593 20971520 20975386 5040255710905 1613326545264 101289088602575 1618365193229
intel_hsw_hau ff/12.1 20972289 20974593 20971520 20975386 7037653812640 2232975517268 107745771860416 2239410957183
intel_hsw_hau 7f/12.5 20972289 20974593 20971520 20975386 4725474965051 1484965217485 101289089621586 1488450206975
intel_hsw_imc ff/14.1 20972292 20974596 20974337 20971778 3074841241029 880268403935 3147611079035 1747075523471 0
intel_hsw_imc ff/14.0 20972292 20974596 20974337 20971778 3942896806340 1367604502263 3488868310782 1517162325534 0
intel_hsw_imc 7f/17.1 20972292 20974596 20974337 20971778 2355997667948 746810128976 2479041949420 1336910943735 0
intel_hsw_imc 7f/17.0 20972292 20974596 20974337 20971778 2354496353809 746748132190 2478256910664 1344472758042 0
intel_hsw_imc 7f/14.0 20972292 20974596 20974337 20971778 2670059444763 879109058799 2571369865330 1081316518963 0
intel_hsw_imc 7f/14.1 20972292 20974596 20974337 20971778 2351546456989 746714462054 2461496548478 1325664299240 0
intel_hsw_imc ff/17.0 20972292 20974596 20974337 20971778 3077574941018 880385589506 3171808095285 1772641219742 0
intel_hsw_imc ff/17.1 20972292 20974596 20974337 20971778 3078632923308 880285662049 3170392667316 1759713778611 0
intel_hsw_qpi ff/08.2 6291712 6292480 6293506 6292483 3872854863824 2718242456494 10674182110832 0
intel_hsw_qpi 7f/08.2 6291712 6292480 6293506 6292483 2715311534588 3876237477151 13752610431894 0
intel_hsw_qpi 7f/09.2 6291712 6292480 6293506 6292483 2715984539857 3876025046512 12566821460616 0
intel_hsw_qpi ff/09.2 6291712 6292480 6293506 6292483 3872877606456 2717736539000 11696610048744 0
intel_hsw_r2pci 7f/10.1 20972580 20975369 20975367 20975368 4726113090 25004414066243 26993825961415 31608832323821
intel_hsw_r2pci ff/10.1 20972580 20975369 20975367 20975368 47222930 23527118622520 26280609041232 29859295835688
mem 1 82566752 31502708 51064044 11373072 38962468 104 0 50249920 12975828 85664 37696 0 0 432948 0 0 0
mem 0 82341048 12744508 69596540 16762876 50866284 168 0 67168468 34918096 463796 111024 0 0 615364 24576 0 0
net vnet23 0 0 8311157 0 0 0 0 0 0 0 0 0 65730 0 496080207 0 0 0 0 0 0 91536 0
net enp6s0f0 0 0 0 0 0 0 0 0 0 0 0 0 0 0 6606 0 0 0 0 0 0 93 0
net vnet47 0 0 126850 0 0 0 0 0 0 0 0 0 543 0 69594 0 0 0 0 0 0 575 0
net vnet20 0 0 11513340 0 0 0 0 0 0 0 0 0 81587 0 1150528013 0 0 0 0 0 0 135966 0
net enp1s0f0 0 1333331 78054311174 0 0 0 0 371 0 0 371 0 81235817 0 1598894284 0 0 0 0 0 0 9067633 0
net lo 0 0 60793795 0 0 0 0 0 0 0 0 0 483668 0 60793795 0 0 0 0 0 0 483668 0
net vnet24 0 0 583459 0 0 0 0 0 0 0 0 0 7108 0 80669095 0 0 0 0 0 0 19791 0
net vnet38 0 0 438643 0 0 0 0 0 0 0 0 0 4173 0 64703268 0 0 0 0 0 0 8655 0
net vnet21 0 0 11160888 0 0 0 0 0 0 0 0 0 77662 0 1150520396 0 0 0 0 0 0 132840 0
net virbr0 0 1357 376613703 0 0 0 0 0 0 0 0 0 5004816 0 70467658937 0 0 0 0 0 0 7229336 0
numa 1 2585860307 18927329 1008175 29040 1605767884 998585922
numa 0 2115484565 1008175 18927329 28452 1146464252 969769253
ps - 850509739 1552090 321 319 318 1 795
sysv_shm - 0 0
tmpfs /run/lock 0 6
tmpfs /run 2228224 1149
tmpfs /run/user/20029 4096 44
tmpfs /run/qemu 0 1
tmpfs /dev/shm 75715260416 271286
vfs - 298274 123385 308160
vm - 12 31493416 1314334712 520887 2496526 4716323064 4729551229 102609134 21928526 4420403832 79160 0 0 0 0 0 2714357 0 1121522 2855 0 2498084 98 0 34 0 0

1764552014.745418 0 node12.dhkim-278716.ldos-ut-pg0.wisc.cloudlab.us
block sda 524288 408649 62971825 9467362 5565783 14811044 2628669425 239194227 0 17227476 252798719
block sdb 2615 0 7504 3511 4 0 0 0 0 4252 3512
block sdc 995 0 7996 261 4 0 0 0 0 960 262
cpu 11 3368345 2 178622 24858517 167077 0 2092
cpu 10 3504914 13 159803 24807479 111375 0 1083
cpu 13 3207927 0 136430 25170852 55937 0 309
cpu 12 3270909 2 152664 25049725 100765 0 812
cpu 15 2954819 0 143931 25392150 74404 0 589
cpu 14 2918901 1 135036 25460594 51928 0 262
cpu 17 3048726 10 140286 25309396 67807 0 404
cpu 16 3007080 0 161358 25248054 145382 0 1478
cpu 19 3028919 0 165550 25243695 122904 0 1146
cpu 18 3155560 2 143326 25215707 52579 0 369
cpu 1 3382182 12 187368 25010500 63088 0 3069
cpu 0 3352410 2 170493 24983327 64932 0 979
cpu 3 3138540 2 189336 25265315 62937 0 1824
cpu 2 3042232 1 208241 25317728 84746 0 1234
cpu 5 2931574 0 152807 25479434 91614 0 3091
cpu 4 2848694 1 178360 25448898 171190 0 7319
cpu 7 3464717 0 150421 24997990 49406 0 886
cpu 6 3235659 1 140096 25222567 61718 0 2404
cpu 9 3013571 2 129840 25465959 52100 0 487
cpu 8 3149204 81 138766 25283418 53617 0 9431
intel_hsw_cbo 1/7 20971793 20972340 20975390 20972852 17217106978539 758132985385 2564171015949 460031668523
intel_hsw_cbo 1/6 20971793 20972340 20975390 20972852 16502787472854 759524786162 2418435010425 460349695931
intel_hsw_cbo 1/0 20971793 20972340 20975390 20972852 15918439595497 757856414821 2233219066449 460181570139
intel_hsw_cbo 1/4 20971793 20972340 20975390 20972852 16236020330220 760498245264 2042042314875 460138138697
intel_hsw_cbo 1/3 20971793 20972340 20975390 20972852 18867426666339 758640059110 2840256102499 460210349872
intel_hsw_cbo 1/1 20971793 20972340 20975390 20972852 16107558092458 759525805841 2352093094538 460129711262
intel_hsw_cbo 0/8 20971793 20972340 20975390 20972852 15140196589337 703140425478 2130828591258 427898012589
intel_hsw_cbo 0/9 20971793 20972340 20975390 20972852 16781874081733 701828105020 2728135730044 427958839399
intel_hsw_cbo 0/6 20971793 20972340 20975390 20972852 16693958794297 757378952206 2244621130313 463292678507
intel_hsw_cbo 0/7 20971793 20972340 20975390 20972852 18079022832355 757230580267 2428519615471 463167219708
intel_hsw_cbo 0/4 20971793 20972340 20975390 20972852 16451880079172 758698719004 2059634752674 463332142350
intel_hsw_cbo 0/5 20971793 20972340 20975390 20972852 20096280377633 754415114215 2450040974895 463487730985
intel_hsw_cbo 0/2 20971793 20972340 20975390 20972852 16001319332874 756616334607 2012959186506 463081123142
intel_hsw_cbo 0/3 20971793 20972340 20975390 20972852 20778095476362 756466222528 2748444005828 463186412045
intel_hsw_cbo 0/0 20971793 20972340 20975390 20972852 16400682558089 756689784862 2245632467044 463628651318
intel_hsw_cbo 0/1 20971793 20972340 20975390 20972852 16811270993170 757651442953 2199596790145 463371655141
intel_hsw_cbo 1/9 20971793 20972340 20975390 20972852 16472379967477 703731621927 2889774453068 425349220371
intel_hsw_cbo 1/5 20971793 20972340 20975390 20972852 18242633983231 756272887495 2550760753208 460580961417
intel_hsw_cbo 1/8 20971793 20972340 20975390 20972852 14880582362835 704779433998 2293269497706 425385526458
intel_hsw_cbo 1/2 20971793 20972340 20975390 20972852 15599060518544 758243756082 1979084478687 460285194794
intel_hsw_hau ff/12.5 20972289 20974593 20971520 20975386 6177711818398 1750874314765 107746737626145 1754842332762
intel_hsw_hau 7f/12.1 20972289 20974593 20971520 20975386 5040257458926 1613327213432 101290033814777 1618365873388
intel_hsw_hau ff/12.1 20972289 20974593 20971520 20975386 7037654801661 2232975863709 107746737671622 2239411311029
intel_hsw_hau 7f/12.5 20972289 20974593 20971520 20975386 4725476177425 1484965696444 101290034853298 1488450689174
intel_hsw_imc ff/14.1 20972292 20974596 20974337 20971778 3074841423542 880268448442 3147611160582 1747075529950 0
intel_hsw_imc ff/14.0 20972292 20974596 20974337 20971778 3942897620763 1367604821800 3488868523282 1517162355469 0
intel_hsw_imc 7f/17.1 20972292 20974596 20974337 20971778 2355998274634 746810369977 2479042356907 1336911022394 0
intel_hsw_imc 7f/17.0 20972292 20974596 20974337 20971778 2354496978222 746748391848 2478257335543 1344472836824 0
intel_hsw_imc 7f/14.0 20972292 20974596 20974337 20971778 2670060581839 879109497410 2571370414624 1081316599731 0
intel_hsw_imc 7f/14.1 20972292 20974596 20974337 20971778 2351547090016 746714730035 2461496981226 1325664378789 0
intel_hsw_imc ff/17.0 20972292 20974596 20974337 20971778 3077575124791 880385634661 3171808178478 1772641226197 0
intel_hsw_imc ff/17.1 20972292 20974596 20974337 20971778 3078633114623 880285714157 3170392758204 1759713785307 0
intel_hsw_qpi ff/08.2 6291712 6292480 6293506 6292483 3872855122492 2718244058448 10674182470248 0
intel_hsw_qpi 7f/08.2 6291712 6292480 6293506 6292483 2715313132590 3876237735142 13752612265854 0
intel_hsw_qpi 7f/09.2 6291712 6292480 6293506 6292483 2715986141691 3876025305193 12566822962272 0
intel_hsw_qpi ff/09.2 6291712 6292480 6293506 6292483 3872877864424 2717738137033 11696610566784 0
intel_hsw_r2pci 7f/10.1 20972580 20975369 20975367 20975368 4726121584 25004422656876 26993833156694 31608840735741
intel_hsw_r2pci ff/10.1 20972580 20975369 20975367 20975368 47223082 23527122276961 26280615491177 29859302841166
mem 1 82566752 31502708 51064044 11373076 38962400 116 0 50249920 12975828 85580 37644 0 0 432948 0 0 0
mem 0 82341048 12742748 69598300 16762876 50866356 204 0 67168540 34918100 463796 111024 0 0 615364 24576 0 0
net vnet23 0 0 8311157 0 0 0 0 0 0 0 0 0 65730 0 496080259 0 0 0 0 0 0 91537 0
net enp6s0f0 0 0 0 0 0 0 0 0 0 0 0 0 0 0 6606 0 0 0 0 0 0 93 0
net vnet47 0 0 126850 0 0 0 0 0 0 0 0 0 543 0 69716 0 0 0 0 0 0 577 0
net vnet20 0 0 11513340 0 0 0 0 0 0 0 0 0 81587 0 1150528065 0 0 0 0 0 0 135967 0
net enp1s0f0 0 1333336 78054317711 0 0 0 0 371 0 0 371 0 81235918 0 1598894995 0 0 0 0 0 0 9067638 0
net lo 0 0 60794340 0 0 0 0 0 0 0 0 0 483672 0 60794340 0 0 0 0 0 0 483672 0
net vnet24 0 0 583459 0 0 0 0 0 0 0 0 0 7108 0 80669147 0 0 0 0 0 0 19792 0
net vnet38 0 0 438643 0 0 0 0 0 0 0 0 0 4173 0 64703320 0 0 0 0 0 0 8656 0
net vnet21 0 0 11160888 0 0 0 0 0 0 0 0 0 77662 0 1150520448 0 0 0 0 0 0 132841 0
net virbr0 0 1357 376613703 0 0 0 0 0 0 0 0 0 5004816 0 70467658937 0 0 0 0 0 0 7229336 0
numa 1 2585861007 18927329 1008175 29040 1605768584 998585922
numa 0 2115485704 1008175 18927329 28452 1146465391 969769253
ps - 850513858 1552101 321 319 318 1 795
sysv_shm - 0 0
tmpfs /run/lock 0 6
tmpfs /run 2228224 1149
tmpfs /run/user/20029 4096 44
tmpfs /run/qemu 0 1
tmpfs /dev/shm 75715260416 271286
vfs - 298274 123385 308160
vm - 12 31493416 1314334712 520887 2496526 4716324904 4729553052 102609136 21928526 4420405914 79160 0 0 0 0 0 2714357 0 1121522 2855 0 2498084 98 0 34 0 0

1764552015.784481 0 node12.dhkim-278716.ldos-ut-pg0.wisc.cloudlab.us
block sda 524288 408649 62971825 9467362 5565783 14811044 2628669425 239194227 0 17227476 252798719
block sdb 2615 0 7504 3511 4 0 0 0 0 4252 3512
block sdc 995 0 7996 261 4 0 0 0 0 960 262
cpu 11 3368346 2 178622 24858620 167077 0 2092
cpu 10 3504914 13 159804 24807581 111375 0 1083
cpu 13 3207928 0 136430 25170954 55937 0 309
cpu 12 3270909 2 152664 25049828 100765 0 812
cpu 15 2954820 0 143931 25392253 74404 0 589
cpu 14 2918901 1 135038 25460697 51928 0 262
cpu 17 3048726 10 140286 25309498 67807 0 404
cpu 16 3007080 0 161358 25248157 145382 0 1478
cpu 19 3028919 0 165550 25243798 122904 0 1146
cpu 18 3155560 2 143326 25215811 52579 0 369
cpu 1 3382182 12 187368 25010604 63088 0 3069
cpu 0 3352412 2 170493 24983428 64932 0 979
cpu 3 3138542 2 189337 25265416 62937 0 1824
cpu 2 3042236 1 208242 25317826 84746 0 1234
cpu 5 2931575 0 152807 25479535 91614 0 3091
cpu 4 2848695 1 178360 25448998 171190 0 7319
cpu 7 3464720 0 150423 24998088 49406 0 886
cpu 6 3235662 1 140096 25222667 61718 0 2404
cpu 9 3013571 2 129840 25466062 52100 0 487
cpu 8 3149204 81 138766 25283522 53617 0 9431
intel_hsw_cbo 1/7 20971793 20972340 20975390 20972852 17217107759523 758133195919 2564171179322 460031745014
intel_hsw_cbo 1/6 20971793 20972340 20975390 20972852 16502788226901 759524993046 2418435083678 460349772394
intel_hsw_cbo 1/0 20971793 20972340 20975390 20972852 15918440379795 757856625901 2233219229986 460181647730
intel_hsw_cbo 1/4 20971793 20972340 20975390 20972852 16236021057467 760498458436 2042042441928 460138216315
intel_hsw_cbo 1/3 20971793 20972340 20975390 20972852 18867427442389 758640267572 2840256283772 460210425531
intel_hsw_cbo 1/1 20971793 20972340 20975390 20972852 16107558794757 759526016957 2352093173908 460129787785
intel_hsw_cbo 0/8 20971793 20972340 20975390 20972852 15140199021386 703140811842 2130828890903 427898136641
intel_hsw_cbo 0/9 20971793 20972340 20975390 20972852 16781876473521 701828493471 2728136137352 427958965661
intel_hsw_cbo 0/6 20971793 20972340 20975390 20972852 16693961037643 757379372132 2244621451766 463292810834
intel_hsw_cbo 0/7 20971793 20972340 20975390 20972852 18079025311973 757231006692 2428520031827 463167354143
intel_hsw_cbo 0/4 20971793 20972340 20975390 20972852 16451882258844 758699144647 2059634827079 463332274318
intel_hsw_cbo 0/5 20971793 20972340 20975390 20972852 20096283079436 754415525158 2450041446713 463487863060
intel_hsw_cbo 0/2 20971793 20972340 20975390 20972852 16001321358140 756616752692 2012959245422 463081258965
intel_hsw_cbo 0/3 20971793 20972340 20975390 20972852 20778098369064 756466648144 2748444514013 463186544138
intel_hsw_cbo 0/0 20971793 20972340 20975390 20972852 16400684859979 756690204499 2245632596538 463628783141
intel_hsw_cbo 0/1 20971793 20972340 20975390 20972852 16811273266520 757651856335 2199597092956 463371787527
intel_hsw_cbo 1/9 20971793 20972340 20975390 20972852 16472380812738 703731815759 2889774621247 425349293254
intel_hsw_cbo 1/5 20971793 20972340 20975390 20972852 18242634852626 756273094966 2550760934437 460581038923
intel_hsw_cbo 1/8 20971793 20972340 20975390 20972852 14880583094383 704779631086 2293269568473 425385599112
intel_hsw_cbo 1/2 20971793 20972340 20975390 20972852 15599061241382 758243966401 1979084617521 460285271748
intel_hsw_hau ff/12.5 20972289 20974593 20971520 20975386 6177712163227 1750874403948 107747702638988 1754842425880
intel_hsw_hau 7f/12.1 20972289 20974593 20971520 20975386 5040259283661 1613327827513 101290987476410 1618366497911
intel_hsw_hau ff/12.1 20972289 20974593 20971520 20975386 7037655751273 2232976221691 107747702701771 2239411677315
intel_hsw_hau 7f/12.5 20972289 20974593 20971520 20975386 4725477446342 1484966134403 101290988499507 1488451129478
intel_hsw_imc ff/14.1 20972292 20974596 20974337 20971778 3074841594547 880268494855 3147611239860 1747075536466 0
intel_hsw_imc ff/14.0 20972292 20974596 20974337 20971778 3942898410494 1367605154751 3488868743997 1517162386518 0
intel_hsw_imc 7f/17.1 20972292 20974596 20974337 20971778 2355998909802 746810590209 2479042756156 1336911096000 0
intel_hsw_imc 7f/17.0 20972292 20974596 20974337 20971778 2354497630605 746748630154 2478257752987 1344472911370 0
intel_hsw_imc 7f/14.0 20972292 20974596 20974337 20971778 2670061767002 879109900858 2571370949207 1081316672303 0
intel_hsw_imc 7f/14.1 20972292 20974596 20974337 20971778 2351547751142 746714977225 2461497407549 1325664454205 0
intel_hsw_imc ff/17.0 20972292 20974596 20974337 20971778 3077575296452 880385681165 3171808258937 1772641232373 0
intel_hsw_imc ff/17.1 20972292 20974596 20974337 20971778 3078633296136 880285769877 3170392848479 1759713791939 0
intel_hsw_qpi ff/08.2 6291712 6292480 6293506 6292483 3872855380829 2718245666536 10674182833672 0
intel_hsw_qpi 7f/08.2 6291712 6292480 6293506 6292483 2715314737680 3876237992241 13752614053726 0
intel_hsw_qpi 7f/09.2 6291712 6292480 6293506 6292483 2715987749679 3876025563544 12566824437520 0
intel_hsw_qpi ff/09.2 6291712 6292480 6293506 6292483 3872878121510 2717739742206 11696611115264 0
intel_hsw_r2pci 7f/10.1 20972580 20975369 20975367 20975368 4726129292 25004430283820 26993839567479 31608848318867
intel_hsw_r2pci ff/10.1 20972580 20975369 20975367 20975368 47223240 23527125977285 26280621751608 29859310071178
mem 1 82566752 31502960 51063792 11373076 38962936 120 0 50249920 12975828 86124 37684 0 0 432944 0 0 0
mem 0 82341048 12741836 69599212 16762872 50865384 232 0 67168548 34918100 462808 110980 0 0 615380 24576 0 0
net vnet23 0 0 8311157 0 0 0 0 0 0 0 0 0 65730 0 496080259 0 0 0 0 0 0 91537 0
net enp6s0f0 0 0 0 0 0 0 0 0 0 0 0 0 0 0 6606 0 0 0 0 0 0 93 0
net vnet47 0 0 126850 0 0 0 0 0 0 0 0 0 543 0 69716 0 0 0 0 0 0 577 0
net vnet20 0 0 11513340 0 0 0 0 0 0 0 0 0 81587 0 1150528065 0 0 0 0 0 0 135967 0
net enp1s0f0 0 1333342 78054323348 0 0 0 0 371 0 0 371 0 81236004 0 1598895706 0 0 0 0 0 0 9067643 0
net lo 0 0 60794885 0 0 0 0 0 0 0 0 0 483676 0 60794885 0 0 0 0 0 0 483676 0
net vnet24 0 0 583459 0 0 0 0 0 0 0 0 0 7108 0 80669147 0 0 0 0 0 0 19792 0
net vnet38 0 0 438643 0 0 0 0 0 0 0 0 0 4173 0 64703320 0 0 0 0 0 0 8656 0
net vnet21 0 0 11160888 0 0 0 0 0 0 0 0 0 77662 0 1150520448 0 0 0 0 0 0 132841 0
net virbr0 0 1357 376613703 0 0 0 0 0 0 0 0 0 5004816 0 70467658937 0 0 0 0 0 0 7229336 0
numa 1 2585862136 18927329 1008175 29040 1605769713 998585922
numa 0 2115486396 1008175 18927329 28452 1146466083 969769253
ps - 850517941 1552112 321 319 318 1 795
sysv_shm - 0 0
tmpfs /run/lock 0 6
tmpfs /run 2228224 1149
tmpfs /run/user/20029 4096 44
tmpfs /run/qemu 0 1
tmpfs /dev/shm 75715264512 271286
vfs - 298274 123345 308160
vm - 12 31493416 1314334712 520887 2496526 4716326725 4729554871 102609137 21928526 4420408014 79160 0 0 0 0 0 2714357 0 1121522 2855 0 2498084 98 0 34 0 0

1764552016.818034 0 node12.dhkim-278716.ldos-ut-pg0.wisc.cloudlab.us
block sda 524288 408649 62971825 9467362 5565850 14811044 2628670001 239194647 0 17227576 252799140
block sdb 2615 0 7504 3511 4 0 0 0 0 4252 3512
block sdc 995 0 7996 261 4 0 0 0 0 960 262
cpu 11 3368346 2 178622 24858721 167077 0 2092
cpu 10 3504915 13 159804 24807683 111375 0 1083
cpu 13 3207929 0 136430 25171055 55937 0 309
cpu 12 3270910 2 152666 25049929 100765 0 812
cpu 15 2954820 0 143931 25392356 74404 0 589
cpu 14 2918902 1 135040 25460797 51931 0 262
cpu 17 3048726 10 140286 25309600 67807 0 404
cpu 16 3007080 0 161360 25248254 145388 0 1478
cpu 19 3028920 0 165550 25243901 122904 0 1146
cpu 18 3155560 2 143326 25215913 52579 0 369
cpu 1 3382185 12 187369 25010703 63088 0 3069
cpu 0 3352414 2 170493 24983528 64932 0 979
cpu 3 3138544 2 189337 25265517 62937 0 1824
cpu 2 3042237 1 208243 25317928 84746 0 1234
cpu 5 2931575 0 152808 25479635 91614 0 3091
cpu 4 2848696 1 178360 25449099 171190 0 7319
cpu 7 3464722 0 150424 24998188 49406 0 886
cpu 6 3235664 1 140096 25222766 61718 0 2404
cpu 9 3013571 2 129840 25466164 52100 0 487
cpu 8 3149204 81 138766 25283624 53617 0 9431
intel_hsw_cbo 1/7 20971793 20972340 20975390 20972852 17217108606134 758133406789 2564171252469 460031825686
intel_hsw_cbo 1/6 20971793 20972340 20975390 20972852 16502789080540 759525199337 2418435148234 460349852129
intel_hsw_cbo 1/0 20971793 20972340 20975390 20972852 15918441261875 757856838043 2233219506648 460181727830
intel_hsw_cbo 1/4 20971793 20972340 20975390 20972852 16236021872455 760498672543 2042042695160 460138296498
intel_hsw_cbo 1/3 20971793 20972340 20975390 20972852 18867428377399 758640476480 2840256394650 460210504670
intel_hsw_cbo 1/1 20971793 20972340 20975390 20972852 16107559595581 759526229053 2352093282662 460129866823
intel_hsw_cbo 0/8 20971793 20972340 20975390 20972852 15140201440798 703141218338 2130829283013 427898253362
intel_hsw_cbo 0/9 20971793 20972340 20975390 20972852 16781878886519 701828903327 2728136422627 427959084066
intel_hsw_cbo 0/6 20971793 20972340 20975390 20972852 16693963444760 757379813431 2244621832959 463292935755
intel_hsw_cbo 0/7 20971793 20972340 20975390 20972852 18079027839385 757231455762 2428520291787 463167480448
intel_hsw_cbo 0/4 20971793 20972340 20975390 20972852 16451884636228 758699590285 2059634940214 463332400034
intel_hsw_cbo 0/5 20971793 20972340 20975390 20972852 20096285813036 754415958824 2450041739643 463487988189
intel_hsw_cbo 0/2 20971793 20972340 20975390 20972852 16001323584207 756617195208 2012959348737 463081387334
intel_hsw_cbo 0/3 20971793 20972340 20975390 20972852 20778101282799 756467095240 2748444861477 463186668945
intel_hsw_cbo 0/0 20971793 20972340 20975390 20972852 16400687196011 756690647326 2245632759540 463628908495
intel_hsw_cbo 0/1 20971793 20972340 20975390 20972852 16811275607653 757652291725 2199597503594 463371913380
intel_hsw_cbo 1/9 20971793 20972340 20975390 20972852 16472381623781 703732009911 2889774722746 425349369648
intel_hsw_cbo 1/5 20971793 20972340 20975390 20972852 18242635686615 756273303562 2550761015811 460581119684
intel_hsw_cbo 1/8 20971793 20972340 20975390 20972852 14880584012311 704779829309 2293269651747 425385675136
intel_hsw_cbo 1/2 20971793 20972340 20975390 20972852 15599062107042 758244178887 1979084896343 460285351918
intel_hsw_hau ff/12.5 20972289 20974593 20971520 20975386 6177712550380 1750874506906 107748709346403 1754842532690
intel_hsw_hau 7f/12.1 20972289 20974593 20971520 20975386 5040261083028 1613328506112 101291971283684 1618367186348
intel_hsw_hau ff/12.1 20972289 20974593 20971520 20975386 7037656772449 2232976577811 107748709412056 2239412042132
intel_hsw_hau 7f/12.5 20972289 20974593 20971520 20975386 4725478687532 1484966614215 101291972304087 1488451611183
intel_hsw_imc ff/14.1 20972292 20974596 20974337 20971778 3074841786327 880268547989 3147611334131 1747075544479 0
intel_hsw_imc ff/14.0 20972292 20974596 20974337 20971778 3942899250615 1367605483877 3488868974186 1517162418255 0
intel_hsw_imc 7f/17.1 20972292 20974596 20974337 20971778 2355999548967 746810833076 2479043182586 1336911174719 0
intel_hsw_imc 7f/17.0 20972292 20974596 20974337 20971778 2354498287668 746748891179 2478258197905 1344472992079 0
intel_hsw_imc 7f/14.0 20972292 20974596 20974337 20971778 2670062963246 879110351799 2571371536675 1081316756461 0
intel_hsw_imc 7f/14.1 20972292 20974596 20974337 20971778 2351548415816 746715246726 2461497860115 1325664535205 0
intel_hsw_imc ff/17.0 20972292 20974596 20974337 20971778 3077575488575 880385734457 3171808353941 1772641240324 0
intel_hsw_imc ff/17.1 20972292 20974596 20974337 20971778 3078633499716 880285833264 3170392954495 1759713800263 0
intel_hsw_qpi ff/08.2 6291712 6292480 6293506 6292483 3872855686226 2718247282290 10674183236920 0
intel_hsw_qpi 7f/08.2 6291712 6292480 6293506 6292483 2715316350089 3876238297444 13752615894838 0
intel_hsw_qpi 7f/09.2 6291712 6292480 6293506 6292483 2715989365390 3876025868983 12566825942440 0
intel_hsw_qpi ff/09.2 6291712 6292480 6293506 6292483 3872878426705 2717741354600 11696611715200 0
intel_hsw_r2pci 7f/10.1 20972580 20975369 20975367 20975368 4726137758 25004438731667 26993846279478 31608856489835
intel_hsw_r2pci ff/10.1 20972580 20975369 20975367 20975368 47223476 23527130524348 26280628695749 29859318163468
mem 1 82566752 31503232 51063520 11373084 38963352 52 0 50249924 12975828 86572 37684 0 0 432944 0 0 0
mem 0 82341048 12741084 69599964 16762872 50865388 48 0 67168552 34918100 462800 110996 0 0 615420 24576 0 0
net vnet23 0 0 8311157 0 0 0 0 0 0 0 0 0 65730 0 496080311 0 0 0 0 0 0 91538 0
net enp6s0f0 0 0 0 0 0 0 0 0 0 0 0 0 0 0 6606 0 0 0 0 0 0 93 0
net vnet47 0 0 126850 0 0 0 0 0 0 0 0 0 543 0 69768 0 0 0 0 0 0 578 0
net vnet20 0 0 11513340 0 0 0 0 0 0 0 0 0 81587 0 1150528117 0 0 0 0 0 0 135968 0
net enp1s0f0 0 1333346 78054329045 0 0 0 0 371 0 0 371 0 81236091 0 1598896417 0 0 0 0 0 0 9067648 0
net lo 0 0 60795430 0 0 0 0 0 0 0 0 0 483680 0 60795430 0 0 0 0 0 0 483680 0
net vnet24 0 0 583459 0 0 0 0 0 0 0 0 0 7108 0 80669199 0 0 0 0 0 0 19793 0
net vnet38 0 0 438643 0 0 0 0 0 0 0 0 0 4173 0 64703372 0 0 0 0 0 0 8657 0
net vnet21 0 0 11160888 0 0 0 0 0 0 0 0 0 77662 0 1150520500 0 0 0 0 0 0 132842 0
net virbr0 0 1357 376613703 0 0 0 0 0 0 0 0 0 5004816 0 70467658937 0 0 0 0 0 0 7229336 0
numa 1 2585863295 18927329 1008175 29040 1605770872 998585922
numa 0 2115487074 1008175 18927329 28452 1146466761 969769253
ps - 850522264 1552123 295 314 317 1 795
sysv_shm - 0 0
tmpfs /run/lock 0 6
tmpfs /run 2228224 1149
tmpfs /run/user/20029 4096 44
tmpfs /run/qemu 0 1
tmpfs /dev/shm 75715264512 271286
vfs - 298274 123345 308160
vm - 12 31493416 1314335000 520887 2496526 4716328561 4729556711 102609138 21928526 4420410172 79160 0 0 0 0 0 2714357 0 1121522 2855 0 2498084 98 0 34 0 0

1764552017.853729 0 node12.dhkim-278716.ldos-ut-pg0.wisc.cloudlab.us
block sda 524288 408649 62971825 9467362 5565850 14811044 2628670001 239194647 0 17227576 252799140
block sdb 2615 0 7504 3511 4 0 0 0 0 4252 3512
block sdc 995 0 7996 261 4 0 0 0 0 960 262
cpu 11 3368347 2 178622 24858822 167077 0 2092
cpu 10 3504915 13 159804 24807786 111375 0 1083
cpu 13 3207930 0 136431 25171158 55937 0 309
cpu 12 3270910 2 152668 25050031 100765 0 812
cpu 15 2954820 0 143931 25392459 74404 0 589
cpu 14 2918902 1 135042 25460900 51931 0 262
cpu 17 3048727 10 140286 25309702 67807 0 404
cpu 16 3007080 0 161360 25248357 145388 0 1478
cpu 19 3028920 0 165550 25244005 122904 0 1146
cpu 18 3155560 2 143326 25216016 52579 0 369
cpu 1 3382186 12 187369 25010805 63088 0 3070
cpu 0 3352414 2 170493 24983629 64932 0 979
cpu 3 3138544 2 189338 25265619 62937 0 1824
cpu 2 3042238 1 208243 25318030 84746 0 1234
cpu 5 2931576 0 152808 25479736 91614 0 3091
cpu 4 2848697 1 178360 25449198 171190 0 7319
cpu 7 3464724 0 150425 24998287 49406 0 886
cpu 6 3235666 1 140096 25222867 61718 0 2404
cpu 9 3013571 2 129841 25466267 52100 0 487
cpu 8 3149204 81 138766 25283726 53617 0 9431
intel_hsw_cbo 1/7 20971793 20972340 20975390 20972852 17217109319561 758133601086 2564171354696 460031895801
intel_hsw_cbo 1/6 20971793 20972340 20975390 20972852 16502789902100 759525390546 2418435181403 460349921292
intel_hsw_cbo 1/0 20971793 20972340 20975390 20972852 15918441953578 757857033703 2233219764641 460181798421
intel_hsw_cbo 1/4 20971793 20972340 20975390 20972852 16236022583852 760498869876 2042042943467 460138366813
intel_hsw_cbo 1/3 20971793 20972340 20975390 20972852 18867429138314 758640670211 2840256530178 460210573115
intel_hsw_cbo 1/1 20971793 20972340 20975390 20972852 16107560220125 759526424256 2352093354092 460129936854
intel_hsw_cbo 0/8 20971793 20972340 20975390 20972852 15140203979845 703141600668 2130829859857 427898358328
intel_hsw_cbo 0/9 20971793 20972340 20975390 20972852 16781881290476 701829285231 2728136769542 427959190437
intel_hsw_cbo 0/6 20971793 20972340 20975390 20972852 16693965701648 757380224818 2244622381904 463293047421
intel_hsw_cbo 0/7 20971793 20972340 20975390 20972852 18079030371398 757231875689 2428520600635 463167593314
intel_hsw_cbo 0/4 20971793 20972340 20975390 20972852 16451886781906 758700008153 2059635048848 463332511504
intel_hsw_cbo 0/5 20971793 20972340 20975390 20972852 20096288629892 754416363820 2450042085134 463488098842
intel_hsw_cbo 0/2 20971793 20972340 20975390 20972852 16001325737699 756617608569 2012959416923 463081500623
intel_hsw_cbo 0/3 20971793 20972340 20975390 20972852 20778104116560 756467510750 2748445260731 463186779622
intel_hsw_cbo 0/0 20971793 20972340 20975390 20972852 16400689526234 756691060628 2245632886191 463629019905
intel_hsw_cbo 0/1 20971793 20972340 20975390 20972852 16811277913742 757652697833 2199598056250 463372024417
intel_hsw_cbo 1/9 20971793 20972340 20975390 20972852 16472382293743 703732189292 2889774847255 425349435564
intel_hsw_cbo 1/5 20971793 20972340 20975390 20972852 18242636413212 756273496366 2550761130489 460581190986
intel_hsw_cbo 1/8 20971793 20972340 20975390 20972852 14880584722005 704780012655 2293269700294 425385741526
intel_hsw_cbo 1/2 20971793 20972340 20975390 20972852 15599062843062 758244374754 1979085171277 460285420730
intel_hsw_hau ff/12.5 20972289 20974593 20971520 20975386 6177712925683 1750874598703 107749652034079 1754842628129
intel_hsw_hau 7f/12.1 20972289 20974593 20971520 20975386 5040262804347 1613329099485 101292889976427 1618367790375
intel_hsw_hau ff/12.1 20972289 20974593 20971520 20975386 7037657768380 2232976934380 107749652096754 2239412406310
intel_hsw_hau 7f/12.5 20972289 20974593 20971520 20975386 4725479871910 1484967027159 101292890998322 1488452026518
intel_hsw_imc ff/14.1 20972292 20974596 20974337 20971778 3074841972152 880268595396 3147611421421 1747075551914 0
intel_hsw_imc ff/14.0 20972292 20974596 20974337 20971778 3942900067410 1367605807150 3488869196379 1517162451596 0
intel_hsw_imc 7f/17.1 20972292 20974596 20974337 20971778 2356000123495 746811038533 2479043529085 1336911240678 0
intel_hsw_imc 7f/17.0 20972292 20974596 20974337 20971778 2354498878774 746749113864 2478258561885 1344473059361 0
intel_hsw_imc 7f/14.0 20972292 20974596 20974337 20971778 2670064065276 879110743078 2571372013440 1081316823987 0
intel_hsw_imc 7f/14.1 20972292 20974596 20974337 20971778 2351549015168 746715477515 2461498230999 1325664603197 0
intel_hsw_imc ff/17.0 20972292 20974596 20974337 20971778 3077575675109 880385782027 3171808442600 1772641247540 0
intel_hsw_imc ff/17.1 20972292 20974596 20974337 20971778 3078633693358 880285887894 3170393050382 1759713807674 0
intel_hsw_qpi ff/08.2 6291712 6292480 6293506 6292483 3872855932448 2718248787625 10674183592328 0
intel_hsw_qpi 7f/08.2 6291712 6292480 6293506 6292483 2715317851686 3876238543055 13752617755966 0
intel_hsw_qpi 7f/09.2 6291712 6292480 6293506 6292483 2715990870639 3876026115219 12566827444872 0
intel_hsw_qpi ff/09.2 6291712 6292480 6293506 6292483 3872878672293 2717742856294 11696612224448 0
intel_hsw_r2pci 7f/10.1 20972580 20975369 20975367 20975368 4726145870 25004446586694 26993852437310 31608863973566
intel_hsw_r2pci ff/10.1 20972580 20975369 20975367 20975368 47223634 23527134297264 26280634820879 29859325311762
mem 1 82566752 31503232 51063520 11373084 38962396 120 0 50249932 12975828 85616 37688 0 0 432984 0 0 0
mem 0 82341048 12741084 69599964 16762876 50865852 164 0 67168552 34918100 463316 110996 0 0 615428 24576 0 0
net vnet23 0 0 8311157 0 0 0 0 0 0 0 0 0 65730 0 496080311 0 0 0 0 0 0 91538 0
net enp6s0f0 0 0 0 0 0 0 0 0 0 0 0 0 0 0 6606 0 0 0 0 0 0 93 0
net vnet47 0 0 126850 0 0 0 0 0 0 0 0 0 543 0 69768 0 0 0 0 0 0 578 0
net vnet20 0 0 11513340 0 0 0 0 0 0 0 0 0 81587 0 1150528117 0 0 0 0 0 0 135968 0
net enp1s0f0 0 1333351 78054335282 0 0 0 0 371 0 0 371 0 81236187 0 1598897128 0 0 0 0 0 0 9067653 0
net lo 0 0 60795975 0 0 0 0 0 0 0 0 0 483684 0 60795975 0 0 0 0 0 0 483684 0
net vnet24 0 0 583459 0 0 0 0 0 0 0 0 0 7108 0 80669199 0 0 0 0 0 0 19793 0
net vnet38 0 0 438643 0 0 0 0 0 0 0 0 0 4173 0 64703372 0 0 0 0 0 0 8657 0
net vnet21 0 0 11160888 0 0 0 0 0 0 0 0 0 77662 0 1150520500 0 0 0 0 0 0 132842 0
net virbr0 0 1357 376613703 0 0 0 0 0 0 0 0 0 5004816 0 70467658937 0 0 0 0 0 0 7229336 0
numa 1 2585863843 18927329 1008175 29040 1605771420 998585922
numa 0 2115488360 1008175 18927329 28452 1146468047 969769253
ps - 850526153 1552134 295 314 317 1 795
sysv_shm - 0 0
tmpfs /run/lock 0 6
tmpfs /run 2228224 1149
tmpfs /run/user/20029 4096 44
tmpfs /run/qemu 0 1
tmpfs /dev/shm 75715264512 271286
vfs - 298274 123345 308160
vm - 12 31493416 1314335000 520887 2496526 4716330395 4729558538 102609139 21928526 4420412260 79160 0 0 0 0 0 2714357 0 1121522 2855 0 2498084 98 0 34 0 0

1764552018.889448 0 node12.dhkim-278716.ldos-ut-pg0.wisc.cloudlab.us
block sda 524288 408649 62971825 9467362 5565878 14811058 2628670401 239194792 0 17227652 252799315
block sdb 2615 0 7504 3511 4 0 0 0 0 4252 3512
block sdc 995 0 7996 261 4 0 0 0 0 960 262
cpu 11 3368348 2 178622 24858924 167077 0 2092
cpu 10 3504915 13 159804 24807889 111375 0 1083
cpu 13 3207930 0 136431 25171260 55937 0 309
cpu 12 3270910 2 152668 25050134 100765 0 812
cpu 15 2954820 0 143931 25392559 74407 0 589
cpu 14 2918902 1 135044 25461002 51931 0 262
cpu 17 3048728 10 140286 25309804 67807 0 404
cpu 16 3007080 0 161361 25248460 145388 0 1478
cpu 19 3028920 0 165550 25244108 122904 0 1146
cpu 18 3155560 2 143326 25216120 52579 0 369
cpu 1 3382186 12 187369 25010908 63088 0 3070
cpu 0 3352416 2 170494 24983730 64932 0 979
cpu 3 3138546 2 189338 25265720 62937 0 1824
cpu 2 3042240 1 208243 25318132 84746 0 1234
cpu 5 2931577 0 152808 25479837 91614 0 3091
cpu 4 2848697 1 178361 25449298 171190 0 7319
cpu 7 3464727 0 150426 24998388 49406 0 886
cpu 6 3235667 1 140098 25222968 61718 0 2404
cpu 9 3013571 2 129841 25466370 52100 0 487
cpu 8 3149207 81 138768 25283825 53617 0 9431
intel_hsw_cbo 1/7 20971793 20972340 20975390 20972852 17217110017422 758133801148 2564171520981 460031966422
intel_hsw_cbo 1/6 20971793 20972340 20975390 20972852 16502790760712 759525587241 2418435232771 460349990476
intel_hsw_cbo 1/0 20971793 20972340 20975390 20972852 15918442599780 757857234256 2233219937254 460181868012
intel_hsw_cbo 1/4 20971793 20972340 20975390 20972852 16236023217038 760499071888 2042043098074 460138436643
intel_hsw_cbo 1/3 20971793 20972340 20975390 20972852 18867429822441 758640869693 2840256719154 460210641982
intel_hsw_cbo 1/1 20971793 20972340 20975390 20972852 16107560865114 759526624291 2352093418770 460130005727
intel_hsw_cbo 0/8 20971793 20972340 20975390 20972852 15140206529630 703141977201 2130830081252 427898466137
intel_hsw_cbo 0/9 20971793 20972340 20975390 20972852 16781883742285 701829663125 2728137140219 427959301567
intel_hsw_cbo 0/6 20971793 20972340 20975390 20972852 16693968134757 757380633413 2244622623619 463293162315
intel_hsw_cbo 0/7 20971793 20972340 20975390 20972852 18079033037043 757232294101 2428520979793 463167710910
intel_hsw_cbo 0/4 20971793 20972340 20975390 20972852 16451888936774 758700422921 2059635174805 463332629012
intel_hsw_cbo 0/5 20971793 20972340 20975390 20972852 20096291233681 754416765017 2450042488359 463488214223
intel_hsw_cbo 0/2 20971793 20972340 20975390 20972852 16001327888178 756618019577 2012959538850 463081618872
intel_hsw_cbo 0/3 20971793 20972340 20975390 20972852 20778106807323 756467922487 2748445684964 463186894944
intel_hsw_cbo 0/0 20971793 20972340 20975390 20972852 16400691750573 756691471916 2245633068379 463629136312
intel_hsw_cbo 0/1 20971793 20972340 20975390 20972852 16811280275643 757653101525 2199598276136 463372141154
intel_hsw_cbo 1/9 20971793 20972340 20975390 20972852 16472382960444 703732373833 2889775018667 425349501781
intel_hsw_cbo 1/5 20971793 20972340 20975390 20972852 18242637200827 756273694924 2550761317169 460581261256
intel_hsw_cbo 1/8 20971793 20972340 20975390 20972852 14880585532706 704780200897 2293269751416 425385807852
intel_hsw_cbo 1/2 20971793 20972340 20975390 20972852 15599063550908 758244575506 1979085341580 460285490498
intel_hsw_hau ff/12.5 20972289 20974593 20971520 20975386 6177713278910 1750874684233 107750603063211 1754842716872
intel_hsw_hau 7f/12.1 20972289 20974593 20971520 20975386 5040264514852 1613329682061 101293827941932 1618368383280
intel_hsw_hau ff/12.1 20972289 20974593 20971520 20975386 7037658727944 2232977278010 107750603126192 2239412756761
intel_hsw_hau 7f/12.5 20972289 20974593 20971520 20975386 4725481050873 1484967440091 101293828962617 1488452442133
intel_hsw_imc ff/14.1 20972292 20974596 20974337 20971778 3074842147674 880268639573 3147611501483 1747075558416 0
intel_hsw_imc ff/14.0 20972292 20974596 20974337 20971778 3942900859586 1367606123747 3488869405151 1517162481789 0
intel_hsw_imc 7f/17.1 20972292 20974596 20974337 20971778 2356000713357 746811246109 2479043893704 1336911308487 0
intel_hsw_imc 7f/17.0 20972292 20974596 20974337 20971778 2354499484916 746749338628 2478258943290 1344473127742 0
intel_hsw_imc 7f/14.0 20972292 20974596 20974337 20971778 2670065182110 879111127769 2571372502014 1081316890832 0
intel_hsw_imc 7f/14.1 20972292 20974596 20974337 20971778 2351549628485 746715709709 2461498618424 1325664672762 0
intel_hsw_imc ff/17.0 20972292 20974596 20974337 20971778 3077575850810 880385826482 3171808523707 1772641253871 0
intel_hsw_imc ff/17.1 20972292 20974596 20974337 20971778 3078633876770 880285939408 3170393139158 1759713814374 0
intel_hsw_qpi ff/08.2 6291712 6292480 6293506 6292483 3872856166582 2718250317936 10674183934520 0
intel_hsw_qpi 7f/08.2 6291712 6292480 6293506 6292483 2715319377516 3876238776336 13752619584878 0
intel_hsw_qpi 7f/09.2 6291712 6292480 6293506 6292483 2715992400811 3876026349359 12566828935560 0
intel_hsw_qpi ff/09.2 6291712 6292480 6293506 6292483 3872878905569 2717744382168 11696612726416 0
intel_hsw_r2pci 7f/10.1 20972580 20975369 20975367 20975368 4726154268 25004454239010 26993858721831 31608871275809
intel_hsw_r2pci ff/10.1 20972580 20975369 20975367 20975368 47223826 23527137967176 26280640766982 29859332279520
mem 1 82566752 31502728 51064024 11373084 38962352 88 0 50249940 12975828 85580 37644 0 0 432984 0 0 0
mem 0 82341048 12739572 69601476 16762880 50866232 140 0 67168560 34918100 463632 111008 0 0 615428 24576 0 0
net vnet23 0 0 8311157 0 0 0 0 0 0 0 0 0 65730 0 496080363 0 0 0 0 0 0 91539 0
net enp6s0f0 0 0 0 0 0 0 0 0 0 0 0 0 0 0 6606 0 0 0 0 0 0 93 0
net vnet47 0 0 126850 0 0 0 0 0 0 0 0 0 543 0 69820 0 0 0 0 0 0 579 0
net vnet20 0 0 11513340 0 0 0 0 0 0 0 0 0 81587 0 1150528169 0 0 0 0 0 0 135969 0
net enp1s0f0 0 1333356 78054342031 0 0 0 0 371 0 0 371 0 81236287 0 1598897839 0 0 0 0 0 0 9067658 0
net lo 0 0 60796520 0 0 0 0 0 0 0 0 0 483688 0 60796520 0 0 0 0 0 0 483688 0
net vnet24 0 0 583459 0 0 0 0 0 0 0 0 0 7108 0 80669251 0 0 0 0 0 0 19794 0
net vnet38 0 0 438643 0 0 0 0 0 0 0 0 0 4173 0 64703424 0 0 0 0 0 0 8658 0
net vnet21 0 0 11160888 0 0 0 0 0 0 0 0 0 77662 0 1150520552 0 0 0 0 0 0 132843 0
net virbr0 0 1357 376613703 0 0 0 0 0 0 0 0 0 5004816 0 70467658937 0 0 0 0 0 0 7229336 0
numa 1 2585864595 18927329 1008175 29040 1605772172 998585922
numa 0 2115489469 1008175 18927329 28452 1146469156 969769253
ps - 850530168 1552145 295 314 317 3 769
sysv_shm - 0 0
tmpfs /run/lock 0 6
tmpfs /run 2228224 1149
tmpfs /run/user/20029 4096 44
tmpfs /run/qemu 0 1
tmpfs /dev/shm 75715264512 271286
vfs - 298274 123385 308160
vm - 12 31493416 1314335200 520887 2496526 4716332258 4729560547 102609139 21928526 4420414344 79160 0 0 0 0 0 2714357 0 1121522 2855 0 2498084 98 0 34 0 0

1764552019.923710 0 node12.dhkim-278716.ldos-ut-pg0.wisc.cloudlab.us
block sda 524288 408649 62971825 9467362 5565878 14811058 2628670401 239194792 0 17227652 252799315
block sdb 2615 0 7504 3511 4 0 0 0 0 4252 3512
block sdc 995 0 7996 261 4 0 0 0 0 960 262
cpu 11 3368348 2 178622 24859025 167077 0 2092
cpu 10 3504916 13 159805 24807991 111375 0 1083
cpu 13 3207931 0 136432 25171362 55937 0 309
cpu 12 3270910 2 152668 25050237 100765 0 812
cpu 15 2954820 0 143931 25392662 74407 0 589
cpu 14 2918902 1 135046 25461104 51931 0 262
cpu 17 3048728 10 140286 25309907 67807 0 404
cpu 16 3007080 0 161361 25248563 145388 0 1478
cpu 19 3028920 0 165550 25244211 122904 0 1146
cpu 18 3155560 2 143326 25216223 52579 0 369
cpu 1 3382186 12 187369 25011011 63088 0 3070
cpu 0 3352416 2 170496 24983830 64932 0 979
cpu 3 3138548 2 189338 25265821 62937 0 1824
cpu 2 3042240 1 208243 25318234 84746 0 1234
cpu 5 2931579 0 152808 25479936 91614 0 3091
cpu 4 2848698 1 178361 25449397 171190 0 7319
cpu 7 3464728 0 150426 24998489 49406 0 886
cpu 6 3235669 1 140098 25223067 61718 0 2404
cpu 9 3013572 2 129841 25466471 52100 0 487
cpu 8 3149207 81 138768 25283928 53617 0 9431
intel_hsw_cbo 1/7 20971793 20972340 20975390 20972852 17217110680608 758133982431 2564171535106 460032031138
intel_hsw_cbo 1/6 20971793 20972340 20975390 20972852 16502791546112 759525764649 2418435280065 460350054146
intel_hsw_cbo 1/0 20971793 20972340 20975390 20972852 15918443335640 757857416684 2233220118928 460181932219
intel_hsw_cbo 1/4 20971793 20972340 20975390 20972852 16236023898240 760499255335 2042043272665 460138500670
intel_hsw_cbo 1/3 20971793 20972340 20975390 20972852 18867430557002 758641049679 2840256759382 460210705065
intel_hsw_cbo 1/1 20971793 20972340 20975390 20972852 16107561538799 759526805923 2352093505660 460130069083
intel_hsw_cbo 0/8 20971793 20972340 20975390 20972852 15140209147955 703142384609 2130830655867 427898578187
intel_hsw_cbo 0/9 20971793 20972340 20975390 20972852 16781886420039 701830070510 2728137467607 427959416970
intel_hsw_cbo 0/6 20971793 20972340 20975390 20972852 16693970518335 757381072487 2244623166950 463293282984
intel_hsw_cbo 0/7 20971793 20972340 20975390 20972852 18079035753801 757232743719 2428521256452 463167834951
intel_hsw_cbo 0/4 20971793 20972340 20975390 20972852 16451891287436 758700868879 2059635246771 463332751020
intel_hsw_cbo 0/5 20971793 20972340 20975390 20972852 20096294201347 754417197802 2450042789157 463488333806
intel_hsw_cbo 0/2 20971793 20972340 20975390 20972852 16001330050218 756618462391 2012959586644 463081742286
intel_hsw_cbo 0/3 20971793 20972340 20975390 20972852 20778109816955 756468366626 2748446075524 463187015935
intel_hsw_cbo 0/0 20971793 20972340 20975390 20972852 16400694074037 756691912932 2245633193490 463629257644
intel_hsw_cbo 0/1 20971793 20972340 20975390 20972852 16811282931979 757653537115 2199598861755 463372262390
intel_hsw_cbo 1/9 20971793 20972340 20975390 20972852 16472383661127 703732540124 2889775059632 425349561795
intel_hsw_cbo 1/5 20971793 20972340 20975390 20972852 18242637859763 756273874063 2550761331420 460581325688
intel_hsw_cbo 1/8 20971793 20972340 20975390 20972852 14880586396061 704780369896 2293269820209 425385867856
intel_hsw_cbo 1/2 20971793 20972340 20975390 20972852 15599064286865 758244758410 1979085535878 460285554971
intel_hsw_hau ff/12.5 20972289 20974593 20971520 20975386 6177713703896 1750874783620 107751568857867 1754842818836
intel_hsw_hau 7f/12.1 20972289 20974593 20971520 20975386 5040266251990 1613330301282 101294771180468 1618369012298
intel_hsw_hau ff/12.1 20972289 20974593 20971520 20975386 7037659864526 2232977651108 107751568905186 2239413136263
intel_hsw_hau 7f/12.5 20972289 20974593 20971520 20975386 4725482253586 1484967878105 101294772219105 1488452882161
intel_hsw_imc ff/14.1 20972292 20974596 20974337 20971778 3074842358247 880268690430 3147611592412 1747075567130 0
intel_hsw_imc ff/14.0 20972292 20974596 20974337 20971778 3942901789284 1367606461924 3488869641951 1517162518862 0
intel_hsw_imc 7f/17.1 20972292 20974596 20974337 20971778 2356001315267 746811466064 2479044264456 1336911376483 0
intel_hsw_imc 7f/17.0 20972292 20974596 20974337 20971778 2354500103859 746749576496 2478259331620 1344473196057 0
intel_hsw_imc 7f/14.0 20972292 20974596 20974337 20971778 2670066313478 879111536407 2571372997604 1081316957976 0
intel_hsw_imc 7f/14.1 20972292 20974596 20974337 20971778 2351550255689 746715955651 2461499013425 1325664741784 0
intel_hsw_imc ff/17.0 20972292 20974596 20974337 20971778 3077576061785 880385877519 3171808615600 1772641262480 0
intel_hsw_imc ff/17.1 20972292 20974596 20974337 20971778 3078634094513 880285996970 3170393238034 1759713823396 0
intel_hsw_qpi ff/08.2 6291712 6292480 6293506 6292483 3872856386251 2718251876266 10674184409368 0
intel_hsw_qpi 7f/08.2 6291712 6292480 6293506 6292483 2715320932301 3876238996233 13752621982422 0
intel_hsw_qpi 7f/09.2 6291712 6292480 6293506 6292483 2715993959060 3876026569051 12566830910792 0
intel_hsw_qpi ff/09.2 6291712 6292480 6293506 6292483 3872879125450 2717745936990 11696613360576 0
intel_hsw_r2pci 7f/10.1 20972580 20975369 20975367 20975368 4726162250 25004462642373 26993865462131 31608879198723
intel_hsw_r2pci ff/10.1 20972580 20975369 20975367 20975368 47223980 23527142032317 26280647151625 29859339877539
mem 1 82566752 31503232 51063520 11373088 38962456 100 0 50249940 12975828 85672 37696 0 0 432976 0 0 0
mem 0 82341048 12739520 69601528 16762880 50866164 164 0 67168564 34918100 463580 110976 0 0 615452 24576 0 0
net vnet23 0 0 8311157 0 0 0 0 0 0 0 0 0 65730 0 496080363 0 0 0 0 0 0 91539 0
net enp6s0f0 0 0 0 0 0 0 0 0 0 0 0 0 0 0 6606 0 0 0 0 0 0 93 0
net vnet47 0 0 126850 0 0 0 0 0 0 0 0 0 543 0 69820 0 0 0 0 0 0 579 0
net vnet20 0 0 11513340 0 0 0 0 0 0 0 0 0 81587 0 1150528169 0 0 0 0 0 0 135969 0
net enp1s0f0 0 1333362 78054347968 0 0 0 0 371 0 0 371 0 81236378 0 1598898604 0 0 0 0 0 0 9067664 0
net lo 0 0 60797065 0 0 0 0 0 0 0 0 0 483692 0 60797065 0 0 0 0 0 0 483692 0
net vnet24 0 0 583459 0 0 0 0 0 0 0 0 0 7108 0 80669251 0 0 0 0 0 0 19794 0
net vnet38 0 0 438643 0 0 0 0 0 0 0 0 0 4173 0 64703424 0 0 0 0 0 0 8658 0
net vnet21 0 0 11160888 0 0 0 0 0 0 0 0 0 77662 0 1150520552 0 0 0 0 0 0 132843 0
net virbr0 0 1357 376613703 0 0 0 0 0 0 0 0 0 5004816 0 70467658937 0 0 0 0 0 0 7229336 0
numa 1 2585865439 18927329 1008175 29040 1605773016 998585922
numa 0 2115490460 1008175 18927329 28452 1146470147 969769253
ps - 850533976 1552156 295 314 317 1 769
sysv_shm - 0 0
tmpfs /run/lock 0 6
tmpfs /run 2228224 1149
tmpfs /run/user/20029 4096 44
tmpfs /run/qemu 0 1
tmpfs /dev/shm 75715264512 271286
vfs - 298274 123345 308160
vm - 12 31493416 1314335200 520887 2496526 4716334091 4729562367 102609139 21928526 4420416430 79160 0 0 0 0 0 2714357 0 1121522 2855 0 2498084 98 0 34 0 0

1764552020.962123 0 node12.dhkim-278716.ldos-ut-pg0.wisc.cloudlab.us
block sda 524288 408649 62971825 9467362 5565878 14811058 2628670401 239194792 0 17227652 252799315
block sdb 2615 0 7504 3511 4 0 0 0 0 4252 3512
block sdc 995 0 7996 261 4 0 0 0 0 960 262
cpu 11 3368348 2 178622 24859127 167077 0 2092
cpu 10 3504916 13 159806 24808093 111375 0 1083
cpu 13 3207931 0 136433 25171464 55937 0 309
cpu 12 3270910 2 152668 25050341 100765 0 812
cpu 15 2954820 0 143932 25392765 74407 0 589
cpu 14 2918902 1 135047 25461207 51931 0 262
cpu 17 3048728 10 140286 25310011 67807 0 404
cpu 16 3007080 0 161361 25248667 145388 0 1478
cpu 19 3028920 0 165550 25244314 122904 0 1146
cpu 18 3155560 2 143326 25216326 52579 0 369
cpu 1 3382186 12 187370 25011114 63088 0 3070
cpu 0 3352418 2 170496 24983931 64932 0 979
cpu 3 3138549 2 189339 25265923 62937 0 1824
cpu 2 3042242 1 208244 25318335 84746 0 1234
cpu 5 2931580 0 152808 25480036 91614 0 3091
cpu 4 2848699 1 178362 25449499 171190 0 7319
cpu 7 3464732 0 150426 24998590 49406 0 886
cpu 6 3235671 1 140098 25223168 61718 0 2404
cpu 9 3013572 2 129841 25466573 52100 0 487
cpu 8 3149207 81 138768 25284031 53617 0 9431
intel_hsw_cbo 1/7 20971793 20972340 20975390 20972852 17217111314266 758134178685 2564171551172 460032105539
intel_hsw_cbo 1/6 20971793 20972340 20975390 20972852 16502792283583 759525957402 2418435431931 460350128660
intel_hsw_cbo 1/0 20971793 20972340 20975390 20972852 15918444025900 757857613360 2233220320483 460182005678
intel_hsw_cbo 1/4 20971793 20972340 20975390 20972852 16236024554743 760499452742 2042043502111 460138572818
intel_hsw_cbo 1/3 20971793 20972340 20975390 20972852 18867431218007 758641244805 2840256814673 460210778154
intel_hsw_cbo 1/1 20971793 20972340 20975390 20972852 16107562115366 759527001204 2352093673385 460130140280
intel_hsw_cbo 0/8 20971793 20972340 20975390 20972852 15140211542733 703142763339 2130831138781 427898682447
intel_hsw_cbo 0/9 20971793 20972340 20975390 20972852 16781888834093 701830450187 2728137753358 427959524270
intel_hsw_cbo 0/6 20971793 20972340 20975390 20972852 16693972845217 757381482027 2244623610003 463293394114
intel_hsw_cbo 0/7 20971793 20972340 20975390 20972852 18079038237707 757233161730 2428521477198 463167947955
intel_hsw_cbo 0/4 20971793 20972340 20975390 20972852 16451893487524 758701285192 2059635388801 463332863327
intel_hsw_cbo 0/5 20971793 20972340 20975390 20972852 20096296858181 754417600630 2450043017820 463488445582
intel_hsw_cbo 0/2 20971793 20972340 20975390 20972852 16001332080174 756618873226 2012959739595 463081857062
intel_hsw_cbo 0/3 20971793 20972340 20975390 20972852 20778112564786 756468782115 2748446357270 463187127195
intel_hsw_cbo 0/0 20971793 20972340 20975390 20972852 16400696471329 756692325364 2245633435148 463629371408
intel_hsw_cbo 0/1 20971793 20972340 20975390 20972852 16811285358423 757653941907 2199599401132 463372375055
intel_hsw_cbo 1/9 20971793 20972340 20975390 20972852 16472384494224 703732720979 2889775118476 425349631610
intel_hsw_cbo 1/5 20971793 20972340 20975390 20972852 18242638571686 756274067583 2550761346738 460581399328
intel_hsw_cbo 1/8 20971793 20972340 20975390 20972852 14880587111592 704780554278 2293269983213 425385937143
intel_hsw_cbo 1/2 20971793 20972340 20975390 20972852 15599065037385 758244956020 1979085773342 460285628678
intel_hsw_hau ff/12.5 20972289 20974593 20971520 20975386 6177714055452 1750874867470 107752505348621 1754842905934
intel_hsw_hau 7f/12.1 20972289 20974593 20971520 20975386 5040267943861 1613330891492 101295692546326 1618369614027
intel_hsw_hau ff/12.1 20972289 20974593 20971520 20975386 7037660826393 2232977993882 107752505407080 2239413485378
intel_hsw_hau 7f/12.5 20972289 20974593 20971520 20975386 4725483418957 1484968295086 101295693571289 1488453302450
intel_hsw_imc ff/14.1 20972292 20974596 20974337 20971778 3074842531705 880268733566 3147611670076 1747075573417 0
intel_hsw_imc ff/14.0 20972292 20974596 20974337 20971778 3942902585022 1367606777791 3488869848928 1517162549384 0
intel_hsw_imc 7f/17.1 20972292 20974596 20974337 20971778 2356001897913 746811675883 2479044623112 1336911443615 0
intel_hsw_imc 7f/17.0 20972292 20974596 20974337 20971778 2354500704010 746749803959 2478259708021 1344473264094 0
intel_hsw_imc 7f/14.0 20972292 20974596 20974337 20971778 2670067417443 879111927104 2571373481970 1081317025064 0
intel_hsw_imc 7f/14.1 20972292 20974596 20974337 20971778 2351550863152 746716190919 2461499395834 1325664810374 0
intel_hsw_imc ff/17.0 20972292 20974596 20974337 20971778 3077576236305 880385920876 3171808693893 1772641268666 0
intel_hsw_imc ff/17.1 20972292 20974596 20974337 20971778 3078634276975 880286047625 3170393323980 1759713829950 0
intel_hsw_qpi ff/08.2 6291712 6292480 6293506 6292483 3872856610652 2718253405382 10674184739136 0
intel_hsw_qpi 7f/08.2 6291712 6292480 6293506 6292483 2715322457992 3876239221110 13752623828190 0
intel_hsw_qpi 7f/09.2 6291712 6292480 6293506 6292483 2715995488104 3876026793463 12566832405272 0
intel_hsw_qpi ff/09.2 6291712 6292480 6293506 6292483 3872879350316 2717747462786 11696613834480 0
intel_hsw_r2pci 7f/10.1 20972580 20975369 20975367 20975368 4726170528 25004470513203 26993872062446 31608886631443
intel_hsw_r2pci ff/10.1 20972580 20975369 20975367 20975368 47224138 23527146106807 26280653457096 29859347096167
mem 1 82566752 31503736 51063016 11373092 38962448 124 0 50249948 12975832 85616 37684 0 0 432944 0 0 0
mem 0 82341048 12738764 69602284 16762876 50866036 184 0 67168564 34918100 463444 110880 0 0 615428 24576 0 0
net vnet23 0 0 8311157 0 0 0 0 0 0 0 0 0 65730 0 496080415 0 0 0 0 0 0 91540 0
net enp6s0f0 0 0 0 0 0 0 0 0 0 0 0 0 0 0 6606 0 0 0 0 0 0 93 0
net vnet47 0 0 126940 0 0 0 0 0 0 0 0 0 544 0 69962 0 0 0 0 0 0 581 0
net vnet20 0 0 11513340 0 0 0 0 0 0 0 0 0 81587 0 1150528221 0 0 0 0 0 0 135970 0
net enp1s0f0 0 1333369 78054354115 0 0 0 0 371 0 0 371 0 81236472 0 1598899459 0 0 0 0 0 0 9067671 0
net lo 0 0 60797610 0 0 0 0 0 0 0 0 0 483696 0 60797610 0 0 0 0 0 0 483696 0
net vnet24 0 0 583459 0 0 0 0 0 0 0 0 0 7108 0 80669303 0 0 0 0 0 0 19795 0
net vnet38 0 0 438643 0 0 0 0 0 0 0 0 0 4173 0 64703476 0 0 0 0 0 0 8659 0
net vnet21 0 0 11160888 0 0 0 0 0 0 0 0 0 77662 0 1150520604 0 0 0 0 0 0 132844 0
net virbr0 0 1357 376613779 0 0 0 0 0 0 0 0 0 5004817 0 70467659027 0 0 0 0 0 0 7229337 0
numa 1 2585866055 18927329 1008175 29040 1605773632 998585922
numa 0 2115491661 1008175 18927329 28452 1146471348 969769253
ps - 850537946 1552167 295 314 317 1 754
sysv_shm - 0 0
tmpfs /run/lock 0 6
tmpfs /run 2228224 1149
tmpfs /run/user/20029 4096 44
tmpfs /run/qemu 0 1
tmpfs /dev/shm 75715264512 271286
vfs - 298274 123345 308160
vm - 12 31493416 1314335200 520887 2496526 4716335909 4729564307 102609139 21928526 4420418512 79160 0 0 0 0 0 2714357 0 1121522 2855 0 2498084 98 0 34 0 0

1764552021.997071 0 node12.dhkim-278716.ldos-ut-pg0.wisc.cloudlab.us
block sda 524288 408649 62971825 9467362 5565946 14811058 2628670985 239195178 0 17227756 252799702
block sdb 2615 0 7504 3511 4 0 0 0 0 4252 3512
block sdc 995 0 7996 261 4 0 0 0 0 960 262
cpu 11 3368349 2 178623 24859228 167077 0 2092
cpu 10 3504916 13 159807 24808196 111375 0 1083
cpu 13 3207931 0 136433 25171566 55937 0 309
cpu 12 3270911 2 152668 25050444 100765 0 812
cpu 15 2954820 0 143932 25392868 74407 0 589
cpu 14 2918902 1 135048 25461308 51931 0 262
cpu 17 3048728 10 140286 25310114 67807 0 404
cpu 16 3007081 0 161361 25248770 145388 0 1478
cpu 19 3028920 0 165550 25244417 122904 0 1146
cpu 18 3155560 2 143326 25216429 52579 0 369
cpu 1 3382189 12 187372 25011213 63088 0 3070
cpu 0 3352418 2 170496 24984031 64932 0 979
cpu 3 3138551 2 189339 25266024 62937 0 1824
cpu 2 3042242 1 208245 25318437 84746 0 1234
cpu 5 2931581 0 152808 25480137 91614 0 3091
cpu 4 2848699 1 178362 25449601 171190 0 7319
cpu 7 3464734 0 150426 24998689 49406 0 886
cpu 6 3235672 1 140099 25223270 61718 0 2404
cpu 9 3013573 2 129841 25466669 52105 0 487
cpu 8 3149207 81 138768 25284129 53621 0 9431
intel_hsw_cbo 1/7 20971793 20972340 20975390 20972852 17217112049325 758134393977 2564171565806 460032178583
intel_hsw_cbo 1/6 20971793 20972340 20975390 20972852 16502793088996 759526169197 2418435635429 460350201129
intel_hsw_cbo 1/0 20971793 20972340 20975390 20972852 15918444785322 757857829155 2233220453136 460182078531
intel_hsw_cbo 1/4 20971793 20972340 20975390 20972852 16236025290790 760499670180 2042043657352 460138645197
intel_hsw_cbo 1/3 20971793 20972340 20975390 20972852 18867432025981 758641459284 2840256867976 460210850199
intel_hsw_cbo 1/1 20971793 20972340 20975390 20972852 16107562866184 759527216889 2352093898299 460130211898
intel_hsw_cbo 0/8 20971793 20972340 20975390 20972852 15140213859483 703143143941 2130831331702 427898791153
intel_hsw_cbo 0/9 20971793 20972340 20975390 20972852 16781891390308 701830830986 2728138168833 427959634365
intel_hsw_cbo 0/6 20971793 20972340 20975390 20972852 16693975157304 757381895146 2244623818580 463293511311
intel_hsw_cbo 0/7 20971793 20972340 20975390 20972852 18079040798453 757233583512 2428521870365 463168067216
intel_hsw_cbo 0/4 20971793 20972340 20975390 20972852 16451895737900 758701703520 2059635568433 463332979912
intel_hsw_cbo 0/5 20971793 20972340 20975390 20972852 20096299581959 754418007364 2450043431442 463488561675
intel_hsw_cbo 0/2 20971793 20972340 20975390 20972852 16001334372910 756619288445 2012959928973 463081976812
intel_hsw_cbo 0/3 20971793 20972340 20975390 20972852 20778115334970 756469202080 2748446762237 463187246196
intel_hsw_cbo 0/0 20971793 20972340 20975390 20972852 16400698901505 756692739999 2245633687861 463629490068
intel_hsw_cbo 0/1 20971793 20972340 20975390 20972852 16811287766416 757654349593 2199599607146 463372491501
intel_hsw_cbo 1/9 20971793 20972340 20975390 20972852 16472385416917 703732920151 2889775174303 425349700800
intel_hsw_cbo 1/5 20971793 20972340 20975390 20972852 18242639323943 756274281178 2550761360607 460581472992
intel_hsw_cbo 1/8 20971793 20972340 20975390 20972852 14880588078204 704780757057 2293270217699 425386005959
intel_hsw_cbo 1/2 20971793 20972340 20975390 20972852 15599065969365 758245172557 1979085920314 460285701951
intel_hsw_hau ff/12.5 20972289 20974593 20971520 20975386 6177714435273 1750874955562 107753436871391 1754842997442
intel_hsw_hau 7f/12.1 20972289 20974593 20971520 20975386 5040269712141 1613331510023 101296606831758 1618370242558
intel_hsw_hau ff/12.1 20972289 20974593 20971520 20975386 7037661821549 2232978348687 107753436936104 2239413847049
intel_hsw_hau 7f/12.5 20972289 20974593 20971520 20975386 4725484636605 1484968729943 101296607850971 1488453739813
intel_hsw_imc ff/14.1 20972292 20974596 20974337 20971778 3074842719924 880268779108 3147611754316 1747075580277 0
intel_hsw_imc ff/14.0 20972292 20974596 20974337 20971778 3942903400176 1367607103928 3488870068330 1517162581133 0
intel_hsw_imc 7f/17.1 20972292 20974596 20974337 20971778 2356002507135 746811894247 2479044997276 1336911511320 0
intel_hsw_imc 7f/17.0 20972292 20974596 20974337 20971778 2354501330448 746750040085 2478260100078 1344473332971 0
intel_hsw_imc 7f/14.0 20972292 20974596 20974337 20971778 2670068573683 879112336354 2571373991313 1081317093257 0
intel_hsw_imc 7f/14.1 20972292 20974596 20974337 20971778 2351551495686 746716434669 2461499794032 1325664880093 0
intel_hsw_imc ff/17.0 20972292 20974596 20974337 20971778 3077576425373 880385966576 3171808778543 1772641275454 0
intel_hsw_imc ff/17.1 20972292 20974596 20974337 20971778 3078634473558 880286100429 3170393416280 1759713837048 0
intel_hsw_qpi ff/08.2 6291712 6292480 6293506 6292483 3872856845415 2718254987837 10674185127752 0
intel_hsw_qpi 7f/08.2 6291712 6292480 6293506 6292483 2715324035908 3876239456472 13752625773598 0
intel_hsw_qpi 7f/09.2 6291712 6292480 6293506 6292483 2715997070479 3876027028232 12566833983720 0
intel_hsw_qpi ff/09.2 6291712 6292480 6293506 6292483 3872879585666 2717749040769 11696614389952 0
intel_hsw_r2pci 7f/10.1 20972580 20975369 20975367 20975368 4726178752 25004478716212 26993878708215 31608894607418
intel_hsw_r2pci ff/10.1 20972580 20975369 20975367 20975368 47224286 23527150517416 26280660109036 29859354635688
mem 1 82566752 31503484 51063268 11373088 38962428 24 0 50249948 12975832 85592 37644 0 0 432944 0 0 0
mem 0 82341048 12749940 69591108 16762880 50866048 24 0 67168572 34918100 463452 110904 0 0 615428 24576 0 0
net vnet23 0 0 8311157 0 0 0 0 0 0 0 0 0 65730 0 496080415 0 0 0 0 0 0 91540 0
net enp6s0f0 0 0 0 0 0 0 0 0 0 0 0 0 0 0 6606 0 0 0 0 0 0 93 0
net vnet47 0 0 126940 0 0 0 0 0 0 0 0 0 544 0 69962 0 0 0 0 0 0 581 0
net vnet20 0 0 11513340 0 0 0 0 0 0 0 0 0 81587 0 1150528221 0 0 0 0 0 0 135970 0
net enp1s0f0 0 1333374 78054360194 0 0 0 0 371 0 0 371 0 81236565 0 1598900252 0 0 0 0 0 0 9067677 0
net lo 0 0 60798155 0 0 0 0 0 0 0 0 0 483700 0 60798155 0 0 0 0 0 0 483700 0
net vnet24 0 0 583459 0 0 0 0 0 0 0 0 0 7108 0 80669303 0 0 0 0 0 0 19795 0
net vnet38 0 0 438643 0 0 0 0 0 0 0 0 0 4173 0 64703476 0 0 0 0 0 0 8659 0
net vnet21 0 0 11160888 0 0 0 0 0 0 0 0 0 77662 0 1150520604 0 0 0 0 0 0 132844 0
net virbr0 0 1357 376613779 0 0 0 0 0 0 0 0 0 5004817 0 70467659027 0 0 0 0 0 0 7229337 0
numa 1 2585866892 18927329 1008175 29040 1605774469 998585922
numa 0 2115492641 1008175 18927329 28452 1146472328 969769253
ps - 850541981 1552178 271 308 315 2 754
sysv_shm - 0 0
tmpfs /run/lock 0 6
tmpfs /run 2228224 1149
tmpfs /run/user/20029 4096 44
tmpfs /run/qemu 0 1
tmpfs /dev/shm 75715264512 271286
vfs - 298274 123305 308160
vm - 12 31493416 1314335492 520887 2496526 4716337725 4729566134 102609139 21928526 4420420668 79160 0 0 0 0 0 2714357 0 1121522 2855 0 2498084 98 0 34 0 0

1764552023.031051 0 node12.dhkim-278716.ldos-ut-pg0.wisc.cloudlab.us
block sda 524288 408649 62971825 9467362 5565946 14811058 2628670985 239195178 0 17227756 252799702
block sdb 2615 0 7504 3511 4 0 0 0 0 4252 3512
block sdc 995 0 7996 261 4 0 0 0 0 960 262
cpu 11 3368350 2 178623 24859329 167077 0 2092
cpu 10 3504916 13 159807 24808299 111375 0 1083
cpu 13 3207931 0 136434 25171669 55937 0 309
cpu 12 3270911 2 152669 25050546 100765 0 812
cpu 15 2954820 0 143932 25392971 74407 0 589
cpu 14 2918903 1 135048 25461409 51931 0 262
cpu 17 3048728 10 140286 25310217 67807 0 404
cpu 16 3007081 0 161362 25248873 145388 0 1478
cpu 19 3028920 0 165551 25244520 122904 0 1146
cpu 18 3155560 2 143326 25216533 52579 0 369
cpu 1 3382190 12 187374 25011313 63088 0 3070
cpu 0 3352419 2 170496 24984132 64932 0 979
cpu 3 3138551 2 189339 25266126 62937 0 1824
cpu 2 3042243 1 208245 25318538 84746 0 1234
cpu 5 2931581 0 152808 25480240 91614 0 3091
cpu 4 2848702 1 178362 25449702 171190 0 7319
cpu 7 3464736 0 150426 24998789 49406 0 886
cpu 6 3235674 1 140099 25223370 61718 0 2404
cpu 9 3013573 2 129841 25466771 52105 0 487
cpu 8 3149208 81 138768 25284231 53621 0 9431
intel_hsw_cbo 1/7 20971793 20972340 20975390 20972852 17217112676711 758134595505 2564171587819 460032249522
intel_hsw_cbo 1/6 20971793 20972340 20975390 20972852 16502793773899 759526367172 2418435805682 460350271133
intel_hsw_cbo 1/0 20971793 20972340 20975390 20972852 15918445394642 757858030853 2233220621465 460182149578
intel_hsw_cbo 1/4 20971793 20972340 20975390 20972852 16236025992878 760499874574 2042043844011 460138715789
intel_hsw_cbo 1/3 20971793 20972340 20975390 20972852 18867432776031 758641660799 2840256930863 460210920376
intel_hsw_cbo 1/1 20971793 20972340 20975390 20972852 16107563470976 759527418714 2352094103039 460130281599
intel_hsw_cbo 0/8 20971793 20972340 20975390 20972852 15140216113216 703143508909 2130831484081 427898895587
intel_hsw_cbo 0/9 20971793 20972340 20975390 20972852 16781893750511 701831196180 2728138584434 427959740306
intel_hsw_cbo 0/6 20971793 20972340 20975390 20972852 16693977254511 757382292146 2244623991236 463293624044
intel_hsw_cbo 0/7 20971793 20972340 20975390 20972852 18079043354081 757233988976 2428522289743 463168181683
intel_hsw_cbo 0/4 20971793 20972340 20975390 20972852 16451897973213 758702106187 2059635758576 463333091965
intel_hsw_cbo 0/5 20971793 20972340 20975390 20972852 20096302203256 754418397966 2450043879243 463488673408
intel_hsw_cbo 0/2 20971793 20972340 20975390 20972852 16001336504900 756619687449 2012960132034 463082091644
intel_hsw_cbo 0/3 20971793 20972340 20975390 20972852 20778118143879 756469603236 2748447198657 463187359825
intel_hsw_cbo 0/0 20971793 20972340 20975390 20972852 16400701046459 756693139086 2245633953720 463629602332
intel_hsw_cbo 0/1 20971793 20972340 20975390 20972852 16811289849323 757654740229 2199599772004 463372603447
intel_hsw_cbo 1/9 20971793 20972340 20975390 20972852 16472386135333 703733105975 2889775237526 425349768122
intel_hsw_cbo 1/5 20971793 20972340 20975390 20972852 18242640035234 756274481155 2550761382954 460581544167
intel_hsw_cbo 1/8 20971793 20972340 20975390 20972852 14880588876405 704780946866 2293270425349 425386073013
intel_hsw_cbo 1/2 20971793 20972340 20975390 20972852 15599066786604 758245374784 1979086106141 460285772620
intel_hsw_hau ff/12.5 20972289 20974593 20971520 20975386 6177714787078 1750875040116 107754366623624 1754843085141
intel_hsw_hau 7f/12.1 20972289 20974593 20971520 20975386 5040271440042 1613332092439 101297514276208 1618370834910
intel_hsw_hau ff/12.1 20972289 20974593 20971520 20975386 7037662775753 2232978692918 107754366672935 2239414198533
intel_hsw_hau 7f/12.5 20972289 20974593 20971520 20975386 4725485822130 1484969142337 101297515312629 1488454154274
intel_hsw_imc ff/14.1 20972292 20974596 20974337 20971778 3074842895057 880268822808 3147611833986 1747075586431 0
intel_hsw_imc ff/14.0 20972292 20974596 20974337 20971778 3942904187877 1367607421251 3488870276722 1517162611199 0
intel_hsw_imc 7f/17.1 20972292 20974596 20974337 20971778 2356003100698 746812101424 2479045351940 1336911577712 0
intel_hsw_imc 7f/17.0 20972292 20974596 20974337 20971778 2354501940450 746750264096 2478260471873 1344473400460 0
intel_hsw_imc 7f/14.0 20972292 20974596 20974337 20971778 2670069705543 879112720756 2571374468084 1081317159493 0
intel_hsw_imc 7f/14.1 20972292 20974596 20974337 20971778 2351552113055 746716666450 2461500172608 1325664948442 0
intel_hsw_imc ff/17.0 20972292 20974596 20974337 20971778 3077576601155 880386010398 3171808858673 1772641281413 0
intel_hsw_imc ff/17.1 20972292 20974596 20974337 20971778 3078634656389 880286150893 3170393503493 1759713843288 0
intel_hsw_qpi ff/08.2 6291712 6292480 6293506 6292483 3872857062270 2718256547329 10674185460536 0
intel_hsw_qpi 7f/08.2 6291712 6292480 6293506 6292483 2715325591054 3876239673822 13752627687582 0
intel_hsw_qpi 7f/09.2 6291712 6292480 6293506 6292483 2715998629900 3876027245108 12566835543048 0
intel_hsw_qpi ff/09.2 6291712 6292480 6293506 6292483 3872879802952 2717750595941 11696614866144 0
intel_hsw_r2pci 7f/10.1 20972580 20975369 20975367 20975368 4726187168 25004486661676 26993885186727 31608902314621
intel_hsw_r2pci ff/10.1 20972580 20975369 20975367 20975368 47224532 23527154822439 26280666614933 29859362094986
mem 1 82566752 31503736 51063016 11373092 38962448 92 0 50249952 12975832 85620 37684 0 0 432944 0 0 0
mem 0 82341048 12749184 69591864 16762876 50865592 148 0 67168576 34918100 463424 110860 0 0 615428 24576 0 0
net vnet23 0 0 8311157 0 0 0 0 0 0 0 0 0 65730 0 496080467 0 0 0 0 0 0 91541 0
net enp6s0f0 0 0 0 0 0 0 0 0 0 0 0 0 0 0 6606 0 0 0 0 0 0 93 0
net vnet47 0 0 126940 0 0 0 0 0 0 0 0 0 544 0 70014 0 0 0 0 0 0 582 0
net vnet20 0 0 11513340 0 0 0 0 0 0 0 0 0 81587 0 1150528273 0 0 0 0 0 0 135971 0
net enp1s0f0 0 1333379 78054366520 0 0 0 0 371 0 0 371 0 81236658 0 1598900963 0 0 0 0 0 0 9067682 0
net lo 0 0 60798700 0 0 0 0 0 0 0 0 0 483704 0 60798700 0 0 0 0 0 0 483704 0
net vnet24 0 0 583459 0 0 0 0 0 0 0 0 0 7108 0 80669355 0 0 0 0 0 0 19796 0
net vnet38 0 0 438643 0 0 0 0 0 0 0 0 0 4173 0 64703528 0 0 0 0 0 0 8660 0
net vnet21 0 0 11160888 0 0 0 0 0 0 0 0 0 77662 0 1150520656 0 0 0 0 0 0 132845 0
net virbr0 0 1357 376613779 0 0 0 0 0 0 0 0 0 5004817 0 70467659027 0 0 0 0 0 0 7229337 0
numa 1 2585867709 18927329 1008175 29040 1605775286 998585922
numa 0 2115493647 1008175 18927329 28452 1146473334 969769253
ps - 850545888 1552189 271 308 315 1 754
sysv_shm - 0 0
tmpfs /run/lock 0 6
tmpfs /run 2228224 1149
tmpfs /run/user/20029 4096 44
tmpfs /run/qemu 0 1
tmpfs /dev/shm 75715264512 271286
vfs - 298274 123265 308160
vm - 12 31493416 1314335492 520887 2496526 4716339548 4729567949 102609139 21928526 4420422750 79160 0 0 0 0 0 2714357 0 1121522 2855 0 2498084 98 0 34 0 0

1764552024.068732 0 node12.dhkim-278716.ldos-ut-pg0.wisc.cloudlab.us
block sda 524288 408649 62971825 9467362 5566012 14811076 2628728577 239196807 15 17227972 252801421
block sdb 2615 0 7504 3511 4 0 0 0 0 4252 3512
block sdc 995 0 7996 261 4 0 0 0 0 960 262
cpu 11 3368350 2 178623 24859431 167077 0 2092
cpu 10 3504917 13 159808 24808400 111375 0 1083
cpu 13 3207931 0 136434 25171773 55937 0 309
cpu 12 3270911 2 152669 25050649 100765 0 812
cpu 15 2954820 0 143933 25393072 74410 0 589
cpu 14 2918903 1 135049 25461512 51931 0 262
cpu 17 3048728 10 140286 25310320 67807 0 404
cpu 16 3007081 0 161364 25248974 145388 0 1478
cpu 19 3028920 0 165552 25244622 122904 0 1146
cpu 18 3155560 2 143326 25216636 52579 0 369
cpu 1 3382192 12 187375 25011412 63088 0 3070
cpu 0 3352420 2 170497 24984224 64939 0 979
cpu 3 3138552 2 189340 25266214 62951 0 1824
cpu 2 3042245 1 208245 25318632 84753 0 1234
cpu 5 2931581 0 152808 25480328 91627 0 3091
cpu 4 2848703 1 178363 25449794 171201 0 7319
cpu 7 3464736 0 150426 24998883 49413 0 886
cpu 6 3235675 1 140099 25223459 61731 0 2404
cpu 9 3013573 2 129842 25466874 52105 0 487
cpu 8 3149208 81 138768 25284333 53621 0 9431
intel_hsw_cbo 1/7 20971793 20972340 20975390 20972852 17217113406345 758134808508 2564171619779 460032330483
intel_hsw_cbo 1/6 20971793 20972340 20975390 20972852 16502794489555 759526575560 2418435906062 460350351126
intel_hsw_cbo 1/0 20971793 20972340 20975390 20972852 15918446238676 757858243772 2233220848840 460182232424
intel_hsw_cbo 1/4 20971793 20972340 20975390 20972852 16236026823716 760500090579 2042044057706 460138797871
intel_hsw_cbo 1/3 20971793 20972340 20975390 20972852 18867433686312 758641871740 2840256997816 460210999894
intel_hsw_cbo 1/1 20971793 20972340 20975390 20972852 16107564128481 759527632203 2352094247869 460130364517
intel_hsw_cbo 0/8 20971793 20972340 20975390 20972852 15140218629792 703143913216 2130831790471 427899008444
intel_hsw_cbo 0/9 20971793 20972340 20975390 20972852 16781896527577 701831600172 2728138854665 427959853304
intel_hsw_cbo 0/6 20971793 20972340 20975390 20972852 16693979858550 757382730722 2244624271669 463293743846
intel_hsw_cbo 0/7 20971793 20972340 20975390 20972852 18079046245764 757234438137 2428522509097 463168302977
intel_hsw_cbo 0/4 20971793 20972340 20975390 20972852 16451900499949 758702553668 2059636150600 463333213372
intel_hsw_cbo 0/5 20971793 20972340 20975390 20972852 20096305183752 754418829109 2450044107454 463488794170
intel_hsw_cbo 0/2 20971793 20972340 20975390 20972852 16001339322742 756620128623 2012960544153 463082215333
intel_hsw_cbo 0/3 20971793 20972340 20975390 20972852 20778121393041 756470048715 2748447478313 463187479939
intel_hsw_cbo 0/0 20971793 20972340 20975390 20972852 16400703677800 756693578824 2245634416904 463629723799
intel_hsw_cbo 0/1 20971793 20972340 20975390 20972852 16811292587441 757655176808 2199600107901 463372725437
intel_hsw_cbo 1/9 20971793 20972340 20975390 20972852 16472386943539 703733302064 2889775307959 425349845481
intel_hsw_cbo 1/5 20971793 20972340 20975390 20972852 18242640780866 756274690838 2550761414125 460581625910
intel_hsw_cbo 1/8 20971793 20972340 20975390 20972852 14880589786803 704781146104 2293270556400 425386151133
intel_hsw_cbo 1/2 20971793 20972340 20975390 20972852 15599067633644 758245588517 1979086335992 460285853748
intel_hsw_hau ff/12.5 20972289 20974593 20971520 20975386 6177715175564 1750875137002 107755329318214 1754843185374
intel_hsw_hau 7f/12.1 20972289 20974593 20971520 20975386 5040273512178 1613332693521 101298465970730 1618371447644
intel_hsw_hau ff/12.1 20972289 20974593 20971520 20975386 7037663804283 2232979086070 107755329380979 2239414599097
intel_hsw_hau 7f/12.5 20972289 20974593 20971520 20975386 4725487220487 1484969566399 101298466994389 1488454580830
intel_hsw_imc ff/14.1 20972292 20974596 20974337 20971778 3074843087045 880268872660 3147611925889 1747075593944 0
intel_hsw_imc ff/14.0 20972292 20974596 20974337 20971778 3942905033289 1367607784107 3488870510396 1517162644462 0
intel_hsw_imc 7f/17.1 20972292 20974596 20974337 20971778 2356003799497 746812314642 2479045752684 1336911649114 0
intel_hsw_imc 7f/17.0 20972292 20974596 20974337 20971778 2354502657251 746750495341 2478260891460 1344473472956 0
intel_hsw_imc 7f/14.0 20972292 20974596 20974337 20971778 2670071072777 879113119641 2571375030912 1081317232518 0
intel_hsw_imc 7f/14.1 20972292 20974596 20974337 20971778 2351552837697 746716906084 2461500603065 1325665021533 0
intel_hsw_imc ff/17.0 20972292 20974596 20974337 20971778 3077576793311 880386060440 3171808950918 1772641288718 0
intel_hsw_imc ff/17.1 20972292 20974596 20974337 20971778 3078634858737 880286209679 3170393605203 1759713850824 0
intel_hsw_qpi ff/08.2 6291712 6292480 6293506 6292483 3872857342299 2718258307203 10674185857792 0
intel_hsw_qpi 7f/08.2 6291712 6292480 6293506 6292483 2715327346936 3876239954291 13752629562102 0
intel_hsw_qpi 7f/09.2 6291712 6292480 6293506 6292483 2716000389650 3876027525138 12566837084240 0
intel_hsw_qpi ff/09.2 6291712 6292480 6293506 6292483 3872880083358 2717752351889 11696615467320 0
intel_hsw_r2pci 7f/10.1 20972580 20975369 20975367 20975368 4726196098 25004496459442 26993892691912 31608911464126
intel_hsw_r2pci ff/10.1 20972580 20975369 20975367 20975368 47224684 23527159593407 26280673941240 29859370407706
mem 1 82566752 31502476 51064276 11373088 38963256 100 0 50249960 12975832 86476 37644 0 0 432944 0 0 0
mem 0 82341048 12747676 69593372 16762880 50865084 168 0 67168576 34918100 462540 110880 0 0 615436 24576 0 0
net vnet23 0 0 8311157 0 0 0 0 0 0 0 0 0 65730 0 496080467 0 0 0 0 0 0 91541 0
net enp6s0f0 0 0 0 0 0 0 0 0 0 0 0 0 0 0 6606 0 0 0 0 0 0 93 0
net vnet47 0 0 126940 0 0 0 0 0 0 0 0 0 544 0 70014 0 0 0 0 0 0 582 0
net vnet20 0 0 11513340 0 0 0 0 0 0 0 0 0 81587 0 1150528273 0 0 0 0 0 0 135971 0
net enp1s0f0 0 1333385 78054372309 0 0 0 0 371 0 0 371 0 81236742 0 1598901674 0 0 0 0 0 0 9067687 0
net lo 0 0 60799245 0 0 0 0 0 0 0 0 0 483708 0 60799245 0 0 0 0 0 0 483708 0
net vnet24 0 0 583459 0 0 0 0 0 0 0 0 0 7108 0 80669355 0 0 0 0 0 0 19796 0
net vnet38 0 0 438643 0 0 0 0 0 0 0 0 0 4173 0 64703528 0 0 0 0 0 0 8660 0
net vnet21 0 0 11160888 0 0 0 0 0 0 0 0 0 77662 0 1150520656 0 0 0 0 0 0 132845 0
net virbr0 0 1357 376613779 0 0 0 0 0 0 0 0 0 5004817 0 70467659027 0 0 0 0 0 0 7229337 0
numa 1 2585868906 18927329 1008175 29040 1605776483 998585922
numa 0 2115494555 1008175 18927329 28452 1146474242 969769253
ps - 850550439 1552217 271 308 315 1 762
sysv_shm - 0 0
tmpfs /run/lock 0 6
tmpfs /run 2228224 1149
tmpfs /run/user/20029 4096 44
tmpfs /run/qemu 0 1
tmpfs /dev/shm 75715264512 271286
vfs - 298274 123225 308160
vm - 12 31493416 1314387764 520887 2496526 4716341653 4729570037 102609140 21928526 4420424966 79160 0 0 0 0 0 2714357 0 1121522 2855 0 2498084 98 0 34 0 0

1764552025.097306 0 node12.dhkim-278716.ldos-ut-pg0.wisc.cloudlab.us
block sda 524289 408649 62971953 9467374 5566219 14811078 2629017321 239215051 48 17228976 252819678
block sdb 2615 0 7504 3511 4 0 0 0 0 4252 3512
block sdc 995 0 7996 261 4 0 0 0 0 960 262
cpu 11 3368350 2 178623 24859533 167077 0 2092
cpu 10 3504918 13 159808 24808501 111375 0 1083
cpu 13 3207931 0 136434 25171875 55937 0 309
cpu 12 3270911 2 152669 25050750 100765 0 812
cpu 15 2954820 0 143934 25393175 74410 0 589
cpu 14 2918903 1 135049 25461614 51931 0 262
cpu 17 3048728 10 140286 25310423 67807 0 404
cpu 16 3007081 0 161364 25249076 145388 0 1478
cpu 19 3028920 0 165552 25244724 122904 0 1146
cpu 18 3155560 2 143326 25216739 52579 0 369
cpu 1 3382194 12 187376 25011425 63175 0 3070
cpu 0 3352422 2 170499 24984242 65021 0 979
cpu 3 3138558 2 189340 25266250 63012 0 1824
cpu 2 3042246 1 208246 25318655 84831 0 1234
cpu 5 2931581 0 152810 25480364 91692 0 3091
cpu 4 2848704 1 178363 25449826 171269 0 7319
cpu 7 3464736 0 150428 24998887 49507 0 886
cpu 6 3235677 1 140101 25223491 61797 0 2404
cpu 9 3013574 2 129842 25466975 52105 0 487
cpu 8 3149208 81 138768 25284435 53621 0 9431
intel_hsw_cbo 1/7 20971793 20972340 20975390 20972852 17217114056139 758135003174 2564171646075 460032401059
intel_hsw_cbo 1/6 20971793 20972340 20975390 20972852 16502795138301 759526765928 2418435977206 460350421867
intel_hsw_cbo 1/0 20971793 20972340 20975390 20972852 15918446964846 757858439006 2233221155438 460182303373
intel_hsw_cbo 1/4 20971793 20972340 20975390 20972852 16236027494551 760500288215 2042044355973 460138867861
intel_hsw_cbo 1/3 20971793 20972340 20975390 20972852 18867434431005 758642064922 2840257062141 460211070855
intel_hsw_cbo 1/1 20971793 20972340 20975390 20972852 16107564769017 759527827622 2352094339877 460130433824
intel_hsw_cbo 0/8 20971793 20972340 20975390 20972852 15140222101931 703144373229 2130832031085 427899164482
intel_hsw_cbo 0/9 20971793 20972340 20975390 20972852 16781900214468 701832061002 2728139531064 427960008962
intel_hsw_cbo 0/6 20971793 20972340 20975390 20972852 16693983298511 757383234658 2244624580921 463293911584
intel_hsw_cbo 0/7 20971793 20972340 20975390 20972852 18079050115337 757234954016 2428523201102 463168470033
intel_hsw_cbo 0/4 20971793 20972340 20975390 20972852 16451903864349 758703065554 2059636449272 463333381294
intel_hsw_cbo 0/5 20971793 20972340 20975390 20972852 20096309249510 754419325197 2450044878696 463488962914
intel_hsw_cbo 0/2 20971793 20972340 20975390 20972852 16001342827407 756620631391 2012960833550 463082388199
intel_hsw_cbo 0/3 20971793 20972340 20975390 20972852 20778125800888 756470561615 2748448261686 463187647505
intel_hsw_cbo 0/0 20971793 20972340 20975390 20972852 16400707106407 756694083233 2245634785228 463629892228
intel_hsw_cbo 0/1 20971793 20972340 20975390 20972852 16811296150135 757655678846 2199600355886 463372893421
intel_hsw_cbo 1/9 20971793 20972340 20975390 20972852 16472387702081 703733482380 2889775374484 425349911977
intel_hsw_cbo 1/5 20971793 20972340 20975390 20972852 18242641484564 756274883308 2550761440222 460581696804
intel_hsw_cbo 1/8 20971793 20972340 20975390 20972852 14880590614297 704781329608 2293270630967 425386217566
intel_hsw_cbo 1/2 20971793 20972340 20975390 20972852 15599068367828 758245784646 1979086636178 460285923944
intel_hsw_hau ff/12.5 20972289 20974593 20971520 20975386 6177715560074 1750875234065 107756394838865 1754843286083
intel_hsw_hau 7f/12.1 20972289 20974593 20971520 20975386 5040276988308 1613333516849 101299531229869 1618372281970
intel_hsw_hau ff/12.1 20972289 20974593 20971520 20975386 7037664838337 2232979460944 107756394903180 2239414981156
intel_hsw_hau 7f/12.5 20972289 20974593 20971520 20975386 4725489510632 1484970117044 101299532250548 1488455134097
intel_hsw_imc ff/14.1 20972292 20974596 20974337 20971778 3074843277861 880268922820 3147612017412 1747075601456 0
intel_hsw_imc ff/14.0 20972292 20974596 20974337 20971778 3942905883730 1367608127152 3488870751153 1517162678616 0
intel_hsw_imc 7f/17.1 20972292 20974596 20974337 20971778 2356004959177 746812600494 2479046382879 1336911750263 0
intel_hsw_imc 7f/17.0 20972292 20974596 20974337 20971778 2354503839413 746750805498 2478261547659 1344473575966 0
intel_hsw_imc 7f/14.0 20972292 20974596 20974337 20971778 2670073426263 879113696027 2571376001343 1081317358777 0
intel_hsw_imc 7f/14.1 20972292 20974596 20974337 20971778 2351554031043 746717227315 2461501281792 1325665124989 0
intel_hsw_imc ff/17.0 20972292 20974596 20974337 20971778 3077576984608 880386110673 3171809042398 1772641296110 0
intel_hsw_imc ff/17.1 20972292 20974596 20974337 20971778 3078635057445 880286267245 3170393704379 1759713858627 0
intel_hsw_qpi ff/08.2 6291712 6292480 6293506 6292483 3872857613791 2718261349217 10674186251960 0
intel_hsw_qpi 7f/08.2 6291712 6292480 6293506 6292483 2715330385214 3876240226504 13752631500798 0
intel_hsw_qpi 7f/09.2 6291712 6292480 6293506 6292483 2716003431549 3876027796641 12566838676208 0
intel_hsw_qpi ff/09.2 6291712 6292480 6293506 6292483 3872880355556 2717755390198 11696616025952 0
intel_hsw_r2pci 7f/10.1 20972580 20975369 20975367 20975368 4726206472 25004510514343 26993901791678 31608924003340
intel_hsw_r2pci ff/10.1 20972580 20975369 20975367 20975368 47224836 23527163873594 26280684583002 29859381626091
mem 1 82566752 31503232 51063520 11373100 38962492 124 0 50249976 12975832 85688 37680 0 0 432944 0 0 0
mem 0 82341048 12746164 69594884 16762876 50866084 196 0 67168576 34918100 463736 110996 0 0 615484 24576 0 0
net vnet23 0 0 8311157 0 0 0 0 0 0 0 0 0 65730 0 496080519 0 0 0 0 0 0 91542 0
net enp6s0f0 0 0 0 0 0 0 0 0 0 0 0 0 0 0 6606 0 0 0 0 0 0 93 0
net vnet47 0 0 126940 0 0 0 0 0 0 0 0 0 544 0 70066 0 0 0 0 0 0 583 0
net vnet20 0 0 11513340 0 0 0 0 0 0 0 0 0 81587 0 1150528325 0 0 0 0 0 0 135972 0
net enp1s0f0 0 1333389 78054377886 0 0 0 0 371 0 0 371 0 81236827 0 1598902451 0 0 0 0 0 0 9067693 0
net lo 0 0 60799790 0 0 0 0 0 0 0 0 0 483712 0 60799790 0 0 0 0 0 0 483712 0
net vnet24 0 0 583459 0 0 0 0 0 0 0 0 0 7108 0 80669407 0 0 0 0 0 0 19797 0
net vnet38 0 0 438643 0 0 0 0 0 0 0 0 0 4173 0 64703580 0 0 0 0 0 0 8661 0
net vnet21 0 0 11160888 0 0 0 0 0 0 0 0 0 77662 0 1150520708 0 0 0 0 0 0 132846 0
net virbr0 0 1357 376613779 0 0 0 0 0 0 0 0 0 5004817 0 70467659027 0 0 0 0 0 0 7229337 0
numa 1 2585869634 18927329 1008175 29040 1605777211 998585922
numa 0 2115496343 1008175 18927329 28452 1146476030 969769253
ps - 850555596 1552271 271 308 315 1 805
sysv_shm - 0 0
tmpfs /run/lock 0 6
tmpfs /run 2228224 1149
tmpfs /run/user/20029 4096 44
tmpfs /run/qemu 0 1
tmpfs /dev/shm 75715264512 271286
vfs - 298274 123265 308160
vm - 12 31493480 1314546016 520887 2496526 4716344169 4729572245 102609143 21928526 4420427149 79160 0 0 0 0 0 2714357 0 1121522 2855 0 2498084 98 0 34 0 0

1764552026.129978 0 node12.dhkim-278716.ldos-ut-pg0.wisc.cloudlab.us
block sda 524290 408649 62971961 9467436 5566309 14811078 2629133633 239230127 0 17229444 252834816
block sdb 2615 0 7504 3511 4 0 0 0 0 4252 3512
block sdc 995 0 7996 261 4 0 0 0 0 960 262
cpu 11 3368350 2 178624 24859628 167083 0 2092
cpu 10 3504918 13 159808 24808602 111375 0 1083
cpu 13 3207931 0 136434 25171978 55937 0 309
cpu 12 3270911 2 152669 25050853 100765 0 812
cpu 15 2954821 0 143934 25393277 74410 0 589
cpu 14 2918903 1 135050 25461716 51931 0 262
cpu 17 3048728 10 140286 25310526 67807 0 404
cpu 16 3007081 0 161365 25249179 145388 0 1478
cpu 19 3028920 0 165553 25244826 122904 0 1146
cpu 18 3155560 2 143326 25216841 52579 0 369
cpu 1 3382195 12 187376 25011486 63215 0 3070
cpu 0 3352422 2 170499 24984301 65063 0 979
cpu 3 3138559 2 189341 25266350 63013 0 1824
cpu 2 3042247 1 208246 25318717 84869 0 1234
cpu 5 2931583 0 152810 25480449 91706 0 3092
cpu 4 2848704 1 178363 25449883 171314 0 7319
cpu 7 3464739 0 150430 24998953 49539 0 886
cpu 6 3235678 1 140102 25223572 61816 0 2404
cpu 9 3013574 2 129842 25467077 52105 0 487
cpu 8 3149209 81 138768 25284537 53621 0 9431
intel_hsw_cbo 1/7 20971793 20972340 20975390 20972852 17217114731237 758135204990 2564171663907 460032470340
intel_hsw_cbo 1/6 20971793 20972340 20975390 20972852 16502795725111 759526963027 2418436039769 460350491132
intel_hsw_cbo 1/0 20971793 20972340 20975390 20972852 15918447695950 757858639949 2233221456067 460182373412
intel_hsw_cbo 1/4 20971793 20972340 20975390 20972852 16236028163348 760500491692 2042044619598 460138937675
intel_hsw_cbo 1/3 20971793 20972340 20975390 20972852 18867435135356 758642265533 2840257117543 460211139835
intel_hsw_cbo 1/1 20971793 20972340 20975390 20972852 16107565368864 759528028913 2352094460501 460130502717
intel_hsw_cbo 0/8 20971793 20972340 20975390 20972852 15140224897613 703144784845 2130832296811 427899286635
intel_hsw_cbo 0/9 20971793 20972340 20975390 20972852 16781903137619 701832471722 2728140063996 427960130440
intel_hsw_cbo 0/6 20971793 20972340 20975390 20972852 16693985993199 757383682057 2244624879904 463294040673
intel_hsw_cbo 0/7 20971793 20972340 20975390 20972852 18079053279541 757235411823 2428523748913 463168600346
intel_hsw_cbo 0/4 20971793 20972340 20975390 20972852 16451906561171 758703520853 2059636539608 463333510635
intel_hsw_cbo 0/5 20971793 20972340 20975390 20972852 20096312533656 754419765072 2450045483277 463489091517
intel_hsw_cbo 0/2 20971793 20972340 20975390 20972852 16001345653419 756621080693 2012960915241 463082521182
intel_hsw_cbo 0/3 20971793 20972340 20975390 20972852 20778129263215 756471015291 2748448856196 463187776765
intel_hsw_cbo 0/0 20971793 20972340 20975390 20972852 16400709771000 756694531705 2245634948685 463630021778
intel_hsw_cbo 0/1 20971793 20972340 20975390 20972852 16811299147596 757656125285 2199600627328 463373023215
intel_hsw_cbo 1/9 20971793 20972340 20975390 20972852 16472388402065 703733668234 2889775429723 425349978153
intel_hsw_cbo 1/5 20971793 20972340 20975390 20972852 18242642168050 756275082284 2550761458348 460581766565
intel_hsw_cbo 1/8 20971793 20972340 20975390 20972852 14880591342511 704781518206 2293270723780 425386283568
intel_hsw_cbo 1/2 20971793 20972340 20975390 20972852 15599069131026 758245986426 1979086928787 460285993341
intel_hsw_hau ff/12.5 20972289 20974593 20971520 20975386 6177715924805 1750875321323 107757409941577 1754843376654
intel_hsw_hau 7f/12.1 20972289 20974593 20971520 20975386 5040279432612 1613334188796 101300534263297 1618372966009
intel_hsw_hau ff/12.1 20972289 20974593 20971520 20975386 7037665905043 2232979810735 107757410006398 2239415338058
intel_hsw_hau 7f/12.5 20972289 20974593 20971520 20975386 4725491083030 1484970576118 101300535284114 1488455596393
intel_hsw_imc ff/14.1 20972292 20974596 20974337 20971778 3074843459042 880268967900 3147612100484 1747075607939 0
intel_hsw_imc ff/14.0 20972292 20974596 20974337 20971778 3942906777159 1367608449157 3488870972190 1517162711821 0
intel_hsw_imc 7f/17.1 20972292 20974596 20974337 20971778 2356005749435 746812824339 2479046824196 1336911822518 0
intel_hsw_imc 7f/17.0 20972292 20974596 20974337 20971778 2354504648470 746751049799 2478262009152 1344473648818 0
intel_hsw_imc 7f/14.0 20972292 20974596 20974337 20971778 2670075081054 879114132259 2571376649107 1081317436592 0
intel_hsw_imc 7f/14.1 20972292 20974596 20974337 20971778 2351554849803 746717481352 2461501756659 1325665198717 0
intel_hsw_imc ff/17.0 20972292 20974596 20974337 20971778 3077577165840 880386155919 3171809125432 1772641302571 0
intel_hsw_imc ff/17.1 20972292 20974596 20974337 20971778 3078635246959 880286319830 3170393795352 1759713865174 0
intel_hsw_qpi ff/08.2 6291712 6292480 6293506 6292483 3872857851116 2718263451911 10674186607632 0
intel_hsw_qpi 7f/08.2 6291712 6292480 6293506 6292483 2715332484757 3876240464239 13752633548318 0
intel_hsw_qpi 7f/09.2 6291712 6292480 6293506 6292483 2716005534113 3876028033975 12566840352864 0
intel_hsw_qpi ff/09.2 6291712 6292480 6293506 6292483 3872880593284 2717757489841 11696616546056 0
intel_hsw_r2pci 7f/10.1 20972580 20975369 20975367 20975368 4726215520 25004521070645 26993909239580 31608933417277
intel_hsw_r2pci ff/10.1 20972580 20975369 20975367 20975368 47224996 23527167855129 26280692066337 29859390259636
mem 1 82566752 31503736 51063016 11373096 38962496 128 0 50249980 12975832 85676 37696 0 0 432944 0 0 0
mem 0 82341048 12757088 69583960 16762880 50864976 224 0 67168580 34918100 462556 111044 0 0 615556 24576 0 0
net vnet23 0 0 8311157 0 0 0 0 0 0 0 0 0 65730 0 496080519 0 0 0 0 0 0 91542 0
net enp6s0f0 0 0 0 0 0 0 0 0 0 0 0 0 0 0 6606 0 0 0 0 0 0 93 0
net vnet47 0 0 126940 0 0 0 0 0 0 0 0 0 544 0 70066 0 0 0 0 0 0 583 0
net vnet20 0 0 11513340 0 0 0 0 0 0 0 0 0 81587 0 1150528325 0 0 0 0 0 0 135972 0
net enp1s0f0 0 1333395 78054384255 0 0 0 0 371 0 0 371 0 81236919 0 1598903310 0 0 0 0 0 0 9067700 0
net lo 0 0 60800335 0 0 0 0 0 0 0 0 0 483716 0 60800335 0 0 0 0 0 0 483716 0
net vnet24 0 0 583459 0 0 0 0 0 0 0 0 0 7108 0 80669407 0 0 0 0 0 0 19797 0
net vnet38 0 0 438643 0 0 0 0 0 0 0 0 0 4173 0 64703580 0 0 0 0 0 0 8661 0
net vnet21 0 0 11160888 0 0 0 0 0 0 0 0 0 77662 0 1150520708 0 0 0 0 0 0 132846 0
net virbr0 0 1357 376613779 0 0 0 0 0 0 0 0 0 5004817 0 70467659027 0 0 0 0 0 0 7229337 0
numa 1 2585870332 18927329 1008175 29040 1605777909 998585922
numa 0 2115497611 1008175 18927329 28452 1146477298 969769253
ps - 850560011 1552282 271 308 315 1 804
sysv_shm - 0 0
tmpfs /run/lock 0 6
tmpfs /run 2228224 1149
tmpfs /run/user/20029 4096 44
tmpfs /run/qemu 0 1
tmpfs /dev/shm 75715264512 271286
vfs - 298271 123305 308154
vm - 12 31493484 1314566816 520887 2496526 4716346135 4729574649 102609143 21928526 4420429230 79160 0 0 0 0 0 2714357 0 1121522 2855 0 2498084 98 0 34 0 0

1764552027.163909 0 node12.dhkim-278716.ldos-ut-pg0.wisc.cloudlab.us
block sda 524290 408649 62971961 9467436 5566310 14811078 2629133641 239230128 30 17229448 252834816
block sdb 2615 0 7504 3511 4 0 0 0 0 4252 3512
block sdc 995 0 7996 261 4 0 0 0 0 960 262
cpu 11 3368350 2 178624 24859731 167083 0 2092
cpu 10 3504919 13 159808 24808703 111375 0 1083
cpu 13 3207932 0 136434 25172081 55937 0 309
cpu 12 3270911 2 152669 25050955 100765 0 812
cpu 15 2954822 0 143935 25393380 74410 0 589
cpu 14 2918903 1 135050 25461819 51931 0 262
cpu 17 3048728 10 140286 25310629 67807 0 404
cpu 16 3007081 0 161365 25249282 145388 0 1478
cpu 19 3028920 0 165553 25244929 122904 0 1146
cpu 18 3155560 2 143327 25216943 52579 0 369
cpu 1 3382195 12 187376 25011587 63215 0 3070
cpu 0 3352423 2 170500 24984401 65063 0 979
cpu 3 3138560 2 189341 25266451 63013 0 1824
cpu 2 3042249 1 208248 25318819 84869 0 1234
cpu 5 2931585 0 152812 25480549 91706 0 3092
cpu 4 2848705 1 178365 25449985 171314 0 7319
cpu 7 3464740 0 150431 24999052 49539 0 886
cpu 6 3235678 1 140102 25223671 61816 0 2404
cpu 9 3013574 2 129842 25467180 52105 0 487
cpu 8 3149209 81 138768 25284639 53621 0 9431
intel_hsw_cbo 1/7 20971793 20972340 20975390 20972852 17217115439132 758135402070 2564171780416 460032537798
intel_hsw_cbo 1/6 20971793 20972340 20975390 20972852 16502796386402 759527156453 2418436123356 460350559216
intel_hsw_cbo 1/0 20971793 20972340 20975390 20972852 15918448481060 757858836955 2233221704811 460182442564
intel_hsw_cbo 1/4 20971793 20972340 20975390 20972852 16236028834315 760500690277 2042044802904 460139006463
intel_hsw_cbo 1/3 20971793 20972340 20975390 20972852 18867435885576 758642462401 2840257240691 460211207561
intel_hsw_cbo 1/1 20971793 20972340 20975390 20972852 16107566000087 759528226702 2352094583263 460130571017
intel_hsw_cbo 0/8 20971793 20972340 20975390 20972852 15140227007823 703145162261 2130832509993 427899394277
intel_hsw_cbo 0/9 20971793 20972340 20975390 20972852 16781905344628 701832849942 2728140471906 427960238696
intel_hsw_cbo 0/6 20971793 20972340 20975390 20972852 16693988063388 757384089910 2244625122590 463294155486
intel_hsw_cbo 0/7 20971793 20972340 20975390 20972852 18079055637549 757235828042 2428524176574 463168716356
intel_hsw_cbo 0/4 20971793 20972340 20975390 20972852 16451908705687 758703935526 2059636611916 463333625034
intel_hsw_cbo 0/5 20971793 20972340 20975390 20972852 20096315012215 754420166216 2450045962514 463489204244
intel_hsw_cbo 0/2 20971793 20972340 20975390 20972852 16001347844528 756621491451 2012960977637 463082638321
intel_hsw_cbo 0/3 20971793 20972340 20975390 20972852 20778131987336 756471428465 2748449334463 463187891307
intel_hsw_cbo 0/0 20971793 20972340 20975390 20972852 16400711976380 756694942157 2245635076118 463630136570
intel_hsw_cbo 0/1 20971793 20972340 20975390 20972852 16811301621435 757656532352 2199600844434 463373138319
intel_hsw_cbo 1/9 20971793 20972340 20975390 20972852 16472389155079 703733849696 2889775565692 425350042556
intel_hsw_cbo 1/5 20971793 20972340 20975390 20972852 18242642920774 756275277147 2550761564262 460581835386
intel_hsw_cbo 1/8 20971793 20972340 20975390 20972852 14880592004867 704781702010 2293270824593 425386347854
intel_hsw_cbo 1/2 20971793 20972340 20975390 20972852 15599069812583 758246183921 1979087137791 460286061524
intel_hsw_hau ff/12.5 20972289 20974593 20971520 20975386 6177716266906 1750875405743 107758343199057 1754843464474
intel_hsw_hau 7f/12.1 20972289 20974593 20971520 20975386 5040281150742 1613334769972 101301452522260 1618373557946
intel_hsw_hau ff/12.1 20972289 20974593 20971520 20975386 7037666841616 2232980152388 107758343252364 2239415686960
intel_hsw_hau 7f/12.5 20972289 20974593 20971520 20975386 4725492273169 1484970985485 101301453553259 1488456008928
intel_hsw_imc ff/14.1 20972292 20974596 20974337 20971778 3074843628199 880269011377 3147612176178 1747075613910 0
intel_hsw_imc ff/14.0 20972292 20974596 20974337 20971778 3942907551684 1367608763122 3488871173217 1517162740605 0
intel_hsw_imc 7f/17.1 20972292 20974596 20974337 20971778 2356006329087 746813028870 2479047175160 1336911887897 0
intel_hsw_imc 7f/17.0 20972292 20974596 20974337 20971778 2354505244899 746751272207 2478262378326 1344473715264 0
intel_hsw_imc 7f/14.0 20972292 20974596 20974337 20971778 2670076171644 879114514570 2571377120811 1081317500696 0
intel_hsw_imc 7f/14.1 20972292 20974596 20974337 20971778 2351555455369 746717711918 2461502133800 1325665266222 0
intel_hsw_imc ff/17.0 20972292 20974596 20974337 20971778 3077577336233 880386199743 3171809201862 1772641308428 0
intel_hsw_imc ff/17.1 20972292 20974596 20974337 20971778 3078635424150 880286370203 3170393878784 1759713871291 0
intel_hsw_qpi ff/08.2 6291712 6292480 6293506 6292483 3872858071838 2718264970343 10674186943064 0
intel_hsw_qpi 7f/08.2 6291712 6292480 6293506 6292483 2715334000063 3876240684541 13752635369982 0
intel_hsw_qpi 7f/09.2 6291712 6292480 6293506 6292483 2716007052508 3876028254701 12566841832920 0
intel_hsw_qpi ff/09.2 6291712 6292480 6293506 6292483 3872880813576 2717759005170 11696617026872 0
intel_hsw_r2pci 7f/10.1 20972580 20975369 20975367 20975368 4726223508 25004528799431 26993915381669 31608940905106
intel_hsw_r2pci ff/10.1 20972580 20975369 20975367 20975368 47225144 23527171181507 26280697943817 29859396809618
mem 1 82566752 31503484 51063268 11373096 38962456 104 28 50249980 12975796 85672 37688 0 0 432920 0 0 0
mem 0 82341048 12755828 69585220 16762876 50864736 140 112 67168588 34918100 462176 110984 0 0 615508 24576 0 0
net vnet23 0 0 8311157 0 0 0 0 0 0 0 0 0 65730 0 496080571 0 0 0 0 0 0 91543 0
net enp6s0f0 0 0 0 0 0 0 0 0 0 0 0 0 0 0 6606 0 0 0 0 0 0 93 0
net vnet47 0 0 126940 0 0 0 0 0 0 0 0 0 544 0 70118 0 0 0 0 0 0 584 0
net vnet20 0 0 11513340 0 0 0 0 0 0 0 0 0 81587 0 1150528377 0 0 0 0 0 0 135973 0
net enp1s0f0 0 1333400 78054390072 0 0 0 0 371 0 0 371 0 81237008 0 1598904153 0 0 0 0 0 0 9067707 0
net lo 0 0 60800880 0 0 0 0 0 0 0 0 0 483720 0 60800880 0 0 0 0 0 0 483720 0
net vnet24 0 0 583459 0 0 0 0 0 0 0 0 0 7108 0 80669459 0 0 0 0 0 0 19798 0
net vnet38 0 0 438643 0 0 0 0 0 0 0 0 0 4173 0 64703632 0 0 0 0 0 0 8662 0
net vnet21 0 0 11160888 0 0 0 0 0 0 0 0 0 77662 0 1150520760 0 0 0 0 0 0 132847 0
net virbr0 0 1357 376613779 0 0 0 0 0 0 0 0 0 5004817 0 70467659027 0 0 0 0 0 0 7229337 0
numa 1 2585871040 18927329 1008175 29040 1605778617 998585922
numa 0 2115498745 1008175 18927329 28452 1146478432 969769253
ps - 850563931 1552293 250 303 313 1 804
sysv_shm - 0 0
tmpfs /run/lock 0 6
tmpfs /run 2228224 1149
tmpfs /run/user/20029 4096 44
tmpfs /run/qemu 0 1
tmpfs /dev/shm 75715264512 271286
vfs - 298271 123305 308154
vm - 12 31493484 1314567132 520887 2496526 4716347977 4729576487 102609143 21928526 4420431317 79160 0 0 0 0 0 2714357 0 1121522 2855 0 2498084 98 0 34 0 0

1764552028.199246 0 node12.dhkim-278716.ldos-ut-pg0.wisc.cloudlab.us
block sda 524290 408649 62971961 9467436 5566383 14811078 2629134265 239232057 0 17229528 252836746
block sdb 2615 0 7504 3511 4 0 0 0 0 4252 3512
block sdc 995 0 7996 261 4 0 0 0 0 960 262
cpu 11 3368350 2 178624 24859834 167083 0 2092
cpu 10 3504919 13 159809 24808804 111375 0 1083
cpu 13 3207932 0 136436 25172183 55937 0 309
cpu 12 3270911 2 152669 25051059 100765 0 812
cpu 15 2954822 0 143935 25393483 74410 0 589
cpu 14 2918903 1 135051 25461922 51931 0 262
cpu 17 3048729 10 140286 25310732 67807 0 404
cpu 16 3007081 0 161365 25249385 145388 0 1478
cpu 19 3028921 0 165554 25245032 122904 0 1146
cpu 18 3155560 2 143327 25217045 52579 0 369
cpu 1 3382196 12 187376 25011689 63215 0 3070
cpu 0 3352423 2 170500 24984504 65063 0 979
cpu 3 3138561 2 189341 25266553 63013 0 1824
cpu 2 3042250 1 208250 25318919 84869 0 1234
cpu 5 2931585 0 152812 25480650 91706 0 3092
cpu 4 2848706 1 178366 25450085 171314 0 7319
cpu 7 3464743 0 150432 24999150 49539 0 886
cpu 6 3235679 1 140102 25223771 61816 0 2404
cpu 9 3013574 2 129842 25467283 52105 0 487
cpu 8 3149210 81 138768 25284740 53622 0 9431
intel_hsw_cbo 1/7 20971793 20972340 20975390 20972852 17217116224617 758135608500 2564171898233 460032612435
intel_hsw_cbo 1/6 20971793 20972340 20975390 20972852 16502797178391 759527359125 2418436261249 460350633834
intel_hsw_cbo 1/0 20971793 20972340 20975390 20972852 15918449266561 757859044107 2233221931179 460182518259
intel_hsw_cbo 1/4 20971793 20972340 20975390 20972852 16236029504984 760500898193 2042044986078 460139081468
intel_hsw_cbo 1/3 20971793 20972340 20975390 20972852 18867436610497 758642668049 2840257367257 460211281556
intel_hsw_cbo 1/1 20971793 20972340 20975390 20972852 16107566655747 759528433333 2352094738544 460130645579
intel_hsw_cbo 0/8 20971793 20972340 20975390 20972852 15140229491397 703145546325 2130832668158 427899502226
intel_hsw_cbo 0/9 20971793 20972340 20975390 20972852 16781907763934 701833235686 2728141255548 427960348193
intel_hsw_cbo 0/6 20971793 20972340 20975390 20972852 16693990341665 757384506140 2244625365543 463294271876
intel_hsw_cbo 0/7 20971793 20972340 20975390 20972852 18079058252674 757236253222 2428525033877 463168834556
intel_hsw_cbo 0/4 20971793 20972340 20975390 20972852 16451910800749 758704356930 2059636679407 463333740358
intel_hsw_cbo 0/5 20971793 20972340 20975390 20972852 20096317816462 754420574528 2450046899347 463489318246
intel_hsw_cbo 0/2 20971793 20972340 20975390 20972852 16001350081596 756621909500 2012961033868 463082757792
intel_hsw_cbo 0/3 20971793 20972340 20975390 20972852 20778134952911 756471850437 2748450223674 463188007999
intel_hsw_cbo 0/0 20971793 20972340 20975390 20972852 16400714171776 756695360718 2245635241372 463630252291
intel_hsw_cbo 0/1 20971793 20972340 20975390 20972852 16811304057854 757656943422 2199600992962 463373254218
intel_hsw_cbo 1/9 20971793 20972340 20975390 20972852 16472389991025 703734039869 2889775706665 425350113393
intel_hsw_cbo 1/5 20971793 20972340 20975390 20972852 18242643682049 756275481385 2550761670352 460581911010
intel_hsw_cbo 1/8 20971793 20972340 20975390 20972852 14880592772858 704781894873 2293270967491 425386418632
intel_hsw_cbo 1/2 20971793 20972340 20975390 20972852 15599070563867 758246390269 1979087336041 460286136271
intel_hsw_hau ff/12.5 20972289 20974593 20971520 20975386 6177716624847 1750875504890 107759256945527 1754843567264
intel_hsw_hau 7f/12.1 20972289 20974593 20971520 20975386 5040282859604 1613335355232 101302348297165 1618374153215
intel_hsw_hau ff/12.1 20972289 20974593 20971520 20975386 7037667814006 2232980521005 107759257005614 2239416063145
intel_hsw_hau 7f/12.5 20972289 20974593 20971520 20975386 4725493466978 1484971399458 101302349321028 1488456425156
intel_hsw_imc ff/14.1 20972292 20974596 20974337 20971778 3074843805319 880269062439 3147612259569 1747075620481 0
intel_hsw_imc ff/14.0 20972292 20974596 20974337 20971778 3942908353848 1367609097402 3488871389272 1517162771851 0
intel_hsw_imc 7f/17.1 20972292 20974596 20974337 20971778 2356006926147 746813236663 2479047541498 1336911955311 0
intel_hsw_imc 7f/17.0 20972292 20974596 20974337 20971778 2354505858948 746751497755 2478262762526 1344473783650 0
intel_hsw_imc 7f/14.0 20972292 20974596 20974337 20971778 2670077278416 879114900707 2571377603836 1081317566270 0
intel_hsw_imc 7f/14.1 20972292 20974596 20974337 20971778 2351556077158 746717945575 2461502523205 1325665335785 0
intel_hsw_imc ff/17.0 20972292 20974596 20974337 20971778 3077577514262 880386251169 3171809285796 1772641314947 0
intel_hsw_imc ff/17.1 20972292 20974596 20974337 20971778 3078635609184 880286428064 3170393969737 1759713878013 0
intel_hsw_qpi ff/08.2 6291712 6292480 6293506 6292483 3872858298148 2718266513106 10674187283680 0
intel_hsw_qpi 7f/08.2 6291712 6292480 6293506 6292483 2715335537835 3876240910854 13752637221854 0
intel_hsw_qpi 7f/09.2 6291712 6292480 6293506 6292483 2716008595118 3876028481023 12566843338240 0
intel_hsw_qpi ff/09.2 6291712 6292480 6293506 6292483 3872881039871 2717760542971 11696617510912 0
intel_hsw_r2pci 7f/10.1 20972580 20975369 20975367 20975368 4726232308 25004536497895 26993921892297 31608948331357
intel_hsw_r2pci ff/10.1 20972580 20975369 20975367 20975368 47225384 23527174806980 26280704030501 29859403597358
mem 1 82566752 31502980 51063772 11373096 38962488 104 0 50249980 12975820 85680 37712 0 0 432920 0 0 0
mem 0 82341048 12755324 69585724 16762876 50864736 144 0 67168596 34918132 462168 110996 0 0 615572 24576 0 0
net vnet23 0 0 8311157 0 0 0 0 0 0 0 0 0 65730 0 496080571 0 0 0 0 0 0 91543 0
net enp6s0f0 0 0 0 0 0 0 0 0 0 0 0 0 0 0 6606 0 0 0 0 0 0 93 0
net vnet47 0 0 126940 0 0 0 0 0 0 0 0 0 544 0 70118 0 0 0 0 0 0 584 0
net vnet20 0 0 11513340 0 0 0 0 0 0 0 0 0 81587 0 1150528377 0 0 0 0 0 0 135973 0
net enp1s0f0 0 1333405 78054396495 0 0 0 0 371 0 0 371 0 81237105 0 1598904930 0 0 0 0 0 0 9067713 0
net lo 0 0 60801425 0 0 0 0 0 0 0 0 0 483724 0 60801425 0 0 0 0 0 0 483724 0
net vnet24 0 0 583459 0 0 0 0 0 0 0 0 0 7108 0 80669459 0 0 0 0 0 0 19798 0
net vnet38 0 0 438643 0 0 0 0 0 0 0 0 0 4173 0 64703632 0 0 0 0 0 0 8662 0
net vnet21 0 0 11160888 0 0 0 0 0 0 0 0 0 77662 0 1150520760 0 0 0 0 0 0 132847 0
net virbr0 0 1357 376613779 0 0 0 0 0 0 0 0 0 5004817 0 70467659027 0 0 0 0 0 0 7229337 0
numa 1 2585871838 18927329 1008175 29040 1605779415 998585922
numa 0 2115499781 1008175 18927329 28452 1146479468 969769253
ps - 850567984 1552304 250 303 313 1 804
sysv_shm - 0 0
tmpfs /run/lock 0 6
tmpfs /run 2228224 1149
tmpfs /run/user/20029 4096 44
tmpfs /run/qemu 0 1
tmpfs /dev/shm 75715264512 271286
vfs - 298271 123265 308154
vm - 12 31493484 1314567132 520887 2496526 4716349811 4729578304 102609144 21928526 4420433492 79160 0 0 0 0 0 2714357 0 1121522 2855 0 2498084 98 0 34 0 0

1764552029.234687 0 node12.dhkim-278716.ldos-ut-pg0.wisc.cloudlab.us
block sda 524290 408649 62971961 9467436 5566404 14811092 2629134545 239232181 0 17229584 252836893
block sdb 2615 0 7504 3511 4 0 0 0 0 4252 3512
block sdc 995 0 7996 261 4 0 0 0 0 960 262
cpu 11 3368350 2 178626 24859935 167083 0 2092
cpu 10 3504920 13 159809 24808906 111376 0 1083
cpu 13 3207934 0 136437 25172285 55937 0 309
cpu 12 3270911 2 152670 25051161 100765 0 812
cpu 15 2954822 0 143936 25393583 74413 0 589
cpu 14 2918908 1 135054 25462018 51931 0 262
cpu 17 3048732 10 140287 25310831 67807 0 404
cpu 16 3007089 0 161366 25249479 145388 0 1478
cpu 19 3028921 0 165554 25245135 122904 0 1146
cpu 18 3155561 2 143328 25217148 52579 0 369
cpu 1 3382198 12 187377 25011790 63215 0 3070
cpu 0 3352425 2 170502 24984604 65063 0 979
cpu 3 3138564 2 189341 25266653 63013 0 1824
cpu 2 3042252 1 208252 25319018 84869 0 1234
cpu 5 2931586 0 152814 25480748 91706 0 3092
cpu 4 2848708 1 178368 25450185 171314 0 7319
cpu 7 3464745 0 150434 24999248 49539 0 886
cpu 6 3235682 1 140104 25223871 61816 0 2404
cpu 9 3013574 2 129842 25467386 52105 0 487
cpu 8 3149213 81 138770 25284839 53622 0 9431
intel_hsw_cbo 1/7 20971793 20972340 20975390 20972852 17217117794072 758135976131 2564172140979 460032826538
intel_hsw_cbo 1/6 20971793 20972340 20975390 20972852 16502798854509 759527720966 2418436785298 460350848774
intel_hsw_cbo 1/0 20971793 20972340 20975390 20972852 15918450683247 757859408815 2233222185173 460182731902
intel_hsw_cbo 1/4 20971793 20972340 20975390 20972852 16236031022234 760501262419 2042045270536 460139293612
intel_hsw_cbo 1/3 20971793 20972340 20975390 20972852 18867438309089 758643033547 2840257717380 460211495072
intel_hsw_cbo 1/1 20971793 20972340 20975390 20972852 16107568228515 759528799513 2352095258696 460130858545
intel_hsw_cbo 0/8 20971793 20972340 20975390 20972852 15140232592767 703145986790 2130832911286 427899662020
intel_hsw_cbo 0/9 20971793 20972340 20975390 20972852 16781911114929 701833676847 2728142295228 427960509324
intel_hsw_cbo 0/6 20971793 20972340 20975390 20972852 16693993302139 757384986682 2244625713972 463294445293
intel_hsw_cbo 0/7 20971793 20972340 20975390 20972852 18079061266616 757236741954 2428526158332 463169008167
intel_hsw_cbo 0/4 20971793 20972340 20975390 20972852 16451913596083 758704842062 2059636859908 463333913548
intel_hsw_cbo 0/5 20971793 20972340 20975390 20972852 20096321031633 754421047253 2450048136947 463489491500
intel_hsw_cbo 0/2 20971793 20972340 20975390 20972852 16001352855750 756622390830 2012961207381 463082932442
intel_hsw_cbo 0/3 20971793 20972340 20975390 20972852 20778138523503 756472338729 2748451386718 463188179625
intel_hsw_cbo 0/0 20971793 20972340 20975390 20972852 16400716923843 756695843985 2245635556040 463630426162
intel_hsw_cbo 0/1 20971793 20972340 20975390 20972852 16811306880352 757657418428 2199601236388 463373426012
intel_hsw_cbo 1/9 20971793 20972340 20975390 20972852 16472391899421 703734372122 2889776010456 425350311210
intel_hsw_cbo 1/5 20971793 20972340 20975390 20972852 18242645364333 756275843584 2550761937084 460582125023
intel_hsw_cbo 1/8 20971793 20972340 20975390 20972852 14880594605341 704782232396 2293271520442 425386615611
intel_hsw_cbo 1/2 20971793 20972340 20975390 20972852 15599072189981 758246759284 1979087587279 460286349316
intel_hsw_hau ff/12.5 20972289 20974593 20971520 20975386 6177717202839 1750875869812 107760388443655 1754843947015
intel_hsw_hau 7f/12.1 20972289 20974593 20971520 20975386 5040284842634 1613336119833 101303449010043 1618374939649
intel_hsw_hau ff/12.1 20972289 20974593 20971520 20975386 7037669193832 2232981266441 107760388508300 2239416831932
intel_hsw_hau 7f/12.5 20972289 20974593 20971520 20975386 4725494797553 1484971951927 101303450029158 1488456984435
intel_hsw_imc ff/14.1 20972292 20974596 20974337 20971778 3074844092535 880269252555 3147612530294 1747075657650 0
intel_hsw_imc ff/14.0 20972292 20974596 20974337 20971778 3942909468060 1367609700103 3488871972473 1517162860338 0
intel_hsw_imc 7f/17.1 20972292 20974596 20974337 20971778 2356007599418 746813516717 2479048007791 1336912041862 0
intel_hsw_imc 7f/17.0 20972292 20974596 20974337 20971778 2354506534928 746751797928 2478263241855 1344473870362 0
intel_hsw_imc 7f/14.0 20972292 20974596 20974337 20971778 2670078584014 879115405906 2571378271082 1081317661180 0
intel_hsw_imc 7f/14.1 20972292 20974596 20974337 20971778 2351556774840 746718256879 2461503016598 1325665424827 0
intel_hsw_imc ff/17.0 20972292 20974596 20974337 20971778 3077577803302 880386441633 3171809556739 1772641351738 0
intel_hsw_imc ff/17.1 20972292 20974596 20974337 20971778 3078635913953 880286633902 3170394255493 1759713915423 0
intel_hsw_qpi ff/08.2 6291712 6292480 6293506 6292483 3872859083112 2718268250816 10674187947816 0
intel_hsw_qpi 7f/08.2 6291712 6292480 6293506 6292483 2715337272166 3876241698192 13752639450558 0
intel_hsw_qpi 7f/09.2 6291712 6292480 6293506 6292483 2716010331843 3876029266716 12566845058904 0
intel_hsw_qpi ff/09.2 6291712 6292480 6293506 6292483 3872881826258 2717762278516 11696618514208 0
intel_hsw_r2pci 7f/10.1 20972580 20975369 20975367 20975368 4726239666 25004546678125 26993931035862 31608959126976
intel_hsw_r2pci ff/10.1 20972580 20975369 20975367 20975368 47225582 23527182196124 26280712970209 29859414652601
mem 1 82566752 31509280 51057472 11373188 38961884 132 0 50249632 12975184 85092 37576 0 0 432888 0 0 0
mem 0 82341048 12748140 69592908 16762948 50864128 168 0 67168320 34917416 461784 110860 0 0 615572 24576 0 0
net vnet23 0 0 8311157 0 0 0 0 0 0 0 0 0 65730 0 496080623 0 0 0 0 0 0 91544 0
net enp6s0f0 0 0 0 0 0 0 0 0 0 0 0 0 0 0 6606 0 0 0 0 0 0 93 0
net vnet47 0 0 126940 0 0 0 0 0 0 0 0 0 544 0 70170 0 0 0 0 0 0 585 0
net vnet20 0 0 11513340 0 0 0 0 0 0 0 0 0 81587 0 1150528429 0 0 0 0 0 0 135974 0
net enp1s0f0 0 1333412 78054403032 0 0 0 0 371 0 0 371 0 81237208 0 1598905707 0 0 0 0 0 0 9067719 0
net lo 0 0 60803114 0 0 0 0 0 0 0 0 0 483748 0 60803114 0 0 0 0 0 0 483748 0
net vnet24 0 0 583459 0 0 0 0 0 0 0 0 0 7108 0 80669511 0 0 0 0 0 0 19799 0
net vnet38 0 0 438643 0 0 0 0 0 0 0 0 0 4173 0 64703684 0 0 0 0 0 0 8663 0
net vnet21 0 0 11160888 0 0 0 0 0 0 0 0 0 77662 0 1150520812 0 0 0 0 0 0 132848 0
net virbr0 0 1357 376613779 0 0 0 0 0 0 0 0 0 5004817 0 70467659027 0 0 0 0 0 0 7229337 0
numa 1 2585882193 18927329 1008175 29040 1605789770 998585922
numa 0 2115505008 1008175 18927329 28452 1146484695 969769253
ps - 850576459 1552419 250 303 313 1 804
sysv_shm - 0 0
tmpfs /run/lock 0 6
tmpfs /run 2228224 1149
tmpfs /run/user/20029 4096 44
tmpfs /run/qemu 0 1
tmpfs /dev/shm 75715264512 271286
vfs - 298271 123265 308154
vm - 12 31493484 1314567380 520887 2496526 4716365393 4729593765 102610011 21928526 4420450718 79160 0 0 0 0 0 2714357 0 1121522 2855 0 2498084 98 0 34 0 0

1764552030.270140 0 node12.dhkim-278716.ldos-ut-pg0.wisc.cloudlab.us
block sda 524290 408649 62971961 9467436 5566408 14811092 2629134769 239232193 0 17229600 252836918
block sdb 2615 0 7504 3511 4 0 0 0 0 4252 3512
block sdc 995 0 7996 261 4 0 0 0 0 960 262
cpu 11 3368350 2 178626 24860038 167083 0 2092
cpu 10 3504920 13 159810 24809009 111376 0 1083
cpu 13 3207934 0 136438 25172388 55937 0 309
cpu 12 3270912 2 152671 25051264 100765 0 812
cpu 15 2954822 0 143937 25393686 74413 0 589
cpu 14 2918908 1 135055 25462119 51931 0 262
cpu 17 3048732 10 140287 25310932 67807 0 404
cpu 16 3007089 0 161366 25249582 145388 0 1478
cpu 19 3028921 0 165554 25245238 122904 0 1146
cpu 18 3155561 2 143329 25217251 52579 0 369
cpu 1 3382201 12 187377 25011889 63215 0 3070
cpu 0 3352426 2 170502 24984705 65063 0 979
cpu 3 3138567 2 189342 25266753 63013 0 1824
cpu 2 3042252 1 208252 25319122 84869 0 1234
cpu 5 2931589 0 152816 25480846 91706 0 3092
cpu 4 2848711 1 178369 25450285 171314 0 7319
cpu 7 3464746 0 150434 24999348 49539 0 886
cpu 6 3235684 1 140104 25223971 61817 0 2404
cpu 9 3013574 2 129842 25467489 52105 0 487
cpu 8 3149213 81 138770 25284942 53622 0 9431
intel_hsw_cbo 1/7 20971793 20972340 20975390 20972852 17217118486152 758136179772 2564172329092 460032897466
intel_hsw_cbo 1/6 20971793 20972340 20975390 20972852 16502799573580 759527921194 2418436971904 460350919567
intel_hsw_cbo 1/0 20971793 20972340 20975390 20972852 15918451400025 757859611857 2233222242461 460182803557
intel_hsw_cbo 1/4 20971793 20972340 20975390 20972852 16236031764736 760501468500 2042045322993 460139365590
intel_hsw_cbo 1/3 20971793 20972340 20975390 20972852 18867439036610 758643237093 2840257925727 460211565288
intel_hsw_cbo 1/1 20971793 20972340 20975390 20972852 16107568881104 759529003223 2352095429943 460130929266
intel_hsw_cbo 0/8 20971793 20972340 20975390 20972852 15140235096295 703146376455 2130833359011 427899775294
intel_hsw_cbo 0/9 20971793 20972340 20975390 20972852 16781913582429 701834066069 2728142579522 427960624084
intel_hsw_cbo 0/6 20971793 20972340 20975390 20972852 16693995725379 757385408785 2244626137836 463294567550
intel_hsw_cbo 0/7 20971793 20972340 20975390 20972852 18079063735208 757237171431 2428526408779 463169131342
intel_hsw_cbo 0/4 20971793 20972340 20975390 20972852 16451915617405 758705269114 2059636986968 463334036243
intel_hsw_cbo 0/5 20971793 20972340 20975390 20972852 20096323737894 754421463373 2450048417680 463489613447
intel_hsw_cbo 0/2 20971793 20972340 20975390 20972852 16001355368096 756622814505 2012961321768 463083056281
intel_hsw_cbo 0/3 20971793 20972340 20975390 20972852 20778141484987 756472767990 2748451703257 463188302205
intel_hsw_cbo 0/0 20971793 20972340 20975390 20972852 16400719171502 756696268172 2245635726254 463630548200
intel_hsw_cbo 0/1 20971793 20972340 20975390 20972852 16811309340152 757657836041 2199601695752 463373547251
intel_hsw_cbo 1/9 20971793 20972340 20975390 20972852 16472392638662 703734561446 2889776203911 425350378597
intel_hsw_cbo 1/5 20971793 20972340 20975390 20972852 18242646178275 756276045230 2550762145208 460582197139
intel_hsw_cbo 1/8 20971793 20972340 20975390 20972852 14880595370756 704782423810 2293271708583 425386682823
intel_hsw_cbo 1/2 20971793 20972340 20975390 20972852 15599072923716 758246963289 1979087622539 460286420049
intel_hsw_hau ff/12.5 20972289 20974593 20971520 20975386 6177717590229 1750875972554 107761324510274 1754844053112
intel_hsw_hau 7f/12.1 20972289 20974593 20971520 20975386 5040286620605 1613336741585 101304367857346 1618375570915
intel_hsw_hau ff/12.1 20972289 20974593 20971520 20975386 7037670212896 2232981640754 107761324554147 2239417213758
intel_hsw_hau 7f/12.5 20972289 20974593 20971520 20975386 4725496023656 1484972397131 101304368899961 1488457431899
intel_hsw_imc ff/14.1 20972292 20974596 20974337 20971778 3074844282328 880269304857 3147612627005 1747075665437 0
intel_hsw_imc ff/14.0 20972292 20974596 20974337 20971778 3942910298437 1367610039288 3488872214030 1517162894435 0
intel_hsw_imc 7f/17.1 20972292 20974596 20974337 20971778 2356008212651 746813740300 2479048394868 1336912116499 0
intel_hsw_imc 7f/17.0 20972292 20974596 20974337 20971778 2354507165880 746752039799 2478263646857 1344473945662 0
intel_hsw_imc 7f/14.0 20972292 20974596 20974337 20971778 2670079743967 879115813150 2571378790865 1081317734774 0
intel_hsw_imc 7f/14.1 20972292 20974596 20974337 20971778 2351557413394 746718506702 2461503429609 1325665500635 0
intel_hsw_imc ff/17.0 20972292 20974596 20974337 20971778 3077577993718 880386494360 3171809654537 1772641359411 0
intel_hsw_imc ff/17.1 20972292 20974596 20974337 20971778 3078636112688 880286694074 3170394361147 1759713923534 0
intel_hsw_qpi ff/08.2 6291712 6292480 6293506 6292483 3872859340116 2718269852631 10674188325800 0
intel_hsw_qpi 7f/08.2 6291712 6292480 6293506 6292483 2715338869626 3876241955061 13752641340070 0
intel_hsw_qpi 7f/09.2 6291712 6292480 6293506 6292483 2716011933604 3876029523729 12566846583528 0
intel_hsw_qpi ff/09.2 6291712 6292480 6293506 6292483 3872882083122 2717763875806 11696619073864 0
intel_hsw_r2pci 7f/10.1 20972580 20975369 20975367 20975368 4726248134 25004554797791 26993937173853 31608967082279
intel_hsw_r2pci ff/10.1 20972580 20975369 20975367 20975368 47225734 23527185951235 26280719342736 29859421688367
mem 1 82566752 31508780 51057972 11373212 38962264 108 0 50249988 12975892 85580 37660 0 0 433080 0 0 0
mem 0 82341048 12745900 69595148 16762964 50865956 160 0 67168608 34918132 463460 111048 0 0 615580 24576 0 0
net vnet23 0 0 8311157 0 0 0 0 0 0 0 0 0 65730 0 496080623 0 0 0 0 0 0 91544 0
net enp6s0f0 0 0 0 0 0 0 0 0 0 0 0 0 0 0 6606 0 0 0 0 0 0 93 0
net vnet47 0 0 126940 0 0 0 0 0 0 0 0 0 544 0 70170 0 0 0 0 0 0 585 0
net vnet20 0 0 11513340 0 0 0 0 0 0 0 0 0 81587 0 1150528429 0 0 0 0 0 0 135974 0
net enp1s0f0 0 1333416 78054409924 0 0 0 0 371 0 0 371 0 81237313 0 1598906654 0 0 0 0 0 0 9067727 0
net lo 0 0 60803659 0 0 0 0 0 0 0 0 0 483752 0 60803659 0 0 0 0 0 0 483752 0
net vnet24 0 0 583459 0 0 0 0 0 0 0 0 0 7108 0 80669511 0 0 0 0 0 0 19799 0
net vnet38 0 0 438643 0 0 0 0 0 0 0 0 0 4173 0 64703684 0 0 0 0 0 0 8663 0
net vnet21 0 0 11160888 0 0 0 0 0 0 0 0 0 77662 0 1150520812 0 0 0 0 0 0 132848 0
net virbr0 0 1357 376613779 0 0 0 0 0 0 0 0 0 5004817 0 70467659027 0 0 0 0 0 0 7229337 0
numa 1 2585883023 18927329 1008175 29040 1605790600 998585922
numa 0 2115506530 1008175 18927329 28452 1146486217 969769253
ps - 850580549 1552431 250 303 313 1 805
sysv_shm - 0 0
tmpfs /run/lock 0 6
tmpfs /run 2228224 1149
tmpfs /run/user/20029 4096 44
tmpfs /run/qemu 0 1
tmpfs /dev/shm 75715264512 271286
vfs - 298274 123305 308158
vm - 12 31493484 1314567384 520887 2496526 4716367745 4729595704 102610013 21928526 4420453538 79160 0 0 0 0 0 2714357 0 1121522 2855 0 2498084 98 0 34 0 0

1764552031.309391 0 node12.dhkim-278716.ldos-ut-pg0.wisc.cloudlab.us
block sda 524290 408649 62971961 9467436 5566410 14811092 2629134849 239232194 0 17229604 252836919
block sdb 2615 0 7504 3511 4 0 0 0 0 4252 3512
block sdc 995 0 7996 261 4 0 0 0 0 960 262
cpu 11 3368350 2 178626 24860140 167083 0 2092
cpu 10 3504920 13 159811 24809112 111376 0 1083
cpu 13 3207934 0 136438 25172491 55937 0 309
cpu 12 3270912 2 152671 25051367 100765 0 812
cpu 15 2954822 0 143937 25393789 74413 0 589
cpu 14 2918909 1 135055 25462222 51931 0 262
cpu 17 3048732 10 140287 25311035 67807 0 404
cpu 16 3007089 0 161366 25249686 145388 0 1478
cpu 19 3028921 0 165554 25245342 122904 0 1146
cpu 18 3155562 2 143330 25217353 52579 0 369
cpu 1 3382203 12 187377 25011991 63215 0 3070
cpu 0 3352426 2 170503 24984808 65063 0 979
cpu 3 3138568 2 189342 25266855 63013 0 1824
cpu 2 3042255 1 208252 25319221 84869 0 1234
cpu 5 2931589 0 152816 25480948 91706 0 3092
cpu 4 2848715 1 178372 25450384 171314 0 7319
cpu 7 3464748 0 150434 24999449 49539 0 886
cpu 6 3235684 1 140106 25224073 61817 0 2404
cpu 9 3013574 2 129842 25467592 52105 0 487
cpu 8 3149214 81 138770 25285045 53622 0 9431
intel_hsw_cbo 1/7 20971793 20972340 20975390 20972852 17217119141109 758136376077 2564172414426 460032970515
intel_hsw_cbo 1/6 20971793 20972340 20975390 20972852 16502800256589 759528114388 2418437149089 460350992293
intel_hsw_cbo 1/0 20971793 20972340 20975390 20972852 15918452058176 757859808036 2233222331446 460182876769
intel_hsw_cbo 1/4 20971793 20972340 20975390 20972852 16236032450334 760501666540 2042045419681 460139438863
intel_hsw_cbo 1/3 20971793 20972340 20975390 20972852 18867439741326 758643432490 2840258039779 460211638395
intel_hsw_cbo 1/1 20971793 20972340 20975390 20972852 16107569519260 759529199817 2352095614059 460131001154
intel_hsw_cbo 0/8 20971793 20972340 20975390 20972852 15140237456549 703146751452 2130833686897 427899877005
intel_hsw_cbo 0/9 20971793 20972340 20975390 20972852 16781915833678 701834442413 2728142803819 427960726850
intel_hsw_cbo 0/6 20971793 20972340 20975390 20972852 16693997878640 757385817153 2244626471622 463294677141
intel_hsw_cbo 0/7 20971793 20972340 20975390 20972852 18079066044467 757237588229 2428526591337 463169242713
intel_hsw_cbo 0/4 20971793 20972340 20975390 20972852 16451917894406 758705683103 2059637251601 463334146784
intel_hsw_cbo 0/5 20971793 20972340 20975390 20972852 20096326126590 754421863738 2450048614619 463489722859
intel_hsw_cbo 0/2 20971793 20972340 20975390 20972852 16001357495656 756623224254 2012961535841 463083168958
intel_hsw_cbo 0/3 20971793 20972340 20975390 20972852 20778144183575 756473181547 2748451954050 463188411678
intel_hsw_cbo 0/0 20971793 20972340 20975390 20972852 16400721302849 756696677684 2245635942670 463630658397
intel_hsw_cbo 0/1 20971793 20972340 20975390 20972852 16811311537619 757658240658 2199601995598 463373657569
intel_hsw_cbo 1/9 20971793 20972340 20975390 20972852 16472393401749 703734742175 2889776310512 425350448954
intel_hsw_cbo 1/5 20971793 20972340 20975390 20972852 18242646918754 756276239912 2550762238516 460582270544
intel_hsw_cbo 1/8 20971793 20972340 20975390 20972852 14880596078555 704782607518 2293271904709 425386752878
intel_hsw_cbo 1/2 20971793 20972340 20975390 20972852 15599073596593 758247160120 1979087708057 460286493337
intel_hsw_hau ff/12.5 20972289 20974593 20971520 20975386 6177717950921 1750876061976 107762267291953 1754844146185
intel_hsw_hau 7f/12.1 20972289 20974593 20971520 20975386 5040288363579 1613337325546 101305297399533 1618376165875
intel_hsw_hau ff/12.1 20972289 20974593 20971520 20975386 7037671183555 2232981994389 107762267356742 2239417574369
intel_hsw_hau 7f/12.5 20972289 20974593 20971520 20975386 4725497238199 1484972807399 101305298418990 1488457845421
intel_hsw_imc ff/14.1 20972292 20974596 20974337 20971778 3074844461674 880269350995 3147612709840 1747075672507 0
intel_hsw_imc ff/14.0 20972292 20974596 20974337 20971778 3942911096940 1367610363048 3488872428463 1517162926283 0
intel_hsw_imc 7f/17.1 20972292 20974596 20974337 20971778 2356008820805 746813946943 2479048757894 1336912183928 0
intel_hsw_imc 7f/17.0 20972292 20974596 20974337 20971778 2354507791573 746752264089 2478264027599 1344474014036 0
intel_hsw_imc 7f/14.0 20972292 20974596 20974337 20971778 2670080875733 879116200416 2571379282229 1081317800854 0
intel_hsw_imc 7f/14.1 20972292 20974596 20974337 20971778 2351558046969 746718739339 2461503819379 1325665569546 0
intel_hsw_imc ff/17.0 20972292 20974596 20974337 20971778 3077578173412 880386540924 3171809737575 1772641366103 0
intel_hsw_imc ff/17.1 20972292 20974596 20974337 20971778 3078636298913 880286746953 3170394451427 1759713930575 0
intel_hsw_qpi ff/08.2 6291712 6292480 6293506 6292483 3872859570402 2718271428963 10674188662000 0
intel_hsw_qpi 7f/08.2 6291712 6292480 6293506 6292483 2715340442016 3876242185930 13752643204102 0
intel_hsw_qpi 7f/09.2 6291712 6292480 6293506 6292483 2716013509853 3876029754023 12566848084352 0
intel_hsw_qpi ff/09.2 6291712 6292480 6293506 6292483 3872882313959 2717765448228 11696619567328 0
intel_hsw_r2pci 7f/10.1 20972580 20975369 20975367 20975368 4726256334 25004564182518 26993945434931 31608975885115
intel_hsw_r2pci ff/10.1 20972580 20975369 20975367 20975368 47225892 23527189670991 26280725676591 29859428755644
mem 1 82566752 31508276 51058476 11373216 38962428 128 0 50249996 12975892 85704 37744 0 0 433080 0 0 0
mem 0 82341048 12757076 69583972 16762964 50866372 172 0 67168608 34918132 463864 111004 0 0 615556 24576 0 0
net vnet23 0 0 8311157 0 0 0 0 0 0 0 0 0 65730 0 496080675 0 0 0 0 0 0 91545 0
net enp6s0f0 0 0 0 0 0 0 0 0 0 0 0 0 0 0 6606 0 0 0 0 0 0 93 0
net vnet47 0 0 126940 0 0 0 0 0 0 0 0 0 544 0 70222 0 0 0 0 0 0 586 0
net vnet20 0 0 11513340 0 0 0 0 0 0 0 0 0 81587 0 1150528481 0 0 0 0 0 0 135975 0
net enp1s0f0 0 1333422 78054417223 0 0 0 0 371 0 0 371 0 81237412 0 1598907365 0 0 0 0 0 0 9067732 0
net lo 0 0 60804204 0 0 0 0 0 0 0 0 0 483756 0 60804204 0 0 0 0 0 0 483756 0
net vnet24 0 0 583459 0 0 0 0 0 0 0 0 0 7108 0 80669563 0 0 0 0 0 0 19800 0
net vnet38 0 0 438643 0 0 0 0 0 0 0 0 0 4173 0 64703736 0 0 0 0 0 0 8664 0
net vnet21 0 0 11160888 0 0 0 0 0 0 0 0 0 77662 0 1150520864 0 0 0 0 0 0 132849 0
net virbr0 0 1357 376613779 0 0 0 0 0 0 0 0 0 5004817 0 70467659027 0 0 0 0 0 0 7229337 0
numa 1 2585883713 18927329 1008175 29040 1605791290 998585922
numa 0 2115507687 1008175 18927329 28452 1146487374 969769253
ps - 850584496 1552442 230 298 311 1 805
sysv_shm - 0 0
tmpfs /run/lock 0 6
tmpfs /run 2228224 1149
tmpfs /run/user/20029 4096 44
tmpfs /run/qemu 0 1
tmpfs /dev/shm 75715264512 271286
vfs - 298274 123305 308158
vm - 12 31493484 1314567424 520887 2496526 4716369596 4729597576 102610014 21928526 4420455610 79160 0 0 0 0 0 2714357 0 1121522 2855 0 2498084 98 0 34 0 0

1764552032.342784 0 node12.dhkim-278716.ldos-ut-pg0.wisc.cloudlab.us
block sda 524290 408649 62971961 9467436 5566469 14811092 2629135353 239232486 5 17229664 252837210
block sdb 2615 0 7504 3511 4 0 0 0 0 4252 3512
block sdc 995 0 7996 261 4 0 0 0 0 960 262
cpu 11 3368351 2 178626 24860241 167083 0 2092
cpu 10 3504920 13 159812 24809215 111376 0 1083
cpu 13 3207934 0 136438 25172594 55937 0 309
cpu 12 3270912 2 152672 25051470 100765 0 812
cpu 15 2954822 0 143937 25393892 74413 0 589
cpu 14 2918911 1 135056 25462323 51931 0 262
cpu 17 3048734 10 140287 25311132 67813 0 404
cpu 16 3007089 0 161367 25249789 145388 0 1478
cpu 19 3028922 0 165554 25245445 122904 0 1146
cpu 18 3155562 2 143331 25217455 52579 0 369
cpu 1 3382204 12 187377 25012093 63215 0 3070
cpu 0 3352426 2 170503 24984909 65063 0 979
cpu 3 3138568 2 189342 25266957 63013 0 1824
cpu 2 3042257 1 208252 25319321 84869 0 1234
cpu 5 2931589 0 152817 25481050 91706 0 3092
cpu 4 2848719 1 178374 25450482 171314 0 7319
cpu 7 3464750 0 150434 24999549 49539 0 886
cpu 6 3235686 1 140106 25224174 61817 0 2404
cpu 9 3013574 2 129842 25467695 52105 0 487
cpu 8 3149214 81 138770 25285146 53622 0 9431
intel_hsw_cbo 1/7 20971793 20972340 20975390 20972852 17217119784185 758136577789 2564172439252 460033042175
intel_hsw_cbo 1/6 20971793 20972340 20975390 20972852 16502801007940 759528312013 2418437324439 460351063368
intel_hsw_cbo 1/0 20971793 20972340 20975390 20972852 15918452688991 757860008788 2233222498775 460182947765
intel_hsw_cbo 1/4 20971793 20972340 20975390 20972852 16236033182394 760501869927 2042045604919 460139510338
intel_hsw_cbo 1/3 20971793 20972340 20975390 20972852 18867440502215 758643632674 2840258103046 460211709060
intel_hsw_cbo 1/1 20971793 20972340 20975390 20972852 16107570195606 759529400787 2352095823393 460131071932
intel_hsw_cbo 0/8 20971793 20972340 20975390 20972852 15140239844978 703147118688 2130833986665 427899980225
intel_hsw_cbo 0/9 20971793 20972340 20975390 20972852 16781918226915 701834810035 2728143068240 427960831062
intel_hsw_cbo 0/6 20971793 20972340 20975390 20972852 16694000144725 757386215685 2244626782095 463294789612
intel_hsw_cbo 0/7 20971793 20972340 20975390 20972852 18079068569210 757237995784 2428526828187 463169358222
intel_hsw_cbo 0/4 20971793 20972340 20975390 20972852 16451920313844 758706090551 2059637468710 463334260234
intel_hsw_cbo 0/5 20971793 20972340 20975390 20972852 20096328635990 754422256044 2450048862001 463489833818
intel_hsw_cbo 0/2 20971793 20972340 20975390 20972852 16001359746315 756623625895 2012961713326 463083283956
intel_hsw_cbo 0/3 20971793 20972340 20975390 20972852 20778146954205 756473586559 2748452231888 463188523619
intel_hsw_cbo 0/0 20971793 20972340 20975390 20972852 16400723435149 756697079296 2245636135502 463630770517
intel_hsw_cbo 0/1 20971793 20972340 20975390 20972852 16811313772584 757658637847 2199602276428 463373771193
intel_hsw_cbo 1/9 20971793 20972340 20975390 20972852 16472394132817 703734927126 2889776377133 425350516172
intel_hsw_cbo 1/5 20971793 20972340 20975390 20972852 18242647677908 756276438470 2550762262667 460582342266
intel_hsw_cbo 1/8 20971793 20972340 20975390 20972852 14880596824181 704782795288 2293272117088 425386819996
intel_hsw_cbo 1/2 20971793 20972340 20975390 20972852 15599074351479 758247362615 1979087892020 460286564279
intel_hsw_hau ff/12.5 20972289 20974593 20971520 20975386 6177718302406 1750876148091 107763175236500 1754844235574
intel_hsw_hau 7f/12.1 20972289 20974593 20971520 20975386 5040290027242 1613337901303 101306193669866 1618376751730
intel_hsw_hau ff/12.1 20972289 20974593 20971520 20975386 7037672138356 2232982340879 107763175285985 2239417928278
intel_hsw_hau 7f/12.5 20972289 20974593 20971520 20975386 4725498390902 1484973213053 101306194706219 1488458253322
intel_hsw_imc ff/14.1 20972292 20974596 20974337 20971778 3074844635778 880269395259 3147612788729 1747075678829 0
intel_hsw_imc ff/14.0 20972292 20974596 20974337 20971778 3942911885723 1367610682710 3488872638135 1517162956933 0
intel_hsw_imc 7f/17.1 20972292 20974596 20974337 20971778 2356009396455 746814150698 2479049105856 1336912249537 0
intel_hsw_imc 7f/17.0 20972292 20974596 20974337 20971778 2354508383442 746752484434 2478264392639 1344474080910 0
intel_hsw_imc 7f/14.0 20972292 20974596 20974337 20971778 2670081955632 879116581251 2571379749987 1081317865938 0
intel_hsw_imc 7f/14.1 20972292 20974596 20974337 20971778 2351558646679 746718967465 2461504193045 1325665637048 0
intel_hsw_imc ff/17.0 20972292 20974596 20974337 20971778 3077578347971 880386585512 3171809817033 1772641372575 0
intel_hsw_imc ff/17.1 20972292 20974596 20974337 20971778 3078636481756 880286798922 3170394539170 1759713937297 0
intel_hsw_qpi ff/08.2 6291712 6292480 6293506 6292483 3872859791903 2718272930761 10674188986792 0
intel_hsw_qpi 7f/08.2 6291712 6292480 6293506 6292483 2715341939857 3876242407373 13752645047206 0
intel_hsw_qpi 7f/09.2 6291712 6292480 6293506 6292483 2716015011551 3876029975533 12566849583072 0
intel_hsw_qpi ff/09.2 6291712 6292480 6293506 6292483 3872882535379 2717766946110 11696620042920 0
intel_hsw_r2pci 7f/10.1 20972580 20975369 20975367 20975368 4726264916 25004573018536 26993953231651 31608984095614
intel_hsw_r2pci ff/10.1 20972580 20975369 20975367 20975368 47226040 23527193637115 26280731973380 29859435907555
mem 1 82566752 31508024 51058728 11373220 38962556 188 0 50249996 12975940 85820 37728 0 0 433080 0 0 0
mem 0 82341048 12754812 69586236 16762964 50865944 304 0 67168612 34918184 463820 111008 0 0 615556 24576 0 0
net vnet23 0 0 8311157 0 0 0 0 0 0 0 0 0 65730 0 496080727 0 0 0 0 0 0 91546 0
net enp6s0f0 0 0 0 0 0 0 0 0 0 0 0 0 0 0 6606 0 0 0 0 0 0 93 0
net vnet47 0 0 126940 0 0 0 0 0 0 0 0 0 544 0 70274 0 0 0 0 0 0 587 0
net vnet20 0 0 11513340 0 0 0 0 0 0 0 0 0 81587 0 1150528533 0 0 0 0 0 0 135976 0
net enp1s0f0 0 1333428 78054423640 0 0 0 0 371 0 0 371 0 81237511 0 1598908142 0 0 0 0 0 0 9067738 0
net lo 0 0 60804749 0 0 0 0 0 0 0 0 0 483760 0 60804749 0 0 0 0 0 0 483760 0
net vnet24 0 0 583459 0 0 0 0 0 0 0 0 0 7108 0 80669615 0 0 0 0 0 0 19801 0
net vnet38 0 0 438643 0 0 0 0 0 0 0 0 0 4173 0 64703788 0 0 0 0 0 0 8665 0
net vnet21 0 0 11160888 0 0 0 0 0 0 0 0 0 77662 0 1150520916 0 0 0 0 0 0 132850 0
net virbr0 0 1357 376613779 0 0 0 0 0 0 0 0 0 5004817 0 70467659027 0 0 0 0 0 0 7229337 0
numa 1 2585884471 18927329 1008175 29040 1605792048 998585922
numa 0 2115508770 1008175 18927329 28452 1146488457 969769253
ps - 850588506 1552453 230 298 311 2 805
sysv_shm - 0 0
tmpfs /run/lock 0 6
tmpfs /run 2228224 1149
tmpfs /run/user/20029 4096 44
tmpfs /run/qemu 0 1
tmpfs /dev/shm 75715264512 271286
vfs - 298274 123305 308158
vm - 12 31493484 1314567696 520887 2496526 4716371433 4729599440 102610018 21928526 4420457772 79160 0 0 0 0 0 2714357 0 1121522 2855 0 2498084 98 0 34 0 0

1764552033.381467 0 node12.dhkim-278716.ldos-ut-pg0.wisc.cloudlab.us
block sda 524290 408649 62971961 9467436 5566474 14811092 2629135393 239232596 0 17229696 252837320
block sdb 2615 0 7504 3511 4 0 0 0 0 4252 3512
block sdc 995 0 7996 261 4 0 0 0 0 960 262
cpu 11 3368352 2 178626 24860343 167083 0 2092
cpu 10 3504920 13 159812 24809318 111376 0 1083
cpu 13 3207935 0 136439 25172697 55937 0 309
cpu 12 3270912 2 152672 25051573 100765 0 812
cpu 15 2954822 0 143937 25393995 74413 0 589
cpu 14 2918912 1 135056 25462425 51931 0 262
cpu 17 3048737 10 140287 25311235 67813 0 404
cpu 16 3007089 0 161367 25249892 145388 0 1478
cpu 19 3028922 0 165554 25245548 122904 0 1146
cpu 18 3155562 2 143332 25217558 52579 0 369
cpu 1 3382204 12 187378 25012194 63215 0 3070
cpu 0 3352427 2 170503 24985010 65063 0 979
cpu 3 3138569 2 189343 25267059 63013 0 1824
cpu 2 3042258 1 208252 25319423 84869 0 1234
cpu 5 2931591 0 152817 25481151 91706 0 3092
cpu 4 2848720 1 178374 25450583 171314 0 7320
cpu 7 3464751 0 150434 24999650 49539 0 886
cpu 6 3235686 1 140107 25224276 61817 0 2404
cpu 9 3013575 2 129842 25467798 52105 0 487
cpu 8 3149215 81 138770 25285247 53622 0 9431
intel_hsw_cbo 1/7 20971793 20972340 20975390 20972852 17217120471449 758136773554 2564172456422 460033114319
intel_hsw_cbo 1/6 20971793 20972340 20975390 20972852 16502801728428 759528504881 2418437496289 460351135375
intel_hsw_cbo 1/0 20971793 20972340 20975390 20972852 15918453385170 757860205327 2233222661376 460183019381
intel_hsw_cbo 1/4 20971793 20972340 20975390 20972852 16236033871489 760502068049 2042045782863 460139582101
intel_hsw_cbo 1/3 20971793 20972340 20975390 20972852 18867441199223 758643827603 2840258160508 460211781139
intel_hsw_cbo 1/1 20971793 20972340 20975390 20972852 16107570960328 759529597013 2352096030576 460131142422
intel_hsw_cbo 0/8 20971793 20972340 20975390 20972852 15140242104949 703147489216 2130834236186 427900081558
intel_hsw_cbo 0/9 20971793 20972340 20975390 20972852 16781920512461 701835179316 2728143305809 427960933578
intel_hsw_cbo 0/6 20971793 20972340 20975390 20972852 16694002171248 757386614109 2244627019366 463294897935
intel_hsw_cbo 0/7 20971793 20972340 20975390 20972852 18079071058277 757238401783 2428527044593 463169468356
intel_hsw_cbo 0/4 20971793 20972340 20975390 20972852 16451922387108 758706495797 2059637621751 463334369002
intel_hsw_cbo 0/5 20971793 20972340 20975390 20972852 20096331124018 754422648689 2450049081771 463489941107
intel_hsw_cbo 0/2 20971793 20972340 20975390 20972852 16001361874331 756624025981 2012961871584 463083393816
intel_hsw_cbo 0/3 20971793 20972340 20975390 20972852 20778149687736 756473990791 2748452472097 463188631469
intel_hsw_cbo 0/0 20971793 20972340 20975390 20972852 16400725684341 756697477563 2245636341305 463630878419
intel_hsw_cbo 0/1 20971793 20972340 20975390 20972852 16811315997600 757659033199 2199602541029 463373879842
intel_hsw_cbo 1/9 20971793 20972340 20975390 20972852 16472394876909 703735108426 2889776433987 425350584548
intel_hsw_cbo 1/5 20971793 20972340 20975390 20972852 18242648435575 756276632734 2550762280205 460582414228
intel_hsw_cbo 1/8 20971793 20972340 20975390 20972852 14880597585914 704782979128 2293272326969 425386888780
intel_hsw_cbo 1/2 20971793 20972340 20975390 20972852 15599075059040 758247560720 1979088069415 460286636540
intel_hsw_hau ff/12.5 20972289 20974593 20971520 20975386 6177718649571 1750876235878 107764070740971 1754844326733
intel_hsw_hau 7f/12.1 20972289 20974593 20971520 20975386 5040291661229 1613338475719 101307072334681 1618377335557
intel_hsw_hau ff/12.1 20972289 20974593 20971520 20975386 7037673087346 2232982688100 107764070805938 2239418282312
intel_hsw_hau 7f/12.5 20972289 20974593 20971520 20975386 4725499527118 1484973616911 101307073353992 1488458659616
intel_hsw_imc ff/14.1 20972292 20974596 20974337 20971778 3074844808778 880269440442 3147612866567 1747075685407 0
intel_hsw_imc ff/14.0 20972292 20974596 20974337 20971778 3942912672000 1367611000395 3488872841169 1517162986922 0
intel_hsw_imc 7f/17.1 20972292 20974596 20974337 20971778 2356009966290 746814359966 2479049450722 1336912314266 0
intel_hsw_imc 7f/17.0 20972292 20974596 20974337 20971778 2354508968675 746752710269 2478264753834 1344474146755 0
intel_hsw_imc 7f/14.0 20972292 20974596 20974337 20971778 2670083019130 879116975916 2571380207943 1081317928949 0
intel_hsw_imc 7f/14.1 20972292 20974596 20974337 20971778 2351559240133 746719201429 2461504563146 1325665703341 0
intel_hsw_imc ff/17.0 20972292 20974596 20974337 20971778 3077578522062 880386631061 3171809895516 1772641379191 0
intel_hsw_imc ff/17.1 20972292 20974596 20974337 20971778 3078636662227 880286850523 3170394624422 1759713944251 0
intel_hsw_qpi ff/08.2 6291712 6292480 6293506 6292483 3872860020247 2718274421853 10674189310880 0
intel_hsw_qpi 7f/08.2 6291712 6292480 6293506 6292483 2715343426901 3876242635475 13752646914286 0
intel_hsw_qpi 7f/09.2 6291712 6292480 6293506 6292483 2716016502581 3876030203882 12566851117232 0
intel_hsw_qpi ff/09.2 6291712 6292480 6293506 6292483 3872882763469 2717768433209 11696620509176 0
intel_hsw_r2pci 7f/10.1 20972580 20975369 20975367 20975368 4726272870 25004580793583 26993959609847 31608991465020
intel_hsw_r2pci ff/10.1 20972580 20975369 20975367 20975368 47226194 23527197467915 26280738164591 29859443033014
mem 1 82566752 31507772 51058980 11373232 38962324 96 0 50250004 12975892 85624 37736 0 0 433080 0 0 0
mem 0 82341048 12753304 69587744 16762964 50866144 148 0 67168612 34918132 463640 111008 0 0 615572 24576 0 0
net vnet23 0 0 8311157 0 0 0 0 0 0 0 0 0 65730 0 496080727 0 0 0 0 0 0 91546 0
net enp6s0f0 0 0 0 0 0 0 0 0 0 0 0 0 0 0 6606 0 0 0 0 0 0 93 0
net vnet47 0 0 126940 0 0 0 0 0 0 0 0 0 544 0 70274 0 0 0 0 0 0 587 0
net vnet20 0 0 11513340 0 0 0 0 0 0 0 0 0 81587 0 1150528533 0 0 0 0 0 0 135976 0
net enp1s0f0 0 1333431 78054429817 0 0 0 0 371 0 0 371 0 81237606 0 1598908853 0 0 0 0 0 0 9067743 0
net lo 0 0 60805294 0 0 0 0 0 0 0 0 0 483764 0 60805294 0 0 0 0 0 0 483764 0
net vnet24 0 0 583459 0 0 0 0 0 0 0 0 0 7108 0 80669615 0 0 0 0 0 0 19801 0
net vnet38 0 0 438643 0 0 0 0 0 0 0 0 0 4173 0 64703788 0 0 0 0 0 0 8665 0
net vnet21 0 0 11160888 0 0 0 0 0 0 0 0 0 77662 0 1150520916 0 0 0 0 0 0 132850 0
net virbr0 0 1357 376613779 0 0 0 0 0 0 0 0 0 5004817 0 70467659027 0 0 0 0 0 0 7229337 0
numa 1 2585885105 18927329 1008175 29040 1605792682 998585922
numa 0 2115509974 1008175 18927329 28452 1146489661 969769253
ps - 850592313 1552464 230 298 311 1 805
sysv_shm - 0 0
tmpfs /run/lock 0 6
tmpfs /run 2228224 1149
tmpfs /run/user/20029 4096 44
tmpfs /run/qemu 0 1
tmpfs /dev/shm 75715264512 271286
vfs - 298274 123305 308158
vm - 12 31493484 1314567696 520887 2496526 4716373271 4729601258 102610018 21928526 4420459872 79160 0 0 0 0 0 2714357 0 1121522 2855 0 2498084 98 0 34 0 0

1764552034.415851 0 node12.dhkim-278716.ldos-ut-pg0.wisc.cloudlab.us
block sda 524293 408649 62972041 9467446 5566481 14811107 2629135569 239232636 0 17229732 252837388
block sdb 2615 0 7504 3511 4 0 0 0 0 4252 3512
block sdc 995 0 7996 261 4 0 0 0 0 960 262
cpu 11 3368352 2 178626 24860445 167083 0 2092
cpu 10 3504921 13 159812 24809420 111376 0 1083
cpu 13 3207935 0 136439 25172799 55937 0 309
cpu 12 3270912 2 152672 25051676 100765 0 812
cpu 15 2954822 0 143937 25394095 74415 0 589
cpu 14 2918912 1 135056 25462527 51931 0 262
cpu 17 3048739 10 140288 25311338 67813 0 404
cpu 16 3007090 0 161367 25249995 145388 0 1478
cpu 19 3028922 0 165554 25245651 122904 0 1146
cpu 18 3155563 2 143332 25217660 52579 0 369
cpu 1 3382206 12 187378 25012294 63215 0 3070
cpu 0 3352427 2 170504 24985110 65063 0 979
cpu 3 3138570 2 189343 25267161 63013 0 1824
cpu 2 3042258 1 208252 25319524 84869 0 1234
cpu 5 2931591 0 152817 25481252 91706 0 3092
cpu 4 2848720 1 178376 25450684 171314 0 7320
cpu 7 3464752 0 150434 24999753 49539 0 886
cpu 6 3235689 1 140107 25224375 61817 0 2404
cpu 9 3013576 2 129844 25467899 52105 0 487
cpu 8 3149215 81 138770 25285350 53622 0 9431
intel_hsw_cbo 1/7 20971793 20972340 20975390 20972852 17217121446917 758137010408 2564172553238 460033187670
intel_hsw_cbo 1/6 20971793 20972340 20975390 20972852 16502802666204 759528739398 2418437663415 460351208995
intel_hsw_cbo 1/0 20971793 20972340 20975390 20972852 15918454343634 757860442812 2233222815219 460183092903
intel_hsw_cbo 1/4 20971793 20972340 20975390 20972852 16236034708002 760502307647 2042045935327 460139655892
intel_hsw_cbo 1/3 20971793 20972340 20975390 20972852 18867442257233 758644064268 2840258273981 460211853657
intel_hsw_cbo 1/1 20971793 20972340 20975390 20972852 16107571965626 759529834150 2352096219417 460131215656
intel_hsw_cbo 0/8 20971793 20972340 20975390 20972852 15140244166762 703147834968 2130834498709 427900188756
intel_hsw_cbo 0/9 20971793 20972340 20975390 20972852 16781922514574 701835525274 2728143524757 427961041281
intel_hsw_cbo 0/6 20971793 20972340 20975390 20972852 16694004174319 757386988542 2244627259732 463295011196
intel_hsw_cbo 0/7 20971793 20972340 20975390 20972852 18079073244183 757238784573 2428527225374 463169582838
intel_hsw_cbo 0/4 20971793 20972340 20975390 20972852 16451924282291 758706875186 2059637882648 463334483373
intel_hsw_cbo 0/5 20971793 20972340 20975390 20972852 20096333110271 754423016101 2450049280930 463490054163
intel_hsw_cbo 0/2 20971793 20972340 20975390 20972852 16001363782317 756624402584 2012962138674 463083509765
intel_hsw_cbo 0/3 20971793 20972340 20975390 20972852 20778152253557 756474370784 2748452741449 463188744499
intel_hsw_cbo 0/0 20971793 20972340 20975390 20972852 16400727670040 756697852555 2245636623302 463630992431
intel_hsw_cbo 0/1 20971793 20972340 20975390 20972852 16811317960357 757659403994 2199602814852 463373992844
intel_hsw_cbo 1/9 20971793 20972340 20975390 20972852 16472395932234 703735327840 2889776557219 425350655166
intel_hsw_cbo 1/5 20971793 20972340 20975390 20972852 18242649497208 756276867766 2550762367860 460582488852
intel_hsw_cbo 1/8 20971793 20972340 20975390 20972852 14880598571447 704783201249 2293272516496 425386958910
intel_hsw_cbo 1/2 20971793 20972340 20975390 20972852 15599075978474 758247799281 1979088221660 460286710003
intel_hsw_hau ff/12.5 20972289 20974593 20971520 20975386 6177719043653 1750876330437 107764969515351 1754844424593
intel_hsw_hau 7f/12.1 20972289 20974593 20971520 20975386 5040293341776 1613339064442 101307952591907 1618377935752
intel_hsw_hau ff/12.1 20972289 20974593 20971520 20975386 7037674098329 2232983021251 107764969579824 2239418622539
intel_hsw_hau 7f/12.5 20972289 20974593 20971520 20975386 4725500678159 1484974027307 101307953610666 1488459073462
intel_hsw_imc ff/14.1 20972292 20974596 20974337 20971778 3074845002866 880269488958 3147612955065 1747075693173 0
intel_hsw_imc ff/14.0 20972292 20974596 20974337 20971778 3942913493242 1367611302747 3488873043090 1517163015908 0
intel_hsw_imc 7f/17.1 20972292 20974596 20974337 20971778 2356010542124 746814560834 2479049801108 1336912376650 0
intel_hsw_imc 7f/17.0 20972292 20974596 20974337 20971778 2354509559173 746752927367 2478265120235 1344474210030 0
intel_hsw_imc 7f/14.0 20972292 20974596 20974337 20971778 2670084117748 879117353725 2571380678141 1081317991243 0
intel_hsw_imc 7f/14.1 20972292 20974596 20974337 20971778 2351559838851 746719426162 2461504936373 1325665766506 0
intel_hsw_imc ff/17.0 20972292 20974596 20974337 20971778 3077578716988 880386679982 3171809985291 1772641387031 0
intel_hsw_imc ff/17.1 20972292 20974596 20974337 20971778 3078636865285 880286906996 3170394721821 1759713952300 0
intel_hsw_qpi ff/08.2 6291712 6292480 6293506 6292483 3872860525288 2718275819938 10674189873496 0
intel_hsw_qpi 7f/08.2 6291712 6292480 6293506 6292483 2715344820776 3876243140928 13752648118870 0
intel_hsw_qpi 7f/09.2 6291712 6292480 6293506 6292483 2716017900604 3876030708927 12566852080800 0
intel_hsw_qpi ff/09.2 6291712 6292480 6293506 6292483 3872883268917 2717769827132 11696621290240 0
intel_hsw_r2pci 7f/10.1 20972580 20975369 20975367 20975368 4726282430 25004587955018 26993966422163 31608999335032
intel_hsw_r2pci ff/10.1 20972580 20975369 20975367 20975368 47226440 23527201510613 26280744380706 29859450045170
mem 1 82566752 31507276 51059476 11373236 38962476 120 0 50250016 12975892 85792 37796 0 0 433080 0 0 0
mem 0 82341048 12752044 69589004 16762964 50866444 192 0 67168660 34918136 463844 111004 0 0 615572 24576 0 0
net vnet23 0 0 8311157 0 0 0 0 0 0 0 0 0 65730 0 496080779 0 0 0 0 0 0 91547 0
net enp6s0f0 0 0 0 0 0 0 0 0 0 0 0 0 0 0 6606 0 0 0 0 0 0 93 0
net vnet47 0 0 126940 0 0 0 0 0 0 0 0 0 544 0 70326 0 0 0 0 0 0 588 0
net vnet20 0 0 11513340 0 0 0 0 0 0 0 0 0 81587 0 1150528585 0 0 0 0 0 0 135977 0
net enp1s0f0 0 1333438 78054435896 0 0 0 0 371 0 0 371 0 81237699 0 1598909646 0 0 0 0 0 0 9067749 0
net lo 0 0 60805839 0 0 0 0 0 0 0 0 0 483768 0 60805839 0 0 0 0 0 0 483768 0
net vnet24 0 0 583459 0 0 0 0 0 0 0 0 0 7108 0 80669667 0 0 0 0 0 0 19802 0
net vnet38 0 0 438643 0 0 0 0 0 0 0 0 0 4173 0 64703840 0 0 0 0 0 0 8666 0
net vnet21 0 0 11160888 0 0 0 0 0 0 0 0 0 77662 0 1150520968 0 0 0 0 0 0 132851 0
net virbr0 0 1357 376613779 0 0 0 0 0 0 0 0 0 5004817 0 70467659027 0 0 0 0 0 0 7229337 0
numa 1 2585885818 18927329 1008175 29040 1605793395 998585922
numa 0 2115511197 1008175 18927329 28452 1146490884 969769253
ps - 850596326 1552476 230 298 311 1 805
sysv_shm - 0 0
tmpfs /run/lock 0 6
tmpfs /run 2228224 1149
tmpfs /run/user/20029 4096 44
tmpfs /run/qemu 0 1
tmpfs /dev/shm 75715264512 271286
vfs - 298274 123385 308158
vm - 12 31493524 1314567784 520887 2496526 4716375207 4729603201 102610020 21928526 4420462062 79161 0 0 0 0 0 2714357 0 1121522 2855 0 2498084 98 0 34 0 0

1764552035.448474 0 node12.dhkim-278716.ldos-ut-pg0.wisc.cloudlab.us
block sda 524293 408649 62972041 9467446 5566497 14811107 2629135705 239232658 0 17229744 252837410
block sdb 2615 0 7504 3511 4 0 0 0 0 4252 3512
block sdc 995 0 7996 261 4 0 0 0 0 960 262
cpu 11 3368352 2 178627 24860548 167083 0 2092
cpu 10 3504923 13 159812 24809519 111376 0 1083
cpu 13 3207936 0 136440 25172902 55937 0 309
cpu 12 3270913 2 152672 25051778 100765 0 812
cpu 15 2954822 0 143937 25394197 74415 0 589
cpu 14 2918913 1 135056 25462628 51931 0 262
cpu 17 3048742 10 140288 25311440 67813 0 404
cpu 16 3007090 0 161368 25250098 145388 0 1478
cpu 19 3028922 0 165555 25245753 122904 0 1146
cpu 18 3155563 2 143333 25217763 52579 0 369
cpu 1 3382207 12 187379 25012393 63215 0 3070
cpu 0 3352430 2 170504 24985208 65063 0 979
cpu 3 3138574 2 189344 25267257 63013 0 1824
cpu 2 3042263 1 208252 25319622 84869 0 1234
cpu 5 2931595 0 152818 25481351 91706 0 3092
cpu 4 2848723 1 178376 25450782 171314 0 7320
cpu 7 3464792 0 150434 24999815 49539 0 886
cpu 6 3235698 1 140108 25224466 61817 0 2404
cpu 9 3013576 2 129844 25468000 52105 0 487
cpu 8 3149215 81 138770 25285453 53622 0 9432
intel_hsw_cbo 1/7 20971793 20972340 20975390 20972852 17217122620124 758137264365 2564172581393 460033268785
intel_hsw_cbo 1/6 20971793 20972340 20975390 20972852 16502803819699 759528988237 2418437884283 460351290219
intel_hsw_cbo 1/0 20971793 20972340 20975390 20972852 15918455562754 757860696623 2233223055386 460183175440
intel_hsw_cbo 1/4 20971793 20972340 20975390 20972852 16236035888936 760502565379 2042046134251 460139738174
intel_hsw_cbo 1/3 20971793 20972340 20975390 20972852 18867443680085 758644315647 2840258348568 460211933750
intel_hsw_cbo 1/1 20971793 20972340 20975390 20972852 16107573172327 759530088333 2352096508560 460131297387
intel_hsw_cbo 0/8 20971793 20972340 20975390 20972852 15140249059653 703149260579 2130835182617 427900774119
intel_hsw_cbo 0/9 20971793 20972340 20975390 20972852 16781927285156 701836975052 2728144369010 427961623694
intel_hsw_cbo 0/6 20971793 20972340 20975390 20972852 16694008725839 757388495078 2244627995643 463295638270
intel_hsw_cbo 0/7 20971793 20972340 20975390 20972852 18079077672475 757240352562 2428528051087 463170210965
intel_hsw_cbo 0/4 20971793 20972340 20975390 20972852 16451928681021 758708432469 2059638291725 463335117537
intel_hsw_cbo 0/5 20971793 20972340 20975390 20972852 20096337400846 754424571654 2450050208682 463490682953
intel_hsw_cbo 0/2 20971793 20972340 20975390 20972852 16001368091630 756625949559 2012962518092 463084142327
intel_hsw_cbo 0/3 20971793 20972340 20975390 20972852 20778157076639 756475912901 2748453724104 463189364702
intel_hsw_cbo 0/0 20971793 20972340 20975390 20972852 16400732131724 756699393922 2245637100197 463631623094
intel_hsw_cbo 0/1 20971793 20972340 20975390 20972852 16811322396002 757660945491 2199603481330 463374616851
intel_hsw_cbo 1/9 20971793 20972340 20975390 20972852 16472397181579 703735563717 2889776635489 425350734723
intel_hsw_cbo 1/5 20971793 20972340 20975390 20972852 18242650814097 756277118220 2550762394485 460582571344
intel_hsw_cbo 1/8 20971793 20972340 20975390 20972852 14880599784495 704783439776 2293272779524 425387037562
intel_hsw_cbo 1/2 20971793 20972340 20975390 20972852 15599077074125 758248054645 1979088433337 460286791458
intel_hsw_hau ff/12.5 20972289 20974593 20971520 20975386 6177719530580 1750876431610 107766402435766 1754844530487
intel_hsw_hau 7f/12.1 20972289 20974593 20971520 20975386 5040295773231 1613340242539 101309428582736 1618379124301
intel_hsw_hau ff/12.1 20972289 20974593 20971520 20975386 7037675241692 2232983353734 107766402453455 2239418965407
intel_hsw_hau 7f/12.5 20972289 20974593 20971520 20975386 4725502388404 1484974873005 101309429655833 1488459921028
intel_hsw_imc ff/14.1 20972292 20974596 20974337 20971778 3074845244339 880269541718 3147613062084 1747075703177 0
intel_hsw_imc ff/14.0 20972292 20974596 20974337 20971778 3942914407607 1367611608409 3488873275577 1517163047041 0
intel_hsw_imc 7f/17.1 20972292 20974596 20974337 20971778 2356011399764 746814985029 2479050570717 1336912506156 0
intel_hsw_imc 7f/17.0 20972292 20974596 20974337 20971778 2354510451420 746753387934 2478265920443 1344474341759 0
intel_hsw_imc 7f/14.0 20972292 20974596 20974337 20971778 2670085691925 879118119499 2571381788425 1081318149023 0
intel_hsw_imc 7f/14.1 20972292 20974596 20974337 20971778 2351560748518 746719903080 2461505753133 1325665899867 0
intel_hsw_imc ff/17.0 20972292 20974596 20974337 20971778 3077578959048 880386732897 3171810092155 1772641396931 0
intel_hsw_imc ff/17.1 20972292 20974596 20974337 20971778 3078637119380 880286970474 3170394840445 1759713962875 0
intel_hsw_qpi ff/08.2 6291712 6292480 6293506 6292483 3872861323885 2718278180025 10674190616864 0
intel_hsw_qpi 7f/08.2 6291712 6292480 6293506 6292483 2715347175567 3876243939149 13752648922022 0
intel_hsw_qpi 7f/09.2 6291712 6292480 6293506 6292483 2716020260573 3876031507542 12566852709104 0
intel_hsw_qpi ff/09.2 6291712 6292480 6293506 6292483 3872884067119 2717772182055 11696622373840 0
intel_hsw_r2pci 7f/10.1 20972580 20975369 20975367 20975368 4726289064 25004602996874 26993977510766 31609015393531
intel_hsw_r2pci ff/10.1 20972580 20975369 20975367 20975368 47226588 23527206654480 26280753767211 29859460531828
mem 1 82566752 31506520 51060232 11373236 38963248 84 0 50250016 12976624 86536 37668 0 0 433048 0 0 0
mem 0 82341048 12750532 69590516 16762964 50866704 168 0 67168664 34918136 464096 110984 0 0 615572 24576 0 0
net vnet23 0 0 8311157 0 0 0 0 0 0 0 0 0 65730 0 496080779 0 0 0 0 0 0 91547 0
net enp6s0f0 0 0 0 0 0 0 0 0 0 0 0 0 0 0 6606 0 0 0 0 0 0 93 0
net vnet47 0 0 130076 0 0 0 0 0 0 0 0 0 561 0 74016 0 0 0 0 0 0 600 0
net vnet20 0 0 11513340 0 0 0 0 0 0 0 0 0 81587 0 1150528585 0 0 0 0 0 0 135977 0
net enp1s0f0 0 1333443 78054441545 0 0 0 0 371 0 0 371 0 81237785 0 1598910809 0 0 0 0 0 0 9067756 0
net lo 0 0 60806384 0 0 0 0 0 0 0 0 0 483772 0 60806384 0 0 0 0 0 0 483772 0
net vnet24 0 0 583459 0 0 0 0 0 0 0 0 0 7108 0 80669667 0 0 0 0 0 0 19802 0
net vnet38 0 0 438643 0 0 0 0 0 0 0 0 0 4173 0 64703840 0 0 0 0 0 0 8666 0
net vnet21 0 0 11160888 0 0 0 0 0 0 0 0 0 77662 0 1150520968 0 0 0 0 0 0 132851 0
net virbr0 0 1357 376616677 0 0 0 0 0 0 0 0 0 5004834 0 70467662717 0 0 0 0 0 0 7229349 0
numa 1 2585887378 18927329 1008175 29040 1605794955 998585922
numa 0 2115512392 1008175 18927329 28452 1146492079 969769253
ps - 850602185 1552493 230 298 311 5 756
sysv_shm - 0 0
tmpfs /run/lock 0 6
tmpfs /run 2228224 1149
tmpfs /run/user/20029 4096 44
tmpfs /run/qemu 0 1
tmpfs /dev/shm 75715264512 271286
vfs - 298276 123385 308161
vm - 12 31493524 1314567852 520887 2496526 4716377968 4729605939 102610020 21928526 4420465582 79161 0 0 0 0 0 2714357 0 1121522 2855 0 2498084 98 0 34 0 0
