$hpcperfstats 2.4
$hostname node12.dhkim-278716.ldos-ut-pg0.wisc.cloudlab.us
$uname Linux x86_64 5.15.0-160-generic #170-Ubuntu SMP Wed Oct 1 10:06:56 UTC 2025
$uptime 284443
!block rd_ios,E rd_merges,E rd_sectors,E,U=512B rd_ticks,E,U=ms wr_ios,E wr_merges,E wr_sectors,E,U=512B wr_ticks,E,U=ms in_flight io_ticks,E,U=ms time_in_queue,E,U=ms
!cpu user,E,U=cs nice,E,U=cs system,E,U=cs idle,E,U=cs iowait,E,U=cs irq,E,U=cs softirq,E,U=cs
!ib excessive_buffer_overrun_errors,E,W=32 link_downed,E,W=32 link_error_recovery,E,W=32 local_link_integrity_errors,E,W=32 port_rcv_constraint_errors,E,W=32 port_rcv_data,E,U=4B,W=32 port_rcv_errors,E,W=32 port_rcv_packets,E,W=32 port_rcv_remote_physical_errors,E,W=32 port_rcv_switch_relay_errors,E,W=32 port_xmit_constraint_errors,E,W=32 port_xmit_data,E,U=4B,W=32 port_xmit_discards,E,W=32 port_xmit_packets,E,W=32 port_xmit_wait,E,U=ms,W=32 symbol_error,E,W=32 VL15_dropped,E,W=32
!ib_ext port_select,C counter_select,C port_xmit_data,E,U=4B port_rcv_data,E,U=4B port_xmit_pkts,E port_rcv_pkts,E port_unicast_xmit_pkts,E port_unicast_rcv_pkts,E port_multicast_xmit_pkts,E port_multicast_rcv_pkts,E
!ib_sw rx_bytes,E,U=4B rx_packets,E tx_bytes,E,U=4B tx_packets,E
!intel_hsw_cbo CTL0,C CTL1,C CTL2,C CTL3,C CTR0,E,W=48 CTR1,E,W=48 CTR2,E,W=48 CTR3,E,W=48
!intel_hsw_hau CTL0,C CTL1,C CTL2,C CTL3,C CTR0,E,W=48 CTR1,E,W=48 CTR2,E,W=48 CTR3,E,W=48
!intel_hsw_imc CTL0,C CTL1,C CTL2,C CTL3,C CTR0,E,W=48 CTR1,E,W=48 CTR2,E,W=48 CTR3,E,W=48 FIXED_CTR,E,W=48
!intel_hsw_qpi CTL0,C CTL1,C CTL2,C CTL3,C CTR0,E,U=flt,W=48 CTR1,E,U=flt,W=48 CTR2,E,U=flt,W=48 CTR3,E,U=flt,W=48
!intel_hsw_r2pci CTL0,C CTL1,C CTL2,C CTL3,C CTR0,E,W=44 CTR1,E,W=44 CTR2,E,W=44 CTR3,E,W=44
!mem MemTotal,U=KB MemFree,U=KB MemUsed,U=KB Active,U=KB Inactive,U=KB Dirty,U=KB Writeback,U=KB FilePages,U=KB Mapped,U=KB AnonPages,U=KB PageTables,U=KB NFS_Unstable,U=KB Bounce,U=KB Slab,U=KB AnonHugePages,U=KB HugePages_Total HugePages_Free
!net collisions,E multicast,E rx_bytes,E,U=B rx_compressed,E rx_crc_errors,E rx_dropped,E rx_errors,E rx_fifo_errors,E rx_frame_errors,E rx_length_errors,E rx_missed_errors,E rx_over_errors,E rx_packets,E tx_aborted_errors,E tx_bytes,E,U=B tx_carrier_errors,E tx_compressed,E tx_dropped,E tx_errors,E tx_fifo_errors,E tx_heartbeat_errors,E tx_packets,E tx_window_errors,E
!numa numa_hit,E numa_miss,E numa_foreign,E interleave_hit,E local_node,E other_node,E
!ps ctxt,E processes,E load_1 load_5 load_15 nr_running nr_threads
!sysv_shm mem_used,U=B segs_used
!tmpfs bytes_used,U=B files_used
!vfs dentry_use file_use inode_use
!vm nr_anon_transparent_hugepages pgpgin,E,U=KB pgpgout,E,U=KB pswpin,E pswpout,E pgalloc_normal,E pgfree,E pgactivate,E pgdeactivate,E pgfault,E pgmajfault,E pgrefill_normal,E pgsteal_normal,E pgscan_kswapd_normal,E pgscan_direct_normal,E pginodesteal,E slabs_scanned,E kswapd_steal,E kswapd_inodesteal,E pageoutrun,E allocstall,E pgrotated,E thp_fault_alloc,E thp_fault_fallback,E thp_collapse_alloc,E thp_collapse_alloc_failed,E thp_split,E

1764549254.115242 0 node12.dhkim-278716.ldos-ut-pg0.wisc.cloudlab.us
%begin -
block sda 414798 406993 56275537 9188695 5510383 14723219 2621474420 238243213 1 16941340 251538950
block sdb 2600 0 7504 3491 4 0 0 0 0 4228 3491
block sdc 990 0 7993 259 4 0 0 0 0 956 260
cpu 11 3367042 2 177728 24586295 166739 0 2091
cpu 10 3503504 13 158948 24535266 111049 0 1081
cpu 13 3206575 0 135487 24898744 55476 0 307
cpu 12 3269786 2 151772 24777806 100279 0 811
cpu 15 2953773 0 142080 25120659 73934 0 588
cpu 14 2917750 1 134173 25188223 51671 0 262
cpu 17 3047785 10 138907 25036786 67479 0 402
cpu 16 3005927 0 160484 24975478 144793 0 1477
cpu 19 3028001 0 164733 24970948 122264 0 1144
cpu 18 3154621 2 142510 24942823 51978 0 367
cpu 1 3266569 12 128467 24914330 58621 0 3016
cpu 0 3247776 2 131750 24857414 60505 0 916
cpu 3 3051227 2 128149 25141787 59623 0 1789
cpu 2 2956850 1 147402 25192269 81716 0 1198
cpu 5 2905494 0 137477 25248020 89479 0 3074
cpu 4 2821171 1 163902 25219460 168755 0 7286
cpu 7 3437904 0 136867 24765056 47486 0 875
cpu 6 3208840 1 126114 24990414 59690 0 2389
cpu 9 3013270 2 129132 25191788 51815 0 486
cpu 8 3148800 81 138014 25009861 53201 0 9396
intel_hsw_cbo 1/7 20971793 20972340 20975390 20972852 17214805014758 757456310171 2563793682216 459795465858
intel_hsw_cbo 1/6 20971793 20972340 20975390 20972852 16500551876533 758861688041 2417823036096 460115000279
intel_hsw_cbo 1/0 20971793 20972340 20975390 20972852 15916236214866 757183867012 2232586701287 459945833517
intel_hsw_cbo 1/4 20971793 20972340 20975390 20972852 16233790623311 759814392895 2041404914857 459902316762
intel_hsw_cbo 1/3 20971793 20972340 20975390 20972852 18865003260110 757971761168 2839764375747 459977033735
intel_hsw_cbo 1/1 20971793 20972340 20975390 20972852 16105340499642 758850522709 2351469862941 459893383652
intel_hsw_cbo 0/8 20971793 20972340 20975390 20972852 15093296211655 693127214395 2117285905397 424034770230
intel_hsw_cbo 0/9 20971793 20972340 20975390 20972852 16731047606552 692192453765 2721685106685 424060891814
intel_hsw_cbo 0/6 20971793 20972340 20975390 20972852 16648042645309 746752486125 2231596956176 459144915846
intel_hsw_cbo 0/7 20971793 20972340 20975390 20972852 18034263141536 746729114347 2425421691539 458979954513
intel_hsw_cbo 0/4 20971793 20972340 20975390 20972852 16405972432822 747811997591 2037352753272 459060631943
intel_hsw_cbo 0/5 20971793 20972340 20975390 20972852 20052407406624 744065026254 2446569624783 459298190298
intel_hsw_cbo 0/2 20971793 20972340 20975390 20972852 15955060983197 745905140159 1990599251800 458979168382
intel_hsw_cbo 0/3 20971793 20972340 20975390 20972852 20730191983674 745567357217 2741389037108 459037418562
intel_hsw_cbo 0/0 20971793 20972340 20975390 20972852 16356354389246 746062148075 2224133214110 459435235683
intel_hsw_cbo 0/1 20971793 20972340 20975390 20972852 16766187962805 746860645501 2185287119724 459092812800
intel_hsw_cbo 1/9 20971793 20972340 20975390 20972852 16470029192404 703110310264 2889284908044 425123120103
intel_hsw_cbo 1/5 20971793 20972340 20975390 20972852 18240271388398 755606515143 2550380754162 460344069134
intel_hsw_cbo 1/8 20971793 20972340 20975390 20972852 14878311868537 704147978748 2292661413709 425160622059
intel_hsw_cbo 1/2 20971793 20972340 20975390 20972852 15596871751349 757568966543 1978469591958 460050287362
intel_hsw_hau ff/12.5 20972289 20974593 20971520 20975386 6176353010449 1750577855130 101057138691477 1754531903499
intel_hsw_hau 7f/12.1 20972289 20974593 20971520 20975386 5025667619027 1603893000044 94387262996279 1608907921746
intel_hsw_hau ff/12.1 20972289 20974593 20971520 20975386 7034330916705 2231935114569 101057138724204 2238342261557
intel_hsw_hau 7f/12.5 20972289 20974593 20971520 20975386 4714298741403 1477384756308 94387264044258 1480867129172
intel_hsw_imc ff/14.1 20972292 20974596 20974337 20971778 3074167609507 880114614845 3147338028356 1747046553574 0
intel_hsw_imc ff/14.0 20972292 20974596 20974337 20971778 3940224394401 1366657597112 3488146331766 1517046064158 0
intel_hsw_imc 7f/17.1 20972292 20974596 20974337 20971778 2350405866994 743022652486 2472282365414 1335442996081 0
intel_hsw_imc 7f/17.0 20972292 20974596 20974337 20971778 2348778216845 742831951426 2471366383659 1342991432608 0
intel_hsw_imc 7f/14.0 20972292 20974596 20974337 20971778 2660990695239 873377104824 2562333613350 1079586120515 0
intel_hsw_imc 7f/14.1 20972292 20974596 20974337 20971778 2345842419828 742812600495 2454621280439 1324188760386 0
intel_hsw_imc ff/17.0 20972292 20974596 20974337 20971778 3076899694857 880230311440 3171531418123 1772611835131 0
intel_hsw_imc ff/17.1 20972292 20974596 20974337 20971778 3077932653251 880108283652 3170092354759 1759683659413 0
intel_hsw_qpi ff/08.2 6291712 6292480 6293506 6292483 3870662773287 2704697406774 10671382272760 0
intel_hsw_qpi 7f/08.2 6291712 6292480 6293506 6292483 2701775667123 3874045320625 13749822118494 0
intel_hsw_qpi 7f/09.2 6291712 6292480 6293506 6292483 2702439684867 3873832847569 12564517060096 0
intel_hsw_qpi ff/09.2 6291712 6292480 6293506 6292483 3870685576532 2704200576249 11692749086824 0
intel_hsw_r2pci 7f/10.1 20972580 20975369 20975367 20975368 4604801712 24783101795087 26836701613913 31403442193842
intel_hsw_r2pci ff/10.1 20972580 20975369 20975367 20975368 46761276 23510519005045 26235571483055 29811244345680
mem 1 82566752 31489176 51077576 11370544 38953996 108 0 50244688 12972160 79868 37300 0 0 440356 0 0 0
mem 0 82341048 13046888 69294160 16921756 50272800 248 0 66679084 39583088 518840 114648 0 0 623404 28672 0 0
net enp6s0f0 0 0 0 0 0 0 0 0 0 0 0 0 0 0 6536 0 0 0 0 0 0 92 0
net vnet40 0 0 36000 0 0 0 0 0 0 0 0 0 201 0 32966 0 0 0 0 0 0 185 0
net enp1s0f0 0 1317990 77977582697 0 0 0 0 371 0 0 371 0 80951362 0 1596989502 0 0 0 0 0 0 9054613 0
net lo 0 0 59913231 0 0 0 0 0 0 0 0 0 476577 0 59913231 0 0 0 0 0 0 476577 0
net vnet20 0 0 11512096 0 0 0 0 0 0 0 0 0 81574 0 1150439557 0 0 0 0 0 0 134397 0
net vnet23 0 0 8310087 0 0 0 0 0 0 0 0 0 65720 0 495991925 0 0 0 0 0 0 89970 0
net vnet21 0 0 11159818 0 0 0 0 0 0 0 0 0 77652 0 1150432114 0 0 0 0 0 0 131274 0
net vnet37 0 0 225707 0 0 0 0 0 0 0 0 0 1454 0 5980885 0 0 0 0 0 0 2150 0
net vnet24 0 0 582459 0 0 0 0 0 0 0 0 0 7099 0 80580743 0 0 0 0 0 0 18224 0
net vnet38 0 0 437329 0 0 0 0 0 0 0 0 0 4159 0 64614812 0 0 0 0 0 0 7086 0
net virbr0 0 1267 375549072 0 0 0 0 0 0 0 0 0 4997059 0 70408384820 0 0 0 0 0 0 7220522 0
numa 1 2582725200 18927329 1008175 29040 1602632777 998585922
numa 0 2097178693 1008175 18927329 28452 1128158462 969769173
ps - 829554493 1528295 191 227 225 1 823
sysv_shm - 0 0
tmpfs /run/lock 0 6
tmpfs /run 2281472 1160
tmpfs /run/user/20029 4096 44
tmpfs /run/qemu 0 1
tmpfs /dev/shm 70441304064 271023
vfs - 298264 122545 307955
vm - 14 28145288 1310737210 520713 2496526 4694847683 4708162910 86238379 21487430 4400408093 76535 0 0 0 0 0 2714357 0 1121522 2855 0 2495195 84 0 34 0 0

1764549254.156695 0 node12.dhkim-278716.ldos-ut-pg0.wisc.cloudlab.us
block sda 414799 406993 56275569 9188701 5510383 14723219 2621474420 238243213 0 16941344 251538956
block sdb 2600 0 7504 3491 4 0 0 0 0 4228 3491
block sdc 990 0 7993 259 4 0 0 0 0 956 260
cpu 11 3367042 2 177728 24586299 166739 0 2091
cpu 10 3503504 13 158949 24535270 111049 0 1081
cpu 13 3206575 0 135487 24898748 55476 0 307
cpu 12 3269786 2 151772 24777810 100279 0 811
cpu 15 2953773 0 142080 25120663 73934 0 588
cpu 14 2917750 1 134173 25188227 51671 0 262
cpu 17 3047786 10 138908 25036789 67479 0 402
cpu 16 3005927 0 160484 24975482 144793 0 1477
cpu 19 3028001 0 164733 24970952 122264 0 1144
cpu 18 3154621 2 142510 24942827 51978 0 367
cpu 1 3266570 12 128467 24914333 58621 0 3016
cpu 0 3247778 2 131750 24857416 60505 0 916
cpu 3 3051228 2 128149 25141791 59623 0 1789
cpu 2 2956851 1 147402 25192272 81716 0 1198
cpu 5 2905494 0 137477 25248024 89479 0 3074
cpu 4 2821172 1 163902 25219463 168755 0 7286
cpu 7 3437905 0 136867 24765059 47486 0 875
cpu 6 3208842 1 126114 24990416 59690 0 2389
cpu 9 3013271 2 129133 25191791 51815 0 486
cpu 8 3148800 81 138015 25009863 53201 0 9396
intel_hsw_cbo 1/7 20971793 20972340 20975390 20972852 17214805251520 757456344051 2563793745857 459795480233
intel_hsw_cbo 1/6 20971793 20972340 20975390 20972852 16500552076424 758861721546 2417823055640 460115014403
intel_hsw_cbo 1/0 20971793 20972340 20975390 20972852 15916236419032 757183900740 2232586789951 459945847486
intel_hsw_cbo 1/4 20971793 20972340 20975390 20972852 16233790832153 759814427561 2041404995114 459902331082
intel_hsw_cbo 1/3 20971793 20972340 20975390 20972852 18865003518730 757971794470 2839764451446 459977047880
intel_hsw_cbo 1/1 20971793 20972340 20975390 20972852 16105340720417 758850556550 2351469891520 459893397924
intel_hsw_cbo 0/8 20971793 20972340 20975390 20972852 15093296885649 693127278319 2117285960633 424034806804
intel_hsw_cbo 0/9 20971793 20972340 20975390 20972852 16731048762926 692192518582 2721685239942 424060926683
intel_hsw_cbo 0/6 20971793 20972340 20975390 20972852 16648043221740 746752559371 2231597030945 459144953035
intel_hsw_cbo 0/7 20971793 20972340 20975390 20972852 18034263719541 746729182372 2425421824558 458979990152
intel_hsw_cbo 0/4 20971793 20972340 20975390 20972852 16405972983950 747812066277 2037352866913 459060669524
intel_hsw_cbo 0/5 20971793 20972340 20975390 20972852 20052408007381 744065093882 2446569765367 459298228024
intel_hsw_cbo 0/2 20971793 20972340 20975390 20972852 15955061549157 745905209000 1990599362629 458979206202
intel_hsw_cbo 0/3 20971793 20972340 20975390 20972852 20730192606525 745567428338 2741389196534 459037456207
intel_hsw_cbo 0/0 20971793 20972340 20975390 20972852 16356354909015 746062218799 2224133336556 459435274228
intel_hsw_cbo 0/1 20971793 20972340 20975390 20972852 16766188503045 746860714965 2185287184565 459092850449
intel_hsw_cbo 1/9 20971793 20972340 20975390 20972852 16470029452891 703110340531 2889284976198 425123133338
intel_hsw_cbo 1/5 20971793 20972340 20975390 20972852 18240271636451 755606548321 2550380822269 460344083231
intel_hsw_cbo 1/8 20971793 20972340 20975390 20972852 14878312084740 704148009568 2292661435147 425160635320
intel_hsw_cbo 1/2 20971793 20972340 20975390 20972852 15596871957415 757569000236 1978469681246 460050301665
intel_hsw_hau ff/12.5 20972289 20974593 20971520 20975386 6176353041949 1750577867032 101057192797655 1754531916323
intel_hsw_hau 7f/12.1 20972289 20974593 20971520 20975386 5025667860099 1603893040413 94387317858778 1608907964524
intel_hsw_hau ff/12.1 20972289 20974593 20971520 20975386 7034331049828 2231935131154 101057192839954 2238342279973
intel_hsw_hau 7f/12.5 20972289 20974593 20971520 20975386 4714298888281 1477384789568 94387318897165 1480867163424
intel_hsw_imc ff/14.1 20972292 20974596 20974337 20971778 3074167624522 880114619018 3147338042508 1747046554093 0
intel_hsw_imc ff/14.0 20972292 20974596 20974337 20971778 3940224512389 1366657607438 3488146365217 1517046068043 0
intel_hsw_imc 7f/17.1 20972292 20974596 20974337 20971778 2350405925356 743022669235 2472282412931 1335443001461 0
intel_hsw_imc 7f/17.0 20972292 20974596 20974337 20971778 2348778277012 742831969995 2471366432944 1342991438023 0
intel_hsw_imc 7f/14.0 20972292 20974596 20974337 20971778 2660990824292 873377132125 2562333697731 1079586128612 0
intel_hsw_imc 7f/14.1 20972292 20974596 20974337 20971778 2345842478551 742812617393 2454621328251 1324188765942 0
intel_hsw_imc ff/17.0 20972292 20974596 20974337 20971778 3076899710424 880230315604 3171531432641 1772611835679 0
intel_hsw_imc ff/17.1 20972292 20974596 20974337 20971778 3077932669560 880108289285 3170092370362 1759683659980 0
intel_hsw_qpi ff/08.2 6291712 6292480 6293506 6292483 3870662855325 2704697558451 10671382322688 0
intel_hsw_qpi 7f/08.2 6291712 6292480 6293506 6292483 2701775818523 3874045402581 13749822208262 0
intel_hsw_qpi 7f/09.2 6291712 6292480 6293506 6292483 2702439836528 3873832929608 12564517108784 0
intel_hsw_qpi ff/09.2 6291712 6292480 6293506 6292483 3870685658484 2704200727701 11692749178504 0
intel_hsw_r2pci 7f/10.1 20972580 20975369 20975367 20975368 4604807166 24783102824929 26836702711895 31403443337806
intel_hsw_r2pci ff/10.1 20972580 20975369 20975367 20975368 46761276 23510519635293 26235572079463 29811245101658
mem 1 82566752 31489176 51077576 11370544 38954440 108 0 50244688 12973492 80756 37300 0 0 440356 0 0 0
mem 0 82341048 13045880 69295168 16921756 50274132 248 0 66679084 39583088 520172 114648 0 0 623404 28672 0 0
net enp6s0f0 0 0 0 0 0 0 0 0 0 0 0 0 0 0 6536 0 0 0 0 0 0 92 0
net vnet40 0 0 37460 0 0 0 0 0 0 0 0 0 206 0 34882 0 0 0 0 0 0 190 0
net enp1s0f0 0 1317990 77977582851 0 0 0 0 371 0 0 371 0 80951363 0 1596991489 0 0 0 0 0 0 9054619 0
net lo 0 0 59914427 0 0 0 0 0 0 0 0 0 476585 0 59914427 0 0 0 0 0 0 476585 0
net vnet20 0 0 11512096 0 0 0 0 0 0 0 0 0 81574 0 1150439557 0 0 0 0 0 0 134397 0
net vnet23 0 0 8310087 0 0 0 0 0 0 0 0 0 65720 0 495991925 0 0 0 0 0 0 89970 0
net vnet21 0 0 11159818 0 0 0 0 0 0 0 0 0 77652 0 1150432114 0 0 0 0 0 0 131274 0
net vnet37 0 0 225707 0 0 0 0 0 0 0 0 0 1454 0 5980885 0 0 0 0 0 0 2150 0
net vnet24 0 0 582459 0 0 0 0 0 0 0 0 0 7099 0 80580743 0 0 0 0 0 0 18224 0
net vnet38 0 0 437329 0 0 0 0 0 0 0 0 0 4159 0 64614812 0 0 0 0 0 0 7086 0
net virbr0 0 1267 375549330 0 0 0 0 0 0 0 0 0 4997063 0 70408386736 0 0 0 0 0 0 7220527 0
numa 1 2582726129 18927329 1008175 29040 1602633706 998585922
numa 0 2097179496 1008175 18927329 28452 1128159265 969769173
ps - 829555386 1528305 191 227 225 4 829
sysv_shm - 0 0
tmpfs /run/lock 0 6
tmpfs /run 2281472 1160
tmpfs /run/user/20029 4096 44
tmpfs /run/qemu 0 1
tmpfs /dev/shm 70441304064 271023
vfs - 298275 122625 307976
vm - 14 28145392 1310737210 520713 2496526 4694849418 4708163780 86238394 21487430 4400410649 76536 0 0 0 0 0 2714357 0 1121522 2855 0 2495195 84 0 34 0 0

1764549255.191398 0 node12.dhkim-278716.ldos-ut-pg0.wisc.cloudlab.us
block sda 414852 406998 56277072 9188880 5510392 14723221 2621474508 238243306 0 16941612 251539228
block sdb 2600 0 7504 3491 4 0 0 0 0 4228 3491
block sdc 990 0 7993 259 4 0 0 0 0 956 260
cpu 11 3367045 2 177728 24586399 166739 0 2091
cpu 10 3503504 13 158949 24535371 111049 0 1081
cpu 13 3206576 0 135487 24898849 55476 0 307
cpu 12 3269786 2 151772 24777912 100279 0 811
cpu 15 2953773 0 142080 25120765 73934 0 588
cpu 14 2917750 1 134173 25188329 51671 0 262
cpu 17 3047787 10 138909 25036889 67479 0 402
cpu 16 3005927 0 160485 24975584 144793 0 1477
cpu 19 3028001 0 164736 24971054 122264 0 1144
cpu 18 3154622 2 142511 24942930 51978 0 367
cpu 1 3266588 12 128472 24914411 58621 0 3016
cpu 0 3247796 2 131752 24857495 60506 0 916
cpu 3 3051240 2 128150 25141876 59624 0 1789
cpu 2 2956885 1 147404 25192336 81719 0 1198
cpu 5 2905502 0 137480 25248112 89482 0 3074
cpu 4 2821181 1 163904 25219551 168756 0 7286
cpu 7 3437922 0 136868 24765140 47488 0 875
cpu 6 3208852 1 126118 24990501 59693 0 2389
cpu 9 3013274 2 129133 25191890 51815 0 486
cpu 8 3148801 81 138015 25009965 53201 0 9396
intel_hsw_cbo 1/7 20971793 20972340 20975390 20972852 17214806978809 757456660414 2563793797221 459795577350
intel_hsw_cbo 1/6 20971793 20972340 20975390 20972852 16500553677000 758862030238 2417823249379 460115111030
intel_hsw_cbo 1/0 20971793 20972340 20975390 20972852 15916238069422 757184213943 2232587548404 459945944370
intel_hsw_cbo 1/4 20971793 20972340 20975390 20972852 16233792411424 759814747109 2041405678571 459902428093
intel_hsw_cbo 1/3 20971793 20972340 20975390 20972852 18865005486010 757972104880 2839764607685 459977144424
intel_hsw_cbo 1/1 20971793 20972340 20975390 20972852 16105342361641 758850871841 2351470271389 459893495511
intel_hsw_cbo 0/8 20971793 20972340 20975390 20972852 15093305142449 693128972294 2117287360646 424035570706
intel_hsw_cbo 0/9 20971793 20972340 20975390 20972852 16731057493634 692194206412 2721686255842 424061689567
intel_hsw_cbo 0/6 20971793 20972340 20975390 20972852 16648051245946 746754446481 2231598425848 459145775919
intel_hsw_cbo 0/7 20971793 20972340 20975390 20972852 18034271403057 746731026240 2425422650876 458980811664
intel_hsw_cbo 0/4 20971793 20972340 20975390 20972852 16405980575028 747813920489 2037354274634 459061513966
intel_hsw_cbo 0/5 20971793 20972340 20975390 20972852 20052415906193 744066910395 2446570686037 459299054659
intel_hsw_cbo 0/2 20971793 20972340 20975390 20972852 15955069355079 745907081459 1990600754345 458980035129
intel_hsw_cbo 0/3 20971793 20972340 20975390 20972852 20730200885746 745569313436 2741390402873 459038285463
intel_hsw_cbo 0/0 20971793 20972340 20975390 20972852 16356362708748 746064078576 2224134816514 459436105996
intel_hsw_cbo 0/1 20971793 20972340 20975390 20972852 16766196107649 746862567134 2185288651992 459093676294
intel_hsw_cbo 1/9 20971793 20972340 20975390 20972852 16470031202431 703110624325 2889285132279 425123225995
intel_hsw_cbo 1/5 20971793 20972340 20975390 20972852 18240273358397 755606857809 2550380874816 460344179892
intel_hsw_cbo 1/8 20971793 20972340 20975390 20972852 14878313665360 704148299526 2292661725159 425160727598
intel_hsw_cbo 1/2 20971793 20972340 20975390 20972852 15596873620958 757569314811 1978470449616 460050398392
intel_hsw_hau ff/12.5 20972289 20974593 20971520 20975386 6176353668012 1750578016098 101058802452380 1754532073164
intel_hsw_hau 7f/12.1 20972289 20974593 20971520 20975386 5025671068125 1603894496636 94389009725130 1608909434318
intel_hsw_hau ff/12.1 20972289 20974593 20971520 20975386 7034332510692 2231935550576 101058802475069 2238342715437
intel_hsw_hau 7f/12.5 20972289 20974593 20971520 20975386 4714301300419 1477385957535 94389010788675 1480868332808
intel_hsw_imc ff/14.1 20972292 20974596 20974337 20971778 3074167934575 880114696738 3147338190956 1747046568370 0
intel_hsw_imc ff/14.0 20972292 20974596 20974337 20971778 3940225674688 1366657981858 3488146688669 1517046114600 0
intel_hsw_imc 7f/17.1 20972292 20974596 20974337 20971778 2350407134005 743023253896 2472283474643 1335443209418 0
intel_hsw_imc 7f/17.0 20972292 20974596 20974337 20971778 2348779535934 742832606294 2471367544701 1342991648069 0
intel_hsw_imc 7f/14.0 20972292 20974596 20974337 20971778 2660992898532 873378091528 2562335122264 1079586339154 0
intel_hsw_imc 7f/14.1 20972292 20974596 20974337 20971778 2345843686739 742813202659 2454622387115 1324188973043 0
intel_hsw_imc ff/17.0 20972292 20974596 20974337 20971778 3076900022254 880230394133 3171531581280 1772611850233 0
intel_hsw_imc ff/17.1 20972292 20974596 20974337 20971778 3077932993479 880108379205 3170092531218 1759683674961 0
intel_hsw_qpi ff/08.2 6291712 6292480 6293506 6292483 3870663983386 2704700435345 10671383951888 0
intel_hsw_qpi 7f/08.2 6291712 6292480 6293506 6292483 2701778691966 3874046529454 13749823184806 0
intel_hsw_qpi 7f/09.2 6291712 6292480 6293506 6292483 2702442713348 3873834057675 12564517908840 0
intel_hsw_qpi ff/09.2 6291712 6292480 6293506 6292483 3870686785544 2704203601220 11692751382472 0
intel_hsw_r2pci 7f/10.1 20972580 20975369 20975367 20975368 4604835602 24783138324875 26836735588133 31403478975032
intel_hsw_r2pci ff/10.1 20972580 20975369 20975367 20975368 46761430 23510527646180 26235583785464 29811259421789
mem 1 82566752 31488168 51078584 11370804 38954612 156 0 50244940 12971784 80560 37532 0 0 440396 0 0 0
mem 0 82341048 13042604 69298444 16922180 50277692 380 0 66682552 39586088 519752 114836 0 0 623408 28672 0 0
net enp6s0f0 0 0 0 0 0 0 0 0 0 0 0 0 0 0 6536 0 0 0 0 0 0 92 0
net vnet40 0 0 45804 0 0 0 0 0 0 0 0 0 251 0 42752 0 0 0 0 0 0 231 0
net enp1s0f0 0 1317995 77977589490 0 0 0 0 371 0 0 371 0 80951463 0 1596992938 0 0 0 0 0 0 9054627 0
net lo 0 0 59914972 0 0 0 0 0 0 0 0 0 476589 0 59914972 0 0 0 0 0 0 476589 0
net vnet20 0 0 11512096 0 0 0 0 0 0 0 0 0 81574 0 1150439609 0 0 0 0 0 0 134398 0
net vnet23 0 0 8310087 0 0 0 0 0 0 0 0 0 65720 0 495991977 0 0 0 0 0 0 89971 0
net vnet21 0 0 11159818 0 0 0 0 0 0 0 0 0 77652 0 1150432166 0 0 0 0 0 0 131275 0
net vnet37 0 0 225707 0 0 0 0 0 0 0 0 0 1454 0 5980937 0 0 0 0 0 0 2151 0
net vnet24 0 0 582459 0 0 0 0 0 0 0 0 0 7099 0 80580795 0 0 0 0 0 0 18225 0
net vnet38 0 0 437329 0 0 0 0 0 0 0 0 0 4159 0 64614864 0 0 0 0 0 0 7087 0
net virbr0 0 1267 375558176 0 0 0 0 0 0 0 0 0 4997109 0 70408394554 0 0 0 0 0 0 7220567 0
numa 1 2582728197 18927329 1008175 29040 1602635774 998585922
numa 0 2097181804 1008175 18927329 28452 1128161573 969769173
ps - 829566990 1528324 191 227 225 2 830
sysv_shm - 0 0
tmpfs /run/lock 0 6
tmpfs /run 2281472 1160
tmpfs /run/user/20029 4096 44
tmpfs /run/qemu 0 1
tmpfs /dev/shm 70441304064 271023
vfs - 298275 122705 308065
vm - 14 28146040 1310737254 520727 2496526 4694853790 4708167396 86238527 21487430 4400415615 76536 0 0 0 0 0 2714357 0 1121522 2855 0 2495195 84 0 34 0 0

1764549256.226682 0 node12.dhkim-278716.ldos-ut-pg0.wisc.cloudlab.us
block sda 414858 406999 56277161 9188929 5510478 14723358 2621477612 238244150 0 16941820 251540194
block sdb 2600 0 7504 3491 4 0 0 0 0 4228 3491
block sdc 990 0 7993 259 4 0 0 0 0 956 260
cpu 11 3367047 2 177728 24586501 166739 0 2091
cpu 10 3503504 13 158949 24535472 111049 0 1081
cpu 13 3206577 0 135488 24898943 55482 0 307
cpu 12 3269787 2 151773 24778015 100279 0 811
cpu 15 2953774 0 142081 25120867 73934 0 588
cpu 14 2917750 1 134173 25188432 51671 0 262
cpu 17 3047787 10 138910 25036992 67479 0 402
cpu 16 3005928 0 160486 24975686 144793 0 1477
cpu 19 3028001 0 164736 24971157 122264 0 1144
cpu 18 3154622 2 142511 24943033 51978 0 367
cpu 1 3266588 12 128473 24914505 58628 0 3016
cpu 0 3247797 2 131753 24857583 60518 0 916
cpu 3 3051243 2 128152 25141965 59634 0 1789
cpu 2 2956981 1 147408 25192338 81720 0 1198
cpu 5 2905503 0 137480 25248209 89487 0 3074
cpu 4 2821184 1 163905 25219641 168766 0 7286
cpu 7 3437923 0 136873 24765223 47502 0 875
cpu 6 3208853 1 126119 24990592 59704 0 2389
cpu 9 3013274 2 129133 25191993 51815 0 486
cpu 8 3148801 81 138015 25010068 53201 0 9396
intel_hsw_cbo 1/7 20971793 20972340 20975390 20972852 17214808043546 757456951505 2563793832376 459795671622
intel_hsw_cbo 1/6 20971793 20972340 20975390 20972852 16500554787078 758862313143 2417823701471 460115204311
intel_hsw_cbo 1/0 20971793 20972340 20975390 20972852 15916239142068 757184502872 2232587822796 459946039681
intel_hsw_cbo 1/4 20971793 20972340 20975390 20972852 16233793571714 759815040246 2041405988466 459902524233
intel_hsw_cbo 1/3 20971793 20972340 20975390 20972852 18865006691156 757972391290 2839764719266 459977237826
intel_hsw_cbo 1/1 20971793 20972340 20975390 20972852 16105343450706 758851161532 2351470716655 459893591198
intel_hsw_cbo 0/8 20971793 20972340 20975390 20972852 15093307893943 693130056142 2117288022054 424035948056
intel_hsw_cbo 0/9 20971793 20972340 20975390 20972852 16731060053468 692195303317 2721686481295 424062061558
intel_hsw_cbo 0/6 20971793 20972340 20975390 20972852 16648054011621 746755641218 2231599043235 459146191547
intel_hsw_cbo 0/7 20971793 20972340 20975390 20972852 18034274007773 746732277072 2425422759649 458981220745
intel_hsw_cbo 0/4 20971793 20972340 20975390 20972852 16405983258120 747815235532 2037354845269 459061974138
intel_hsw_cbo 0/5 20971793 20972340 20975390 20972852 20052418731678 744068083288 2446570808458 459299463838
intel_hsw_cbo 0/2 20971793 20972340 20975390 20972852 15955072120628 745908309205 1990601291234 458980438159
intel_hsw_cbo 0/3 20971793 20972340 20975390 20972852 20730203809207 745570581497 2741390638565 459038710224
intel_hsw_cbo 0/0 20971793 20972340 20975390 20972852 16356365789443 746065303647 2224135336926 459436528372
intel_hsw_cbo 0/1 20971793 20972340 20975390 20972852 16766198828641 746863772430 2185289297183 459094083220
intel_hsw_cbo 1/9 20971793 20972340 20975390 20972852 16470032364986 703110885118 2889285244523 425123317108
intel_hsw_cbo 1/5 20971793 20972340 20975390 20972852 18240274460767 755607141023 2550380910872 460344274038
intel_hsw_cbo 1/8 20971793 20972340 20975390 20972852 14878314751993 704148565423 2292662174342 425160817117
intel_hsw_cbo 1/2 20971793 20972340 20975390 20972852 15596874705874 757569603420 1978470748232 460050491942
intel_hsw_hau ff/12.5 20972289 20974593 20971520 20975386 6176354266309 1750578149798 101061479186594 1754532212618
intel_hsw_hau 7f/12.1 20972289 20974593 20971520 20975386 5025673206916 1603895192797 94391785559888 1608910143696
intel_hsw_hau ff/12.1 20972289 20974593 20971520 20975386 7034333932186 2231935943363 101061479169563 2238343120646
intel_hsw_hau 7f/12.5 20972289 20974593 20971520 20975386 4714302852430 1477386466481 94391786665303 1480868843810
intel_hsw_imc ff/14.1 20972292 20974596 20974337 20971778 3074168231392 880114765940 3147338304189 1747046582085 0
intel_hsw_imc ff/14.0 20972292 20974596 20974337 20971778 3940226811833 1366658333297 3488146942597 1517046157688 0
intel_hsw_imc 7f/17.1 20972292 20974596 20974337 20971778 2350407908710 743023509038 2472283900756 1335443300629 0
intel_hsw_imc 7f/17.0 20972292 20974596 20974337 20971778 2348780363301 742832914842 2471368024343 1342991740175 0
intel_hsw_imc 7f/14.0 20972292 20974596 20974337 20971778 2660994332950 873378622588 2562335762670 1079586420502 0
intel_hsw_imc 7f/14.1 20972292 20974596 20974337 20971778 2345844460832 742813458108 2454622812758 1324189062873 0
intel_hsw_imc ff/17.0 20972292 20974596 20974337 20971778 3076900318908 880230463590 3171531694443 1772611864120 0
intel_hsw_imc ff/17.1 20972292 20974596 20974337 20971778 3077933303690 880108459901 3170092657269 1759683689169 0
intel_hsw_qpi ff/08.2 6291712 6292480 6293506 6292483 3870665103638 2704701867523 10671385333544 0
intel_hsw_qpi 7f/08.2 6291712 6292480 6293506 6292483 2701780120668 3874047648961 13749824000246 0
intel_hsw_qpi 7f/09.2 6291712 6292480 6293506 6292483 2702444145461 3873835178042 12564518628080 0
intel_hsw_qpi ff/09.2 6291712 6292480 6293506 6292483 3870687904774 2704205029937 11692753283976 0
intel_hsw_r2pci 7f/10.1 20972580 20975369 20975367 20975368 4604843522 24783164216522 26836784717294 31403517676077
intel_hsw_r2pci ff/10.1 20972580 20975369 20975367 20975368 46761588 23510535636318 26235592006609 29811269810718
mem 1 82566752 31488420 51078332 11370924 38953848 192 0 50244952 12971784 79892 37608 0 0 440396 0 0 0
mem 0 82341048 13041344 69299704 16922220 50278476 368 0 66683280 39586804 520672 114872 0 0 623392 28672 0 0
net enp6s0f0 0 0 0 0 0 0 0 0 0 0 0 0 0 0 6536 0 0 0 0 0 0 92 0
net vnet40 0 0 45804 0 0 0 0 0 0 0 0 0 251 0 42752 0 0 0 0 0 0 231 0
net enp1s0f0 0 1318000 77977595427 0 0 0 0 371 0 0 371 0 80951556 0 1596993649 0 0 0 0 0 0 9054632 0
net lo 0 0 59915517 0 0 0 0 0 0 0 0 0 476593 0 59915517 0 0 0 0 0 0 476593 0
net vnet20 0 0 11512096 0 0 0 0 0 0 0 0 0 81574 0 1150439609 0 0 0 0 0 0 134398 0
net vnet23 0 0 8310087 0 0 0 0 0 0 0 0 0 65720 0 495991977 0 0 0 0 0 0 89971 0
net vnet21 0 0 11159818 0 0 0 0 0 0 0 0 0 77652 0 1150432166 0 0 0 0 0 0 131275 0
net vnet37 0 0 225707 0 0 0 0 0 0 0 0 0 1454 0 5980937 0 0 0 0 0 0 2151 0
net vnet24 0 0 582459 0 0 0 0 0 0 0 0 0 7099 0 80580795 0 0 0 0 0 0 18225 0
net vnet38 0 0 437329 0 0 0 0 0 0 0 0 0 4159 0 64614864 0 0 0 0 0 0 7087 0
net virbr0 0 1267 375558176 0 0 0 0 0 0 0 0 0 4997109 0 70408394554 0 0 0 0 0 0 7220567 0
numa 1 2582729464 18927329 1008175 29040 1602637041 998585922
numa 0 2097182649 1008175 18927329 28452 1128162418 969769173
ps - 829575692 1528335 191 227 225 2 830
sysv_shm - 0 0
tmpfs /run/lock 0 6
tmpfs /run 2281472 1160
tmpfs /run/user/20029 4096 44
tmpfs /run/qemu 0 1
tmpfs /dev/shm 70441304064 271023
vfs - 298275 122945 308197
vm - 14 28146084 1310738806 520727 2496526 4694855902 4708169494 86238533 21487430 4400417903 76536 0 0 0 0 0 2714357 0 1121522 2855 0 2495195 84 0 34 0 0

1764549257.260853 0 node12.dhkim-278716.ldos-ut-pg0.wisc.cloudlab.us
block sda 414858 406999 56277161 9188929 5510574 14723358 2621478524 238246857 0 16941896 251542901
block sdb 2600 0 7504 3491 4 0 0 0 0 4228 3491
block sdc 990 0 7993 259 4 0 0 0 0 956 260
cpu 11 3367050 2 177729 24586602 166739 0 2091
cpu 10 3503504 13 158949 24535574 111049 0 1081
cpu 13 3206577 0 135488 24899045 55482 0 307
cpu 12 3269788 2 151773 24778117 100279 0 811
cpu 15 2953774 0 142081 25120969 73934 0 588
cpu 14 2917752 1 134175 25188532 51671 0 262
cpu 17 3047787 10 138910 25037095 67479 0 402
cpu 16 3005928 0 160486 24975788 144793 0 1477
cpu 19 3028002 0 164737 24971259 122264 0 1144
cpu 18 3154622 2 142511 24943136 51978 0 367
cpu 1 3266588 12 128473 24914607 58628 0 3016
cpu 0 3247798 2 131754 24857681 60518 0 916
cpu 3 3051244 2 128153 25142065 59634 0 1789
cpu 2 2957077 1 147412 25192341 81720 0 1198
cpu 5 2905504 0 137480 25248311 89487 0 3074
cpu 4 2821186 1 163905 25219742 168766 0 7286
cpu 7 3437924 0 136878 24765319 47502 0 875
cpu 6 3208853 1 126119 24990694 59704 0 2389
cpu 9 3013274 2 129134 25192096 51815 0 486
cpu 8 3148801 81 138015 25010171 53201 0 9396
intel_hsw_cbo 1/7 20971793 20972340 20975390 20972852 17214809023116 757457247307 2563793874038 459795772450
intel_hsw_cbo 1/6 20971793 20972340 20975390 20972852 16500555748546 758862600464 2417824007431 460115304019
intel_hsw_cbo 1/0 20971793 20972340 20975390 20972852 15916240110113 757184796318 2232588287767 459946141043
intel_hsw_cbo 1/4 20971793 20972340 20975390 20972852 16233794649617 759815338391 2041406438223 459902624210
intel_hsw_cbo 1/3 20971793 20972340 20975390 20972852 18865007793478 757972681811 2839764842601 459977339208
intel_hsw_cbo 1/1 20971793 20972340 20975390 20972852 16105344439941 758851456172 2351471086235 459893692199
intel_hsw_cbo 0/8 20971793 20972340 20975390 20972852 15093310130449 693131380504 2117288611519 424036352562
intel_hsw_cbo 0/9 20971793 20972340 20975390 20972852 16731062453655 692196662178 2721686698361 424062474166
intel_hsw_cbo 0/6 20971793 20972340 20975390 20972852 16648056567963 746757078166 2231599566294 459146645811
intel_hsw_cbo 0/7 20971793 20972340 20975390 20972852 18034276519823 746733739824 2425422845041 458981650889
intel_hsw_cbo 0/4 20971793 20972340 20975390 20972852 16405985862916 747816806028 2037355614227 459062480484
intel_hsw_cbo 0/5 20971793 20972340 20975390 20972852 20052421298968 744069528407 2446570905108 459299909375
intel_hsw_cbo 0/2 20971793 20972340 20975390 20972852 15955074714749 745909778112 1990602072625 458980885793
intel_hsw_cbo 0/3 20971793 20972340 20975390 20972852 20730206572594 745572080844 2741390863672 459039171727
intel_hsw_cbo 0/0 20971793 20972340 20975390 20972852 16356368844350 746066782010 2224136152087 459436984443
intel_hsw_cbo 0/1 20971793 20972340 20975390 20972852 16766201704547 746865247575 2185289909012 459094524002
intel_hsw_cbo 1/9 20971793 20972340 20975390 20972852 16470033437607 703111153075 2889285366147 425123414203
intel_hsw_cbo 1/5 20971793 20972340 20975390 20972852 18240275478174 755607430195 2550380952765 460344374845
intel_hsw_cbo 1/8 20971793 20972340 20975390 20972852 14878315785645 704148837359 2292662517548 425160914135
intel_hsw_cbo 1/2 20971793 20972340 20975390 20972852 15596875715793 757569898165 1978471223991 460050593298
intel_hsw_hau ff/12.5 20972289 20974593 20971520 20975386 6176354814416 1750578264671 101064437880706 1754532333164
intel_hsw_hau 7f/12.1 20972289 20974593 20971520 20975386 5025675278364 1603895889656 94394846812140 1608910850852
intel_hsw_hau ff/12.1 20972289 20974593 20971520 20975386 7034335254830 2231936309682 101064437867897 2238343498635
intel_hsw_hau 7f/12.5 20972289 20974593 20971520 20975386 4714304366295 1477386976464 94394847914205 1480869355119
intel_hsw_imc ff/14.1 20972292 20974596 20974337 20971778 3074168502810 880114825696 3147338406405 1747046593878 0
intel_hsw_imc ff/14.0 20972292 20974596 20974337 20971778 3940227867635 1366658665045 3488147178903 1517046197587 0
intel_hsw_imc 7f/17.1 20972292 20974596 20974337 20971778 2350408666580 743023764478 2472284321870 1335443386360 0
intel_hsw_imc 7f/17.0 20972292 20974596 20974337 20971778 2348781173885 742833223822 2471368499297 1342991827009 0
intel_hsw_imc 7f/14.0 20972292 20974596 20974337 20971778 2660995724799 873379151481 2562336388582 1079586492842 0
intel_hsw_imc 7f/14.1 20972292 20974596 20974337 20971778 2345845216934 742813713373 2454623233275 1324189147723 0
intel_hsw_imc ff/17.0 20972292 20974596 20974337 20971778 3076900590104 880230523660 3171531796559 1772611875925 0
intel_hsw_imc ff/17.1 20972292 20974596 20974337 20971778 3077933586322 880108529868 3170092770597 1759683701157 0
intel_hsw_qpi ff/08.2 6291712 6292480 6293506 6292483 3870666162365 2704703251297 10671386689352 0
intel_hsw_qpi 7f/08.2 6291712 6292480 6293506 6292483 2701781502206 3874048707451 13749824781158 0
intel_hsw_qpi 7f/09.2 6291712 6292480 6293506 6292483 2702445529201 3873836236803 12564519335608 0
intel_hsw_qpi ff/09.2 6291712 6292480 6293506 6292483 3870688963217 2704206411485 11692755184832 0
intel_hsw_r2pci 7f/10.1 20972580 20975369 20975367 20975368 4604849196 24783193012288 26836838768840 31403559431642
intel_hsw_r2pci ff/10.1 20972580 20975369 20975367 20975368 46761736 23510543520648 26235600067370 29811280044395
mem 1 82566752 31488672 51078080 11370928 38954704 216 0 50244960 12971784 80696 37384 0 0 440400 0 0 0
mem 0 82341048 13040840 69300208 16922248 50277728 388 0 66683428 39586952 519784 114884 0 0 623392 28672 0 0
net enp6s0f0 0 0 0 0 0 0 0 0 0 0 0 0 0 0 6536 0 0 0 0 0 0 92 0
net vnet40 0 0 45804 0 0 0 0 0 0 0 0 0 251 0 42804 0 0 0 0 0 0 232 0
net enp1s0f0 0 1318003 77977601304 0 0 0 0 371 0 0 371 0 80951646 0 1596994360 0 0 0 0 0 0 9054637 0
net lo 0 0 59916062 0 0 0 0 0 0 0 0 0 476597 0 59916062 0 0 0 0 0 0 476597 0
net vnet20 0 0 11512096 0 0 0 0 0 0 0 0 0 81574 0 1150439661 0 0 0 0 0 0 134399 0
net vnet23 0 0 8310087 0 0 0 0 0 0 0 0 0 65720 0 495992029 0 0 0 0 0 0 89972 0
net vnet21 0 0 11159818 0 0 0 0 0 0 0 0 0 77652 0 1150432218 0 0 0 0 0 0 131276 0
net vnet37 0 0 225707 0 0 0 0 0 0 0 0 0 1454 0 5980989 0 0 0 0 0 0 2152 0
net vnet24 0 0 582459 0 0 0 0 0 0 0 0 0 7099 0 80580847 0 0 0 0 0 0 18226 0
net vnet38 0 0 437329 0 0 0 0 0 0 0 0 0 4159 0 64614916 0 0 0 0 0 0 7088 0
net virbr0 0 1267 375558176 0 0 0 0 0 0 0 0 0 4997109 0 70408394554 0 0 0 0 0 0 7220567 0
numa 1 2582731069 18927329 1008175 29040 1602638646 998585922
numa 0 2097183043 1008175 18927329 28452 1128162812 969769173
ps - 829583407 1528346 191 227 225 2 830
sysv_shm - 0 0
tmpfs /run/lock 0 6
tmpfs /run 2281472 1160
tmpfs /run/user/20029 4096 44
tmpfs /run/qemu 0 1
tmpfs /dev/shm 70441304064 271023
vfs - 298275 123105 308320
vm - 14 28146084 1310739262 520727 2496526 4694857901 4708171424 86238536 21487430 4400420290 76536 0 0 0 0 0 2714357 0 1121522 2855 0 2495195 84 0 34 0 0

1764549258.291616 0 node12.dhkim-278716.ldos-ut-pg0.wisc.cloudlab.us
block sda 414933 406999 56281645 9189122 5510575 14723358 2621478532 238246858 10 16942036 251543095
block sdb 2600 0 7504 3491 4 0 0 0 0 4228 3491
block sdc 990 0 7993 259 4 0 0 0 0 956 260
cpu 11 3367053 2 177729 24586702 166740 0 2091
cpu 10 3503505 13 158949 24535674 111050 0 1081
cpu 13 3206577 0 135488 24899146 55482 0 307
cpu 12 3269788 2 151774 24778218 100280 0 811
cpu 15 2953774 0 142081 25121070 73935 0 588
cpu 14 2917752 1 134176 25188634 51671 0 262
cpu 17 3047790 10 138911 25037186 67487 0 402
cpu 16 3005930 0 160487 24975886 144794 0 1477
cpu 19 3028002 0 164737 24971361 122264 0 1144
cpu 18 3154622 2 142512 24943236 51979 0 367
cpu 1 3266597 12 128474 24914699 58628 0 3016
cpu 0 3247798 2 131756 24857778 60519 0 916
cpu 3 3051245 2 128154 25142163 59635 0 1789
cpu 2 2957168 1 147414 25192350 81721 0 1198
cpu 5 2905506 0 137481 25248411 89487 0 3074
cpu 4 2821187 1 163906 25219842 168766 0 7286
cpu 7 3437926 0 136880 24765419 47502 0 875
cpu 6 3208855 1 126120 24990793 59705 0 2389
cpu 9 3013274 2 129136 25192197 51815 0 486
cpu 8 3148801 81 138016 25010273 53201 0 9396
intel_hsw_cbo 1/7 20971793 20972340 20975390 20972852 17214810030672 757457532624 2563794212544 459795942843
intel_hsw_cbo 1/6 20971793 20972340 20975390 20972852 16500556725534 758862880552 2417824323089 460115475427
intel_hsw_cbo 1/0 20971793 20972340 20975390 20972852 15916241087263 757185082268 2232588701772 459946313012
intel_hsw_cbo 1/4 20971793 20972340 20975390 20972852 16233795688289 759815626315 2041406816017 459902794736
intel_hsw_cbo 1/3 20971793 20972340 20975390 20972852 18865008840141 757972963324 2839765243006 459977509609
intel_hsw_cbo 1/1 20971793 20972340 20975390 20972852 16105345436970 758851741353 2351471402739 459893864929
intel_hsw_cbo 0/8 20971793 20972340 20975390 20972852 15093313126973 693132830372 2117289476046 424036834786
intel_hsw_cbo 0/9 20971793 20972340 20975390 20972852 16731065600283 692198137766 2721687106357 424062967693
intel_hsw_cbo 0/6 20971793 20972340 20975390 20972852 16648059825407 746758639645 2231600359882 459147193492
intel_hsw_cbo 0/7 20971793 20972340 20975390 20972852 18034279737663 746735337664 2425423075581 458982171598
intel_hsw_cbo 0/4 20971793 20972340 20975390 20972852 16405989134108 747818515902 2037356671894 459063096414
intel_hsw_cbo 0/5 20971793 20972340 20975390 20972852 20052424548275 744071115254 2446571161694 459300441275
intel_hsw_cbo 0/2 20971793 20972340 20975390 20972852 15955078068762 745911386755 1990603134916 458981427318
intel_hsw_cbo 0/3 20971793 20972340 20975390 20972852 20730209911483 745573695138 2741391327786 459039717330
intel_hsw_cbo 0/0 20971793 20972340 20975390 20972852 16356372382834 746068388960 2224137233902 459437544658
intel_hsw_cbo 0/1 20971793 20972340 20975390 20972852 16766205200019 746866845136 2185290797605 459095056371
intel_hsw_cbo 1/9 20971793 20972340 20975390 20972852 16470034538239 703111412905 2889285741043 425123575840
intel_hsw_cbo 1/5 20971793 20972340 20975390 20972852 18240276440208 755607711279 2550381314219 460344546943
intel_hsw_cbo 1/8 20971793 20972340 20975390 20972852 14878316794112 704149100305 2292662819398 425161076232
intel_hsw_cbo 1/2 20971793 20972340 20975390 20972852 15596876706958 757570183404 1978471618288 460050764958
intel_hsw_hau ff/12.5 20972289 20974593 20971520 20975386 6176355370945 1750578564742 101067383646861 1754532655855
intel_hsw_hau 7f/12.1 20972289 20974593 20971520 20975386 5025677866715 1603896929268 94397888065191 1608911904708
intel_hsw_hau ff/12.1 20972289 20974593 20971520 20975386 7034336526116 2231936927720 101067383692726 2238344150831
intel_hsw_hau 7f/12.5 20972289 20974593 20971520 20975386 4714306261126 1477387780389 94397889100146 1480870162041
intel_hsw_imc ff/14.1 20972292 20974596 20974337 20971778 3074168773585 880114986003 3147338620366 1747046622171 0
intel_hsw_imc ff/14.0 20972292 20974596 20974337 20971778 3940228878319 1366659174151 3488147621277 1517046272269 0
intel_hsw_imc 7f/17.1 20972292 20974596 20974337 20971778 2350409616466 743024168960 2472285013028 1335443531084 0
intel_hsw_imc 7f/17.0 20972292 20974596 20974337 20971778 2348782176375 742833682249 2471369242786 1342991972959 0
intel_hsw_imc 7f/14.0 20972292 20974596 20974337 20971778 2660997440412 873379881783 2562337375299 1079586632641 0
intel_hsw_imc 7f/14.1 20972292 20974596 20974337 20971778 2345846166441 742814117624 2454623923236 1324189291609 0
intel_hsw_imc ff/17.0 20972292 20974596 20974337 20971778 3076900871372 880230685198 3171532016624 1772611904410 0
intel_hsw_imc ff/17.1 20972292 20974596 20974337 20971778 3077933869755 880108702876 3170092997762 1759683730047 0
intel_hsw_qpi ff/08.2 6291712 6292480 6293506 6292483 3870667282007 2704705607169 10671387443392 0
intel_hsw_qpi 7f/08.2 6291712 6292480 6293506 6292483 2701783856498 3874049825894 13749825715910 0
intel_hsw_qpi 7f/09.2 6291712 6292480 6293506 6292483 2702447884955 3873837357142 12564520046016 0
intel_hsw_qpi ff/09.2 6291712 6292480 6293506 6292483 3870690081322 2704208765908 11692756288592 0
intel_hsw_r2pci 7f/10.1 20972580 20975369 20975367 20975368 4604927304 24783222803833 26836893195964 31403603680371
intel_hsw_r2pci ff/10.1 20972580 20975369 20975367 20975368 46761976 23510550094583 26235610219686 29811291938673
mem 1 82566752 31468120 51098632 11370948 38982860 172 0 50247216 12973560 106780 37744 0 0 440848 0 0 0
mem 0 82341048 13034764 69306284 16922248 50283512 156 0 66683656 39587180 525700 114960 0 0 623392 28672 0 0
net enp6s0f0 0 0 0 0 0 0 0 0 0 0 0 0 0 0 6536 0 0 0 0 0 0 92 0
net vnet40 0 0 45804 0 0 0 0 0 0 0 0 0 251 0 42804 0 0 0 0 0 0 232 0
net enp1s0f0 0 1318008 77977606895 0 0 0 0 371 0 0 371 0 80951731 0 1596995125 0 0 0 0 0 0 9054643 0
net lo 0 0 59917172 0 0 0 0 0 0 0 0 0 476611 0 59917172 0 0 0 0 0 0 476611 0
net vnet20 0 0 11512096 0 0 0 0 0 0 0 0 0 81574 0 1150439661 0 0 0 0 0 0 134399 0
net vnet23 0 0 8310087 0 0 0 0 0 0 0 0 0 65720 0 495992029 0 0 0 0 0 0 89972 0
net vnet21 0 0 11159818 0 0 0 0 0 0 0 0 0 77652 0 1150432218 0 0 0 0 0 0 131276 0
net vnet37 0 0 225707 0 0 0 0 0 0 0 0 0 1454 0 5980989 0 0 0 0 0 0 2152 0
net vnet24 0 0 582459 0 0 0 0 0 0 0 0 0 7099 0 80580847 0 0 0 0 0 0 18226 0
net vnet38 0 0 437329 0 0 0 0 0 0 0 0 0 4159 0 64614916 0 0 0 0 0 0 7088 0
net virbr0 0 1267 375558176 0 0 0 0 0 0 0 0 0 4997109 0 70408394554 0 0 0 0 0 0 7220567 0
numa 1 2582741152 18927329 1008175 29040 1602648729 998585922
numa 0 2097185667 1008175 18927329 28452 1128165436 969769173
ps - 829591498 1528461 191 227 225 2 927
sysv_shm - 0 0
tmpfs /run/lock 0 6
tmpfs /run 2281472 1160
tmpfs /run/user/20029 4096 44
tmpfs /run/qemu 0 1
tmpfs /dev/shm 70441304064 271023
vfs - 298290 123225 308358
vm - 14 28148570 1310739266 520727 2496526 4694870608 4708174175 86238551 21487430 4400433115 76563 0 0 0 0 0 2714357 0 1121522 2855 0 2495195 84 0 34 0 0

1764549259.320681 0 node12.dhkim-278716.ldos-ut-pg0.wisc.cloudlab.us
block sda 415018 406999 56286805 9189914 5510596 14723359 2621478724 238246892 0 16942324 251543921
block sdb 2600 0 7504 3491 4 0 0 0 0 4228 3491
block sdc 990 0 7993 259 4 0 0 0 0 956 260
cpu 11 3367054 2 177730 24586799 166745 0 2091
cpu 10 3503505 13 158950 24535770 111054 0 1081
cpu 13 3206577 0 135489 24899248 55482 0 307
cpu 12 3269790 2 151774 24778313 100285 0 811
cpu 15 2953774 0 142083 25121167 73940 0 588
cpu 14 2917752 1 134178 25188735 51671 0 262
cpu 17 3047792 10 138913 25037279 67494 0 402
cpu 16 3005944 0 160489 24975973 144794 0 1477
cpu 19 3028002 0 164738 24971463 122264 0 1144
cpu 18 3154623 2 142513 24943332 51984 0 367
cpu 1 3266605 12 128475 24914791 58628 0 3016
cpu 0 3247800 2 131757 24857870 60524 0 916
cpu 3 3051248 2 128155 25142253 59642 0 1789
cpu 2 2957181 1 147419 25192428 81728 0 1198
cpu 5 2905531 0 137483 25248484 89488 0 3074
cpu 4 2821230 1 163908 25219899 168766 0 7286
cpu 7 3437930 0 136882 24765514 47503 0 875
cpu 6 3208856 1 126121 24990886 59711 0 2389
cpu 9 3013275 2 129138 25192299 51815 0 486
cpu 8 3148801 81 138016 25010374 53201 0 9396
intel_hsw_cbo 1/7 20971793 20972340 20975390 20972852 17214811535179 757457964672 2563794469568 459796142911
intel_hsw_cbo 1/6 20971793 20972340 20975390 20972852 16500557995052 758863306025 2417824486825 460115671943
intel_hsw_cbo 1/0 20971793 20972340 20975390 20972852 15916242360428 757185509075 2232589312492 459946512614
intel_hsw_cbo 1/4 20971793 20972340 20975390 20972852 16233797112329 759816061603 2041407465416 459902992551
intel_hsw_cbo 1/3 20971793 20972340 20975390 20972852 18865010302062 757973390934 2839765609312 459977708830
intel_hsw_cbo 1/1 20971793 20972340 20975390 20972852 16105346875664 758852174224 2351471534794 459894063249
intel_hsw_cbo 0/8 20971793 20972340 20975390 20972852 15093317089258 693134231627 2117290701278 424037309753
intel_hsw_cbo 0/9 20971793 20972340 20975390 20972852 16731069623020 692199545629 2721687746634 424063449655
intel_hsw_cbo 0/6 20971793 20972340 20975390 20972852 16648063910756 746760149235 2231601585630 459147712575
intel_hsw_cbo 0/7 20971793 20972340 20975390 20972852 18034283659027 746736847550 2425423555869 458982672842
intel_hsw_cbo 0/4 20971793 20972340 20975390 20972852 16405993000024 747820088714 2037357446446 459063653980
intel_hsw_cbo 0/5 20971793 20972340 20975390 20972852 20052428508036 744072606035 2446571668507 459300955812
intel_hsw_cbo 0/2 20971793 20972340 20975390 20972852 15955082219163 745912914042 1990603839421 458981940011
intel_hsw_cbo 0/3 20971793 20972340 20975390 20972852 20730214217818 745575249290 2741392005509 459040239663
intel_hsw_cbo 0/0 20971793 20972340 20975390 20972852 16356376514880 746069921223 2224137960376 459438070549
intel_hsw_cbo 0/1 20971793 20972340 20975390 20972852 16766209109645 746868366430 2185291982650 459095571023
intel_hsw_cbo 1/9 20971793 20972340 20975390 20972852 16470036151742 703111801640 2889286053618 425123763679
intel_hsw_cbo 1/5 20971793 20972340 20975390 20972852 18240277930418 755608130560 2550381592991 460344745998
intel_hsw_cbo 1/8 20971793 20972340 20975390 20972852 14878318203334 704149497308 2292662934283 425161262906
intel_hsw_cbo 1/2 20971793 20972340 20975390 20972852 15596878155169 757570617557 1978472235455 460050962982
intel_hsw_hau ff/12.5 20972289 20974593 20971520 20975386 6176355960803 1750578852254 101069600334172 1754532960020
intel_hsw_hau 7f/12.1 20972289 20974593 20971520 20975386 5025680528060 1603897933250 94400179887398 1608912922540
intel_hsw_hau ff/12.1 20972289 20974593 20971520 20975386 7034337886770 2231937524099 101069600346735 2238344774644
intel_hsw_hau 7f/12.5 20972289 20974593 20971520 20975386 4714308224941 1477388547410 94400180962151 1480870931091
intel_hsw_imc ff/14.1 20972292 20974596 20974337 20971778 3074169066616 880115137992 3147338841378 1747046648820 0
intel_hsw_imc ff/14.0 20972292 20974596 20974337 20971778 3940229965695 1366659670583 3488148091615 1517046347329 0
intel_hsw_imc 7f/17.1 20972292 20974596 20974337 20971778 2350410597417 743024552620 2472285699430 1335443679906 0
intel_hsw_imc 7f/17.0 20972292 20974596 20974337 20971778 2348783208352 742834117233 2471369979134 1342992122619 0
intel_hsw_imc 7f/14.0 20972292 20974596 20974337 20971778 2660999190066 873380588351 2562338355929 1079586778566 0
intel_hsw_imc 7f/14.1 20972292 20974596 20974337 20971778 2345847146941 742814501683 2454624609139 1324189439904 0
intel_hsw_imc ff/17.0 20972292 20974596 20974337 20971778 3076901164272 880230837300 3171532237323 1772611931375 0
intel_hsw_imc ff/17.1 20972292 20974596 20974337 20971778 3077934181447 880108872030 3170093236141 1759683757550 0
intel_hsw_qpi ff/08.2 6291712 6292480 6293506 6292483 3870668317615 2704707963144 10671388230200 0
intel_hsw_qpi 7f/08.2 6291712 6292480 6293506 6292483 2701786211378 3874050859770 13749826638206 0
intel_hsw_qpi 7f/09.2 6291712 6292480 6293506 6292483 2702450240651 3873838392947 12564520760104 0
intel_hsw_qpi ff/09.2 6291712 6292480 6293506 6292483 3870691115131 2704211121514 11692757455576 0
intel_hsw_r2pci 7f/10.1 20972580 20975369 20975367 20975368 4605016130 24783244365765 26836916430387 31403627822200
intel_hsw_r2pci ff/10.1 20972580 20975369 20975367 20975368 46762174 23510558328682 26235621881178 29811305350922
mem 1 82566752 31493960 51072792 11371208 38958072 180 0 50248564 12971784 80800 37604 0 0 440576 0 0 0
mem 0 82341048 13044932 69296116 16922424 50279144 184 0 66684780 39587204 519968 115124 0 0 623424 28672 0 0
net enp6s0f0 0 0 0 0 0 0 0 0 0 0 0 0 0 0 6536 0 0 0 0 0 0 92 0
net vnet40 0 0 45804 0 0 0 0 0 0 0 0 0 251 0 42856 0 0 0 0 0 0 233 0
net enp1s0f0 0 1318012 77977611812 0 0 0 0 371 0 0 371 0 80951805 0 1596995836 0 0 0 0 0 0 9054648 0
net lo 0 0 59918296 0 0 0 0 0 0 0 0 0 476625 0 59918296 0 0 0 0 0 0 476625 0
net vnet20 0 0 11512096 0 0 0 0 0 0 0 0 0 81574 0 1150439713 0 0 0 0 0 0 134400 0
net vnet23 0 0 8310087 0 0 0 0 0 0 0 0 0 65720 0 495992081 0 0 0 0 0 0 89973 0
net vnet21 0 0 11159818 0 0 0 0 0 0 0 0 0 77652 0 1150432270 0 0 0 0 0 0 131277 0
net vnet37 0 0 225707 0 0 0 0 0 0 0 0 0 1454 0 5981041 0 0 0 0 0 0 2153 0
net vnet24 0 0 582459 0 0 0 0 0 0 0 0 0 7099 0 80580899 0 0 0 0 0 0 18227 0
net vnet38 0 0 437329 0 0 0 0 0 0 0 0 0 4159 0 64614968 0 0 0 0 0 0 7089 0
net virbr0 0 1267 375558176 0 0 0 0 0 0 0 0 0 4997109 0 70408394554 0 0 0 0 0 0 7220567 0
numa 1 2582746425 18927329 1008175 29040 1602654002 998585922
numa 0 2097186701 1008175 18927329 28452 1128166470 969769173
ps - 829605691 1528472 184 225 224 2 823
sysv_shm - 0 0
tmpfs /run/lock 0 6
tmpfs /run 2281472 1160
tmpfs /run/user/20029 4096 44
tmpfs /run/qemu 0 1
tmpfs /dev/shm 70441304064 271023
vfs - 298267 123345 308334
vm - 14 28150906 1310739362 520727 2496526 4694876915 4708189110 86239457 21487430 4400439855 76563 0 0 0 0 0 2714357 0 1121522 2855 0 2495195 84 0 34 0 0

1764549260.356877 0 node12.dhkim-278716.ldos-ut-pg0.wisc.cloudlab.us
block sda 415030 407000 56287533 9189981 5510629 14723383 2621479588 238247095 1 16942448 251544227
block sdb 2600 0 7504 3491 4 0 0 0 0 4228 3491
block sdc 990 0 7993 259 4 0 0 0 0 956 260
cpu 11 3367054 2 177730 24586901 166745 0 2091
cpu 10 3503505 13 158950 24535872 111054 0 1081
cpu 13 3206578 0 135490 24899350 55482 0 307
cpu 12 3269792 2 151774 24778415 100285 0 811
cpu 15 2953774 0 142084 25121270 73940 0 588
cpu 14 2917752 1 134178 25188838 51671 0 262
cpu 17 3047792 10 138914 25037380 67494 0 402
cpu 16 3005944 0 160490 24976076 144794 0 1477
cpu 19 3028002 0 164738 24971567 122264 0 1144
cpu 18 3154623 2 142513 24943435 51984 0 367
cpu 1 3266606 12 128475 24914889 58628 0 3016
cpu 0 3247809 2 131760 24857957 60525 0 916
cpu 3 3051261 2 128157 25142338 59644 0 1789
cpu 2 2957186 1 147425 25192518 81728 0 1198
cpu 5 2905586 0 137490 25248524 89488 0 3074
cpu 4 2821236 1 163909 25219990 168769 0 7286
cpu 7 3437934 0 136883 24765605 47510 0 875
cpu 6 3208858 1 126122 24990983 59712 0 2389
cpu 9 3013275 2 129138 25192402 51815 0 486
cpu 8 3148801 81 138016 25010476 53201 0 9396
intel_hsw_cbo 1/7 20971793 20972340 20975390 20972852 17214812055224 757458171541 2563794500639 459796224565
intel_hsw_cbo 1/6 20971793 20972340 20975390 20972852 16500558567862 758863508131 2417824581780 460115753685
intel_hsw_cbo 1/0 20971793 20972340 20975390 20972852 15916242897537 757185714833 2232589626769 459946595192
intel_hsw_cbo 1/4 20971793 20972340 20975390 20972852 16233797745093 759816271196 2041407783860 459903076417
intel_hsw_cbo 1/3 20971793 20972340 20975390 20972852 18865010926802 757973594685 2839765684495 459977791068
intel_hsw_cbo 1/1 20971793 20972340 20975390 20972852 16105347454708 758852380948 2351471641380 459894147065
intel_hsw_cbo 0/8 20971793 20972340 20975390 20972852 15093321979790 693135787400 2117291920801 424037841866
intel_hsw_cbo 0/9 20971793 20972340 20975390 20972852 16731074274299 692201101197 2721688611705 424063990430
intel_hsw_cbo 0/6 20971793 20972340 20975390 20972852 16648068556268 746761846337 2231602787349 459148313336
intel_hsw_cbo 0/7 20971793 20972340 20975390 20972852 18034288261437 746738542380 2425424294498 458983254564
intel_hsw_cbo 0/4 20971793 20972340 20975390 20972852 16405997480099 747821816278 2037358223462 459064264429
intel_hsw_cbo 0/5 20971793 20972340 20975390 20972852 20052433400314 744074263377 2446572481627 459301538453
intel_hsw_cbo 0/2 20971793 20972340 20975390 20972852 15955087021333 745914623548 1990604584482 458982517483
intel_hsw_cbo 0/3 20971793 20972340 20975390 20972852 20730219360647 745576980516 2741392993254 459040837334
intel_hsw_cbo 0/0 20971793 20972340 20975390 20972852 16356381442815 746071637215 2224138801391 459438666623
intel_hsw_cbo 0/1 20971793 20972340 20975390 20972852 16766213440511 746870075849 2185293228416 459096155870
intel_hsw_cbo 1/9 20971793 20972340 20975390 20972852 16470036675842 703111991639 2889286125913 425123843908
intel_hsw_cbo 1/5 20971793 20972340 20975390 20972852 18240278520612 755608333895 2550381626510 460344829037
intel_hsw_cbo 1/8 20971793 20972340 20975390 20972852 14878318776976 704149690123 2292663026736 425161340770
intel_hsw_cbo 1/2 20971793 20972340 20975390 20972852 15596878857510 757570825435 1978472550588 460051044815
intel_hsw_hau ff/12.5 20972289 20974593 20971520 20975386 6176356393864 1750578956214 101071647869864 1754533068092
intel_hsw_hau 7f/12.1 20972289 20974593 20971520 20975386 5025683241952 1603899017931 94402316532090 1608914016646
intel_hsw_hau ff/12.1 20972289 20974593 20971520 20975386 7034338778780 2231937843264 101071647908403 2238345103119
intel_hsw_hau 7f/12.5 20972289 20974593 20971520 20975386 4714310232879 1477389384244 94402317577067 1480871768853
intel_hsw_imc ff/14.1 20972292 20974596 20974337 20971778 3074169281242 880115191778 3147338934408 1747046658232 0
intel_hsw_imc ff/14.0 20972292 20974596 20974337 20971778 3940230650625 1366659956071 3488148273886 1517046370038 0
intel_hsw_imc 7f/17.1 20972292 20974596 20974337 20971778 2350411603382 743024972609 2472286436076 1335443843272 0
intel_hsw_imc 7f/17.0 20972292 20974596 20974337 20971778 2348784266758 742834589119 2471370767562 1342992287676 0
intel_hsw_imc 7f/14.0 20972292 20974596 20974337 20971778 2661000976388 873381341526 2562339376537 1079586944534 0
intel_hsw_imc 7f/14.1 20972292 20974596 20974337 20971778 2345848151603 742814920751 2454625343232 1324189603144 0
intel_hsw_imc ff/17.0 20972292 20974596 20974337 20971778 3076901379091 880230891369 3171532330694 1772611940672 0
intel_hsw_imc ff/17.1 20972292 20974596 20974337 20971778 3077934405322 880108933584 3170093338027 1759683767148 0
intel_hsw_qpi ff/08.2 6291712 6292480 6293506 6292483 3870668760548 2704710824092 10671388364248 0
intel_hsw_qpi 7f/08.2 6291712 6292480 6293506 6292483 2701789071800 3874051302803 13749827583854 0
intel_hsw_qpi 7f/09.2 6291712 6292480 6293506 6292483 2702453101506 3873838835926 12564521422496 0
intel_hsw_qpi ff/09.2 6291712 6292480 6293506 6292483 3870691558047 2704213982270 11692757715888 0
intel_hsw_r2pci 7f/10.1 20972580 20975369 20975367 20975368 4605033954 24783264438144 26836933601887 31403648176612
intel_hsw_r2pci ff/10.1 20972580 20975369 20975367 20975368 46762322 23510562674598 26235632072721 29811316010784
mem 1 82566752 31492700 51074052 11371280 38958020 100 68 50248576 12971836 80352 37608 0 0 440584 0 0 0
mem 0 82341048 13044212 69296836 16922464 50279432 156 44 66684964 39587416 520112 115160 0 0 623420 28672 0 0
net enp6s0f0 0 0 0 0 0 0 0 0 0 0 0 0 0 0 6536 0 0 0 0 0 0 92 0
net vnet40 0 0 45804 0 0 0 0 0 0 0 0 0 251 0 42908 0 0 0 0 0 0 234 0
net enp1s0f0 0 1318016 77977618271 0 0 0 0 371 0 0 371 0 80951894 0 1596996547 0 0 0 0 0 0 9054653 0
net lo 0 0 59918841 0 0 0 0 0 0 0 0 0 476629 0 59918841 0 0 0 0 0 0 476629 0
net vnet20 0 0 11512096 0 0 0 0 0 0 0 0 0 81574 0 1150439765 0 0 0 0 0 0 134401 0
net vnet23 0 0 8310087 0 0 0 0 0 0 0 0 0 65720 0 495992133 0 0 0 0 0 0 89974 0
net vnet21 0 0 11159818 0 0 0 0 0 0 0 0 0 77652 0 1150432322 0 0 0 0 0 0 131278 0
net vnet37 0 0 225707 0 0 0 0 0 0 0 0 0 1454 0 5981093 0 0 0 0 0 0 2154 0
net vnet24 0 0 582459 0 0 0 0 0 0 0 0 0 7099 0 80580951 0 0 0 0 0 0 18228 0
net vnet38 0 0 437329 0 0 0 0 0 0 0 0 0 4159 0 64615020 0 0 0 0 0 0 7090 0
net virbr0 0 1267 375558176 0 0 0 0 0 0 0 0 0 4997109 0 70408394554 0 0 0 0 0 0 7220567 0
numa 1 2582747665 18927329 1008175 29040 1602655242 998585922
numa 0 2097187608 1008175 18927329 28452 1128167377 969769173
ps - 829619854 1528483 184 225 224 2 822
sysv_shm - 0 0
tmpfs /run/lock 0 6
tmpfs /run 2281472 1160
tmpfs /run/user/20029 4096 44
tmpfs /run/qemu 0 1
tmpfs /dev/shm 70441324544 271025
vfs - 298269 123465 308363
vm - 14 28151270 1310739794 520728 2496526 4694879064 4708191187 86239489 21487430 4400442078 76563 0 0 0 0 0 2714357 0 1121522 2855 0 2495195 84 0 34 0 0

1764549261.390824 0 node12.dhkim-278716.ldos-ut-pg0.wisc.cloudlab.us
block sda 415047 407000 56288765 9190080 5510752 14723398 2621481516 238250246 0 16942712 251547545
block sdb 2600 0 7504 3491 4 0 0 0 0 4228 3491
block sdc 990 0 7993 259 4 0 0 0 0 956 260
cpu 11 3367054 2 177730 24587004 166745 0 2091
cpu 10 3503505 13 158950 24535974 111054 0 1081
cpu 13 3206578 0 135491 24899452 55482 0 307
cpu 12 3269795 2 151774 24778516 100285 0 811
cpu 15 2953774 0 142084 25121373 73940 0 588
cpu 14 2917752 1 134179 25188939 51671 0 262
cpu 17 3047793 10 138915 25037481 67494 0 402
cpu 16 3005944 0 160490 24976178 144794 0 1477
cpu 19 3028003 0 164738 24971669 122264 0 1144
cpu 18 3154623 2 142513 24943538 51984 0 367
cpu 1 3266616 12 128476 24914967 58639 0 3016
cpu 0 3247822 2 131762 24858042 60525 0 916
cpu 3 3051265 2 128159 25142423 59653 0 1789
cpu 2 2957190 1 147428 25192604 81737 0 1198
cpu 5 2905634 0 137494 25248566 89497 0 3074
cpu 4 2821239 1 163909 25220074 168781 0 7286
cpu 7 3437949 0 136884 24765683 47521 0 876
cpu 6 3208860 1 126123 24991072 59721 0 2389
cpu 9 3013275 2 129138 25192505 51815 0 486
cpu 8 3148802 81 138016 25010579 53201 0 9396
intel_hsw_cbo 1/7 20971793 20972340 20975390 20972852 17214812925866 757458421216 2563794597343 459796317870
intel_hsw_cbo 1/6 20971793 20972340 20975390 20972852 16500559500320 758863753853 2417824766037 460115846648
intel_hsw_cbo 1/0 20971793 20972340 20975390 20972852 15916243744775 757185963209 2232589966378 459946688998
intel_hsw_cbo 1/4 20971793 20972340 20975390 20972852 16233798650324 759816524368 2041408130747 459903169715
intel_hsw_cbo 1/3 20971793 20972340 20975390 20972852 18865011815513 757973842283 2839765832289 459977885674
intel_hsw_cbo 1/1 20971793 20972340 20975390 20972852 16105348268238 758852631544 2351471820507 459894240707
intel_hsw_cbo 0/8 20971793 20972340 20975390 20972852 15093327030733 693137405326 2117293072357 424038458201
intel_hsw_cbo 0/9 20971793 20972340 20975390 20972852 16731079232742 692202713306 2721689421535 424064604504
intel_hsw_cbo 0/6 20971793 20972340 20975390 20972852 16648073227421 746763596972 2231603886677 459148981326
intel_hsw_cbo 0/7 20971793 20972340 20975390 20972852 18034292836980 746740287542 2425424962710 458983921654
intel_hsw_cbo 0/4 20971793 20972340 20975390 20972852 16406002137701 747823582798 2037359203347 459064949000
intel_hsw_cbo 0/5 20971793 20972340 20975390 20972852 20052438175763 744075981736 2446573233393 459302202272
intel_hsw_cbo 0/2 20971793 20972340 20975390 20972852 15955091857192 745916387799 1990605560073 458983183650
intel_hsw_cbo 0/3 20971793 20972340 20975390 20972852 20730224497924 745578756320 2741393970866 459041516290
intel_hsw_cbo 0/0 20971793 20972340 20975390 20972852 16356386349867 746073399804 2224139836383 459439341687
intel_hsw_cbo 0/1 20971793 20972340 20975390 20972852 16766217989398 746871825959 2185294433475 459096823646
intel_hsw_cbo 1/9 20971793 20972340 20975390 20972852 16470037683794 703112223703 2889286267421 425123935864
intel_hsw_cbo 1/5 20971793 20972340 20975390 20972852 18240279456518 755608579813 2550381731575 460344922440
intel_hsw_cbo 1/8 20971793 20972340 20975390 20972852 14878319586953 704149926330 2292663194918 425161431258
intel_hsw_cbo 1/2 20971793 20972340 20975390 20972852 15596879750811 757571075925 1978472888431 460051139861
intel_hsw_hau ff/12.5 20972289 20974593 20971520 20975386 6176356879115 1750579068147 101073654405974 1754533184407
intel_hsw_hau 7f/12.1 20972289 20974593 20971520 20975386 5025686081013 1603900294685 94404414826090 1608915302752
intel_hsw_hau ff/12.1 20972289 20974593 20971520 20975386 7034339893593 2231938183396 101073654432559 2238345453338
intel_hsw_hau 7f/12.5 20972289 20974593 20971520 20975386 4714312392717 1477390402030 94404415882911 1480872787620
intel_hsw_imc ff/14.1 20972292 20974596 20974337 20971778 3074169523905 880115249767 3147339041586 1747046669314 0
intel_hsw_imc ff/14.0 20972292 20974596 20974337 20971778 3940231532167 1366660260934 3488148493262 1517046402822 0
intel_hsw_imc 7f/17.1 20972292 20974596 20974337 20971778 2350412683225 743025481820 2472287341717 1335444029397 0
intel_hsw_imc 7f/17.0 20972292 20974596 20974337 20971778 2348785398839 742835150089 2471371722212 1342992475115 0
intel_hsw_imc 7f/14.0 20972292 20974596 20974337 20971778 2661002810493 873382194141 2562340570320 1079587134192 0
intel_hsw_imc 7f/14.1 20972292 20974596 20974337 20971778 2345849229488 742815429316 2454626244350 1324189787930 0
intel_hsw_imc ff/17.0 20972292 20974596 20974337 20971778 3076901619694 880230949454 3171532437827 1772611951929 0
intel_hsw_imc ff/17.1 20972292 20974596 20974337 20971778 3077934657024 880109000566 3170093455064 1759683778634 0
intel_hsw_qpi ff/08.2 6291712 6292480 6293506 6292483 3870669499764 2704713642345 10671389009144 0
intel_hsw_qpi 7f/08.2 6291712 6292480 6293506 6292483 2701791889187 3874052040234 13749828410926 0
intel_hsw_qpi 7f/09.2 6291712 6292480 6293506 6292483 2702455919780 3873839575180 12564522068336 0
intel_hsw_qpi ff/09.2 6291712 6292480 6293506 6292483 3870692295421 2704216799310 11692758663296 0
intel_hsw_r2pci 7f/10.1 20972580 20975369 20975367 20975368 4605059882 24783285634501 26836950395186 31403670768272
intel_hsw_r2pci ff/10.1 20972580 20975369 20975367 20975368 46762480 23510568512056 26235643059983 29811327871020
mem 1 82566752 31493040 51073712 11371328 38957952 120 0 50248584 12971784 80788 37568 0 0 440608 0 0 0
mem 0 82341048 13043960 69297088 16922520 50279344 176 0 66685144 39587496 519988 115180 0 0 623420 28672 0 0
net enp6s0f0 0 0 0 0 0 0 0 0 0 0 0 0 0 0 6536 0 0 0 0 0 0 92 0
net vnet40 0 0 45804 0 0 0 0 0 0 0 0 0 251 0 42908 0 0 0 0 0 0 234 0
net enp1s0f0 0 1318020 77977623608 0 0 0 0 371 0 0 371 0 80951975 0 1596997258 0 0 0 0 0 0 9054658 0
net lo 0 0 59919386 0 0 0 0 0 0 0 0 0 476633 0 59919386 0 0 0 0 0 0 476633 0
net vnet20 0 0 11512096 0 0 0 0 0 0 0 0 0 81574 0 1150439765 0 0 0 0 0 0 134401 0
net vnet23 0 0 8310087 0 0 0 0 0 0 0 0 0 65720 0 495992133 0 0 0 0 0 0 89974 0
net vnet21 0 0 11159818 0 0 0 0 0 0 0 0 0 77652 0 1150432322 0 0 0 0 0 0 131278 0
net vnet37 0 0 225707 0 0 0 0 0 0 0 0 0 1454 0 5981093 0 0 0 0 0 0 2154 0
net vnet24 0 0 582459 0 0 0 0 0 0 0 0 0 7099 0 80580951 0 0 0 0 0 0 18228 0
net vnet38 0 0 437329 0 0 0 0 0 0 0 0 0 4159 0 64615020 0 0 0 0 0 0 7090 0
net virbr0 0 1267 375558176 0 0 0 0 0 0 0 0 0 4997109 0 70408394554 0 0 0 0 0 0 7220567 0
numa 1 2582749143 18927329 1008175 29040 1602656720 998585922
numa 0 2097188361 1008175 18927329 28452 1128168130 969769173
ps - 829631308 1528494 184 225 224 2 822
sysv_shm - 0 0
tmpfs /run/lock 0 6
tmpfs /run 2281472 1160
tmpfs /run/user/20029 4096 44
tmpfs /run/qemu 0 1
tmpfs /dev/shm 70441328640 271026
vfs - 298270 123465 308374
vm - 14 28151886 1310740758 520728 2496526 4694881293 4708193255 86239510 21487430 4400444301 76563 0 0 0 0 0 2714357 0 1121522 2855 0 2495195 84 0 34 0 0

1764549262.426130 0 node12.dhkim-278716.ldos-ut-pg0.wisc.cloudlab.us
block sda 415329 407005 56317403 9190645 5510769 14723398 2621481652 238250383 11 16943424 251548246
block sdb 2600 0 7504 3491 4 0 0 0 0 4228 3491
block sdc 990 0 7993 259 4 0 0 0 0 956 260
cpu 11 3367054 2 177730 24587107 166745 0 2091
cpu 10 3503506 13 158950 24536075 111054 0 1081
cpu 13 3206579 0 135492 24899553 55482 0 307
cpu 12 3269799 2 151775 24778617 100285 0 811
cpu 15 2953774 0 142084 25121475 73940 0 588
cpu 14 2917752 1 134179 25189042 51671 0 262
cpu 17 3047793 10 138915 25037577 67500 0 402
cpu 16 3005944 0 160490 24976280 144794 0 1477
cpu 19 3028004 0 164738 24971771 122264 0 1144
cpu 18 3154624 2 142514 24943641 51984 0 367
cpu 1 3266627 12 128478 24915044 58648 0 3016
cpu 0 3247842 2 131766 24858120 60526 0 916
cpu 3 3051277 2 128160 25142505 59661 0 1789
cpu 2 2957203 1 147429 25192690 81739 0 1198
cpu 5 2905655 0 137497 25248646 89497 0 3074
cpu 4 2821250 1 163910 25220150 168793 0 7286
cpu 7 3437969 0 136886 24765761 47524 0 876
cpu 6 3208876 1 126128 24991138 59736 0 2389
cpu 9 3013275 2 129138 25192608 51815 0 486
cpu 8 3148802 81 138016 25010681 53201 0 9396
intel_hsw_cbo 1/7 20971793 20972340 20975390 20972852 17214814105551 757458681879 2563794626977 459796409817
intel_hsw_cbo 1/6 20971793 20972340 20975390 20972852 16500560715881 758864010895 2417825009934 460115939437
intel_hsw_cbo 1/0 20971793 20972340 20975390 20972852 15916244980114 757186223438 2232590301687 459946782945
intel_hsw_cbo 1/4 20971793 20972340 20975390 20972852 16233799870232 759816789825 2041408490226 459903264437
intel_hsw_cbo 1/3 20971793 20972340 20975390 20972852 18865013014953 757974100649 2839765923384 459977978089
intel_hsw_cbo 1/1 20971793 20972340 20975390 20972852 16105349353878 758852894071 2351472053371 459894335970
intel_hsw_cbo 0/8 20971793 20972340 20975390 20972852 15093351696092 693138587910 2117293550329 424038936861
intel_hsw_cbo 0/9 20971793 20972340 20975390 20972852 16731125649403 692203901640 2721690315098 424065088605
intel_hsw_cbo 0/6 20971793 20972340 20975390 20972852 16648085849406 746764886950 2231604374089 459149500434
intel_hsw_cbo 0/7 20971793 20972340 20975390 20972852 18034319872051 746741545552 2425425826955 458984434770
intel_hsw_cbo 0/4 20971793 20972340 20975390 20972852 16406016272970 747824833804 2037359991518 459065467430
intel_hsw_cbo 0/5 20971793 20972340 20975390 20972852 20052456824129 744077245714 2446574187657 459302723719
intel_hsw_cbo 0/2 20971793 20972340 20975390 20972852 15955103373654 745917666807 1990606401302 458983703459
intel_hsw_cbo 0/3 20971793 20972340 20975390 20972852 20730252736778 745580063349 2741395074480 459042043483
intel_hsw_cbo 0/0 20971793 20972340 20975390 20972852 16356391794714 746074702024 2224140788049 459439865190
intel_hsw_cbo 0/1 20971793 20972340 20975390 20972852 16766228528395 746873095696 2185294995264 459097336069
intel_hsw_cbo 1/9 20971793 20972340 20975390 20972852 16470038864097 703112464240 2889286356560 425124026196
intel_hsw_cbo 1/5 20971793 20972340 20975390 20972852 18240280670742 755608837079 2550381762487 460345017174
intel_hsw_cbo 1/8 20971793 20972340 20975390 20972852 14878320663246 704150170222 2292663424727 425161522023
intel_hsw_cbo 1/2 20971793 20972340 20975390 20972852 15596880813488 757571336705 1978473234720 460051232572
intel_hsw_hau ff/12.5 20972289 20974593 20971520 20975386 6176357364511 1750579178143 101075186171077 1754533298837
intel_hsw_hau 7f/12.1 20972289 20974593 20971520 20975386 5025688658027 1603901482183 94405995977233 1608916502131
intel_hsw_hau ff/12.1 20972289 20974593 20971520 20975386 7034341016728 2231938518473 101075186214006 2238345798286
intel_hsw_hau 7f/12.5 20972289 20974593 20971520 20975386 4714314308259 1477391348999 94405997015616 1480873736184
intel_hsw_imc ff/14.1 20972292 20974596 20974337 20971778 3074169764823 880115306372 3147339150864 1747046679826 0
intel_hsw_imc ff/14.0 20972292 20974596 20974337 20971778 3940232425974 1366660564193 3488148717112 1517046434930 0
intel_hsw_imc 7f/17.1 20972292 20974596 20974337 20971778 2350413641403 743025955925 2472288117082 1335444198837 0
intel_hsw_imc 7f/17.0 20972292 20974596 20974337 20971778 2348786398035 742835666184 2471372534862 1342992647722 0
intel_hsw_imc 7f/14.0 20972292 20974596 20974337 20971778 2661004486556 873382979573 2562341601372 1079587305471 0
intel_hsw_imc 7f/14.1 20972292 20974596 20974337 20971778 2345850187678 742815903854 2454627019237 1324189957996 0
intel_hsw_imc ff/17.0 20972292 20974596 20974337 20971778 3076901860386 880231006584 3171532547350 1772611962583 0
intel_hsw_imc ff/17.1 20972292 20974596 20974337 20971778 3077934910045 880109068240 3170093576433 1759683789735 0
intel_hsw_qpi ff/08.2 6291712 6292480 6293506 6292483 3870670236171 2704716209409 10671389664176 0
intel_hsw_qpi 7f/08.2 6291712 6292480 6293506 6292483 2701794453392 3874052775520 13749829267806 0
intel_hsw_qpi 7f/09.2 6291712 6292480 6293506 6292483 2702458486734 3873840311615 12564522730888 0
intel_hsw_qpi ff/09.2 6291712 6292480 6293506 6292483 3870693030678 2704219363518 11692759604560 0
intel_hsw_r2pci 7f/10.1 20972580 20975369 20975367 20975368 4605528182 24783310451022 26836966786361 31403697799938
intel_hsw_r2pci ff/10.1 20972580 20975369 20975367 20975368 46762634 23510574557849 26235653706606 29811339233675
mem 1 82566752 31493544 51073208 11371412 38957388 124 4 50248584 12971784 80324 37420 0 0 440608 0 0 0
mem 0 82341048 13036656 69304392 16922652 50286788 80 52 66692160 39594444 520584 115412 0 0 623420 28672 0 0
net enp6s0f0 0 0 0 0 0 0 0 0 0 0 0 0 0 0 6536 0 0 0 0 0 0 92 0
net vnet40 0 0 45804 0 0 0 0 0 0 0 0 0 251 0 42960 0 0 0 0 0 0 235 0
net enp1s0f0 0 1318027 77977629665 0 0 0 0 371 0 0 371 0 80952068 0 1596997969 0 0 0 0 0 0 9054663 0
net lo 0 0 59919931 0 0 0 0 0 0 0 0 0 476637 0 59919931 0 0 0 0 0 0 476637 0
net vnet20 0 0 11512096 0 0 0 0 0 0 0 0 0 81574 0 1150439817 0 0 0 0 0 0 134402 0
net vnet23 0 0 8310087 0 0 0 0 0 0 0 0 0 65720 0 495992185 0 0 0 0 0 0 89975 0
net vnet21 0 0 11159818 0 0 0 0 0 0 0 0 0 77652 0 1150432374 0 0 0 0 0 0 131279 0
net vnet37 0 0 225707 0 0 0 0 0 0 0 0 0 1454 0 5981145 0 0 0 0 0 0 2155 0
net vnet24 0 0 582459 0 0 0 0 0 0 0 0 0 7099 0 80581003 0 0 0 0 0 0 18229 0
net vnet38 0 0 437329 0 0 0 0 0 0 0 0 0 4159 0 64615072 0 0 0 0 0 0 7091 0
net virbr0 0 1267 375558176 0 0 0 0 0 0 0 0 0 4997109 0 70408394554 0 0 0 0 0 0 7220567 0
numa 1 2582750529 18927329 1008175 29040 1602658106 998585922
numa 0 2097191773 1008175 18927329 28452 1128171542 969769173
ps - 829641406 1528506 184 225 224 1 822
sysv_shm - 0 0
tmpfs /run/lock 0 6
tmpfs /run 2281472 1160
tmpfs /run/user/20029 4096 44
tmpfs /run/qemu 0 1
tmpfs /dev/shm 70441336832 271026
vfs - 298270 123465 308387
vm - 14 28166289 1310740878 520728 2496526 4694886091 4708196285 86239530 21487430 4400448320 76563 0 0 0 0 0 2714357 0 1121522 2855 0 2495195 84 0 34 0 0

1764549263.464162 0 node12.dhkim-278716.ldos-ut-pg0.wisc.cloudlab.us
block sda 415615 407013 56356210 9191805 5510829 14723398 2621482172 238254408 1 16944456 251553432
block sdb 2600 0 7504 3491 4 0 0 0 0 4228 3491
block sdc 990 0 7993 259 4 0 0 0 0 956 260
cpu 11 3367055 2 177730 24587209 166745 0 2091
cpu 10 3503506 13 158951 24536178 111054 0 1081
cpu 13 3206579 0 135492 24899655 55482 0 307
cpu 12 3269799 2 151775 24778714 100291 0 811
cpu 15 2953774 0 142084 25121578 73940 0 588
cpu 14 2917752 1 134179 25189145 51671 0 262
cpu 17 3047793 10 138915 25037662 67520 0 402
cpu 16 3005944 0 160490 24976383 144794 0 1477
cpu 19 3028006 0 164738 24971873 122264 0 1144
cpu 18 3154624 2 142514 24943745 51984 0 367
cpu 1 3266629 12 128480 24915138 58653 0 3016
cpu 0 3247844 2 131766 24858212 60535 0 916
cpu 3 3051280 2 128163 25142586 59676 0 1789
cpu 2 2957205 1 147430 25192779 81750 0 1198
cpu 5 2905659 0 137500 25248732 89507 0 3074
cpu 4 2821254 1 163912 25220238 168802 0 7286
cpu 7 3437972 0 136887 24765851 47535 0 876
cpu 6 3208878 1 126129 24991196 59778 0 2389
cpu 9 3013275 2 129138 25192711 51815 0 486
cpu 8 3148803 81 138016 25010782 53201 0 9396
intel_hsw_cbo 1/7 20971793 20972340 20975390 20972852 17214815328654 757458924305 2563794711222 459796486496
intel_hsw_cbo 1/6 20971793 20972340 20975390 20972852 16500561945146 758864249985 2417825235797 460116015696
intel_hsw_cbo 1/0 20971793 20972340 20975390 20972852 15916246240804 757186463441 2232590547220 459946859557
intel_hsw_cbo 1/4 20971793 20972340 20975390 20972852 16233801040192 759817033504 2041408741033 459903340702
intel_hsw_cbo 1/3 20971793 20972340 20975390 20972852 18865014331550 757974341102 2839766038368 459978054314
intel_hsw_cbo 1/1 20971793 20972340 20975390 20972852 16105350493942 758853137224 2351472281840 459894412739
intel_hsw_cbo 0/8 20971793 20972340 20975390 20972852 15093355506795 693139163601 2117294089641 424039171222
intel_hsw_cbo 0/9 20971793 20972340 20975390 20972852 16731129010700 692204487867 2721690711662 424065328143
intel_hsw_cbo 0/6 20971793 20972340 20975390 20972852 16648089328352 746765530684 2231604951249 459149757260
intel_hsw_cbo 0/7 20971793 20972340 20975390 20972852 18034323090338 746742188698 2425426173733 458984692672
intel_hsw_cbo 0/4 20971793 20972340 20975390 20972852 16406019778304 747825459767 2037360286934 459065724219
intel_hsw_cbo 0/5 20971793 20972340 20975390 20972852 20052460174212 744077867926 2446574544201 459302983172
intel_hsw_cbo 0/2 20971793 20972340 20975390 20972852 15955106278182 745918312065 1990606661090 458983963469
intel_hsw_cbo 0/3 20971793 20972340 20975390 20972852 20730256507272 745580720540 2741395486359 459042304224
intel_hsw_cbo 0/0 20971793 20972340 20975390 20972852 16356395011810 746075353980 2224141064878 459440129386
intel_hsw_cbo 0/1 20971793 20972340 20975390 20972852 16766231523906 746873723976 2185295515234 459097593491
intel_hsw_cbo 1/9 20971793 20972340 20975390 20972852 16470040152466 703112688692 2889286498366 425124102127
intel_hsw_cbo 1/5 20971793 20972340 20975390 20972852 18240281938360 755609076451 2550381837799 460345094291
intel_hsw_cbo 1/8 20971793 20972340 20975390 20972852 14878321863337 704150397991 2292663649038 425161597161
intel_hsw_cbo 1/2 20971793 20972340 20975390 20972852 15596882034966 757571579483 1978473490665 460051308669
intel_hsw_hau ff/12.5 20972289 20974593 20971520 20975386 6176357827141 1750579281225 101076219952471 1754533406432
intel_hsw_hau 7f/12.1 20972289 20974593 20971520 20975386 5025690905815 1603902413288 94407021899363 1608917444636
intel_hsw_hau ff/12.1 20972289 20974593 20971520 20975386 7034342101058 2231938842041 101076220013680 2238346130872
intel_hsw_hau 7f/12.5 20972289 20974593 20971520 20975386 4714315949820 1477392051113 94407022921166 1480874440998
intel_hsw_imc ff/14.1 20972292 20974596 20974337 20971778 3074169994841 880115359655 3147339254222 1747046689254 0
intel_hsw_imc ff/14.0 20972292 20974596 20974337 20971778 3940233287405 1366660854258 3488148922985 1517046464152 0
intel_hsw_imc 7f/17.1 20972292 20974596 20974337 20971778 2350414462645 743026308429 2472288672962 1335444321978 0
intel_hsw_imc 7f/17.0 20972292 20974596 20974337 20971778 2348787246970 742836046192 2471373118304 1342992771398 0
intel_hsw_imc 7f/14.0 20972292 20974596 20974337 20971778 2661005951237 873383609199 2562342374019 1079587427697 0
intel_hsw_imc 7f/14.1 20972292 20974596 20974337 20971778 2345851008631 742816256631 2454627574550 1324190081468 0
intel_hsw_imc ff/17.0 20972292 20974596 20974337 20971778 3076902089650 880231060189 3171532651386 1772611971850 0
intel_hsw_imc ff/17.1 20972292 20974596 20974337 20971778 3077935149185 880109129814 3170093689910 1759683799549 0
intel_hsw_qpi ff/08.2 6291712 6292480 6293506 6292483 3870670930345 2704718375319 10671390316528 0
intel_hsw_qpi 7f/08.2 6291712 6292480 6293506 6292483 2701796616662 3874053468725 13749830098606 0
intel_hsw_qpi 7f/09.2 6291712 6292480 6293506 6292483 2702460652533 3873841005794 12564523373816 0
intel_hsw_qpi ff/09.2 6291712 6292480 6293506 6292483 3870693723852 2704221526802 11692760514560 0
intel_hsw_r2pci 7f/10.1 20972580 20975369 20975367 20975368 4606162424 24783322070686 26836978325279 31403710202494
intel_hsw_r2pci ff/10.1 20972580 20975369 20975367 20975368 46762874 23510579477032 26235662220320 29811348739851
mem 1 82566752 31494348 51072404 11371424 38956776 48 0 50248584 12971784 79640 37404 0 0 440600 0 0 0
mem 0 82341048 13013980 69327068 16922828 50308872 12 0 66714312 39616464 521136 115468 0 0 623412 28672 0 0
net enp6s0f0 0 0 0 0 0 0 0 0 0 0 0 0 0 0 6536 0 0 0 0 0 0 92 0
net vnet40 0 0 45804 0 0 0 0 0 0 0 0 0 251 0 42960 0 0 0 0 0 0 235 0
net enp1s0f0 0 1318032 77977636001 0 0 0 0 371 0 0 371 0 80952160 0 1596998775 0 0 0 0 0 0 9054669 0
net lo 0 0 59920476 0 0 0 0 0 0 0 0 0 476641 0 59920476 0 0 0 0 0 0 476641 0
net vnet20 0 0 11512096 0 0 0 0 0 0 0 0 0 81574 0 1150439817 0 0 0 0 0 0 134402 0
net vnet23 0 0 8310087 0 0 0 0 0 0 0 0 0 65720 0 495992185 0 0 0 0 0 0 89975 0
net vnet21 0 0 11159818 0 0 0 0 0 0 0 0 0 77652 0 1150432374 0 0 0 0 0 0 131279 0
net vnet37 0 0 225707 0 0 0 0 0 0 0 0 0 1454 0 5981145 0 0 0 0 0 0 2155 0
net vnet24 0 0 582459 0 0 0 0 0 0 0 0 0 7099 0 80581003 0 0 0 0 0 0 18229 0
net vnet38 0 0 437329 0 0 0 0 0 0 0 0 0 4159 0 64615072 0 0 0 0 0 0 7091 0
net virbr0 0 1267 375558176 0 0 0 0 0 0 0 0 0 4997109 0 70408394554 0 0 0 0 0 0 7220567 0
numa 1 2582751140 18927329 1008175 29040 1602658717 998585922
numa 0 2097199694 1008175 18927329 28452 1128179463 969769173
ps - 829648318 1528517 184 225 224 1 822
sysv_shm - 0 0
tmpfs /run/lock 0 6
tmpfs /run 2281472 1160
tmpfs /run/user/20029 4096 44
tmpfs /run/qemu 0 1
tmpfs /dev/shm 70441336832 271026
vfs - 298270 123465 308387
vm - 14 28185941 1310741086 520728 2496526 4694894623 4708199171 86239547 21487430 4400456030 76563 0 0 0 0 0 2714357 0 1121522 2855 0 2495195 84 0 34 0 0

1764549264.497726 0 node12.dhkim-278716.ldos-ut-pg0.wisc.cloudlab.us
block sda 415843 407015 56389163 9192305 5510835 14723398 2621482244 238254458 0 16945148 251553982
block sdb 2600 0 7504 3491 4 0 0 0 0 4228 3491
block sdc 990 0 7993 259 4 0 0 0 0 956 260
cpu 11 3367056 2 177730 24587310 166745 0 2091
cpu 10 3503507 13 158952 24536279 111054 0 1081
cpu 13 3206580 0 135492 24899756 55482 0 307
cpu 12 3269799 2 151776 24778817 100291 0 811
cpu 15 2953775 0 142084 25121681 73940 0 588
cpu 14 2917752 1 134180 25189248 51671 0 262
cpu 17 3047793 10 138915 25037765 67520 0 402
cpu 16 3005944 0 160491 24976486 144794 0 1477
cpu 19 3028008 0 164738 24971975 122264 0 1144
cpu 18 3154624 2 142514 24943848 51984 0 367
cpu 1 3266641 12 128485 24915219 58658 0 3016
cpu 0 3247849 2 131769 24858298 60538 0 916
cpu 3 3051301 2 128167 25142659 59680 0 1789
cpu 2 2957214 1 147434 25192862 81755 0 1198
cpu 5 2905665 0 137504 25248816 89511 0 3074
cpu 4 2821264 1 163921 25220320 168803 0 7286
cpu 7 3437979 0 136890 24765932 47544 0 876
cpu 6 3208886 1 126135 24991267 59794 0 2389
cpu 9 3013275 2 129139 25192814 51815 0 486
cpu 8 3148803 81 138016 25010883 53201 0 9396
intel_hsw_cbo 1/7 20971793 20972340 20975390 20972852 17214816424621 757459175979 2563794843374 459796574273
intel_hsw_cbo 1/6 20971793 20972340 20975390 20972852 16500563060681 758864497721 2417825509346 460116102377
intel_hsw_cbo 1/0 20971793 20972340 20975390 20972852 15916247316728 757186712078 2232590774940 459946946608
intel_hsw_cbo 1/4 20971793 20972340 20975390 20972852 16233802104750 759817287091 2041409004118 459903427249
intel_hsw_cbo 1/3 20971793 20972340 20975390 20972852 18865015528139 757974589355 2839766195748 459978140781
intel_hsw_cbo 1/1 20971793 20972340 20975390 20972852 16105351667613 758853389282 2351472534905 459894499889
intel_hsw_cbo 0/8 20971793 20972340 20975390 20972852 15093365630256 693140851515 2117295557403 424039723184
intel_hsw_cbo 0/9 20971793 20972340 20975390 20972852 16731139295494 692206236599 2721691890829 424065899124
intel_hsw_cbo 0/6 20971793 20972340 20975390 20972852 16648099306621 746767475255 2231606389936 459150368313
intel_hsw_cbo 0/7 20971793 20972340 20975390 20972852 18034332491292 746744012447 2425427166725 458985281819
intel_hsw_cbo 0/4 20971793 20972340 20975390 20972852 16406029163191 747827284076 2037361947533 459066323334
intel_hsw_cbo 0/5 20971793 20972340 20975390 20972852 20052469632800 744079636908 2446575625883 459303576048
intel_hsw_cbo 0/2 20971793 20972340 20975390 20972852 15955115676172 745920162387 1990608341931 458984564720
intel_hsw_cbo 0/3 20971793 20972340 20975390 20972852 20730267200971 745582683662 2741396857406 459042934600
intel_hsw_cbo 0/0 20971793 20972340 20975390 20972852 16356404803442 746077253484 2224142785162 459440736721
intel_hsw_cbo 0/1 20971793 20972340 20975390 20972852 16766241064680 746875599796 2185297044180 459098189552
intel_hsw_cbo 1/9 20971793 20972340 20975390 20972852 16470041292599 703112922354 2889286700418 425124187507
intel_hsw_cbo 1/5 20971793 20972340 20975390 20972852 18240283075501 755609324863 2550381955480 460345181420
intel_hsw_cbo 1/8 20971793 20972340 20975390 20972852 14878322972669 704150634924 2292663908302 425161681905
intel_hsw_cbo 1/2 20971793 20972340 20975390 20972852 15596883143052 757571831992 1978473751210 460051395756
intel_hsw_hau ff/12.5 20972289 20974593 20971520 20975386 6176358343413 1750579375155 101077512701742 1754533504606
intel_hsw_hau 7f/12.1 20972289 20974593 20971520 20975386 5025693390426 1603903609612 94408353077732 1608918652885
intel_hsw_hau ff/12.1 20972289 20974593 20971520 20975386 7034343224869 2231939154241 101077512718215 2238346452403
intel_hsw_hau 7f/12.5 20972289 20974593 20971520 20975386 4714317788216 1477392990328 94408354148661 1480875382396
intel_hsw_imc ff/14.1 20972292 20974596 20974337 20971778 3074170253711 880115408686 3147339369648 1747046698497 0
intel_hsw_imc ff/14.0 20972292 20974596 20974337 20971778 3940234161986 1366661138756 3488149143800 1517046490557 0
intel_hsw_imc 7f/17.1 20972292 20974596 20974337 20971778 2350415382551 743026779239 2472289416418 1335444488940 0
intel_hsw_imc 7f/17.0 20972292 20974596 20974337 20971778 2348788205325 742836556023 2471373897894 1342992939425 0
intel_hsw_imc 7f/14.0 20972292 20974596 20974337 20971778 2661007570897 873384403708 2562343381862 1079587596522 0
intel_hsw_imc 7f/14.1 20972292 20974596 20974337 20971778 2345851927506 742816727157 2454628313690 1324190247156 0
intel_hsw_imc ff/17.0 20972292 20974596 20974337 20971778 3076902345984 880231109176 3171532767333 1772611980837 0
intel_hsw_imc ff/17.1 20972292 20974596 20974337 20971778 3077935416231 880109187340 3170093815512 1759683808973 0
intel_hsw_qpi ff/08.2 6291712 6292480 6293506 6292483 3870671628835 2704720895455 10671390969496 0
intel_hsw_qpi 7f/08.2 6291712 6292480 6293506 6292483 2701799134102 3874054163933 13749831083574 0
intel_hsw_qpi 7f/09.2 6291712 6292480 6293506 6292483 2702463172579 3873841704305 12564524117104 0
intel_hsw_qpi ff/09.2 6291712 6292480 6293506 6292483 3870694419031 2704224044289 11692761453392 0
intel_hsw_r2pci 7f/10.1 20972580 20975369 20975367 20975368 4606691268 24783356395273 26837001759863 31403739416860
intel_hsw_r2pci ff/10.1 20972580 20975369 20975367 20975368 46763032 23510584786448 26235672088745 29811359485214
mem 1 82566752 31494600 51072152 11372992 38956304 104 0 50248584 12971784 80772 37500 0 0 440600 0 0 0
mem 0 82341048 12976444 69364604 16922924 50345072 108 0 66750304 39652384 521064 115568 0 0 623448 28672 0 0
net enp6s0f0 0 0 0 0 0 0 0 0 0 0 0 0 0 0 6536 0 0 0 0 0 0 92 0
net vnet40 0 0 45874 0 0 0 0 0 0 0 0 0 252 0 43012 0 0 0 0 0 0 236 0
net enp1s0f0 0 1318037 77977641398 0 0 0 0 371 0 0 371 0 80952243 0 1596999486 0 0 0 0 0 0 9054674 0
net lo 0 0 59921021 0 0 0 0 0 0 0 0 0 476645 0 59921021 0 0 0 0 0 0 476645 0
net vnet20 0 0 11512096 0 0 0 0 0 0 0 0 0 81574 0 1150439939 0 0 0 0 0 0 134404 0
net vnet23 0 0 8310087 0 0 0 0 0 0 0 0 0 65720 0 495992307 0 0 0 0 0 0 89977 0
net vnet21 0 0 11159818 0 0 0 0 0 0 0 0 0 77652 0 1150432496 0 0 0 0 0 0 131281 0
net vnet37 0 0 225707 0 0 0 0 0 0 0 0 0 1454 0 5981267 0 0 0 0 0 0 2157 0
net vnet24 0 0 582459 0 0 0 0 0 0 0 0 0 7099 0 80581125 0 0 0 0 0 0 18231 0
net vnet38 0 0 437329 0 0 0 0 0 0 0 0 0 4159 0 64615194 0 0 0 0 0 0 7093 0
net virbr0 0 1268 375558232 0 0 0 0 0 0 0 0 0 4997110 0 70408394554 0 0 0 0 0 0 7220567 0
numa 1 2582752331 18927329 1008175 29040 1602659908 998585922
numa 0 2097210747 1008175 18927329 28452 1128190516 969769173
ps - 829674795 1528528 177 223 223 4 822
sysv_shm - 0 0
tmpfs /run/lock 0 6
tmpfs /run 2281472 1160
tmpfs /run/user/20029 4096 44
tmpfs /run/qemu 0 1
tmpfs /dev/shm 70441336832 271026
vfs - 298270 127465 308394
vm - 14 28202085 1310741122 520728 2496526 4694906884 4708201920 86239939 21487430 4400468310 76563 0 0 0 0 0 2714357 0 1121522 2855 0 2495195 84 0 34 0 0

1764549265.532748 0 node12.dhkim-278716.ldos-ut-pg0.wisc.cloudlab.us
block sda 415843 407015 56389163 9192305 5510839 14723413 2621482396 238254478 0 16945172 251554014
block sdb 2600 0 7504 3491 4 0 0 0 0 4228 3491
block sdc 990 0 7993 259 4 0 0 0 0 956 260
cpu 11 3367056 2 177730 24587412 166745 0 2091
cpu 10 3503507 13 158952 24536382 111054 0 1081
cpu 13 3206580 0 135494 24899855 55484 0 307
cpu 12 3269800 2 151776 24778919 100291 0 811
cpu 15 2953775 0 142084 25121784 73940 0 588
cpu 14 2917753 1 134180 25189349 51671 0 262
cpu 17 3047794 10 138915 25037868 67520 0 402
cpu 16 3005944 0 160491 24976589 144794 0 1477
cpu 19 3028010 0 164739 24972077 122264 0 1144
cpu 18 3154625 2 142514 24943951 51984 0 367
cpu 1 3266683 12 128517 24915242 58658 0 3016
cpu 0 3247875 2 131792 24858347 60538 0 916
cpu 3 3051345 2 128194 25142693 59680 0 1789
cpu 2 2957242 1 147468 25192900 81755 0 1198
cpu 5 2905693 0 137534 25248858 89511 0 3074
cpu 4 2821301 1 163952 25220355 168803 0 7286
cpu 7 3438010 0 136927 24765965 47544 0 876
cpu 6 3208918 1 126162 24991309 59794 0 2389
cpu 9 3013276 2 129139 25192915 51815 0 486
cpu 8 3148804 81 138016 25010984 53201 0 9396
intel_hsw_cbo 1/7 20971793 20972340 20975390 20972852 17214817314864 757459425633 2563794999985 459796668534
intel_hsw_cbo 1/6 20971793 20972340 20975390 20972852 16500563895137 758864742319 2417825755749 460116195300
intel_hsw_cbo 1/0 20971793 20972340 20975390 20972852 15916248138952 757186958316 2232590976560 459947039115
intel_hsw_cbo 1/4 20971793 20972340 20975390 20972852 16233802955482 759817537886 2041409210259 459903518943
intel_hsw_cbo 1/3 20971793 20972340 20975390 20972852 18865016420964 757974834875 2839766367585 459978232767
intel_hsw_cbo 1/1 20971793 20972340 20975390 20972852 16105352585236 758853637946 2351472800521 459894592994
intel_hsw_cbo 0/8 20971793 20972340 20975390 20972852 15093398332857 693146121449 2117303426041 424041187696
intel_hsw_cbo 0/9 20971793 20972340 20975390 20972852 16731175563789 692211892591 2721696330141 424067440214
intel_hsw_cbo 0/6 20971793 20972340 20975390 20972852 16648132893682 746773822337 2231613933206 459151992596
intel_hsw_cbo 0/7 20971793 20972340 20975390 20972852 18034364214179 746749735199 2425430649620 458986772121
intel_hsw_cbo 0/4 20971793 20972340 20975390 20972852 16406059985736 747833126287 2037368433479 459067918522
intel_hsw_cbo 0/5 20971793 20972340 20975390 20972852 20052499078985 744085010103 2446579471486 459305093913
intel_hsw_cbo 0/2 20971793 20972340 20975390 20972852 15955146570875 745925802443 1990614632143 458986122710
intel_hsw_cbo 0/3 20971793 20972340 20975390 20972852 20730303009124 745589010264 2741401764498 459044606900
intel_hsw_cbo 0/0 20971793 20972340 20975390 20972852 16356436901591 746083187569 2224149137661 459442317881
intel_hsw_cbo 0/1 20971793 20972340 20975390 20972852 16766272946240 746881526726 2185304904702 459099738145
intel_hsw_cbo 1/9 20971793 20972340 20975390 20972852 16470042160601 703113152380 2889286922268 425124277521
intel_hsw_cbo 1/5 20971793 20972340 20975390 20972852 18240283882041 755609570578 2550382095021 460345274627
intel_hsw_cbo 1/8 20971793 20972340 20975390 20972852 14878323777679 704150869119 2292664176719 425161771456
intel_hsw_cbo 1/2 20971793 20972340 20975390 20972852 15596883981430 757572081573 1978473952227 460051488894
intel_hsw_hau ff/12.5 20972289 20974593 20971520 20975386 6176358972174 1750579501609 101079645654141 1754533636370
intel_hsw_hau 7f/12.1 20972289 20974593 20971520 20975386 5025696011979 1603905031718 94410586587762 1608920090063
intel_hsw_hau ff/12.1 20972289 20974593 20971520 20975386 7034344524762 2231939505197 101079645680636 2238346814835
intel_hsw_hau 7f/12.5 20972289 20974593 20971520 20975386 4714319722493 1477394075095 94410587647813 1480876468427
intel_hsw_imc ff/14.1 20972292 20974596 20974337 20971778 3074170566563 880115474386 3147339547615 1747046710717 0
intel_hsw_imc ff/14.0 20972292 20974596 20974337 20971778 3940235159016 1366661448294 3488149448587 1517046524074 0
intel_hsw_imc 7f/17.1 20972292 20974596 20974337 20971778 2350416355635 743027324834 2472290212309 1335444679149 0
intel_hsw_imc 7f/17.0 20972292 20974596 20974337 20971778 2348789229915 742837154973 2471374735397 1342993132562 0
intel_hsw_imc 7f/14.0 20972292 20974596 20974337 20971778 2661009308036 873385377942 2562344523934 1079587811697 0
intel_hsw_imc 7f/14.1 20972292 20974596 20974337 20971778 2345852897380 742817272999 2454629106189 1324190436834 0
intel_hsw_imc ff/17.0 20972292 20974596 20974337 20971778 3076902659468 880231175319 3171532946800 1772611993155 0
intel_hsw_imc ff/17.1 20972292 20974596 20974337 20971778 3077935738155 880109261952 3170094003732 1759683821501 0
intel_hsw_qpi ff/08.2 6291712 6292480 6293506 6292483 3870672380117 2704723686479 10671391690640 0
intel_hsw_qpi 7f/08.2 6291712 6292480 6293506 6292483 2701801921802 3874054914598 13749832171334 0
intel_hsw_qpi 7f/09.2 6291712 6292480 6293506 6292483 2702465963461 3873842455634 12564524787704 0
intel_hsw_qpi ff/09.2 6291712 6292480 6293506 6292483 3870695169637 2704226832035 11692762470912 0
intel_hsw_r2pci 7f/10.1 20972580 20975369 20975367 20975368 4606697162 24783464661412 26837066838933 31403825151608
intel_hsw_r2pci ff/10.1 20972580 20975369 20975367 20975368 46763180 23510590669933 26235683223181 29811371447814
mem 1 82566752 31494952 51071800 11372996 38955348 140 0 50248600 12971784 79804 37440 0 0 440600 0 0 0
mem 0 82341048 12930140 69410908 16922924 50383916 160 0 66784056 39686136 526204 115592 0 0 629580 28672 0 0
net enp6s0f0 0 0 0 0 0 0 0 0 0 0 0 0 0 0 6536 0 0 0 0 0 0 92 0
net vnet40 0 0 45874 0 0 0 0 0 0 0 0 0 252 0 43012 0 0 0 0 0 0 236 0
net enp1s0f0 0 1318040 77977647575 0 0 0 0 371 0 0 371 0 80952338 0 1597000197 0 0 0 0 0 0 9054679 0
net lo 0 0 59921566 0 0 0 0 0 0 0 0 0 476649 0 59921566 0 0 0 0 0 0 476649 0
net vnet20 0 0 11512096 0 0 0 0 0 0 0 0 0 81574 0 1150439939 0 0 0 0 0 0 134404 0
net vnet23 0 0 8310087 0 0 0 0 0 0 0 0 0 65720 0 495992307 0 0 0 0 0 0 89977 0
net vnet21 0 0 11159818 0 0 0 0 0 0 0 0 0 77652 0 1150432496 0 0 0 0 0 0 131281 0
net vnet37 0 0 225707 0 0 0 0 0 0 0 0 0 1454 0 5981267 0 0 0 0 0 0 2157 0
net vnet24 0 0 582459 0 0 0 0 0 0 0 0 0 7099 0 80581125 0 0 0 0 0 0 18231 0
net vnet38 0 0 437329 0 0 0 0 0 0 0 0 0 4159 0 64615194 0 0 0 0 0 0 7093 0
net virbr0 0 1268 375558232 0 0 0 0 0 0 0 0 0 4997110 0 70408394554 0 0 0 0 0 0 7220567 0
numa 1 2582753672 18927329 1008175 29040 1602661249 998585922
numa 0 2097221992 1008175 18927329 28452 1128201761 969769173
ps - 829758384 1528539 177 223 223 1 821
sysv_shm - 0 0
tmpfs /run/lock 0 6
tmpfs /run 2281472 1160
tmpfs /run/user/20029 4096 44
tmpfs /run/qemu 0 1
tmpfs /dev/shm 70441336832 271026
vfs - 298269 155145 308394
vm - 14 28202085 1310741198 520728 2496526 4694919689 4708203914 86239939 21487430 4400480146 76563 0 0 0 0 0 2714357 0 1121522 2855 0 2495195 84 0 34 0 0

1764549266.568218 0 node12.dhkim-278716.ldos-ut-pg0.wisc.cloudlab.us
block sda 415895 407017 56398523 9192347 5510847 14723413 2621482724 238254502 0 16945256 251554102
block sdb 2600 0 7504 3491 4 0 0 0 0 4228 3491
block sdc 990 0 7993 259 4 0 0 0 0 956 260
cpu 11 3367056 2 177730 24587513 166745 0 2091
cpu 10 3503507 13 158954 24536483 111054 0 1081
cpu 13 3206581 0 135494 24899958 55484 0 307
cpu 12 3269800 2 151777 24779022 100291 0 811
cpu 15 2953775 0 142085 25121886 73940 0 588
cpu 14 2917753 1 134180 25189450 51671 0 262
cpu 17 3047794 10 138915 25037971 67520 0 402
cpu 16 3005945 0 160491 24976691 144794 0 1477
cpu 19 3028012 0 164739 24972178 122264 0 1144
cpu 18 3154625 2 142515 24944053 51984 0 367
cpu 1 3266704 12 128546 24915293 58658 0 3016
cpu 0 3247890 2 131808 24858417 60538 0 916
cpu 3 3051374 2 128222 25142737 59681 0 1789
cpu 2 2957261 1 147494 25192955 81756 0 1198
cpu 5 2905726 0 137564 25248895 89511 0 3074
cpu 4 2821322 1 163992 25220398 168803 0 7286
cpu 7 3438032 0 136954 24766018 47546 0 876
cpu 6 3208936 1 126189 24991366 59795 0 2389
cpu 9 3013277 2 129139 25193018 51815 0 486
cpu 8 3148804 81 138016 25011085 53201 0 9397
intel_hsw_cbo 1/7 20971793 20972340 20975390 20972852 17214818231750 757459682555 2563795176217 459796768386
intel_hsw_cbo 1/6 20971793 20972340 20975390 20972852 16500564800569 758864993635 2417825994808 460116294263
intel_hsw_cbo 1/0 20971793 20972340 20975390 20972852 15916248944537 757187212134 2232591204131 459947138077
intel_hsw_cbo 1/4 20971793 20972340 20975390 20972852 16233803843472 759817795922 2041409438844 459903616297
intel_hsw_cbo 1/3 20971793 20972340 20975390 20972852 18865017318792 757975086656 2839766558906 459978332424
intel_hsw_cbo 1/1 20971793 20972340 20975390 20972852 16105353445630 758853893868 2351473064966 459894691583
intel_hsw_cbo 0/8 20971793 20972340 20975390 20972852 15093418558249 693149561098 2117315185310 424042892616
intel_hsw_cbo 0/9 20971793 20972340 20975390 20972852 16731198480017 692215530127 2721700164613 424069160913
intel_hsw_cbo 0/6 20971793 20972340 20975390 20972852 16648152998857 746777953856 2231625186212 459153815712
intel_hsw_cbo 0/7 20971793 20972340 20975390 20972852 18034383986021 746753551627 2425433088703 458988559230
intel_hsw_cbo 0/4 20971793 20972340 20975390 20972852 16406079050567 747837024347 2037373641806 459069790508
intel_hsw_cbo 0/5 20971793 20972340 20975390 20972852 20052517501425 744088590911 2446582182095 459306892335
intel_hsw_cbo 0/2 20971793 20972340 20975390 20972852 15955165357168 745929497588 1990619508726 458987934590
intel_hsw_cbo 0/3 20971793 20972340 20975390 20972852 20730325035334 745593144743 2741405962425 459046466142
intel_hsw_cbo 0/0 20971793 20972340 20975390 20972852 16356456683749 746087034312 2224154295473 459444144435
intel_hsw_cbo 0/1 20971793 20972340 20975390 20972852 16766292348158 746885452830 2185316694285 459101522437
intel_hsw_cbo 1/9 20971793 20972340 20975390 20972852 16470043067139 703113390986 2889287167759 425124373062
intel_hsw_cbo 1/5 20971793 20972340 20975390 20972852 18240284755602 755609822583 2550382253830 460345374123
intel_hsw_cbo 1/8 20971793 20972340 20975390 20972852 14878324622328 704151110542 2292664445673 425161866792
intel_hsw_cbo 1/2 20971793 20972340 20975390 20972852 15596884865146 757572337116 1978474179427 460051588080
intel_hsw_hau ff/12.5 20972289 20974593 20971520 20975386 6176360352919 1750579623703 101082244190492 1754533763174
intel_hsw_hau 7f/12.1 20972289 20974593 20971520 20975386 5025699345685 1603908525957 94413277686376 1608923596210
intel_hsw_hau ff/12.1 20972289 20974593 20971520 20975386 7034346697105 2231939912014 101082244203783 2238347232293
intel_hsw_hau 7f/12.5 20972289 20974593 20971520 20975386 4714322136027 1477396848367 94413278760601 1480879243141
intel_hsw_imc ff/14.1 20972292 20974596 20974337 20971778 3074171255362 880115539494 3147339753901 1747046724044 0
intel_hsw_imc ff/14.0 20972292 20974596 20974337 20971778 3940236651677 1366661817123 3488149825730 1517046563153 0
intel_hsw_imc 7f/17.1 20972292 20974596 20974337 20971778 2350417572076 743028711193 2472292012538 1335445003242 0
intel_hsw_imc 7f/17.0 20972292 20974596 20974337 20971778 2348790497775 742838594053 2471376573243 1342993462555 0
intel_hsw_imc 7f/14.0 20972292 20974596 20974337 20971778 2661011531246 873387570719 2562347129351 1079588225515 0
intel_hsw_imc 7f/14.1 20972292 20974596 20974337 20971778 2345854114625 742818662063 2454630904750 1324190761415 0
intel_hsw_imc ff/17.0 20972292 20974596 20974337 20971778 3076903349559 880231240857 3171533155179 1772612006350 0
intel_hsw_imc ff/17.1 20972292 20974596 20974337 20971778 3077936435086 880109335176 3170094219509 1759683835080 0
intel_hsw_qpi ff/08.2 6291712 6292480 6293506 6292483 3870673209712 2704728703072 10671392513344 0
intel_hsw_qpi 7f/08.2 6291712 6292480 6293506 6292483 2701806931035 3874055744203 13749835310430 0
intel_hsw_qpi 7f/09.2 6291712 6292480 6293506 6292483 2702470978721 3873843285246 12564526975640 0
intel_hsw_qpi ff/09.2 6291712 6292480 6293506 6292483 3870695999210 2704231844743 11692763643136 0
intel_hsw_r2pci 7f/10.1 20972580 20975369 20975367 20975368 4606853172 24783534939680 26837116247414 31403889827085
intel_hsw_r2pci ff/10.1 20972580 20975369 20975367 20975368 46763338 23510596983462 26235701020773 29811389981895
mem 1 82566752 31496104 51070648 11372996 38956152 152 0 50248604 12971784 80596 37408 0 0 440624 0 0 0
mem 0 82341048 12671668 69669380 16922928 50638196 180 0 67036252 39938332 528288 116364 0 0 634960 28672 0 0
net enp6s0f0 0 0 0 0 0 0 0 0 0 0 0 0 0 0 6536 0 0 0 0 0 0 92 0
net vnet40 0 0 45874 0 0 0 0 0 0 0 0 0 252 0 43064 0 0 0 0 0 0 237 0
net enp1s0f0 0 1318044 77977653452 0 0 0 0 371 0 0 371 0 80952428 0 1597000962 0 0 0 0 0 0 9054685 0
net lo 0 0 59922111 0 0 0 0 0 0 0 0 0 476653 0 59922111 0 0 0 0 0 0 476653 0
net vnet20 0 0 11512096 0 0 0 0 0 0 0 0 0 81574 0 1150439991 0 0 0 0 0 0 134405 0
net vnet23 0 0 8310087 0 0 0 0 0 0 0 0 0 65720 0 495992359 0 0 0 0 0 0 89978 0
net vnet21 0 0 11159818 0 0 0 0 0 0 0 0 0 77652 0 1150432548 0 0 0 0 0 0 131282 0
net vnet37 0 0 225707 0 0 0 0 0 0 0 0 0 1454 0 5981319 0 0 0 0 0 0 2158 0
net vnet24 0 0 582459 0 0 0 0 0 0 0 0 0 7099 0 80581177 0 0 0 0 0 0 18232 0
net vnet38 0 0 437329 0 0 0 0 0 0 0 0 0 4159 0 64615246 0 0 0 0 0 0 7094 0
net virbr0 0 1268 375558232 0 0 0 0 0 0 0 0 0 4997110 0 70408394554 0 0 0 0 0 0 7220567 0
numa 1 2582755122 18927329 1008175 29040 1602662699 998585922
numa 0 2097287567 1008175 18927329 28452 1128267336 969769173
ps - 829795558 1528550 177 223 223 2 821
sysv_shm - 0 0
tmpfs /run/lock 0 6
tmpfs /run 2281472 1160
tmpfs /run/user/20029 4096 44
tmpfs /run/qemu 0 1
tmpfs /dev/shm 70441336832 271026
vfs - 298269 173345 308395
vm - 14 28206765 1310741362 520728 2496526 4694986758 4708206138 86239939 21487430 4400570979 76563 0 0 0 0 0 2714357 0 1121522 2855 0 2495195 84 0 34 0 0

1764549267.602252 0 node12.dhkim-278716.ldos-ut-pg0.wisc.cloudlab.us
block sda 415906 407017 56400315 9192371 5510847 14723413 2621482724 238254502 0 16945304 251554125
block sdb 2600 0 7504 3491 4 0 0 0 0 4228 3491
block sdc 990 0 7993 259 4 0 0 0 0 956 260
cpu 11 3367056 2 177730 24587615 166745 0 2091
cpu 10 3503507 13 158954 24536585 111054 0 1081
cpu 13 3206581 0 135495 24900060 55484 0 307
cpu 12 3269800 2 151778 24779125 100291 0 811
cpu 15 2953775 0 142086 25121988 73940 0 588
cpu 14 2917753 1 134181 25189553 51671 0 262
cpu 17 3047794 10 138915 25038074 67520 0 402
cpu 16 3005945 0 160492 24976793 144794 0 1477
cpu 19 3028014 0 164739 24972280 122264 0 1144
cpu 18 3154625 2 142515 24944156 51984 0 367
cpu 1 3266731 12 128550 24915365 58658 0 3016
cpu 0 3247927 2 131822 24858469 60539 0 916
cpu 3 3051390 2 128222 25142824 59681 0 1789
cpu 2 2957274 1 147494 25193044 81756 0 1198
cpu 5 2905773 0 137580 25248936 89511 0 3074
cpu 4 2821339 1 163999 25220475 168803 0 7286
cpu 7 3438048 0 136954 24766104 47546 0 876
cpu 6 3208954 1 126189 24991451 59796 0 2389
cpu 9 3013277 2 129140 25193119 51815 0 486
cpu 8 3148805 81 138016 25011186 53201 0 9397
intel_hsw_cbo 1/7 20971793 20972340 20975390 20972852 17214818997578 757459926966 2563795323007 459796860474
intel_hsw_cbo 1/6 20971793 20972340 20975390 20972852 16500565545708 758865232387 2417826195399 460116385305
intel_hsw_cbo 1/0 20971793 20972340 20975390 20972852 15916249643317 757187453668 2232591494491 459947231410
intel_hsw_cbo 1/4 20971793 20972340 20975390 20972852 16233804556494 759818040858 2041409689663 459903708430
intel_hsw_cbo 1/3 20971793 20972340 20975390 20972852 18865018049699 757975326579 2839766721397 459978423246
intel_hsw_cbo 1/1 20971793 20972340 20975390 20972852 16105354145372 758854138070 2351473282375 459894784448
intel_hsw_cbo 0/8 20971793 20972340 20975390 20972852 15093453653259 693155342499 2117337295835 424045373720
intel_hsw_cbo 0/9 20971793 20972340 20975390 20972852 16731236212541 692221304115 2721707638791 424071637267
intel_hsw_cbo 0/6 20971793 20972340 20975390 20972852 16648189082411 746784215980 2231645350946 459156502526
intel_hsw_cbo 0/7 20971793 20972340 20975390 20972852 18034423101232 746759878474 2425437633722 458991255439
intel_hsw_cbo 0/4 20971793 20972340 20975390 20972852 16406115746393 747843351824 2037386736216 459072509851
intel_hsw_cbo 0/5 20971793 20972340 20975390 20972852 20052555836789 744094837605 2446587245179 459309571565
intel_hsw_cbo 0/2 20971793 20972340 20975390 20972852 15955201433674 745935825549 1990632984360 458990617441
intel_hsw_cbo 0/3 20971793 20972340 20975390 20972852 20730364148075 745599432352 2741414474579 459049137579
intel_hsw_cbo 0/0 20971793 20972340 20975390 20972852 16356493518340 746093370525 2224169591647 459446814750
intel_hsw_cbo 0/1 20971793 20972340 20975390 20972852 16766328492616 746891813952 2185340216099 459104213189
intel_hsw_cbo 1/9 20971793 20972340 20975390 20972852 16470043891892 703113617696 2889287373909 425124462187
intel_hsw_cbo 1/5 20971793 20972340 20975390 20972852 18240285475599 755610063553 2550382385343 460345465891
intel_hsw_cbo 1/8 20971793 20972340 20975390 20972852 14878325365759 704151340032 2292664646538 425161954972
intel_hsw_cbo 1/2 20971793 20972340 20975390 20972852 15596885564140 757572581110 1978474447170 460051679706
intel_hsw_hau ff/12.5 20972289 20974593 20971520 20975386 6176361765005 1750579741580 101084970040398 1754533884423
intel_hsw_hau 7f/12.1 20972289 20974593 20971520 20975386 5025710077159 1603915750476 94416105187362 1608930831230
intel_hsw_hau ff/12.1 20972289 20974593 20971520 20975386 7034349177692 2231940285619 101084970044189 2238347614595
intel_hsw_hau 7f/12.5 20972289 20974593 20971520 20975386 4714330757543 1477402660984 94416106270725 1480885056800
intel_hsw_imc ff/14.1 20972292 20974596 20974337 20971778 3074171961662 880115598242 3147339958067 1747046739524 0
intel_hsw_imc ff/14.0 20972292 20974596 20974337 20971778 3940238437557 1366662146948 3488150248576 1517046602871 0
intel_hsw_imc 7f/17.1 20972292 20974596 20974337 20971778 2350421872380 743031618167 2472297176864 1335446390954 0
intel_hsw_imc 7f/17.0 20972292 20974596 20974337 20971778 2348794848843 742841554950 2471381792353 1342994860798 0
intel_hsw_imc 7f/14.0 20972292 20974596 20974337 20971778 2661017995873 873391976461 2562353737841 1079589756331 0
intel_hsw_imc 7f/14.1 20972292 20974596 20974337 20971778 2345858414204 742821570810 2454636065776 1324192148355 0
intel_hsw_imc ff/17.0 20972292 20974596 20974337 20971778 3076904056056 880231299764 3171533361324 1772612021735 0
intel_hsw_imc ff/17.1 20972292 20974596 20974337 20971778 3077937149543 880109401389 3170094432448 1759683851016 0
intel_hsw_qpi ff/08.2 6291712 6292480 6293506 6292483 3870673935847 2704743009044 10671393153536 0
intel_hsw_qpi 7f/08.2 6291712 6292480 6293506 6292483 2701821228945 3874056469071 13749839156294 0
intel_hsw_qpi 7f/09.2 6291712 6292480 6293506 6292483 2702485285741 3873844011399 12564529675000 0
intel_hsw_qpi ff/09.2 6291712 6292480 6293506 6292483 3870696724220 2704246139567 11692764563624 0
intel_hsw_r2pci 7f/10.1 20972580 20975369 20975367 20975368 4606887532 24783597145731 26837169665854 31403964078274
intel_hsw_r2pci ff/10.1 20972580 20975369 20975367 20975368 46763490 23510602360578 26235741139075 29811430541002
mem 1 82566752 31496108 51070644 11373000 38955808 156 0 50248568 12971784 80256 37444 0 0 440736 0 0 0
mem 0 82341048 12373048 69968000 16922940 50934888 208 0 67332440 40234488 528640 117220 0 0 634960 28672 0 0
net enp6s0f0 0 0 0 0 0 0 0 0 0 0 0 0 0 0 6536 0 0 0 0 0 0 92 0
net vnet40 0 0 46134 0 0 0 0 0 0 0 0 0 255 0 43472 0 0 0 0 0 0 240 0
net enp1s0f0 0 1318051 77977660186 0 0 0 0 371 0 0 371 0 80952524 0 1597001933 0 0 0 0 0 0 9054693 0
net lo 0 0 59923088 0 0 0 0 0 0 0 0 0 476661 0 59923088 0 0 0 0 0 0 476661 0
net vnet20 0 0 11512096 0 0 0 0 0 0 0 0 0 81574 0 1150439991 0 0 0 0 0 0 134405 0
net vnet23 0 0 8310087 0 0 0 0 0 0 0 0 0 65720 0 495992359 0 0 0 0 0 0 89978 0
net vnet21 0 0 11159818 0 0 0 0 0 0 0 0 0 77652 0 1150432548 0 0 0 0 0 0 131282 0
net vnet37 0 0 225707 0 0 0 0 0 0 0 0 0 1454 0 5981319 0 0 0 0 0 0 2158 0
net vnet24 0 0 582459 0 0 0 0 0 0 0 0 0 7099 0 80581177 0 0 0 0 0 0 18232 0
net vnet38 0 0 437329 0 0 0 0 0 0 0 0 0 4159 0 64615246 0 0 0 0 0 0 7094 0
net virbr0 0 1268 375558450 0 0 0 0 0 0 0 0 0 4997113 0 70408394962 0 0 0 0 0 0 7220570 0
numa 1 2582756426 18927329 1008175 29040 1602664003 998585922
numa 0 2097362589 1008175 18927329 28452 1128342358 969769173
ps - 829807405 1528561 177 223 223 4 821
sysv_shm - 0 0
tmpfs /run/lock 0 6
tmpfs /run 2281472 1160
tmpfs /run/user/20029 4096 44
tmpfs /run/qemu 0 1
tmpfs /dev/shm 70441324544 271026
vfs - 298269 173345 308657
vm - 14 28207661 1310741362 520728 2496526 4695063083 4708208135 86239960 21487430 4400685034 76563 0 0 0 0 0 2714357 0 1121522 2855 0 2495195 84 0 34 0 0

1764549268.635489 0 node12.dhkim-278716.ldos-ut-pg0.wisc.cloudlab.us
block sda 415906 407017 56400315 9192371 5510913 14723413 2621483292 238256170 0 16945364 251555793
block sdb 2600 0 7504 3491 4 0 0 0 0 4228 3491
block sdc 990 0 7993 259 4 0 0 0 0 956 260
cpu 11 3367056 2 177731 24587717 166745 0 2091
cpu 10 3503507 13 158954 24536687 111054 0 1081
cpu 13 3206581 0 135496 24900161 55484 0 307
cpu 12 3269800 2 151778 24779226 100291 0 811
cpu 15 2953775 0 142086 25122091 73940 0 588
cpu 14 2917754 1 134182 25189654 51673 0 262
cpu 17 3047794 10 138915 25038177 67520 0 402
cpu 16 3005945 0 160493 24976895 144794 0 1477
cpu 19 3028016 0 164739 24972382 122264 0 1144
cpu 18 3154625 2 142515 24944258 51984 0 367
cpu 1 3266747 12 128563 24915436 58658 0 3016
cpu 0 3247965 2 131850 24858506 60539 0 916
cpu 3 3051391 2 128222 25142923 59681 0 1789
cpu 2 2957275 1 147496 25193145 81756 0 1198
cpu 5 2905777 0 137594 25249016 89511 0 3074
cpu 4 2821348 1 164008 25220560 168803 0 7286
cpu 7 3438049 0 136954 24766204 47546 0 876
cpu 6 3208958 1 126192 24991549 59796 0 2389
cpu 9 3013277 2 129141 25193221 51815 0 486
cpu 8 3148805 81 138017 25011288 53201 0 9397
intel_hsw_cbo 1/7 20971793 20972340 20975390 20972852 17214819757316 757460178729 2563795459755 459796959045
intel_hsw_cbo 1/6 20971793 20972340 20975390 20972852 16500566389253 758865476460 2417826288583 460116483179
intel_hsw_cbo 1/0 20971793 20972340 20975390 20972852 15916250420483 757187703944 2232591877668 459947328510
intel_hsw_cbo 1/4 20971793 20972340 20975390 20972852 16233805390391 759818294610 2041410092280 459903805884
intel_hsw_cbo 1/3 20971793 20972340 20975390 20972852 18865018813829 757975571904 2839766882842 459978520426
intel_hsw_cbo 1/1 20971793 20972340 20975390 20972852 16105354843193 758854388724 2351473390316 459894882375
intel_hsw_cbo 0/8 20971793 20972340 20975390 20972852 15093464122136 693157174598 2117348940594 424047003233
intel_hsw_cbo 0/9 20971793 20972340 20975390 20972852 16731247153341 692223123593 2721710288592 424073265787
intel_hsw_cbo 0/6 20971793 20972340 20975390 20972852 16648199022287 746786280631 2231655108497 459158288572
intel_hsw_cbo 0/7 20971793 20972340 20975390 20972852 18034432892007 746761910976 2425438299699 458993033392
intel_hsw_cbo 0/4 20971793 20972340 20975390 20972852 16406125736197 747845432489 2037396347109 459074325161
intel_hsw_cbo 0/5 20971793 20972340 20975390 20972852 20052565634211 744096863470 2446587970899 459311329134
intel_hsw_cbo 0/2 20971793 20972340 20975390 20972852 15955211169329 745937897383 1990643587752 458992378333
intel_hsw_cbo 0/3 20971793 20972340 20975390 20972852 20730375078458 745601520629 2741417308425 459050898769
intel_hsw_cbo 0/0 20971793 20972340 20975390 20972852 16356504342846 746095566334 2224181363463 459448573507
intel_hsw_cbo 0/1 20971793 20972340 20975390 20972852 16766338325594 746893946775 2185353221768 459105989528
intel_hsw_cbo 1/9 20971793 20972340 20975390 20972852 16470044600753 703113849327 2889287576317 425124556973
intel_hsw_cbo 1/5 20971793 20972340 20975390 20972852 18240286180130 755610310721 2550382508261 460345563774
intel_hsw_cbo 1/8 20971793 20972340 20975390 20972852 14878326174309 704151576121 2292664730350 425162049034
intel_hsw_cbo 1/2 20971793 20972340 20975390 20972852 15596886385493 757572832047 1978474854330 460051777546
intel_hsw_hau ff/12.5 20972289 20974593 20971520 20975386 6176363762535 1750579857235 101087814418585 1754534004484
intel_hsw_hau 7f/12.1 20972289 20974593 20971520 20975386 5025713693673 1603921151934 94419047798056 1608936246730
intel_hsw_hau ff/12.1 20972289 20974593 20971520 20975386 7034352538944 2231940677294 101087814405174 2238348017992
intel_hsw_hau 7f/12.5 20972289 20974593 20971520 20975386 4714333272178 1477407134253 94419048899569 1480889531442
intel_hsw_imc ff/14.1 20972292 20974596 20974337 20971778 3074172958714 880115658094 3147340215084 1747046757188 0
intel_hsw_imc ff/14.0 20972292 20974596 20974337 20971778 3940240813804 1366662503774 3488150805415 1517046648805 0
intel_hsw_imc 7f/17.1 20972292 20974596 20974337 20971778 2350423132283 743033857258 2472299873448 1335446844050 0
intel_hsw_imc 7f/17.0 20972292 20974596 20974337 20971778 2348796159193 742843847073 2471384529936 1342995324559 0
intel_hsw_imc 7f/14.0 20972292 20974596 20974337 20971778 2661020429104 873395230720 2562357534126 1079590350518 0
intel_hsw_imc 7f/14.1 20972292 20974596 20974337 20971778 2345859674651 742823811377 2454638768501 1324192600728 0
intel_hsw_imc ff/17.0 20972292 20974596 20974337 20971778 3076905054056 880231359916 3171533619511 1772612039449 0
intel_hsw_imc ff/17.1 20972292 20974596 20974337 20971778 3077938156128 880109470511 3170094699821 1759683868992 0
intel_hsw_qpi ff/08.2 6291712 6292480 6293506 6292483 3870674702777 2704750022147 10671393827424 0
intel_hsw_qpi 7f/08.2 6291712 6292480 6293506 6292483 2701828232974 3874057236152 13749844793870 0
intel_hsw_qpi 7f/09.2 6291712 6292480 6293506 6292483 2702492298825 3873844778363 12564533610776 0
intel_hsw_qpi ff/09.2 6291712 6292480 6293506 6292483 3870697491101 2704253143625 11692765544536 0
intel_hsw_r2pci 7f/10.1 20972580 20975369 20975367 20975368 4606893674 24783640948920 26837199712048 31404016559891
intel_hsw_r2pci ff/10.1 20972580 20975369 20975367 20975368 46763644 23510609306280 26235765810437 29811455477176
mem 1 82566752 31495904 51070848 11373060 38956244 76 0 50248576 12971784 80788 37496 0 0 440760 0 0 0
mem 0 82341048 11867536 70473512 16922956 51436432 36 0 67834844 40736892 528196 119128 0 0 634968 28672 0 0
net enp6s0f0 0 0 0 0 0 0 0 0 0 0 0 0 0 0 6536 0 0 0 0 0 0 92 0
net vnet40 0 0 46134 0 0 0 0 0 0 0 0 0 255 0 43524 0 0 0 0 0 0 241 0
net enp1s0f0 0 1318053 77977666635 0 0 0 0 371 0 0 371 0 80952619 0 1597002644 0 0 0 0 0 0 9054698 0
net lo 0 0 59923633 0 0 0 0 0 0 0 0 0 476665 0 59923633 0 0 0 0 0 0 476665 0
net vnet20 0 0 11512096 0 0 0 0 0 0 0 0 0 81574 0 1150440043 0 0 0 0 0 0 134406 0
net vnet23 0 0 8310087 0 0 0 0 0 0 0 0 0 65720 0 495992411 0 0 0 0 0 0 89979 0
net vnet21 0 0 11159818 0 0 0 0 0 0 0 0 0 77652 0 1150432600 0 0 0 0 0 0 131283 0
net vnet37 0 0 225707 0 0 0 0 0 0 0 0 0 1454 0 5981371 0 0 0 0 0 0 2159 0
net vnet24 0 0 582459 0 0 0 0 0 0 0 0 0 7099 0 80581229 0 0 0 0 0 0 18233 0
net vnet38 0 0 437329 0 0 0 0 0 0 0 0 0 4159 0 64615298 0 0 0 0 0 0 7095 0
net virbr0 0 1268 375558450 0 0 0 0 0 0 0 0 0 4997113 0 70408394962 0 0 0 0 0 0 7220570 0
numa 1 2582757905 18927329 1008175 29040 1602665482 998585922
numa 0 2097489545 1008175 18927329 28452 1128469314 969769173
ps - 829824466 1528572 177 223 223 2 821
sysv_shm - 0 0
tmpfs /run/lock 0 6
tmpfs /run 2281472 1160
tmpfs /run/user/20029 4096 44
tmpfs /run/qemu 0 1
tmpfs /dev/shm 70441324544 271026
vfs - 298269 173345 309079
vm - 14 28207661 1310741646 520728 2496526 4695191507 4708210076 86239960 21487430 4400875518 76563 0 0 0 0 0 2714357 0 1121522 2855 0 2495195 84 0 34 0 0

1764549269.667610 0 node12.dhkim-278716.ldos-ut-pg0.wisc.cloudlab.us
block sda 415906 407017 56400315 9192371 5510919 14723413 2621483356 238256204 0 16945376 251555827
block sdb 2600 0 7504 3491 4 0 0 0 0 4228 3491
block sdc 990 0 7993 259 4 0 0 0 0 956 260
cpu 11 3367057 2 177731 24587817 166745 0 2091
cpu 10 3503509 13 158956 24536788 111054 0 1081
cpu 13 3206581 0 135498 24900263 55484 0 307
cpu 12 3269800 2 151778 24779328 100291 0 811
cpu 15 2953775 0 142086 25122193 73940 0 588
cpu 14 2917754 1 134182 25189756 51673 0 262
cpu 17 3047795 10 138916 25038279 67520 0 402
cpu 16 3005945 0 160494 24976998 144794 0 1477
cpu 19 3028017 0 164739 24972484 122264 0 1144
cpu 18 3154625 2 142516 24944361 51984 0 367
cpu 1 3266762 12 128578 24915505 58658 0 3016
cpu 0 3247978 2 131855 24858588 60539 0 916
cpu 3 3051402 2 128227 25143010 59681 0 1789
cpu 2 2957290 1 147508 25193221 81756 0 1198
cpu 5 2905789 0 137602 25249100 89511 0 3074
cpu 4 2821406 1 164052 25220560 168803 0 7286
cpu 7 3438064 0 136958 24766288 47546 0 876
cpu 6 3208973 1 126197 24991632 59796 0 2389
cpu 9 3013278 2 129141 25193322 51815 0 486
cpu 8 3148805 81 138017 25011390 53201 0 9397
intel_hsw_cbo 1/7 20971793 20972340 20975390 20972852 17214820478030 757460426807 2563795514794 459797055123
intel_hsw_cbo 1/6 20971793 20972340 20975390 20972852 16500567137684 758865718672 2417826362881 460116580141
intel_hsw_cbo 1/0 20971793 20972340 20975390 20972852 15916251116048 757187949729 2232592334578 459947424777
intel_hsw_cbo 1/4 20971793 20972340 20975390 20972852 16233806182330 759818546399 2041410560241 459903901393
intel_hsw_cbo 1/3 20971793 20972340 20975390 20972852 18865019771279 757975814854 2839766992756 459978617037
intel_hsw_cbo 1/1 20971793 20972340 20975390 20972852 16105355531990 758854636412 2351473509824 459894978120
intel_hsw_cbo 0/8 20971793 20972340 20975390 20972852 15093488577425 693159687691 2117365469247 424049908011
intel_hsw_cbo 0/9 20971793 20972340 20975390 20972852 16731271580249 692225646310 2721715602730 424076154415
intel_hsw_cbo 0/6 20971793 20972340 20975390 20972852 16648224382852 746789109564 2231670287084 459161445796
intel_hsw_cbo 0/7 20971793 20972340 20975390 20972852 18034458322710 746764900578 2425441217764 458996177852
intel_hsw_cbo 0/4 20971793 20972340 20975390 20972852 16406154319911 747848792152 2037408796767 459077503142
intel_hsw_cbo 0/5 20971793 20972340 20975390 20972852 20052590155846 744099722588 2446591201668 459314457775
intel_hsw_cbo 0/2 20971793 20972340 20975390 20972852 15955235679481 745940949255 1990655390657 458995498581
intel_hsw_cbo 0/3 20971793 20972340 20975390 20972852 20730402706443 745604475069 2741423232109 459054025783
intel_hsw_cbo 0/0 20971793 20972340 20975390 20972852 16356530292715 746098654958 2224192826740 459451696572
intel_hsw_cbo 0/1 20971793 20972340 20975390 20972852 16766365553774 746897457799 2185369066779 459109121959
intel_hsw_cbo 1/9 20971793 20972340 20975390 20972852 16470045407864 703114078409 2889287690708 425124650271
intel_hsw_cbo 1/5 20971793 20972340 20975390 20972852 18240286907176 755610554957 2550382561769 460345660180
intel_hsw_cbo 1/8 20971793 20972340 20975390 20972852 14878326951771 704151809350 2292664817486 425162141283
intel_hsw_cbo 1/2 20971793 20972340 20975390 20972852 15596887115825 757573080811 1978475335303 460051875050
intel_hsw_hau ff/12.5 20972289 20974593 20971520 20975386 6176365546376 1750579977634 101090799644626 1754534128910
intel_hsw_hau 7f/12.1 20972289 20974593 20971520 20975386 5025721408588 1603930145021 94422136008006 1608945252469
intel_hsw_hau ff/12.1 20972289 20974593 20971520 20975386 7034355588677 2231941072866 101090799644985 2238348423900
intel_hsw_hau 7f/12.5 20972289 20974593 20971520 20975386 4714339390378 1477414432692 94422137094113 1480896830858
intel_hsw_imc ff/14.1 20972292 20974596 20974337 20971778 3074173846593 880115720179 3147340457324 1747046774026 0
intel_hsw_imc ff/14.0 20972292 20974596 20974337 20971778 3940242979887 1366662860284 3488151322880 1517046694515 0
intel_hsw_imc 7f/17.1 20972292 20974596 20974337 20971778 2350426251316 743037538574 2472305118442 1335447986195 0
intel_hsw_imc 7f/17.0 20972292 20974596 20974337 20971778 2348799327286 742847580517 2471389825716 1342996472356 0
intel_hsw_imc 7f/14.0 20972292 20974596 20974337 20971778 2661025229459 873400715497 2562364640740 1079591735322 0
intel_hsw_imc 7f/14.1 20972292 20974596 20974337 20971778 2345862791487 742827492764 2454644010099 1324193745796 0
intel_hsw_imc ff/17.0 20972292 20974596 20974337 20971778 3076905944198 880231422425 3171533863946 1772612056410 0
intel_hsw_imc ff/17.1 20972292 20974596 20974337 20971778 3077939054735 880109541398 3170094952679 1759683886224 0
intel_hsw_qpi ff/08.2 6291712 6292480 6293506 6292483 3870675466960 2704763650925 10671394491952 0
intel_hsw_qpi 7f/08.2 6291712 6292480 6293506 6292483 2701841842654 3874057998304 13749849731222 0
intel_hsw_qpi 7f/09.2 6291712 6292480 6293506 6292483 2702505921024 3873845542573 12564537067536 0
intel_hsw_qpi ff/09.2 6291712 6292480 6293506 6292483 3870698253209 2704266770992 11692766517576 0
intel_hsw_r2pci 7f/10.1 20972580 20975369 20975367 20975368 4606899360 24783705240462 26837271900142 31404103431548
intel_hsw_r2pci ff/10.1 20972580 20975369 20975367 20975368 46763930 23510615891518 26235806327644 29811496920547
mem 1 82566752 31496156 51070596 11373060 38956412 152 0 50248580 12971784 80936 37688 0 0 440848 0 0 0
mem 0 82341048 11057172 71283876 16922960 52245380 144 0 68643412 41545460 528200 121112 0 0 634976 28672 0 0
net enp6s0f0 0 0 0 0 0 0 0 0 0 0 0 0 0 0 6536 0 0 0 0 0 0 92 0
net vnet40 0 0 46134 0 0 0 0 0 0 0 0 0 255 0 43524 0 0 0 0 0 0 241 0
net enp1s0f0 0 1318057 77977672332 0 0 0 0 371 0 0 371 0 80952706 0 1597003355 0 0 0 0 0 0 9054703 0
net lo 0 0 59924178 0 0 0 0 0 0 0 0 0 476669 0 59924178 0 0 0 0 0 0 476669 0
net vnet20 0 0 11512096 0 0 0 0 0 0 0 0 0 81574 0 1150440043 0 0 0 0 0 0 134406 0
net vnet23 0 0 8310087 0 0 0 0 0 0 0 0 0 65720 0 495992411 0 0 0 0 0 0 89979 0
net vnet21 0 0 11159818 0 0 0 0 0 0 0 0 0 77652 0 1150432600 0 0 0 0 0 0 131283 0
net vnet37 0 0 225707 0 0 0 0 0 0 0 0 0 1454 0 5981371 0 0 0 0 0 0 2159 0
net vnet24 0 0 582459 0 0 0 0 0 0 0 0 0 7099 0 80581229 0 0 0 0 0 0 18233 0
net vnet38 0 0 437329 0 0 0 0 0 0 0 0 0 4159 0 64615298 0 0 0 0 0 0 7095 0
net virbr0 0 1268 375558450 0 0 0 0 0 0 0 0 0 4997113 0 70408394962 0 0 0 0 0 0 7220570 0
numa 1 2582759438 18927329 1008175 29040 1602667015 998585922
numa 0 2097693660 1008175 18927329 28452 1128673429 969769173
ps - 829839250 1528583 171 221 223 9 821
sysv_shm - 0 0
tmpfs /run/lock 0 6
tmpfs /run 2281472 1160
tmpfs /run/user/20029 4096 44
tmpfs /run/qemu 0 1
tmpfs /dev/shm 70441324544 271026
vfs - 298269 173345 309424
vm - 14 28207661 1310741678 520728 2496526 4695397189 4708211999 86239960 21487430 4401131429 76563 0 0 0 0 0 2714357 0 1121522 2855 0 2495195 84 0 34 0 0

1764549270.700606 0 node12.dhkim-278716.ldos-ut-pg0.wisc.cloudlab.us
block sda 415960 407017 56401723 9192574 5510928 14723426 2621483532 238256263 1 16945536 251556089
block sdb 2600 0 7504 3491 4 0 0 0 0 4228 3491
block sdc 990 0 7993 259 4 0 0 0 0 956 260
cpu 11 3367058 2 177731 24587920 166745 0 2091
cpu 10 3503511 13 158956 24536891 111054 0 1081
cpu 13 3206582 0 135498 24900363 55487 0 307
cpu 12 3269802 2 151778 24779431 100291 0 811
cpu 15 2953775 0 142087 25122297 73940 0 588
cpu 14 2917755 1 134182 25189858 51674 0 262
cpu 17 3047796 10 138918 25038381 67520 0 402
cpu 16 3005945 0 160494 24977101 144794 0 1477
cpu 19 3028018 0 164739 24972578 122273 0 1145
cpu 18 3154625 2 142516 24944465 51984 0 367
cpu 1 3266855 12 128587 24915509 58658 0 3016
cpu 0 3248066 2 131869 24858590 60539 0 916
cpu 3 3051462 2 128267 25143015 59681 0 1789
cpu 2 2957377 1 147523 25193224 81756 0 1198
cpu 5 2905874 0 137620 25249102 89511 0 3074
cpu 4 2821497 1 164066 25220561 168803 0 7286
cpu 7 3438156 0 136970 24766289 47546 0 876
cpu 6 3209060 1 126213 24991633 59796 0 2389
cpu 9 3013278 2 129141 25193424 51815 0 486
cpu 8 3148805 81 138018 25011491 53201 0 9397
intel_hsw_cbo 1/7 20971793 20972340 20975390 20972852 17214821454046 757460697392 2563795570039 459797164450
intel_hsw_cbo 1/6 20971793 20972340 20975390 20972852 16500568055934 758865981753 2417826502410 460116687005
intel_hsw_cbo 1/0 20971793 20972340 20975390 20972852 15916252016374 757188218635 2232592809846 459947532003
intel_hsw_cbo 1/4 20971793 20972340 20975390 20972852 16233807073216 759818820378 2041411052892 459904008774
intel_hsw_cbo 1/3 20971793 20972340 20975390 20972852 18865020762276 757976079231 2839767111033 459978724833
intel_hsw_cbo 1/1 20971793 20972340 20975390 20972852 16105356452457 758854906487 2351473680386 459895086437
intel_hsw_cbo 0/8 20971793 20972340 20975390 20972852 15093637989399 693178559649 2117411528812 424065242972
intel_hsw_cbo 0/9 20971793 20972340 20975390 20972852 16731418338942 692244511731 2721746686125 424091498386
intel_hsw_cbo 0/6 20971793 20972340 20975390 20972852 16648388369361 746809462207 2231716127952 459178087624
intel_hsw_cbo 0/7 20971793 20972340 20975390 20972852 18034623935325 746785994515 2425466337573 459012836231
intel_hsw_cbo 0/4 20971793 20972340 20975390 20972852 16406326358761 747870665865 2037448092548 459094165033
intel_hsw_cbo 0/5 20971793 20972340 20975390 20972852 20052747606009 744120126771 2446619482912 459331086762
intel_hsw_cbo 0/2 20971793 20972340 20975390 20972852 15955397517278 745962097197 1990693369619 459012124359
intel_hsw_cbo 0/3 20971793 20972340 20975390 20972852 20730573444552 745625245791 2741460338386 459070644094
intel_hsw_cbo 0/0 20971793 20972340 20975390 20972852 16356693138482 746119470584 2224232387855 459468337975
intel_hsw_cbo 0/1 20971793 20972340 20975390 20972852 16766535278390 746919770382 2185414511068 459125736226
intel_hsw_cbo 1/9 20971793 20972340 20975390 20972852 16470046481137 703114326020 2889287812404 425124753032
intel_hsw_cbo 1/5 20971793 20972340 20975390 20972852 18240287861772 755610818962 2550382615978 460345767396
intel_hsw_cbo 1/8 20971793 20972340 20975390 20972852 14878327912743 704152061216 2292664962331 425162243904
intel_hsw_cbo 1/2 20971793 20972340 20975390 20972852 15596888088485 757573349936 1978475833708 460051984635
intel_hsw_hau ff/12.5 20972289 20974593 20971520 20975386 6176366400627 1750580165210 101093822886656 1754534322002
intel_hsw_hau 7f/12.1 20972289 20974593 20971520 20975386 5025811274970 1603977861126 94425263616524 1608992978862
intel_hsw_hau ff/12.1 20972289 20974593 20971520 20975386 7034357232135 2231941527492 101093822924873 2238348890646
intel_hsw_hau 7f/12.5 20972289 20974593 20971520 20975386 4714408023888 1477451398443 94425264663455 1480933797049
intel_hsw_imc ff/14.1 20972292 20974596 20974337 20971778 3074174266624 880115817452 3147340729788 1747046797255 0
intel_hsw_imc ff/14.0 20972292 20974596 20974337 20971778 3940244216791 1366663245033 3488151781727 1517046742647 0
intel_hsw_imc 7f/17.1 20972292 20974596 20974337 20971778 2350460551077 743055999163 2472352659371 1335461680722 0
intel_hsw_imc 7f/17.0 20972292 20974596 20974337 20971778 2348833672216 742866089521 2471437539517 1343010227959 0
intel_hsw_imc 7f/14.0 20972292 20974596 20974337 20971778 2661080851586 873429994455 2562431140188 1079613600547 0
intel_hsw_imc 7f/14.1 20972292 20974596 20974337 20971778 2345897062522 742845951676 2454691539196 1324207447863 0
intel_hsw_imc ff/17.0 20972292 20974596 20974337 20971778 3076906375148 880231519687 3171534146781 1772612080154 0
intel_hsw_imc ff/17.1 20972292 20974596 20974337 20971778 3077939487819 880109647908 3170095238864 1759683909601 0
intel_hsw_qpi ff/08.2 6291712 6292480 6293506 6292483 3870676381021 2704854607058 10671395393160 0
intel_hsw_qpi 7f/08.2 6291712 6292480 6293506 6292483 2701932792023 3874058912327 13749851192222 0
intel_hsw_qpi 7f/09.2 6291712 6292480 6293506 6292483 2702596881445 3873846456643 12564537952040 0
intel_hsw_qpi ff/09.2 6291712 6292480 6293506 6292483 3870699167168 2704357709097 11692767777056 0
intel_hsw_r2pci 7f/10.1 20972580 20975369 20975367 20975368 4606928326 24783945111832 26837555183432 31404430378225
intel_hsw_r2pci ff/10.1 20972580 20975369 20975367 20975368 46764078 23510622686095 26236033880878 29811724724330
mem 1 82566752 31495908 51070844 11373072 38958544 96 0 50249244 12973476 82492 37428 0 0 440888 0 0 0
mem 0 82341048 9647244 72693804 16922972 53649596 136 0 70047700 42949748 528224 124256 0 0 635040 28672 0 0
net enp6s0f0 0 0 0 0 0 0 0 0 0 0 0 0 0 0 6536 0 0 0 0 0 0 92 0
net vnet40 0 0 46134 0 0 0 0 0 0 0 0 0 255 0 43576 0 0 0 0 0 0 242 0
net enp1s0f0 0 1318061 77977682881 0 0 0 0 371 0 0 371 0 80952822 0 1597006362 0 0 0 0 0 0 9054719 0
net lo 0 0 59924723 0 0 0 0 0 0 0 0 0 476673 0 59924723 0 0 0 0 0 0 476673 0
net vnet20 0 0 11512096 0 0 0 0 0 0 0 0 0 81574 0 1150440095 0 0 0 0 0 0 134407 0
net vnet23 0 0 8310087 0 0 0 0 0 0 0 0 0 65720 0 495992463 0 0 0 0 0 0 89980 0
net vnet21 0 0 11159818 0 0 0 0 0 0 0 0 0 77652 0 1150432652 0 0 0 0 0 0 131284 0
net vnet37 0 0 225707 0 0 0 0 0 0 0 0 0 1454 0 5981423 0 0 0 0 0 0 2160 0
net vnet24 0 0 582459 0 0 0 0 0 0 0 0 0 7099 0 80581281 0 0 0 0 0 0 18234 0
net vnet38 0 0 437329 0 0 0 0 0 0 0 0 0 4159 0 64615350 0 0 0 0 0 0 7096 0
net virbr0 0 1268 375558450 0 0 0 0 0 0 0 0 0 4997113 0 70408394962 0 0 0 0 0 0 7220570 0
numa 1 2582761806 18927329 1008175 29040 1602669383 998585922
numa 0 2098046981 1008175 18927329 28452 1129026750 969769173
ps - 829844449 1528596 171 221 223 9 823
sysv_shm - 0 0
tmpfs /run/lock 0 6
tmpfs /run 2281472 1160
tmpfs /run/user/20029 4096 44
tmpfs /run/qemu 0 1
tmpfs /dev/shm 70441324544 271026
vfs - 298275 173385 309432
vm - 14 28208365 1310741770 520728 2496526 4695752876 4708214022 86239967 21487430 4401486055 76582 0 0 0 0 0 2714357 0 1121522 2855 0 2495195 84 0 34 0 0

1764549271.743390 0 node12.dhkim-278716.ldos-ut-pg0.wisc.cloudlab.us
block sda 415960 407017 56401723 9192574 5510929 14723426 2621483540 238256275 0 16945548 251556107
block sdb 2600 0 7504 3491 4 0 0 0 0 4228 3491
block sdc 990 0 7993 259 4 0 0 0 0 956 260
cpu 11 3367058 2 177732 24588023 166745 0 2091
cpu 10 3503511 13 158956 24536993 111054 0 1081
cpu 13 3206582 0 135498 24900463 55488 0 307
cpu 12 3269802 2 151779 24779532 100291 0 811
cpu 15 2953775 0 142087 25122400 73940 0 588
cpu 14 2917758 1 134184 25189956 51674 0 262
cpu 17 3047796 10 138918 25038483 67520 0 402
cpu 16 3005946 0 160494 24977204 144794 0 1477
cpu 19 3028020 0 164739 24972679 122273 0 1145
cpu 18 3154625 2 142516 24944567 51984 0 367
cpu 1 3266956 12 128589 24915509 58658 0 3016
cpu 0 3248169 2 131869 24858590 60539 0 916
cpu 3 3051547 2 128285 25143015 59681 0 1789
cpu 2 2957479 1 147524 25193224 81756 0 1198
cpu 5 2905974 0 137623 25249102 89511 0 3074
cpu 4 2821600 1 164066 25220561 168803 0 7286
cpu 7 3438258 0 136971 24766289 47546 0 876
cpu 6 3209161 1 126215 24991633 59796 0 2389
cpu 9 3013278 2 129142 25193527 51815 0 486
cpu 8 3148805 81 138018 25011591 53201 0 9397
intel_hsw_cbo 1/7 20971793 20972340 20975390 20972852 17214822591377 757460991926 2563795642130 459797264666
intel_hsw_cbo 1/6 20971793 20972340 20975390 20972852 16500569164358 758866265897 2417827057910 460116784749
intel_hsw_cbo 1/0 20971793 20972340 20975390 20972852 15916253108316 757188509269 2232592965818 459947628627
intel_hsw_cbo 1/4 20971793 20972340 20975390 20972852 16233808175271 759819117761 2041411316231 459904107056
intel_hsw_cbo 1/3 20971793 20972340 20975390 20972852 18865021981433 757976367922 2839767255427 459978821237
intel_hsw_cbo 1/1 20971793 20972340 20975390 20972852 16105357554414 758855198900 2351474182871 459895184182
intel_hsw_cbo 0/8 20971793 20972340 20975390 20972852 15093809319824 693219258926 2117455978133 424076377437
intel_hsw_cbo 0/9 20971793 20972340 20975390 20972852 16731590068790 692285204545 2721777050467 424102645752
intel_hsw_cbo 0/6 20971793 20972340 20975390 20972852 16648570874939 746853062331 2231760693508 459190151132
intel_hsw_cbo 0/7 20971793 20972340 20975390 20972852 18034807260252 746829677833 2425490796775 459024918841
intel_hsw_cbo 0/4 20971793 20972340 20975390 20972852 16406507767087 747914373524 2037486880677 459106245859
intel_hsw_cbo 0/5 20971793 20972340 20975390 20972852 20052928397532 744163747608 2446647247988 459343159415
intel_hsw_cbo 0/2 20971793 20972340 20975390 20972852 15955579588233 746005772730 1990730306054 459024194946
intel_hsw_cbo 0/3 20971793 20972340 20975390 20972852 20730757173554 745668890275 2741496977555 459082706809
intel_hsw_cbo 0/0 20971793 20972340 20975390 20972852 16356874549863 746163127323 2224271183754 459480405346
intel_hsw_cbo 0/1 20971793 20972340 20975390 20972852 16766716802541 746963563817 2185459207538 459137799988
intel_hsw_cbo 1/9 20971793 20972340 20975390 20972852 16470047813822 703114590999 2889287971559 425124846820
intel_hsw_cbo 1/5 20971793 20972340 20975390 20972852 18240288980043 755611106960 2550382682299 460345864940
intel_hsw_cbo 1/8 20971793 20972340 20975390 20972852 14878329232389 704152331083 2292665523805 425162337407
intel_hsw_cbo 1/2 20971793 20972340 20975390 20972852 15596889149108 757573642019 1978476017103 460052084001
intel_hsw_hau ff/12.5 20972289 20974593 20971520 20975386 6176367204789 1750580314924 101096803329576 1754534472677
intel_hsw_hau 7f/12.1 20972289 20974593 20971520 20975386 5025903512480 1604011774724 94428346773926 1609026901308
intel_hsw_hau ff/12.1 20972289 20974593 20971520 20975386 7034358857939 2231941946887 101096803349291 2238349315344
intel_hsw_hau 7f/12.5 20972289 20974593 20971520 20975386 4714480216452 1477478115276 94428347841239 1480960514310
intel_hsw_imc ff/14.1 20972292 20974596 20974337 20971778 3074174663351 880115893838 3147340952636 1747046818431 0
intel_hsw_imc ff/14.0 20972292 20974596 20974337 20971778 3940245457438 1366663606959 3488152176197 1517046792251 0
intel_hsw_imc 7f/17.1 20972292 20974596 20974337 20971778 2350496657798 743069369627 2472397974486 1335474202980 0
intel_hsw_imc 7f/17.0 20972292 20974596 20974337 20971778 2348869828404 742879508605 2471482943954 1343022875129 0
intel_hsw_imc 7f/14.0 20972292 20974596 20974337 20971778 2661137096426 873450649880 2562492513014 1079632143887 0
intel_hsw_imc 7f/14.1 20972292 20974596 20974337 20971778 2345933143812 742859320176 2454736825264 1324220020266 0
intel_hsw_imc ff/17.0 20972292 20974596 20974337 20971778 3076906779744 880231595735 3171534377826 1772612103057 0
intel_hsw_imc ff/17.1 20972292 20974596 20974337 20971778 3077939895376 880109732020 3170095473308 1759683931128 0
intel_hsw_qpi ff/08.2 6291712 6292480 6293506 6292483 3870677441858 2704939160825 10671396868064 0
intel_hsw_qpi 7f/08.2 6291712 6292480 6293506 6292483 2702017335866 3874059972934 13749852495358 0
intel_hsw_qpi 7f/09.2 6291712 6292480 6293506 6292483 2702681436134 3873847517518 12564538871256 0
intel_hsw_qpi ff/09.2 6291712 6292480 6293506 6292483 3870700227709 2704442250044 11692769781040 0
intel_hsw_r2pci 7f/10.1 20972580 20975369 20975367 20975368 4606933862 24784234859702 26837850806186 31404769423500
intel_hsw_r2pci ff/10.1 20972580 20975369 20975367 20975368 46764230 23510630994958 26236247370782 29811938443493
mem 1 82566752 31496664 51070088 11373092 38959200 136 0 50249312 12973484 83060 37648 0 0 440920 0 0 0
mem 0 82341048 9380640 72960408 16922968 53915340 176 0 70313296 43215344 528292 125124 0 0 635120 28672 0 0
net enp6s0f0 0 0 0 0 0 0 0 0 0 0 0 0 0 0 6536 0 0 0 0 0 0 92 0
net vnet40 0 0 46134 0 0 0 0 0 0 0 0 0 255 0 43646 0 0 0 0 0 0 243 0
net enp1s0f0 0 1318066 77977688924 0 0 0 0 371 0 0 371 0 80952904 0 1597007269 0 0 0 0 0 0 9054726 0
net lo 0 0 59925268 0 0 0 0 0 0 0 0 0 476677 0 59925268 0 0 0 0 0 0 476677 0
net vnet20 0 0 11512096 0 0 0 0 0 0 0 0 0 81574 0 1150440095 0 0 0 0 0 0 134407 0
net vnet23 0 0 8310087 0 0 0 0 0 0 0 0 0 65720 0 495992463 0 0 0 0 0 0 89980 0
net vnet21 0 0 11159818 0 0 0 0 0 0 0 0 0 77652 0 1150432652 0 0 0 0 0 0 131284 0
net vnet37 0 0 225707 0 0 0 0 0 0 0 0 0 1454 0 5981423 0 0 0 0 0 0 2160 0
net vnet24 0 0 582459 0 0 0 0 0 0 0 0 0 7099 0 80581281 0 0 0 0 0 0 18234 0
net vnet38 0 0 437329 0 0 0 0 0 0 0 0 0 4159 0 64615350 0 0 0 0 0 0 7096 0
net virbr0 0 1268 375558450 0 0 0 0 0 0 0 0 0 4997113 0 70408394962 0 0 0 0 0 0 7220570 0
numa 1 2582763434 18927329 1008175 29040 1602671011 998585922
numa 0 2098112361 1008175 18927329 28452 1129092130 969769173
ps - 829849336 1528607 171 221 223 9 823
sysv_shm - 0 0
tmpfs /run/lock 0 6
tmpfs /run 2281472 1160
tmpfs /run/user/20029 4096 44
tmpfs /run/qemu 0 1
tmpfs /dev/shm 70441324544 271026
vfs - 298275 173345 309432
vm - 14 28208365 1310741770 520728 2496526 4695819821 4708215984 86239967 21487430 4401552898 76582 0 0 0 0 0 2714357 0 1121522 2855 0 2495195 84 0 34 0 0

1764549272.774849 0 node12.dhkim-278716.ldos-ut-pg0.wisc.cloudlab.us
block sda 415960 407017 56401723 9192574 5510933 14723426 2621483692 238256285 0 16945564 251556126
block sdb 2600 0 7504 3491 4 0 0 0 0 4228 3491
block sdc 990 0 7993 259 4 0 0 0 0 956 260
cpu 11 3367058 2 177732 24588124 166745 0 2091
cpu 10 3503511 13 158956 24537095 111054 0 1081
cpu 13 3206583 0 135498 24900565 55488 0 307
cpu 12 3269803 2 151779 24779634 100291 0 811
cpu 15 2953775 0 142088 25122501 73940 0 588
cpu 14 2917758 1 134185 25190058 51674 0 262
cpu 17 3047796 10 138919 25038586 67520 0 402
cpu 16 3005946 0 160494 24977306 144794 0 1477
cpu 19 3028022 0 164740 24972780 122273 0 1145
cpu 18 3154626 2 142517 24944667 51984 0 367
cpu 1 3267059 12 128589 24915509 58658 0 3016
cpu 0 3248272 2 131869 24858590 60539 0 916
cpu 3 3051650 2 128285 25143015 59681 0 1789
cpu 2 2957582 1 147524 25193224 81756 0 1198
cpu 5 2906077 0 137624 25249102 89511 0 3074
cpu 4 2821702 1 164066 25220561 168803 0 7286
cpu 7 3438362 0 136971 24766289 47546 0 876
cpu 6 3209264 1 126215 24991633 59796 0 2389
cpu 9 3013278 2 129142 25193629 51815 0 486
cpu 8 3148805 81 138018 25011692 53201 0 9397
intel_hsw_cbo 1/7 20971793 20972340 20975390 20972852 17214823715399 757461289693 2563796046550 459797365091
intel_hsw_cbo 1/6 20971793 20972340 20975390 20972852 16500570239160 758866553880 2417827239480 460116884272
intel_hsw_cbo 1/0 20971793 20972340 20975390 20972852 15916254179870 757188803064 2232593154493 459947727649
intel_hsw_cbo 1/4 20971793 20972340 20975390 20972852 16233809266517 759819417576 2041411453004 459904204858
intel_hsw_cbo 1/3 20971793 20972340 20975390 20972852 18865023191598 757976660085 2839767598921 459978919835
intel_hsw_cbo 1/1 20971793 20972340 20975390 20972852 16105358701436 758855494429 2351474357406 459895282490
intel_hsw_cbo 0/8 20971793 20972340 20975390 20972852 15093981728665 693270302841 2117484123173 424081486987
intel_hsw_cbo 0/9 20971793 20972340 20975390 20972852 16731762634196 692336249066 2721796271637 424107763637
intel_hsw_cbo 0/6 20971793 20972340 20975390 20972852 16648757835249 746908193506 2231789002205 459195687967
intel_hsw_cbo 0/7 20971793 20972340 20975390 20972852 18034994501042 746884795473 2425506380826 459030478314
intel_hsw_cbo 0/4 20971793 20972340 20975390 20972852 16406693577361 747969497540 2037512839697 459111791272
intel_hsw_cbo 0/5 20971793 20972340 20975390 20972852 20053114024462 744218856445 2446664898945 459348713407
intel_hsw_cbo 0/2 20971793 20972340 20975390 20972852 15955766275139 746060897288 1990755394068 459029752406
intel_hsw_cbo 0/3 20971793 20972340 20975390 20972852 20730944616632 745724014936 2741520192387 459088251071
intel_hsw_cbo 0/0 20971793 20972340 20975390 20972852 16357060235723 746218257299 2224297531642 459485950669
intel_hsw_cbo 0/1 20971793 20972340 20975390 20972852 16766902298219 747018698129 2185487706022 459143351895
intel_hsw_cbo 1/9 20971793 20972340 20975390 20972852 16470049084775 703114858910 2889288447407 425124940390
intel_hsw_cbo 1/5 20971793 20972340 20975390 20972852 18240290084164 755611397276 2550383041233 460345964274
intel_hsw_cbo 1/8 20971793 20972340 20975390 20972852 14878330459632 704152603923 2292665680799 425162431440
intel_hsw_cbo 1/2 20971793 20972340 20975390 20972852 15596890220563 757573936947 1978476161544 460052182457
intel_hsw_hau ff/12.5 20972289 20974593 20971520 20975386 6176367965522 1750580458582 101099790309730 1754534617269
intel_hsw_hau 7f/12.1 20972289 20974593 20971520 20975386 5025954973214 1604028595572 94431436640836 1609043731917
intel_hsw_hau ff/12.1 20972289 20974593 20971520 20975386 7034360449006 2231942355393 101099790296157 2238349729975
intel_hsw_hau 7f/12.5 20972289 20974593 20971520 20975386 4714522820925 1477492829262 94431437751423 1480975228617
intel_hsw_imc ff/14.1 20972292 20974596 20974337 20971778 3074175041306 880115967120 3147341142395 1747046837784 0
intel_hsw_imc ff/14.0 20972292 20974596 20974337 20971778 3940246683449 1366663962152 3488152531011 1517046842929 0
intel_hsw_imc 7f/17.1 20972292 20974596 20974337 20971778 2350517945066 743076718242 2472423767079 1335480677484 0
intel_hsw_imc 7f/17.0 20972292 20974596 20974337 20971778 2348891160117 742886905696 2471508780432 1343029382744 0
intel_hsw_imc 7f/14.0 20972292 20974596 20974337 20971778 2661167303402 873460180717 2562523711583 1079639105499 0
intel_hsw_imc 7f/14.1 20972292 20974596 20974337 20971778 2345954423534 742866668353 2454762606571 1324226501832 0
intel_hsw_imc ff/17.0 20972292 20974596 20974337 20971778 3076907162932 880231668795 3171534573042 1772612123417 0
intel_hsw_imc ff/17.1 20972292 20974596 20974337 20971778 3077940282594 880109813047 3170095673028 1759683951154 0
intel_hsw_qpi ff/08.2 6291712 6292480 6293506 6292483 3870678545474 2704985913170 10671398314040 0
intel_hsw_qpi 7f/08.2 6291712 6292480 6293506 6292483 2702064069647 3874061076627 13749853663702 0
intel_hsw_qpi 7f/09.2 6291712 6292480 6293506 6292483 2702728188172 3873848621191 12564539744424 0
intel_hsw_qpi ff/09.2 6291712 6292480 6293506 6292483 3870701331309 2704488984411 11692771759448 0
intel_hsw_r2pci 7f/10.1 20972580 20975369 20975367 20975368 4606939998 24784523600434 26838094173823 31405062410101
intel_hsw_r2pci ff/10.1 20972580 20975369 20975367 20975368 46764388 23510638897339 26236368088442 29812059707867
mem 1 82566752 31495664 51071088 11373132 38959232 148 0 50249316 12973484 83148 37704 0 0 440968 0 0 0
mem 0 82341048 9373080 72967968 16922968 53922376 192 0 70320456 43222504 528296 125132 0 0 635120 28672 0 0
net enp6s0f0 0 0 0 0 0 0 0 0 0 0 0 0 0 0 6536 0 0 0 0 0 0 92 0
net vnet40 0 0 46134 0 0 0 0 0 0 0 0 0 255 0 43698 0 0 0 0 0 0 244 0
net enp1s0f0 0 1318070 77977695041 0 0 0 0 371 0 0 371 0 80952998 0 1597007980 0 0 0 0 0 0 9054731 0
net lo 0 0 59925813 0 0 0 0 0 0 0 0 0 476681 0 59925813 0 0 0 0 0 0 476681 0
net vnet20 0 0 11512096 0 0 0 0 0 0 0 0 0 81574 0 1150440147 0 0 0 0 0 0 134408 0
net vnet23 0 0 8310087 0 0 0 0 0 0 0 0 0 65720 0 495992515 0 0 0 0 0 0 89981 0
net vnet21 0 0 11159818 0 0 0 0 0 0 0 0 0 77652 0 1150432704 0 0 0 0 0 0 131285 0
net vnet37 0 0 225707 0 0 0 0 0 0 0 0 0 1454 0 5981475 0 0 0 0 0 0 2161 0
net vnet24 0 0 582459 0 0 0 0 0 0 0 0 0 7099 0 80581333 0 0 0 0 0 0 18235 0
net vnet38 0 0 437329 0 0 0 0 0 0 0 0 0 4159 0 64615402 0 0 0 0 0 0 7097 0
net virbr0 0 1268 375558450 0 0 0 0 0 0 0 0 0 4997113 0 70408394962 0 0 0 0 0 0 7220570 0
numa 1 2582765102 18927329 1008175 29040 1602672679 998585922
numa 0 2098114857 1008175 18927329 28452 1129094626 969769173
ps - 829854325 1528619 171 221 223 9 823
sysv_shm - 0 0
tmpfs /run/lock 0 6
tmpfs /run 2281472 1160
tmpfs /run/user/20029 4096 44
tmpfs /run/qemu 0 1
tmpfs /dev/shm 70441324544 271026
vfs - 298275 173385 309432
vm - 14 28208365 1310741846 520728 2496526 4695823986 4708218000 86239977 21487430 4401557232 76582 0 0 0 0 0 2714357 0 1121522 2855 0 2495195 84 0 34 0 0

1764549273.810947 0 node12.dhkim-278716.ldos-ut-pg0.wisc.cloudlab.us
block sda 415960 407017 56401723 9192574 5511001 14723426 2621484268 238256829 0 16945644 251556671
block sdb 2600 0 7504 3491 4 0 0 0 0 4228 3491
block sdc 990 0 7993 259 4 0 0 0 0 956 260
cpu 11 3367058 2 177732 24588220 166751 0 2091
cpu 10 3503511 13 158956 24537198 111054 0 1081
cpu 13 3206583 0 135499 24900667 55488 0 307
cpu 12 3269803 2 151779 24779737 100291 0 811
cpu 15 2953775 0 142088 25122603 73940 0 588
cpu 14 2917759 1 134185 25190160 51674 0 262
cpu 17 3047797 10 138921 25038686 67520 0 402
cpu 16 3005946 0 160494 24977409 144794 0 1477
cpu 19 3028023 0 164740 24972882 122273 0 1145
cpu 18 3154626 2 142517 24944769 51984 0 367
cpu 1 3267163 12 128589 24915509 58658 0 3016
cpu 0 3248376 2 131869 24858590 60539 0 916
cpu 3 3051754 2 128285 25143015 59681 0 1789
cpu 2 2957686 1 147524 25193224 81756 0 1198
cpu 5 2906181 0 137624 25249102 89511 0 3074
cpu 4 2821806 1 164066 25220561 168803 0 7286
cpu 7 3438465 0 136971 24766289 47546 0 876
cpu 6 3209368 1 126215 24991633 59796 0 2389
cpu 9 3013278 2 129142 25193732 51815 0 486
cpu 8 3148805 81 138018 25011792 53201 0 9397
intel_hsw_cbo 1/7 20971793 20972340 20975390 20972852 17214824763567 757461580777 2563796145687 459797464396
intel_hsw_cbo 1/6 20971793 20972340 20975390 20972852 16500571221623 758866835248 2417827540404 460116981769
intel_hsw_cbo 1/0 20971793 20972340 20975390 20972852 15916255114904 757189090549 2232593340519 459947828427
intel_hsw_cbo 1/4 20971793 20972340 20975390 20972852 16233810250142 759819710894 2041411649584 459904304535
intel_hsw_cbo 1/3 20971793 20972340 20975390 20972852 18865024242881 757976945430 2839767734993 459979016911
intel_hsw_cbo 1/1 20971793 20972340 20975390 20972852 16105359719411 758855783666 2351474674804 459895382797
intel_hsw_cbo 0/8 20971793 20972340 20975390 20972852 15094247605471 693326014186 2117537980169 424084154628
intel_hsw_cbo 0/9 20971793 20972340 20975390 20972852 16732033850538 692391958128 2721836984940 424110443037
intel_hsw_cbo 0/6 20971793 20972340 20975390 20972852 16649061029089 746968174368 2231842977139 459198586149
intel_hsw_cbo 0/7 20971793 20972340 20975390 20972852 18035306349491 746944780916 2425540935965 459033398324
intel_hsw_cbo 0/4 20971793 20972340 20975390 20972852 16406996763952 748029476198 2037565725733 459114690484
intel_hsw_cbo 0/5 20971793 20972340 20975390 20972852 20053423407745 744278820006 2446704027552 459351625056
intel_hsw_cbo 0/2 20971793 20972340 20975390 20972852 15956068898441 746120868543 1990808566040 459032665504
intel_hsw_cbo 0/3 20971793 20972340 20975390 20972852 20731256388643 745783990244 2741569400733 459091157801
intel_hsw_cbo 0/0 20971793 20972340 20975390 20972852 16357362480077 746278225010 2224354963649 459488856082
intel_hsw_cbo 0/1 20971793 20972340 20975390 20972852 16767202189642 747078678956 2185543455026 459146257808
intel_hsw_cbo 1/9 20971793 20972340 20975390 20972852 16470050159457 703115120070 2889288603252 425125035247
intel_hsw_cbo 1/5 20971793 20972340 20975390 20972852 18240291125663 755611681927 2550383133446 460346063837
intel_hsw_cbo 1/8 20971793 20972340 20975390 20972852 14878331460949 704152869263 2292666002012 425162524779
intel_hsw_cbo 1/2 20971793 20972340 20975390 20972852 15596891177667 757574225968 1978476349166 460052280749
intel_hsw_hau ff/12.5 20972289 20974593 20971520 20975386 6176368726064 1750580601714 101102787860518 1754534761497
intel_hsw_hau 7f/12.1 20972289 20974593 20971520 20975386 5026020328526 1604040121830 94434537566720 1609055266924
intel_hsw_hau ff/12.1 20972289 20974593 20971520 20975386 7034362032483 2231942762388 101102787847497 2238350142904
intel_hsw_hau 7f/12.5 20972289 20974593 20971520 20975386 4714577080356 1477502260735 94434538667873 1480984660481
intel_hsw_imc ff/14.1 20972292 20974596 20974337 20971778 3074175418550 880116040615 3147341343403 1747046857532 0
intel_hsw_imc ff/14.0 20972292 20974596 20974337 20971778 3940247901882 1366664317198 3488152897789 1517046890785 0
intel_hsw_imc 7f/17.1 20972292 20974596 20974337 20971778 2350545129903 743081438524 2472447821041 1335487826692 0
intel_hsw_imc 7f/17.0 20972292 20974596 20974337 20971778 2348918393739 742891675081 2471532860440 1343036579544 0
intel_hsw_imc 7f/14.0 20972292 20974596 20974337 20971778 2661205682407 873467090954 2562551884483 1079645877849 0
intel_hsw_imc 7f/14.1 20972292 20974596 20974337 20971778 2345981602121 742871386780 2454786713071 1324233657645 0
intel_hsw_imc ff/17.0 20972292 20974596 20974337 20971778 3076907542803 880231741054 3171534776605 1772612143997 0
intel_hsw_imc ff/17.1 20972292 20974596 20974337 20971778 3077940672178 880109896033 3170095887126 1759683971207 0
intel_hsw_qpi ff/08.2 6291712 6292480 6293506 6292483 3870679604546 2705045576398 10671399754344 0
intel_hsw_qpi 7f/08.2 6291712 6292480 6293506 6292483 2702123708194 3874062135686 13749854872934 0
intel_hsw_qpi 7f/09.2 6291712 6292480 6293506 6292483 2702787849592 3873849680302 12564540636192 0
intel_hsw_qpi ff/09.2 6291712 6292480 6293506 6292483 3870702390278 2704548625602 11692773731600 0
intel_hsw_r2pci 7f/10.1 20972580 20975369 20975367 20975368 4606945750 24784835113059 26838372069469 31405404967076
intel_hsw_r2pci ff/10.1 20972580 20975369 20975367 20975368 46764540 23510646700837 26236518821190 29812211642456
mem 1 82566752 31495916 51070836 11373140 38959292 72 0 50249324 12973484 83172 37732 0 0 441016 0 0 0
mem 0 82341048 9372576 72968472 16922968 53924020 24 0 70321996 43224044 528296 125140 0 0 635120 28672 0 0
net enp6s0f0 0 0 0 0 0 0 0 0 0 0 0 0 0 0 6536 0 0 0 0 0 0 92 0
net vnet40 0 0 46134 0 0 0 0 0 0 0 0 0 255 0 43698 0 0 0 0 0 0 244 0
net enp1s0f0 0 1318074 77977700318 0 0 0 0 371 0 0 371 0 80953077 0 1597008691 0 0 0 0 0 0 9054736 0
net lo 0 0 59926358 0 0 0 0 0 0 0 0 0 476685 0 59926358 0 0 0 0 0 0 476685 0
net vnet20 0 0 11512096 0 0 0 0 0 0 0 0 0 81574 0 1150440147 0 0 0 0 0 0 134408 0
net vnet23 0 0 8310087 0 0 0 0 0 0 0 0 0 65720 0 495992515 0 0 0 0 0 0 89981 0
net vnet21 0 0 11159818 0 0 0 0 0 0 0 0 0 77652 0 1150432704 0 0 0 0 0 0 131285 0
net vnet37 0 0 225707 0 0 0 0 0 0 0 0 0 1454 0 5981475 0 0 0 0 0 0 2161 0
net vnet24 0 0 582459 0 0 0 0 0 0 0 0 0 7099 0 80581333 0 0 0 0 0 0 18235 0
net vnet38 0 0 437329 0 0 0 0 0 0 0 0 0 4159 0 64615402 0 0 0 0 0 0 7097 0
net virbr0 0 1268 375558450 0 0 0 0 0 0 0 0 0 4997113 0 70408394962 0 0 0 0 0 0 7220570 0
numa 1 2582766716 18927329 1008175 29040 1602674293 998585922
numa 0 2098115203 1008175 18927329 28452 1129094972 969769173
ps - 829859199 1528630 171 221 223 9 823
sysv_shm - 0 0
tmpfs /run/lock 0 6
tmpfs /run 2281472 1160
tmpfs /run/user/20029 4096 44
tmpfs /run/qemu 0 1
tmpfs /dev/shm 70441324544 271026
vfs - 298275 173385 309432
vm - 14 28208365 1310742134 520728 2496526 4695825945 4708219955 86239978 21487430 4401559407 76582 0 0 0 0 0 2714357 0 1121522 2855 0 2495195 84 0 34 0 0

1764549274.847118 0 node12.dhkim-278716.ldos-ut-pg0.wisc.cloudlab.us
block sda 415960 407017 56401723 9192574 5511001 14723426 2621484268 238256829 0 16945644 251556671
block sdb 2600 0 7504 3491 4 0 0 0 0 4228 3491
block sdc 990 0 7993 259 4 0 0 0 0 956 260
cpu 11 3367058 2 177732 24588322 166751 0 2091
cpu 10 3503512 13 158956 24537299 111054 0 1081
cpu 13 3206583 0 135499 24900769 55488 0 307
cpu 12 3269803 2 151779 24779840 100291 0 811
cpu 15 2953775 0 142089 25122706 73940 0 588
cpu 14 2917761 1 134185 25190262 51674 0 262
cpu 17 3047797 10 138922 25038787 67520 0 402
cpu 16 3005946 0 160494 24977512 144794 0 1477
cpu 19 3028024 0 164741 24972985 122273 0 1145
cpu 18 3154627 2 142518 24944871 51984 0 367
cpu 1 3267258 12 128598 24915509 58658 0 3016
cpu 0 3248475 2 131873 24858590 60539 0 916
cpu 3 3051857 2 128285 25143015 59681 0 1789
cpu 2 2957788 1 147525 25193224 81756 0 1198
cpu 5 2906284 0 137624 25249102 89511 0 3074
cpu 4 2821907 1 164069 25220561 168803 0 7286
cpu 7 3438566 0 136974 24766289 47546 0 876
cpu 6 3209464 1 126222 24991633 59796 0 2389
cpu 9 3013278 2 129143 25193835 51815 0 486
cpu 8 3148805 81 138018 25011893 53201 0 9397
intel_hsw_cbo 1/7 20971793 20972340 20975390 20972852 17214825930984 757461869287 2563796194809 459797561719
intel_hsw_cbo 1/6 20971793 20972340 20975390 20972852 16500572382005 758867115137 2417827839850 460117079150
intel_hsw_cbo 1/0 20971793 20972340 20975390 20972852 15916256185840 757189377376 2232593673265 459947925341
intel_hsw_cbo 1/4 20971793 20972340 20975390 20972852 16233811292815 759820002384 2041411979122 459904400467
intel_hsw_cbo 1/3 20971793 20972340 20975390 20972852 18865025557556 757977229456 2839767851068 459979113449
intel_hsw_cbo 1/1 20971793 20972340 20975390 20972852 16105360841126 758856069872 2351475034175 459895478695
intel_hsw_cbo 0/8 20971793 20972340 20975390 20972852 15094482837393 693361171375 2117601048161 424096857787
intel_hsw_cbo 0/9 20971793 20972340 20975390 20972852 16732273339582 692427118343 2721876826270 424123152099
intel_hsw_cbo 0/6 20971793 20972340 20975390 20972852 16649321828204 747005876212 2231905249117 459212349638
intel_hsw_cbo 0/7 20971793 20972340 20975390 20972852 18035575195301 746982613423 2425572171888 459047178672
intel_hsw_cbo 0/4 20971793 20972340 20975390 20972852 16407258893179 748067391963 2037624748474 459128468885
intel_hsw_cbo 0/5 20971793 20972340 20975390 20972852 20053688113811 744316522628 2446739431536 459365392623
intel_hsw_cbo 0/2 20971793 20972340 20975390 20972852 15956330013116 746158738784 1990866351062 459046438355
intel_hsw_cbo 0/3 20971793 20972340 20975390 20972852 20731525325529 745821813849 2741617549022 459104918642
intel_hsw_cbo 0/0 20971793 20972340 20975390 20972852 16357620781721 746316020276 2224415188455 459502625668
intel_hsw_cbo 0/1 20971793 20972340 20975390 20972852 16767460520795 747116672643 2185607656390 459160018210
intel_hsw_cbo 1/9 20971793 20972340 20975390 20972852 16470051361546 703115379667 2889288719195 425125126728
intel_hsw_cbo 1/5 20971793 20972340 20975390 20972852 18240292341260 755611965109 2550383182196 460346160164
intel_hsw_cbo 1/8 20971793 20972340 20975390 20972852 14878332550193 704153134081 2292666358800 425162615313
intel_hsw_cbo 1/2 20971793 20972340 20975390 20972852 15596892215166 757574511623 1978476686252 460052376535
intel_hsw_hau ff/12.5 20972289 20974593 20971520 20975386 6176369545341 1750580750081 101105784022888 1754534910690
intel_hsw_hau 7f/12.1 20972289 20974593 20971520 20975386 5026136274331 1604083470269 94437637077886 1609098623470
intel_hsw_hau ff/12.1 20972289 20974593 20971520 20975386 7034363671515 2231943177751 101105784020237 2238350562580
intel_hsw_hau 7f/12.5 20972289 20974593 20971520 20975386 4714667437019 1477534780208 94437638167983 1481017180650
intel_hsw_imc ff/14.1 20972292 20974596 20974337 20971778 3074175823569 880116116813 3147341571328 1747046879217 0
intel_hsw_imc ff/14.0 20972292 20974596 20974337 20971778 3940249147418 1366664674342 3488153296474 1517046939162 0
intel_hsw_imc 7f/17.1 20972292 20974596 20974337 20971778 2350590357995 743097729834 2472501099120 1335505315848 0
intel_hsw_imc 7f/17.0 20972292 20974596 20974337 20971778 2348963663871 742908012980 2471586209548 1343054385230 0
intel_hsw_imc 7f/14.0 20972292 20974596 20974337 20971778 2661276657330 873494309682 2562624750460 1079671551770 0
intel_hsw_imc 7f/14.1 20972292 20974596 20974337 20971778 2346026806014 742887672622 2454839960701 1324251134339 0
intel_hsw_imc ff/17.0 20972292 20974596 20974337 20971778 3076907954745 880231815623 3171535010455 1772612167573 0
intel_hsw_imc ff/17.1 20972292 20974596 20974337 20971778 3077941087296 880109980192 3170096126895 1759683993490 0
intel_hsw_qpi ff/08.2 6291712 6292480 6293506 6292483 3870680646541 2705151664946 10671401247048 0
intel_hsw_qpi 7f/08.2 6291712 6292480 6293506 6292483 2702229774878 3874063177790 13749856233790 0
intel_hsw_qpi 7f/09.2 6291712 6292480 6293506 6292483 2702893936644 3873850722318 12564541591848 0
intel_hsw_qpi ff/09.2 6291712 6292480 6293506 6292483 3870703432337 2704654698572 11692775732464 0
intel_hsw_r2pci 7f/10.1 20972580 20975369 20975367 20975368 4606951528 24785115548310 26838696148162 31405778782664
intel_hsw_r2pci ff/10.1 20972580 20975369 20975367 20975368 46764700 23510653844445 26236781633734 29812475922593
mem 1 82566752 31496172 51070580 11373140 38959284 156 0 50249332 12973484 83152 37768 0 0 440948 0 0 0
mem 0 82341048 9141504 73199544 16922968 54153520 120 0 70551576 43453624 528296 125272 0 0 635132 28672 0 0
net enp6s0f0 0 0 0 0 0 0 0 0 0 0 0 0 0 0 6536 0 0 0 0 0 0 92 0
net vnet40 0 0 46134 0 0 0 0 0 0 0 0 0 255 0 43750 0 0 0 0 0 0 245 0
net enp1s0f0 0 1318078 77977705453 0 0 0 0 371 0 0 371 0 80953155 0 1597009500 0 0 0 0 0 0 9054742 0
net lo 0 0 59926903 0 0 0 0 0 0 0 0 0 476689 0 59926903 0 0 0 0 0 0 476689 0
net vnet20 0 0 11512096 0 0 0 0 0 0 0 0 0 81574 0 1150440199 0 0 0 0 0 0 134409 0
net vnet23 0 0 8310087 0 0 0 0 0 0 0 0 0 65720 0 495992567 0 0 0 0 0 0 89982 0
net vnet21 0 0 11159818 0 0 0 0 0 0 0 0 0 77652 0 1150432756 0 0 0 0 0 0 131286 0
net vnet37 0 0 225707 0 0 0 0 0 0 0 0 0 1454 0 5981527 0 0 0 0 0 0 2162 0
net vnet24 0 0 582459 0 0 0 0 0 0 0 0 0 7099 0 80581385 0 0 0 0 0 0 18236 0
net vnet38 0 0 437329 0 0 0 0 0 0 0 0 0 4159 0 64615454 0 0 0 0 0 0 7098 0
net virbr0 0 1268 375558450 0 0 0 0 0 0 0 0 0 4997113 0 70408394962 0 0 0 0 0 0 7220570 0
numa 1 2582768322 18927329 1008175 29040 1602675899 998585922
numa 0 2098174038 1008175 18927329 28452 1129153807 969769173
ps - 829864038 1528641 221 230 226 10 823
sysv_shm - 0 0
tmpfs /run/lock 0 6
tmpfs /run 2281472 1160
tmpfs /run/user/20029 4096 44
tmpfs /run/qemu 0 1
tmpfs /dev/shm 70441324544 271026
vfs - 298275 173385 309432
vm - 14 28208365 1310742134 520728 2496526 4695886439 4708221917 86239978 21487430 4401619829 76582 0 0 0 0 0 2714357 0 1121522 2855 0 2495195 84 0 34 0 0

1764549275.879522 0 node12.dhkim-278716.ldos-ut-pg0.wisc.cloudlab.us
block sda 415960 407017 56401723 9192574 5511009 14723436 2621484436 238256841 1 16945652 251556682
block sdb 2600 0 7504 3491 4 0 0 0 0 4228 3491
block sdc 990 0 7993 259 4 0 0 0 0 956 260
cpu 11 3367058 2 177732 24588423 166751 0 2091
cpu 10 3503512 13 158956 24537401 111054 0 1081
cpu 13 3206583 0 135499 24900871 55488 0 307
cpu 12 3269803 2 151779 24779942 100291 0 811
cpu 15 2953776 0 142090 25122805 73940 0 588
cpu 14 2917763 1 134185 25190364 51674 0 262
cpu 17 3047797 10 138922 25038890 67520 0 402
cpu 16 3005946 0 160495 24977614 144794 0 1477
cpu 19 3028025 0 164741 24973087 122273 0 1145
cpu 18 3154627 2 142520 24944973 51984 0 367
cpu 1 3267360 12 128599 24915509 58658 0 3016
cpu 0 3248575 2 131877 24858590 60539 0 916
cpu 3 3051957 2 128288 25143015 59681 0 1789
cpu 2 2957889 1 147527 25193224 81756 0 1198
cpu 5 2906387 0 137624 25249102 89511 0 3074
cpu 4 2822004 1 164075 25220561 168803 0 7286
cpu 7 3438665 0 136978 24766289 47546 0 876
cpu 6 3209565 1 126224 24991633 59796 0 2389
cpu 9 3013278 2 129143 25193938 51815 0 486
cpu 8 3148806 81 138018 25011992 53201 0 9397
intel_hsw_cbo 1/7 20971793 20972340 20975390 20972852 17214827165674 757462159799 2563796239508 459797659299
intel_hsw_cbo 1/6 20971793 20972340 20975390 20972852 16500573501491 758867396072 2417828022269 460117174798
intel_hsw_cbo 1/0 20971793 20972340 20975390 20972852 15916257317968 757189663887 2232594013340 459948024099
intel_hsw_cbo 1/4 20971793 20972340 20975390 20972852 16233812455113 759820296792 2041412320535 459904499108
intel_hsw_cbo 1/3 20971793 20972340 20975390 20972852 18865026817916 757977514841 2839767950211 459979208275
intel_hsw_cbo 1/1 20971793 20972340 20975390 20972852 16105362081641 758856358454 2351475272205 459895577881
intel_hsw_cbo 0/8 20971793 20972340 20975390 20972852 15094664207860 693404062756 2117642384356 424110010355
intel_hsw_cbo 0/9 20971793 20972340 20975390 20972852 16732454121358 692470020257 2721902242591 424136305993
intel_hsw_cbo 0/6 20971793 20972340 20975390 20972852 16649516363282 747051944144 2231945786446 459226598305
intel_hsw_cbo 0/7 20971793 20972340 20975390 20972852 18035770514690 747028792374 2425591010478 459061440830
intel_hsw_cbo 0/4 20971793 20972340 20975390 20972852 16407452844666 748113634345 2037665459988 459142735027
intel_hsw_cbo 0/5 20971793 20972340 20975390 20972852 20053879995479 744362595729 2446760796413 459379651361
intel_hsw_cbo 0/2 20971793 20972340 20975390 20972852 15956524320398 746204938259 1990905728849 459060695005
intel_hsw_cbo 0/3 20971793 20972340 20975390 20972852 20731721550372 745867960010 2741647891875 459119169231
intel_hsw_cbo 0/0 20971793 20972340 20975390 20972852 16357814192819 746362160628 2224455315646 459516887629
intel_hsw_cbo 0/1 20971793 20972340 20975390 20972852 16767654046629 747162983991 2185649900849 459174261467
intel_hsw_cbo 1/9 20971793 20972340 20975390 20972852 16470052621726 703115641022 2889288820957 425125220028
intel_hsw_cbo 1/5 20971793 20972340 20975390 20972852 18240293598536 755612249470 2550383225969 460346257346
intel_hsw_cbo 1/8 20971793 20972340 20975390 20972852 14878333702068 704153400379 2292666574088 425162707282
intel_hsw_cbo 1/2 20971793 20972340 20975390 20972852 15596893361105 757574799545 1978477044829 460052473224
intel_hsw_hau ff/12.5 20972289 20974593 20971520 20975386 6176370371263 1750580899954 101108771990116 1754535061405
intel_hsw_hau 7f/12.1 20972289 20974593 20971520 20975386 5026231425558 1604120130678 94440728045934 1609135291821
intel_hsw_hau ff/12.1 20972289 20974593 20971520 20975386 7034365334700 2231943598469 101108771976949 2238350988428
intel_hsw_hau 7f/12.5 20972289 20974593 20971520 20975386 4714735281660 1477560651491 94440729147051 1481043052058
intel_hsw_imc ff/14.1 20972292 20974596 20974337 20971778 3074176234977 880116194140 3147341804655 1747046901437 0
intel_hsw_imc ff/14.0 20972292 20974596 20974337 20971778 3940250411394 1366665036511 3488153703894 1517046991223 0
intel_hsw_imc 7f/17.1 20972292 20974596 20974337 20971778 2350624237287 743110659555 2472543934677 1335517291796 0
intel_hsw_imc 7f/17.0 20972292 20974596 20974337 20971778 2348997581659 742920987971 2471629095085 1343066485335 0
intel_hsw_imc 7f/14.0 20972292 20974596 20974337 20971778 2661337853233 873518093682 2562691680737 1079693654078 0
intel_hsw_imc 7f/14.1 20972292 20974596 20974337 20971778 2346060660606 742900597281 2454882729954 1324263198059 0
intel_hsw_imc ff/17.0 20972292 20974596 20974337 20971778 3076908369643 880231891159 3171535247110 1772612190851 0
intel_hsw_imc ff/17.1 20972292 20974596 20974337 20971778 3077941507320 880110064826 3170096370507 1759684016123 0
intel_hsw_qpi ff/08.2 6291712 6292480 6293506 6292483 3870681715127 2705234215195 10671402751896 0
intel_hsw_qpi 7f/08.2 6291712 6292480 6293506 6292483 2702312313423 3874064246882 13749857589350 0
intel_hsw_qpi 7f/09.2 6291712 6292480 6293506 6292483 2702976489910 3873851790965 12564542540920 0
intel_hsw_qpi ff/09.2 6291712 6292480 6293506 6292483 3870704501328 2704737228461 11692777767440 0
intel_hsw_r2pci 7f/10.1 20972580 20975369 20975367 20975368 4606957288 24785433430628 26839003611603 31406129640919
intel_hsw_r2pci ff/10.1 20972580 20975369 20975367 20975368 46764936 23510661288422 26236988885395 29812684460114
mem 1 82566752 31496424 51070328 11373136 38959192 124 0 50249336 12973516 83056 37692 0 0 440908 0 0 0
mem 0 82341048 8924532 73416516 16922968 54370296 144 0 70768324 43670372 528296 126012 0 0 635148 28672 0 0
net enp6s0f0 0 0 0 0 0 0 0 0 0 0 0 0 0 0 6536 0 0 0 0 0 0 92 0
net vnet40 0 0 46134 0 0 0 0 0 0 0 0 0 255 0 43750 0 0 0 0 0 0 245 0
net enp1s0f0 0 1318081 77977712170 0 0 0 0 371 0 0 371 0 80953259 0 1597010265 0 0 0 0 0 0 9054748 0
net lo 0 0 59927448 0 0 0 0 0 0 0 0 0 476693 0 59927448 0 0 0 0 0 0 476693 0
net vnet20 0 0 11512096 0 0 0 0 0 0 0 0 0 81574 0 1150440199 0 0 0 0 0 0 134409 0
net vnet23 0 0 8310087 0 0 0 0 0 0 0 0 0 65720 0 495992567 0 0 0 0 0 0 89982 0
net vnet21 0 0 11159818 0 0 0 0 0 0 0 0 0 77652 0 1150432756 0 0 0 0 0 0 131286 0
net vnet37 0 0 225707 0 0 0 0 0 0 0 0 0 1454 0 5981527 0 0 0 0 0 0 2162 0
net vnet24 0 0 582459 0 0 0 0 0 0 0 0 0 7099 0 80581385 0 0 0 0 0 0 18236 0
net vnet38 0 0 437329 0 0 0 0 0 0 0 0 0 4159 0 64615454 0 0 0 0 0 0 7098 0
net virbr0 0 1268 375558450 0 0 0 0 0 0 0 0 0 4997113 0 70408394962 0 0 0 0 0 0 7220570 0
numa 1 2582769961 18927329 1008175 29040 1602677538 998585922
numa 0 2098227895 1008175 18927329 28452 1129207664 969769173
ps - 829869016 1528652 221 230 226 9 822
sysv_shm - 0 0
tmpfs /run/lock 0 6
tmpfs /run 2281472 1160
tmpfs /run/user/20029 4096 44
tmpfs /run/qemu 0 1
tmpfs /dev/shm 70441324544 271026
vfs - 298275 173385 309428
vm - 14 28208365 1310742222 520728 2496526 4695941881 4708223894 86239978 21487430 4401675177 76582 0 0 0 0 0 2714357 0 1121522 2855 0 2495195 84 0 34 0 0

1764549276.914876 0 node12.dhkim-278716.ldos-ut-pg0.wisc.cloudlab.us
block sda 415962 407017 56401762 9192587 5511077 14723451 2621485212 238257192 0 16945796 251557052
block sdb 2600 0 7504 3491 4 0 0 0 0 4228 3491
block sdc 990 0 7993 259 4 0 0 0 0 956 260
cpu 11 3367058 2 177732 24588524 166751 0 2091
cpu 10 3503512 13 158956 24537502 111054 0 1081
cpu 13 3206583 0 135500 24900973 55489 0 307
cpu 12 3269804 2 151779 24780044 100291 0 811
cpu 15 2953776 0 142090 25122908 73940 0 588
cpu 14 2917765 1 134185 25190465 51674 0 262
cpu 17 3047798 10 138925 25038990 67520 0 402
cpu 16 3005946 0 160495 24977717 144794 0 1477
cpu 19 3028026 0 164741 24973190 122273 0 1145
cpu 18 3154627 2 142521 24945076 51984 0 367
cpu 1 3267464 12 128599 24915509 58658 0 3016
cpu 0 3248678 2 131877 24858590 60539 0 916
cpu 3 3052060 2 128288 25143015 59681 0 1789
cpu 2 2957993 1 147527 25193224 81756 0 1198
cpu 5 2906490 0 137624 25249102 89511 0 3074
cpu 4 2822108 1 164075 25220561 168803 0 7286
cpu 7 3438769 0 136978 24766289 47546 0 876
cpu 6 3209669 1 126224 24991633 59796 0 2389
cpu 9 3013278 2 129143 25194041 51815 0 486
cpu 8 3148806 81 138018 25012093 53201 0 9397
intel_hsw_cbo 1/7 20971793 20972340 20975390 20972852 17214828208729 757462446801 2563796286718 459797755904
intel_hsw_cbo 1/6 20971793 20972340 20975390 20972852 16500574562919 758867673721 2417828170561 460117270615
intel_hsw_cbo 1/0 20971793 20972340 20975390 20972852 15916258337871 757189947805 2232594367914 459948123678
intel_hsw_cbo 1/4 20971793 20972340 20975390 20972852 16233813477431 759820587084 2041412664604 459904597832
intel_hsw_cbo 1/3 20971793 20972340 20975390 20972852 18865027976728 757977797389 2839768050863 459979303652
intel_hsw_cbo 1/1 20971793 20972340 20975390 20972852 16105363102685 758856644203 2351475476977 459895676247
intel_hsw_cbo 0/8 20971793 20972340 20975390 20972852 15094835850016 693453661887 2117674838745 424116071559
intel_hsw_cbo 0/9 20971793 20972340 20975390 20972852 16732625795678 692519624438 2721922030396 424142375914
intel_hsw_cbo 0/6 20971793 20972340 20975390 20972852 16649702852368 747105432436 2231977756956 459233159450
intel_hsw_cbo 0/7 20971793 20972340 20975390 20972852 18035957665858 747082288273 2425606277077 459068021387
intel_hsw_cbo 0/4 20971793 20972340 20975390 20972852 16407638571441 748167120419 2037694478814 459149304812
intel_hsw_cbo 0/5 20971793 20972340 20975390 20972852 20054065317695 744416070317 2446778092777 459386233028
intel_hsw_cbo 0/2 20971793 20972340 20975390 20972852 15956710637746 746258421248 1990933959782 459067276744
intel_hsw_cbo 0/3 20971793 20972340 20975390 20972852 20731908435894 745921449551 2741671618806 459125741655
intel_hsw_cbo 0/0 20971793 20972340 20975390 20972852 16357999391738 746415652355 2224484545426 459523464631
intel_hsw_cbo 0/1 20971793 20972340 20975390 20972852 16767838924804 747216483885 2185682904235 459180834441
intel_hsw_cbo 1/9 20971793 20972340 20975390 20972852 16470053709788 703115899361 2889288919741 425125311926
intel_hsw_cbo 1/5 20971793 20972340 20975390 20972852 18240294676753 755612530881 2550383273892 460346355198
intel_hsw_cbo 1/8 20971793 20972340 20975390 20972852 14878334772206 704153663452 2292666755229 425162798717
intel_hsw_cbo 1/2 20971793 20972340 20975390 20972852 15596894330012 757575084001 1978477408910 460052569084
intel_hsw_hau ff/12.5 20972289 20974593 20971520 20975386 6176371115034 1750581043464 101111766982658 1754535206124
intel_hsw_hau 7f/12.1 20972289 20974593 20971520 20975386 5026291414355 1604140023558 94443826311984 1609155193474
intel_hsw_hau ff/12.1 20972289 20974593 20971520 20975386 7034366897311 2231944004967 101111766969293 2238351400519
intel_hsw_hau 7f/12.5 20972289 20974593 20971520 20975386 4714777360921 1477574426979 94443827413261 1481056827905
intel_hsw_imc ff/14.1 20972292 20974596 20974337 20971778 3074176603232 880116267821 3147341997766 1747046920089 0
intel_hsw_imc ff/14.0 20972292 20974596 20974337 20971778 3940251616258 1366665389480 3488154059106 1517047037723 0
intel_hsw_imc 7f/17.1 20972292 20974596 20974337 20971778 2350645241893 743117534005 2472568949509 1335523522753 0
intel_hsw_imc 7f/17.0 20972292 20974596 20974337 20971778 2349018631425 742927910901 2471654163329 1343072737136 0
intel_hsw_imc 7f/14.0 20972292 20974596 20974337 20971778 2661376818452 873531164386 2562731638844 1079704470354 0
intel_hsw_imc 7f/14.1 20972292 20974596 20974337 20971778 2346081658016 742907470716 2454907744170 1324269422580 0
intel_hsw_imc ff/17.0 20972292 20974596 20974337 20971778 3076908741528 880231963544 3171535443258 1772612210196 0
intel_hsw_imc ff/17.1 20972292 20974596 20974337 20971778 3077941886428 880110147377 3170096575730 1759684035590 0
intel_hsw_qpi ff/08.2 6291712 6292480 6293506 6292483 3870682776439 2705284689442 10671404212976 0
intel_hsw_qpi 7f/08.2 6291712 6292480 6293506 6292483 2702362770925 3874065308201 13749858763038 0
intel_hsw_qpi 7f/09.2 6291712 6292480 6293506 6292483 2703026965995 3873852852339 12564543412696 0
intel_hsw_qpi ff/09.2 6291712 6292480 6293506 6292483 3870705562559 2704787681496 11692779764272 0
intel_hsw_r2pci 7f/10.1 20972580 20975369 20975367 20975368 4606963942 24785724574072 26839251231615 31406426097509
intel_hsw_r2pci ff/10.1 20972580 20975369 20975367 20975368 46765088 23510668743914 26237118005293 29812815109907
mem 1 82566752 31497180 51069572 11373152 38958944 124 0 50249352 12973484 82732 37372 0 0 440852 0 0 0
mem 0 82341048 8919496 73421552 16922968 54375240 144 0 70773272 43675320 528300 126020 0 0 635148 28672 0 0
net enp6s0f0 0 0 0 0 0 0 0 0 0 0 0 0 0 0 6536 0 0 0 0 0 0 92 0
net vnet40 0 0 46134 0 0 0 0 0 0 0 0 0 255 0 43802 0 0 0 0 0 0 246 0
net enp1s0f0 0 1318085 77977717177 0 0 0 0 371 0 0 371 0 80953334 0 1597011066 0 0 0 0 0 0 9054754 0
net lo 0 0 59927993 0 0 0 0 0 0 0 0 0 476697 0 59927993 0 0 0 0 0 0 476697 0
net vnet20 0 0 11512096 0 0 0 0 0 0 0 0 0 81574 0 1150440251 0 0 0 0 0 0 134410 0
net vnet23 0 0 8310087 0 0 0 0 0 0 0 0 0 65720 0 495992619 0 0 0 0 0 0 89983 0
net vnet21 0 0 11159818 0 0 0 0 0 0 0 0 0 77652 0 1150432808 0 0 0 0 0 0 131287 0
net vnet37 0 0 225707 0 0 0 0 0 0 0 0 0 1454 0 5981579 0 0 0 0 0 0 2163 0
net vnet24 0 0 582459 0 0 0 0 0 0 0 0 0 7099 0 80581437 0 0 0 0 0 0 18237 0
net vnet38 0 0 437419 0 0 0 0 0 0 0 0 0 4160 0 64615596 0 0 0 0 0 0 7100 0
net virbr0 0 1268 375558526 0 0 0 0 0 0 0 0 0 4997114 0 70408395052 0 0 0 0 0 0 7220571 0
numa 1 2582771592 18927329 1008175 29040 1602679169 998585922
numa 0 2098229571 1008175 18927329 28452 1129209340 969769173
ps - 829874241 1528663 221 230 226 9 822
sysv_shm - 0 0
tmpfs /run/lock 0 6
tmpfs /run 2281472 1160
tmpfs /run/user/20029 4096 44
tmpfs /run/qemu 0 1
tmpfs /dev/shm 70441324544 271026
vfs - 298275 173345 309428
vm - 14 28208385 1310742606 520728 2496526 4695945188 4708225955 86239980 21487430 4401678521 76582 0 0 0 0 0 2714357 0 1121522 2855 0 2495195 84 0 34 0 0

1764549277.947749 0 node12.dhkim-278716.ldos-ut-pg0.wisc.cloudlab.us
block sda 415962 407017 56401762 9192587 5511077 14723451 2621485212 238257192 0 16945796 251557052
block sdb 2600 0 7504 3491 4 0 0 0 0 4228 3491
block sdc 990 0 7993 259 4 0 0 0 0 956 260
cpu 11 3367058 2 177732 24588627 166751 0 2091
cpu 10 3503513 13 158957 24537603 111054 0 1081
cpu 13 3206583 0 135500 24901075 55489 0 307
cpu 12 3269804 2 151779 24780146 100291 0 811
cpu 15 2953776 0 142090 25123010 73940 0 588
cpu 14 2917767 1 134185 25190567 51674 0 262
cpu 17 3047798 10 138925 25039093 67520 0 402
cpu 16 3005946 0 160496 24977818 144794 0 1477
cpu 19 3028026 0 164741 24973292 122273 0 1145
cpu 18 3154628 2 142522 24945176 51984 0 367
cpu 1 3267566 12 128599 24915509 58658 0 3017
cpu 0 3248782 2 131877 24858590 60539 0 916
cpu 3 3052164 2 128288 25143015 59681 0 1789
cpu 2 2958096 1 147527 25193224 81756 0 1198
cpu 5 2906594 0 137624 25249102 89511 0 3074
cpu 4 2822211 1 164075 25220561 168803 0 7286
cpu 7 3438872 0 136978 24766289 47546 0 876
cpu 6 3209772 1 126224 24991633 59796 0 2389
cpu 9 3013278 2 129143 25194143 51815 0 486
cpu 8 3148806 81 138018 25012193 53201 0 9397
intel_hsw_cbo 1/7 20971793 20972340 20975390 20972852 17214829316638 757462734775 2563796409421 459797853014
intel_hsw_cbo 1/6 20971793 20972340 20975390 20972852 16500575573486 758867952026 2417828393344 460117367537
intel_hsw_cbo 1/0 20971793 20972340 20975390 20972852 15916259382934 757190232948 2232594765183 459948220134
intel_hsw_cbo 1/4 20971793 20972340 20975390 20972852 16233814495475 759820878332 2041412985677 459904693481
intel_hsw_cbo 1/3 20971793 20972340 20975390 20972852 18865029151268 757978080083 2839768250096 459979399889
intel_hsw_cbo 1/1 20971793 20972340 20975390 20972852 16105364154071 758856930365 2351475753475 459895771736
intel_hsw_cbo 0/8 20971793 20972340 20975390 20972852 15095100673500 693511360671 2117731175063 424118781664
intel_hsw_cbo 0/9 20971793 20972340 20975390 20972852 16732894784384 692577332983 2721960522521 424145095090
intel_hsw_cbo 0/6 20971793 20972340 20975390 20972852 16650003981425 747167570692 2232033751317 459236099993
intel_hsw_cbo 0/7 20971793 20972340 20975390 20972852 18036266303626 747144436814 2425637670776 459070982052
intel_hsw_cbo 0/4 20971793 20972340 20975390 20972852 16407939352775 748229268064 2037750528044 459152248904
intel_hsw_cbo 0/5 20971793 20972340 20975390 20972852 20054371483760 744478181797 2446813616212 459389187188
intel_hsw_cbo 0/2 20971793 20972340 20975390 20972852 15957010802984 746320587010 1990989408817 459070236078
intel_hsw_cbo 0/3 20971793 20972340 20975390 20972852 20732217543148 745983580679 2741718209042 459128691473
intel_hsw_cbo 0/0 20971793 20972340 20975390 20972852 16358298980179 746477798071 2224543471163 459526417471
intel_hsw_cbo 0/1 20971793 20972340 20975390 20972852 16768136047583 747278657784 2185740883073 459183790543
intel_hsw_cbo 1/9 20971793 20972340 20975390 20972852 16470054829781 703116160200 2889289087439 425125403073
intel_hsw_cbo 1/5 20971793 20972340 20975390 20972852 18240295782460 755612813333 2550383406227 460346450768
intel_hsw_cbo 1/8 20971793 20972340 20975390 20972852 14878335844081 704153928104 2292667009081 425162889558
intel_hsw_cbo 1/2 20971793 20972340 20975390 20972852 15596895296217 757575369787 1978477757982 460052665565
intel_hsw_hau ff/12.5 20972289 20974593 20971520 20975386 6176371876294 1750581188029 101114754293884 1754535351758
intel_hsw_hau 7f/12.1 20972289 20974593 20971520 20975386 5026361804084 1604152298218 94446916659428 1609167475697
intel_hsw_hau ff/12.1 20972289 20974593 20971520 20975386 7034368476704 2231944416520 101114754288335 2238351817084
intel_hsw_hau 7f/12.5 20972289 20974593 20971520 20975386 4714832325467 1477583198040 94446917752659 1481065599260
intel_hsw_imc ff/14.1 20972292 20974596 20974337 20971778 3074176980580 880116342375 3147342200171 1747046939782 0
intel_hsw_imc ff/14.0 20972292 20974596 20974337 20971778 3940252829475 1366665744958 3488154427511 1517047086369 0
intel_hsw_imc 7f/17.1 20972292 20974596 20974337 20971778 2350672777073 743121925454 2472592110879 1335530902597 0
intel_hsw_imc 7f/17.0 20972292 20974596 20974337 20971778 2349046209455 742932351015 2471677350436 1343080153415 0
intel_hsw_imc 7f/14.0 20972292 20974596 20974337 20971778 2661419881378 873539139353 2562763025917 1079712801398 0
intel_hsw_imc 7f/14.1 20972292 20974596 20974337 20971778 2346109173438 742911858336 2454930935366 1324276793784 0
intel_hsw_imc ff/17.0 20972292 20974596 20974337 20971778 3076909122913 880232036415 3171535649471 1772612230631 0
intel_hsw_imc ff/17.1 20972292 20974596 20974337 20971778 3077942274803 880110229487 3170096790521 1759684056306 0
intel_hsw_qpi ff/08.2 6291712 6292480 6293506 6292483 3870683828764 2705347261318 10671405659792 0
intel_hsw_qpi 7f/08.2 6291712 6292480 6293506 6292483 2702425303706 3874066359953 13749859985742 0
intel_hsw_qpi 7f/09.2 6291712 6292480 6293506 6292483 2703089534285 3873853904746 12564544308344 0
intel_hsw_qpi ff/09.2 6291712 6292480 6293506 6292483 3870706614222 2704850223723 11692781738152 0
intel_hsw_r2pci 7f/10.1 20972580 20975369 20975367 20975368 4606969482 24786043045798 26839533556970 31406775018621
intel_hsw_r2pci ff/10.1 20972580 20975369 20975367 20975368 46765246 23510675481276 26237275107732 29812973691274
mem 1 82566752 31496596 51070156 11373152 38958812 132 0 50249360 12973484 83112 37712 0 0 440836 0 0 0
mem 0 82341048 8919496 73421552 16922968 54375252 160 0 70773272 43675320 528300 126020 0 0 635148 28672 0 0
net enp6s0f0 0 0 0 0 0 0 0 0 0 0 0 0 0 0 6536 0 0 0 0 0 0 92 0
net vnet40 0 0 46134 0 0 0 0 0 0 0 0 0 255 0 43802 0 0 0 0 0 0 246 0
net enp1s0f0 0 1318091 77977722934 0 0 0 0 371 0 0 371 0 80953422 0 1597011777 0 0 0 0 0 0 9054759 0
net lo 0 0 59928538 0 0 0 0 0 0 0 0 0 476701 0 59928538 0 0 0 0 0 0 476701 0
net vnet20 0 0 11512096 0 0 0 0 0 0 0 0 0 81574 0 1150440251 0 0 0 0 0 0 134410 0
net vnet23 0 0 8310087 0 0 0 0 0 0 0 0 0 65720 0 495992619 0 0 0 0 0 0 89983 0
net vnet21 0 0 11159818 0 0 0 0 0 0 0 0 0 77652 0 1150432808 0 0 0 0 0 0 131287 0
net vnet37 0 0 225707 0 0 0 0 0 0 0 0 0 1454 0 5981579 0 0 0 0 0 0 2163 0
net vnet24 0 0 582459 0 0 0 0 0 0 0 0 0 7099 0 80581437 0 0 0 0 0 0 18237 0
net vnet38 0 0 437419 0 0 0 0 0 0 0 0 0 4160 0 64615596 0 0 0 0 0 0 7100 0
net virbr0 0 1268 375558526 0 0 0 0 0 0 0 0 0 4997114 0 70408395052 0 0 0 0 0 0 7220571 0
numa 1 2582773224 18927329 1008175 29040 1602680801 998585922
numa 0 2098229905 1008175 18927329 28452 1129209674 969769173
ps - 829879110 1528674 221 230 226 9 822
sysv_shm - 0 0
tmpfs /run/lock 0 6
tmpfs /run 2281472 1160
tmpfs /run/user/20029 4096 44
tmpfs /run/qemu 0 1
tmpfs /dev/shm 70441324544 271026
vfs - 298275 173385 309428
vm - 14 28208385 1310742606 520728 2496526 4695947155 4708227913 86239981 21487430 4401680626 76582 0 0 0 0 0 2714357 0 1121522 2855 0 2495195 84 0 34 0 0

1764549278.981110 0 node12.dhkim-278716.ldos-ut-pg0.wisc.cloudlab.us
block sda 415962 407017 56401762 9192587 5511155 14723465 2621486356 238258241 0 16945920 251558132
block sdb 2600 0 7504 3491 4 0 0 0 0 4228 3491
block sdc 990 0 7993 259 4 0 0 0 0 956 260
cpu 11 3367058 2 177732 24588722 166758 0 2091
cpu 10 3503513 13 158957 24537705 111054 0 1081
cpu 13 3206584 0 135502 24901172 55492 0 307
cpu 12 3269805 2 151780 24780249 100291 0 811
cpu 15 2953777 0 142091 25123113 73940 0 588
cpu 14 2917769 1 134185 25190668 51674 0 262
cpu 17 3047798 10 138926 25039196 67520 0 402
cpu 16 3005946 0 160496 24977920 144794 0 1477
cpu 19 3028027 0 164741 24973395 122273 0 1145
cpu 18 3154628 2 142522 24945278 51984 0 367
cpu 1 3267670 12 128599 24915509 58658 0 3017
cpu 0 3248885 2 131877 24858590 60539 0 916
cpu 3 3052267 2 128288 25143015 59681 0 1789
cpu 2 2958199 1 147528 25193224 81756 0 1198
cpu 5 2906697 0 137624 25249102 89511 0 3074
cpu 4 2822314 1 164075 25220561 168803 0 7286
cpu 7 3438975 0 136978 24766289 47546 0 876
cpu 6 3209875 1 126225 24991633 59796 0 2389
cpu 9 3013278 2 129144 25194245 51815 0 486
cpu 8 3148806 81 138018 25012294 53201 0 9397
intel_hsw_cbo 1/7 20971793 20972340 20975390 20972852 17214830642661 757463032478 2563796579915 459797955856
intel_hsw_cbo 1/6 20971793 20972340 20975390 20972852 16500576820459 758868239102 2417828620965 460117468510
intel_hsw_cbo 1/0 20971793 20972340 20975390 20972852 15916260605927 757190527439 2232595065429 459948320606
intel_hsw_cbo 1/4 20971793 20972340 20975390 20972852 16233815714182 759821178651 2041413240693 459904794720
intel_hsw_cbo 1/3 20971793 20972340 20975390 20972852 18865030529758 757978371914 2839768495007 459979499889
intel_hsw_cbo 1/1 20971793 20972340 20975390 20972852 16105365379021 758857225493 2351476006409 459895872550
intel_hsw_cbo 0/8 20971793 20972340 20975390 20972852 15095342378221 693549622632 2117801919781 424131492356
intel_hsw_cbo 0/9 20971793 20972340 20975390 20972852 16733141329630 692615607429 2722003595347 424157810004
intel_hsw_cbo 0/6 20971793 20972340 20975390 20972852 16650271377124 747208512886 2232104093693 459249862167
intel_hsw_cbo 0/7 20971793 20972340 20975390 20972852 18036540526182 747185379629 2425671275376 459084760449
intel_hsw_cbo 0/4 20971793 20972340 20975390 20972852 16408207188224 748270216081 2037812296240 459166012954
intel_hsw_cbo 0/5 20971793 20972340 20975390 20972852 20054642967633 744519123831 2446851742768 459402959699
intel_hsw_cbo 0/2 20971793 20972340 20975390 20972852 15957277729116 746361530745 1991049440552 459084010284
intel_hsw_cbo 0/3 20971793 20972340 20975390 20972852 20732490897307 746024523337 2741769746476 459142458515
intel_hsw_cbo 0/0 20971793 20972340 20975390 20972852 16358564283570 746518745625 2224606009328 459540182238
intel_hsw_cbo 0/1 20971793 20972340 20975390 20972852 16768399856024 747319621086 2185812884198 459197556327
intel_hsw_cbo 1/9 20971793 20972340 20975390 20972852 16470056172875 703116429250 2889289289626 425125500208
intel_hsw_cbo 1/5 20971793 20972340 20975390 20972852 18240297081092 755613104212 2550383589647 460346552131
intel_hsw_cbo 1/8 20971793 20972340 20975390 20972852 14878337142755 704154200339 2292667246990 425162985094
intel_hsw_cbo 1/2 20971793 20972340 20975390 20972852 15596896559276 757575665384 1978478026486 460052767500
intel_hsw_hau ff/12.5 20972289 20974593 20971520 20975386 6176372697424 1750581336814 101117744289618 1754535501185
intel_hsw_hau 7f/12.1 20972289 20974593 20971520 20975386 5026491789127 1604195443685 94450009755900 1609210629261
intel_hsw_hau ff/12.1 20972289 20974593 20971520 20975386 7034370138630 2231944840270 101117744283747 2238352245054
intel_hsw_hau 7f/12.5 20972289 20974593 20971520 20975386 4714933737347 1477615869419 94450010850549 1481098271255
intel_hsw_imc ff/14.1 20972292 20974596 20974337 20971778 3074177387077 880116418719 3147342418339 1747046961889 0
intel_hsw_imc ff/14.0 20972292 20974596 20974337 20971778 3940254098711 1366666112501 3488154825083 1517047138594 0
intel_hsw_imc 7f/17.1 20972292 20974596 20974337 20971778 2350723502821 743138278724 2472650742796 1335549820893 0
intel_hsw_imc 7f/17.0 20972292 20974596 20974337 20971778 2349096974518 742948750377 2471736135890 1343099329685 0
intel_hsw_imc 7f/14.0 20972292 20974596 20974337 20971778 2661499280191 873566060492 2562842306497 1079741041851 0
intel_hsw_imc 7f/14.1 20972292 20974596 20974337 20971778 2346159872315 742928204549 2454989639017 1324295594044 0
intel_hsw_imc ff/17.0 20972292 20974596 20974337 20971778 3076909536719 880232112022 3171535874861 1772612253983 0
intel_hsw_imc ff/17.1 20972292 20974596 20974337 20971778 3077942691840 880110314361 3170097021003 1759684079131 0
intel_hsw_qpi ff/08.2 6291712 6292480 6293506 6292483 3870684920125 2705462730048 10671407178304 0
intel_hsw_qpi 7f/08.2 6291712 6292480 6293506 6292483 2702540731980 3874067452441 13749861376974 0
intel_hsw_qpi 7f/09.2 6291712 6292480 6293506 6292483 2703205000517 3873854996130 12564545319880 0
intel_hsw_qpi ff/09.2 6291712 6292480 6293506 6292483 3870707706659 2704965659656 11692783788480 0
intel_hsw_r2pci 7f/10.1 20972580 20975369 20975367 20975368 4606975964 24786347718432 26839878411551 31407168888963
intel_hsw_r2pci ff/10.1 20972580 20975369 20975367 20975368 46765394 23510683177552 26237560227342 29813260080372
mem 1 82566752 31496344 51070408 11373160 38959064 40 0 50249376 12973484 82928 37564 0 0 440852 0 0 0
mem 0 82341048 8920000 73421048 16922972 54375476 32 0 70773272 43675320 528300 126020 0 0 635148 28672 0 0
net enp6s0f0 0 0 0 0 0 0 0 0 0 0 0 0 0 0 6536 0 0 0 0 0 0 92 0
net vnet40 0 0 46134 0 0 0 0 0 0 0 0 0 255 0 43854 0 0 0 0 0 0 247 0
net enp1s0f0 0 1318098 77977730081 0 0 0 0 371 0 0 371 0 80953519 0 1597012488 0 0 0 0 0 0 9054764 0
net lo 0 0 59929083 0 0 0 0 0 0 0 0 0 476705 0 59929083 0 0 0 0 0 0 476705 0
net vnet20 0 0 11512096 0 0 0 0 0 0 0 0 0 81574 0 1150440303 0 0 0 0 0 0 134411 0
net vnet23 0 0 8310087 0 0 0 0 0 0 0 0 0 65720 0 495992671 0 0 0 0 0 0 89984 0
net vnet21 0 0 11159818 0 0 0 0 0 0 0 0 0 77652 0 1150432860 0 0 0 0 0 0 131288 0
net vnet37 0 0 225707 0 0 0 0 0 0 0 0 0 1454 0 5981631 0 0 0 0 0 0 2164 0
net vnet24 0 0 582459 0 0 0 0 0 0 0 0 0 7099 0 80581489 0 0 0 0 0 0 18238 0
net vnet38 0 0 437419 0 0 0 0 0 0 0 0 0 4160 0 64615648 0 0 0 0 0 0 7101 0
net virbr0 0 1268 375558526 0 0 0 0 0 0 0 0 0 4997114 0 70408395052 0 0 0 0 0 0 7220571 0
numa 1 2582774871 18927329 1008175 29040 1602682448 998585922
numa 0 2098230252 1008175 18927329 28452 1129210021 969769173
ps - 829884116 1528685 221 230 226 9 822
sysv_shm - 0 0
tmpfs /run/lock 0 6
tmpfs /run 2281472 1160
tmpfs /run/user/20029 4096 44
tmpfs /run/qemu 0 1
tmpfs /dev/shm 70441324544 271026
vfs - 298275 173425 309428
vm - 14 28208385 1310743178 520728 2496526 4695949148 4708229904 86239982 21487430 4401682793 76582 0 0 0 0 0 2714357 0 1121522 2855 0 2495195 84 0 34 0 0

1764549280.014620 0 node12.dhkim-278716.ldos-ut-pg0.wisc.cloudlab.us
block sda 415962 407017 56401762 9192587 5511155 14723465 2621486356 238258241 0 16945920 251558132
block sdb 2600 0 7504 3491 4 0 0 0 0 4228 3491
block sdc 990 0 7993 259 4 0 0 0 0 956 260
cpu 11 3367059 2 177733 24588823 166758 0 2091
cpu 10 3503513 13 158957 24537806 111054 0 1081
cpu 13 3206584 0 135503 24901274 55492 0 307
cpu 12 3269805 2 151781 24780351 100291 0 811
cpu 15 2953777 0 142091 25123216 73940 0 588
cpu 14 2917772 1 134185 25190770 51674 0 262
cpu 17 3047798 10 138926 25039298 67520 0 402
cpu 16 3005946 0 160496 24978022 144794 0 1477
cpu 19 3028027 0 164742 24973497 122273 0 1145
cpu 18 3154628 2 142524 24945379 51984 0 367
cpu 1 3267773 12 128599 24915509 58658 0 3017
cpu 0 3248988 2 131877 24858590 60539 0 916
cpu 3 3052370 2 128288 25143015 59681 0 1789
cpu 2 2958302 1 147528 25193224 81756 0 1198
cpu 5 2906800 0 137624 25249102 89511 0 3074
cpu 4 2822418 1 164075 25220561 168803 0 7286
cpu 7 3439079 0 136978 24766289 47546 0 876
cpu 6 3209978 1 126225 24991633 59796 0 2389
cpu 9 3013279 2 129144 25194348 51815 0 486
cpu 8 3148806 81 138018 25012394 53201 0 9397
intel_hsw_cbo 1/7 20971793 20972340 20975390 20972852 17214831838634 757463326383 2563796711458 459798057581
intel_hsw_cbo 1/6 20971793 20972340 20975390 20972852 16500577904900 758868523114 2417828749566 460117569854
intel_hsw_cbo 1/0 20971793 20972340 20975390 20972852 15916261767664 757190817989 2232595362685 459948420369
intel_hsw_cbo 1/4 20971793 20972340 20975390 20972852 16233816820957 759821475962 2041413516190 459904894083
intel_hsw_cbo 1/3 20971793 20972340 20975390 20972852 18865031778430 757978660344 2839768673626 459979599525
intel_hsw_cbo 1/1 20971793 20972340 20975390 20972852 16105366460476 758857518364 2351476175018 459895972358
intel_hsw_cbo 0/8 20971793 20972340 20975390 20972852 15095547149187 693599012193 2117848718088 424143761780
intel_hsw_cbo 0/9 20971793 20972340 20975390 20972852 16733347221503 692665000862 2722031090265 424170087017
intel_hsw_cbo 0/6 20971793 20972340 20975390 20972852 16650493117179 747261602093 2232150050869 459263151358
intel_hsw_cbo 0/7 20971793 20972340 20975390 20972852 18036763914522 747238493734 2425692277968 459098068172
intel_hsw_cbo 0/4 20971793 20972340 20975390 20972852 16408428255430 748323333855 2037851515141 459179306624
intel_hsw_cbo 0/5 20971793 20972340 20975390 20972852 20054864298394 744572222731 2446875563392 459416263319
intel_hsw_cbo 0/2 20971793 20972340 20975390 20972852 15957499510310 746414641026 1991087257770 459097313585
intel_hsw_cbo 0/3 20971793 20972340 20975390 20972852 20732714008214 746077623011 2741802319221 459155756115
intel_hsw_cbo 0/0 20971793 20972340 20975390 20972852 16358784869708 746571855499 2224644697700 459553479810
intel_hsw_cbo 0/1 20971793 20972340 20975390 20972852 16768619848273 747372750618 2185860148091 459210852860
intel_hsw_cbo 1/9 20971793 20972340 20975390 20972852 16470057386825 703116695525 2889289453291 425125595358
intel_hsw_cbo 1/5 20971793 20972340 20975390 20972852 18240298249727 755613392586 2550383727749 460346651993
intel_hsw_cbo 1/8 20971793 20972340 20975390 20972852 14878338276602 704154469556 2292667396390 425163079990
intel_hsw_cbo 1/2 20971793 20972340 20975390 20972852 15596897586613 757575957219 1978478320882 460052867005
intel_hsw_hau ff/12.5 20972289 20974593 20971520 20975386 6176373466125 1750581479126 101120734258762 1754535644335
intel_hsw_hau 7f/12.1 20972289 20974593 20971520 20975386 5026591086459 1604232178814 94453102826508 1609247373329
intel_hsw_hau ff/12.1 20972289 20974593 20971520 20975386 7034371715994 2231945247891 101120734251317 2238352657127
intel_hsw_hau 7f/12.5 20972289 20974593 20971520 20975386 4715004258234 1477641586578 94453103920953 1481123988801
intel_hsw_imc ff/14.1 20972292 20974596 20974337 20971778 3074177766497 880116491406 3147342619612 1747046981908 0
intel_hsw_imc ff/14.0 20972292 20974596 20974337 20971778 3940255308096 1366666466300 3488155188898 1517047185435 0
intel_hsw_imc 7f/17.1 20972292 20974596 20974337 20971778 2350758741004 743151140094 2472694615974 1335562027793 0
intel_hsw_imc 7f/17.0 20972292 20974596 20974337 20971778 2349132252141 742961657533 2471780134871 1343111523417 0
intel_hsw_imc 7f/14.0 20972292 20974596 20974337 20971778 2661563353336 873590038108 2562911172892 1079763638923 0
intel_hsw_imc 7f/14.1 20972292 20974596 20974337 20971778 2346195093212 742941061174 2455033487530 1324307782173 0
intel_hsw_imc ff/17.0 20972292 20974596 20974337 20971778 3076909923439 880232184116 3171536083575 1772612275220 0
intel_hsw_imc ff/17.1 20972292 20974596 20974337 20971778 3077943081984 880110395490 3170097235250 1759684100036 0
intel_hsw_qpi ff/08.2 6291712 6292480 6293506 6292483 3870685976990 2705547098458 10671408626440 0
intel_hsw_qpi 7f/08.2 6291712 6292480 6293506 6292483 2702625085527 3874068509732 13749862598342 0
intel_hsw_qpi 7f/09.2 6291712 6292480 6293506 6292483 2703289374043 3873856053020 12564546207456 0
intel_hsw_qpi ff/09.2 6291712 6292480 6293506 6292483 3870708763882 2705049998443 11692785759248 0
intel_hsw_r2pci 7f/10.1 20972580 20975369 20975367 20975368 4606981632 24786676973410 26840183253963 31407524380424
intel_hsw_r2pci ff/10.1 20972580 20975369 20975367 20975368 46765586 23510690603752 26237771430582 29813472482578
mem 1 82566752 31496600 51070152 11373152 38959100 120 0 50249380 12973452 82944 37624 0 0 440876 0 0 0
mem 0 82341048 8919496 73421552 16922972 54375516 136 0 70773272 43675320 528300 126020 0 0 635148 28672 0 0
net enp6s0f0 0 0 0 0 0 0 0 0 0 0 0 0 0 0 6536 0 0 0 0 0 0 92 0
net vnet40 0 0 46134 0 0 0 0 0 0 0 0 0 255 0 43854 0 0 0 0 0 0 247 0
net enp1s0f0 0 1318102 77977736738 0 0 0 0 371 0 0 371 0 80953622 0 1597013253 0 0 0 0 0 0 9054770 0
net lo 0 0 59929628 0 0 0 0 0 0 0 0 0 476709 0 59929628 0 0 0 0 0 0 476709 0
net vnet20 0 0 11512096 0 0 0 0 0 0 0 0 0 81574 0 1150440303 0 0 0 0 0 0 134411 0
net vnet23 0 0 8310087 0 0 0 0 0 0 0 0 0 65720 0 495992671 0 0 0 0 0 0 89984 0
net vnet21 0 0 11159818 0 0 0 0 0 0 0 0 0 77652 0 1150432860 0 0 0 0 0 0 131288 0
net vnet37 0 0 225707 0 0 0 0 0 0 0 0 0 1454 0 5981631 0 0 0 0 0 0 2164 0
net vnet24 0 0 582459 0 0 0 0 0 0 0 0 0 7099 0 80581489 0 0 0 0 0 0 18238 0
net vnet38 0 0 437419 0 0 0 0 0 0 0 0 0 4160 0 64615648 0 0 0 0 0 0 7101 0
net virbr0 0 1268 375558526 0 0 0 0 0 0 0 0 0 4997114 0 70408395052 0 0 0 0 0 0 7220571 0
numa 1 2582776525 18927329 1008175 29040 1602684102 998585922
numa 0 2098230557 1008175 18927329 28452 1129210326 969769173
ps - 829888977 1528696 292 245 231 9 822
sysv_shm - 0 0
tmpfs /run/lock 0 6
tmpfs /run 2281472 1160
tmpfs /run/user/20029 4096 44
tmpfs /run/qemu 0 1
tmpfs /dev/shm 70441324544 271026
vfs - 298275 173425 309428
vm - 14 28208385 1310743178 520728 2496526 4695951108 4708231852 86239982 21487430 4401684875 76582 0 0 0 0 0 2714357 0 1121522 2855 0 2495195 84 0 34 0 0

1764549281.047601 0 node12.dhkim-278716.ldos-ut-pg0.wisc.cloudlab.us
block sda 415962 407017 56401762 9192587 5511160 14723465 2621486404 238258247 0 16945924 251558138
block sdb 2600 0 7504 3491 4 0 0 0 0 4228 3491
block sdc 990 0 7993 259 4 0 0 0 0 956 260
cpu 11 3367059 2 177734 24588924 166758 0 2091
cpu 10 3503513 13 158958 24537907 111054 0 1081
cpu 13 3206584 0 135504 24901376 55492 0 307
cpu 12 3269805 2 151781 24780453 100291 0 811
cpu 15 2953777 0 142092 25123318 73940 0 588
cpu 14 2917774 1 134185 25190871 51674 0 262
cpu 17 3047798 10 138926 25039401 67520 0 402
cpu 16 3005946 0 160496 24978124 144794 0 1477
cpu 19 3028028 0 164743 24973599 122273 0 1145
cpu 18 3154630 2 142524 24945480 51984 0 367
cpu 1 3267876 12 128599 24915509 58658 0 3017
cpu 0 3249092 2 131877 24858590 60539 0 916
cpu 3 3052474 2 128288 25143015 59681 0 1789
cpu 2 2958406 1 147528 25193224 81756 0 1198
cpu 5 2906904 0 137624 25249102 89511 0 3074
cpu 4 2822520 1 164076 25220561 168803 0 7286
cpu 7 3439182 0 136978 24766289 47546 0 876
cpu 6 3210082 1 126225 24991633 59796 0 2389
cpu 9 3013279 2 129144 25194450 51815 0 486
cpu 8 3148806 81 138018 25012495 53201 0 9398
intel_hsw_cbo 1/7 20971793 20972340 20975390 20972852 17214833063533 757463629612 2563796834111 459798161203
intel_hsw_cbo 1/6 20971793 20972340 20975390 20972852 16500579071916 758868814925 2417828996554 460117672898
intel_hsw_cbo 1/0 20971793 20972340 20975390 20972852 15916262884018 757191115032 2232595600645 459948522926
intel_hsw_cbo 1/4 20971793 20972340 20975390 20972852 16233817971325 759821780883 2041413750642 459904995863
intel_hsw_cbo 1/3 20971793 20972340 20975390 20972852 18865033033809 757978955664 2839768858868 459979701573
intel_hsw_cbo 1/1 20971793 20972340 20975390 20972852 16105367564798 758857817498 2351476415007 459896074605
intel_hsw_cbo 0/8 20971793 20972340 20975390 20972852 15095699258948 693643945512 2117874084392 424150255908
intel_hsw_cbo 0/9 20971793 20972340 20975390 20972852 16733499708159 692709938618 2722046853704 424176585708
intel_hsw_cbo 0/6 20971793 20972340 20975390 20972852 16650657029575 747310117627 2232175090277 459270184106
intel_hsw_cbo 0/7 20971793 20972340 20975390 20972852 18036928314075 747287010887 2425704356187 459105120410
intel_hsw_cbo 0/4 20971793 20972340 20975390 20972852 16408591582163 748371835409 2037876024740 459186346477
intel_hsw_cbo 0/5 20971793 20972340 20975390 20972852 20055027077997 744620726771 2446889226481 459423313002
intel_hsw_cbo 0/2 20971793 20972340 20975390 20972852 15957663489694 746463149571 1991111265045 459104364080
intel_hsw_cbo 0/3 20971793 20972340 20975390 20972852 20732878097302 746126149168 2741820929059 459162802466
intel_hsw_cbo 0/0 20971793 20972340 20975390 20972852 16358948213413 746620377245 2224669098450 459560530673
intel_hsw_cbo 0/1 20971793 20972340 20975390 20972852 16768782388635 747421272907 2185885848191 459217899630
intel_hsw_cbo 1/9 20971793 20972340 20975390 20972852 16470058633142 703116969356 2889289611671 425125692575
intel_hsw_cbo 1/5 20971793 20972340 20975390 20972852 18240299408884 755613687558 2550383858033 460346755306
intel_hsw_cbo 1/8 20971793 20972340 20975390 20972852 14878339454353 704154746671 2292667641920 425163177502
intel_hsw_cbo 1/2 20971793 20972340 20975390 20972852 15596898689018 757576256791 1978478548261 460052969365
intel_hsw_hau ff/12.5 20972289 20974593 20971520 20975386 6176374236577 1750581634753 101123721666010 1754535801140
intel_hsw_hau 7f/12.1 20972289 20974593 20971520 20975386 5026646404052 1604253352738 94456193250308 1609268556173
intel_hsw_hau ff/12.1 20972289 20974593 20971520 20975386 7034373334860 2231945716763 101123721660501 2238353132347
intel_hsw_hau 7f/12.5 20972289 20974593 20971520 20975386 4715042299629 1477656000461 94456194343865 1481138402866
intel_hsw_imc ff/14.1 20972292 20974596 20974337 20971778 3074178148803 880116570472 3147342815915 1747047001111 0
intel_hsw_imc ff/14.0 20972292 20974596 20974337 20971778 3940256556089 1366666876570 3488155567819 1517047239516 0
intel_hsw_imc 7f/17.1 20972292 20974596 20974337 20971778 2350777740145 743158334246 2472718557762 1335567922209 0
intel_hsw_imc 7f/17.0 20972292 20974596 20974337 20971778 2349151294362 742968899378 2471804123908 1343117429791 0
intel_hsw_imc 7f/14.0 20972292 20974596 20974337 20971778 2661599691495 873604058066 2562950902244 1079774363601 0
intel_hsw_imc 7f/14.1 20972292 20974596 20974337 20971778 2346214083977 742948253179 2455057423483 1324313673339 0
intel_hsw_imc ff/17.0 20972292 20974596 20974337 20971778 3076910309342 880232262578 3171536284997 1772612294844 0
intel_hsw_imc ff/17.1 20972292 20974596 20974337 20971778 3077943474652 880110483745 3170097444051 1759684120038 0
intel_hsw_qpi ff/08.2 6291712 6292480 6293506 6292483 3870687126723 2705593231967 10671410243216 0
intel_hsw_qpi 7f/08.2 6291712 6292480 6293506 6292483 2702671198245 3874069659415 13749863791614 0
intel_hsw_qpi 7f/09.2 6291712 6292480 6293506 6292483 2703335506808 3873857202812 12564547125992 0
intel_hsw_qpi ff/09.2 6291712 6292480 6293506 6292483 3870709913510 2705096113128 11692787965520 0
intel_hsw_r2pci 7f/10.1 20972580 20975369 20975367 20975368 4606987534 24786939271986 26840405511817 31407795496063
intel_hsw_r2pci ff/10.1 20972580 20975369 20975367 20975368 46765744 23510698509451 26237890674301 29813593177783
mem 1 82566752 31496852 51069900 11373472 38956408 132 0 50249388 12971784 80552 37248 0 0 440876 0 0 0
mem 0 82341048 8919496 73421552 16922976 54375424 188 0 70773272 43675320 528208 126020 0 0 635148 28672 0 0
net enp6s0f0 0 0 0 0 0 0 0 0 0 0 0 0 0 0 6536 0 0 0 0 0 0 92 0
net vnet40 0 0 46134 0 0 0 0 0 0 0 0 0 255 0 43906 0 0 0 0 0 0 248 0
net enp1s0f0 0 1318107 77977743619 0 0 0 0 371 0 0 371 0 80953712 0 1597014030 0 0 0 0 0 0 9054776 0
net lo 0 0 59930173 0 0 0 0 0 0 0 0 0 476713 0 59930173 0 0 0 0 0 0 476713 0
net vnet20 0 0 11512096 0 0 0 0 0 0 0 0 0 81574 0 1150440355 0 0 0 0 0 0 134412 0
net vnet23 0 0 8310087 0 0 0 0 0 0 0 0 0 65720 0 495992723 0 0 0 0 0 0 89985 0
net vnet21 0 0 11159818 0 0 0 0 0 0 0 0 0 77652 0 1150432912 0 0 0 0 0 0 131289 0
net vnet37 0 0 225707 0 0 0 0 0 0 0 0 0 1454 0 5981683 0 0 0 0 0 0 2165 0
net vnet24 0 0 582459 0 0 0 0 0 0 0 0 0 7099 0 80581541 0 0 0 0 0 0 18239 0
net vnet38 0 0 437419 0 0 0 0 0 0 0 0 0 4160 0 64615700 0 0 0 0 0 0 7102 0
net virbr0 0 1268 375558526 0 0 0 0 0 0 0 0 0 4997114 0 70408395052 0 0 0 0 0 0 7220571 0
numa 1 2582778227 18927329 1008175 29040 1602685804 998585922
numa 0 2098230803 1008175 18927329 28452 1129210572 969769173
ps - 829893903 1528707 292 245 231 9 820
sysv_shm - 0 0
tmpfs /run/lock 0 6
tmpfs /run 2281472 1160
tmpfs /run/user/20029 4096 44
tmpfs /run/qemu 0 1
tmpfs /dev/shm 70441324544 271026
vfs - 298269 173385 309420
vm - 14 28208385 1310743202 520728 2496526 4695953056 4708234437 86240063 21487430 4401686998 76582 0 0 0 0 0 2714357 0 1121522 2855 0 2495195 84 0 34 0 0

1764549282.080657 0 node12.dhkim-278716.ldos-ut-pg0.wisc.cloudlab.us
block sda 415964 407017 56401778 9192599 5511199 14723465 2621486804 238258580 0 16946008 251558492
block sdb 2600 0 7504 3491 4 0 0 0 0 4228 3491
block sdc 990 0 7993 259 4 0 0 0 0 956 260
cpu 11 3367059 2 177734 24589026 166758 0 2091
cpu 10 3503514 13 158959 24538009 111054 0 1081
cpu 13 3206585 0 135504 24901477 55492 0 307
cpu 12 3269806 2 151781 24780554 100291 0 811
cpu 15 2953778 0 142092 25123420 73940 0 588
cpu 14 2917776 1 134186 25190973 51674 0 262
cpu 17 3047798 10 138926 25039503 67520 0 402
cpu 16 3005946 0 160497 24978225 144794 0 1477
cpu 19 3028028 0 164743 24973702 122273 0 1145
cpu 18 3154630 2 142526 24945581 51984 0 367
cpu 1 3267980 12 128599 24915509 58658 0 3017
cpu 0 3249195 2 131877 24858590 60539 0 916
cpu 3 3052577 2 128288 25143015 59681 0 1789
cpu 2 2958509 1 147528 25193224 81756 0 1198
cpu 5 2907007 0 137624 25249102 89511 0 3074
cpu 4 2822624 1 164076 25220561 168803 0 7286
cpu 7 3439285 0 136978 24766289 47546 0 876
cpu 6 3210183 1 126226 24991633 59796 0 2390
cpu 9 3013279 2 129144 25194552 51815 0 486
cpu 8 3148806 81 138018 25012595 53201 0 9398
intel_hsw_cbo 1/7 20971793 20972340 20975390 20972852 17214834147424 757463915887 2563796971522 459798259864
intel_hsw_cbo 1/6 20971793 20972340 20975390 20972852 16500580164730 758869091267 2417829308185 460117771100
intel_hsw_cbo 1/0 20971793 20972340 20975390 20972852 15916263921017 757191399761 2232595750758 459948619964
intel_hsw_cbo 1/4 20971793 20972340 20975390 20972852 16233819074970 759822071253 2041413916156 459905093375
intel_hsw_cbo 1/3 20971793 20972340 20975390 20972852 18865034200498 757979237968 2839769070179 459979799833
intel_hsw_cbo 1/1 20971793 20972340 20975390 20972852 16105368668237 758858104009 2351476695311 459896171777
intel_hsw_cbo 0/8 20971793 20972340 20975390 20972852 15095960945931 693700368280 2117933336836 424153524869
intel_hsw_cbo 0/9 20971793 20972340 20975390 20972852 16733765437480 692766371622 2722088961704 424179865115
intel_hsw_cbo 0/6 20971793 20972340 20975390 20972852 16650955415564 747370805196 2232233863105 459273729085
intel_hsw_cbo 0/7 20971793 20972340 20975390 20972852 18037233906221 747347714708 2425739738937 459108686610
intel_hsw_cbo 0/4 20971793 20972340 20975390 20972852 16408889514763 748432532227 2037930294115 459189891467
intel_hsw_cbo 0/5 20971793 20972340 20975390 20972852 20055329686289 744681386932 2446929297810 459426869376
intel_hsw_cbo 0/2 20971793 20972340 20975390 20972852 15957960646528 746523865006 1991165606082 459107925408
intel_hsw_cbo 0/3 20971793 20972340 20975390 20972852 20733183557225 746186835959 2741872492071 459166356540
intel_hsw_cbo 0/0 20971793 20972340 20975390 20972852 16359245112634 746681077608 2224727817674 459564082066
intel_hsw_cbo 0/1 20971793 20972340 20975390 20972852 16769076810923 747482004749 2185947012933 459221455041
intel_hsw_cbo 1/9 20971793 20972340 20975390 20972852 16470059763962 703117228200 2889289779250 425125785380
intel_hsw_cbo 1/5 20971793 20972340 20975390 20972852 18240300591566 755613967864 2550384010836 460346853109
intel_hsw_cbo 1/8 20971793 20972340 20975390 20972852 14878340496123 704155010275 2292667934016 425163270252
intel_hsw_cbo 1/2 20971793 20972340 20975390 20972852 15596899730816 757576543324 1978478696179 460053067904
intel_hsw_hau ff/12.5 20972289 20974593 20971520 20975386 6176375010725 1750581779021 101126711939294 1754535946549
intel_hsw_hau 7f/12.1 20972289 20974593 20971520 20975386 5026720933246 1604268046620 94459286609280 1609283258290
intel_hsw_hau ff/12.1 20972289 20974593 20971520 20975386 7034374982529 2231946119743 101126711924285 2238353540368
intel_hsw_hau 7f/12.5 20972289 20974593 20971520 20975386 4715100168865 1477666686352 94459287711795 1481149089464
intel_hsw_imc ff/14.1 20972292 20974596 20974337 20971778 3074178531917 880116645252 3147343025591 1747047020329 0
intel_hsw_imc ff/14.0 20972292 20974596 20974337 20971778 3940257832215 1366667222658 3488155939047 1517047287243 0
intel_hsw_imc 7f/17.1 20972292 20974596 20974337 20971778 2350806739108 743163709419 2472743488323 1335575959854 0
intel_hsw_imc 7f/17.0 20972292 20974596 20974337 20971778 2349180339239 742974321861 2471829136888 1343125500629 0
intel_hsw_imc 7f/14.0 20972292 20974596 20974337 20971778 2661645446331 873613533198 2562984727075 1079783853731 0
intel_hsw_imc 7f/14.1 20972292 20974596 20974337 20971778 2346243068600 742953624920 2455082361122 1324321712512 0
intel_hsw_imc ff/17.0 20972292 20974596 20974337 20971778 3076910697156 880232335361 3171536499498 1772612315212 0
intel_hsw_imc ff/17.1 20972292 20974596 20974337 20971778 3077943869109 880110565281 3170097665409 1759684140242 0
intel_hsw_qpi ff/08.2 6291712 6292480 6293506 6292483 3870688154718 2705659415325 10671411555776 0
intel_hsw_qpi 7f/08.2 6291712 6292480 6293506 6292483 2702737345920 3874070688401 13749865087934 0
intel_hsw_qpi 7f/09.2 6291712 6292480 6293506 6292483 2703401689918 3873858230881 12564548031264 0
intel_hsw_qpi ff/09.2 6291712 6292480 6293506 6292483 3870710942404 2705162263346 11692789760352 0
intel_hsw_r2pci 7f/10.1 20972580 20975369 20975367 20975368 4606993530 24787254008377 26840688125993 31408144572983
intel_hsw_r2pci ff/10.1 20972580 20975369 20975367 20975368 46765982 23510705619486 26238056504488 29813760056470
mem 1 82566752 31496852 51069900 11373476 38956152 156 0 50249400 12971784 80732 37480 0 0 440868 0 0 0
mem 0 82341048 8920756 73420292 16922976 54375412 208 0 70773272 43675320 528196 126020 0 0 635148 28672 0 0
net enp6s0f0 0 0 0 0 0 0 0 0 0 0 0 0 0 0 6536 0 0 0 0 0 0 92 0
net vnet40 0 0 46134 0 0 0 0 0 0 0 0 0 255 0 43906 0 0 0 0 0 0 248 0
net enp1s0f0 0 1318111 77977748956 0 0 0 0 371 0 0 371 0 80953792 0 1597014741 0 0 0 0 0 0 9054781 0
net lo 0 0 59930718 0 0 0 0 0 0 0 0 0 476717 0 59930718 0 0 0 0 0 0 476717 0
net vnet20 0 0 11512096 0 0 0 0 0 0 0 0 0 81574 0 1150440355 0 0 0 0 0 0 134412 0
net vnet23 0 0 8310087 0 0 0 0 0 0 0 0 0 65720 0 495992723 0 0 0 0 0 0 89985 0
net vnet21 0 0 11159818 0 0 0 0 0 0 0 0 0 77652 0 1150432912 0 0 0 0 0 0 131289 0
net vnet37 0 0 225707 0 0 0 0 0 0 0 0 0 1454 0 5981683 0 0 0 0 0 0 2165 0
net vnet24 0 0 582459 0 0 0 0 0 0 0 0 0 7099 0 80581541 0 0 0 0 0 0 18239 0
net vnet38 0 0 437503 0 0 0 0 0 0 0 0 0 4162 0 64615784 0 0 0 0 0 0 7104 0
net virbr0 0 1268 375558582 0 0 0 0 0 0 0 0 0 4997116 0 70408395136 0 0 0 0 0 0 7220573 0
numa 1 2582779908 18927329 1008175 29040 1602687485 998585922
numa 0 2098231148 1008175 18927329 28452 1129210917 969769173
ps - 829899022 1528719 292 245 231 9 821
sysv_shm - 0 0
tmpfs /run/lock 0 6
tmpfs /run 2281472 1160
tmpfs /run/user/20029 4096 44
tmpfs /run/qemu 0 1
tmpfs /dev/shm 70441324544 271026
vfs - 298269 173425 309420
vm - 14 28208393 1310743402 520728 2496526 4695955082 4708236457 86240063 21487430 4401689091 76582 0 0 0 0 0 2714357 0 1121522 2855 0 2495195 84 0 34 0 0

1764549283.113209 0 node12.dhkim-278716.ldos-ut-pg0.wisc.cloudlab.us
block sda 415964 407017 56401778 9192599 5511199 14723465 2621486804 238258580 0 16946008 251558492
block sdb 2600 0 7504 3491 4 0 0 0 0 4228 3491
block sdc 990 0 7993 259 4 0 0 0 0 956 260
cpu 11 3367059 2 177734 24589128 166758 0 2091
cpu 10 3503514 13 158960 24538112 111054 0 1081
cpu 13 3206587 0 135504 24901579 55492 0 307
cpu 12 3269806 2 151781 24780657 100291 0 811
cpu 15 2953778 0 142092 25123523 73940 0 588
cpu 14 2917776 1 134186 25191074 51674 0 262
cpu 17 3047799 10 138927 25039605 67520 0 402
cpu 16 3005946 0 160497 24978327 144794 0 1477
cpu 19 3028029 0 164743 24973804 122273 0 1145
cpu 18 3154632 2 142526 24945683 51984 0 367
cpu 1 3268083 12 128599 24915509 58658 0 3017
cpu 0 3249298 2 131877 24858590 60539 0 916
cpu 3 3052680 2 128288 25143015 59681 0 1789
cpu 2 2958612 1 147528 25193224 81756 0 1198
cpu 5 2907110 0 137624 25249102 89511 0 3074
cpu 4 2822727 1 164076 25220561 168803 0 7286
cpu 7 3439388 0 136978 24766289 47546 0 876
cpu 6 3210286 1 126226 24991633 59796 0 2390
cpu 9 3013280 2 129145 25194652 51815 0 486
cpu 8 3148806 81 138018 25012696 53201 0 9398
intel_hsw_cbo 1/7 20971793 20972340 20975390 20972852 17214834942420 757464166512 2563797118820 459798352586
intel_hsw_cbo 1/6 20971793 20972340 20975390 20972852 16500580976037 758869332514 2417829591174 460117863448
intel_hsw_cbo 1/0 20971793 20972340 20975390 20972852 15916264760989 757191647772 2232595819289 459948714069
intel_hsw_cbo 1/4 20971793 20972340 20975390 20972852 16233819885394 759822324943 2041414005575 459905187916
intel_hsw_cbo 1/3 20971793 20972340 20975390 20972852 18865035113213 757979483622 2839769280740 459979891918
intel_hsw_cbo 1/1 20971793 20972340 20975390 20972852 16105369463567 758858353413 2351476937585 459896265692
intel_hsw_cbo 0/8 20971793 20972340 20975390 20972852 15096210633956 693742007324 2118001940607 424166420866
intel_hsw_cbo 0/9 20971793 20972340 20975390 20972852 16734020325018 692808030340 2722134197435 424192762269
intel_hsw_cbo 0/6 20971793 20972340 20975390 20972852 16651231508344 747415387754 2232302369810 459287693214
intel_hsw_cbo 0/7 20971793 20972340 20975390 20972852 18037517042026 747392316933 2425776154089 459122671536
intel_hsw_cbo 0/4 20971793 20972340 20975390 20972852 16409166532464 748477131032 2037989527639 459203861686
intel_hsw_cbo 0/5 20971793 20972340 20975390 20972852 20055610241354 744725974371 2446970494895 459440844507
intel_hsw_cbo 0/2 20971793 20972340 20975390 20972852 15958237297803 746568468258 1991222999487 459121901504
intel_hsw_cbo 0/3 20971793 20972340 20975390 20972852 20733465284499 746231429845 2741926425232 459180329793
intel_hsw_cbo 0/0 20971793 20972340 20975390 20972852 16359520236227 746725677596 2224788691679 459578056079
intel_hsw_cbo 0/1 20971793 20972340 20975390 20972852 16769349846584 747526619466 2186016667605 459235427705
intel_hsw_cbo 1/9 20971793 20972340 20975390 20972852 16470060684412 703117459576 2889289944800 425125875200
intel_hsw_cbo 1/5 20971793 20972340 20975390 20972852 18240301427432 755614212071 2550384173866 460346947215
intel_hsw_cbo 1/8 20971793 20972340 20975390 20972852 14878341353227 704155244498 2292668201778 425163359195
intel_hsw_cbo 1/2 20971793 20972340 20975390 20972852 15596900529404 757576792941 1978478759328 460053161307
intel_hsw_hau ff/12.5 20972289 20974593 20971520 20975386 6176375741758 1750581914230 101129695916118 1754536082484
intel_hsw_hau 7f/12.1 20972289 20974593 20971520 20975386 5026846995095 1604310220999 94462373614948 1609325440335
intel_hsw_hau ff/12.1 20972289 20974593 20971520 20975386 7034376403390 2231946494425 101129695944271 2238353919017
intel_hsw_hau 7f/12.5 20972289 20974593 20971520 20975386 4715198274351 1477698624834 94462374672915 1481181027947
intel_hsw_imc ff/14.1 20972292 20974596 20974337 20971778 3074178893074 880116715209 3147343229345 1747047040427 0
intel_hsw_imc ff/14.0 20972292 20974596 20974337 20971778 3940258903006 1366667543997 3488156281256 1517047326254 0
intel_hsw_imc 7f/17.1 20972292 20974596 20974337 20971778 2350855745333 743179657287 2472800904423 1335594514863 0
intel_hsw_imc 7f/17.0 20972292 20974596 20974337 20971778 2349229389616 742990315678 2471886670156 1343144324148 0
intel_hsw_imc 7f/14.0 20972292 20974596 20974337 20971778 2661722485113 873639794441 2563062830211 1079811748114 0
intel_hsw_imc 7f/14.1 20972292 20974596 20974337 20971778 2346292047906 742969566662 2455139740953 1324340272847 0
intel_hsw_imc ff/17.0 20972292 20974596 20974337 20971778 3076911065286 880232403899 3171536709436 1772612336568 0
intel_hsw_imc ff/17.1 20972292 20974596 20974337 20971778 3077944239390 880110641496 3170097879534 1759684161031 0
intel_hsw_qpi ff/08.2 6291712 6292480 6293506 6292483 3870688939575 2705771350861 10671412291976 0
intel_hsw_qpi 7f/08.2 6291712 6292480 6293506 6292483 2702849256678 3874071472833 13749866402190 0
intel_hsw_qpi 7f/09.2 6291712 6292480 6293506 6292483 2703513625045 3873859015776 12564548876960 0
intel_hsw_qpi ff/09.2 6291712 6292480 6293506 6292483 3870711726753 2705274173509 11692790800904 0
intel_hsw_r2pci 7f/10.1 20972580 20975369 20975367 20975368 4606999336 24787572343664 26841027105867 31408536730349
intel_hsw_r2pci ff/10.1 20972580 20975369 20975367 20975368 46766134 23510711241918 26238331897600 29814035776845
mem 1 82566752 31496600 51070152 11373476 38956420 168 0 50249404 12971784 80472 37168 0 0 440876 0 0 0
mem 0 82341048 8921008 73420040 16922976 54375284 228 0 70773280 43675320 528080 126020 0 0 635148 28672 0 0
net enp6s0f0 0 0 0 0 0 0 0 0 0 0 0 0 0 0 6536 0 0 0 0 0 0 92 0
net vnet40 0 0 46134 0 0 0 0 0 0 0 0 0 255 0 43958 0 0 0 0 0 0 249 0
net enp1s0f0 0 1318117 77977755083 0 0 0 0 371 0 0 371 0 80953873 0 1597015452 0 0 0 0 0 0 9054786 0
net lo 0 0 59931263 0 0 0 0 0 0 0 0 0 476721 0 59931263 0 0 0 0 0 0 476721 0
net vnet20 0 0 11512096 0 0 0 0 0 0 0 0 0 81574 0 1150440407 0 0 0 0 0 0 134413 0
net vnet23 0 0 8310087 0 0 0 0 0 0 0 0 0 65720 0 495992775 0 0 0 0 0 0 89986 0
net vnet21 0 0 11159818 0 0 0 0 0 0 0 0 0 77652 0 1150432964 0 0 0 0 0 0 131290 0
net vnet37 0 0 225707 0 0 0 0 0 0 0 0 0 1454 0 5981735 0 0 0 0 0 0 2166 0
net vnet24 0 0 582459 0 0 0 0 0 0 0 0 0 7099 0 80581593 0 0 0 0 0 0 18240 0
net vnet38 0 0 437503 0 0 0 0 0 0 0 0 0 4162 0 64615836 0 0 0 0 0 0 7105 0
net virbr0 0 1268 375558582 0 0 0 0 0 0 0 0 0 4997116 0 70408395136 0 0 0 0 0 0 7220573 0
numa 1 2582781596 18927329 1008175 29040 1602689173 998585922
numa 0 2098231520 1008175 18927329 28452 1129211289 969769173
ps - 829904035 1528731 292 245 231 9 821
sysv_shm - 0 0
tmpfs /run/lock 0 6
tmpfs /run 2281472 1160
tmpfs /run/user/20029 4096 44
tmpfs /run/qemu 0 1
tmpfs /dev/shm 70441324544 271026
vfs - 298269 173425 309420
vm - 14 28208393 1310743402 520728 2496526 4695957142 4708238536 86240063 21487430 4401691290 76582 0 0 0 0 0 2714357 0 1121522 2855 0 2495195 84 0 34 0 0

1764549284.144712 0 node12.dhkim-278716.ldos-ut-pg0.wisc.cloudlab.us
block sda 415964 407017 56401778 9192599 5511257 14723483 2621487452 238259007 38 16946092 251558940
block sdb 2600 0 7504 3491 4 0 0 0 0 4228 3491
block sdc 990 0 7993 259 4 0 0 0 0 956 260
cpu 11 3367059 2 177734 24589229 166758 0 2091
cpu 10 3503514 13 158960 24538214 111054 0 1081
cpu 13 3206589 0 135504 24901680 55492 0 307
cpu 12 3269806 2 151781 24780757 100293 0 811
cpu 15 2953778 0 142092 25123625 73940 0 588
cpu 14 2917776 1 134186 25191173 51677 0 262
cpu 17 3047799 10 138928 25039706 67520 0 402
cpu 16 3005946 0 160497 24978429 144794 0 1477
cpu 19 3028029 0 164744 24973906 122273 0 1145
cpu 18 3154632 2 142526 24945784 51984 0 367
cpu 1 3268186 12 128599 24915509 58658 0 3017
cpu 0 3249401 2 131877 24858590 60539 0 916
cpu 3 3052783 2 128288 25143015 59681 0 1789
cpu 2 2958715 1 147528 25193224 81756 0 1198
cpu 5 2907213 0 137624 25249102 89511 0 3074
cpu 4 2822830 1 164076 25220561 168803 0 7286
cpu 7 3439492 0 136978 24766289 47546 0 876
cpu 6 3210390 1 126226 24991633 59796 0 2390
cpu 9 3013280 2 129145 25194753 51815 0 486
cpu 8 3148806 81 138018 25012796 53201 0 9398
intel_hsw_cbo 1/7 20971793 20972340 20975390 20972852 17214835813622 757464420797 2563797204736 459798446219
intel_hsw_cbo 1/6 20971793 20972340 20975390 20972852 16500581884814 758869578009 2417829810308 460117955217
intel_hsw_cbo 1/0 20971793 20972340 20975390 20972852 15916265583450 757191899781 2232596085513 459948807475
intel_hsw_cbo 1/4 20971793 20972340 20975390 20972852 16233820755323 759822582732 2041414293426 459905282489
intel_hsw_cbo 1/3 20971793 20972340 20975390 20972852 18865036097193 757979732705 2839769423320 459979984001
intel_hsw_cbo 1/1 20971793 20972340 20975390 20972852 16105370270392 758858606910 2351477173506 459896359752
intel_hsw_cbo 0/8 20971793 20972340 20975390 20972852 15096400513301 693789017163 2118043138429 424177628539
intel_hsw_cbo 0/9 20971793 20972340 20975390 20972852 16734211057973 692855036183 2722160646465 424203976121
intel_hsw_cbo 0/6 20971793 20972340 20975390 20972852 16651436325344 747465961964 2232343467377 459299828598
intel_hsw_cbo 0/7 20971793 20972340 20975390 20972852 18037723534961 747442913281 2425797216196 459134826699
intel_hsw_cbo 0/4 20971793 20972340 20975390 20972852 16409371058009 748527727520 2038022588424 459216002264
intel_hsw_cbo 0/5 20971793 20972340 20975390 20972852 20055814977128 744776547686 2446994296411 459452992209
intel_hsw_cbo 0/2 20971793 20972340 20975390 20972852 15958442548903 746619052444 1991254351435 459134052842
intel_hsw_cbo 0/3 20971793 20972340 20975390 20972852 20733671268670 746282004694 2741957896647 459192474330
intel_hsw_cbo 0/0 20971793 20972340 20975390 20972852 16359724434358 746776263101 2224821606817 459590201015
intel_hsw_cbo 0/1 20971793 20972340 20975390 20972852 16769553342565 747577224894 2186058220788 459247574319
intel_hsw_cbo 1/9 20971793 20972340 20975390 20972852 16470061644869 703117694348 2889290077448 425125964751
intel_hsw_cbo 1/5 20971793 20972340 20975390 20972852 18240302333645 755614460740 2550384265723 460347041720
intel_hsw_cbo 1/8 20971793 20972340 20975390 20972852 14878342271657 704155483650 2292668435193 425163448577
intel_hsw_cbo 1/2 20971793 20972340 20975390 20972852 15596901470596 757577046856 1978479055191 460053254111
intel_hsw_hau ff/12.5 20972289 20974593 20971520 20975386 6176376451136 1750582050249 101132681613856 1754536219363
intel_hsw_hau 7f/12.1 20972289 20974593 20971520 20975386 5026933781727 1604342288616 94465462179588 1609357515789
intel_hsw_hau ff/12.1 20972289 20974593 20971520 20975386 7034377809029 2231946875408 101132681614529 2238354304777
intel_hsw_hau 7f/12.5 20972289 20974593 20971520 20975386 4715261902269 1477722135144 94465463268081 1481204538610
intel_hsw_imc ff/14.1 20972292 20974596 20974337 20971778 3074179243132 880116785011 3147343424497 1747047059444 0
intel_hsw_imc ff/14.0 20972292 20974596 20974337 20971778 3940259974151 1366667874103 3488156621248 1517047367489 0
intel_hsw_imc 7f/17.1 20972292 20974596 20974337 20971778 2350887564362 743191423378 2472841255476 1335605345764 0
intel_hsw_imc 7f/17.0 20972292 20974596 20974337 20971778 2349261250252 743002128311 2471927121215 1343155192183 0
intel_hsw_imc 7f/14.0 20972292 20974596 20974337 20971778 2661777533216 873660209078 2563123226164 1079830622464 0
intel_hsw_imc 7f/14.1 20972292 20974596 20974337 20971778 2346323847926 742981328209 2455180045750 1324351137042 0
intel_hsw_imc ff/17.0 20972292 20974596 20974337 20971778 3076911424053 880232472691 3171536911427 1772612356344 0
intel_hsw_imc ff/17.1 20972292 20974596 20974337 20971778 3077944600609 880110719451 3170098086252 1759684180736 0
intel_hsw_qpi ff/08.2 6291712 6292480 6293506 6292483 3870689752437 2705846534797 10671413031552 0
intel_hsw_qpi 7f/08.2 6291712 6292480 6293506 6292483 2702924422786 3874072285922 13749867619662 0
intel_hsw_qpi 7f/09.2 6291712 6292480 6293506 6292483 2703588809893 3873859828674 12564549676920 0
intel_hsw_qpi ff/09.2 6291712 6292480 6293506 6292483 3870712539764 2705349336878 11692791863400 0
intel_hsw_r2pci 7f/10.1 20972580 20975369 20975367 20975368 4607005168 24787885013110 26841315289565 31408870453055
intel_hsw_r2pci ff/10.1 20972580 20975369 20975367 20975368 46766292 23510717078904 26238520156940 29814224575589
mem 1 82566752 31496852 51069900 11373468 38956584 188 0 50249412 12971752 80700 37568 0 0 440916 0 0 0
mem 0 82341048 8921512 73419536 16922976 54375284 240 0 70773280 43675320 528080 126020 0 0 635148 28672 0 0
net enp6s0f0 0 0 0 0 0 0 0 0 0 0 0 0 0 0 6536 0 0 0 0 0 0 92 0
net vnet40 0 0 46134 0 0 0 0 0 0 0 0 0 255 0 43958 0 0 0 0 0 0 249 0
net enp1s0f0 0 1318125 77977761320 0 0 0 0 371 0 0 371 0 80953969 0 1597016163 0 0 0 0 0 0 9054791 0
net lo 0 0 59931808 0 0 0 0 0 0 0 0 0 476725 0 59931808 0 0 0 0 0 0 476725 0
net vnet20 0 0 11512096 0 0 0 0 0 0 0 0 0 81574 0 1150440407 0 0 0 0 0 0 134413 0
net vnet23 0 0 8310087 0 0 0 0 0 0 0 0 0 65720 0 495992775 0 0 0 0 0 0 89986 0
net vnet21 0 0 11159818 0 0 0 0 0 0 0 0 0 77652 0 1150432964 0 0 0 0 0 0 131290 0
net vnet37 0 0 225707 0 0 0 0 0 0 0 0 0 1454 0 5981735 0 0 0 0 0 0 2166 0
net vnet24 0 0 582459 0 0 0 0 0 0 0 0 0 7099 0 80581593 0 0 0 0 0 0 18240 0
net vnet38 0 0 437503 0 0 0 0 0 0 0 0 0 4162 0 64615836 0 0 0 0 0 0 7105 0
net virbr0 0 1268 375558582 0 0 0 0 0 0 0 0 0 4997116 0 70408395136 0 0 0 0 0 0 7220573 0
numa 1 2582783207 18927329 1008175 29040 1602690784 998585922
numa 0 2098231864 1008175 18927329 28452 1129211633 969769173
ps - 829909020 1528742 332 254 234 9 821
sysv_shm - 0 0
tmpfs /run/lock 0 6
tmpfs /run 2281472 1160
tmpfs /run/user/20029 4096 44
tmpfs /run/qemu 0 1
tmpfs /dev/shm 70441324544 271026
vfs - 298269 173425 309420
vm - 14 28208393 1310743878 520728 2496526 4695959097 4708240489 86240064 21487430 4401693473 76582 0 0 0 0 0 2714357 0 1121522 2855 0 2495195 84 0 34 0 0

1764549285.178323 0 node12.dhkim-278716.ldos-ut-pg0.wisc.cloudlab.us
block sda 415964 407017 56401778 9192599 5511295 14723483 2621487756 238260494 0 16946148 251560428
block sdb 2600 0 7504 3491 4 0 0 0 0 4228 3491
block sdc 990 0 7993 259 4 0 0 0 0 956 260
cpu 11 3367060 2 177735 24589331 166758 0 2091
cpu 10 3503515 13 158960 24538315 111054 0 1081
cpu 13 3206590 0 135504 24901783 55492 0 307
cpu 12 3269808 2 151782 24780859 100293 0 811
cpu 15 2953778 0 142092 25123728 73940 0 588
cpu 14 2917778 1 134187 25191274 51677 0 262
cpu 17 3047799 10 138928 25039808 67520 0 402
cpu 16 3005946 0 160498 24978531 144794 0 1477
cpu 19 3028030 0 164745 24974008 122273 0 1145
cpu 18 3154633 2 142526 24945886 51984 0 367
cpu 1 3268289 12 128599 24915509 58658 0 3017
cpu 0 3249505 2 131877 24858590 60539 0 916
cpu 3 3052887 2 128288 25143015 59681 0 1789
cpu 2 2958819 1 147528 25193224 81756 0 1198
cpu 5 2907317 0 137624 25249102 89511 0 3074
cpu 4 2822934 1 164076 25220561 168803 0 7286
cpu 7 3439595 0 136978 24766289 47546 0 876
cpu 6 3210493 1 126226 24991633 59796 0 2390
cpu 9 3013283 2 129145 25194852 51815 0 486
cpu 8 3148806 81 138018 25012896 53201 0 9398
intel_hsw_cbo 1/7 20971793 20972340 20975390 20972852 17214836701867 757464686830 2563797352993 459798543598
intel_hsw_cbo 1/6 20971793 20972340 20975390 20972852 16500582769267 758869834896 2417829912356 460118051372
intel_hsw_cbo 1/0 20971793 20972340 20975390 20972852 15916266374278 757192163361 2232596375687 459948904821
intel_hsw_cbo 1/4 20971793 20972340 20975390 20972852 16233821686635 759822852771 2041414601864 459905380454
intel_hsw_cbo 1/3 20971793 20972340 20975390 20972852 18865037126266 757979993427 2839769614083 459980080800
intel_hsw_cbo 1/1 20971793 20972340 20975390 20972852 16105371140375 758858871252 2351477274853 459896459392
intel_hsw_cbo 0/8 20971793 20972340 20975390 20972852 15096580771297 693839452635 2118077321150 424181934882
intel_hsw_cbo 0/9 20971793 20972340 20975390 20972852 16734392186988 692905488736 2722181265291 424208292147
intel_hsw_cbo 0/6 20971793 20972340 20975390 20972852 16651634795991 747520377454 2232377278694 459304493709
intel_hsw_cbo 0/7 20971793 20972340 20975390 20972852 18037924107037 747497347971 2425813468628 459139515860
intel_hsw_cbo 0/4 20971793 20972340 20975390 20972852 16409568797798 748582143143 2038051844554 459220676005
intel_hsw_cbo 0/5 20971793 20972340 20975390 20972852 20056013600913 744830941756 2447012650536 459457675212
intel_hsw_cbo 0/2 20971793 20972340 20975390 20972852 15958640775608 746673470995 1991282635879 459138737610
intel_hsw_cbo 0/3 20971793 20972340 20975390 20972852 20733871517931 746336407619 2741982672846 459197147798
intel_hsw_cbo 0/0 20971793 20972340 20975390 20972852 16359922163691 746830668663 2224851136352 459594880200
intel_hsw_cbo 0/1 20971793 20972340 20975390 20972852 16769750202630 747631652073 2186092555259 459252256814
intel_hsw_cbo 1/9 20971793 20972340 20975390 20972852 16470062555186 703117938527 2889290253626 425126058271
intel_hsw_cbo 1/5 20971793 20972340 20975390 20972852 18240303282540 755614719698 2550384427738 460347139938
intel_hsw_cbo 1/8 20971793 20972340 20975390 20972852 14878343116414 704155732359 2292668525172 425163542422
intel_hsw_cbo 1/2 20971793 20972340 20975390 20972852 15596902334350 757577312722 1978479360013 460053351567
intel_hsw_hau ff/12.5 20972289 20974593 20971520 20975386 6176377151403 1750582203852 101135671404722 1754536374332
intel_hsw_hau 7f/12.1 20972289 20974593 20971520 20975386 5026986247409 1604358191155 94468555070368 1609373427537
intel_hsw_hau ff/12.1 20972289 20974593 20971520 20975386 7034379244671 2231947282931 101135671405691 2238354718393
intel_hsw_hau 7f/12.5 20972289 20974593 20971520 20975386 4715301294307 1477733899868 94468556156531 1481216303710
intel_hsw_imc ff/14.1 20972292 20974596 20974337 20971778 3074179588047 880116863540 3147343622621 1747047078882 0
intel_hsw_imc ff/14.0 20972292 20974596 20974337 20971778 3940261072727 1366668223969 3488156973395 1517047412399 0
intel_hsw_imc 7f/17.1 20972292 20974596 20974337 20971778 2350907274674 743197303579 2472863288291 1335610792318 0
intel_hsw_imc 7f/17.0 20972292 20974596 20974337 20971778 2349281004116 743008056552 2471949212166 1343160647905 0
intel_hsw_imc 7f/14.0 20972292 20974596 20974337 20971778 2661810397518 873670296618 2563155060558 1079838182501 0
intel_hsw_imc 7f/14.1 20972292 20974596 20974337 20971778 2346343550988 742987205747 2455202088637 1324356581103 0
intel_hsw_imc ff/17.0 20972292 20974596 20974337 20971778 3076911774387 880232550227 3171537113198 1772612376378 0
intel_hsw_imc ff/17.1 20972292 20974596 20974337 20971778 3077944956551 880110807171 3170098295749 1759684200332 0
intel_hsw_qpi ff/08.2 6291712 6292480 6293506 6292483 3870690631659 2705892534269 10671413954440 0
intel_hsw_qpi 7f/08.2 6291712 6292480 6293506 6292483 2702970399911 3874073163603 13749868798262 0
intel_hsw_qpi 7f/09.2 6291712 6292480 6293506 6292483 2703634809793 3873860707942 12564550480744 0
intel_hsw_qpi ff/09.2 6291712 6292480 6293506 6292483 3870713417387 2705395314762 11692793169448 0
intel_hsw_r2pci 7f/10.1 20972580 20975369 20975367 20975368 4607011152 24788170391791 26841556050782 31409162506459
intel_hsw_r2pci ff/10.1 20972580 20975369 20975367 20975368 46766444 23510723955440 26238638506376 29814343482399
mem 1 82566752 31496600 51070152 11373484 38957936 112 0 50249428 12973336 82100 37516 0 0 440924 0 0 0
mem 0 82341048 8920756 73420292 16922976 54375260 104 0 70773724 43675828 528056 126020 0 0 635148 28672 0 0
net enp6s0f0 0 0 0 0 0 0 0 0 0 0 0 0 0 0 6536 0 0 0 0 0 0 92 0
net vnet40 0 0 49270 0 0 0 0 0 0 0 0 0 272 0 47700 0 0 0 0 0 0 262 0
net enp1s0f0 0 1318131 77977767089 0 0 0 0 371 0 0 371 0 80954057 0 1597017326 0 0 0 0 0 0 9054798 0
net lo 0 0 59932353 0 0 0 0 0 0 0 0 0 476729 0 59932353 0 0 0 0 0 0 476729 0
net vnet20 0 0 11512096 0 0 0 0 0 0 0 0 0 81574 0 1150440459 0 0 0 0 0 0 134414 0
net vnet23 0 0 8310087 0 0 0 0 0 0 0 0 0 65720 0 495992827 0 0 0 0 0 0 89987 0
net vnet21 0 0 11159818 0 0 0 0 0 0 0 0 0 77652 0 1150433016 0 0 0 0 0 0 131291 0
net vnet37 0 0 225707 0 0 0 0 0 0 0 0 0 1454 0 5981787 0 0 0 0 0 0 2167 0
net vnet24 0 0 582459 0 0 0 0 0 0 0 0 0 7099 0 80581645 0 0 0 0 0 0 18241 0
net vnet38 0 0 437503 0 0 0 0 0 0 0 0 0 4162 0 64615888 0 0 0 0 0 0 7106 0
net virbr0 0 1268 375561480 0 0 0 0 0 0 0 0 0 4997133 0 70408398826 0 0 0 0 0 0 7220585 0
numa 1 2582785275 18927329 1008175 29040 1602692852 998585922
numa 0 2098232491 1008175 18927329 28452 1129212260 969769173
ps - 829914023 1528754 332 254 234 9 821
sysv_shm - 0 0
tmpfs /run/lock 0 6
tmpfs /run 2281472 1160
tmpfs /run/user/20029 4096 44
tmpfs /run/qemu 0 1
tmpfs /dev/shm 70441324544 271026
vfs - 298271 173425 309422
vm - 14 28208393 1310743878 520728 2496526 4695961791 4708242561 86240064 21487430 4401696494 76582 0 0 0 0 0 2714357 0 1121522 2855 0 2495195 84 0 34 0 0

1764549286.213525 0 node12.dhkim-278716.ldos-ut-pg0.wisc.cloudlab.us
block sda 415969 407017 56402610 9192614 5511299 14723483 2621487796 238260499 0 16946180 251560447
block sdb 2600 0 7504 3491 4 0 0 0 0 4228 3491
block sdc 990 0 7993 259 4 0 0 0 0 956 260
cpu 11 3367060 2 177735 24589432 166758 0 2091
cpu 10 3503515 13 158960 24538418 111054 0 1081
cpu 13 3206592 0 135504 24901885 55492 0 307
cpu 12 3269810 2 151782 24780961 100293 0 811
cpu 15 2953778 0 142092 25123830 73940 0 588
cpu 14 2917778 1 134188 25191375 51677 0 262
cpu 17 3047799 10 138928 25039909 67520 0 402
cpu 16 3005947 0 160498 24978634 144794 0 1477
cpu 19 3028030 0 164745 24974111 122273 0 1145
cpu 18 3154634 2 142527 24945988 51984 0 367
cpu 1 3268387 12 128599 24915514 58658 0 3017
cpu 0 3249600 2 131877 24858598 60539 0 916
cpu 3 3052983 2 128288 25143022 59681 0 1789
cpu 2 2958916 1 147528 25193231 81756 0 1198
cpu 5 2907412 0 137624 25249109 89511 0 3074
cpu 4 2823029 1 164076 25220568 168803 0 7286
cpu 7 3439690 0 136978 24766296 47547 0 876
cpu 6 3210592 1 126226 24991637 59796 0 2390
cpu 9 3013283 2 129145 25194954 51815 0 486
cpu 8 3148806 81 138018 25012997 53201 0 9398
intel_hsw_cbo 1/7 20971793 20972340 20975390 20972852 17214837648291 757464953242 2563797526475 459798635225
intel_hsw_cbo 1/6 20971793 20972340 20975390 20972852 16500583682130 758870092135 2417830013980 460118142094
intel_hsw_cbo 1/0 20971793 20972340 20975390 20972852 15916267265547 757192427746 2232596718857 459948997311
intel_hsw_cbo 1/4 20971793 20972340 20975390 20972852 16233822606464 759823121876 2041414948770 459905472707
intel_hsw_cbo 1/3 20971793 20972340 20975390 20972852 18865038093256 757980254934 2839769827416 459980170314
intel_hsw_cbo 1/1 20971793 20972340 20975390 20972852 16105372055760 758859136409 2351477400863 459896553438
intel_hsw_cbo 0/8 20971793 20972340 20975390 20972852 15096828323580 693890384459 2118125264519 424184133325
intel_hsw_cbo 0/9 20971793 20972340 20975390 20972852 16734645935949 692956425250 2722214742214 424210501420
intel_hsw_cbo 0/6 20971793 20972340 20975390 20972852 16651919117389 747575248608 2232425354421 459306881911
intel_hsw_cbo 0/7 20971793 20972340 20975390 20972852 18038217546688 747552216737 2425841014294 459141928253
intel_hsw_cbo 0/4 20971793 20972340 20975390 20972852 16409852663518 748637008946 2038101575372 459223068565
intel_hsw_cbo 0/5 20971793 20972340 20975390 20972852 20056304429191 744885771133 2447043753938 459460074995
intel_hsw_cbo 0/2 20971793 20972340 20975390 20972852 15958923313927 746728369374 1991332466972 459141140555
intel_hsw_cbo 0/3 20971793 20972340 20975390 20972852 20734163652598 746391293836 2742023459612 459199542308
intel_hsw_cbo 0/0 20971793 20972340 20975390 20972852 16360204720532 746885559230 2224903588657 459597277879
intel_hsw_cbo 0/1 20971793 20972340 20975390 20972852 16770031086131 747686561527 2186141781711 459254655853
intel_hsw_cbo 1/9 20971793 20972340 20975390 20972852 16470063511963 703118179870 2889290458110 425126146758
intel_hsw_cbo 1/5 20971793 20972340 20975390 20972852 18240304298088 755614980080 2550384611208 460347232538
intel_hsw_cbo 1/8 20971793 20972340 20975390 20972852 14878344019645 704155978673 2292668629100 425163631153
intel_hsw_cbo 1/2 20971793 20972340 20975390 20972852 15596903224408 757577578138 1978479720335 460053443323
intel_hsw_hau ff/12.5 20972289 20974593 20971520 20975386 6176377874510 1750582355220 101138661047090 1754536527413
intel_hsw_hau 7f/12.1 20972289 20974593 20971520 20975386 5027039263220 1604367642802 94471647515888 1609382888142
intel_hsw_hau ff/12.1 20972289 20974593 20971520 20975386 7034380746705 2231947689966 101138661052853 2238355131786
intel_hsw_hau 7f/12.5 20972289 20974593 20971520 20975386 4715343917761 1477741301694 94471648597065 1481223705902
intel_hsw_imc ff/14.1 20972292 20974596 20974337 20971778 3074179948719 880116941623 3147343813212 1747047098123 0
intel_hsw_imc ff/14.0 20972292 20974596 20974337 20971778 3940262234690 1366668573171 3488157311280 1517047456629 0
intel_hsw_imc 7f/17.1 20972292 20974596 20974337 20971778 2350928550491 743200995599 2472880978799 1335616060295 0
intel_hsw_imc 7f/17.0 20972292 20974596 20974337 20971778 2349302326053 743011798867 2471966956191 1343165930563 0
intel_hsw_imc 7f/14.0 20972292 20974596 20974337 20971778 2661842117009 873676121120 2563177445771 1079843392147 0
intel_hsw_imc 7f/14.1 20972292 20974596 20974337 20971778 2346364819718 742990895614 2455219785497 1324361846942 0
intel_hsw_imc ff/17.0 20972292 20974596 20974337 20971778 3076912138576 880232627090 3171537307309 1772612396297 0
intel_hsw_imc ff/17.1 20972292 20974596 20974337 20971778 3077945326930 880110892902 3170098496449 1759684220286 0
intel_hsw_qpi ff/08.2 6291712 6292480 6293506 6292483 3870691587880 2705940284809 10671415006944 0
intel_hsw_qpi 7f/08.2 6291712 6292480 6293506 6292483 2703018132370 3874074119062 13749870029062 0
intel_hsw_qpi 7f/09.2 6291712 6292480 6293506 6292483 2703682561174 3873861664218 12564551343976 0
intel_hsw_qpi ff/09.2 6291712 6292480 6293506 6292483 3870714372814 2705443042936 11692794635176 0
intel_hsw_r2pci 7f/10.1 20972580 20975369 20975367 20975368 4607030314 24788434557915 26841783748745 31409454825502
intel_hsw_r2pci ff/10.1 20972580 20975369 20975367 20975368 46766602 23510731111704 26238760196535 29814466024174
mem 1 82566752 31496600 51070152 11373484 38955728 112 0 50249432 12972080 79900 37532 0 0 440924 0 0 0
mem 0 82341048 8920000 73421048 16922984 54377552 124 0 70774900 43677004 528892 126020 0 0 635148 28672 0 0
net enp6s0f0 0 0 0 0 0 0 0 0 0 0 0 0 0 0 6536 0 0 0 0 0 0 92 0
net vnet40 0 0 51190 0 0 0 0 0 0 0 0 0 282 0 48794 0 0 0 0 0 0 273 0
net enp1s0f0 0 1318135 77977772606 0 0 0 0 371 0 0 371 0 80954141 0 1597018219 0 0 0 0 0 0 9054804 0
net lo 0 0 59932898 0 0 0 0 0 0 0 0 0 476733 0 59932898 0 0 0 0 0 0 476733 0
net vnet20 0 0 11512096 0 0 0 0 0 0 0 0 0 81574 0 1150440459 0 0 0 0 0 0 134414 0
net vnet23 0 0 8310087 0 0 0 0 0 0 0 0 0 65720 0 495992827 0 0 0 0 0 0 89987 0
net vnet21 0 0 11159818 0 0 0 0 0 0 0 0 0 77652 0 1150433016 0 0 0 0 0 0 131291 0
net vnet37 0 0 225707 0 0 0 0 0 0 0 0 0 1454 0 5981787 0 0 0 0 0 0 2167 0
net vnet24 0 0 582459 0 0 0 0 0 0 0 0 0 7099 0 80581645 0 0 0 0 0 0 18241 0
net vnet38 0 0 437503 0 0 0 0 0 0 0 0 0 4162 0 64615888 0 0 0 0 0 0 7106 0
net virbr0 0 1268 375563260 0 0 0 0 0 0 0 0 0 4997143 0 70408399920 0 0 0 0 0 0 7220596 0
numa 1 2582786792 18927329 1008175 29040 1602694369 998585922
numa 0 2098233367 1008175 18927329 28452 1129213136 969769173
ps - 829919714 1528766 332 254 234 2 803
sysv_shm - 0 0
tmpfs /run/lock 0 6
tmpfs /run 2281472 1160
tmpfs /run/user/20029 4096 44
tmpfs /run/qemu 0 1
tmpfs /dev/shm 70441336832 271026
vfs - 298269 173425 309421
vm - 14 28208809 1310743898 520728 2496526 4695964184 4708245154 86240074 21487430 4401699070 76582 0 0 0 0 0 2714357 0 1121522 2855 0 2495195 84 0 34 0 0

1764549287.248002 0 node12.dhkim-278716.ldos-ut-pg0.wisc.cloudlab.us
block sda 416145 407045 56413652 9193016 5511384 14723483 2621488685 238262140 0 16946712 251562497
block sdb 2600 0 7504 3491 4 0 0 0 0 4228 3491
block sdc 990 0 7993 259 4 0 0 0 0 956 260
cpu 11 3367060 2 177735 24589535 166758 0 2091
cpu 10 3503515 13 158960 24538520 111054 0 1081
cpu 13 3206592 0 135506 24901985 55492 0 307
cpu 12 3269813 2 151782 24781062 100293 0 811
cpu 15 2953779 0 142093 25123933 73940 0 588
cpu 14 2917778 1 134189 25191478 51677 0 262
cpu 17 3047799 10 138928 25040011 67520 0 402
cpu 16 3005947 0 160498 24978737 144794 0 1477
cpu 19 3028031 0 164745 24974214 122273 0 1145
cpu 18 3154634 2 142528 24946091 51984 0 367
cpu 1 3268392 12 128602 24915592 58675 0 3017
cpu 0 3249606 2 131882 24858678 60550 0 916
cpu 3 3053008 2 128291 25143077 59700 0 1789
cpu 2 2958920 1 147530 25193306 81775 0 1198
cpu 5 2907419 0 137625 25249191 89526 0 3074
cpu 4 2823043 1 164081 25220635 168821 0 7286
cpu 7 3439699 0 136980 24766364 47569 0 876
cpu 6 3210608 1 126229 24991714 59803 0 2390
cpu 9 3013283 2 129145 25195057 51815 0 486
cpu 8 3148806 81 138018 25013100 53201 0 9398
intel_hsw_cbo 1/7 20971793 20972340 20975390 20972852 17214838365302 757465189078 2563797678975 459798723045
intel_hsw_cbo 1/6 20971793 20972340 20975390 20972852 16500584406776 758870321583 2417830233184 460118229928
intel_hsw_cbo 1/0 20971793 20972340 20975390 20972852 15916267980978 757192661761 2232596898551 459949084705
intel_hsw_cbo 1/4 20971793 20972340 20975390 20972852 16233823417278 759823359170 2041415182382 459905560496
intel_hsw_cbo 1/3 20971793 20972340 20975390 20972852 18865038841672 757980487148 2839770022376 459980256779
intel_hsw_cbo 1/1 20971793 20972340 20975390 20972852 16105372845423 758859371006 2351477553511 459896641015
intel_hsw_cbo 0/8 20971793 20972340 20975390 20972852 15096833694102 693892010656 2118126508070 424184876265
intel_hsw_cbo 0/9 20971793 20972340 20975390 20972852 16734651190882 692958042658 2722215649807 424211248299
intel_hsw_cbo 0/6 20971793 20972340 20975390 20972852 16651924302469 747577025728 2232426589587 459307685417
intel_hsw_cbo 0/7 20971793 20972340 20975390 20972852 18038222338250 747553951237 2425841773656 459142729498
intel_hsw_cbo 0/4 20971793 20972340 20975390 20972852 16409857809253 748638744025 2038102778239 459223877993
intel_hsw_cbo 0/5 20971793 20972340 20975390 20972852 20056309635185 744887485245 2447044608007 459460877936
intel_hsw_cbo 0/2 20971793 20972340 20975390 20972852 15958928308613 746730122240 1991333706180 459141943780
intel_hsw_cbo 0/3 20971793 20972340 20975390 20972852 20734169050014 746393087956 2742024589726 459200353329
intel_hsw_cbo 0/0 20971793 20972340 20975390 20972852 16360210026285 746887322597 2224904948644 459598087665
intel_hsw_cbo 0/1 20971793 20972340 20975390 20972852 16770036314795 747688299479 2186143083654 459255453213
intel_hsw_cbo 1/9 20971793 20972340 20975390 20972852 16470064302182 703118399726 2889290636054 425126232458
intel_hsw_cbo 1/5 20971793 20972340 20975390 20972852 18240305087771 755615211352 2550384780998 460347320872
intel_hsw_cbo 1/8 20971793 20972340 20975390 20972852 14878344773077 704156201077 2292668797893 425163715284
intel_hsw_cbo 1/2 20971793 20972340 20975390 20972852 15596903919896 757577813668 1978479918015 460053531151
intel_hsw_hau ff/12.5 20972289 20974593 20971520 20975386 6176378368015 1750582466222 101141032832378 1754536642548
intel_hsw_hau 7f/12.1 20972289 20974593 20971520 20975386 5027042469987 1604369149420 94474101445248 1609384403558
intel_hsw_hau ff/12.1 20972289 20974593 20971520 20975386 7034381878341 2231948026852 101141032826959 2238355477787
intel_hsw_hau 7f/12.5 20972289 20974593 20971520 20975386 4715346393424 1477742535178 94474102538175 1481224940131
intel_hsw_imc ff/14.1 20972292 20974596 20974337 20971778 3074180191088 880116998707 3147343916096 1747047109254 0
intel_hsw_imc ff/14.0 20972292 20974596 20974337 20971778 3940263122356 1366668873139 3488157519523 1517047488294 0
intel_hsw_imc 7f/17.1 20972292 20974596 20974337 20971778 2350929785476 743201611389 2472882106636 1335616276938 0
intel_hsw_imc 7f/17.0 20972292 20974596 20974337 20971778 2349303604879 743012458590 2471968126158 1343166149110 0
intel_hsw_imc 7f/14.0 20972292 20974596 20974337 20971778 2661844142692 873677082507 2563178903136 1079843601841 0
intel_hsw_imc 7f/14.1 20972292 20974596 20974337 20971778 2346366055329 742991510692 2455220912202 1324362063702 0
intel_hsw_imc ff/17.0 20972292 20974596 20974337 20971778 3076912381583 880232684491 3171537410450 1772612407449 0
intel_hsw_imc ff/17.1 20972292 20974596 20974337 20971778 3077945579974 880110958527 3170098608766 1759684231664 0
intel_hsw_qpi ff/08.2 6291712 6292480 6293506 6292483 3870692331730 2705943383510 10671415662760 0
intel_hsw_qpi 7f/08.2 6291712 6292480 6293506 6292483 2703021229044 3874074861507 13749870857150 0
intel_hsw_qpi 7f/09.2 6291712 6292480 6293506 6292483 2703685659845 3873862408132 12564551972584 0
intel_hsw_qpi ff/09.2 6291712 6292480 6293506 6292483 3870715115197 2705446139581 11692795576088 0
intel_hsw_r2pci 7f/10.1 20972580 20975369 20975367 20975368 4607216348 24788456122721 26841801684713 31409477179962
intel_hsw_r2pci ff/10.1 20972580 20975369 20975367 20975368 46766750 23510736808545 26238772081600 29814478445001
mem 1 82566752 31496576 51070176 11373528 38955748 128 0 50249388 12971784 80088 37456 0 0 440724 0 0 0
mem 0 82341048 8918488 73422560 16922976 54377984 148 0 70775372 43677744 528720 126044 0 0 635144 28672 0 0
net enp6s0f0 0 0 0 0 0 0 0 0 0 0 0 0 0 0 6536 0 0 0 0 0 0 92 0
net vnet40 0 0 51190 0 0 0 0 0 0 0 0 0 282 0 48846 0 0 0 0 0 0 274 0
net enp1s0f0 0 1318140 77977778069 0 0 0 0 371 0 0 371 0 80954224 0 1597018930 0 0 0 0 0 0 9054809 0
net lo 0 0 59933443 0 0 0 0 0 0 0 0 0 476737 0 59933443 0 0 0 0 0 0 476737 0
net vnet20 0 0 11512096 0 0 0 0 0 0 0 0 0 81574 0 1150440511 0 0 0 0 0 0 134415 0
net vnet23 0 0 8310087 0 0 0 0 0 0 0 0 0 65720 0 495992879 0 0 0 0 0 0 89988 0
net vnet21 0 0 11159818 0 0 0 0 0 0 0 0 0 77652 0 1150433068 0 0 0 0 0 0 131292 0
net vnet37 0 0 225707 0 0 0 0 0 0 0 0 0 1454 0 5981839 0 0 0 0 0 0 2168 0
net vnet24 0 0 582459 0 0 0 0 0 0 0 0 0 7099 0 80581697 0 0 0 0 0 0 18242 0
net vnet38 0 0 437503 0 0 0 0 0 0 0 0 0 4162 0 64615940 0 0 0 0 0 0 7107 0
net virbr0 0 1268 375563260 0 0 0 0 0 0 0 0 0 4997143 0 70408399920 0 0 0 0 0 0 7220596 0
numa 1 2582788101 18927329 1008175 29040 1602695678 998585922
numa 0 2098234956 1008175 18927329 28452 1129214725 969769173
ps - 829932606 1528777 332 254 234 2 803
sysv_shm - 0 0
tmpfs /run/lock 0 6
tmpfs /run 2281472 1160
tmpfs /run/user/20029 4096 44
tmpfs /run/qemu 0 1
tmpfs /dev/shm 70441340928 271026
vfs - 298269 173505 309448
vm - 14 28214390 1310744342 520728 2496526 4695967082 4708247986 86240075 21487430 4401701276 76582 0 0 0 0 0 2714357 0 1121522 2855 0 2495195 84 0 34 0 0

1764549288.281440 0 node12.dhkim-278716.ldos-ut-pg0.wisc.cloudlab.us
block sda 416277 407046 56419216 9193363 5511384 14723483 2621488685 238262140 0 16947240 251562844
block sdb 2600 0 7504 3491 4 0 0 0 0 4228 3491
block sdc 990 0 7993 259 4 0 0 0 0 956 260
cpu 11 3367061 2 177735 24589637 166758 0 2091
cpu 10 3503515 13 158961 24538622 111054 0 1081
cpu 13 3206592 0 135507 24902086 55492 0 307
cpu 12 3269815 2 151782 24781164 100293 0 811
cpu 15 2953779 0 142093 25124036 73940 0 588
cpu 14 2917778 1 134189 25191581 51677 0 262
cpu 17 3047800 10 138929 25040113 67520 0 402
cpu 16 3005947 0 160498 24978840 144794 0 1477
cpu 19 3028031 0 164745 24974317 122273 0 1145
cpu 18 3154634 2 142528 24946194 51984 0 367
cpu 1 3268393 12 128602 24915689 58677 0 3017
cpu 0 3249607 2 131882 24858774 60555 0 916
cpu 3 3053045 2 128293 25143138 59702 0 1789
cpu 2 2958921 1 147531 25193403 81779 0 1198
cpu 5 2907420 0 137626 25249286 89532 0 3074
cpu 4 2823044 1 164081 25220734 168823 0 7286
cpu 7 3439701 0 136981 24766453 47580 0 876
cpu 6 3210635 1 126230 24991788 59805 0 2390
cpu 9 3013283 2 129145 25195159 51815 0 486
cpu 8 3148806 81 138018 25013203 53201 0 9398
intel_hsw_cbo 1/7 20971793 20972340 20975390 20972852 17214839206361 757465432681 2563797831723 459798808320
intel_hsw_cbo 1/6 20971793 20972340 20975390 20972852 16500585258031 758870558934 2417830470131 460118314234
intel_hsw_cbo 1/0 20971793 20972340 20975390 20972852 15916268856028 757192904354 2232597075757 459949169065
intel_hsw_cbo 1/4 20971793 20972340 20975390 20972852 16233824299560 759823604480 2041415416243 459905645098
intel_hsw_cbo 1/3 20971793 20972340 20975390 20972852 18865039762815 757980727157 2839770219673 459980340116
intel_hsw_cbo 1/1 20971793 20972340 20975390 20972852 16105373693792 758859613700 2351477722773 459896725467
intel_hsw_cbo 0/8 20971793 20972340 20975390 20972852 15096838674589 693894136639 2118127122795 424186051373
intel_hsw_cbo 0/9 20971793 20972340 20975390 20972852 16734656042112 692960148027 2722216059126 424212427276
intel_hsw_cbo 0/6 20971793 20972340 20975390 20972852 16651928991163 747579315341 2232427220578 459308949386
intel_hsw_cbo 0/7 20971793 20972340 20975390 20972852 18038226687661 747556225338 2425842090309 459143999726
intel_hsw_cbo 0/4 20971793 20972340 20975390 20972852 16409862191685 748640999675 2038103419810 459225144414
intel_hsw_cbo 0/5 20971793 20972340 20975390 20972852 20056314222637 744889740118 2447044966832 459462146532
intel_hsw_cbo 0/2 20971793 20972340 20975390 20972852 15958932861667 746732411369 1991334356036 459143204705
intel_hsw_cbo 0/3 20971793 20972340 20975390 20972852 20734173807901 746395364075 2742025094281 459201624795
intel_hsw_cbo 0/0 20971793 20972340 20975390 20972852 16360214788570 746889592076 2224905574413 459599359966
intel_hsw_cbo 0/1 20971793 20972340 20975390 20972852 16770040925593 747690542474 2186143705855 459256713489
intel_hsw_cbo 1/9 20971793 20972340 20975390 20972852 16470065205301 703118626533 2889290815271 425126314844
intel_hsw_cbo 1/5 20971793 20972340 20975390 20972852 18240305981851 755615450108 2550384950473 460347405804
intel_hsw_cbo 1/8 20971793 20972340 20975390 20972852 14878345579246 704156430942 2292668982133 425163796612
intel_hsw_cbo 1/2 20971793 20972340 20975390 20972852 15596904748919 757578056242 1978480115769 460053615821
intel_hsw_hau ff/12.5 20972289 20974593 20971520 20975386 6176378871764 1750582571085 101143173807460 1754536750904
intel_hsw_hau 7f/12.1 20972289 20974593 20971520 20975386 5027045076307 1604370392597 94476308920818 1609385655499
intel_hsw_hau ff/12.1 20972289 20974593 20971520 20975386 7034383016492 2231948352686 101143173861161 2238355812008
intel_hsw_hau 7f/12.5 20972289 20974593 20971520 20975386 4715348327948 1477743492685 94476309952833 1481225898775
intel_hsw_imc ff/14.1 20972292 20974596 20974337 20971778 3074180441176 880117052662 3147344019625 1747047120609 0
intel_hsw_imc ff/14.0 20972292 20974596 20974337 20971778 3940264018868 1366669164453 3488157723093 1517047518661 0
intel_hsw_imc 7f/17.1 20972292 20974596 20974337 20971778 2350930753536 743202090765 2472882901410 1335616450836 0
intel_hsw_imc 7f/17.0 20972292 20974596 20974337 20971778 2349304616319 743012981476 2471968962385 1343166324639 0
intel_hsw_imc 7f/14.0 20972292 20974596 20974337 20971778 2661845840927 873677917732 2563180006538 1079843782235 0
intel_hsw_imc 7f/14.1 20972292 20974596 20974337 20971778 2346367024930 742991990696 2455221706654 1324362237039 0
intel_hsw_imc ff/17.0 20972292 20974596 20974337 20971778 3076912632264 880232738523 3171537513977 1772612418693 0
intel_hsw_imc ff/17.1 20972292 20974596 20974337 20971778 3077945839300 880111020551 3170098720863 1759684243225 0
intel_hsw_qpi ff/08.2 6291712 6292480 6293506 6292483 3870693107176 2705945980538 10671416311808 0
intel_hsw_qpi 7f/08.2 6291712 6292480 6293506 6292483 2703023823992 3874075634868 13749871666558 0
intel_hsw_qpi 7f/09.2 6291712 6292480 6293506 6292483 2703688256855 3873863183597 12564552593176 0
intel_hsw_qpi ff/09.2 6291712 6292480 6293506 6292483 3870715888503 2705448734547 11692796508328 0
intel_hsw_r2pci 7f/10.1 20972580 20975369 20975367 20975368 4607310680 24788479063053 26841819870624 31409499119102
intel_hsw_r2pci ff/10.1 20972580 20975369 20975367 20975368 46766990 23510742501233 26238782754713 29814489746576
mem 1 82566752 31495820 51070932 11373548 38955688 140 0 50249356 12971784 79940 37500 0 0 440764 0 0 0
mem 0 82341048 8916976 73424072 16923060 54378424 172 0 70775816 43677756 528860 126072 0 0 635148 28672 0 0
net enp6s0f0 0 0 0 0 0 0 0 0 0 0 0 0 0 0 6536 0 0 0 0 0 0 92 0
net vnet40 0 0 51190 0 0 0 0 0 0 0 0 0 282 0 48846 0 0 0 0 0 0 274 0
net enp1s0f0 0 1318146 77977783826 0 0 0 0 371 0 0 371 0 80954312 0 1597019641 0 0 0 0 0 0 9054814 0
net lo 0 0 59933988 0 0 0 0 0 0 0 0 0 476741 0 59933988 0 0 0 0 0 0 476741 0
net vnet20 0 0 11512096 0 0 0 0 0 0 0 0 0 81574 0 1150440511 0 0 0 0 0 0 134415 0
net vnet23 0 0 8310087 0 0 0 0 0 0 0 0 0 65720 0 495992879 0 0 0 0 0 0 89988 0
net vnet21 0 0 11159818 0 0 0 0 0 0 0 0 0 77652 0 1150433068 0 0 0 0 0 0 131292 0
net vnet37 0 0 225707 0 0 0 0 0 0 0 0 0 1454 0 5981839 0 0 0 0 0 0 2168 0
net vnet24 0 0 582459 0 0 0 0 0 0 0 0 0 7099 0 80581697 0 0 0 0 0 0 18242 0
net vnet38 0 0 437503 0 0 0 0 0 0 0 0 0 4162 0 64615940 0 0 0 0 0 0 7107 0
net virbr0 0 1268 375563260 0 0 0 0 0 0 0 0 0 4997143 0 70408399920 0 0 0 0 0 0 7220596 0
numa 1 2582789364 18927329 1008175 29040 1602696941 998585922
numa 0 2098236183 1008175 18927329 28452 1129215952 969769173
ps - 829938557 1528788 332 254 234 2 803
sysv_shm - 0 0
tmpfs /run/lock 0 6
tmpfs /run 2281472 1160
tmpfs /run/user/20029 4096 44
tmpfs /run/qemu 0 1
tmpfs /dev/shm 70441340928 271026
vfs - 298269 173545 309448
vm - 14 28217112 1310744342 520728 2496526 4695969573 4708250432 86240100 21487430 4401703405 76582 0 0 0 0 0 2714357 0 1121522 2855 0 2495195 84 0 34 0 0

1764549289.316184 0 node12.dhkim-278716.ldos-ut-pg0.wisc.cloudlab.us
block sda 416399 407051 56422174 9193461 5511458 14723495 2621489421 238263662 2 16947588 251564483
block sdb 2600 0 7504 3491 4 0 0 0 0 4228 3491
block sdc 990 0 7993 259 4 0 0 0 0 956 260
cpu 11 3367062 2 177735 24589740 166758 0 2091
cpu 10 3503516 13 158961 24538725 111054 0 1081
cpu 13 3206592 0 135507 24902188 55492 0 307
cpu 12 3269817 2 151782 24781265 100293 0 811
cpu 15 2953779 0 142094 25124131 73947 0 588
cpu 14 2917778 1 134189 25191681 51679 0 262
cpu 17 3047800 10 138929 25040215 67520 0 402
cpu 16 3005948 0 160499 24978941 144794 0 1477
cpu 19 3028032 0 164746 24974419 122273 0 1145
cpu 18 3154634 2 142528 24946297 51984 0 367
cpu 1 3268398 12 128602 24915784 58678 0 3017
cpu 0 3249619 2 131882 24858861 60555 0 916
cpu 3 3053053 2 128294 25143228 59705 0 1789
cpu 2 2958950 1 147534 25193471 81780 0 1198
cpu 5 2907422 0 137628 25249380 89534 0 3074
cpu 4 2823065 1 164083 25220814 168823 0 7286
cpu 7 3439718 0 136983 24766535 47581 0 876
cpu 6 3210640 1 126230 24991886 59805 0 2390
cpu 9 3013283 2 129146 25195261 51815 0 486
cpu 8 3148806 81 138018 25013306 53201 0 9398
intel_hsw_cbo 1/7 20971793 20972340 20975390 20972852 17214840080359 757465669050 2563797967071 459798891507
intel_hsw_cbo 1/6 20971793 20972340 20975390 20972852 16500586099294 758870790521 2417830612491 460118396177
intel_hsw_cbo 1/0 20971793 20972340 20975390 20972852 15916269673622 757193140074 2232597266133 459949251903
intel_hsw_cbo 1/4 20971793 20972340 20975390 20972852 16233825140260 759823843543 2041415645144 459905729805
intel_hsw_cbo 1/3 20971793 20972340 20975390 20972852 18865040673701 757980961358 2839770393162 459980421959
intel_hsw_cbo 1/1 20971793 20972340 20975390 20972852 16105374576456 758859850088 2351477821286 459896809863
intel_hsw_cbo 0/8 20971793 20972340 20975390 20972852 15096843738991 693896112358 2118127918100 424186880321
intel_hsw_cbo 0/9 20971793 20972340 20975390 20972852 16734661125231 692962098471 2722216609986 424213260312
intel_hsw_cbo 0/6 20971793 20972340 20975390 20972852 16651933827703 747581424796 2232428058576 459309835727
intel_hsw_cbo 0/7 20971793 20972340 20975390 20972852 18038231286433 747558325351 2425842483783 459144885210
intel_hsw_cbo 0/4 20971793 20972340 20975390 20972852 16409866913597 748643070169 2038104500920 459226036613
intel_hsw_cbo 0/5 20971793 20972340 20975390 20972852 20056319034906 744891800007 2447045397252 459463045927
intel_hsw_cbo 0/2 20971793 20972340 20975390 20972852 15958937568321 746734498903 1991335362816 459144097727
intel_hsw_cbo 0/3 20971793 20972340 20975390 20972852 20734178946933 746397493372 2742025725026 459202531496
intel_hsw_cbo 0/0 20971793 20972340 20975390 20972852 16360219844835 746891691796 2224906542627 459600265466
intel_hsw_cbo 0/1 20971793 20972340 20975390 20972852 16770045738593 747692599702 2186144491743 459257592925
intel_hsw_cbo 1/9 20971793 20972340 20975390 20972852 16470066086706 703118847200 2889290970477 425126395414
intel_hsw_cbo 1/5 20971793 20972340 20975390 20972852 18240306892741 755615683253 2550385101062 460347490347
intel_hsw_cbo 1/8 20971793 20972340 20975390 20972852 14878346408521 704156654905 2292669085160 425163877459
intel_hsw_cbo 1/2 20971793 20972340 20975390 20972852 15596905564948 757578293944 1978480316413 460053699010
intel_hsw_hau ff/12.5 20972289 20974593 20971520 20975386 6176379369733 1750582675879 101145064843412 1754536860071
intel_hsw_hau 7f/12.1 20972289 20974593 20971520 20975386 5027048253440 1604371755125 94478295990760 1609387028109
intel_hsw_hau ff/12.1 20972289 20974593 20971520 20975386 7034384148790 2231948679119 101145064862825 2238356148628
intel_hsw_hau 7f/12.5 20972289 20974593 20971520 20975386 4715350723346 1477744574013 94478297058141 1481226981208
intel_hsw_imc ff/14.1 20972292 20974596 20974337 20971778 3074180688058 880117106835 3147344126805 1747047131364 0
intel_hsw_imc ff/14.0 20972292 20974596 20974337 20971778 3940264913222 1366669459414 3488157937133 1517047549202 0
intel_hsw_imc 7f/17.1 20972292 20974596 20974337 20971778 2350931952174 743202632548 2472883946124 1335616655344 0
intel_hsw_imc 7f/17.0 20972292 20974596 20974337 20971778 2349305866561 743013574657 2471970058564 1343166532300 0
intel_hsw_imc 7f/14.0 20972292 20974596 20974337 20971778 2661847891699 873678824525 2563181413044 1079843992897 0
intel_hsw_imc 7f/14.1 20972292 20974596 20974337 20971778 2346368224426 742992532666 2455222750411 1324362441615 0
intel_hsw_imc ff/17.0 20972292 20974596 20974337 20971778 3076912879662 880232792972 3171537621334 1772612429313 0
intel_hsw_imc ff/17.1 20972292 20974596 20974337 20971778 3077946096635 880111084016 3170098837922 1759684254124 0
intel_hsw_qpi ff/08.2 6291712 6292480 6293506 6292483 3870693852546 2705949052455 10671416986472 0
intel_hsw_qpi 7f/08.2 6291712 6292480 6293506 6292483 2703026895259 3874076378263 13749872525590 0
intel_hsw_qpi 7f/09.2 6291712 6292480 6293506 6292483 2703691328736 3873863928992 12564553235968 0
intel_hsw_qpi ff/09.2 6291712 6292480 6293506 6292483 3870716631874 2705451805814 11692797478920 0
intel_hsw_r2pci 7f/10.1 20972580 20975369 20975367 20975368 4607364892 24788513316976 26841851789209 31409530562759
intel_hsw_r2pci ff/10.1 20972580 20975369 20975367 20975368 46767190 23510747994344 26238794417758 29814502044513
mem 1 82566752 31495824 51070928 11373560 38955568 152 0 50249352 12971784 79848 37484 0 0 440860 0 0 0
mem 0 82341048 8914960 73426088 16923072 54378968 188 0 70776204 43678180 529040 126148 0 0 635140 28672 0 0
net enp6s0f0 0 0 0 0 0 0 0 0 0 0 0 0 0 0 6536 0 0 0 0 0 0 92 0
net vnet40 0 0 51190 0 0 0 0 0 0 0 0 0 282 0 48898 0 0 0 0 0 0 275 0
net enp1s0f0 0 1318149 77977789043 0 0 0 0 371 0 0 371 0 80954391 0 1597020352 0 0 0 0 0 0 9054819 0
net lo 0 0 59934533 0 0 0 0 0 0 0 0 0 476745 0 59934533 0 0 0 0 0 0 476745 0
net vnet20 0 0 11512096 0 0 0 0 0 0 0 0 0 81574 0 1150440563 0 0 0 0 0 0 134416 0
net vnet23 0 0 8310087 0 0 0 0 0 0 0 0 0 65720 0 495992931 0 0 0 0 0 0 89989 0
net vnet21 0 0 11159818 0 0 0 0 0 0 0 0 0 77652 0 1150433120 0 0 0 0 0 0 131293 0
net vnet37 0 0 225707 0 0 0 0 0 0 0 0 0 1454 0 5981891 0 0 0 0 0 0 2169 0
net vnet24 0 0 582459 0 0 0 0 0 0 0 0 0 7099 0 80581749 0 0 0 0 0 0 18243 0
net vnet38 0 0 437503 0 0 0 0 0 0 0 0 0 4162 0 64615992 0 0 0 0 0 0 7108 0
net virbr0 0 1268 375563260 0 0 0 0 0 0 0 0 0 4997143 0 70408399920 0 0 0 0 0 0 7220596 0
numa 1 2582790447 18927329 1008175 29040 1602698024 998585922
numa 0 2098237692 1008175 18927329 28452 1129217461 969769173
ps - 829949578 1528799 322 253 233 2 803
sysv_shm - 0 0
tmpfs /run/lock 0 6
tmpfs /run 2281472 1160
tmpfs /run/user/20029 4096 44
tmpfs /run/qemu 0 1
tmpfs /dev/shm 70441312256 271026
vfs - 298269 173545 309456
vm - 14 28218591 1310744718 520728 2496526 4695972165 4708252908 86240102 21487430 4401705701 76582 0 0 0 0 0 2714357 0 1121522 2855 0 2495195 84 0 34 0 0

1764549290.350507 0 node12.dhkim-278716.ldos-ut-pg0.wisc.cloudlab.us
block sda 416736 407051 56430519 9193604 5511460 14723495 2621489437 238263677 1 16948036 251564641
block sdb 2600 0 7504 3491 4 0 0 0 0 4228 3491
block sdc 990 0 7993 259 4 0 0 0 0 956 260
cpu 11 3367062 2 177736 24589841 166758 0 2091
cpu 10 3503516 13 158962 24538827 111054 0 1081
cpu 13 3206592 0 135507 24902291 55492 0 307
cpu 12 3269820 2 151782 24781367 100293 0 811
cpu 15 2953779 0 142094 25124233 73947 0 588
cpu 14 2917778 1 134189 25191784 51679 0 262
cpu 17 3047800 10 138929 25040318 67520 0 402
cpu 16 3005949 0 160500 24979043 144794 0 1477
cpu 19 3028032 0 164747 24974522 122273 0 1145
cpu 18 3154635 2 142528 24946399 51984 0 367
cpu 1 3268401 12 128604 24915879 58680 0 3017
cpu 0 3249658 2 131887 24858919 60556 0 916
cpu 3 3053055 2 128296 25143324 59706 0 1789
cpu 2 2958952 1 147534 25193569 81781 0 1198
cpu 5 2907424 0 137629 25249477 89537 0 3074
cpu 4 2823068 1 164088 25220907 168826 0 7286
cpu 7 3439737 0 136989 24766611 47584 0 876
cpu 6 3210654 1 126232 24991969 59805 0 2390
cpu 9 3013283 2 129146 25195364 51815 0 486
cpu 8 3148806 81 138018 25013409 53201 0 9398
intel_hsw_cbo 1/7 20971793 20972340 20975390 20972852 17214841133923 757465918900 2563798058412 459798976795
intel_hsw_cbo 1/6 20971793 20972340 20975390 20972852 16500587099959 758871034140 2417830693431 460118480384
intel_hsw_cbo 1/0 20971793 20972340 20975390 20972852 15916270712669 757193389830 2232597593807 459949337914
intel_hsw_cbo 1/4 20971793 20972340 20975390 20972852 16233826096819 759824096184 2041415973433 459905817184
intel_hsw_cbo 1/3 20971793 20972340 20975390 20972852 18865041779492 757981207623 2839770530418 459980505749
intel_hsw_cbo 1/1 20971793 20972340 20975390 20972852 16105375558764 758860100282 2351477933491 459896896583
intel_hsw_cbo 0/8 20971793 20972340 20975390 20972852 15096849354510 693897911800 2118128766458 424187530394
intel_hsw_cbo 0/9 20971793 20972340 20975390 20972852 16734666509344 692963886652 2722217295398 424213926467
intel_hsw_cbo 0/6 20971793 20972340 20975390 20972852 16651939016312 747583373175 2232428863569 459310539197
intel_hsw_cbo 0/7 20971793 20972340 20975390 20972852 18038236118602 747560223047 2425843046464 459145589430
intel_hsw_cbo 0/4 20971793 20972340 20975390 20972852 16409872087357 748644972074 2038105479515 459226747557
intel_hsw_cbo 0/5 20971793 20972340 20975390 20972852 20056324254785 744893690350 2447046030286 459463747311
intel_hsw_cbo 0/2 20971793 20972340 20975390 20972852 15958942917691 746736440223 1991336402367 459144802488
intel_hsw_cbo 0/3 20971793 20972340 20975390 20972852 20734184722062 746399457775 2742026541989 459203249176
intel_hsw_cbo 0/0 20971793 20972340 20975390 20972852 16360225109162 746893634266 2224907668430 459600986572
intel_hsw_cbo 0/1 20971793 20972340 20975390 20972852 16770050848377 747694530495 2186145411910 459258305450
intel_hsw_cbo 1/9 20971793 20972340 20975390 20972852 16470067110487 703119077963 2889291099848 425126477804
intel_hsw_cbo 1/5 20971793 20972340 20975390 20972852 18240307907799 755615929395 2550385200222 460347577388
intel_hsw_cbo 1/8 20971793 20972340 20975390 20972852 14878347401082 704156889118 2292669172142 425163960186
intel_hsw_cbo 1/2 20971793 20972340 20975390 20972852 15596906596645 757578544596 1978480657561 460053784071
intel_hsw_hau ff/12.5 20972289 20974593 20971520 20975386 6176379860343 1750582785433 101146869716766 1754536974447
intel_hsw_hau 7f/12.1 20972289 20974593 20971520 20975386 5027051015263 1604373005304 94480178139974 1609388289668
intel_hsw_hau ff/12.1 20972289 20974593 20971520 20975386 7034385286313 2231949012975 101146869763757 2238356493647
intel_hsw_hau 7f/12.5 20972289 20974593 20971520 20975386 4715352791096 1477745566333 94480179179577 1481227974733
intel_hsw_imc ff/14.1 20972292 20974596 20974337 20971778 3074180932235 880117163645 3147344234601 1747047142438 0
intel_hsw_imc ff/14.0 20972292 20974596 20974337 20971778 3940265818332 1366669760851 3488158158779 1517047582088 0
intel_hsw_imc 7f/17.1 20972292 20974596 20974337 20971778 2350932986755 743203129317 2472884808142 1335616850023 0
intel_hsw_imc 7f/17.0 20972292 20974596 20974337 20971778 2349306951469 743014122388 2471970970391 1343166728454 0
intel_hsw_imc 7f/14.0 20972292 20974596 20974337 20971778 2661849689552 873679663847 2563182567237 1079844188125 0
intel_hsw_imc 7f/14.1 20972292 20974596 20974337 20971778 2346369258786 742993029029 2455223605772 1324362635992 0
intel_hsw_imc ff/17.0 20972292 20974596 20974337 20971778 3076913123962 880232850022 3171537729192 1772612440631 0
intel_hsw_imc ff/17.1 20972292 20974596 20974337 20971778 3077946352392 880111150465 3170098956383 1759684265725 0
intel_hsw_qpi ff/08.2 6291712 6292480 6293506 6292483 3870694610759 2705951815185 10671417666136 0
intel_hsw_qpi 7f/08.2 6291712 6292480 6293506 6292483 2703029656347 3874077136829 13749873387526 0
intel_hsw_qpi 7f/09.2 6291712 6292480 6293506 6292483 2703694091346 3873864687227 12564553893608 0
intel_hsw_qpi ff/09.2 6291712 6292480 6293506 6292483 3870717390371 2705454566983 11692798460816 0
intel_hsw_r2pci 7f/10.1 20972580 20975369 20975367 20975368 4607506064 24788534540039 26841863523528 31409552434606
intel_hsw_r2pci ff/10.1 20972580 20975369 20975367 20975368 46767338 23510753801910 26238805371837 29814513987658
mem 1 82566752 31495320 51071432 11373580 38955648 112 0 50249368 12971784 79944 37392 0 0 440852 0 0 0
mem 0 82341048 8913196 73427852 16923104 54379316 132 0 70776900 43679020 528720 126076 0 0 635156 28672 0 0
net enp6s0f0 0 0 0 0 0 0 0 0 0 0 0 0 0 0 6536 0 0 0 0 0 0 92 0
net vnet40 0 0 51190 0 0 0 0 0 0 0 0 0 282 0 48950 0 0 0 0 0 0 276 0
net enp1s0f0 0 1318153 77977794200 0 0 0 0 371 0 0 371 0 80954469 0 1597021063 0 0 0 0 0 0 9054824 0
net lo 0 0 59935078 0 0 0 0 0 0 0 0 0 476749 0 59935078 0 0 0 0 0 0 476749 0
net vnet20 0 0 11512096 0 0 0 0 0 0 0 0 0 81574 0 1150440615 0 0 0 0 0 0 134417 0
net vnet23 0 0 8310087 0 0 0 0 0 0 0 0 0 65720 0 495992983 0 0 0 0 0 0 89990 0
net vnet21 0 0 11159818 0 0 0 0 0 0 0 0 0 77652 0 1150433172 0 0 0 0 0 0 131294 0
net vnet37 0 0 225707 0 0 0 0 0 0 0 0 0 1454 0 5981943 0 0 0 0 0 0 2170 0
net vnet24 0 0 582459 0 0 0 0 0 0 0 0 0 7099 0 80581801 0 0 0 0 0 0 18244 0
net vnet38 0 0 437503 0 0 0 0 0 0 0 0 0 4162 0 64616044 0 0 0 0 0 0 7109 0
net virbr0 0 1268 375563260 0 0 0 0 0 0 0 0 0 4997143 0 70408399920 0 0 0 0 0 0 7220596 0
numa 1 2582791696 18927329 1008175 29040 1602699273 998585922
numa 0 2098239989 1008175 18927329 28452 1129219758 969769173
ps - 829961417 1528810 322 253 233 2 803
sysv_shm - 0 0
tmpfs /run/lock 0 6
tmpfs /run 2281472 1160
tmpfs /run/user/20029 4096 44
tmpfs /run/qemu 0 1
tmpfs /dev/shm 70441345024 271026
vfs - 298269 173545 309459
vm - 14 28222815 1310744718 520728 2496526 4695975710 4708256189 86240109 21487430 4401708075 76582 0 0 0 0 0 2714357 0 1121522 2855 0 2495195 84 0 34 0 0

1764549291.388267 0 node12.dhkim-278716.ldos-ut-pg0.wisc.cloudlab.us
block sda 417039 407056 56447846 9194159 5511464 14723495 2621489485 238263693 0 16948808 251565212
block sdb 2600 0 7504 3491 4 0 0 0 0 4228 3491
block sdc 990 0 7993 259 4 0 0 0 0 956 260
cpu 11 3367062 2 177736 24589943 166758 0 2091
cpu 10 3503516 13 158962 24538931 111054 0 1081
cpu 13 3206593 0 135507 24902393 55492 0 307
cpu 12 3269822 2 151783 24781468 100293 0 811
cpu 15 2953780 0 142095 25124335 73947 0 588
cpu 14 2917778 1 134189 25191887 51679 0 262
cpu 17 3047800 10 138930 25040421 67520 0 402
cpu 16 3005949 0 160502 24979145 144794 0 1477
cpu 19 3028032 0 164748 24974624 122273 0 1145
cpu 18 3154635 2 142528 24946502 51984 0 367
cpu 1 3268419 12 128606 24915955 58685 0 3018
cpu 0 3249676 2 131892 24858987 60569 0 917
cpu 3 3053083 2 128296 25143389 59716 0 1789
cpu 2 2958978 1 147535 25193641 81784 0 1198
cpu 5 2907437 0 137629 25249559 89545 0 3074
cpu 4 2823078 1 164089 25220995 168830 0 7286
cpu 7 3439753 0 136990 24766700 47585 0 876
cpu 6 3210666 1 126232 24992053 59812 0 2390
cpu 9 3013283 2 129146 25195466 51815 0 486
cpu 8 3148806 81 138018 25013513 53201 0 9398
intel_hsw_cbo 1/7 20971793 20972340 20975390 20972852 17214842305428 757466175952 2563798150220 459799066588
intel_hsw_cbo 1/6 20971793 20972340 20975390 20972852 16500588240712 758871285115 2417830826992 460118569092
intel_hsw_cbo 1/0 20971793 20972340 20975390 20972852 15916271705526 757193646226 2232597952232 459949426726
intel_hsw_cbo 1/4 20971793 20972340 20975390 20972852 16233827247185 759824356538 2041416408216 459905905957
intel_hsw_cbo 1/3 20971793 20972340 20975390 20972852 18865043088940 757981460680 2839770691802 459980594259
intel_hsw_cbo 1/1 20971793 20972340 20975390 20972852 16105376617698 758860357557 2351478030242 459896986163
intel_hsw_cbo 0/8 20971793 20972340 20975390 20972852 15096877325817 693899309931 2118129841648 424188042017
intel_hsw_cbo 0/9 20971793 20972340 20975390 20972852 16734721850048 692965258720 2722217819904 424214444808
intel_hsw_cbo 0/6 20971793 20972340 20975390 20972852 16651954126698 747584878017 2232429839207 459311083696
intel_hsw_cbo 0/7 20971793 20972340 20975390 20972852 18038273252549 747561702979 2425843324475 459146141455
intel_hsw_cbo 0/4 20971793 20972340 20975390 20972852 16409887820753 748646442528 2038107014638 459227302973
intel_hsw_cbo 0/5 20971793 20972340 20975390 20972852 20056350662609 744895163553 2447046334795 459464305931
intel_hsw_cbo 0/2 20971793 20972340 20975390 20972852 15958955892949 746737954498 1991338036607 459145354787
intel_hsw_cbo 0/3 20971793 20972340 20975390 20972852 20734217509730 746400962136 2742027116815 459203803147
intel_hsw_cbo 0/0 20971793 20972340 20975390 20972852 16360232339029 746895140761 2224909382095 459601558443
intel_hsw_cbo 0/1 20971793 20972340 20975390 20972852 16770065500047 747696011185 2186146610230 459258869495
intel_hsw_cbo 1/9 20971793 20972340 20975390 20972852 16470068329815 703119316150 2889291242453 425126563981
intel_hsw_cbo 1/5 20971793 20972340 20975390 20972852 18240309178151 755616182424 2550385297910 460347667061
intel_hsw_cbo 1/8 20971793 20972340 20975390 20972852 14878348583313 704157130665 2292669266387 425164045970
intel_hsw_cbo 1/2 20971793 20972340 20975390 20972852 15596907710750 757578802675 1978481057996 460053873066
intel_hsw_hau ff/12.5 20972289 20974593 20971520 20975386 6176380354025 1750582889554 101148285605620 1754537083172
intel_hsw_hau 7f/12.1 20972289 20974593 20971520 20975386 5027053884575 1604374268616 94481646755768 1609389562848
intel_hsw_hau ff/12.1 20972289 20974593 20971520 20975386 7034386418563 2231949340271 101148285658481 2238356830648
intel_hsw_hau 7f/12.5 20972289 20974593 20971520 20975386 4715354946144 1477746552534 94481647793799 1481228962043
intel_hsw_imc ff/14.1 20972292 20974596 20974337 20971778 3074181175638 880117217383 3147344340596 1747047152552 0
intel_hsw_imc ff/14.0 20972292 20974596 20974337 20971778 3940266714031 1366670056792 3488158375034 1517047612379 0
intel_hsw_imc 7f/17.1 20972292 20974596 20974337 20971778 2350934064011 743203623079 2472885675600 1335617037003 0
intel_hsw_imc 7f/17.0 20972292 20974596 20974337 20971778 2349308072662 743014659290 2471971881114 1343166917360 0
intel_hsw_imc 7f/14.0 20972292 20974596 20974337 20971778 2661851541400 873680506366 2563183748407 1079844380498 0
intel_hsw_imc 7f/14.1 20972292 20974596 20974337 20971778 2346370336419 742993522711 2455224471783 1324362822284 0
intel_hsw_imc ff/17.0 20972292 20974596 20974337 20971778 3076913368104 880232904196 3171537835822 1772612450915 0
intel_hsw_imc ff/17.1 20972292 20974596 20974337 20971778 3077946607021 880111213942 3170099073383 1759684276272 0
intel_hsw_qpi ff/08.2 6291712 6292480 6293506 6292483 3870695384490 2705954628541 10671418365280 0
intel_hsw_qpi 7f/08.2 6291712 6292480 6293506 6292483 2703032467715 3874077909337 13749874222686 0
intel_hsw_qpi 7f/09.2 6291712 6292480 6293506 6292483 2703696904732 3873865460973 12564554547760 0
intel_hsw_qpi ff/09.2 6291712 6292480 6293506 6292483 3870718162838 2705457378301 11692799482936 0
intel_hsw_r2pci 7f/10.1 20972580 20975369 20975367 20975368 4607790678 24788568583820 26841889003029 31409585956946
intel_hsw_r2pci ff/10.1 20972580 20975369 20975367 20975368 46767500 23510760042014 26238817164705 29814526301562
mem 1 82566752 31495640 51071112 11373588 38956628 120 0 50249376 12971784 80976 37548 0 0 440956 0 0 0
mem 0 82341048 8912440 73428608 16923176 54379304 172 0 70777540 43679408 528092 126176 0 0 635172 28672 0 0
net enp6s0f0 0 0 0 0 0 0 0 0 0 0 0 0 0 0 6536 0 0 0 0 0 0 92 0
net vnet40 0 0 51190 0 0 0 0 0 0 0 0 0 282 0 48950 0 0 0 0 0 0 276 0
net enp1s0f0 0 1318156 77977800419 0 0 0 0 371 0 0 371 0 80954554 0 1597021774 0 0 0 0 0 0 9054829 0
net lo 0 0 59935623 0 0 0 0 0 0 0 0 0 476753 0 59935623 0 0 0 0 0 0 476753 0
net vnet20 0 0 11512096 0 0 0 0 0 0 0 0 0 81574 0 1150440615 0 0 0 0 0 0 134417 0
net vnet23 0 0 8310087 0 0 0 0 0 0 0 0 0 65720 0 495992983 0 0 0 0 0 0 89990 0
net vnet21 0 0 11159818 0 0 0 0 0 0 0 0 0 77652 0 1150433172 0 0 0 0 0 0 131294 0
net vnet37 0 0 225707 0 0 0 0 0 0 0 0 0 1454 0 5981943 0 0 0 0 0 0 2170 0
net vnet24 0 0 582459 0 0 0 0 0 0 0 0 0 7099 0 80581801 0 0 0 0 0 0 18244 0
net vnet38 0 0 437503 0 0 0 0 0 0 0 0 0 4162 0 64616044 0 0 0 0 0 0 7109 0
net virbr0 0 1268 375563260 0 0 0 0 0 0 0 0 0 4997143 0 70408399920 0 0 0 0 0 0 7220596 0
numa 1 2582793122 18927329 1008175 29040 1602700699 998585922
numa 0 2098241719 1008175 18927329 28452 1129221488 969769173
ps - 829968779 1528821 322 253 233 2 803
sysv_shm - 0 0
tmpfs /run/lock 0 6
tmpfs /run 2281472 1160
tmpfs /run/user/20029 4096 44
tmpfs /run/qemu 0 1
tmpfs /dev/shm 70441345024 271026
vfs - 298269 173505 309459
vm - 14 28231427 1310744742 520728 2496526 4695978867 4708259228 86240110 21487430 4401710279 76582 0 0 0 0 0 2714357 0 1121522 2855 0 2495195 84 0 34 0 0

1764549292.421824 0 node12.dhkim-278716.ldos-ut-pg0.wisc.cloudlab.us
block sda 417096 407057 56453846 9194270 5511502 14723495 2621489917 238263981 0 16949048 251565618
block sdb 2600 0 7504 3491 4 0 0 0 0 4228 3491
block sdc 990 0 7993 259 4 0 0 0 0 956 260
cpu 11 3367062 2 177737 24590046 166758 0 2091
cpu 10 3503516 13 158962 24539033 111054 0 1081
cpu 13 3206593 0 135507 24902495 55492 0 307
cpu 12 3269824 2 151783 24781570 100293 0 811
cpu 15 2953780 0 142095 25124438 73947 0 588
cpu 14 2917779 1 134189 25191990 51679 0 262
cpu 17 3047800 10 138930 25040523 67520 0 402
cpu 16 3005949 0 160502 24979247 144794 0 1477
cpu 19 3028032 0 164749 24974726 122273 0 1145
cpu 18 3154636 2 142529 24946604 51984 0 367
cpu 1 3268430 12 128606 24916042 58688 0 3018
cpu 0 3249688 2 131893 24859069 60576 0 917
cpu 3 3053105 2 128296 25143466 59719 0 1789
cpu 2 2959070 1 147536 25193651 81784 0 1198
cpu 5 2907438 0 137629 25249656 89549 0 3074
cpu 4 2823078 1 164089 25221093 168835 0 7286
cpu 7 3439754 0 136990 24766798 47587 0 876
cpu 6 3210668 1 126232 24992145 59821 0 2390
cpu 9 3013283 2 129146 25195569 51815 0 486
cpu 8 3148806 81 138018 25013616 53201 0 9398
intel_hsw_cbo 1/7 20971793 20972340 20975390 20972852 17214843206192 757466423383 2563798336100 459799153832
intel_hsw_cbo 1/6 20971793 20972340 20975390 20972852 16500589136000 758871524716 2417830958543 460118656307
intel_hsw_cbo 1/0 20971793 20972340 20975390 20972852 15916272571054 757193892875 2232598101188 459949512846
intel_hsw_cbo 1/4 20971793 20972340 20975390 20972852 16233828131945 759824606284 2041416570807 459905992719
intel_hsw_cbo 1/3 20971793 20972340 20975390 20972852 18865044021991 757981703066 2839770926947 459980680557
intel_hsw_cbo 1/1 20971793 20972340 20975390 20972852 16105377519701 758860604528 2351478114027 459897072460
intel_hsw_cbo 0/8 20971793 20972340 20975390 20972852 15096905446796 693900623371 2118130060704 424190043945
intel_hsw_cbo 0/9 20971793 20972340 20975390 20972852 16734766975527 692966561436 2722219318544 424216453412
intel_hsw_cbo 0/6 20971793 20972340 20975390 20972852 16651971978310 747586304862 2232431181686 459313247721
intel_hsw_cbo 0/7 20971793 20972340 20975390 20972852 18038297543685 747563104145 2425843561754 459148308251
intel_hsw_cbo 0/4 20971793 20972340 20975390 20972852 16409907952160 748647837806 2038118191215 459229462033
intel_hsw_cbo 0/5 20971793 20972340 20975390 20972852 20056372382273 744896546324 2447046599930 459466466250
intel_hsw_cbo 0/2 20971793 20972340 20975390 20972852 15958981928717 746739366197 1991348006722 459147515450
intel_hsw_cbo 0/3 20971793 20972340 20975390 20972852 20734240687361 746402368544 2742028657223 459205968791
intel_hsw_cbo 0/0 20971793 20972340 20975390 20972852 16360249753697 746896560793 2224918158593 459603728121
intel_hsw_cbo 0/1 20971793 20972340 20975390 20972852 16770084493882 747697411019 2186146865484 459261034400
intel_hsw_cbo 1/9 20971793 20972340 20975390 20972852 16470069274805 703119545151 2889291433784 425126647203
intel_hsw_cbo 1/5 20971793 20972340 20975390 20972852 18240310153757 755616425296 2550385503833 460347754477
intel_hsw_cbo 1/8 20971793 20972340 20975390 20972852 14878349431997 704157362463 2292669358404 425164128800
intel_hsw_cbo 1/2 20971793 20972340 20975390 20972852 15596908595106 757579050560 1978481201323 460053960108
intel_hsw_hau ff/12.5 20972289 20974593 20971520 20975386 6176380867133 1750583012283 101150552839746 1754537208731
intel_hsw_hau 7f/12.1 20972289 20974593 20971520 20975386 5027064326729 1604384564348 94484012314934 1609399866874
intel_hsw_hau ff/12.1 20972289 20974593 20971520 20975386 7034387585491 2231949695093 101150552845575 2238357193402
intel_hsw_hau 7f/12.5 20972289 20974593 20971520 20975386 4715363253189 1477754969193 94484013395923 1481237379490
intel_hsw_imc ff/14.1 20972292 20974596 20974337 20971778 3074181430036 880117280174 3147344457094 1747047165253 0
intel_hsw_imc ff/14.0 20972292 20974596 20974337 20971778 3940267635318 1366670368561 3488158605992 1517047648293 0
intel_hsw_imc 7f/17.1 20972292 20974596 20974337 20971778 2350938230525 743207841194 2472891146688 1335618380518 0
intel_hsw_imc 7f/17.0 20972292 20974596 20974337 20971778 2349312289630 743018929361 2471977411469 1343168265445 0
intel_hsw_imc 7f/14.0 20972292 20974596 20974337 20971778 2661857915821 873686688663 2563190717832 1079846028000 0
intel_hsw_imc 7f/14.1 20972292 20974596 20974337 20971778 2346374501464 742997740935 2455229947872 1324364161702 0
intel_hsw_imc ff/17.0 20972292 20974596 20974337 20971778 3076913623434 880232967051 3171537953785 1772612463765 0
intel_hsw_imc ff/17.1 20972292 20974596 20974337 20971778 3077946871452 880111284900 3170099199696 1759684289600 0
intel_hsw_qpi ff/08.2 6291712 6292480 6293506 6292483 3870696158533 2705967978152 10671419050896 0
intel_hsw_qpi 7f/08.2 6291712 6292480 6293506 6292483 2703045811378 3874078682013 13749875097710 0
intel_hsw_qpi 7f/09.2 6291712 6292480 6293506 6292483 2703710253723 3873866235029 12564555203272 0
intel_hsw_qpi ff/09.2 6291712 6292480 6293506 6292483 3870718935490 2705470724251 11692800462320 0
intel_hsw_r2pci 7f/10.1 20972580 20975369 20975367 20975368 4607893286 24788647666517 26841981883708 31409671991503
intel_hsw_r2pci ff/10.1 20972580 20975369 20975367 20975368 46767648 23510765718628 26238854326184 29814564074967
mem 1 82566752 31496028 51070724 11373584 38955576 120 0 50249384 12971784 79792 37408 0 0 441028 0 0 0
mem 0 82341048 8912944 73428104 16923204 54380272 188 0 70777732 43679576 528900 126096 0 0 635172 28672 0 0
net enp6s0f0 0 0 0 0 0 0 0 0 0 0 0 0 0 0 6536 0 0 0 0 0 0 92 0
net vnet40 0 0 51190 0 0 0 0 0 0 0 0 0 282 0 49002 0 0 0 0 0 0 277 0
net enp1s0f0 0 1318162 77977807256 0 0 0 0 371 0 0 371 0 80954660 0 1597022485 0 0 0 0 0 0 9054834 0
net lo 0 0 59936168 0 0 0 0 0 0 0 0 0 476757 0 59936168 0 0 0 0 0 0 476757 0
net vnet20 0 0 11512096 0 0 0 0 0 0 0 0 0 81574 0 1150440667 0 0 0 0 0 0 134418 0
net vnet23 0 0 8310087 0 0 0 0 0 0 0 0 0 65720 0 495993035 0 0 0 0 0 0 89991 0
net vnet21 0 0 11159818 0 0 0 0 0 0 0 0 0 77652 0 1150433224 0 0 0 0 0 0 131295 0
net vnet37 0 0 225707 0 0 0 0 0 0 0 0 0 1454 0 5981995 0 0 0 0 0 0 2171 0
net vnet24 0 0 582459 0 0 0 0 0 0 0 0 0 7099 0 80581853 0 0 0 0 0 0 18245 0
net vnet38 0 0 437503 0 0 0 0 0 0 0 0 0 4162 0 64616096 0 0 0 0 0 0 7110 0
net virbr0 0 1268 375563260 0 0 0 0 0 0 0 0 0 4997143 0 70408399920 0 0 0 0 0 0 7220596 0
numa 1 2582794470 18927329 1008175 29040 1602702047 998585922
numa 0 2098242691 1008175 18927329 28452 1129222460 969769173
ps - 829973847 1528833 322 253 233 2 801
sysv_shm - 0 0
tmpfs /run/lock 0 6
tmpfs /run 2281472 1160
tmpfs /run/user/20029 4096 44
tmpfs /run/qemu 0 1
tmpfs /dev/shm 70441345024 271026
vfs - 298269 173545 309455
vm - 14 28234427 1310744958 520728 2496526 4695981195 4708261527 86240114 21487430 4401712512 76582 0 0 0 0 0 2714357 0 1121522 2855 0 2495195 84 0 34 0 0

1764549293.455912 0 node12.dhkim-278716.ldos-ut-pg0.wisc.cloudlab.us
block sda 417107 407057 56454358 9194294 5511502 14723495 2621489917 238263981 0 16949084 251565642
block sdb 2600 0 7504 3491 4 0 0 0 0 4228 3491
block sdc 990 0 7993 259 4 0 0 0 0 956 260
cpu 11 3367063 2 177737 24590148 166758 0 2091
cpu 10 3503516 13 158962 24539134 111054 0 1081
cpu 13 3206594 0 135508 24902597 55492 0 307
cpu 12 3269826 2 151783 24781672 100293 0 811
cpu 15 2953780 0 142095 25124541 73947 0 588
cpu 14 2917779 1 134190 25192091 51679 0 262
cpu 17 3047801 10 138930 25040626 67520 0 402
cpu 16 3005949 0 160502 24979348 144794 0 1477
cpu 19 3028032 0 164749 24974829 122273 0 1145
cpu 18 3154636 2 142529 24946705 51984 0 367
cpu 1 3268430 12 128606 24916142 58690 0 3018
cpu 0 3249688 2 131894 24859171 60576 0 917
cpu 3 3053105 2 128297 25143568 59719 0 1789
cpu 2 2959170 1 147536 25193654 81784 0 1198
cpu 5 2907438 0 137629 25249758 89549 0 3074
cpu 4 2823079 1 164090 25221196 168835 0 7286
cpu 7 3439754 0 136990 24766900 47587 0 876
cpu 6 3210670 1 126233 24992247 59821 0 2390
cpu 9 3013283 2 129146 25195672 51815 0 486
cpu 8 3148806 81 138019 25013719 53201 0 9398
intel_hsw_cbo 1/7 20971793 20972340 20975390 20972852 17214844214674 757466706828 2563798602693 459799249199
intel_hsw_cbo 1/6 20971793 20972340 20975390 20972852 16500590087180 758871799492 2417831043722 460118751560
intel_hsw_cbo 1/0 20971793 20972340 20975390 20972852 15916273586396 757194173730 2232598327185 459949609708
intel_hsw_cbo 1/4 20971793 20972340 20975390 20972852 16233829082124 759824891471 2041416781115 459906090075
intel_hsw_cbo 1/3 20971793 20972340 20975390 20972852 18865044988151 757981979733 2839771212803 459980774525
intel_hsw_cbo 1/1 20971793 20972340 20975390 20972852 16105378392124 758860887485 2351478174057 459897170735
intel_hsw_cbo 0/8 20971793 20972340 20975390 20972852 15096910462898 693902054016 2118130150908 424191546907
intel_hsw_cbo 0/9 20971793 20972340 20975390 20972852 16734771994536 692967992903 2722219724082 424217960088
intel_hsw_cbo 0/6 20971793 20972340 20975390 20972852 16651976159077 747587856666 2232431505810 459314881885
intel_hsw_cbo 0/7 20971793 20972340 20975390 20972852 18038301985122 747564659700 2425843750763 459149943193
intel_hsw_cbo 0/4 20971793 20972340 20975390 20972852 16409911941433 748649384022 2038120237976 459231095796
intel_hsw_cbo 0/5 20971793 20972340 20975390 20972852 20056376870929 744898088182 2447046813117 459468102167
intel_hsw_cbo 0/2 20971793 20972340 20975390 20972852 15958986381060 746740929465 1991349829753 459149150979
intel_hsw_cbo 0/3 20971793 20972340 20975390 20972852 20734244983935 746403922104 2742029108474 459207606208
intel_hsw_cbo 0/0 20971793 20972340 20975390 20972852 16360254127246 746898109141 2224919779533 459605360075
intel_hsw_cbo 0/1 20971793 20972340 20975390 20972852 16770088915817 747698951154 2186146953543 459262671725
intel_hsw_cbo 1/9 20971793 20972340 20975390 20972852 16470070261662 703119802513 2889291701727 425126739527
intel_hsw_cbo 1/5 20971793 20972340 20975390 20972852 18240311110571 755616703575 2550385766587 460347850693
intel_hsw_cbo 1/8 20971793 20972340 20975390 20972852 14878350431468 704157624033 2292669408637 425164221252
intel_hsw_cbo 1/2 20971793 20972340 20975390 20972852 15596909514401 757579332861 1978481406133 460054056813
intel_hsw_hau ff/12.5 20972289 20974593 20971520 20975386 6176381402909 1750583125379 101153523925130 1754537325526
intel_hsw_hau 7f/12.1 20972289 20974593 20971520 20975386 5027067399515 1604385495429 94487084306934 1609400806871
intel_hsw_hau ff/12.1 20972289 20974593 20971520 20975386 7034388868127 2231950054135 101153523956107 2238357560552
intel_hsw_hau 7f/12.5 20972289 20974593 20971520 20975386 4715365576230 1477755645031 94487085362163 1481238057239
intel_hsw_imc ff/14.1 20972292 20974596 20974337 20971778 3074181696337 880117338132 3147344556586 1747047177269 0
intel_hsw_imc ff/14.0 20972292 20974596 20974337 20971778 3940268660911 1366670689925 3488158828125 1517047686037 0
intel_hsw_imc 7f/17.1 20972292 20974596 20974337 20971778 2350939381664 743208171034 2472891692382 1335618498058 0
intel_hsw_imc 7f/17.0 20972292 20974596 20974337 20971778 2349313493676 743019312421 2471978009930 1343168383660 0
intel_hsw_imc 7f/14.0 20972292 20974596 20974337 20971778 2661859891702 873687356364 2563191540707 1079846148627 0
intel_hsw_imc 7f/14.1 20972292 20974596 20974337 20971778 2346375652710 742998070732 2455230491931 1324364279976 0
intel_hsw_imc ff/17.0 20972292 20974596 20974337 20971778 3076913889675 880233025365 3171538054259 1772612475933 0
intel_hsw_imc ff/17.1 20972292 20974596 20974337 20971778 3077947147862 880111351857 3170099309236 1759684302002 0
intel_hsw_qpi ff/08.2 6291712 6292480 6293506 6292483 3870697189697 2705970328376 10671420371824 0
intel_hsw_qpi 7f/08.2 6291712 6292480 6293506 6292483 2703048161187 3874079711604 13749875861501 0
intel_hsw_qpi 7f/09.2 6291712 6292480 6293506 6292483 2703712604513 3873867265498 12564555887842 0
intel_hsw_qpi ff/09.2 6291712 6292480 6293506 6292483 3870719967375 2705473071787 11692802310368 0
intel_hsw_r2pci 7f/10.1 20972580 20975369 20975367 20975368 4607907228 24788694332298 26842035456824 31409713681798
intel_hsw_r2pci ff/10.1 20972580 20975369 20975367 20975368 46767888 23510773358138 26238865536529 29814576536206
mem 1 82566752 31495528 51071224 11373584 38956572 136 0 50249392 12971784 80892 37556 0 0 440996 0 0 0
mem 0 82341048 8912944 73428104 16923252 54374080 208 0 70772536 43679608 528016 126096 0 0 635180 28672 0 0
net enp6s0f0 0 0 0 0 0 0 0 0 0 0 0 0 0 0 6536 0 0 0 0 0 0 92 0
net vnet40 0 0 51190 0 0 0 0 0 0 0 0 0 282 0 49002 0 0 0 0 0 0 277 0
net enp1s0f0 0 1318171 77977813433 0 0 0 0 371 0 0 371 0 80954755 0 1597023196 0 0 0 0 0 0 9054839 0
net lo 0 0 59936713 0 0 0 0 0 0 0 0 0 476761 0 59936713 0 0 0 0 0 0 476761 0
net vnet20 0 0 11512096 0 0 0 0 0 0 0 0 0 81574 0 1150440667 0 0 0 0 0 0 134418 0
net vnet23 0 0 8310087 0 0 0 0 0 0 0 0 0 65720 0 495993035 0 0 0 0 0 0 89991 0
net vnet21 0 0 11159818 0 0 0 0 0 0 0 0 0 77652 0 1150433224 0 0 0 0 0 0 131295 0
net vnet37 0 0 225707 0 0 0 0 0 0 0 0 0 1454 0 5981995 0 0 0 0 0 0 2171 0
net vnet24 0 0 582459 0 0 0 0 0 0 0 0 0 7099 0 80581853 0 0 0 0 0 0 18245 0
net vnet38 0 0 437503 0 0 0 0 0 0 0 0 0 4162 0 64616096 0 0 0 0 0 0 7110 0
net virbr0 0 1268 375563260 0 0 0 0 0 0 0 0 0 4997143 0 70408399920 0 0 0 0 0 0 7220596 0
numa 1 2582796076 18927329 1008175 29040 1602703653 998585922
numa 0 2098243179 1008175 18927329 28452 1129222948 969769173
ps - 829977782 1528844 322 253 233 2 801
sysv_shm - 0 0
tmpfs /run/lock 0 6
tmpfs /run 2281472 1160
tmpfs /run/user/20029 4096 44
tmpfs /run/qemu 0 1
tmpfs /dev/shm 70435991552 271026
vfs - 298269 173505 309456
vm - 14 28234683 1310744958 520728 2496526 4695983281 4708264924 86240117 21487430 4401714616 76582 0 0 0 0 0 2714357 0 1121522 2855 0 2495195 84 0 34 0 0

1764549294.489708 0 node12.dhkim-278716.ldos-ut-pg0.wisc.cloudlab.us
block sda 417107 407057 56454358 9194294 5511574 14723511 2621490645 238264565 0 16949200 251566257
block sdb 2600 0 7504 3491 4 0 0 0 0 4228 3491
block sdc 990 0 7993 259 4 0 0 0 0 956 260
cpu 11 3367063 2 177737 24590249 166758 0 2091
cpu 10 3503516 13 158962 24539237 111054 0 1081
cpu 13 3206594 0 135508 24902695 55496 0 307
cpu 12 3269828 2 151783 24781773 100293 0 811
cpu 15 2953780 0 142095 25124643 73948 0 588
cpu 14 2917780 1 134190 25192194 51679 0 262
cpu 17 3047802 10 138930 25040728 67520 0 402
cpu 16 3005950 0 160502 24979450 144794 0 1477
cpu 19 3028033 0 164749 24974930 122273 0 1145
cpu 18 3154636 2 142529 24946807 51984 0 367
cpu 1 3268430 12 128606 24916244 58690 0 3018
cpu 0 3249688 2 131894 24859273 60576 0 917
cpu 3 3053105 2 128298 25143669 59719 0 1789
cpu 2 2959273 1 147536 25193654 81784 0 1198
cpu 5 2907439 0 137629 25249861 89549 0 3074
cpu 4 2823079 1 164091 25221298 168835 0 7286
cpu 7 3439754 0 136991 24767001 47587 0 876
cpu 6 3210672 1 126234 24992349 59821 0 2390
cpu 9 3013283 2 129146 25195767 51822 0 486
cpu 8 3148806 81 138019 25013822 53201 0 9398
intel_hsw_cbo 1/7 20971793 20972340 20975390 20972852 17214845224202 757466995893 2563798879634 459799346145
intel_hsw_cbo 1/6 20971793 20972340 20975390 20972852 16500591055172 758872080366 2417831118464 460118848342
intel_hsw_cbo 1/0 20971793 20972340 20975390 20972852 15916274538497 757194461528 2232598532694 459949705229
intel_hsw_cbo 1/4 20971793 20972340 20975390 20972852 16233830024910 759825183601 2041416972256 459906186051
intel_hsw_cbo 1/3 20971793 20972340 20975390 20972852 18865046097649 757982263646 2839771508995 459980870007
intel_hsw_cbo 1/1 20971793 20972340 20975390 20972852 16105379380120 758861177076 2351478225700 459897267774
intel_hsw_cbo 0/8 20971793 20972340 20975390 20972852 15096914928874 693903474334 2118130280688 424192995434
intel_hsw_cbo 0/9 20971793 20972340 20975390 20972852 16734776529055 692969413789 2722220063242 424219413631
intel_hsw_cbo 0/6 20971793 20972340 20975390 20972852 16651980034715 747589400349 2232431793586 459316456845
intel_hsw_cbo 0/7 20971793 20972340 20975390 20972852 18038305840559 747566202768 2425843956680 459151516072
intel_hsw_cbo 0/4 20971793 20972340 20975390 20972852 16409915652144 748650919572 2038121511225 459232670393
intel_hsw_cbo 0/5 20971793 20972340 20975390 20972852 20056380902147 744899620525 2447047044561 459469680532
intel_hsw_cbo 0/2 20971793 20972340 20975390 20972852 15958990425851 746742479777 1991350958509 459150729209
intel_hsw_cbo 0/3 20971793 20972340 20975390 20972852 20734248980467 746405468617 2742029494368 459209184755
intel_hsw_cbo 0/0 20971793 20972340 20975390 20972852 16360258150194 746899648277 2224920787882 459606933514
intel_hsw_cbo 0/1 20971793 20972340 20975390 20972852 16770092901643 747700478223 2186147074675 459264251941
intel_hsw_cbo 1/9 20971793 20972340 20975390 20972852 16470071358320 703120063834 2889291975124 425126830042
intel_hsw_cbo 1/5 20971793 20972340 20975390 20972852 18240312202982 755616988012 2550386041666 460347945824
intel_hsw_cbo 1/8 20971793 20972340 20975390 20972852 14878351443805 704157889288 2292669453039 425164311394
intel_hsw_cbo 1/2 20971793 20972340 20975390 20972852 15596910501580 757579620721 1978481595974 460054152175
intel_hsw_hau ff/12.5 20972289 20974593 20971520 20975386 6176381976894 1750583251499 101156516385100 1754537456402
intel_hsw_hau 7f/12.1 20972289 20974593 20971520 20975386 5027070326882 1604386211578 94490179831890 1609401532173
intel_hsw_hau ff/12.1 20972289 20974593 20971520 20975386 7034390225532 2231950438467 101156516376383 2238357954514
intel_hsw_hau 7f/12.5 20972289 20974593 20971520 20975386 4715367730233 1477756167244 94490180928335 1481238581275
intel_hsw_imc ff/14.1 20972292 20974596 20974337 20971778 3074181981085 880117403267 3147344667158 1747047190570 0
intel_hsw_imc ff/14.0 20972292 20974596 20974337 20971778 3940269742358 1366671032208 3488159076206 1517047729271 0
intel_hsw_imc 7f/17.1 20972292 20974596 20974337 20971778 2350940459519 743208433307 2472892143645 1335618592850 0
intel_hsw_imc 7f/17.0 20972292 20974596 20974337 20971778 2349314624889 743019628350 2471978514161 1343168478000 0
intel_hsw_imc 7f/14.0 20972292 20974596 20974337 20971778 2661861820045 873687898272 2563192208835 1079846229695 0
intel_hsw_imc 7f/14.1 20972292 20974596 20974337 20971778 2346376729789 742998332903 2455230941744 1324364374752 0
intel_hsw_imc ff/17.0 20972292 20974596 20974337 20971778 3076914175606 880233091024 3171538166328 1772612489542 0
intel_hsw_imc ff/17.1 20972292 20974596 20974337 20971778 3077947443044 880111426435 3170099430402 1759684316106 0
intel_hsw_qpi ff/08.2 6291712 6292480 6293506 6292483 3870698264286 2705972493448 10671421855504 0
intel_hsw_qpi 7f/08.2 6291712 6292480 6293506 6292483 2703050321602 3874080787901 13749876723342 0
intel_hsw_qpi 7f/09.2 6291712 6292480 6293506 6292483 2703714768618 3873868340814 12564556651232 0
intel_hsw_qpi ff/09.2 6291712 6292480 6293506 6292483 3870721041264 2705475234879 11692804364032 0
intel_hsw_r2pci 7f/10.1 20972580 20975369 20975367 20975368 4607913296 24788739774432 26842087507188 31409753995377
intel_hsw_r2pci ff/10.1 20972580 20975369 20975367 20975368 46768046 23510781171266 26238876464052 29814588628821
mem 1 82566752 31495528 51071224 11373604 38955812 124 0 50249408 12971784 80148 37404 0 0 440996 0 0 0
mem 0 82341048 8912944 73428104 16923288 54375488 124 0 70773256 43679852 528712 126172 0 0 635180 28672 0 0
net enp6s0f0 0 0 0 0 0 0 0 0 0 0 0 0 0 0 6536 0 0 0 0 0 0 92 0
net vnet40 0 0 51190 0 0 0 0 0 0 0 0 0 282 0 49054 0 0 0 0 0 0 278 0
net enp1s0f0 0 1318174 77977818590 0 0 0 0 371 0 0 371 0 80954833 0 1597023907 0 0 0 0 0 0 9054844 0
net lo 0 0 59937258 0 0 0 0 0 0 0 0 0 476765 0 59937258 0 0 0 0 0 0 476765 0
net vnet20 0 0 11512096 0 0 0 0 0 0 0 0 0 81574 0 1150440719 0 0 0 0 0 0 134419 0
net vnet23 0 0 8310087 0 0 0 0 0 0 0 0 0 65720 0 495993087 0 0 0 0 0 0 89992 0
net vnet21 0 0 11159818 0 0 0 0 0 0 0 0 0 77652 0 1150433276 0 0 0 0 0 0 131296 0
net vnet37 0 0 225707 0 0 0 0 0 0 0 0 0 1454 0 5982047 0 0 0 0 0 0 2172 0
net vnet24 0 0 582459 0 0 0 0 0 0 0 0 0 7099 0 80581905 0 0 0 0 0 0 18246 0
net vnet38 0 0 437503 0 0 0 0 0 0 0 0 0 4162 0 64616148 0 0 0 0 0 0 7111 0
net virbr0 0 1268 375563260 0 0 0 0 0 0 0 0 0 4997143 0 70408399920 0 0 0 0 0 0 7220596 0
numa 1 2582797509 18927329 1008175 29040 1602705086 998585922
numa 0 2098243887 1008175 18927329 28452 1129223656 969769173
ps - 829981812 1528855 304 250 233 2 801
sysv_shm - 0 0
tmpfs /run/lock 0 6
tmpfs /run 2281472 1160
tmpfs /run/user/20029 4096 44
tmpfs /run/qemu 0 1
tmpfs /dev/shm 70436712448 271026
vfs - 298269 173545 309456
vm - 14 28234683 1310745322 520728 2496526 4695985421 4708266868 86240120 21487430 4401716803 76582 0 0 0 0 0 2714357 0 1121522 2855 0 2495195 84 0 34 0 0

1764549295.523970 0 node12.dhkim-278716.ldos-ut-pg0.wisc.cloudlab.us
block sda 417107 407057 56454358 9194294 5511574 14723511 2621490645 238264565 0 16949200 251566257
block sdb 2600 0 7504 3491 4 0 0 0 0 4228 3491
block sdc 990 0 7993 259 4 0 0 0 0 956 260
cpu 11 3367063 2 177737 24590352 166758 0 2091
cpu 10 3503516 13 158962 24539340 111054 0 1081
cpu 13 3206595 0 135508 24902798 55496 0 307
cpu 12 3269830 2 151783 24781875 100293 0 811
cpu 15 2953781 0 142096 25124744 73948 0 588
cpu 14 2917780 1 134191 25192295 51679 0 262
cpu 17 3047802 10 138930 25040831 67520 0 402
cpu 16 3005950 0 160502 24979552 144794 0 1477
cpu 19 3028033 0 164750 24975032 122273 0 1145
cpu 18 3154636 2 142529 24946909 51984 0 367
cpu 1 3268431 12 128607 24916344 58690 0 3018
cpu 0 3249688 2 131894 24859375 60576 0 917
cpu 3 3053105 2 128298 25143771 59719 0 1789
cpu 2 2959376 1 147536 25193654 81784 0 1198
cpu 5 2907440 0 137629 25249963 89549 0 3074
cpu 4 2823080 1 164091 25221401 168835 0 7286
cpu 7 3439754 0 136991 24767103 47587 0 876
cpu 6 3210675 1 126234 24992451 59821 0 2390
cpu 9 3013283 2 129146 25195870 51822 0 486
cpu 8 3148806 81 138019 25013925 53201 0 9398
intel_hsw_cbo 1/7 20971793 20972340 20975390 20972852 17214846143993 757467267443 2563799136486 459799436884
intel_hsw_cbo 1/6 20971793 20972340 20975390 20972852 16500591955900 758872345012 2417831287609 460118938166
intel_hsw_cbo 1/0 20971793 20972340 20975390 20972852 15916275387923 757194730581 2232598674410 459949796850
intel_hsw_cbo 1/4 20971793 20972340 20975390 20972852 16233830882417 759825458151 2041417114970 459906278016
intel_hsw_cbo 1/3 20971793 20972340 20975390 20972852 18865047085090 757982530143 2839771788750 459980959326
intel_hsw_cbo 1/1 20971793 20972340 20975390 20972852 16105380197102 758861448387 2351478359721 459897360032
intel_hsw_cbo 0/8 20971793 20972340 20975390 20972852 15096919245928 693904892369 2118130367518 424194416015
intel_hsw_cbo 0/9 20971793 20972340 20975390 20972852 16734780758586 692970834235 2722220413457 424220840216
intel_hsw_cbo 0/6 20971793 20972340 20975390 20972852 16651983850058 747590937163 2232432012445 459318003543
intel_hsw_cbo 0/7 20971793 20972340 20975390 20972852 18038309822332 747567739341 2425844161703 459153055978
intel_hsw_cbo 0/4 20971793 20972340 20975390 20972852 16409919343860 748652444324 2038122930566 459234214404
intel_hsw_cbo 0/5 20971793 20972340 20975390 20972852 20056384738106 744901145110 2447047275843 459471226986
intel_hsw_cbo 0/2 20971793 20972340 20975390 20972852 15958994410796 746744020918 1991352257933 459152278848
intel_hsw_cbo 0/3 20971793 20972340 20975390 20972852 20734252905947 746407007448 2742029890592 459210734452
intel_hsw_cbo 0/0 20971793 20972340 20975390 20972852 16360262297431 746901182545 2224921959371 459608480225
intel_hsw_cbo 0/1 20971793 20972340 20975390 20972852 16770096930134 747701995477 2186147179482 459265800832
intel_hsw_cbo 1/9 20971793 20972340 20975390 20972852 16470072309212 703120309924 2889292232995 425126917848
intel_hsw_cbo 1/5 20971793 20972340 20975390 20972852 18240313086478 755617255330 2550386295264 460348036807
intel_hsw_cbo 1/8 20971793 20972340 20975390 20972852 14878352435905 704158139561 2292669596739 425164397478
intel_hsw_cbo 1/2 20971793 20972340 20975390 20972852 15596911333978 757579890842 1978481716295 460054243078
intel_hsw_hau ff/12.5 20972289 20974593 20971520 20975386 6176382531774 1750583368195 101159509428944 1754537576918
intel_hsw_hau 7f/12.1 20972289 20974593 20971520 20975386 5027073239368 1604386991846 94493276070024 1609402321329
intel_hsw_hau ff/12.1 20972289 20974593 20971520 20975386 7034391538834 2231950804710 101159509415591 2238358328878
intel_hsw_hau 7f/12.5 20972289 20974593 20971520 20975386 4715369939994 1477756744063 94493277171073 1481239160074
intel_hsw_imc ff/14.1 20972292 20974596 20974337 20971778 3074182258372 880117463319 3147344769560 1747047203097 0
intel_hsw_imc ff/14.0 20972292 20974596 20974337 20971778 3940270790360 1366671359059 3488159303020 1517047768571 0
intel_hsw_imc 7f/17.1 20972292 20974596 20974337 20971778 2350941568815 743208723300 2472892620833 1335618698057 0
intel_hsw_imc 7f/17.0 20972292 20974596 20974337 20971778 2349315787050 743019971829 2471979045467 1343168583066 0
intel_hsw_imc 7f/14.0 20972292 20974596 20974337 20971778 2661863708317 873688476638 2563192898287 1079846319119 0
intel_hsw_imc 7f/14.1 20972292 20974596 20974337 20971778 2346377837135 742998622890 2455231417877 1324364479395 0
intel_hsw_imc ff/17.0 20972292 20974596 20974337 20971778 3076914453631 880233151552 3171538270316 1772612502111 0
intel_hsw_imc ff/17.1 20972292 20974596 20974337 20971778 3077947728878 880111494759 3170099541654 1759684328906 0
intel_hsw_qpi ff/08.2 6291712 6292480 6293506 6292483 3870699328404 2705974752963 10671423193296 0
intel_hsw_qpi 7f/08.2 6291712 6292480 6293506 6292483 2703052580079 3874081848369 13749877541710 0
intel_hsw_qpi 7f/09.2 6291712 6292480 6293506 6292483 2703717029067 3873869402957 12564557385856 0
intel_hsw_qpi ff/09.2 6291712 6292480 6293506 6292483 3870722107570 2705477490687 11692806213096 0
intel_hsw_r2pci 7f/10.1 20972580 20975369 20975367 20975368 4607918606 24788784741931 26842138583617 31409794221878
intel_hsw_r2pci ff/10.1 20972580 20975369 20975367 20975368 46768196 23510788947326 26238887511424 29814600633892
mem 1 82566752 31495780 51070972 11373604 38955704 136 0 50249416 12971784 79964 37492 0 0 441028 0 0 0
mem 0 82341048 8911684 73429364 16923356 54376876 136 0 70774472 43679624 528900 126152 0 0 635172 28672 0 0
net enp6s0f0 0 0 0 0 0 0 0 0 0 0 0 0 0 0 6536 0 0 0 0 0 0 92 0
net vnet40 0 0 51190 0 0 0 0 0 0 0 0 0 282 0 49054 0 0 0 0 0 0 278 0
net enp1s0f0 0 1318179 77977823387 0 0 0 0 371 0 0 371 0 80954905 0 1597024618 0 0 0 0 0 0 9054849 0
net lo 0 0 59937803 0 0 0 0 0 0 0 0 0 476769 0 59937803 0 0 0 0 0 0 476769 0
net vnet20 0 0 11512096 0 0 0 0 0 0 0 0 0 81574 0 1150440719 0 0 0 0 0 0 134419 0
net vnet23 0 0 8310087 0 0 0 0 0 0 0 0 0 65720 0 495993087 0 0 0 0 0 0 89992 0
net vnet21 0 0 11159818 0 0 0 0 0 0 0 0 0 77652 0 1150433276 0 0 0 0 0 0 131296 0
net vnet37 0 0 225707 0 0 0 0 0 0 0 0 0 1454 0 5982047 0 0 0 0 0 0 2172 0
net vnet24 0 0 582459 0 0 0 0 0 0 0 0 0 7099 0 80581905 0 0 0 0 0 0 18246 0
net vnet38 0 0 437503 0 0 0 0 0 0 0 0 0 4162 0 64616148 0 0 0 0 0 0 7111 0
net virbr0 0 1268 375563260 0 0 0 0 0 0 0 0 0 4997143 0 70408399920 0 0 0 0 0 0 7220596 0
numa 1 2582798887 18927329 1008175 29040 1602706464 998585922
numa 0 2098244801 1008175 18927329 28452 1129224570 969769173
ps - 829985694 1528866 304 250 233 2 801
sysv_shm - 0 0
tmpfs /run/lock 0 6
tmpfs /run 2281472 1160
tmpfs /run/user/20029 4096 44
tmpfs /run/qemu 0 1
tmpfs /dev/shm 70438088704 271026
vfs - 298269 173545 309456
vm - 14 28234683 1310745322 520728 2496526 4695987713 4708268817 86240121 21487430 4401718933 76582 0 0 0 0 0 2714357 0 1121522 2855 0 2495195 84 0 34 0 0

1764549296.560887 0 node12.dhkim-278716.ldos-ut-pg0.wisc.cloudlab.us
block sda 417123 407057 56455132 9194339 5511581 14723526 2621490869 238264602 0 16949268 251566338
block sdb 2600 0 7504 3491 4 0 0 0 0 4228 3491
block sdc 990 0 7993 259 4 0 0 0 0 956 260
cpu 11 3367063 2 177737 24590455 166758 0 2091
cpu 10 3503516 13 158963 24539443 111054 0 1081
cpu 13 3206597 0 135508 24902900 55496 0 307
cpu 12 3269830 2 151784 24781978 100293 0 811
cpu 15 2953782 0 142098 25124846 73948 0 588
cpu 14 2917780 1 134191 25192397 51679 0 262
cpu 17 3047802 10 138930 25040933 67520 0 402
cpu 16 3005950 0 160502 24979654 144794 0 1477
cpu 19 3028033 0 164750 24975136 122273 0 1145
cpu 18 3154636 2 142530 24947010 51984 0 367
cpu 1 3268433 12 128608 24916443 58690 0 3018
cpu 0 3249706 2 131894 24859459 60576 0 917
cpu 3 3053117 2 128298 25143860 59720 0 1789
cpu 2 2959439 1 147537 25193695 81784 0 1198
cpu 5 2907441 0 137630 25250063 89551 0 3074
cpu 4 2823082 1 164092 25221501 168836 0 7286
cpu 7 3439756 0 136992 24767204 47587 0 876
cpu 6 3210678 1 126235 24992549 59822 0 2390
cpu 9 3013283 2 129146 25195973 51822 0 486
cpu 8 3148806 81 138019 25014028 53201 0 9398
intel_hsw_cbo 1/7 20971793 20972340 20975390 20972852 17214847443533 757467555124 2563799438239 459799531229
intel_hsw_cbo 1/6 20971793 20972340 20975390 20972852 16500593184133 758872626416 2417831490206 460119031673
intel_hsw_cbo 1/0 20971793 20972340 20975390 20972852 15916276509327 757195016541 2232598792092 459949892805
intel_hsw_cbo 1/4 20971793 20972340 20975390 20972852 16233832064218 759825748339 2041417229390 459906373205
intel_hsw_cbo 1/3 20971793 20972340 20975390 20972852 18865048516044 757982814253 2839772081215 459981052920
intel_hsw_cbo 1/1 20971793 20972340 20975390 20972852 16105381343384 758861736507 2351478518682 459897455565
intel_hsw_cbo 0/8 20971793 20972340 20975390 20972852 15096930798536 693906503895 2118130657244 424195534801
intel_hsw_cbo 0/9 20971793 20972340 20975390 20972852 16734800798674 692972442075 2722220900060 424221954689
intel_hsw_cbo 0/6 20971793 20972340 20975390 20972852 16651990710808 747592670888 2232432459393 459319203792
intel_hsw_cbo 0/7 20971793 20972340 20975390 20972852 18038318802686 747569459601 2425844458877 459154261185
intel_hsw_cbo 0/4 20971793 20972340 20975390 20972852 16409925956320 748654162883 2038124701240 459235417367
intel_hsw_cbo 0/5 20971793 20972340 20975390 20972852 20056393485628 744902848932 2447047610111 459472428763
intel_hsw_cbo 0/2 20971793 20972340 20975390 20972852 15959001691778 746745742553 1991353875579 459153481127
intel_hsw_cbo 0/3 20971793 20972340 20975390 20972852 20734260759882 746408732208 2742030460462 459211938910
intel_hsw_cbo 0/0 20971793 20972340 20975390 20972852 16360267585722 746902916041 2224923443320 459609683152
intel_hsw_cbo 0/1 20971793 20972340 20975390 20972852 16770103051145 747703709812 2186147485890 459267008290
intel_hsw_cbo 1/9 20971793 20972340 20975390 20972852 16470073556628 703120570498 2889292530296 425127009161
intel_hsw_cbo 1/5 20971793 20972340 20975390 20972852 18240314346956 755617538260 2550386589769 460348130923
intel_hsw_cbo 1/8 20971793 20972340 20975390 20972852 14878353645280 704158404694 2292669762058 425164487172
intel_hsw_cbo 1/2 20971793 20972340 20975390 20972852 15596912491453 757580179240 1978481814411 460054337570
intel_hsw_hau ff/12.5 20972289 20974593 20971520 20975386 6176383109355 1750583484464 101161880698303 1754537697297
intel_hsw_hau 7f/12.1 20972289 20974593 20971520 20975386 5027077195102 1604388931663 94495711664525 1609404271664
intel_hsw_hau ff/12.1 20972289 20974593 20971520 20975386 7034392891690 2231951205099 101161880752110 2238358737968
intel_hsw_hau 7f/12.5 20972289 20974593 20971520 20975386 4715372904947 1477758203069 94495712689612 1481240621575
intel_hsw_imc ff/14.1 20972292 20974596 20974337 20971778 3074182543152 880117522855 3147344880861 1747047215381 0
intel_hsw_imc ff/14.0 20972292 20974596 20974337 20971778 3940271863627 1366671720403 3488159548009 1517047808456 0
intel_hsw_imc 7f/17.1 20972292 20974596 20974337 20971778 2350943048002 743209453697 2472893933633 1335618947550 0
intel_hsw_imc 7f/17.0 20972292 20974596 20974337 20971778 2349317308618 743020744127 2471980397474 1343168835552 0
intel_hsw_imc 7f/14.0 20972292 20974596 20974337 20971778 2661866235908 873689757078 2563194725810 1079846616600 0
intel_hsw_imc 7f/14.1 20972292 20974596 20974337 20971778 2346379316438 742999352914 2455232733838 1324364729574 0
intel_hsw_imc ff/17.0 20972292 20974596 20974337 20971778 3076914739766 880233211732 3171538383928 1772612514658 0
intel_hsw_imc ff/17.1 20972292 20974596 20974337 20971778 3077948024459 880111563598 3170099664547 1759684341867 0
intel_hsw_qpi ff/08.2 6291712 6292480 6293506 6292483 3870700377139 2705978073710 10671424602616 0
intel_hsw_qpi 7f/08.2 6291712 6292480 6293506 6292483 2703055900676 3874082900760 13749878367870 0
intel_hsw_qpi 7f/09.2 6291712 6292480 6293506 6292483 2703720349740 3873870453720 12564558100712 0
intel_hsw_qpi ff/09.2 6291712 6292480 6293506 6292483 3870723154040 2705480811300 11692808125328 0
intel_hsw_r2pci 7f/10.1 20972580 20975369 20975367 20975368 4607937574 24788829625157 26842186580587 31409836412147
intel_hsw_r2pci ff/10.1 20972580 20975369 20975367 20975368 46768348 23510796045184 26238900631067 29814614765119
mem 1 82566752 31496032 51070720 11373608 38955620 128 0 50249420 12971784 79892 37444 0 0 440996 0 0 0
mem 0 82341048 8910676 73430372 16923360 54377260 152 0 70774848 43679696 528908 126160 0 0 635184 28672 0 0
net enp6s0f0 0 0 0 0 0 0 0 0 0 0 0 0 0 0 6536 0 0 0 0 0 0 92 0
net vnet40 0 0 51260 0 0 0 0 0 0 0 0 0 283 0 49106 0 0 0 0 0 0 279 0
net enp1s0f0 0 1318184 77977828124 0 0 0 0 371 0 0 371 0 80954976 0 1597025329 0 0 0 0 0 0 9054854 0
net lo 0 0 59938348 0 0 0 0 0 0 0 0 0 476773 0 59938348 0 0 0 0 0 0 476773 0
net vnet20 0 0 11512096 0 0 0 0 0 0 0 0 0 81574 0 1150440841 0 0 0 0 0 0 134421 0
net vnet23 0 0 8310087 0 0 0 0 0 0 0 0 0 65720 0 495993209 0 0 0 0 0 0 89994 0
net vnet21 0 0 11159818 0 0 0 0 0 0 0 0 0 77652 0 1150433398 0 0 0 0 0 0 131298 0
net vnet37 0 0 225707 0 0 0 0 0 0 0 0 0 1454 0 5982169 0 0 0 0 0 0 2174 0
net vnet24 0 0 582459 0 0 0 0 0 0 0 0 0 7099 0 80582027 0 0 0 0 0 0 18248 0
net vnet38 0 0 437503 0 0 0 0 0 0 0 0 0 4162 0 64616270 0 0 0 0 0 0 7113 0
net virbr0 0 1269 375563316 0 0 0 0 0 0 0 0 0 4997144 0 70408399920 0 0 0 0 0 0 7220596 0
numa 1 2582800179 18927329 1008175 29040 1602707756 998585922
numa 0 2098245619 1008175 18927329 28452 1129225388 969769173
ps - 829990671 1528877 304 250 233 2 801
sysv_shm - 0 0
tmpfs /run/lock 0 6
tmpfs /run 2281472 1160
tmpfs /run/user/20029 4096 44
tmpfs /run/qemu 0 1
tmpfs /dev/shm 70438268928 271024
vfs - 298267 173545 309456
vm - 14 28235070 1310745434 520728 2496526 4695989823 4708270855 86240123 21487430 4401721063 76582 0 0 0 0 0 2714357 0 1121522 2855 0 2495195 84 0 34 0 0

1764549297.597146 0 node12.dhkim-278716.ldos-ut-pg0.wisc.cloudlab.us
block sda 417123 407057 56455132 9194339 5511638 14723539 2621491861 238264935 0 16949376 251566714
block sdb 2600 0 7504 3491 4 0 0 0 0 4228 3491
block sdc 990 0 7993 259 4 0 0 0 0 956 260
cpu 11 3367063 2 177737 24590558 166758 0 2091
cpu 10 3503517 13 158963 24539544 111054 0 1081
cpu 13 3206600 0 135508 24902997 55500 0 307
cpu 12 3269830 2 151784 24782081 100293 0 811
cpu 15 2953782 0 142098 25124949 73948 0 588
cpu 14 2917780 1 134192 25192499 51679 0 262
cpu 17 3047804 10 138931 25041035 67520 0 402
cpu 16 3005950 0 160503 24979756 144794 0 1477
cpu 19 3028033 0 164750 24975239 122273 0 1145
cpu 18 3154636 2 142530 24947113 51984 0 367
cpu 1 3268433 12 128608 24916542 58693 0 3018
cpu 0 3249707 2 131895 24859557 60580 0 917
cpu 3 3053117 2 128299 25143956 59725 0 1789
cpu 2 2959439 1 147537 25193794 81786 0 1198
cpu 5 2907441 0 137630 25250161 89554 0 3074
cpu 4 2823084 1 164092 25221599 168840 0 7286
cpu 7 3439759 0 136992 24767303 47588 0 876
cpu 6 3210680 1 126237 24992646 59825 0 2390
cpu 9 3013283 2 129146 25196077 51822 0 486
cpu 8 3148806 81 138019 25014131 53201 0 9398
intel_hsw_cbo 1/7 20971793 20972340 20975390 20972852 17214849417224 757467868689 2563799586151 459799613061
intel_hsw_cbo 1/6 20971793 20972340 20975390 20972852 16500594936886 758872934706 2417831721842 460119114275
intel_hsw_cbo 1/0 20971793 20972340 20975390 20972852 15916278239694 757195326186 2232598936630 459949974587
intel_hsw_cbo 1/4 20971793 20972340 20975390 20972852 16233833705962 759826062704 2041417362465 459906455442
intel_hsw_cbo 1/3 20971793 20972340 20975390 20972852 18865050744101 757983125209 2839772252647 459981134452
intel_hsw_cbo 1/1 20971793 20972340 20975390 20972852 16105382967114 758862048607 2351478735783 459897537640
intel_hsw_cbo 0/8 20971793 20972340 20975390 20972852 15096932304877 693906795031 2118130995675 424195637089
intel_hsw_cbo 0/9 20971793 20972340 20975390 20972852 16734802260604 692972734313 2722221158279 424222058238
intel_hsw_cbo 0/6 20971793 20972340 20975390 20972852 16651992239707 747592987639 2232432834640 459319310465
intel_hsw_cbo 0/7 20971793 20972340 20975390 20972852 18038320446031 747569779715 2425844699757 459154369447
intel_hsw_cbo 0/4 20971793 20972340 20975390 20972852 16409927686859 748654477343 2038124821593 459235524879
intel_hsw_cbo 0/5 20971793 20972340 20975390 20972852 20056395098901 744903156098 2447047882152 459472538264
intel_hsw_cbo 0/2 20971793 20972340 20975390 20972852 15959003166118 746746058496 1991353962852 459153590301
intel_hsw_cbo 0/3 20971793 20972340 20975390 20972852 20734262542754 746409049470 2742030776222 459212047354
intel_hsw_cbo 0/0 20971793 20972340 20975390 20972852 16360269155592 746903234308 2224923538939 459609792951
intel_hsw_cbo 0/1 20971793 20972340 20975390 20972852 16770104726596 747704023308 2186147792992 459267118230
intel_hsw_cbo 1/9 20971793 20972340 20975390 20972852 16470075491444 703120854835 2889292699350 425127088955
intel_hsw_cbo 1/5 20971793 20972340 20975390 20972852 18240316333135 755617846348 2550386740926 460348213127
intel_hsw_cbo 1/8 20971793 20972340 20975390 20972852 14878355384013 704158693323 2292669990020 425164566371
intel_hsw_cbo 1/2 20971793 20972340 20975390 20972852 15596914137999 757580492788 1978481940238 460054419680
intel_hsw_hau ff/12.5 20972289 20974593 20971520 20975386 6176383644294 1750583595876 101162818641030 1754537812338
intel_hsw_hau 7f/12.1 20972289 20974593 20971520 20975386 5027079219482 1604389581168 94496626187240 1609404931200
intel_hsw_hau ff/12.1 20972289 20974593 20971520 20975386 7034394271644 2231951567930 101162818685029 2238359108639
intel_hsw_hau 7f/12.5 20972289 20974593 20971520 20975386 4715374326477 1477758673769 94496627223537 1481241095278
intel_hsw_imc ff/14.1 20972292 20974596 20974337 20971778 3074182809028 880117580173 3147344987784 1747047225855 0
intel_hsw_imc ff/14.0 20972292 20974596 20974337 20971778 3940272987759 1366672047642 3488159791445 1517047846576 0
intel_hsw_imc 7f/17.1 20972292 20974596 20974337 20971778 2350943758739 743209690439 2472894322643 1335619026086 0
intel_hsw_imc 7f/17.0 20972292 20974596 20974337 20971778 2349318033626 743020994530 2471980800821 1343168915257 0
intel_hsw_imc 7f/14.0 20972292 20974596 20974337 20971778 2661867565540 873690198890 2563195253793 1079846687333 0
intel_hsw_imc 7f/14.1 20972292 20974596 20974337 20971778 2346380026175 742999589858 2455233121170 1324364807937 0
intel_hsw_imc ff/17.0 20972292 20974596 20974337 20971778 3076915006312 880233269330 3171538491881 1772612525221 0
intel_hsw_imc ff/17.1 20972292 20974596 20974337 20971778 3077948300936 880111630755 3170099781740 1759684352419 0
intel_hsw_qpi ff/08.2 6291712 6292480 6293506 6292483 3870701449004 2705979330022 10671426161832 0
intel_hsw_qpi 7f/08.2 6291712 6292480 6293506 6292483 2703057155275 3874083971918 13749879150478 0
intel_hsw_qpi 7f/09.2 6291712 6292480 6293506 6292483 2703721605979 3873871525590 12564558798544 0
intel_hsw_qpi ff/09.2 6291712 6292480 6293506 6292483 3870724225175 2705482065930 11692810200176 0
intel_hsw_r2pci 7f/10.1 20972580 20975369 20975367 20975368 4607945472 24788835086884 26842194412064 31409844656171
intel_hsw_r2pci ff/10.1 20972580 20975369 20975367 20975368 46768506 23510802767807 26238907732732 29814623570848
mem 1 82566752 31496032 51070720 11373608 38955716 136 0 50249428 12971784 79976 37500 0 0 440964 0 0 0
mem 0 82341048 8908664 73432384 16923360 54376864 184 0 70774856 43679696 528468 126160 0 0 635312 28672 0 0
net enp6s0f0 0 0 0 0 0 0 0 0 0 0 0 0 0 0 6536 0 0 0 0 0 0 92 0
net vnet40 0 0 51260 0 0 0 0 0 0 0 0 0 283 0 49106 0 0 0 0 0 0 279 0
net enp1s0f0 0 1318186 77977834121 0 0 0 0 371 0 0 371 0 80955068 0 1597026040 0 0 0 0 0 0 9054859 0
net lo 0 0 59938893 0 0 0 0 0 0 0 0 0 476777 0 59938893 0 0 0 0 0 0 476777 0
net vnet20 0 0 11512096 0 0 0 0 0 0 0 0 0 81574 0 1150440841 0 0 0 0 0 0 134421 0
net vnet23 0 0 8310087 0 0 0 0 0 0 0 0 0 65720 0 495993209 0 0 0 0 0 0 89994 0
net vnet21 0 0 11159818 0 0 0 0 0 0 0 0 0 77652 0 1150433398 0 0 0 0 0 0 131298 0
net vnet37 0 0 225707 0 0 0 0 0 0 0 0 0 1454 0 5982169 0 0 0 0 0 0 2174 0
net vnet24 0 0 582459 0 0 0 0 0 0 0 0 0 7099 0 80582027 0 0 0 0 0 0 18248 0
net vnet38 0 0 437503 0 0 0 0 0 0 0 0 0 4162 0 64616270 0 0 0 0 0 0 7113 0
net virbr0 0 1269 375563316 0 0 0 0 0 0 0 0 0 4997144 0 70408399920 0 0 0 0 0 0 7220596 0
numa 1 2582801254 18927329 1008175 29040 1602708831 998585922
numa 0 2098246557 1008175 18927329 28452 1129226326 969769173
ps - 829994657 1528888 304 250 233 1 801
sysv_shm - 0 0
tmpfs /run/lock 0 6
tmpfs /run 2281472 1160
tmpfs /run/user/20029 4096 44
tmpfs /run/qemu 0 1
tmpfs /dev/shm 70438268928 271024
vfs - 298267 173625 309456
vm - 14 28235070 1310745930 520728 2496526 4695991837 4708272839 86240123 21487430 4401723151 76582 0 0 0 0 0 2714357 0 1121522 2855 0 2495195 84 0 34 0 0

1764549298.632843 0 node12.dhkim-278716.ldos-ut-pg0.wisc.cloudlab.us
block sda 417123 407057 56455132 9194339 5511638 14723539 2621491861 238264935 0 16949376 251566714
block sdb 2600 0 7504 3491 4 0 0 0 0 4228 3491
block sdc 990 0 7993 259 4 0 0 0 0 956 260
cpu 11 3367066 2 177738 24590658 166758 0 2091
cpu 10 3503517 13 158964 24539646 111054 0 1081
cpu 13 3206602 0 135508 24903099 55500 0 307
cpu 12 3269830 2 151784 24782184 100293 0 811
cpu 15 2953782 0 142099 25125051 73948 0 588
cpu 14 2917781 1 134192 25192601 51679 0 262
cpu 17 3047804 10 138931 25041138 67520 0 402
cpu 16 3005950 0 160503 24979858 144794 0 1477
cpu 19 3028033 0 164750 24975342 122273 0 1145
cpu 18 3154637 2 142530 24947214 51984 0 367
cpu 1 3268433 12 128608 24916645 58693 0 3018
cpu 0 3249708 2 131895 24859659 60580 0 917
cpu 3 3053118 2 128299 25144057 59725 0 1789
cpu 2 2959439 1 147537 25193896 81786 0 1198
cpu 5 2907442 0 137631 25250262 89554 0 3074
cpu 4 2823084 1 164092 25221702 168840 0 7286
cpu 7 3439761 0 136992 24767404 47588 0 876
cpu 6 3210682 1 126237 24992748 59825 0 2390
cpu 9 3013283 2 129146 25196180 51822 0 486
cpu 8 3148806 81 138019 25014235 53201 0 9398
intel_hsw_cbo 1/7 20971793 20972340 20975390 20972852 17214851265669 757468166102 2563799704621 459799696564
intel_hsw_cbo 1/6 20971793 20972340 20975390 20972852 16500596485866 758873227618 2417831886676 460119197690
intel_hsw_cbo 1/0 20971793 20972340 20975390 20972852 15916279848586 757195621360 2232599141670 459950059676
intel_hsw_cbo 1/4 20971793 20972340 20975390 20972852 16233835230599 759826361777 2041417556945 459906540001
intel_hsw_cbo 1/3 20971793 20972340 20975390 20972852 18865052754627 757983419170 2839772384969 459981216937
intel_hsw_cbo 1/1 20971793 20972340 20975390 20972852 16105384476115 758862346299 2351478917481 459897622601
intel_hsw_cbo 0/8 20971793 20972340 20975390 20972852 15096933483396 693907061461 2118131212621 424195728108
intel_hsw_cbo 0/9 20971793 20972340 20975390 20972852 16734803507858 692973001596 2722221441961 424222150387
intel_hsw_cbo 0/6 20971793 20972340 20975390 20972852 16651993464695 747593275212 2232433098675 459319405014
intel_hsw_cbo 0/7 20971793 20972340 20975390 20972852 18038321815498 747570071800 2425844986391 459154465490
intel_hsw_cbo 0/4 20971793 20972340 20975390 20972852 16409929155902 748654764588 2038124904135 459235620390
intel_hsw_cbo 0/5 20971793 20972340 20975390 20972852 20056396477103 744903436128 2447048206186 459472634820
intel_hsw_cbo 0/2 20971793 20972340 20975390 20972852 15959004442430 746746345820 1991354024830 459153687225
intel_hsw_cbo 0/3 20971793 20972340 20975390 20972852 20734263883446 746409337783 2742031126557 459212143225
intel_hsw_cbo 0/0 20971793 20972340 20975390 20972852 16360270450812 746903525178 2224923621329 459609890328
intel_hsw_cbo 0/1 20971793 20972340 20975390 20972852 16770106179718 747704308924 2186147989599 459267214915
intel_hsw_cbo 1/9 20971793 20972340 20975390 20972852 16470077316612 703121124295 2889292844318 425127171060
intel_hsw_cbo 1/5 20971793 20972340 20975390 20972852 18240318155326 755618139457 2550386847480 460348296559
intel_hsw_cbo 1/8 20971793 20972340 20975390 20972852 14878357002467 704158967803 2292670161362 425164646712
intel_hsw_cbo 1/2 20971793 20972340 20975390 20972852 15596915774735 757580790647 1978482142512 460054503279
intel_hsw_hau ff/12.5 20972289 20974593 20971520 20975386 6176384177980 1750583707301 101163756535573 1754537927662
intel_hsw_hau 7f/12.1 20972289 20974593 20971520 20975386 5027081130783 1604390207610 94497534937177 1609405568447
intel_hsw_hau ff/12.1 20972289 20974593 20971520 20975386 7034395565952 2231951927417 101163756596290 2238359475637
intel_hsw_hau 7f/12.5 20972289 20974593 20971520 20975386 4715375676137 1477759120665 94497535956616 1481241545810
intel_hsw_imc ff/14.1 20972292 20974596 20974337 20971778 3074183074560 880117637487 3147345093473 1747047236428 0
intel_hsw_imc ff/14.0 20972292 20974596 20974337 20971778 3940274027326 1366672371071 3488160026634 1517047882350 0
intel_hsw_imc 7f/17.1 20972292 20974596 20974337 20971778 2350944434288 743209915882 2472894687713 1335619097700 0
intel_hsw_imc 7f/17.0 20972292 20974596 20974337 20971778 2349318721145 743021232409 2471981178148 1343168987216 0
intel_hsw_imc 7f/14.0 20972292 20974596 20974337 20971778 2661868817477 873690628734 2563195747172 1079846752453 0
intel_hsw_imc 7f/14.1 20972292 20974596 20974337 20971778 2346380700685 742999815563 2455233483612 1324364879308 0
intel_hsw_imc ff/17.0 20972292 20974596 20974337 20971778 3076915271928 880233326980 3171538598382 1772612536065 0
intel_hsw_imc ff/17.1 20972292 20974596 20974337 20971778 3077948576701 880111697981 3170099898410 1759684363578 0
intel_hsw_qpi ff/08.2 6291712 6292480 6293506 6292483 3870702472106 2705980560297 10671427614232 0
intel_hsw_qpi 7f/08.2 6291712 6292480 6293506 6292483 2703058379571 3874084994528 13749879944558 0
intel_hsw_qpi 7f/09.2 6291712 6292480 6293506 6292483 2703722835118 3873872548701 12564559508208 0
intel_hsw_qpi ff/09.2 6291712 6292480 6293506 6292483 3870725247769 2705483292740 11692812135912 0
intel_hsw_r2pci 7f/10.1 20972580 20975369 20975367 20975368 4607953298 24788840088353 26842201799841 31409852395233
intel_hsw_r2pci ff/10.1 20972580 20975369 20975367 20975368 46768658 23510809650209 26238915164443 29814632742655
mem 1 82566752 31496032 51070720 11373608 38955500 144 0 50249436 12971784 79688 37368 0 0 440996 0 0 0
mem 0 82341048 8906908 73434140 16923396 54377492 208 0 70774856 43679696 529112 126232 0 0 635312 28672 0 0
net enp6s0f0 0 0 0 0 0 0 0 0 0 0 0 0 0 0 6536 0 0 0 0 0 0 92 0
net vnet40 0 0 51260 0 0 0 0 0 0 0 0 0 283 0 49158 0 0 0 0 0 0 280 0
net enp1s0f0 0 1318191 77977839758 0 0 0 0 371 0 0 371 0 80955154 0 1597026751 0 0 0 0 0 0 9054864 0
net lo 0 0 59939438 0 0 0 0 0 0 0 0 0 476781 0 59939438 0 0 0 0 0 0 476781 0
net vnet20 0 0 11512096 0 0 0 0 0 0 0 0 0 81574 0 1150440893 0 0 0 0 0 0 134422 0
net vnet23 0 0 8310087 0 0 0 0 0 0 0 0 0 65720 0 495993261 0 0 0 0 0 0 89995 0
net vnet21 0 0 11159818 0 0 0 0 0 0 0 0 0 77652 0 1150433450 0 0 0 0 0 0 131299 0
net vnet37 0 0 225707 0 0 0 0 0 0 0 0 0 1454 0 5982221 0 0 0 0 0 0 2175 0
net vnet24 0 0 582459 0 0 0 0 0 0 0 0 0 7099 0 80582079 0 0 0 0 0 0 18249 0
net vnet38 0 0 437503 0 0 0 0 0 0 0 0 0 4162 0 64616322 0 0 0 0 0 0 7114 0
net virbr0 0 1269 375563316 0 0 0 0 0 0 0 0 0 4997144 0 70408399920 0 0 0 0 0 0 7220596 0
numa 1 2582802130 18927329 1008175 29040 1602709707 998585922
numa 0 2098247639 1008175 18927329 28452 1129227408 969769173
ps - 829998260 1528899 304 250 233 1 801
sysv_shm - 0 0
tmpfs /run/lock 0 6
tmpfs /run 2281472 1160
tmpfs /run/user/20029 4096 44
tmpfs /run/qemu 0 1
tmpfs /dev/shm 70438268928 271024
vfs - 298267 173625 309456
vm - 14 28235070 1310745930 520728 2496526 4695993794 4708274813 86240130 21487430 4401725259 76582 0 0 0 0 0 2714357 0 1121522 2855 0 2495195 84 0 34 0 0

1764549299.666763 0 node12.dhkim-278716.ldos-ut-pg0.wisc.cloudlab.us
block sda 417123 407057 56455132 9194339 5511638 14723539 2621491861 238264935 0 16949376 251566714
block sdb 2600 0 7504 3491 4 0 0 0 0 4228 3491
block sdc 990 0 7993 259 4 0 0 0 0 956 260
cpu 11 3367068 2 177738 24590759 166758 0 2091
cpu 10 3503518 13 158964 24539747 111054 0 1081
cpu 13 3206605 0 135508 24903200 55500 0 307
cpu 12 3269831 2 151784 24782287 100293 0 811
cpu 15 2953782 0 142100 25125154 73948 0 588
cpu 14 2917781 1 134192 25192704 51679 0 262
cpu 17 3047804 10 138931 25041241 67520 0 402
cpu 16 3005950 0 160503 24979960 144794 0 1477
cpu 19 3028033 0 164750 24975445 122273 0 1145
cpu 18 3154637 2 142530 24947316 51984 0 367
cpu 1 3268433 12 128608 24916747 58693 0 3018
cpu 0 3249709 2 131896 24859761 60580 0 917
cpu 3 3053119 2 128300 25144157 59725 0 1789
cpu 2 2959439 1 147537 25193999 81786 0 1198
cpu 5 2907444 0 137633 25250361 89554 0 3074
cpu 4 2823086 1 164092 25221803 168840 0 7286
cpu 7 3439761 0 136992 24767506 47588 0 876
cpu 6 3210682 1 126238 24992850 59825 0 2390
cpu 9 3013283 2 129146 25196283 51822 0 486
cpu 8 3148806 81 138019 25014338 53201 0 9398
intel_hsw_cbo 1/7 20971793 20972340 20975390 20972852 17214853154621 757468461635 2563799864842 459799775687
intel_hsw_cbo 1/6 20971793 20972340 20975390 20972852 16500598087603 758873518230 2417832017944 460119276987
intel_hsw_cbo 1/0 20971793 20972340 20975390 20972852 15916281497542 757195914009 2232599433241 459950138969
intel_hsw_cbo 1/4 20971793 20972340 20975390 20972852 16233836823612 759826659618 2041417813871 459906619337
intel_hsw_cbo 1/3 20971793 20972340 20975390 20972852 18865054835622 757983712138 2839772552627 459981295164
intel_hsw_cbo 1/1 20971793 20972340 20975390 20972852 16105385941875 758862642693 2351479075633 459897702302
intel_hsw_cbo 0/8 20971793 20972340 20975390 20972852 15096934925165 693907341367 2118131928405 424195824792
intel_hsw_cbo 0/9 20971793 20972340 20975390 20972852 16734804931679 692973281516 2722221579101 424222249119
intel_hsw_cbo 0/6 20971793 20972340 20975390 20972852 16651994895262 747593577238 2232433841506 459319505254
intel_hsw_cbo 0/7 20971793 20972340 20975390 20972852 18038323350775 747570376600 2425845036890 459154567356
intel_hsw_cbo 0/4 20971793 20972340 20975390 20972852 16409930588201 748655066424 2038125079506 459235721007
intel_hsw_cbo 0/5 20971793 20972340 20975390 20972852 20056397917201 744903729061 2447048261478 459472736880
intel_hsw_cbo 0/2 20971793 20972340 20975390 20972852 15959005831217 746746647440 1991354122081 459153790799
intel_hsw_cbo 0/3 20971793 20972340 20975390 20972852 20734265527678 746409639118 2742031269547 459212245967
intel_hsw_cbo 0/0 20971793 20972340 20975390 20972852 16360272041610 746903829998 2224923671965 459609991799
intel_hsw_cbo 0/1 20971793 20972340 20975390 20972852 16770107672399 747704607424 2186148634985 459267316668
intel_hsw_cbo 1/9 20971793 20972340 20975390 20972852 16470079042273 703121392667 2889293030212 425127248320
intel_hsw_cbo 1/5 20971793 20972340 20975390 20972852 18240319964692 755618430025 2550386991019 460348375501
intel_hsw_cbo 1/8 20971793 20972340 20975390 20972852 14878358518214 704159241153 2292670300422 425164723907
intel_hsw_cbo 1/2 20971793 20972340 20975390 20972852 15596917484031 757581086627 1978482422642 460054581993
intel_hsw_hau ff/12.5 20972289 20974593 20971520 20975386 6176384709987 1750583815642 101164689129214 1754538039596
intel_hsw_hau 7f/12.1 20972289 20974593 20971520 20975386 5027083120687 1604390839637 94498455082086 1609406209589
intel_hsw_hau ff/12.1 20972289 20974593 20971520 20975386 7034396850995 2231952282185 101164689172787 2238359837634
intel_hsw_hau 7f/12.5 20972289 20974593 20971520 20975386 4715377089054 1477759574206 94498456121765 1481242001785
intel_hsw_imc ff/14.1 20972292 20974596 20974337 20971778 3074183339379 880117693141 3147345198513 1747047246511 0
intel_hsw_imc ff/14.0 20972292 20974596 20974337 20971778 3940275058069 1366672690969 3488160260011 1517047916766 0
intel_hsw_imc 7f/17.1 20972292 20974596 20974337 20971778 2350945141424 743210143895 2472895066597 1335619174283 0
intel_hsw_imc 7f/17.0 20972292 20974596 20974337 20971778 2349319441160 743021473669 2471981570028 1343169064634 0
intel_hsw_imc 7f/14.0 20972292 20974596 20974337 20971778 2661870117821 873691060474 2563196260151 1079846821763 0
intel_hsw_imc 7f/14.1 20972292 20974596 20974337 20971778 2346381406419 743000044026 2455233861809 1324364955605 0
intel_hsw_imc ff/17.0 20972292 20974596 20974337 20971778 3076915536665 880233382815 3171538704115 1772612546152 0
intel_hsw_imc ff/17.1 20972292 20974596 20974337 20971778 3077948851845 880111763504 3170100014320 1759684374217 0
intel_hsw_qpi ff/08.2 6291712 6292480 6293506 6292483 3870703494972 2705981795977 10671429091128 0
intel_hsw_qpi 7f/08.2 6291712 6292480 6293506 6292483 2703059614751 3874086016808 13749880703942 0
intel_hsw_qpi 7f/09.2 6291712 6292480 6293506 6292483 2703724071731 3873873571569 12564560190888 0
intel_hsw_qpi ff/09.2 6291712 6292480 6293506 6292483 3870726270032 2705484525446 11692814097672 0
intel_hsw_r2pci 7f/10.1 20972580 20975369 20975367 20975368 4607961210 24788845327373 26842209518671 31409860437386
intel_hsw_r2pci ff/10.1 20972580 20975369 20975367 20975368 46768944 23510816316968 26238922388486 29814641907893
mem 1 82566752 31496404 51070348 11373608 38955484 144 0 50249436 12971784 79692 37368 0 0 440988 0 0 0
mem 0 82341048 8905396 73435652 16923396 54377480 244 0 70774860 43679696 529108 126244 0 0 635352 28672 0 0
net enp6s0f0 0 0 0 0 0 0 0 0 0 0 0 0 0 0 6536 0 0 0 0 0 0 92 0
net vnet40 0 0 51350 0 0 0 0 0 0 0 0 0 284 0 49248 0 0 0 0 0 0 281 0
net enp1s0f0 0 1318196 77977846919 0 0 0 0 371 0 0 371 0 80955240 0 1597027552 0 0 0 0 0 0 9054870 0
net lo 0 0 59939983 0 0 0 0 0 0 0 0 0 476785 0 59939983 0 0 0 0 0 0 476785 0
net vnet20 0 0 11512096 0 0 0 0 0 0 0 0 0 81574 0 1150440893 0 0 0 0 0 0 134422 0
net vnet23 0 0 8310087 0 0 0 0 0 0 0 0 0 65720 0 495993261 0 0 0 0 0 0 89995 0
net vnet21 0 0 11159818 0 0 0 0 0 0 0 0 0 77652 0 1150433450 0 0 0 0 0 0 131299 0
net vnet37 0 0 225707 0 0 0 0 0 0 0 0 0 1454 0 5982221 0 0 0 0 0 0 2175 0
net vnet24 0 0 582459 0 0 0 0 0 0 0 0 0 7099 0 80582079 0 0 0 0 0 0 18249 0
net vnet38 0 0 437503 0 0 0 0 0 0 0 0 0 4162 0 64616322 0 0 0 0 0 0 7114 0
net virbr0 0 1269 375563392 0 0 0 0 0 0 0 0 0 4997145 0 70408400010 0 0 0 0 0 0 7220597 0
numa 1 2582803084 18927329 1008175 29040 1602710661 998585922
numa 0 2098248623 1008175 18927329 28452 1129228392 969769173
ps - 830001846 1528910 280 246 231 1 801
sysv_shm - 0 0
tmpfs /run/lock 0 6
tmpfs /run 2281472 1160
tmpfs /run/user/20029 4096 44
tmpfs /run/qemu 0 1
tmpfs /dev/shm 70438268928 271024
vfs - 298267 173585 309456
vm - 14 28235070 1310745930 520728 2496526 4695995732 4708276751 86240130 21487430 4401727350 76582 0 0 0 0 0 2714357 0 1121522 2855 0 2495195 84 0 34 0 0

1764549300.706620 0 node12.dhkim-278716.ldos-ut-pg0.wisc.cloudlab.us
block sda 417123 407057 56455132 9194339 5511713 14723539 2621492501 238265491 2 16949484 251567271
block sdb 2600 0 7504 3491 4 0 0 0 0 4228 3491
block sdc 990 0 7993 259 4 0 0 0 0 956 260
cpu 11 3367068 2 177738 24590862 166758 0 2091
cpu 10 3503519 13 158965 24539848 111054 0 1081
cpu 13 3206607 0 135508 24903302 55500 0 307
cpu 12 3269834 2 151784 24782389 100293 0 811
cpu 15 2953782 0 142102 25125256 73948 0 588
cpu 14 2917781 1 134192 25192808 51679 0 262
cpu 17 3047804 10 138931 25041345 67520 0 402
cpu 16 3005950 0 160503 24980063 144794 0 1477
cpu 19 3028033 0 164750 24975549 122273 0 1145
cpu 18 3154638 2 142530 24947417 51984 0 367
cpu 1 3268434 12 128608 24916848 58693 0 3018
cpu 0 3249710 2 131897 24859861 60580 0 917
cpu 3 3053120 2 128300 25144259 59725 0 1789
cpu 2 2959439 1 147537 25194101 81786 0 1198
cpu 5 2907444 0 137633 25250464 89554 0 3074
cpu 4 2823090 1 164093 25221903 168840 0 7286
cpu 7 3439762 0 136993 24767609 47588 0 876
cpu 6 3210682 1 126238 24992952 59826 0 2390
cpu 9 3013283 2 129146 25196376 51832 0 486
cpu 8 3148806 81 138019 25014441 53201 0 9398
intel_hsw_cbo 1/7 20971793 20972340 20975390 20972852 17214855081773 757468758994 2563800002903 459799859143
intel_hsw_cbo 1/6 20971793 20972340 20975390 20972852 16500599793063 758873810970 2417832206003 460119359753
intel_hsw_cbo 1/0 20971793 20972340 20975390 20972852 15916283174017 757196211114 2232599804133 459950225271
intel_hsw_cbo 1/4 20971793 20972340 20975390 20972852 16233838554002 759826961145 2041418159187 459906704805
intel_hsw_cbo 1/3 20971793 20972340 20975390 20972852 18865056836259 757984006754 2839772713701 459981378007
intel_hsw_cbo 1/1 20971793 20972340 20975390 20972852 16105387515970 758862941240 2351479276422 459897787631
intel_hsw_cbo 0/8 20971793 20972340 20975390 20972852 15096936721181 693907639570 2118132682777 424195935391
intel_hsw_cbo 0/9 20971793 20972340 20975390 20972852 16734806696169 692973582025 2722221740574 424222361175
intel_hsw_cbo 0/6 20971793 20972340 20975390 20972852 16651996645075 747593905907 2232434511061 459319623075
intel_hsw_cbo 0/7 20971793 20972340 20975390 20972852 18038325160219 747570706076 2425845090839 459154685558
intel_hsw_cbo 0/4 20971793 20972340 20975390 20972852 16409932167771 748655390544 2038125404083 459235837859
intel_hsw_cbo 0/5 20971793 20972340 20975390 20972852 20056399705548 744904045686 2447048319170 459472854544
intel_hsw_cbo 0/2 20971793 20972340 20975390 20972852 15959007552162 746746973671 1991354395483 459153910142
intel_hsw_cbo 0/3 20971793 20972340 20975390 20972852 20734267615872 746409965196 2742031434685 459212364401
intel_hsw_cbo 0/0 20971793 20972340 20975390 20972852 16360273918684 746904156867 2224923927189 459610109772
intel_hsw_cbo 0/1 20971793 20972340 20975390 20972852 16770109270086 747704928979 2186149340406 459267433687
intel_hsw_cbo 1/9 20971793 20972340 20975390 20972852 16470080831746 703121664485 2889293209827 425127330745
intel_hsw_cbo 1/5 20971793 20972340 20975390 20972852 18240321831090 755618723643 2550387113209 460348459682
intel_hsw_cbo 1/8 20971793 20972340 20975390 20972852 14878360219758 704159516674 2292670481081 425164804604
intel_hsw_cbo 1/2 20971793 20972340 20975390 20972852 15596919127783 757581384256 1978482775005 460054665803
intel_hsw_hau ff/12.5 20972289 20974593 20971520 20975386 6176385259014 1750583936986 101165635090368 1754538164504
intel_hsw_hau 7f/12.1 20972289 20974593 20971520 20975386 5027085183159 1604391564415 94499382136446 1609406943284
intel_hsw_hau ff/12.1 20972289 20974593 20971520 20975386 7034398199281 2231952661764 101165635133969 2238360224522
intel_hsw_hau 7f/12.5 20972289 20974593 20971520 20975386 4715378566815 1477760109606 94499383175889 1481242539675
intel_hsw_imc ff/14.1 20972292 20974596 20974337 20971778 3074183612456 880117755169 3147345307742 1747047257566 0
intel_hsw_imc ff/14.0 20972292 20974596 20974337 20971778 3940276143112 1366673029310 3488160503193 1517047954568 0
intel_hsw_imc 7f/17.1 20972292 20974596 20974337 20971778 2350945881137 743210413089 2472895505895 1335619269312 0
intel_hsw_imc 7f/17.0 20972292 20974596 20974337 20971778 2349320193725 743021756135 2471982021199 1343169160503 0
intel_hsw_imc 7f/14.0 20972292 20974596 20974337 20971778 2661871458963 873691544896 2563196841926 1079846909289 0
intel_hsw_imc 7f/14.1 20972292 20974596 20974337 20971778 2346382144130 743000312949 2455234300193 1324365050423 0
intel_hsw_imc ff/17.0 20972292 20974596 20974337 20971778 3076915809214 880233445067 3171538813707 1772612557398 0
intel_hsw_imc ff/17.1 20972292 20974596 20974337 20971778 3077949136078 880111835574 3170100134474 1759684385762 0
intel_hsw_qpi ff/08.2 6291712 6292480 6293506 6292483 3870704559447 2705983190123 10671430569200 0
intel_hsw_qpi 7f/08.2 6291712 6292480 6293506 6292483 2703061006024 3874087080976 13749881501206 0
intel_hsw_qpi 7f/09.2 6291712 6292480 6293506 6292483 2703725465817 3873874636055 12564560896872 0
intel_hsw_qpi ff/09.2 6291712 6292480 6293506 6292483 3870727334171 2705485916736 11692816055576 0
intel_hsw_r2pci 7f/10.1 20972580 20975369 20975367 20975368 4607971302 24788851345436 26842217762242 31409869602416
intel_hsw_r2pci ff/10.1 20972580 20975369 20975367 20975368 46769092 23510823532303 26238931289282 29814651845628
mem 1 82566752 31496404 51070348 11373612 38955528 60 0 50249444 12971784 79720 37412 0 0 440916 0 0 0
mem 0 82341048 8904892 73436156 16923392 54377096 44 0 70774860 43679696 529168 126248 0 0 635344 28672 0 0
net enp6s0f0 0 0 0 0 0 0 0 0 0 0 0 0 0 0 6536 0 0 0 0 0 0 92 0
net vnet40 0 0 51350 0 0 0 0 0 0 0 0 0 284 0 49300 0 0 0 0 0 0 282 0
net enp1s0f0 0 1318201 77977852616 0 0 0 0 371 0 0 371 0 80955327 0 1597028263 0 0 0 0 0 0 9054875 0
net lo 0 0 59940528 0 0 0 0 0 0 0 0 0 476789 0 59940528 0 0 0 0 0 0 476789 0
net vnet20 0 0 11512096 0 0 0 0 0 0 0 0 0 81574 0 1150440945 0 0 0 0 0 0 134423 0
net vnet23 0 0 8310087 0 0 0 0 0 0 0 0 0 65720 0 495993313 0 0 0 0 0 0 89996 0
net vnet21 0 0 11159818 0 0 0 0 0 0 0 0 0 77652 0 1150433502 0 0 0 0 0 0 131300 0
net vnet37 0 0 225707 0 0 0 0 0 0 0 0 0 1454 0 5982273 0 0 0 0 0 0 2176 0
net vnet24 0 0 582459 0 0 0 0 0 0 0 0 0 7099 0 80582131 0 0 0 0 0 0 18250 0
net vnet38 0 0 437503 0 0 0 0 0 0 0 0 0 4162 0 64616374 0 0 0 0 0 0 7115 0
net virbr0 0 1269 375563392 0 0 0 0 0 0 0 0 0 4997145 0 70408400010 0 0 0 0 0 0 7220597 0
numa 1 2582803854 18927329 1008175 29040 1602711431 998585922
numa 0 2098249775 1008175 18927329 28452 1129229544 969769173
ps - 830005616 1528921 280 246 231 1 801
sysv_shm - 0 0
tmpfs /run/lock 0 6
tmpfs /run 2281472 1160
tmpfs /run/user/20029 4096 44
tmpfs /run/qemu 0 1
tmpfs /dev/shm 70438268928 271024
vfs - 298267 173585 309456
vm - 14 28235126 1310746250 520728 2496526 4695997654 4708278681 86240131 21487430 4401729517 76583 0 0 0 0 0 2714357 0 1121522 2855 0 2495195 84 0 34 0 0

1764549301.744992 0 node12.dhkim-278716.ldos-ut-pg0.wisc.cloudlab.us
block sda 417125 407057 56455244 9194355 5511713 14723539 2621492501 238265491 0 16949492 251567287
block sdb 2600 0 7504 3491 4 0 0 0 0 4228 3491
block sdc 990 0 7993 259 4 0 0 0 0 956 260
cpu 11 3367068 2 177739 24590965 166758 0 2091
cpu 10 3503520 13 158965 24539948 111054 0 1081
cpu 13 3206608 0 135509 24903405 55500 0 307
cpu 12 3269836 2 151785 24782490 100293 0 811
cpu 15 2953782 0 142102 25125359 73948 0 588
cpu 14 2917781 1 134192 25192911 51679 0 262
cpu 17 3047804 10 138931 25041449 67520 0 402
cpu 16 3005950 0 160503 24980166 144794 0 1477
cpu 19 3028033 0 164750 24975652 122273 0 1145
cpu 18 3154641 2 142532 24947518 51984 0 367
cpu 1 3268434 12 128608 24916949 58693 0 3018
cpu 0 3249710 2 131898 24859962 60580 0 917
cpu 3 3053121 2 128300 25144362 59725 0 1789
cpu 2 2959439 1 147537 25194205 81786 0 1198
cpu 5 2907444 0 137633 25250567 89554 0 3074
cpu 4 2823092 1 164093 25222004 168840 0 7286
cpu 7 3439762 0 136993 24767712 47588 0 876
cpu 6 3210684 1 126238 24993053 59826 0 2390
cpu 9 3013283 2 129146 25196479 51832 0 486
cpu 8 3148807 81 138020 25014544 53201 0 9398
intel_hsw_cbo 1/7 20971793 20972340 20975390 20972852 17214856944098 757469063015 2563800118518 459799942490
intel_hsw_cbo 1/6 20971793 20972340 20975390 20972852 16500601410808 758874109123 2417832367162 460119443809
intel_hsw_cbo 1/0 20971793 20972340 20975390 20972852 15916284932064 757196514194 2232600442186 459950308893
intel_hsw_cbo 1/4 20971793 20972340 20975390 20972852 16233840199712 759827267776 2041418698589 459906788180
intel_hsw_cbo 1/3 20971793 20972340 20975390 20972852 18865058854693 757984307787 2839772886327 459981460012
intel_hsw_cbo 1/1 20971793 20972340 20975390 20972852 16105389036786 758863245607 2351479519010 459897870656
intel_hsw_cbo 0/8 20971793 20972340 20975390 20972852 15096938031189 693907906142 2118133286610 424196026321
intel_hsw_cbo 0/9 20971793 20972340 20975390 20972852 16734807940885 692973850084 2722221872450 424222453627
intel_hsw_cbo 0/6 20971793 20972340 20975390 20972852 16651998082596 747594197401 2232435032680 459319719462
intel_hsw_cbo 0/7 20971793 20972340 20975390 20972852 18038326577865 747570999583 2425845136795 459154782773
intel_hsw_cbo 0/4 20971793 20972340 20975390 20972852 16409933330317 748655679416 2038125665873 459235933362
intel_hsw_cbo 0/5 20971793 20972340 20975390 20972852 20056401043395 744904327504 2447048369724 459472951085
intel_hsw_cbo 0/2 20971793 20972340 20975390 20972852 15959008875938 746747263538 1991354616944 459154008178
intel_hsw_cbo 0/3 20971793 20972340 20975390 20972852 20734269279150 746410253793 2742031577908 459212460929
intel_hsw_cbo 0/0 20971793 20972340 20975390 20972852 16360275308100 746904448410 2224924134986 459610206185
intel_hsw_cbo 0/1 20971793 20972340 20975390 20972852 16770110540023 747705214656 2186149904420 459267529949
intel_hsw_cbo 1/9 20971793 20972340 20975390 20972852 16470082617381 703121940921 2889293388276 425127409980
intel_hsw_cbo 1/5 20971793 20972340 20975390 20972852 18240323692223 755619023938 2550387219673 460348542312
intel_hsw_cbo 1/8 20971793 20972340 20975390 20972852 14878361915376 704159796936 2292670673108 425164883605
intel_hsw_cbo 1/2 20971793 20972340 20975390 20972852 15596920690224 757581687475 1978483357790 460054748187
intel_hsw_hau ff/12.5 20972289 20974593 20971520 20975386 6176385823858 1750584044376 101166570162077 1754538275529
intel_hsw_hau 7f/12.1 20972289 20974593 20971520 20975386 5027087106953 1604392192104 94500288322072 1609407581769
intel_hsw_hau ff/12.1 20972289 20974593 20971520 20975386 7034399537213 2231953019767 101166570222762 2238360589839
intel_hsw_hau 7f/12.5 20972289 20974593 20971520 20975386 4715379930856 1477760561467 94500289343371 1481242995344
intel_hsw_imc ff/14.1 20972292 20974596 20974337 20971778 3074183894199 880117810601 3147345415737 1747047268289 0
intel_hsw_imc ff/14.0 20972292 20974596 20974337 20971778 3940277210515 1366673353041 3488160741747 1517047991112 0
intel_hsw_imc 7f/17.1 20972292 20974596 20974337 20971778 2350946563570 743210640884 2472895873130 1335619345926 0
intel_hsw_imc 7f/17.0 20972292 20974596 20974337 20971778 2349320889128 743021996898 2471982401393 1343169237787 0
intel_hsw_imc 7f/14.0 20972292 20974596 20974337 20971778 2661872717639 873691974097 2563197335551 1079846977042 0
intel_hsw_imc 7f/14.1 20972292 20974596 20974337 20971778 2346382825052 743000540658 2455234666223 1324365125697 0
intel_hsw_imc ff/17.0 20972292 20974596 20974337 20971778 3076916091070 880233500785 3171538922715 1772612568301 0
intel_hsw_imc ff/17.1 20972292 20974596 20974337 20971778 3077949427049 880111900528 3170100252924 1759684396901 0
intel_hsw_qpi ff/08.2 6291712 6292480 6293506 6292483 3870705614448 2705984414989 10671432021808 0
intel_hsw_qpi 7f/08.2 6291712 6292480 6293506 6292483 2703062229420 3874088135288 13749882294286 0
intel_hsw_qpi 7f/09.2 6291712 6292480 6293506 6292483 2703726690623 3873875691069 12564561597448 0
intel_hsw_qpi ff/09.2 6291712 6292480 6293506 6292483 3870728388473 2705487140217 11692817976408 0
intel_hsw_r2pci 7f/10.1 20972580 20975369 20975367 20975368 4607978722 24788856664488 26842225355852 31409878119292
intel_hsw_r2pci ff/10.1 20972580 20975369 20975367 20975368 46769250 23510830183588 26238939296084 29814661178598
mem 1 82566752 31496404 51070348 11373612 38955552 140 0 50249452 12971784 79820 37456 0 0 440812 0 0 0
mem 0 82341048 8904640 73436408 16923404 54377484 152 0 70774916 43679700 529092 126196 0 0 635344 28672 0 0
net enp6s0f0 0 0 0 0 0 0 0 0 0 0 0 0 0 0 6536 0 0 0 0 0 0 92 0
net vnet40 0 0 51350 0 0 0 0 0 0 0 0 0 284 0 49300 0 0 0 0 0 0 282 0
net enp1s0f0 0 1318205 77977857113 0 0 0 0 371 0 0 371 0 80955394 0 1597028974 0 0 0 0 0 0 9054880 0
net lo 0 0 59941073 0 0 0 0 0 0 0 0 0 476793 0 59941073 0 0 0 0 0 0 476793 0
net vnet20 0 0 11512096 0 0 0 0 0 0 0 0 0 81574 0 1150440945 0 0 0 0 0 0 134423 0
net vnet23 0 0 8310087 0 0 0 0 0 0 0 0 0 65720 0 495993313 0 0 0 0 0 0 89996 0
net vnet21 0 0 11159818 0 0 0 0 0 0 0 0 0 77652 0 1150433502 0 0 0 0 0 0 131300 0
net vnet37 0 0 225707 0 0 0 0 0 0 0 0 0 1454 0 5982273 0 0 0 0 0 0 2176 0
net vnet24 0 0 582459 0 0 0 0 0 0 0 0 0 7099 0 80582131 0 0 0 0 0 0 18250 0
net vnet38 0 0 437503 0 0 0 0 0 0 0 0 0 4162 0 64616374 0 0 0 0 0 0 7115 0
net virbr0 0 1269 375563392 0 0 0 0 0 0 0 0 0 4997145 0 70408400010 0 0 0 0 0 0 7220597 0
numa 1 2582804658 18927329 1008175 29040 1602712235 998585922
numa 0 2098250925 1008175 18927329 28452 1129230694 969769173
ps - 830009144 1528932 280 246 231 1 801
sysv_shm - 0 0
tmpfs /run/lock 0 6
tmpfs /run 2281472 1160
tmpfs /run/user/20029 4096 44
tmpfs /run/qemu 0 1
tmpfs /dev/shm 70438268928 271024
vfs - 298267 173585 309456
vm - 14 28235126 1310746250 520728 2496526 4695999611 4708280642 86240134 21487430 4401731615 76583 0 0 0 0 0 2714357 0 1121522 2855 0 2495195 84 0 34 0 0

1764549302.780342 0 node12.dhkim-278716.ldos-ut-pg0.wisc.cloudlab.us
block sda 417125 407057 56455244 9194355 5511728 14723549 2621492717 238265541 0 16949540 251567366
block sdb 2600 0 7504 3491 4 0 0 0 0 4228 3491
block sdc 990 0 7993 259 4 0 0 0 0 956 260
cpu 11 3367068 2 177739 24591068 166758 0 2091
cpu 10 3503522 13 158965 24540048 111054 0 1081
cpu 13 3206608 0 135509 24903506 55501 0 307
cpu 12 3269838 2 151785 24782591 100293 0 811
cpu 15 2953782 0 142102 25125462 73948 0 588
cpu 14 2917784 1 134192 25193012 51679 0 262
cpu 17 3047804 10 138931 25041552 67520 0 402
cpu 16 3005950 0 160503 24980268 144794 0 1477
cpu 19 3028033 0 164750 24975756 122273 0 1145
cpu 18 3154641 2 142532 24947621 51984 0 367
cpu 1 3268436 12 128610 24917048 58693 0 3018
cpu 0 3249711 2 131898 24860063 60580 0 917
cpu 3 3053122 2 128300 25144463 59725 0 1789
cpu 2 2959439 1 147537 25194307 81786 0 1198
cpu 5 2907444 0 137633 25250669 89554 0 3074
cpu 4 2823093 1 164094 25222105 168840 0 7286
cpu 7 3439763 0 136993 24767815 47588 0 876
cpu 6 3210686 1 126238 24993152 59828 0 2390
cpu 9 3013283 2 129146 25196583 51832 0 486
cpu 8 3148807 81 138020 25014647 53201 0 9398
intel_hsw_cbo 1/7 20971793 20972340 20975390 20972852 17214858564823 757469341639 2563800147182 459800019163
intel_hsw_cbo 1/6 20971793 20972340 20975390 20972852 16500602796933 758874381870 2417832564226 460119520470
intel_hsw_cbo 1/0 20971793 20972340 20975390 20972852 15916286454732 757196791302 2232600980267 459950387130
intel_hsw_cbo 1/4 20971793 20972340 20975390 20972852 16233841685257 759827549113 2041419177337 459906866538
intel_hsw_cbo 1/3 20971793 20972340 20975390 20972852 18865060679503 757984582978 2839772986761 459981536084
intel_hsw_cbo 1/1 20971793 20972340 20975390 20972852 16105390489934 758863523245 2351479792063 459897948715
intel_hsw_cbo 0/8 20971793 20972340 20975390 20972852 15096939661321 693908200027 2118133526645 424196124973
intel_hsw_cbo 0/9 20971793 20972340 20975390 20972852 16734809471248 692974145170 2722222077040 424222552732
intel_hsw_cbo 0/6 20971793 20972340 20975390 20972852 16651999662961 747594517456 2232435263577 459319821334
intel_hsw_cbo 0/7 20971793 20972340 20975390 20972852 18038328220419 747571322332 2425845310529 459154887060
intel_hsw_cbo 0/4 20971793 20972340 20975390 20972852 16409934738956 748655996562 2038125928157 459236038081
intel_hsw_cbo 0/5 20971793 20972340 20975390 20972852 20056402682526 744904638947 2447048566623 459473055127
intel_hsw_cbo 0/2 20971793 20972340 20975390 20972852 15959010401360 746747581055 1991354880055 459154113015
intel_hsw_cbo 0/3 20971793 20972340 20975390 20972852 20734271058114 746410572761 2742031848487 459212564674
intel_hsw_cbo 0/0 20971793 20972340 20975390 20972852 16360276976939 746904769276 2224924408491 459610311745
intel_hsw_cbo 0/1 20971793 20972340 20975390 20972852 16770112041304 747705529637 2186150148040 459267636034
intel_hsw_cbo 1/9 20971793 20972340 20975390 20972852 16470084156984 703122194262 2889293487601 425127484906
intel_hsw_cbo 1/5 20971793 20972340 20975390 20972852 18240325344336 755619297888 2550387247612 460348619959
intel_hsw_cbo 1/8 20971793 20972340 20975390 20972852 14878363447058 704160054135 2292670910791 425164958147
intel_hsw_cbo 1/2 20971793 20972340 20975390 20972852 15596922059707 757581966395 1978483860296 460054825272
intel_hsw_hau ff/12.5 20972289 20974593 20971520 20975386 6176386344751 1750584152561 101167481434005 1754538387819
intel_hsw_hau 7f/12.1 20972289 20974593 20971520 20975386 5027089133804 1604392841045 94501178586454 1609408240878
intel_hsw_hau ff/12.1 20972289 20974593 20971520 20975386 7034400773184 2231953368848 101167481497998 2238360946978
intel_hsw_hau 7f/12.5 20972289 20974593 20971520 20975386 4715381363868 1477761031346 94501179603281 1481243468749
intel_hsw_imc ff/14.1 20972292 20974596 20974337 20971778 3074184153454 880117866561 3147345524040 1747047278369 0
intel_hsw_imc ff/14.0 20972292 20974596 20974337 20971778 3940278196486 1366673666865 3488160971934 1517048024919 0
intel_hsw_imc 7f/17.1 20972292 20974596 20974337 20971778 2350947280130 743210877622 2472896260709 1335619425843 0
intel_hsw_imc 7f/17.0 20972292 20974596 20974337 20971778 2349321619692 743022247650 2471982802959 1343169318493 0
intel_hsw_imc 7f/14.0 20972292 20974596 20974337 20971778 2661874044401 873692416688 2563197862423 1079847049248 0
intel_hsw_imc 7f/14.1 20972292 20974596 20974337 20971778 2346383540740 743000777347 2455235052281 1324365204714 0
intel_hsw_imc ff/17.0 20972292 20974596 20974337 20971778 3076916350212 880233556898 3171539030764 1772612578671 0
intel_hsw_imc ff/17.1 20972292 20974596 20974337 20971778 3077949695527 880111965530 3170100370145 1759684407560 0
intel_hsw_qpi ff/08.2 6291712 6292480 6293506 6292483 3870706528617 2705985875895 10671433220144 0
intel_hsw_qpi 7f/08.2 6291712 6292480 6293506 6292483 2703063687638 3874089049024 13749883158734 0
intel_hsw_qpi 7f/09.2 6291712 6292480 6293506 6292483 2703728151474 3873876605245 12564562314488 0
intel_hsw_qpi ff/09.2 6291712 6292480 6293506 6292483 3870729302189 2705488598487 11692819586792 0
intel_hsw_r2pci 7f/10.1 20972580 20975369 20975367 20975368 4607986588 24788862453550 26842232994164 31409886733844
intel_hsw_r2pci ff/10.1 20972580 20975369 20975367 20975368 46769404 23510836427537 26238947339230 29814670583667
mem 1 82566752 31496908 51069844 11373608 38955456 124 0 50249460 12971784 79680 37368 0 0 440772 0 0 0
mem 0 82341048 8903376 73437672 16923408 54377552 164 0 70774920 43679700 529140 126240 0 0 635376 28672 0 0
net enp6s0f0 0 0 0 0 0 0 0 0 0 0 0 0 0 0 6536 0 0 0 0 0 0 92 0
net vnet40 0 0 51350 0 0 0 0 0 0 0 0 0 284 0 49352 0 0 0 0 0 0 283 0
net enp1s0f0 0 1318209 77977862690 0 0 0 0 371 0 0 371 0 80955479 0 1597029685 0 0 0 0 0 0 9054885 0
net lo 0 0 59941618 0 0 0 0 0 0 0 0 0 476797 0 59941618 0 0 0 0 0 0 476797 0
net vnet20 0 0 11512096 0 0 0 0 0 0 0 0 0 81574 0 1150440997 0 0 0 0 0 0 134424 0
net vnet23 0 0 8310087 0 0 0 0 0 0 0 0 0 65720 0 495993365 0 0 0 0 0 0 89997 0
net vnet21 0 0 11159818 0 0 0 0 0 0 0 0 0 77652 0 1150433554 0 0 0 0 0 0 131301 0
net vnet37 0 0 225707 0 0 0 0 0 0 0 0 0 1454 0 5982325 0 0 0 0 0 0 2177 0
net vnet24 0 0 582459 0 0 0 0 0 0 0 0 0 7099 0 80582183 0 0 0 0 0 0 18251 0
net vnet38 0 0 437503 0 0 0 0 0 0 0 0 0 4162 0 64616426 0 0 0 0 0 0 7116 0
net virbr0 0 1269 375563392 0 0 0 0 0 0 0 0 0 4997145 0 70408400010 0 0 0 0 0 0 7220597 0
numa 1 2582805597 18927329 1008175 29040 1602713174 998585922
numa 0 2098252032 1008175 18927329 28452 1129231801 969769173
ps - 830012830 1528944 280 246 231 2 801
sysv_shm - 0 0
tmpfs /run/lock 0 6
tmpfs /run 2281472 1160
tmpfs /run/user/20029 4096 44
tmpfs /run/qemu 0 1
tmpfs /dev/shm 70438268928 271024
vfs - 298267 173545 309456
vm - 14 28235126 1310746358 520728 2496526 4696001654 4708282658 86240134 21487430 4401733817 76583 0 0 0 0 0 2714357 0 1121522 2855 0 2495195 84 0 34 0 0

1764549303.817610 0 node12.dhkim-278716.ldos-ut-pg0.wisc.cloudlab.us
block sda 417125 407057 56455244 9194355 5511728 14723549 2621492717 238265541 0 16949540 251567366
block sdb 2600 0 7504 3491 4 0 0 0 0 4228 3491
block sdc 990 0 7993 259 4 0 0 0 0 956 260
cpu 11 3367068 2 177739 24591172 166758 0 2091
cpu 10 3503522 13 158966 24540151 111054 0 1081
cpu 13 3206608 0 135509 24903610 55501 0 307
cpu 12 3269839 2 151786 24782693 100293 0 811
cpu 15 2953782 0 142102 25125565 73948 0 588
cpu 14 2917784 1 134192 25193114 51679 0 262
cpu 17 3047804 10 138932 25041655 67520 0 402
cpu 16 3005951 0 160503 24980371 144794 0 1477
cpu 19 3028033 0 164750 24975859 122273 0 1145
cpu 18 3154642 2 142532 24947724 51984 0 367
cpu 1 3268438 12 128611 24917148 58693 0 3018
cpu 0 3249712 2 131899 24860164 60580 0 917
cpu 3 3053123 2 128300 25144565 59725 0 1789
cpu 2 2959441 1 147538 25194406 81786 0 1198
cpu 5 2907444 0 137633 25250772 89554 0 3074
cpu 4 2823094 1 164094 25222208 168840 0 7286
cpu 7 3439763 0 136993 24767917 47588 0 876
cpu 6 3210689 1 126238 24993253 59828 0 2390
cpu 9 3013283 2 129146 25196686 51832 0 486
cpu 8 3148807 81 138020 25014749 53201 0 9398
intel_hsw_cbo 1/7 20971793 20972340 20975390 20972852 17214859324251 757469529428 2563800163198 459800086457
intel_hsw_cbo 1/6 20971793 20972340 20975390 20972852 16500603443355 758874565957 2417832707158 460119587170
intel_hsw_cbo 1/0 20971793 20972340 20975390 20972852 15916287129241 757196980003 2232601164893 459950454663
intel_hsw_cbo 1/4 20971793 20972340 20975390 20972852 16233842402833 759827739971 2041419404541 459906934886
intel_hsw_cbo 1/3 20971793 20972340 20975390 20972852 18865061459535 757984769548 2839773041024 459981602412
intel_hsw_cbo 1/1 20971793 20972340 20975390 20972852 16105391080929 758863710832 2351479924471 459898017368
intel_hsw_cbo 0/8 20971793 20972340 20975390 20972852 15096941761424 693908569482 2118133652375 424196230368
intel_hsw_cbo 0/9 20971793 20972340 20975390 20972852 16734811694655 692974512371 2722222296598 424222659492
intel_hsw_cbo 0/6 20971793 20972340 20975390 20972852 16652001653372 747594921456 2232435416905 459319933989
intel_hsw_cbo 0/7 20971793 20972340 20975390 20972852 18038330622732 747571730848 2425845506827 459155001306
intel_hsw_cbo 0/4 20971793 20972340 20975390 20972852 16409937069732 748656401910 2038126246246 459236153123
intel_hsw_cbo 0/5 20971793 20972340 20975390 20972852 20056405243771 744905033738 2447048773421 459473170386
intel_hsw_cbo 0/2 20971793 20972340 20975390 20972852 15959012464565 746747983496 1991355191709 459154227603
intel_hsw_cbo 0/3 20971793 20972340 20975390 20972852 20734273548993 746410975828 2742032110889 459212677341
intel_hsw_cbo 0/0 20971793 20972340 20975390 20972852 16360279321262 746905173452 2224924728060 459610426752
intel_hsw_cbo 0/1 20971793 20972340 20975390 20972852 16770114082656 747705931419 2186150283521 459267753525
intel_hsw_cbo 1/9 20971793 20972340 20975390 20972852 16470084816541 703122367293 2889293541715 425127549013
intel_hsw_cbo 1/5 20971793 20972340 20975390 20972852 18240326091611 755619483224 2550387263818 460348688269
intel_hsw_cbo 1/8 20971793 20972340 20975390 20972852 14878364129007 704160229298 2292671052328 425165021795
intel_hsw_cbo 1/2 20971793 20972340 20975390 20972852 15596922621644 757582155364 1978484059643 460054892826
intel_hsw_hau ff/12.5 20972289 20974593 20971520 20975386 6176386803283 1750584261894 101168377574509 1754538500535
intel_hsw_hau 7f/12.1 20972289 20974593 20971520 20975386 5027091173117 1604393542847 94502071170144 1609408952100
intel_hsw_hau ff/12.1 20972289 20974593 20971520 20975386 7034401793608 2231953697484 101168377638690 2238361282226
intel_hsw_hau 7f/12.5 20972289 20974593 20971520 20975386 4715382855834 1477761548951 94502072186639 1481243989083
intel_hsw_imc ff/14.1 20972292 20974596 20974337 20971778 3074184381512 880117922857 3147345624098 1747047287105 0
intel_hsw_imc ff/14.0 20972292 20974596 20974337 20971778 3940278994318 1366673955277 3488161157543 1517048043889 0
intel_hsw_imc 7f/17.1 20972292 20974596 20974337 20971778 2350948026814 743211137839 2472896675735 1335619519116 0
intel_hsw_imc 7f/17.0 20972292 20974596 20974337 20971778 2349322380788 743022522997 2471983232484 1343169412294 0
intel_hsw_imc 7f/14.0 20972292 20974596 20974337 20971778 2661875357210 873692889429 2563198415558 1079847132367 0
intel_hsw_imc 7f/14.1 20972292 20974596 20974337 20971778 2346384286785 743001037682 2455235465432 1324365297360 0
intel_hsw_imc ff/17.0 20972292 20974596 20974337 20971778 3076916577982 880233613249 3171539130978 1772612587537 0
intel_hsw_imc ff/17.1 20972292 20974596 20974337 20971778 3077949930414 880112028470 3170100477144 1759684416434 0
intel_hsw_qpi ff/08.2 6291712 6292480 6293506 6292483 3870706780804 2705987773394 10671433996568 0
intel_hsw_qpi 7f/08.2 6291712 6292480 6293506 6292483 2703065582996 3874089300168 13749885124710 0
intel_hsw_qpi 7f/09.2 6291712 6292480 6293506 6292483 2703730048897 3873876857443 12564563879600 0
intel_hsw_qpi ff/09.2 6291712 6292480 6293506 6292483 3870729553325 2705490493913 11692820550312 0
intel_hsw_r2pci 7f/10.1 20972580 20975369 20975367 20975368 4607994162 24788871120558 26842241604775 31409896231031
intel_hsw_r2pci ff/10.1 20972580 20975369 20975367 20975368 46769556 23510841103128 26238955665652 29814679254032
mem 1 82566752 31497412 51069340 11373620 38955552 136 0 50249460 12971784 79792 37408 0 0 440772 0 0 0
mem 0 82341048 8914804 73426244 16923404 54377016 188 0 70774928 43679700 528588 126204 0 0 635416 28672 0 0
net enp6s0f0 0 0 0 0 0 0 0 0 0 0 0 0 0 0 6536 0 0 0 0 0 0 92 0
net vnet40 0 0 51350 0 0 0 0 0 0 0 0 0 284 0 49352 0 0 0 0 0 0 283 0
net enp1s0f0 0 1318215 77977869357 0 0 0 0 371 0 0 371 0 80955568 0 1597030396 0 0 0 0 0 0 9054890 0
net lo 0 0 59942163 0 0 0 0 0 0 0 0 0 476801 0 59942163 0 0 0 0 0 0 476801 0
net vnet20 0 0 11512096 0 0 0 0 0 0 0 0 0 81574 0 1150440997 0 0 0 0 0 0 134424 0
net vnet23 0 0 8310087 0 0 0 0 0 0 0 0 0 65720 0 495993365 0 0 0 0 0 0 89997 0
net vnet21 0 0 11159818 0 0 0 0 0 0 0 0 0 77652 0 1150433554 0 0 0 0 0 0 131301 0
net vnet37 0 0 225707 0 0 0 0 0 0 0 0 0 1454 0 5982325 0 0 0 0 0 0 2177 0
net vnet24 0 0 582459 0 0 0 0 0 0 0 0 0 7099 0 80582183 0 0 0 0 0 0 18251 0
net vnet38 0 0 437503 0 0 0 0 0 0 0 0 0 4162 0 64616426 0 0 0 0 0 0 7116 0
net virbr0 0 1269 375563392 0 0 0 0 0 0 0 0 0 4997145 0 70408400010 0 0 0 0 0 0 7220597 0
numa 1 2582806387 18927329 1008175 29040 1602713964 998585922
numa 0 2098253184 1008175 18927329 28452 1129232953 969769173
ps - 830016253 1528955 280 246 231 1 801
sysv_shm - 0 0
tmpfs /run/lock 0 6
tmpfs /run 2281472 1160
tmpfs /run/user/20029 4096 44
tmpfs /run/qemu 0 1
tmpfs /dev/shm 70438268928 271024
vfs - 298267 173545 309456
vm - 14 28235126 1310746358 520728 2496526 4696003597 4708284590 86240134 21487430 4401735910 76583 0 0 0 0 0 2714357 0 1121522 2855 0 2495195 84 0 34 0 0

1764549304.852269 0 node12.dhkim-278716.ldos-ut-pg0.wisc.cloudlab.us
block sda 417125 407057 56455244 9194355 5511728 14723549 2621492717 238265541 2 16949544 251567366
block sdb 2600 0 7504 3491 4 0 0 0 0 4228 3491
block sdc 990 0 7993 259 4 0 0 0 0 956 260
cpu 11 3367068 2 177739 24591274 166758 0 2091
cpu 10 3503522 13 158966 24540253 111054 0 1081
cpu 13 3206608 0 135509 24903713 55501 0 307
cpu 12 3269839 2 151786 24782796 100293 0 811
cpu 15 2953782 0 142102 25125668 73948 0 588
cpu 14 2917784 1 134192 25193216 51679 0 262
cpu 17 3047804 10 138932 25041759 67520 0 402
cpu 16 3005951 0 160503 24980474 144794 0 1477
cpu 19 3028033 0 164751 24975962 122273 0 1145
cpu 18 3154642 2 142532 24947826 51984 0 367
cpu 1 3268439 12 128611 24917251 58693 0 3018
cpu 0 3249716 2 131899 24860264 60580 0 917
cpu 3 3053123 2 128300 25144667 59725 0 1789
cpu 2 2959442 1 147540 25194503 81786 0 1198
cpu 5 2907444 0 137633 25250875 89554 0 3074
cpu 4 2823096 1 164094 25222309 168840 0 7286
cpu 7 3439764 0 136993 24768019 47588 0 876
cpu 6 3210690 1 126239 24993355 59828 0 2390
cpu 9 3013283 2 129146 25196789 51832 0 486
cpu 8 3148808 81 138020 25014851 53201 0 9398
intel_hsw_cbo 1/7 20971793 20972340 20975390 20972852 17214860083126 757469725728 2563800177535 459800156171
intel_hsw_cbo 1/6 20971793 20972340 20975390 20972852 16500604049180 758874758171 2417832869927 460119655851
intel_hsw_cbo 1/0 20971793 20972340 20975390 20972852 15916287758904 757197175178 2232601277353 459950523568
intel_hsw_cbo 1/4 20971793 20972340 20975390 20972852 16233843072949 759827937354 2041419532491 459907004206
intel_hsw_cbo 1/3 20971793 20972340 20975390 20972852 18865062145753 757984962720 2839773087393 459981669995
intel_hsw_cbo 1/1 20971793 20972340 20975390 20972852 16105391813590 758863904857 2351480112161 459898087745
intel_hsw_cbo 0/8 20971793 20972340 20975390 20972852 15096944115725 693908941007 2118133849467 424196333998
intel_hsw_cbo 0/9 20971793 20972340 20975390 20972852 16734814023375 692974881147 2722222500006 424222765006
intel_hsw_cbo 0/6 20971793 20972340 20975390 20972852 16652003704835 747595328679 2232435655495 459320045235
intel_hsw_cbo 0/7 20971793 20972340 20975390 20972852 18038333076134 747572141882 2425845631131 459155115599
intel_hsw_cbo 0/4 20971793 20972340 20975390 20972852 16409939430097 748656810519 2038126895083 459236267808
intel_hsw_cbo 0/5 20971793 20972340 20975390 20972852 20056407931579 744905430468 2447048894339 459473284867
intel_hsw_cbo 0/2 20971793 20972340 20975390 20972852 15959014591169 746748388276 1991355786576 459154340703
intel_hsw_cbo 0/3 20971793 20972340 20975390 20972852 20734276059021 746411381247 2742032317306 459212789721
intel_hsw_cbo 0/0 20971793 20972340 20975390 20972852 16360281730141 746905580626 2224925291399 459610541562
intel_hsw_cbo 0/1 20971793 20972340 20975390 20972852 16770116173349 747706335505 2186150480059 459267867760
intel_hsw_cbo 1/9 20971793 20972340 20975390 20972852 16470085463913 703122547301 2889293588970 425127615034
intel_hsw_cbo 1/5 20971793 20972340 20975390 20972852 18240326732759 755619675925 2550387277215 460348758316
intel_hsw_cbo 1/8 20971793 20972340 20975390 20972852 14878364796806 704160411384 2292671245852 425165087565
intel_hsw_cbo 1/2 20971793 20972340 20975390 20972852 15596923283538 757582351910 1978484181747 460054962629
intel_hsw_hau ff/12.5 20972289 20974593 20971520 20975386 6176387242155 1750584378185 101169286549135 1754538620238
intel_hsw_hau 7f/12.1 20972289 20974593 20971520 20975386 5027093192097 1604394242551 94502971552295 1609409662292
intel_hsw_hau ff/12.1 20972289 20974593 20971520 20975386 7034402757968 2231954034573 101169286612042 2238361625780
intel_hsw_hau 7f/12.5 20972289 20974593 20971520 20975386 4715384340765 1477762066773 94502972570386 1481244510158
intel_hsw_imc ff/14.1 20972292 20974596 20974337 20971778 3074184598561 880117982409 3147345724462 1747047296034 0
intel_hsw_imc ff/14.0 20972292 20974596 20974337 20971778 3940279748707 1366674248845 3488161342560 1517048061899 0
intel_hsw_imc 7f/17.1 20972292 20974596 20974337 20971778 2350948770053 743211398484 2472897088426 1335619610386 0
intel_hsw_imc 7f/17.0 20972292 20974596 20974337 20971778 2349323138520 743022798619 2471983660376 1343169504351 0
intel_hsw_imc 7f/14.0 20972292 20974596 20974337 20971778 2661876653776 873693360923 2563198964025 1079847213690 0
intel_hsw_imc 7f/14.1 20972292 20974596 20974337 20971778 2346385028886 743001298106 2455235878062 1324365387910 0
intel_hsw_imc ff/17.0 20972292 20974596 20974337 20971778 3076916796235 880233673166 3171539232160 1772612596526 0
intel_hsw_imc ff/17.1 20972292 20974596 20974337 20971778 3077950155878 880112094989 3170100585255 1759684425572 0
intel_hsw_qpi ff/08.2 6291712 6292480 6293506 6292483 3870706990165 2705989694640 10671434719744 0
intel_hsw_qpi 7f/08.2 6291712 6292480 6293506 6292483 2703067501429 3874089510383 13749887090198 0
intel_hsw_qpi 7f/09.2 6291712 6292480 6293506 6292483 2703731970036 3873877066806 12564565450616 0
intel_hsw_qpi ff/09.2 6291712 6292480 6293506 6292483 3870729763538 2705492412375 11692821434472 0
intel_hsw_r2pci 7f/10.1 20972580 20975369 20975367 20975368 4608005120 24788880389301 26842251095668 31409906116598
intel_hsw_r2pci ff/10.1 20972580 20975369 20975367 20975368 46769714 23510845195060 26238963111335 29814687439921
mem 1 82566752 31497160 51069592 11373616 38955496 156 0 50249464 12971784 79688 37368 0 0 440772 0 0 0
mem 0 82341048 8913292 73427756 16923408 54377548 220 0 70774936 43679700 529136 126248 0 0 635504 28672 0 0
net enp6s0f0 0 0 0 0 0 0 0 0 0 0 0 0 0 0 6536 0 0 0 0 0 0 92 0
net vnet40 0 0 51350 0 0 0 0 0 0 0 0 0 284 0 49404 0 0 0 0 0 0 284 0
net enp1s0f0 0 1318220 77977875054 0 0 0 0 371 0 0 371 0 80955655 0 1597031107 0 0 0 0 0 0 9054895 0
net lo 0 0 59942708 0 0 0 0 0 0 0 0 0 476805 0 59942708 0 0 0 0 0 0 476805 0
net vnet20 0 0 11512096 0 0 0 0 0 0 0 0 0 81574 0 1150441049 0 0 0 0 0 0 134425 0
net vnet23 0 0 8310087 0 0 0 0 0 0 0 0 0 65720 0 495993417 0 0 0 0 0 0 89998 0
net vnet21 0 0 11159818 0 0 0 0 0 0 0 0 0 77652 0 1150433606 0 0 0 0 0 0 131302 0
net vnet37 0 0 225707 0 0 0 0 0 0 0 0 0 1454 0 5982377 0 0 0 0 0 0 2178 0
net vnet24 0 0 582459 0 0 0 0 0 0 0 0 0 7099 0 80582235 0 0 0 0 0 0 18252 0
net vnet38 0 0 437503 0 0 0 0 0 0 0 0 0 4162 0 64616478 0 0 0 0 0 0 7117 0
net virbr0 0 1269 375563392 0 0 0 0 0 0 0 0 0 4997145 0 70408400010 0 0 0 0 0 0 7220597 0
numa 1 2582807155 18927329 1008175 29040 1602714732 998585922
numa 0 2098254365 1008175 18927329 28452 1129234134 969769173
ps - 830019821 1528966 257 242 230 1 801
sysv_shm - 0 0
tmpfs /run/lock 0 6
tmpfs /run 2281472 1160
tmpfs /run/user/20029 4096 44
tmpfs /run/qemu 0 1
tmpfs /dev/shm 70438268928 271024
vfs - 298267 173545 309456
vm - 14 28235218 1310746358 520728 2496526 4696005545 4708286510 86240134 21487430 4401738008 76584 0 0 0 0 0 2714357 0 1121522 2855 0 2495195 84 0 34 0 0

1764549305.887517 0 node12.dhkim-278716.ldos-ut-pg0.wisc.cloudlab.us
block sda 417127 407057 56455428 9194364 5511794 14723549 2621493301 238265884 0 16949632 251567718
block sdb 2600 0 7504 3491 4 0 0 0 0 4228 3491
block sdc 990 0 7993 259 4 0 0 0 0 956 260
cpu 11 3367068 2 177739 24591375 166758 0 2091
cpu 10 3503522 13 158966 24540357 111054 0 1081
cpu 13 3206608 0 135509 24903816 55501 0 307
cpu 12 3269839 2 151786 24782899 100293 0 811
cpu 15 2953782 0 142103 25125771 73948 0 588
cpu 14 2917784 1 134192 25193319 51679 0 262
cpu 17 3047804 10 138932 25041862 67520 0 402
cpu 16 3005951 0 160504 24980577 144794 0 1477
cpu 19 3028034 0 164751 24976064 122273 0 1145
cpu 18 3154642 2 142532 24947922 51990 0 367
cpu 1 3268441 12 128611 24917351 58693 0 3018
cpu 0 3249717 2 131900 24860363 60580 0 917
cpu 3 3053123 2 128300 25144770 59725 0 1789
cpu 2 2959444 1 147540 25194604 81786 0 1198
cpu 5 2907444 0 137633 25250978 89554 0 3074
cpu 4 2823098 1 164095 25222409 168840 0 7286
cpu 7 3439764 0 136993 24768121 47588 0 876
cpu 6 3210690 1 126240 24993456 59828 0 2390
cpu 9 3013283 2 129146 25196892 51832 0 486
cpu 8 3148809 81 138020 25014952 53201 0 9398
intel_hsw_cbo 1/7 20971793 20972340 20975390 20972852 17214860780838 757469924759 2563800282434 459800226668
intel_hsw_cbo 1/6 20971793 20972340 20975390 20972852 16500604657277 758874953836 2417832931804 460119725144
intel_hsw_cbo 1/0 20971793 20972340 20975390 20972852 15916288336321 757197373173 2232601467728 459950593210
intel_hsw_cbo 1/4 20971793 20972340 20975390 20972852 16233843746166 759828137971 2041419714330 459907074013
intel_hsw_cbo 1/3 20971793 20972340 20975390 20972852 18865062833416 757985159567 2839773195641 459981738343
intel_hsw_cbo 1/1 20971793 20972340 20975390 20972852 16105392447693 758864102604 2351480201970 459898158251
intel_hsw_cbo 0/8 20971793 20972340 20975390 20972852 15096946528417 693909314830 2118134082030 424196439365
intel_hsw_cbo 0/9 20971793 20972340 20975390 20972852 16734816414236 692975251628 2722222685477 424222871140
intel_hsw_cbo 0/6 20971793 20972340 20975390 20972852 16652005898771 747595737689 2232435880530 459320158852
intel_hsw_cbo 0/7 20971793 20972340 20975390 20972852 18038335664028 747572554733 2425845758621 459155230970
intel_hsw_cbo 0/4 20971793 20972340 20975390 20972852 16409941773197 748657220596 2038127335889 459236382746
intel_hsw_cbo 0/5 20971793 20972340 20975390 20972852 20056410622075 744905828507 2447049013458 459473398613
intel_hsw_cbo 0/2 20971793 20972340 20975390 20972852 15959016921990 746748794564 1991356216869 459154455067
intel_hsw_cbo 0/3 20971793 20972340 20975390 20972852 20734278508652 746411788436 2742032497262 459212903577
intel_hsw_cbo 0/0 20971793 20972340 20975390 20972852 16360283982949 746905989540 2224925732607 459610658132
intel_hsw_cbo 0/1 20971793 20972340 20975390 20972852 16770118261081 747706740796 2186150722671 459267984482
intel_hsw_cbo 1/9 20971793 20972340 20975390 20972852 16470086178179 703122730322 2889293732907 425127681204
intel_hsw_cbo 1/5 20971793 20972340 20975390 20972852 18240327359352 755619871705 2550387369711 460348829019
intel_hsw_cbo 1/8 20971793 20972340 20975390 20972852 14878365463814 704160596477 2292671322853 425165153584
intel_hsw_cbo 1/2 20971793 20972340 20975390 20972852 15596923996829 757582551975 1978484379841 460055032788
intel_hsw_hau ff/12.5 20972289 20974593 20971520 20975386 6176387679268 1750584495159 101170157572580 1754538740452
intel_hsw_hau 7f/12.1 20972289 20974593 20971520 20975386 5027095213634 1604394944519 94503835066284 1609410373089
intel_hsw_hau ff/12.1 20972289 20974593 20971520 20975386 7034403724394 2231954371059 101170157629571 2238361969301
intel_hsw_hau 7f/12.5 20972289 20974593 20971520 20975386 4715385823841 1477762587014 94503836092129 1481245032623
intel_hsw_imc ff/14.1 20972292 20974596 20974337 20971778 3074184816461 880118042142 3147345826008 1747047304922 0
intel_hsw_imc ff/14.0 20972292 20974596 20974337 20971778 3940280506785 1366674543724 3488161530464 1517048079265 0
intel_hsw_imc 7f/17.1 20972292 20974596 20974337 20971778 2350949512261 743211659726 2472897510124 1335619704612 0
intel_hsw_imc 7f/17.0 20972292 20974596 20974337 20971778 2349323895358 743023075201 2471984096822 1343169599110 0
intel_hsw_imc 7f/14.0 20972292 20974596 20974337 20971778 2661877953775 873693832365 2563199523616 1079847298878 0
intel_hsw_imc 7f/14.1 20972292 20974596 20974337 20971778 2346385770067 743001559423 2455236300395 1324365482274 0
intel_hsw_imc ff/17.0 20972292 20974596 20974337 20971778 3076917014255 880233733446 3171539334647 1772612605550 0
intel_hsw_imc ff/17.1 20972292 20974596 20974337 20971778 3077950381411 880112162673 3170100695028 1759684434758 0
intel_hsw_qpi ff/08.2 6291712 6292480 6293506 6292483 3870707201223 2705991608970 10671435447312 0
intel_hsw_qpi 7f/08.2 6291712 6292480 6293506 6292483 2703069411917 3874089721627 13749889051830 0
intel_hsw_qpi 7f/09.2 6291712 6292480 6293506 6292483 2703733884286 3873877277879 12564567025080 0
intel_hsw_qpi ff/09.2 6291712 6292480 6293506 6292483 3870729974753 2705494322919 11692822330480 0
intel_hsw_r2pci 7f/10.1 20972580 20975369 20975367 20975368 4608013196 24788889304980 26842259700164 31409915549406
intel_hsw_r2pci ff/10.1 20972580 20975369 20975367 20975368 46769950 23510849394196 26238970844734 29814695703502
mem 1 82566752 31496908 51069844 11373620 38955596 56 0 50249464 12971784 79812 37452 0 0 440780 0 0 0
mem 0 82341048 8913292 73427756 16923404 54377564 64 0 70775036 43679704 529080 126196 0 0 635464 28672 0 0
net enp6s0f0 0 0 0 0 0 0 0 0 0 0 0 0 0 0 6536 0 0 0 0 0 0 92 0
net vnet40 0 0 51350 0 0 0 0 0 0 0 0 0 284 0 49404 0 0 0 0 0 0 284 0
net enp1s0f0 0 1318223 77977881649 0 0 0 0 371 0 0 371 0 80955752 0 1597031818 0 0 0 0 0 0 9054900 0
net lo 0 0 59943253 0 0 0 0 0 0 0 0 0 476809 0 59943253 0 0 0 0 0 0 476809 0
net vnet20 0 0 11512096 0 0 0 0 0 0 0 0 0 81574 0 1150441049 0 0 0 0 0 0 134425 0
net vnet23 0 0 8310087 0 0 0 0 0 0 0 0 0 65720 0 495993417 0 0 0 0 0 0 89998 0
net vnet21 0 0 11159818 0 0 0 0 0 0 0 0 0 77652 0 1150433606 0 0 0 0 0 0 131302 0
net vnet37 0 0 225707 0 0 0 0 0 0 0 0 0 1454 0 5982377 0 0 0 0 0 0 2178 0
net vnet24 0 0 582459 0 0 0 0 0 0 0 0 0 7099 0 80582235 0 0 0 0 0 0 18252 0
net vnet38 0 0 437503 0 0 0 0 0 0 0 0 0 4162 0 64616478 0 0 0 0 0 0 7117 0
net virbr0 0 1269 375563392 0 0 0 0 0 0 0 0 0 4997145 0 70408400010 0 0 0 0 0 0 7220597 0
numa 1 2582807886 18927329 1008175 29040 1602715463 998585922
numa 0 2098255577 1008175 18927329 28452 1129235346 969769173
ps - 830023310 1528977 257 242 230 1 801
sysv_shm - 0 0
tmpfs /run/lock 0 6
tmpfs /run 2281472 1160
tmpfs /run/user/20029 4096 44
tmpfs /run/qemu 0 1
tmpfs /dev/shm 70438268928 271024
vfs - 298267 173545 309456
vm - 14 28235218 1310746650 520728 2496526 4696007489 4708288456 86240134 21487430 4401740182 76584 0 0 0 0 0 2714357 0 1121522 2855 0 2495195 84 0 34 0 0

1764549306.925588 0 node12.dhkim-278716.ldos-ut-pg0.wisc.cloudlab.us
block sda 417129 407057 56455467 9194372 5511794 14723549 2621493301 238265884 0 16949648 251567726
block sdb 2600 0 7504 3491 4 0 0 0 0 4228 3491
block sdc 990 0 7993 259 4 0 0 0 0 956 260
cpu 11 3367068 2 177739 24591477 166758 0 2091
cpu 10 3503522 13 158966 24540460 111054 0 1081
cpu 13 3206608 0 135509 24903919 55501 0 307
cpu 12 3269840 2 151787 24783000 100293 0 811
cpu 15 2953782 0 142104 25125871 73948 0 588
cpu 14 2917784 1 134193 25193422 51679 0 262
cpu 17 3047804 10 138932 25041966 67520 0 402
cpu 16 3005953 0 160504 24980681 144794 0 1477
cpu 19 3028034 0 164751 24976168 122273 0 1145
cpu 18 3154642 2 142532 24948026 51990 0 367
cpu 1 3268446 12 128611 24917449 58694 0 3018
cpu 0 3249720 2 131901 24860461 60580 0 917
cpu 3 3053126 2 128300 25144869 59725 0 1789
cpu 2 2959446 1 147540 25194702 81786 0 1198
cpu 5 2907446 0 137633 25251079 89554 0 3074
cpu 4 2823104 1 164095 25222507 168840 0 7286
cpu 7 3439767 0 136994 24768221 47588 0 876
cpu 6 3210692 1 126240 24993558 59828 0 2390
cpu 9 3013283 2 129146 25196995 51832 0 486
cpu 8 3148809 81 138020 25015054 53201 0 9398
intel_hsw_cbo 1/7 20971793 20972340 20975390 20972852 17214861495475 757470135495 2563800288795 459800310398
intel_hsw_cbo 1/6 20971793 20972340 20975390 20972852 16500605437419 758875160130 2417833078455 460119806759
intel_hsw_cbo 1/0 20971793 20972340 20975390 20972852 15916289104188 757197583668 2232601668623 459950676682
intel_hsw_cbo 1/4 20971793 20972340 20975390 20972852 16233844606822 759828352646 2041419911802 459907158042
intel_hsw_cbo 1/3 20971793 20972340 20975390 20972852 18865063668152 757985367069 2839773245054 459981819607
intel_hsw_cbo 1/1 20971793 20972340 20975390 20972852 16105393303246 758864312342 2351480405756 459898243289
intel_hsw_cbo 0/8 20971793 20972340 20975390 20972852 15096950429036 693909857507 2118134546101 424196613786
intel_hsw_cbo 0/9 20971793 20972340 20975390 20972852 16734820979391 692975795701 2722222941609 424223046330
intel_hsw_cbo 0/6 20971793 20972340 20975390 20972852 16652009729663 747596345630 2232436323934 459320347907
intel_hsw_cbo 0/7 20971793 20972340 20975390 20972852 18038339640746 747573150672 2425845932536 459155420717
intel_hsw_cbo 0/4 20971793 20972340 20975390 20972852 16409945440285 748657813639 2038127930002 459236571855
intel_hsw_cbo 0/5 20971793 20972340 20975390 20972852 20056414886937 744906406228 2447049186596 459473587547
intel_hsw_cbo 0/2 20971793 20972340 20975390 20972852 15959020618591 746749385456 1991356793596 459154646103
intel_hsw_cbo 0/3 20971793 20972340 20975390 20972852 20734282462740 746412391987 2742032760199 459213094361
intel_hsw_cbo 0/0 20971793 20972340 20975390 20972852 16360287532430 746906583185 2224926298668 459610848642
intel_hsw_cbo 0/1 20971793 20972340 20975390 20972852 16770121665432 747707333754 2186151196111 459268174117
intel_hsw_cbo 1/9 20971793 20972340 20975390 20972852 16470086928679 703122924264 2889293782486 425127760830
intel_hsw_cbo 1/5 20971793 20972340 20975390 20972852 18240328095638 755620079410 2550387375999 460348912134
intel_hsw_cbo 1/8 20971793 20972340 20975390 20972852 14878366312072 704160791996 2292671495896 425165231576
intel_hsw_cbo 1/2 20971793 20972340 20975390 20972852 15596924788091 757582763310 1978484584865 460055116174
intel_hsw_hau ff/12.5 20972289 20974593 20971520 20975386 6176388128958 1750584617944 101171068261495 1754538866097
intel_hsw_hau 7f/12.1 20972289 20974593 20971520 20975386 5027097410102 1604395862419 94504744415087 1609411300718
intel_hsw_hau ff/12.1 20972289 20974593 20971520 20975386 7034404719268 2231954719983 101171068312094 2238362324912
intel_hsw_hau 7f/12.5 20972289 20974593 20971520 20975386 4715387458764 1477763286018 94504745446516 1481245734050
intel_hsw_imc ff/14.1 20972292 20974596 20974337 20971778 3074185039538 880118104746 3147345932689 1747047314046 0
intel_hsw_imc ff/14.0 20972292 20974596 20974337 20971778 3940281287312 1366674847017 3488161730018 1517048099004 0
intel_hsw_imc 7f/17.1 20972292 20974596 20974337 20971778 2350950330339 743212010730 2472898081822 1335619830689 0
intel_hsw_imc 7f/17.0 20972292 20974596 20974337 20971778 2349324731136 743023443688 2471984684878 1343169726692 0
intel_hsw_imc 7f/14.0 20972292 20974596 20974337 20971778 2661879356708 873694435269 2563200268982 1079847418709 0
intel_hsw_imc 7f/14.1 20972292 20974596 20974337 20971778 2346386588199 743001910056 2455236871574 1324365608257 0
intel_hsw_imc ff/17.0 20972292 20974596 20974337 20971778 3076917238325 880233796314 3171539442294 1772612614785 0
intel_hsw_imc ff/17.1 20972292 20974596 20974337 20971778 3077950612802 880112232612 3170100809686 1759684444191 0
intel_hsw_qpi ff/08.2 6291712 6292480 6293506 6292483 3870707446244 2705993788733 10671436193808 0
intel_hsw_qpi 7f/08.2 6291712 6292480 6293506 6292483 2703071588490 3874089966733 13749891081134 0
intel_hsw_qpi 7f/09.2 6291712 6292480 6293506 6292483 2703736063892 3873877522912 12564568668968 0
intel_hsw_qpi ff/09.2 6291712 6292480 6293506 6292483 3870730219842 2705496499560 11692823260704 0
intel_hsw_r2pci 7f/10.1 20972580 20975369 20975367 20975368 4608021756 24788901607553 26842270778399 31409927988841
intel_hsw_r2pci ff/10.1 20972580 20975369 20975367 20975368 46770112 23510854272889 26238979758418 29814705323465
mem 1 82566752 31495652 51071100 11373620 38956536 140 0 50249468 12971784 80768 37444 0 0 440796 0 0 0
mem 0 82341048 8912540 73428508 16923400 54376572 172 0 70775036 43679704 528036 126160 0 0 635480 28672 0 0
net enp6s0f0 0 0 0 0 0 0 0 0 0 0 0 0 0 0 6536 0 0 0 0 0 0 92 0
net vnet40 0 0 51350 0 0 0 0 0 0 0 0 0 284 0 49456 0 0 0 0 0 0 285 0
net enp1s0f0 0 1318228 77977887466 0 0 0 0 371 0 0 371 0 80955841 0 1597032529 0 0 0 0 0 0 9054905 0
net lo 0 0 59943798 0 0 0 0 0 0 0 0 0 476813 0 59943798 0 0 0 0 0 0 476813 0
net vnet20 0 0 11512096 0 0 0 0 0 0 0 0 0 81574 0 1150441101 0 0 0 0 0 0 134426 0
net vnet23 0 0 8310087 0 0 0 0 0 0 0 0 0 65720 0 495993469 0 0 0 0 0 0 89999 0
net vnet21 0 0 11159818 0 0 0 0 0 0 0 0 0 77652 0 1150433658 0 0 0 0 0 0 131303 0
net vnet37 0 0 225707 0 0 0 0 0 0 0 0 0 1454 0 5982429 0 0 0 0 0 0 2179 0
net vnet24 0 0 582459 0 0 0 0 0 0 0 0 0 7099 0 80582287 0 0 0 0 0 0 18253 0
net vnet38 0 0 437503 0 0 0 0 0 0 0 0 0 4162 0 64616530 0 0 0 0 0 0 7118 0
net virbr0 0 1269 375563392 0 0 0 0 0 0 0 0 0 4997145 0 70408400010 0 0 0 0 0 0 7220597 0
numa 1 2582808970 18927329 1008175 29040 1602716547 998585922
numa 0 2098256479 1008175 18927329 28452 1129236248 969769173
ps - 830027705 1528988 257 242 230 2 787
sysv_shm - 0 0
tmpfs /run/lock 0 6
tmpfs /run 2281472 1160
tmpfs /run/user/20029 4096 44
tmpfs /run/qemu 0 1
tmpfs /dev/shm 70438268928 271024
vfs - 298267 173545 309456
vm - 14 28235237 1310746650 520728 2496526 4696009476 4708290519 86240134 21487430 4401742291 76584 0 0 0 0 0 2714357 0 1121522 2855 0 2495195 84 0 34 0 0

1764549307.964638 0 node12.dhkim-278716.ldos-ut-pg0.wisc.cloudlab.us
block sda 417129 407057 56455467 9194372 5511874 14723568 2621494237 238266457 2 16949796 251568324
block sdb 2600 0 7504 3491 4 0 0 0 0 4228 3491
block sdc 990 0 7993 259 4 0 0 0 0 956 260
cpu 11 3367068 2 177739 24591580 166758 0 2091
cpu 10 3503524 13 158966 24540562 111054 0 1081
cpu 13 3206609 0 135509 24904022 55501 0 307
cpu 12 3269842 2 151790 24783100 100293 0 811
cpu 15 2953782 0 142104 25125974 73948 0 588
cpu 14 2917784 1 134193 25193521 51683 0 262
cpu 17 3047804 10 138932 25042069 67520 0 402
cpu 16 3005955 0 160504 24980783 144794 0 1477
cpu 19 3028034 0 164751 24976272 122273 0 1145
cpu 18 3154642 2 142532 24948130 51990 0 367
cpu 1 3268446 12 128611 24917542 58702 0 3018
cpu 0 3249720 2 131901 24860561 60582 0 917
cpu 3 3053127 2 128300 25144965 59730 0 1789
cpu 2 2959447 1 147540 25194800 81790 0 1198
cpu 5 2907447 0 137634 25251177 89557 0 3074
cpu 4 2823106 1 164095 25222601 168848 0 7286
cpu 7 3439768 0 136994 24768315 47595 0 876
cpu 6 3210692 1 126240 24993654 59835 0 2390
cpu 9 3013283 2 129146 25197098 51832 0 486
cpu 8 3148810 81 138020 25015156 53201 0 9398
intel_hsw_cbo 1/7 20971793 20972340 20975390 20972852 17214862570929 757470370521 2563800354224 459800384413
intel_hsw_cbo 1/6 20971793 20972340 20975390 20972852 16500606576160 758875388386 2417833186133 460119879583
intel_hsw_cbo 1/0 20971793 20972340 20975390 20972852 15916290151720 757197818378 2232602019270 459950750550
intel_hsw_cbo 1/4 20971793 20972340 20975390 20972852 16233845759382 759828590634 2041420297864 459907232029
intel_hsw_cbo 1/3 20971793 20972340 20975390 20972852 18865064894070 757985598990 2839773375483 459981892175
intel_hsw_cbo 1/1 20971793 20972340 20975390 20972852 16105394288915 758864546694 2351480505980 459898316796
intel_hsw_cbo 0/8 20971793 20972340 20975390 20972852 15096952994405 693910229363 2118134764881 424196725768
intel_hsw_cbo 0/9 20971793 20972340 20975390 20972852 16734823557986 692976168229 2722223323800 424223159854
intel_hsw_cbo 0/6 20971793 20972340 20975390 20972852 16652012356947 747596755923 2232436577047 459320468265
intel_hsw_cbo 0/7 20971793 20972340 20975390 20972852 18038342344748 747573563692 2425846300837 459155540713
intel_hsw_cbo 0/4 20971793 20972340 20975390 20972852 16409947850657 748658221464 2038128220256 459236690221
intel_hsw_cbo 0/5 20971793 20972340 20975390 20972852 20056417718376 744906805779 2447049575400 459473707888
intel_hsw_cbo 0/2 20971793 20972340 20975390 20972852 15959023074762 746749793638 1991357060817 459154767245
intel_hsw_cbo 0/3 20971793 20972340 20975390 20972852 20734285145348 746412803367 2742033162241 459213215194
intel_hsw_cbo 0/0 20971793 20972340 20975390 20972852 16360289967095 746906995674 2224926583503 459610970241
intel_hsw_cbo 0/1 20971793 20972340 20975390 20972852 16770123985947 747707736961 2186151412295 459268293983
intel_hsw_cbo 1/9 20971793 20972340 20975390 20972852 16470087987570 703123140269 2889293892976 425127831704
intel_hsw_cbo 1/5 20971793 20972340 20975390 20972852 18240329183580 755620309109 2550387449107 460348985856
intel_hsw_cbo 1/8 20971793 20972340 20975390 20972852 14878367365975 704161011059 2292671581780 425165301975
intel_hsw_cbo 1/2 20971793 20972340 20975390 20972852 15596925818791 757582998239 1978484949067 460055190351
intel_hsw_hau ff/12.5 20972289 20974593 20971520 20975386 6176388594480 1750584728154 101171982728702 1754538980091
intel_hsw_hau 7f/12.1 20972289 20974593 20971520 20975386 5027099664806 1604396592242 94505645603364 1609412039979
intel_hsw_hau ff/12.1 20972289 20974593 20971520 20975386 7034405832516 2231955067974 101171982772463 2238362680496
intel_hsw_hau 7f/12.5 20972289 20974593 20971520 20975386 4715389103533 1477763823448 94505646642965 1481246273981
intel_hsw_imc ff/14.1 20972292 20974596 20974337 20971778 3074185269377 880118161370 3147346037981 1747047324103 0
intel_hsw_imc ff/14.0 20972292 20974596 20974337 20971778 3940282177240 1366675158513 3488161954902 1517048131673 0
intel_hsw_imc 7f/17.1 20972292 20974596 20974337 20971778 2350951153369 743212280817 2472898526497 1335619933073 0
intel_hsw_imc 7f/17.0 20972292 20974596 20974337 20971778 2349325568351 743023728640 2471985144288 1343169829793 0
intel_hsw_imc 7f/14.0 20972292 20974596 20974337 20971778 2661880807981 873694926329 2563200854503 1079847512287 0
intel_hsw_imc 7f/14.1 20972292 20974596 20974337 20971778 2346387410024 743002179851 2455237314204 1324365710438 0
intel_hsw_imc ff/17.0 20972292 20974596 20974337 20971778 3076917469496 880233853252 3171539548624 1772612625125 0
intel_hsw_imc ff/17.1 20972292 20974596 20974337 20971778 3077950854077 880112298303 3170100925459 1759684454755 0
intel_hsw_qpi ff/08.2 6291712 6292480 6293506 6292483 3870708104431 2705995812713 10671436833488 0
intel_hsw_qpi 7f/08.2 6291712 6292480 6293506 6292483 2703073609346 3874090623690 13749892318502 0
intel_hsw_qpi 7f/09.2 6291712 6292480 6293506 6292483 2703738087828 3873878181109 12564569642208 0
intel_hsw_qpi ff/09.2 6291712 6292480 6293506 6292483 3870730876767 2705498520433 11692824167008 0
intel_hsw_r2pci 7f/10.1 20972580 20975369 20975367 20975368 4608031114 24788909560819 26842280306767 31409937500654
intel_hsw_r2pci ff/10.1 20972580 20975369 20975367 20975368 46770260 23510859897371 26238988938619 29814715276660
mem 1 82566752 31495400 51071352 11373620 38956496 140 0 50249476 12971784 80664 37408 0 0 440820 0 0 0
mem 0 82341048 8912288 73428760 16923408 54376432 168 0 70775104 43679764 527864 126088 0 0 635468 28672 0 0
net enp6s0f0 0 0 0 0 0 0 0 0 0 0 0 0 0 0 6536 0 0 0 0 0 0 92 0
net vnet40 0 0 51350 0 0 0 0 0 0 0 0 0 284 0 49456 0 0 0 0 0 0 285 0
net enp1s0f0 0 1318235 77977892983 0 0 0 0 371 0 0 371 0 80955924 0 1597033240 0 0 0 0 0 0 9054910 0
net lo 0 0 59944343 0 0 0 0 0 0 0 0 0 476817 0 59944343 0 0 0 0 0 0 476817 0
net vnet20 0 0 11512096 0 0 0 0 0 0 0 0 0 81574 0 1150441101 0 0 0 0 0 0 134426 0
net vnet23 0 0 8310087 0 0 0 0 0 0 0 0 0 65720 0 495993469 0 0 0 0 0 0 89999 0
net vnet21 0 0 11159818 0 0 0 0 0 0 0 0 0 77652 0 1150433658 0 0 0 0 0 0 131303 0
net vnet37 0 0 225707 0 0 0 0 0 0 0 0 0 1454 0 5982429 0 0 0 0 0 0 2179 0
net vnet24 0 0 582459 0 0 0 0 0 0 0 0 0 7099 0 80582287 0 0 0 0 0 0 18253 0
net vnet38 0 0 437503 0 0 0 0 0 0 0 0 0 4162 0 64616530 0 0 0 0 0 0 7118 0
net virbr0 0 1269 375563392 0 0 0 0 0 0 0 0 0 4997145 0 70408400010 0 0 0 0 0 0 7220597 0
numa 1 2582810197 18927329 1008175 29040 1602717774 998585922
numa 0 2098257347 1008175 18927329 28452 1129237116 969769173
ps - 830031923 1528999 257 242 230 1 765
sysv_shm - 0 0
tmpfs /run/lock 0 6
tmpfs /run 2281472 1160
tmpfs /run/user/20029 4096 44
tmpfs /run/qemu 0 1
tmpfs /dev/shm 70438268928 271024
vfs - 298267 173585 309456
vm - 14 28235345 1310747118 520728 2496526 4696011570 4708292703 86240135 21487430 4401744390 76585 0 0 0 0 0 2714357 0 1121522 2855 0 2495195 84 0 34 0 0

1764549309.002194 0 node12.dhkim-278716.ldos-ut-pg0.wisc.cloudlab.us
block sda 417132 407057 56455683 9194395 5511874 14723568 2621494237 238266457 0 16949812 251568347
block sdb 2600 0 7504 3491 4 0 0 0 0 4228 3491
block sdc 990 0 7993 259 4 0 0 0 0 956 260
cpu 11 3367068 2 177739 24591683 166758 0 2091
cpu 10 3503524 13 158966 24540665 111054 0 1081
cpu 13 3206609 0 135510 24904125 55501 0 307
cpu 12 3269845 2 151790 24783201 100293 0 811
cpu 15 2953782 0 142104 25126077 73948 0 588
cpu 14 2917784 1 134193 25193624 51684 0 262
cpu 17 3047804 10 138934 25042171 67520 0 402
cpu 16 3005955 0 160504 24980887 144794 0 1477
cpu 19 3028034 0 164751 24976375 122273 0 1145
cpu 18 3154642 2 142532 24948233 51990 0 367
cpu 1 3268447 12 128612 24917642 58702 0 3018
cpu 0 3249720 2 131902 24860662 60582 0 917
cpu 3 3053129 2 128300 25145067 59730 0 1789
cpu 2 2959450 1 147540 25194900 81790 0 1198
cpu 5 2907447 0 137634 25251280 89557 0 3074
cpu 4 2823107 1 164095 25222703 168848 0 7286
cpu 7 3439771 0 136994 24768415 47595 0 876
cpu 6 3210692 1 126240 24993756 59835 0 2390
cpu 9 3013283 2 129146 25197201 51832 0 486
cpu 8 3148810 81 138020 25015257 53201 0 9398
intel_hsw_cbo 1/7 20971793 20972340 20975390 20972852 17214863130728 757470522454 2563800367837 459800439483
intel_hsw_cbo 1/6 20971793 20972340 20975390 20972852 16500607190242 758875536445 2417833231116 460119934509
intel_hsw_cbo 1/0 20971793 20972340 20975390 20972852 15916290826693 757197969958 2232602245724 459950808130
intel_hsw_cbo 1/4 20971793 20972340 20975390 20972852 16233846447283 759828744615 2041420582373 459907288769
intel_hsw_cbo 1/3 20971793 20972340 20975390 20972852 18865065502492 757985749158 2839773424765 459981948311
intel_hsw_cbo 1/1 20971793 20972340 20975390 20972852 16105394949493 758864699315 2351480526316 459898373508
intel_hsw_cbo 0/8 20971793 20972340 20975390 20972852 15096956192166 693910662133 2118134963840 424196839261
intel_hsw_cbo 0/9 20971793 20972340 20975390 20972852 16734826750194 692976599002 2722223775115 424223274180
intel_hsw_cbo 0/6 20971793 20972340 20975390 20972852 16652015444119 747597231627 2232436836050 459320591667
intel_hsw_cbo 0/7 20971793 20972340 20975390 20972852 18038345762904 747574042878 2425846718061 459155665469
intel_hsw_cbo 0/4 20971793 20972340 20975390 20972852 16409950966672 748658696302 2038128747705 459236814230
intel_hsw_cbo 0/5 20971793 20972340 20975390 20972852 20056421192873 744907269947 2447050020302 459473832243
intel_hsw_cbo 0/2 20971793 20972340 20975390 20972852 15959025963588 746750266058 1991357561237 459154891898
intel_hsw_cbo 0/3 20971793 20972340 20975390 20972852 20734288587752 746413275703 2742033636707 459213337995
intel_hsw_cbo 0/0 20971793 20972340 20975390 20972852 16360293066042 746907469493 2224927067638 459611095588
intel_hsw_cbo 0/1 20971793 20972340 20975390 20972852 16770126779755 747708205238 2186151617708 459268418722
intel_hsw_cbo 1/9 20971793 20972340 20975390 20972852 16470088583703 703123277279 2889293939296 425127883640
intel_hsw_cbo 1/5 20971793 20972340 20975390 20972852 18240329760991 755620457580 2550387464655 460349042217
intel_hsw_cbo 1/8 20971793 20972340 20975390 20972852 14878367922864 704161150247 2292671601447 425165354150
intel_hsw_cbo 1/2 20971793 20972340 20975390 20972852 15596926382587 757583151080 1978485204121 460055245422
intel_hsw_hau ff/12.5 20972289 20974593 20971520 20975386 6176389036013 1750584823902 101172862111855 1754539079018
intel_hsw_hau 7f/12.1 20972289 20974593 20971520 20975386 5027102088390 1604397405083 94506518518954 1609412862236
intel_hsw_hau ff/12.1 20972289 20974593 20971520 20975386 7034406961687 2231955463591 101172862168474 2238363082447
intel_hsw_hau 7f/12.5 20972289 20974593 20971520 20975386 4715390850948 1477764409885 94506519538681 1481246863166
intel_hsw_imc ff/14.1 20972292 20974596 20974337 20971778 3074185487384 880118210226 3147346127679 1747047332036 0
intel_hsw_imc ff/14.0 20972292 20974596 20974337 20971778 3940283093776 1366675519774 3488162185519 1517048169966 0
intel_hsw_imc 7f/17.1 20972292 20974596 20974337 20971778 2350952027266 743212575477 2472899007640 1335620042971 0
intel_hsw_imc 7f/17.0 20972292 20974596 20974337 20971778 2349326457166 743024038260 2471985640309 1343169940732 0
intel_hsw_imc 7f/14.0 20972292 20974596 20974337 20971778 2661882377597 873695475483 2563201506888 1079847618767 0
intel_hsw_imc 7f/14.1 20972292 20974596 20974337 20971778 2346388283189 743002474641 2455237793195 1324365820723 0
intel_hsw_imc ff/17.0 20972292 20974596 20974337 20971778 3076917688713 880233902578 3171539639173 1772612633248 0
intel_hsw_imc ff/17.1 20972292 20974596 20974337 20971778 3077951079735 880112353709 3170101022223 1759684463092 0
intel_hsw_qpi ff/08.2 6291712 6292480 6293506 6292483 3870708370608 2705998255602 10671436935936 0
intel_hsw_qpi 7f/08.2 6291712 6292480 6293506 6292483 2703076048048 3874090889342 13749894161038 0
intel_hsw_qpi 7f/09.2 6291712 6292480 6293506 6292483 2703740530634 3873878447295 12564571070472 0
intel_hsw_qpi ff/09.2 6291712 6292480 6293506 6292483 3870731142409 2705500959201 11692824344264 0
intel_hsw_r2pci 7f/10.1 20972580 20975369 20975367 20975368 4608040948 24788918784338 26842289756049 31409947746278
intel_hsw_r2pci ff/10.1 20972580 20975369 20975367 20975368 46770454 23510863699102 26238998254920 29814724479700
mem 1 82566752 31495324 51071428 11373628 38955608 156 0 50249592 12971788 79720 37412 0 0 440892 0 0 0
mem 0 82341048 8911532 73429516 16923404 54377344 196 0 70775104 43679764 528784 126076 0 0 635468 28672 0 0
net enp6s0f0 0 0 0 0 0 0 0 0 0 0 0 0 0 0 6536 0 0 0 0 0 0 92 0
net vnet40 0 0 51350 0 0 0 0 0 0 0 0 0 284 0 49508 0 0 0 0 0 0 286 0
net enp1s0f0 0 1318241 77977898260 0 0 0 0 371 0 0 371 0 80956005 0 1597033951 0 0 0 0 0 0 9054915 0
net lo 0 0 59944888 0 0 0 0 0 0 0 0 0 476821 0 59944888 0 0 0 0 0 0 476821 0
net vnet20 0 0 11512096 0 0 0 0 0 0 0 0 0 81574 0 1150441153 0 0 0 0 0 0 134427 0
net vnet23 0 0 8310087 0 0 0 0 0 0 0 0 0 65720 0 495993521 0 0 0 0 0 0 90000 0
net vnet21 0 0 11159818 0 0 0 0 0 0 0 0 0 77652 0 1150433710 0 0 0 0 0 0 131304 0
net vnet37 0 0 225707 0 0 0 0 0 0 0 0 0 1454 0 5982481 0 0 0 0 0 0 2180 0
net vnet24 0 0 582459 0 0 0 0 0 0 0 0 0 7099 0 80582339 0 0 0 0 0 0 18254 0
net vnet38 0 0 437503 0 0 0 0 0 0 0 0 0 4162 0 64616582 0 0 0 0 0 0 7119 0
net virbr0 0 1269 375563392 0 0 0 0 0 0 0 0 0 4997145 0 70408400010 0 0 0 0 0 0 7220597 0
numa 1 2582810765 18927329 1008175 29040 1602718342 998585922
numa 0 2098258729 1008175 18927329 28452 1129238498 969769173
ps - 830035521 1529010 257 242 230 1 761
sysv_shm - 0 0
tmpfs /run/lock 0 6
tmpfs /run 2281472 1160
tmpfs /run/user/20029 4096 44
tmpfs /run/qemu 0 1
tmpfs /dev/shm 70438268928 271024
vfs - 298266 173625 309437
vm - 14 28235345 1310747118 520728 2496526 4696013521 4708294687 86240135 21487430 4401746493 76585 0 0 0 0 0 2714357 0 1121522 2855 0 2495195 84 0 34 0 0

1764549310.035516 0 node12.dhkim-278716.ldos-ut-pg0.wisc.cloudlab.us
block sda 417135 407057 56455763 9194409 5511875 14723569 2621494269 238266458 0 16949824 251568362
block sdb 2600 0 7504 3491 4 0 0 0 0 4228 3491
block sdc 990 0 7993 259 4 0 0 0 0 956 260
cpu 11 3367068 2 177740 24591785 166758 0 2091
cpu 10 3503527 13 158966 24540766 111054 0 1081
cpu 13 3206609 0 135510 24904227 55501 0 307
cpu 12 3269846 2 151790 24783303 100293 0 811
cpu 15 2953782 0 142104 25126180 73948 0 588
cpu 14 2917784 1 134193 25193726 51684 0 262
cpu 17 3047804 10 138934 25042274 67520 0 402
cpu 16 3005956 0 160504 24980989 144794 0 1477
cpu 19 3028034 0 164751 24976478 122273 0 1145
cpu 18 3154642 2 142532 24948336 51990 0 367
cpu 1 3268448 12 128614 24917744 58702 0 3018
cpu 0 3249721 2 131903 24860763 60582 0 917
cpu 3 3053130 2 128300 25145167 59730 0 1789
cpu 2 2959450 1 147540 25195000 81790 0 1198
cpu 5 2907448 0 137634 25251382 89557 0 3074
cpu 4 2823107 1 164095 25222805 168848 0 7286
cpu 7 3439772 0 136994 24768516 47595 0 876
cpu 6 3210694 1 126240 24993857 59835 0 2390
cpu 9 3013283 2 129146 25197303 51832 0 486
cpu 8 3148810 81 138020 25015359 53201 0 9398
intel_hsw_cbo 1/7 20971793 20972340 20975390 20972852 17214863854551 757470725183 2563800427193 459800510372
intel_hsw_cbo 1/6 20971793 20972340 20975390 20972852 16500608021296 758875735755 2417833296825 460120005909
intel_hsw_cbo 1/0 20971793 20972340 20975390 20972852 15916291670400 757198172316 2232602479417 459950879788
intel_hsw_cbo 1/4 20971793 20972340 20975390 20972852 16233847259567 759828949734 2041420791846 459907360589
intel_hsw_cbo 1/3 20971793 20972340 20975390 20972852 18865066359548 757985950802 2839773526079 459982019579
intel_hsw_cbo 1/1 20971793 20972340 20975390 20972852 16105395678328 758864902660 2351480610667 459898445062
intel_hsw_cbo 0/8 20971793 20972340 20975390 20972852 15096958630590 693911030280 2118135181508 424196945865
intel_hsw_cbo 0/9 20971793 20972340 20975390 20972852 16734829144803 692976963600 2722224034325 424223382244
intel_hsw_cbo 0/6 20971793 20972340 20975390 20972852 16652017821349 747597635625 2232437098653 459320706989
intel_hsw_cbo 0/7 20971793 20972340 20975390 20972852 18038348292250 747574452841 2425846952244 459155783014
intel_hsw_cbo 0/4 20971793 20972340 20975390 20972852 16409953290759 748659101301 2038129016368 459236929281
intel_hsw_cbo 0/5 20971793 20972340 20975390 20972852 20056423604936 744907664863 2447050262004 459473948267
intel_hsw_cbo 0/2 20971793 20972340 20975390 20972852 15959028079588 746750672155 1991357806274 459155009648
intel_hsw_cbo 0/3 20971793 20972340 20975390 20972852 20734291248811 746413679981 2742033921293 459213455564
intel_hsw_cbo 0/0 20971793 20972340 20975390 20972852 16360295378325 746907877668 2224927313681 459611211680
intel_hsw_cbo 0/1 20971793 20972340 20975390 20972852 16770128845693 747708607361 2186151834104 459268533809
intel_hsw_cbo 1/9 20971793 20972340 20975390 20972852 16470089288574 703123464039 2889294021225 425127952548
intel_hsw_cbo 1/5 20971793 20972340 20975390 20972852 18240330529450 755620657740 2550387530786 460349114316
intel_hsw_cbo 1/8 20971793 20972340 20975390 20972852 14878368580749 704161338937 2292671670413 425165422718
intel_hsw_cbo 1/2 20971793 20972340 20975390 20972852 15596927149838 757583354571 1978485422836 460055316535
intel_hsw_hau ff/12.5 20972289 20974593 20971520 20975386 6176389421929 1750584915600 101173735499259 1754539174001
intel_hsw_hau 7f/12.1 20972289 20974593 20971520 20975386 5027104282710 1604398142395 94507387442664 1609413609496
intel_hsw_hau ff/12.1 20972289 20974593 20971520 20975386 7034407733750 2231955763091 101173735560358 2238363388441
intel_hsw_hau 7f/12.5 20972289 20974593 20971520 20975386 4715392435389 1477764943934 94507388464321 1481247400191
intel_hsw_imc ff/14.1 20972292 20974596 20974337 20971778 3074185678767 880118257357 3147346213419 1747047339018 0
intel_hsw_imc ff/14.0 20972292 20974596 20974337 20971778 3940283682425 1366675788537 3488162346768 1517048185878 0
intel_hsw_imc 7f/17.1 20972292 20974596 20974337 20971778 2350952832192 743212852748 2472899461784 1335620148312 0
intel_hsw_imc 7f/17.0 20972292 20974596 20974337 20971778 2349327275703 743024330050 2471986108013 1343170047100 0
intel_hsw_imc 7f/14.0 20972292 20974596 20974337 20971778 2661883812950 873695986958 2563202110925 1079847716925 0
intel_hsw_imc 7f/14.1 20972292 20974596 20974337 20971778 2346389085335 743002751585 2455238243778 1324365926073 0
intel_hsw_imc ff/17.0 20972292 20974596 20974337 20971778 3076917880987 880233950100 3171539726350 1772612640239 0
intel_hsw_imc ff/17.1 20972292 20974596 20974337 20971778 3077951278770 880112408042 3170101116245 1759684470159 0
intel_hsw_qpi ff/08.2 6291712 6292480 6293506 6292483 3870708723700 2706000517866 10671437050680 0
intel_hsw_qpi 7f/08.2 6291712 6292480 6293506 6292483 2703078307963 3874091243114 13749895039446 0
intel_hsw_qpi 7f/09.2 6291712 6292480 6293506 6292483 2703742792798 3873878800390 12564571695176 0
intel_hsw_qpi ff/09.2 6291712 6292480 6293506 6292483 3870731496178 2705503219130 11692824562544 0
intel_hsw_r2pci 7f/10.1 20972580 20975369 20975367 20975368 4608049762 24788925821705 26842297927309 31409955917930
intel_hsw_r2pci ff/10.1 20972580 20975369 20975367 20975368 46770612 23510867091555 26239005898870 29814732765108
mem 1 82566752 31495072 51071680 11373632 38955808 156 0 50249632 12971792 79876 37460 0 0 440884 0 0 0
mem 0 82341048 8911532 73429516 16923404 54377340 220 0 70775108 43679764 528728 126076 0 0 635488 28672 0 0
net enp6s0f0 0 0 0 0 0 0 0 0 0 0 0 0 0 0 6536 0 0 0 0 0 0 92 0
net vnet40 0 0 51350 0 0 0 0 0 0 0 0 0 284 0 49508 0 0 0 0 0 0 286 0
net enp1s0f0 0 1318245 77977904187 0 0 0 0 371 0 0 371 0 80956085 0 1597034948 0 0 0 0 0 0 9054921 0
net lo 0 0 59945433 0 0 0 0 0 0 0 0 0 476825 0 59945433 0 0 0 0 0 0 476825 0
net vnet20 0 0 11512096 0 0 0 0 0 0 0 0 0 81574 0 1150441153 0 0 0 0 0 0 134427 0
net vnet23 0 0 8310087 0 0 0 0 0 0 0 0 0 65720 0 495993521 0 0 0 0 0 0 90000 0
net vnet21 0 0 11159818 0 0 0 0 0 0 0 0 0 77652 0 1150433710 0 0 0 0 0 0 131304 0
net vnet37 0 0 225707 0 0 0 0 0 0 0 0 0 1454 0 5982481 0 0 0 0 0 0 2180 0
net vnet24 0 0 582459 0 0 0 0 0 0 0 0 0 7099 0 80582339 0 0 0 0 0 0 18254 0
net vnet38 0 0 437503 0 0 0 0 0 0 0 0 0 4162 0 64616582 0 0 0 0 0 0 7119 0
net virbr0 0 1269 375563392 0 0 0 0 0 0 0 0 0 4997145 0 70408400010 0 0 0 0 0 0 7220597 0
numa 1 2582811609 18927329 1008175 29040 1602719186 998585922
numa 0 2098259831 1008175 18927329 28452 1129239600 969769173
ps - 830038863 1529021 245 240 229 1 761
sysv_shm - 0 0
tmpfs /run/lock 0 6
tmpfs /run 2281472 1160
tmpfs /run/user/20029 4096 44
tmpfs /run/qemu 0 1
tmpfs /dev/shm 70438268928 271024
vfs - 298266 173625 309437
vm - 14 28235385 1310747134 520728 2496526 4696015466 4708296607 86240136 21487430 4401748574 76586 0 0 0 0 0 2714357 0 1121522 2855 0 2495195 84 0 34 0 0

1764549311.069480 0 node12.dhkim-278716.ldos-ut-pg0.wisc.cloudlab.us
block sda 417135 407057 56455763 9194409 5511942 14723569 2621494869 238266764 0 16949888 251568667
block sdb 2600 0 7504 3491 4 0 0 0 0 4228 3491
block sdc 990 0 7993 259 4 0 0 0 0 956 260
cpu 11 3367069 2 177740 24591887 166758 0 2091
cpu 10 3503529 13 158967 24540867 111054 0 1081
cpu 13 3206610 0 135510 24904329 55501 0 307
cpu 12 3269848 2 151790 24783404 100293 0 811
cpu 15 2953783 0 142104 25126283 73948 0 588
cpu 14 2917784 1 134193 25193829 51684 0 262
cpu 17 3047804 10 138934 25042377 67520 0 402
cpu 16 3005956 0 160504 24981092 144794 0 1477
cpu 19 3028034 0 164751 24976582 122273 0 1145
cpu 18 3154642 2 142532 24948433 51996 0 367
cpu 1 3268448 12 128614 24917845 58702 0 3018
cpu 0 3249723 2 131905 24860861 60582 0 917
cpu 3 3053131 2 128300 25145267 59730 0 1789
cpu 2 2959451 1 147541 25195102 81790 0 1198
cpu 5 2907450 0 137634 25251482 89557 0 3074
cpu 4 2823108 1 164095 25222905 168848 0 7286
cpu 7 3439774 0 136994 24768617 47595 0 876
cpu 6 3210695 1 126240 24993959 59835 0 2390
cpu 9 3013283 2 129146 25197406 51832 0 486
cpu 8 3148812 81 138020 25015459 53201 0 9398
intel_hsw_cbo 1/7 20971793 20972340 20975390 20972852 17214864536596 757470922162 2563800438082 459800578514
intel_hsw_cbo 1/6 20971793 20972340 20975390 20972852 16500608706953 758875930888 2417833381655 460120074199
intel_hsw_cbo 1/0 20971793 20972340 20975390 20972852 15916292417533 757198369119 2232602801307 459950949066
intel_hsw_cbo 1/4 20971793 20972340 20975390 20972852 16233847989611 759829148980 2041421116843 459907429645
intel_hsw_cbo 1/3 20971793 20972340 20975390 20972852 18865066994792 757986147361 2839773578229 459982088185
intel_hsw_cbo 1/1 20971793 20972340 20975390 20972852 16105396249847 758865100637 2351480709664 459898514207
intel_hsw_cbo 0/8 20971793 20972340 20975390 20972852 15096961613003 693911451280 2118135536933 424197086293
intel_hsw_cbo 0/9 20971793 20972340 20975390 20972852 16734832225317 692977382897 2722224531270 424223525433
intel_hsw_cbo 0/6 20971793 20972340 20975390 20972852 16652020610244 747598099663 2232437493965 459320858183
intel_hsw_cbo 0/7 20971793 20972340 20975390 20972852 18038351465135 747574920008 2425847444864 459155935767
intel_hsw_cbo 0/4 20971793 20972340 20975390 20972852 16409956003564 748659564730 2038129215548 459237081143
intel_hsw_cbo 0/5 20971793 20972340 20975390 20972852 20056426590660 744908113069 2447050774860 459474100057
intel_hsw_cbo 0/2 20971793 20972340 20975390 20972852 15959030824417 746751134283 1991357992942 459155162599
intel_hsw_cbo 0/3 20971793 20972340 20975390 20972852 20734294417516 746414142906 2742034447383 459213607278
intel_hsw_cbo 0/0 20971793 20972340 20975390 20972852 16360298350579 746908339646 2224927562328 459611365408
intel_hsw_cbo 0/1 20971793 20972340 20975390 20972852 16770131558232 747709064462 2186152185867 459268687021
intel_hsw_cbo 1/9 20971793 20972340 20975390 20972852 16470089896561 703123646093 2889294075837 425128018549
intel_hsw_cbo 1/5 20971793 20972340 20975390 20972852 18240331122944 755620852183 2550387540849 460349184136
intel_hsw_cbo 1/8 20971793 20972340 20975390 20972852 14878369185184 704161523062 2292671756059 425165488442
intel_hsw_cbo 1/2 20971793 20972340 20975390 20972852 15596927768289 757583552421 1978485746773 460055384839
intel_hsw_hau ff/12.5 20972289 20974593 20971520 20975386 6176389804657 1750585004469 101174634024276 1754539266021
intel_hsw_hau 7f/12.1 20972289 20974593 20971520 20975386 5027106685852 1604399036227 94508291336726 1609414513270
intel_hsw_hau ff/12.1 20972289 20974593 20971520 20975386 7034408496849 2231956059654 101174634071025 2238363691451
intel_hsw_hau 7f/12.5 20972289 20974593 20971520 20975386 4715394199997 1477765613834 94508292372737 1481248072938
intel_hsw_imc ff/14.1 20972292 20974596 20974337 20971778 3074185867820 880118302871 3147346296458 1747047345898 0
intel_hsw_imc ff/14.0 20972292 20974596 20974337 20971778 3940284265876 1366676056396 3488162505926 1517048200975 0
intel_hsw_imc 7f/17.1 20972292 20974596 20974337 20971778 2350953702433 743213180492 2472900000746 1335620275359 0
intel_hsw_imc 7f/17.0 20972292 20974596 20974337 20971778 2349328161702 743024673054 2471986662932 1343170175753 0
intel_hsw_imc 7f/14.0 20972292 20974596 20974337 20971778 2661885339577 873696564620 2563202822460 1079847840978 0
intel_hsw_imc 7f/14.1 20972292 20974596 20974337 20971778 2346389955832 743003079539 2455238780301 1324366053309 0
intel_hsw_imc ff/17.0 20972292 20974596 20974337 20971778 3076918071312 880233996034 3171539810239 1772612647094 0
intel_hsw_imc ff/17.1 20972292 20974596 20974337 20971778 3077951477428 880112461405 3170101208119 1759684477386 0
intel_hsw_qpi ff/08.2 6291712 6292480 6293506 6292483 3870709069631 2706002940815 10671437180392 0
intel_hsw_qpi 7f/08.2 6291712 6292480 6293506 6292483 2703080726946 3874091588490 13749895927582 0
intel_hsw_qpi 7f/09.2 6291712 6292480 6293506 6292483 2703745215650 3873879146353 12564572332064 0
intel_hsw_qpi ff/09.2 6291712 6292480 6293506 6292483 3870731841541 2705505638140 11692824793168 0
intel_hsw_r2pci 7f/10.1 20972580 20975369 20975367 20975368 4608057928 24788933054566 26842305876320 31409964067685
intel_hsw_r2pci ff/10.1 20972580 20975369 20975367 20975368 46770760 23510871109784 26239014797873 29814741987782
mem 1 82566752 31495680 51071072 11373628 38955680 60 0 50249632 12971792 79696 37368 0 0 440884 0 0 0
mem 0 82341048 8911028 73430020 16923408 54377480 52 0 70775116 43679764 528900 126176 0 0 635556 28672 0 0
net enp6s0f0 0 0 0 0 0 0 0 0 0 0 0 0 0 0 6536 0 0 0 0 0 0 92 0
net vnet40 0 0 51350 0 0 0 0 0 0 0 0 0 284 0 49560 0 0 0 0 0 0 287 0
net enp1s0f0 0 1318250 77977910594 0 0 0 0 371 0 0 371 0 80956178 0 1597035659 0 0 0 0 0 0 9054926 0
net lo 0 0 59945978 0 0 0 0 0 0 0 0 0 476829 0 59945978 0 0 0 0 0 0 476829 0
net vnet20 0 0 11512096 0 0 0 0 0 0 0 0 0 81574 0 1150441205 0 0 0 0 0 0 134428 0
net vnet23 0 0 8310087 0 0 0 0 0 0 0 0 0 65720 0 495993573 0 0 0 0 0 0 90001 0
net vnet21 0 0 11159818 0 0 0 0 0 0 0 0 0 77652 0 1150433762 0 0 0 0 0 0 131305 0
net vnet37 0 0 225707 0 0 0 0 0 0 0 0 0 1454 0 5982533 0 0 0 0 0 0 2181 0
net vnet24 0 0 582459 0 0 0 0 0 0 0 0 0 7099 0 80582391 0 0 0 0 0 0 18255 0
net vnet38 0 0 437503 0 0 0 0 0 0 0 0 0 4162 0 64616634 0 0 0 0 0 0 7120 0
net virbr0 0 1269 375563392 0 0 0 0 0 0 0 0 0 4997145 0 70408400010 0 0 0 0 0 0 7220597 0
numa 1 2582812329 18927329 1008175 29040 1602719906 998585922
numa 0 2098261060 1008175 18927329 28452 1129240829 969769173
ps - 830042701 1529032 245 240 229 2 761
sysv_shm - 0 0
tmpfs /run/lock 0 6
tmpfs /run 2281472 1160
tmpfs /run/user/20029 4096 44
tmpfs /run/qemu 0 1
tmpfs /dev/shm 70438268928 271024
vfs - 298266 173585 309437
vm - 14 28235385 1310747434 520728 2496526 4696017415 4708298559 86240136 21487430 4401750745 76586 0 0 0 0 0 2714357 0 1121522 2855 0 2495195 84 0 34 0 0

1764549312.106639 0 node12.dhkim-278716.ldos-ut-pg0.wisc.cloudlab.us
block sda 417136 407057 56455771 9194414 5511951 14723583 2621495077 238266780 1 16949920 251568697
block sdb 2600 0 7504 3491 4 0 0 0 0 4228 3491
block sdc 990 0 7993 259 4 0 0 0 0 956 260
cpu 11 3367070 2 177740 24591989 166758 0 2091
cpu 10 3503532 13 158968 24540968 111054 0 1081
cpu 13 3206610 0 135510 24904430 55501 0 307
cpu 12 3269851 2 151791 24783506 100293 0 811
cpu 15 2953783 0 142105 25126386 73948 0 588
cpu 14 2917784 1 134193 25193933 51685 0 262
cpu 17 3047804 10 138934 25042481 67520 0 402
cpu 16 3005956 0 160504 24981196 144794 0 1477
cpu 19 3028034 0 164751 24976685 122273 0 1145
cpu 18 3154643 2 142532 24948536 51996 0 367
cpu 1 3268448 12 128614 24917947 58702 0 3018
cpu 0 3249725 2 131907 24860959 60583 0 917
cpu 3 3053132 2 128300 25145368 59731 0 1789
cpu 2 2959451 1 147541 25195203 81790 0 1198
cpu 5 2907450 0 137634 25251585 89557 0 3074
cpu 4 2823110 1 164096 25223003 168848 0 7286
cpu 7 3439777 0 136994 24768719 47595 0 876
cpu 6 3210696 1 126240 24994060 59835 0 2390
cpu 9 3013284 2 129146 25197508 51832 0 486
cpu 8 3148812 81 138021 25015562 53201 0 9398
intel_hsw_cbo 1/7 20971793 20972340 20975390 20972852 17214865203006 757471118333 2563800445751 459800652706
intel_hsw_cbo 1/6 20971793 20972340 20975390 20972852 16500609376609 758876124233 2417833460363 460120148766
intel_hsw_cbo 1/0 20971793 20972340 20975390 20972852 15916293132737 757198565770 2232603116893 459951024111
intel_hsw_cbo 1/4 20971793 20972340 20975390 20972852 16233848731499 759829347823 2041421429427 459907504048
intel_hsw_cbo 1/3 20971793 20972340 20975390 20972852 18865067619322 757986342101 2839773626496 459982161713
intel_hsw_cbo 1/1 20971793 20972340 20975390 20972852 16105396892772 758865297571 2351480811383 459898588271
intel_hsw_cbo 0/8 20971793 20972340 20975390 20972852 15096964430253 693911850029 2118136094849 424197199543
intel_hsw_cbo 0/9 20971793 20972340 20975390 20972852 16734834896675 692977778573 2722224740314 424223640122
intel_hsw_cbo 0/6 20971793 20972340 20975390 20972852 16652023208806 747598537394 2232438029787 459320981372
intel_hsw_cbo 0/7 20971793 20972340 20975390 20972852 18038354365561 747575363847 2425847583037 459156060087
intel_hsw_cbo 0/4 20971793 20972340 20975390 20972852 16409958445901 748660003042 2038129463806 459237204657
intel_hsw_cbo 0/5 20971793 20972340 20975390 20972852 20056429211490 744908539213 2447050926540 459474222990
intel_hsw_cbo 0/2 20971793 20972340 20975390 20972852 15959033407421 746751571918 1991358185093 459155287180
intel_hsw_cbo 0/3 20971793 20972340 20975390 20972852 20734297367137 746414581533 2742034665459 459213730064
intel_hsw_cbo 0/0 20971793 20972340 20975390 20972852 16360300974444 746908780478 2224927753146 459611490576
intel_hsw_cbo 0/1 20971793 20972340 20975390 20972852 16770133880848 747709498090 2186152697508 459268810186
intel_hsw_cbo 1/9 20971793 20972340 20975390 20972852 16470090555901 703123827943 2889294125137 425128090415
intel_hsw_cbo 1/5 20971793 20972340 20975390 20972852 18240331730726 755621046167 2550387547923 460349259445
intel_hsw_cbo 1/8 20971793 20972340 20975390 20972852 14878369834515 704161707110 2292671837465 425165559377
intel_hsw_cbo 1/2 20971793 20972340 20975390 20972852 15596928540941 757583749285 1978486062167 460055458409
intel_hsw_hau ff/12.5 20972289 20974593 20971520 20975386 6176390202279 1750585098059 101175552763597 1754539363289
intel_hsw_hau 7f/12.1 20972289 20974593 20971520 20975386 5027108986549 1604399810220 94509208268577 1609415298718
intel_hsw_hau ff/12.1 20972289 20974593 20971520 20975386 7034409288701 2231956365491 101175552806156 2238364003915
intel_hsw_hau 7f/12.5 20972289 20974593 20971520 20975386 4715395832944 1477766175274 94509209306656 1481248638131
intel_hsw_imc ff/14.1 20972292 20974596 20974337 20971778 3074186065601 880118351171 3147346388302 1747047353331 0
intel_hsw_imc ff/14.0 20972292 20974596 20974337 20971778 3940284869116 1366676331314 3488162680355 1517048218008 0
intel_hsw_imc 7f/17.1 20972292 20974596 20974337 20971778 2350954519516 743213463274 2472900467438 1335620385296 0
intel_hsw_imc 7f/17.0 20972292 20974596 20974337 20971778 2349328994522 743024972211 2471987144721 1343170286135 0
intel_hsw_imc 7f/14.0 20972292 20974596 20974337 20971778 2661886846051 873697091689 2563203473193 1079847948111 0
intel_hsw_imc 7f/14.1 20972292 20974596 20974337 20971778 2346390771345 743003361944 2455239244272 1324366162355 0
intel_hsw_imc ff/17.0 20972292 20974596 20974337 20971778 3076918269165 880234044620 3171539902251 1772612654339 0
intel_hsw_imc ff/17.1 20972292 20974596 20974337 20971778 3077951683074 880112517585 3170101307984 1759684484923 0
intel_hsw_qpi ff/08.2 6291712 6292480 6293506 6292483 3870709421896 2706005264009 10671437305976 0
intel_hsw_qpi 7f/08.2 6291712 6292480 6293506 6292483 2703083047233 3874091940624 13749896875550 0
intel_hsw_qpi 7f/09.2 6291712 6292480 6293506 6292483 2703747538774 3873879498624 12564572989040 0
intel_hsw_qpi ff/09.2 6291712 6292480 6293506 6292483 3870732193660 2705507958483 11692825014688 0
intel_hsw_r2pci 7f/10.1 20972580 20975369 20975367 20975368 4608065988 24788941121637 26842314335613 31409972995152
intel_hsw_r2pci ff/10.1 20972580 20975369 20975367 20975368 46771010 23510875165277 26239023446821 29814751017901
mem 1 82566752 31495428 51071324 11373788 38955580 160 0 50249640 12971792 79788 37368 0 0 440844 0 0 0
mem 0 82341048 8909040 73432008 16923408 54377340 220 0 70775120 43679764 528716 126116 0 0 635596 28672 0 0
net enp6s0f0 0 0 0 0 0 0 0 0 0 0 0 0 0 0 6536 0 0 0 0 0 0 92 0
net vnet40 0 0 51350 0 0 0 0 0 0 0 0 0 284 0 49560 0 0 0 0 0 0 287 0
net enp1s0f0 0 1318254 77977918987 0 0 0 0 371 0 0 371 0 80956287 0 1597039020 0 0 0 0 0 0 9054943 0
net lo 0 0 59946523 0 0 0 0 0 0 0 0 0 476833 0 59946523 0 0 0 0 0 0 476833 0
net vnet20 0 0 11512096 0 0 0 0 0 0 0 0 0 81574 0 1150441205 0 0 0 0 0 0 134428 0
net vnet23 0 0 8310087 0 0 0 0 0 0 0 0 0 65720 0 495993573 0 0 0 0 0 0 90001 0
net vnet21 0 0 11159818 0 0 0 0 0 0 0 0 0 77652 0 1150433762 0 0 0 0 0 0 131305 0
net vnet37 0 0 225707 0 0 0 0 0 0 0 0 0 1454 0 5982533 0 0 0 0 0 0 2181 0
net vnet24 0 0 582459 0 0 0 0 0 0 0 0 0 7099 0 80582391 0 0 0 0 0 0 18255 0
net vnet38 0 0 437503 0 0 0 0 0 0 0 0 0 4162 0 64616634 0 0 0 0 0 0 7120 0
net virbr0 0 1269 375563392 0 0 0 0 0 0 0 0 0 4997145 0 70408400010 0 0 0 0 0 0 7220597 0
numa 1 2582813154 18927329 1008175 29040 1602720731 998585922
numa 0 2098262899 1008175 18927329 28452 1129242668 969769173
ps - 830046440 1529045 245 240 229 1 761
sysv_shm - 0 0
tmpfs /run/lock 0 6
tmpfs /run 2281472 1160
tmpfs /run/user/20029 4096 44
tmpfs /run/qemu 0 1
tmpfs /dev/shm 70438268928 271024
vfs - 298266 173625 309437
vm - 14 28235389 1310747542 520728 2496526 4696020079 4708301219 86240177 21487430 4401753985 76586 0 0 0 0 0 2714357 0 1121522 2855 0 2495195 84 0 34 0 0

1764549313.143797 0 node12.dhkim-278716.ldos-ut-pg0.wisc.cloudlab.us
block sda 417137 407058 56455787 9194427 5511996 14723598 2621495909 238267199 0 16950016 251569143
block sdb 2600 0 7504 3491 4 0 0 0 0 4228 3491
block sdc 990 0 7993 259 4 0 0 0 0 956 260
cpu 11 3367071 2 177741 24592091 166758 0 2091
cpu 10 3503535 13 158968 24541070 111054 0 1081
cpu 13 3206610 0 135510 24904532 55503 0 307
cpu 12 3269851 2 151791 24783607 100295 0 811
cpu 15 2953783 0 142105 25126489 73948 0 588
cpu 14 2917786 1 134193 25194035 51685 0 262
cpu 17 3047805 10 138934 25042584 67520 0 402
cpu 16 3005957 0 160504 24981299 144794 0 1477
cpu 19 3028035 0 164751 24976788 122273 0 1145
cpu 18 3154643 2 142532 24948640 51996 0 367
cpu 1 3268448 12 128615 24918045 58705 0 3018
cpu 0 3249725 2 131908 24861056 60585 0 917
cpu 3 3053133 2 128301 25145465 59735 0 1789
cpu 2 2959451 1 147541 25195301 81794 0 1198
cpu 5 2907450 0 137634 25251685 89560 0 3074
cpu 4 2823110 1 164096 25223100 168851 0 7286
cpu 7 3439778 0 136995 24768819 47597 0 876
cpu 6 3210698 1 126240 24994161 59837 0 2390
cpu 9 3013284 2 129146 25197610 51832 0 486
cpu 8 3148812 81 138021 25015664 53201 0 9398
intel_hsw_cbo 1/7 20971793 20972340 20975390 20972852 17214865869825 757471321894 2563800459638 459800723887
intel_hsw_cbo 1/6 20971793 20972340 20975390 20972852 16500610088482 758876324511 2417833638535 460120220117
intel_hsw_cbo 1/0 20971793 20972340 20975390 20972852 15916293857026 757198766824 2232603338980 459951094650
intel_hsw_cbo 1/4 20971793 20972340 20975390 20972852 16233849458538 759829551863 2041421632152 459907575148
intel_hsw_cbo 1/3 20971793 20972340 20975390 20972852 18865068269331 757986543005 2839773680406 459982231912
intel_hsw_cbo 1/1 20971793 20972340 20975390 20972852 16105397631054 758865499093 2351481025348 459898658949
intel_hsw_cbo 0/8 20971793 20972340 20975390 20972852 15096967310987 693912240479 2118136420330 424197312368
intel_hsw_cbo 0/9 20971793 20972340 20975390 20972852 16734837629044 692978166114 2722224999270 424223753659
intel_hsw_cbo 0/6 20971793 20972340 20975390 20972852 16652025765951 747598966418 2232438356759 459321102043
intel_hsw_cbo 0/7 20971793 20972340 20975390 20972852 18038357170542 747575798320 2425847817916 459156183350
intel_hsw_cbo 0/4 20971793 20972340 20975390 20972852 16409960827856 748660432142 2038129614989 459237327900
intel_hsw_cbo 0/5 20971793 20972340 20975390 20972852 20056431943517 744908957305 2447051174028 459474344441
intel_hsw_cbo 0/2 20971793 20972340 20975390 20972852 15959035927219 746752000089 1991358314929 459155411425
intel_hsw_cbo 0/3 20971793 20972340 20975390 20972852 20734300190089 746415012658 2742034950594 459213851051
intel_hsw_cbo 0/0 20971793 20972340 20975390 20972852 16360303484849 746909209746 2224927911916 459611614179
intel_hsw_cbo 0/1 20971793 20972340 20975390 20972852 16770136225899 747709921983 2186153003472 459268932984
intel_hsw_cbo 1/9 20971793 20972340 20975390 20972852 16470091339637 703124016917 2889294181452 425128160160
intel_hsw_cbo 1/5 20971793 20972340 20975390 20972852 18240332423763 755621246366 2550387560732 460349332126
intel_hsw_cbo 1/8 20971793 20972340 20975390 20972852 14878370560817 704161897673 2292672047845 425165628852
intel_hsw_cbo 1/2 20971793 20972340 20975390 20972852 15596929335006 757583951842 1978486267095 460055528383
intel_hsw_hau ff/12.5 20972289 20974593 20971520 20975386 6176390584508 1750585205494 101176431075679 1754539474328
intel_hsw_hau 7f/12.1 20972289 20974593 20971520 20975386 5027111224336 1604400564156 94510081313824 1609416062866
intel_hsw_hau ff/12.1 20972289 20974593 20971520 20975386 7034410056210 2231956688681 101176431132654 2238364333937
intel_hsw_hau 7f/12.5 20972289 20974593 20971520 20975386 4715397442964 1477766723126 94510082337811 1481249188939
intel_hsw_imc ff/14.1 20972292 20974596 20974337 20971778 3074186254328 880118406163 3147346475660 1747047361124 0
intel_hsw_imc ff/14.0 20972292 20974596 20974337 20971778 3940285456225 1366676616025 3488162845039 1517048234957 0
intel_hsw_imc 7f/17.1 20972292 20974596 20974337 20971778 2350955324946 743213738788 2472900922787 1335620491291 0
intel_hsw_imc 7f/17.0 20972292 20974596 20974337 20971778 2349329816185 743025263718 2471987615838 1343170392925 0
intel_hsw_imc 7f/14.0 20972292 20974596 20974337 20971778 2661888300615 873697603714 2563204088607 1079848049426 0
intel_hsw_imc 7f/14.1 20972292 20974596 20974337 20971778 2346391575608 743003637347 2455239696115 1324366268802 0
intel_hsw_imc ff/17.0 20972292 20974596 20974337 20971778 3076918459322 880234100132 3171539991046 1772612662010 0
intel_hsw_imc ff/17.1 20972292 20974596 20974337 20971778 3077951880453 880112579893 3170101403720 1759684493012 0
intel_hsw_qpi ff/08.2 6291712 6292480 6293506 6292483 3870709781204 2706007530150 10671437437400 0
intel_hsw_qpi 7f/08.2 6291712 6292480 6293506 6292483 2703085310791 3874092301436 13749897767830 0
intel_hsw_qpi 7f/09.2 6291712 6292480 6293506 6292483 2703749804822 3873879857914 12564573626968 0
intel_hsw_qpi ff/09.2 6291712 6292480 6293506 6292483 3870732554503 2705510222109 11692825247824 0
intel_hsw_r2pci 7f/10.1 20972580 20975369 20975367 20975368 4608074418 24788947993329 26842321605501 31409980873728
intel_hsw_r2pci ff/10.1 20972580 20975369 20975367 20975368 46771158 23510878525225 26239031067645 29814759292878
mem 1 82566752 31495428 51071324 11373796 38955692 148 0 50249656 12971792 79876 37428 0 0 440836 0 0 0
mem 0 82341048 8907536 73433512 16923408 54377340 228 0 70775124 43679764 528804 126132 0 0 635676 28672 0 0
net enp6s0f0 0 0 0 0 0 0 0 0 0 0 0 0 0 0 6536 0 0 0 0 0 0 92 0
net vnet40 0 0 51350 0 0 0 0 0 0 0 0 0 284 0 49612 0 0 0 0 0 0 288 0
net enp1s0f0 0 1318259 77977924024 0 0 0 0 371 0 0 371 0 80956363 0 1597039731 0 0 0 0 0 0 9054948 0
net lo 0 0 59947068 0 0 0 0 0 0 0 0 0 476837 0 59947068 0 0 0 0 0 0 476837 0
net vnet20 0 0 11512096 0 0 0 0 0 0 0 0 0 81574 0 1150441257 0 0 0 0 0 0 134429 0
net vnet23 0 0 8310087 0 0 0 0 0 0 0 0 0 65720 0 495993625 0 0 0 0 0 0 90002 0
net vnet21 0 0 11159818 0 0 0 0 0 0 0 0 0 77652 0 1150433814 0 0 0 0 0 0 131306 0
net vnet37 0 0 225707 0 0 0 0 0 0 0 0 0 1454 0 5982585 0 0 0 0 0 0 2182 0
net vnet24 0 0 582459 0 0 0 0 0 0 0 0 0 7099 0 80582443 0 0 0 0 0 0 18256 0
net vnet38 0 0 437503 0 0 0 0 0 0 0 0 0 4162 0 64616686 0 0 0 0 0 0 7121 0
net virbr0 0 1269 375563392 0 0 0 0 0 0 0 0 0 4997145 0 70408400010 0 0 0 0 0 0 7220597 0
numa 1 2582814310 18927329 1008175 29040 1602721887 998585922
numa 0 2098264201 1008175 18927329 28452 1129243970 969769173
ps - 830050355 1529074 245 240 229 2 774
sysv_shm - 0 0
tmpfs /run/lock 0 6
tmpfs /run 2281472 1160
tmpfs /run/user/20029 4096 44
tmpfs /run/qemu 0 1
tmpfs /dev/shm 70438268928 271024
vfs - 298267 173625 309438
vm - 14 28235397 1310747954 520730 2496526 4696022547 4708303651 86240177 21487430 4401756780 76587 0 0 0 0 0 2714357 0 1121522 2855 0 2495195 84 0 34 0 0

1764549314.180796 0 node12.dhkim-278716.ldos-ut-pg0.wisc.cloudlab.us
block sda 417137 407058 56455787 9194427 5511996 14723598 2621495909 238267199 0 16950016 251569143
block sdb 2600 0 7504 3491 4 0 0 0 0 4228 3491
block sdc 990 0 7993 259 4 0 0 0 0 956 260
cpu 11 3367071 2 177741 24592193 166758 0 2091
cpu 10 3503539 13 158968 24541171 111054 0 1081
cpu 13 3206610 0 135511 24904635 55503 0 307
cpu 12 3269852 2 151792 24783709 100295 0 811
cpu 15 2953783 0 142105 25126592 73948 0 588
cpu 14 2917786 1 134193 25194138 51685 0 262
cpu 17 3047805 10 138934 25042687 67520 0 402
cpu 16 3005957 0 160504 24981402 144794 0 1477
cpu 19 3028035 0 164752 24976891 122273 0 1145
cpu 18 3154643 2 142532 24948743 51996 0 367
cpu 1 3268448 12 128616 24918145 58705 0 3018
cpu 0 3249726 2 131908 24861156 60585 0 917
cpu 3 3053133 2 128301 25145568 59735 0 1789
cpu 2 2959451 1 147541 25195403 81794 0 1198
cpu 5 2907450 0 137635 25251787 89560 0 3074
cpu 4 2823111 1 164097 25223199 168851 0 7286
cpu 7 3439778 0 136995 24768921 47597 0 876
cpu 6 3210700 1 126240 24994262 59837 0 2390
cpu 9 3013284 2 129147 25197713 51832 0 486
cpu 8 3148813 81 138021 25015767 53201 0 9398
intel_hsw_cbo 1/7 20971793 20972340 20975390 20972852 17214866595952 757471535844 2563800474329 459800804610
intel_hsw_cbo 1/6 20971793 20972340 20975390 20972852 16500610795829 758876535792 2417833745017 460120301465
intel_hsw_cbo 1/0 20971793 20972340 20975390 20972852 15916294611750 757198983074 2232603715620 459951177455
intel_hsw_cbo 1/4 20971793 20972340 20975390 20972852 16233850243787 759829768723 2041421955344 459907657292
intel_hsw_cbo 1/3 20971793 20972340 20975390 20972852 18865069023677 757986756644 2839773743081 459982314130
intel_hsw_cbo 1/1 20971793 20972340 20975390 20972852 16105398340580 758865715367 2351481191442 459898741869
intel_hsw_cbo 0/8 20971793 20972340 20975390 20972852 15096969996900 693912614198 2118136692609 424197419510
intel_hsw_cbo 0/9 20971793 20972340 20975390 20972852 16734840062214 692978538379 2722225236079 424223860886
intel_hsw_cbo 0/6 20971793 20972340 20975390 20972852 16652027842726 747599376087 2232438586062 459321217267
intel_hsw_cbo 0/7 20971793 20972340 20975390 20972852 18038359608794 747576214337 2425848000521 459156300275
intel_hsw_cbo 0/4 20971793 20972340 20975390 20972852 16409963036567 748660844392 2038130058193 459237444284
intel_hsw_cbo 0/5 20971793 20972340 20975390 20972852 20056434271984 744909359015 2447051379073 459474459221
intel_hsw_cbo 0/2 20971793 20972340 20975390 20972852 15959038287978 746752410898 1991358801810 459155527407
intel_hsw_cbo 0/3 20971793 20972340 20975390 20972852 20734302590757 746415423665 2742035224583 459213968008
intel_hsw_cbo 0/0 20971793 20972340 20975390 20972852 16360305866823 746909620766 2224928458291 459611729627
intel_hsw_cbo 0/1 20971793 20972340 20975390 20972852 16770138286204 747710329672 2186153315732 459269046800
intel_hsw_cbo 1/9 20971793 20972340 20975390 20972852 16470092035266 703124212969 2889294243872 425128237752
intel_hsw_cbo 1/5 20971793 20972340 20975390 20972852 18240333157885 755621458663 2550387575439 460349415058
intel_hsw_cbo 1/8 20971793 20972340 20975390 20972852 14878371245907 704162096267 2292672184041 425165706238
intel_hsw_cbo 1/2 20971793 20972340 20975390 20972852 15596930141232 757584168316 1978486615261 460055610208
intel_hsw_hau ff/12.5 20972289 20974593 20971520 20975386 6176390978065 1750585294578 101177262713727 1754539565924
intel_hsw_hau 7f/12.1 20972289 20974593 20971520 20975386 5027113411571 1604401304824 94510908552685 1609416812387
intel_hsw_hau ff/12.1 20972289 20974593 20971520 20975386 7034410828425 2231956985436 101177262766362 2238364636042
intel_hsw_hau 7f/12.5 20972289 20974593 20971520 20975386 4715399022603 1477767261493 94510909580910 1481249729752
intel_hsw_imc ff/14.1 20972292 20974596 20974337 20971778 3074186450261 880118451591 3147346561165 1747047368496 0
intel_hsw_imc ff/14.0 20972292 20974596 20974337 20971778 3940286044232 1366676882691 3488163004780 1517048250387 0
intel_hsw_imc 7f/17.1 20972292 20974596 20974337 20971778 2350956115808 743214009417 2472901365236 1335620591230 0
intel_hsw_imc 7f/17.0 20972292 20974596 20974337 20971778 2349330620146 743025548817 2471988072138 1343170493735 0
intel_hsw_imc 7f/14.0 20972292 20974596 20974337 20971778 2661889717302 873698104222 2563204682506 1079848143122 0
intel_hsw_imc 7f/14.1 20972292 20974596 20974337 20971778 2346392364548 743003907766 2455240136532 1324366368461 0
intel_hsw_imc ff/17.0 20972292 20974596 20974337 20971778 3076918656380 880234146085 3171540077006 1772612669238 0
intel_hsw_imc ff/17.1 20972292 20974596 20974337 20971778 3077952084382 880112632336 3170101496437 1759684500603 0
intel_hsw_qpi ff/08.2 6291712 6292480 6293506 6292483 3870710132668 2706009761827 10671437535552 0
intel_hsw_qpi 7f/08.2 6291712 6292480 6293506 6292483 2703087539761 3874092653004 13749898659342 0
intel_hsw_qpi 7f/09.2 6291712 6292480 6293506 6292483 2703752036339 3873880209404 12564574260216 0
intel_hsw_qpi ff/09.2 6291712 6292480 6293506 6292483 3870732906031 2705512451160 11692825423744 0
intel_hsw_r2pci 7f/10.1 20972580 20975369 20975367 20975368 4608082018 24788954940763 26842328409778 31409988987984
intel_hsw_r2pci ff/10.1 20972580 20975369 20975367 20975368 46771310 23510882206319 26239039009186 29814767787616
mem 1 82566752 31495860 51070892 11373804 38955712 164 0 50249656 12971796 79912 37444 0 0 440836 0 0 0
mem 0 82341048 8906528 73434520 16923400 54377296 252 0 70775132 43679764 528680 126052 0 0 635660 28672 0 0
net enp6s0f0 0 0 0 0 0 0 0 0 0 0 0 0 0 0 6536 0 0 0 0 0 0 92 0
net vnet40 0 0 51350 0 0 0 0 0 0 0 0 0 284 0 49612 0 0 0 0 0 0 288 0
net enp1s0f0 0 1318266 77977929601 0 0 0 0 371 0 0 371 0 80956448 0 1597040442 0 0 0 0 0 0 9054953 0
net lo 0 0 59947613 0 0 0 0 0 0 0 0 0 476841 0 59947613 0 0 0 0 0 0 476841 0
net vnet20 0 0 11512096 0 0 0 0 0 0 0 0 0 81574 0 1150441257 0 0 0 0 0 0 134429 0
net vnet23 0 0 8310087 0 0 0 0 0 0 0 0 0 65720 0 495993625 0 0 0 0 0 0 90002 0
net vnet21 0 0 11159818 0 0 0 0 0 0 0 0 0 77652 0 1150433814 0 0 0 0 0 0 131306 0
net vnet37 0 0 225707 0 0 0 0 0 0 0 0 0 1454 0 5982585 0 0 0 0 0 0 2182 0
net vnet24 0 0 582459 0 0 0 0 0 0 0 0 0 7099 0 80582443 0 0 0 0 0 0 18256 0
net vnet38 0 0 437503 0 0 0 0 0 0 0 0 0 4162 0 64616686 0 0 0 0 0 0 7121 0
net virbr0 0 1269 375563392 0 0 0 0 0 0 0 0 0 4997145 0 70408400010 0 0 0 0 0 0 7220597 0
numa 1 2582815474 18927329 1008175 29040 1602723051 998585922
numa 0 2098265380 1008175 18927329 28452 1129245149 969769173
ps - 830053882 1529088 225 236 228 1 774
sysv_shm - 0 0
tmpfs /run/lock 0 6
tmpfs /run 2281472 1160
tmpfs /run/user/20029 4096 44
tmpfs /run/qemu 0 1
tmpfs /dev/shm 70438268928 271024
vfs - 298266 173625 309437
vm - 14 28235397 1310747954 520730 2496526 4696024879 4708305927 86240178 21487430 4401759491 76587 0 0 0 0 0 2714357 0 1121522 2855 0 2495195 84 0 34 0 0

1764549315.216771 0 node12.dhkim-278716.ldos-ut-pg0.wisc.cloudlab.us
block sda 417137 407058 56455787 9194427 5511996 14723598 2621495909 238267199 0 16950016 251569143
block sdb 2600 0 7504 3491 4 0 0 0 0 4228 3491
block sdc 990 0 7993 259 4 0 0 0 0 956 260
cpu 11 3367071 2 177741 24592296 166758 0 2091
cpu 10 3503541 13 158969 24541273 111054 0 1081
cpu 13 3206610 0 135512 24904738 55503 0 307
cpu 12 3269854 2 151794 24783809 100295 0 811
cpu 15 2953784 0 142105 25126695 73948 0 588
cpu 14 2917786 1 134194 25194241 51685 0 262
cpu 17 3047805 10 138934 25042790 67520 0 402
cpu 16 3005957 0 160504 24981506 144794 0 1477
cpu 19 3028035 0 164752 24976994 122273 0 1145
cpu 18 3154643 2 142532 24948846 51996 0 367
cpu 1 3268451 12 128616 24918244 58705 0 3018
cpu 0 3249727 2 131908 24861255 60585 0 917
cpu 3 3053134 2 128302 25145669 59735 0 1789
cpu 2 2959451 1 147541 25195505 81794 0 1198
cpu 5 2907454 0 137636 25251887 89560 0 3074
cpu 4 2823111 1 164097 25223300 168851 0 7286
cpu 7 3439778 0 136995 24769024 47597 0 876
cpu 6 3210700 1 126240 24994365 59837 0 2390
cpu 9 3013284 2 129147 25197816 51832 0 486
cpu 8 3148813 81 138023 25015868 53201 0 9398
intel_hsw_cbo 1/7 20971793 20972340 20975390 20972852 17214867357865 757471746035 2563800488168 459800879758
intel_hsw_cbo 1/6 20971793 20972340 20975390 20972852 16500611592001 758876742849 2417833841230 460120377158
intel_hsw_cbo 1/0 20971793 20972340 20975390 20972852 15916295402658 757199193480 2232604111268 459951250218
intel_hsw_cbo 1/4 20971793 20972340 20975390 20972852 16233851054162 759829979117 2041422369162 459907730199
intel_hsw_cbo 1/3 20971793 20972340 20975390 20972852 18865069840465 757986964690 2839773813259 459982389433
intel_hsw_cbo 1/1 20971793 20972340 20975390 20972852 16105399071487 758865925018 2351481310945 459898817531
intel_hsw_cbo 0/8 20971793 20972340 20975390 20972852 15096972664814 693912992615 2118137211407 424197542723
intel_hsw_cbo 0/9 20971793 20972340 20975390 20972852 16734842570411 692978913683 2722225433182 424223985378
intel_hsw_cbo 0/6 20971793 20972340 20975390 20972852 16652030120130 747599790903 2232439063651 459321349135
intel_hsw_cbo 0/7 20971793 20972340 20975390 20972852 18038362153323 747576633981 2425848095514 459156434147
intel_hsw_cbo 0/4 20971793 20972340 20975390 20972852 16409965449107 748661261274 2038130525707 459237579091
intel_hsw_cbo 0/5 20971793 20972340 20975390 20972852 20056436679903 744909765359 2447051460563 459474592697
intel_hsw_cbo 0/2 20971793 20972340 20975390 20972852 15959040751107 746752824813 1991359292071 459155661557
intel_hsw_cbo 0/3 20971793 20972340 20975390 20972852 20734305128842 746415839102 2742035398663 459214100418
intel_hsw_cbo 0/0 20971793 20972340 20975390 20972852 16360308385591 746910038079 2224928971545 459611865808
intel_hsw_cbo 0/1 20971793 20972340 20975390 20972852 16770140482548 747710742883 2186153871255 459269181096
intel_hsw_cbo 1/9 20971793 20972340 20975390 20972852 16470092896371 703124406854 2889294315137 425128309019
intel_hsw_cbo 1/5 20971793 20972340 20975390 20972852 18240333971083 755621665214 2550387588577 460349488803
intel_hsw_cbo 1/8 20971793 20972340 20975390 20972852 14878372029089 704162290738 2292672283587 425165778217
intel_hsw_cbo 1/2 20971793 20972340 20975390 20972852 15596930904939 757584380087 1978487018687 460055683583
intel_hsw_hau ff/12.5 20972289 20974593 20971520 20975386 6176391359529 1750585389201 101178077597321 1754539664209
intel_hsw_hau 7f/12.1 20972289 20974593 20971520 20975386 5027115666315 1604402124530 94511721862970 1609417647964
intel_hsw_hau ff/12.1 20972289 20974593 20971520 20975386 7034411586268 2231957287916 101178077661534 2238364946356
intel_hsw_hau 7f/12.5 20972289 20974593 20971520 20975386 4715400676175 1477767865714 94511722879781 1481250347521
intel_hsw_imc ff/14.1 20972292 20974596 20974337 20971778 3074186641952 880118501239 3147346651575 1747047375881 0
intel_hsw_imc ff/14.0 20972292 20974596 20974337 20971778 3940286615762 1366677153213 3488163166261 1517048266164 0
intel_hsw_imc 7f/17.1 20972292 20974596 20974337 20971778 2350956935947 743214317095 2472901860937 1335620703671 0
intel_hsw_imc 7f/17.0 20972292 20974596 20974337 20971778 2349331467055 743025874363 2471988590179 1343170607155 0
intel_hsw_imc 7f/14.0 20972292 20974596 20974337 20971778 2661891168092 873698655877 2563205344359 1079848252611 0
intel_hsw_imc 7f/14.1 20972292 20974596 20974337 20971778 2346393186243 743004213745 2455240632504 1324366480326 0
intel_hsw_imc ff/17.0 20972292 20974596 20974337 20971778 3076918845468 880234195010 3171540165179 1772612676480 0
intel_hsw_imc ff/17.1 20972292 20974596 20974337 20971778 3077952281159 880112688710 3170101592356 1759684508219 0
intel_hsw_qpi ff/08.2 6291712 6292480 6293506 6292483 3870710459483 2706012103527 10671437655280 0
intel_hsw_qpi 7f/08.2 6291712 6292480 6293506 6292483 2703089877758 3874092982792 13749899592526 0
intel_hsw_qpi 7f/09.2 6291712 6292480 6293506 6292483 2703754377288 3873880536223 12564574917312 0
intel_hsw_qpi ff/09.2 6291712 6292480 6293506 6292483 3870733235807 2705514790102 11692825631328 0
intel_hsw_r2pci 7f/10.1 20972580 20975369 20975367 20975368 4608089758 24788962779331 26842336329833 31409998050289
intel_hsw_r2pci ff/10.1 20972580 20975369 20975367 20975368 46771470 23510886530565 26239048117521 29814777294826
mem 1 82566752 31495112 51071640 11373800 38955736 180 0 50249660 12971796 80040 37508 0 0 440924 0 0 0
mem 0 82341048 8906024 73435024 16923412 54385464 8468 0 70783340 43679772 528676 126100 0 0 635732 28672 0 0
net enp6s0f0 0 0 0 0 0 0 0 0 0 0 0 0 0 0 6536 0 0 0 0 0 0 92 0
net vnet40 0 0 51350 0 0 0 0 0 0 0 0 0 284 0 49664 0 0 0 0 0 0 289 0
net enp1s0f0 0 1318269 77977935478 0 0 0 0 371 0 0 371 0 80956538 0 1597041153 0 0 0 0 0 0 9054958 0
net lo 0 0 59948158 0 0 0 0 0 0 0 0 0 476845 0 59948158 0 0 0 0 0 0 476845 0
net vnet20 0 0 11512096 0 0 0 0 0 0 0 0 0 81574 0 1150441309 0 0 0 0 0 0 134430 0
net vnet23 0 0 8310087 0 0 0 0 0 0 0 0 0 65720 0 495993677 0 0 0 0 0 0 90003 0
net vnet21 0 0 11159818 0 0 0 0 0 0 0 0 0 77652 0 1150433866 0 0 0 0 0 0 131307 0
net vnet37 0 0 225707 0 0 0 0 0 0 0 0 0 1454 0 5982637 0 0 0 0 0 0 2183 0
net vnet24 0 0 582459 0 0 0 0 0 0 0 0 0 7099 0 80582495 0 0 0 0 0 0 18257 0
net vnet38 0 0 437503 0 0 0 0 0 0 0 0 0 4162 0 64616738 0 0 0 0 0 0 7122 0
net virbr0 0 1269 375563392 0 0 0 0 0 0 0 0 0 4997145 0 70408400010 0 0 0 0 0 0 7220597 0
numa 1 2582816254 18927329 1008175 29040 1602723831 998585922
numa 0 2098268637 1008175 18927329 28452 1129248406 969769173
ps - 830058022 1529099 225 236 228 1 774
sysv_shm - 0 0
tmpfs /run/lock 0 6
tmpfs /run 2281472 1160
tmpfs /run/user/20029 4096 44
tmpfs /run/qemu 0 1
tmpfs /dev/shm 70438268928 271024
vfs - 298266 173665 309437
vm - 14 28235397 1310747954 520730 2496526 4696028916 4708307905 86240178 21487430 4401761608 76587 0 0 0 0 0 2714357 0 1121522 2855 0 2495195 84 0 34 0 0

1764549316.249991 0 node12.dhkim-278716.ldos-ut-pg0.wisc.cloudlab.us
block sda 417137 407058 56455787 9194427 5512013 14723598 2621512293 238267434 0 16950060 251569377
block sdb 2600 0 7504 3491 4 0 0 0 0 4228 3491
block sdc 990 0 7993 259 4 0 0 0 0 956 260
cpu 11 3367071 2 177741 24592399 166758 0 2091
cpu 10 3503544 13 158969 24541374 111054 0 1081
cpu 13 3206611 0 135512 24904840 55503 0 307
cpu 12 3269856 2 151794 24783911 100295 0 811
cpu 15 2953784 0 142106 25126797 73948 0 588
cpu 14 2917786 1 134194 25194343 51685 0 262
cpu 17 3047805 10 138934 25042893 67520 0 402
cpu 16 3005957 0 160504 24981609 144794 0 1477
cpu 19 3028035 0 164752 24977097 122273 0 1145
cpu 18 3154643 2 142532 24948949 51996 0 367
cpu 1 3268452 12 128617 24918344 58705 0 3018
cpu 0 3249728 2 131908 24861353 60585 0 917
cpu 3 3053135 2 128302 25145770 59735 0 1789
cpu 2 2959452 1 147541 25195605 81794 0 1198
cpu 5 2907456 0 137636 25251988 89560 0 3074
cpu 4 2823113 1 164097 25223401 168851 0 7286
cpu 7 3439779 0 136995 24769123 47598 0 876
cpu 6 3210702 1 126240 24994467 59837 0 2390
cpu 9 3013285 2 129147 25197919 51832 0 486
cpu 8 3148813 81 138024 25015971 53201 0 9398
intel_hsw_cbo 1/7 20971793 20972340 20975390 20972852 17214868023047 757471950308 2563800507546 459800952342
intel_hsw_cbo 1/6 20971793 20972340 20975390 20972852 16500612382497 758876944172 2417833923542 460120449752
intel_hsw_cbo 1/0 20971793 20972340 20975390 20972852 15916296156654 757199397800 2232604428259 459951323786
intel_hsw_cbo 1/4 20971793 20972340 20975390 20972852 16233851822474 759830185444 2041422683395 459907803342
intel_hsw_cbo 1/3 20971793 20972340 20975390 20972852 18865070576575 757987167794 2839773873170 459982462277
intel_hsw_cbo 1/1 20971793 20972340 20975390 20972852 16105399786324 758866129527 2351481414102 459898890647
intel_hsw_cbo 0/8 20971793 20972340 20975390 20972852 15096975158407 693913386818 2118137843641 424197660080
intel_hsw_cbo 0/9 20971793 20972340 20975390 20972852 16734845209477 692979303480 2722225683373 424224103325
intel_hsw_cbo 0/6 20971793 20972340 20975390 20972852 16652032500502 747600222244 2232439598192 459321475520
intel_hsw_cbo 0/7 20971793 20972340 20975390 20972852 18038364840199 747577068936 2425848194132 459156561538
intel_hsw_cbo 0/4 20971793 20972340 20975390 20972852 16409967957157 748661693584 2038131480983 459237706537
intel_hsw_cbo 0/5 20971793 20972340 20975390 20972852 20056439481259 744910187153 2447051571119 459474720266
intel_hsw_cbo 0/2 20971793 20972340 20975390 20972852 15959043296249 746753257017 1991360348315 459155790056
intel_hsw_cbo 0/3 20971793 20972340 20975390 20972852 20734307743866 746416270832 2742035676803 459214229203
intel_hsw_cbo 0/0 20971793 20972340 20975390 20972852 16360311052173 746910470445 2224930142051 459611995329
intel_hsw_cbo 0/1 20971793 20972340 20975390 20972852 16770142784040 747711172700 2186154597656 459269308792
intel_hsw_cbo 1/9 20971793 20972340 20975390 20972852 16470093635670 703124595430 2889294376309 425128379379
intel_hsw_cbo 1/5 20971793 20972340 20975390 20972852 18240334671890 755621866176 2550387607598 460349562867
intel_hsw_cbo 1/8 20971793 20972340 20975390 20972852 14878372715909 704162481672 2292672368911 425165848313
intel_hsw_cbo 1/2 20971793 20972340 20975390 20972852 15596931630673 757584584824 1978487333666 460055756255
intel_hsw_hau ff/12.5 20972289 20974593 20971520 20975386 6176391737625 1750585480391 101178893022016 1754539758271
intel_hsw_hau 7f/12.1 20972289 20974593 20971520 20975386 5027117993802 1604402885702 94512538916484 1609418417965
intel_hsw_hau ff/12.1 20972289 20974593 20971520 20975386 7034412334796 2231957587362 101178893073733 2238365252306
intel_hsw_hau 7f/12.5 20972289 20974593 20971520 20975386 4715402361327 1477768420922 94512539950827 1481250905098
intel_hsw_imc ff/14.1 20972292 20974596 20974337 20971778 3074186829452 880118548057 3147346737333 1747047382867 0
intel_hsw_imc ff/14.0 20972292 20974596 20974337 20971778 3940287184681 1366677421538 3488163325435 1517048281263 0
intel_hsw_imc 7f/17.1 20972292 20974596 20974337 20971778 2350957779166 743214595719 2472902331922 1335620810224 0
intel_hsw_imc 7f/17.0 20972292 20974596 20974337 20971778 2349332326310 743026169329 2471989077306 1343170715015 0
intel_hsw_imc 7f/14.0 20972292 20974596 20974337 20971778 2661892674899 873699169773 2563205981991 1079848352860 0
intel_hsw_imc 7f/14.1 20972292 20974596 20974337 20971778 2346394028611 743004492822 2455241103621 1324366586314 0
intel_hsw_imc ff/17.0 20972292 20974596 20974337 20971778 3076919033399 880234241967 3171540250707 1772612683341 0
intel_hsw_imc ff/17.1 20972292 20974596 20974337 20971778 3077952476606 880112742200 3170101684874 1759684515299 0
intel_hsw_qpi ff/08.2 6291712 6292480 6293506 6292483 3870710782770 2706014482197 10671437762344 0
intel_hsw_qpi 7f/08.2 6291712 6292480 6293506 6292483 2703092254305 3874093306008 13749900492950 0
intel_hsw_qpi 7f/09.2 6291712 6292480 6293506 6292483 2703756755874 3873880859526 12564575555872 0
intel_hsw_qpi ff/09.2 6291712 6292480 6293506 6292483 3870733558969 2705517166672 11692825826768 0
intel_hsw_r2pci 7f/10.1 20972580 20975369 20975367 20975368 4608097656 24788970224371 26842343357301 31410006644031
intel_hsw_r2pci ff/10.1 20972580 20975369 20975367 20975368 46771618 23510890287498 26239056564465 29814786169360
mem 1 82566752 31495616 51071136 11373804 38955676 196 0 50249660 12973188 79884 37484 0 0 440924 0 0 0
mem 0 82341048 8905016 73436032 16923412 54386820 492 0 70783344 43679772 530036 126060 0 0 635748 28672 0 0
net enp6s0f0 0 0 0 0 0 0 0 0 0 0 0 0 0 0 6536 0 0 0 0 0 0 92 0
net vnet40 0 0 53378 0 0 0 0 0 0 0 0 0 291 0 51694 0 0 0 0 0 0 295 0
net enp1s0f0 0 1318275 77977941967 0 0 0 0 371 0 0 371 0 80956638 0 1597042316 0 0 0 0 0 0 9054965 0
net lo 0 0 59948703 0 0 0 0 0 0 0 0 0 476849 0 59948703 0 0 0 0 0 0 476849 0
net vnet20 0 0 11512096 0 0 0 0 0 0 0 0 0 81574 0 1150441309 0 0 0 0 0 0 134430 0
net vnet23 0 0 8310087 0 0 0 0 0 0 0 0 0 65720 0 495993677 0 0 0 0 0 0 90003 0
net vnet21 0 0 11159818 0 0 0 0 0 0 0 0 0 77652 0 1150433866 0 0 0 0 0 0 131307 0
net vnet37 0 0 225707 0 0 0 0 0 0 0 0 0 1454 0 5982637 0 0 0 0 0 0 2183 0
net vnet24 0 0 582459 0 0 0 0 0 0 0 0 0 7099 0 80582495 0 0 0 0 0 0 18257 0
net vnet38 0 0 437503 0 0 0 0 0 0 0 0 0 4162 0 64616738 0 0 0 0 0 0 7122 0
net virbr0 0 1269 375565322 0 0 0 0 0 0 0 0 0 4997152 0 70408402040 0 0 0 0 0 0 7220603 0
numa 1 2582817210 18927329 1008175 29040 1602724787 998585922
numa 0 2098270037 1008175 18927329 28452 1129249806 969769173
ps - 830061771 1529111 225 236 228 2 774
sysv_shm - 0 0
tmpfs /run/lock 0 6
tmpfs /run 2281472 1160
tmpfs /run/user/20029 4096 44
tmpfs /run/qemu 0 1
tmpfs /dev/shm 70438268928 271024
vfs - 298268 173625 309439
vm - 14 28235397 1310756146 520730 2496526 4696031272 4708309945 86240178 21487430 4401764299 76587 0 0 0 0 0 2714357 0 1121522 2855 0 2495195 84 0 34 0 0
