$hpcperfstats 2.4
$hostname node12.dhkim-278716.ldos-ut-pg0.wisc.cloudlab.us
$uname Linux x86_64 5.15.0-160-generic #170-Ubuntu SMP Wed Oct 1 10:06:56 UTC 2025
$uptime 286972
!block rd_ios,E rd_merges,E rd_sectors,E,U=512B rd_ticks,E,U=ms wr_ios,E wr_merges,E wr_sectors,E,U=512B wr_ticks,E,U=ms in_flight io_ticks,E,U=ms time_in_queue,E,U=ms
!cpu user,E,U=cs nice,E,U=cs system,E,U=cs idle,E,U=cs iowait,E,U=cs irq,E,U=cs softirq,E,U=cs
!ib excessive_buffer_overrun_errors,E,W=32 link_downed,E,W=32 link_error_recovery,E,W=32 local_link_integrity_errors,E,W=32 port_rcv_constraint_errors,E,W=32 port_rcv_data,E,U=4B,W=32 port_rcv_errors,E,W=32 port_rcv_packets,E,W=32 port_rcv_remote_physical_errors,E,W=32 port_rcv_switch_relay_errors,E,W=32 port_xmit_constraint_errors,E,W=32 port_xmit_data,E,U=4B,W=32 port_xmit_discards,E,W=32 port_xmit_packets,E,W=32 port_xmit_wait,E,U=ms,W=32 symbol_error,E,W=32 VL15_dropped,E,W=32
!ib_ext port_select,C counter_select,C port_xmit_data,E,U=4B port_rcv_data,E,U=4B port_xmit_pkts,E port_rcv_pkts,E port_unicast_xmit_pkts,E port_unicast_rcv_pkts,E port_multicast_xmit_pkts,E port_multicast_rcv_pkts,E
!ib_sw rx_bytes,E,U=4B rx_packets,E tx_bytes,E,U=4B tx_packets,E
!intel_hsw_cbo CTL0,C CTL1,C CTL2,C CTL3,C CTR0,E,W=48 CTR1,E,W=48 CTR2,E,W=48 CTR3,E,W=48
!intel_hsw_hau CTL0,C CTL1,C CTL2,C CTL3,C CTR0,E,W=48 CTR1,E,W=48 CTR2,E,W=48 CTR3,E,W=48
!intel_hsw_imc CTL0,C CTL1,C CTL2,C CTL3,C CTR0,E,W=48 CTR1,E,W=48 CTR2,E,W=48 CTR3,E,W=48 FIXED_CTR,E,W=48
!intel_hsw_qpi CTL0,C CTL1,C CTL2,C CTL3,C CTR0,E,U=flt,W=48 CTR1,E,U=flt,W=48 CTR2,E,U=flt,W=48 CTR3,E,U=flt,W=48
!intel_hsw_r2pci CTL0,C CTL1,C CTL2,C CTL3,C CTR0,E,W=44 CTR1,E,W=44 CTR2,E,W=44 CTR3,E,W=44
!mem MemTotal,U=KB MemFree,U=KB MemUsed,U=KB Active,U=KB Inactive,U=KB Dirty,U=KB Writeback,U=KB FilePages,U=KB Mapped,U=KB AnonPages,U=KB PageTables,U=KB NFS_Unstable,U=KB Bounce,U=KB Slab,U=KB AnonHugePages,U=KB HugePages_Total HugePages_Free
!net collisions,E multicast,E rx_bytes,E,U=B rx_compressed,E rx_crc_errors,E rx_dropped,E rx_errors,E rx_fifo_errors,E rx_frame_errors,E rx_length_errors,E rx_missed_errors,E rx_over_errors,E rx_packets,E tx_aborted_errors,E tx_bytes,E,U=B tx_carrier_errors,E tx_compressed,E tx_dropped,E tx_errors,E tx_fifo_errors,E tx_heartbeat_errors,E tx_packets,E tx_window_errors,E
!numa numa_hit,E numa_miss,E numa_foreign,E interleave_hit,E local_node,E other_node,E
!ps ctxt,E processes,E load_1 load_5 load_15 nr_running nr_threads
!sysv_shm mem_used,U=B segs_used
!tmpfs bytes_used,U=B files_used
!vfs dentry_use file_use inode_use
!vm nr_anon_transparent_hugepages pgpgin,E,U=KB pgpgout,E,U=KB pswpin,E pswpout,E pgalloc_normal,E pgfree,E pgactivate,E pgdeactivate,E pgfault,E pgmajfault,E pgrefill_normal,E pgsteal_normal,E pgscan_kswapd_normal,E pgscan_direct_normal,E pginodesteal,E slabs_scanned,E kswapd_steal,E kswapd_inodesteal,E pageoutrun,E allocstall,E pgrotated,E thp_fault_alloc,E thp_fault_fallback,E thp_collapse_alloc,E thp_collapse_alloc_failed,E thp_split,E

1764551783.244789 0 node12.dhkim-278716.ldos-ut-pg0.wisc.cloudlab.us
%begin -
block sda 510393 408421 62155327 9429988 5556747 14741635 2623284761 238842186 1 17177972 252404608
block sdb 2615 0 7504 3511 4 0 0 0 0 4252 3512
block sdc 995 0 7996 261 4 0 0 0 0 960 262
cpu 11 3368187 2 178556 24835729 167026 0 2092
cpu 10 3504613 13 159699 24784734 111312 0 1083
cpu 13 3207832 0 136362 25148061 55862 0 309
cpu 12 3270813 2 152597 25026918 100734 0 812
cpu 15 2954724 0 143860 25369479 74228 0 589
cpu 14 2918741 1 134969 25437744 51912 0 262
cpu 17 3048627 10 139701 25286975 67782 0 404
cpu 16 3006954 0 161282 25225402 145138 0 1478
cpu 19 3028820 0 165482 25220860 122783 0 1146
cpu 18 3155477 2 143269 25192742 52547 0 368
cpu 1 3377159 12 186730 24994244 62111 0 3061
cpu 0 3347504 2 169957 24966929 63916 0 968
cpu 3 3132854 2 188607 25249919 61804 0 1817
cpu 2 3036734 1 207270 25302031 84006 0 1228
cpu 5 2926206 0 152195 25463412 90753 0 3087
cpu 4 2843390 1 177750 25432971 170187 0 7313
cpu 7 3459670 0 149873 24981623 48533 0 882
cpu 6 3230708 1 139482 25205971 61024 0 2401
cpu 9 3013531 2 129811 25443041 52039 0 486
cpu 8 3149152 81 138730 25260598 53564 0 9427
intel_hsw_cbo 1/7 20971793 20972340 20975390 20972852 17216900751000 758076616805 2564143016213 460010223082
intel_hsw_cbo 1/6 20971793 20972340 20975390 20972852 16502586303975 759469401455 2418389160288 460328295527
intel_hsw_cbo 1/0 20971793 20972340 20975390 20972852 15918238176514 757800464612 2233157877190 460160111839
intel_hsw_cbo 1/4 20971793 20972340 20975390 20972852 16235819435133 760441271905 2041982150139 460116744475
intel_hsw_cbo 1/3 20971793 20972340 20975390 20972852 18867200874080 758584233851 2840216554432 460189021961
intel_hsw_cbo 1/1 20971793 20972340 20975390 20972852 16107354204164 759469530616 2352043768658 460108288495
intel_hsw_cbo 0/8 20971793 20972340 20975390 20972852 15135410201690 702302519442 2129755714418 427367976121
intel_hsw_cbo 0/9 20971793 20972340 20975390 20972852 16776956320831 700981779215 2727453673110 427428667352
intel_hsw_cbo 0/6 20971793 20972340 20975390 20972852 16688766631806 756480600687 2243546384605 462719258592
intel_hsw_cbo 0/7 20971793 20972340 20975390 20972852 18073855922186 756325910772 2427979992602 462592997069
intel_hsw_cbo 0/4 20971793 20972340 20975390 20972852 16446768441624 757792402263 2058717799732 462757715779
intel_hsw_cbo 0/5 20971793 20972340 20975390 20972852 20091086787091 753519359229 2449432732839 462913006977
intel_hsw_cbo 0/2 20971793 20972340 20975390 20972852 15996267778933 755716148674 2012087957736 462506853457
intel_hsw_cbo 0/3 20971793 20972340 20975390 20972852 20772815187904 755563093259 2747629007071 462611945420
intel_hsw_cbo 0/0 20971793 20972340 20975390 20972852 16395586685113 755781216451 2244722605878 463053631883
intel_hsw_cbo 0/1 20971793 20972340 20975390 20972852 16806263510104 756751224933 2198509474781 462797997073
intel_hsw_cbo 1/9 20971793 20972340 20975390 20972852 16472169497385 703679613905 2889737384530 425328639113
intel_hsw_cbo 1/5 20971793 20972340 20975390 20972852 18242418822420 756217328680 2550730968254 460559523393
intel_hsw_cbo 1/8 20971793 20972340 20975390 20972852 14880379144694 704726594444 2293222969480 425365049252
intel_hsw_cbo 1/2 20971793 20972340 20975390 20972852 15598863723758 758187409719 1979024384348 460263812209
intel_hsw_hau ff/12.5 20972289 20974593 20971520 20975386 6177599318144 1750849292926 107271878718746 1754816346328
intel_hsw_hau 7f/12.1 20972289 20974593 20971520 20975386 5037734302919 1611297562144 100801178243464 1616333917078
intel_hsw_hau ff/12.1 20972289 20974593 20971520 20975386 7037378396857 2232883503555 107271878773001 2239316817859
intel_hsw_hau 7f/12.5 20972289 20974593 20971520 20975386 4723486826175 1483307807057 100801179276361 1486792525819
intel_hsw_imc ff/14.1 20972292 20974596 20974337 20971778 3074785551225 880255555403 3147585744012 1747073115966 0
intel_hsw_imc ff/14.0 20972292 20974596 20974337 20971778 3942674817210 1367520264643 3488797161394 1517151423211 0
intel_hsw_imc 7f/17.1 20972292 20974596 20974337 20971778 2355002413314 745985513949 2477692244832 1336434079455 0
intel_hsw_imc 7f/17.0 20972292 20974596 20974337 20971778 2353491798788 745914042080 2476895208589 1343990415646 0
intel_hsw_imc 7f/14.0 20972292 20974596 20974337 20971778 2668531116764 877913460043 2569637880331 1080809871324 0
intel_hsw_imc 7f/14.1 20972292 20974596 20974337 20971778 2350537715090 745875962829 2460133951491 1325185595554 0
intel_hsw_imc ff/17.0 20972292 20974596 20974337 20971778 3077519155619 880372645039 3171782487733 1772638789252 0
intel_hsw_imc ff/17.1 20972292 20974596 20974337 20971778 3078574888631 880270657123 3170364879106 1759711292026 0
intel_hsw_qpi ff/08.2 6291712 6292480 6293506 6292483 3872687601538 2715705908860 10673974860312 0
intel_hsw_qpi 7f/08.2 6291712 6292480 6293506 6292483 2712776004967 3876070204104 13752353692046 0
intel_hsw_qpi 7f/09.2 6291712 6292480 6293506 6292483 2713448003701 3875857775749 12566613598816 0
intel_hsw_qpi ff/09.2 6291712 6292480 6293506 6292483 3872710343607 2715201001716 11696315784312 0
intel_hsw_r2pci 7f/10.1 20972580 20975369 20975367 20975368 4712004418 24991161225566 26981999693172 31595239542415
intel_hsw_r2pci ff/10.1 20972580 20975369 20975367 20975368 47184418 23525758717602 26273493738116 29851891878325
mem 1 82566752 31488024 51078728 11372632 38961576 8 0 50253796 12975752 80436 37308 0 0 433316 0 0 0
mem 0 82341048 13824888 68516160 16525156 50045452 12 0 66113148 33868708 460788 107484 0 0 615328 24576 0 0
net vnet23 0 0 8311157 0 0 0 0 0 0 0 0 0 65730 0 496072115 0 0 0 0 0 0 91398 0
net enp6s0f0 0 0 0 0 0 0 0 0 0 0 0 0 0 0 6606 0 0 0 0 0 0 93 0
net vnet21 0 0 11160888 0 0 0 0 0 0 0 0 0 77662 0 1150512304 0 0 0 0 0 0 132702 0
net vnet46 0 0 110928 0 0 0 0 0 0 0 0 0 454 0 53452 0 0 0 0 0 0 483 0
net vnet20 0 0 11513166 0 0 0 0 0 0 0 0 0 81584 0 1150519747 0 0 0 0 0 0 135825 0
net enp1s0f0 0 1332156 78053036388 0 0 0 0 371 0 0 371 0 81216029 0 1598685498 0 0 0 0 0 0 9066605 0
net lo 0 0 60725102 0 0 0 0 0 0 0 0 0 483114 0 60725102 0 0 0 0 0 0 483114 0
net vnet24 0 0 583459 0 0 0 0 0 0 0 0 0 7108 0 80661003 0 0 0 0 0 0 19653 0
net vnet38 0 0 438643 0 0 0 0 0 0 0 0 0 4173 0 64695106 0 0 0 0 0 0 8516 0
net virbr0 0 1345 376470101 0 0 0 0 0 0 0 0 0 5004128 0 70467568805 0 0 0 0 0 0 7228720 0
numa 1 2585612056 18927329 1008175 29040 1605519633 998585922
numa 0 2111969736 1008175 18927329 28452 1142949437 969769241
ps - 848299295 1549976 326 306 314 7 776
sysv_shm - 0 0
tmpfs /run/lock 0 6
tmpfs /run 2228224 1149
tmpfs /run/user/20029 4096 44
tmpfs /run/qemu 0 1
tmpfs /dev/shm 75714580480 271238
vfs - 298211 123265 308066
vm - 12 31085183 1311642380 520825 2496526 4712555088 4726049413 99494847 21837040 4416501980 78775 0 0 0 0 0 2714357 0 1121522 2855 0 2497875 96 0 34 0 0

1764551783.280146 0 node12.dhkim-278716.ldos-ut-pg0.wisc.cloudlab.us
block sda 510395 408422 62155390 9429999 5556749 14741650 2623284937 238842197 1 17177996 252404631
block sdb 2615 0 7504 3511 4 0 0 0 0 4252 3512
block sdc 995 0 7996 261 4 0 0 0 0 960 262
cpu 11 3368187 2 178556 24835732 167026 0 2092
cpu 10 3504613 13 159699 24784737 111312 0 1083
cpu 13 3207832 0 136362 25148064 55862 0 309
cpu 12 3270813 2 152598 25026921 100734 0 812
cpu 15 2954724 0 143860 25369482 74228 0 589
cpu 14 2918741 1 134969 25437747 51912 0 262
cpu 17 3048628 10 139702 25286976 67782 0 404
cpu 16 3006954 0 161283 25225405 145138 0 1478
cpu 19 3028820 0 165482 25220863 122783 0 1146
cpu 18 3155478 2 143270 25192744 52547 0 368
cpu 1 3377162 12 186730 24994244 62111 0 3061
cpu 0 3347505 2 169958 24966931 63916 0 968
cpu 3 3132855 2 188607 25249920 61805 0 1817
cpu 2 3036737 1 207270 25302032 84006 0 1228
cpu 5 2926209 0 152195 25463412 90753 0 3087
cpu 4 2843392 1 177750 25432972 170187 0 7313
cpu 7 3459671 0 149873 24981624 48533 0 882
cpu 6 3230709 1 139483 25205972 61024 0 2401
cpu 9 3013531 2 129811 25443045 52039 0 486
cpu 8 3149152 81 138731 25260601 53564 0 9427
intel_hsw_cbo 1/7 20971793 20972340 20975390 20972852 17216900896054 758076650004 2564143063984 460010247277
intel_hsw_cbo 1/6 20971793 20972340 20975390 20972852 16502586446219 759469433038 2418389191832 460328319829
intel_hsw_cbo 1/0 20971793 20972340 20975390 20972852 15918238296536 757800497042 2233157904859 460160137964
intel_hsw_cbo 1/4 20971793 20972340 20975390 20972852 16235819565096 760441305411 2041982174216 460116770517
intel_hsw_cbo 1/3 20971793 20972340 20975390 20972852 18867201001757 758584264175 2840216606138 460189046315
intel_hsw_cbo 1/1 20971793 20972340 20975390 20972852 16107354339618 759469563007 2352043795544 460108315239
intel_hsw_cbo 0/8 20971793 20972340 20975390 20972852 15135411206498 702302684899 2129756032604 427368051392
intel_hsw_cbo 0/9 20971793 20972340 20975390 20972852 16776957345839 700981938918 2727453900526 427428742252
intel_hsw_cbo 0/6 20971793 20972340 20975390 20972852 16688767597513 756480768307 2243546707474 462719339757
intel_hsw_cbo 0/7 20971793 20972340 20975390 20972852 18073856913426 756326084055 2427980166795 462593078871
intel_hsw_cbo 0/4 20971793 20972340 20975390 20972852 16446769411705 757792573191 2058718182826 462757797666
intel_hsw_cbo 0/5 20971793 20972340 20975390 20972852 20091087728315 753519525094 2449432928182 462913089603
intel_hsw_cbo 0/2 20971793 20972340 20975390 20972852 15996268704701 755716321633 2012088338541 462506934690
intel_hsw_cbo 0/3 20971793 20972340 20975390 20972852 20772816230930 755563261564 2747629270869 462612026935
intel_hsw_cbo 0/0 20971793 20972340 20975390 20972852 16395587627106 755781388129 2244722996518 463053712903
intel_hsw_cbo 0/1 20971793 20972340 20975390 20972852 16806264455103 756751389942 2198509810961 462798079415
intel_hsw_cbo 1/9 20971793 20972340 20975390 20972852 16472169676690 703679643036 2889737433759 425328663849
intel_hsw_cbo 1/5 20971793 20972340 20975390 20972852 18242418957021 756217360495 2550731018627 460559547957
intel_hsw_cbo 1/8 20971793 20972340 20975390 20972852 14880379320901 704726624366 2293222996514 425365072578
intel_hsw_cbo 1/2 20971793 20972340 20975390 20972852 15598863870413 758187441957 1979024405837 460263835875
intel_hsw_hau ff/12.5 20972289 20974593 20971520 20975386 6177599370963 1750849303605 107271946677857 1754816358509
intel_hsw_hau 7f/12.1 20972289 20974593 20971520 20975386 5037734706401 1611297829667 100801248348680 1616334186144
intel_hsw_hau ff/12.1 20972289 20974593 20971520 20975386 7037378473327 2232883527845 107271946695226 2239316844695
intel_hsw_hau 7f/12.5 20972289 20974593 20971520 20975386 4723487089051 1483307994188 100801249425991 1486792713180
intel_hsw_imc ff/14.1 20972292 20974596 20974337 20971778 3074785576463 880255561583 3147585762482 1747073117146 0
intel_hsw_imc ff/14.0 20972292 20974596 20974337 20971778 3942674870259 1367520288424 3488797203965 1517151427354 0
intel_hsw_imc 7f/17.1 20972292 20974596 20974337 20971778 2355002539786 745985603567 2477692424437 1336434105588 0
intel_hsw_imc 7f/17.0 20972292 20974596 20974337 20971778 2353491926066 745914133501 2476895389040 1343990441985 0
intel_hsw_imc 7f/14.0 20972292 20974596 20974337 20971778 2668531375752 877913630183 2569638180636 1080809915357 0
intel_hsw_imc 7f/14.1 20972292 20974596 20974337 20971778 2350537843597 745876055083 2460134133192 1325185622119 0
intel_hsw_imc ff/17.0 20972292 20974596 20974337 20971778 3077519182044 880372651330 3171782506601 1772638790441 0
intel_hsw_imc ff/17.1 20972292 20974596 20974337 20971778 3078574915930 880270665263 3170364899593 1759711293334 0
intel_hsw_qpi ff/08.2 6291712 6292480 6293506 6292483 3872687676528 2715706237134 10673974930072 0
intel_hsw_qpi 7f/08.2 6291712 6292480 6293506 6292483 2712776333186 3876070279370 13752353839358 0
intel_hsw_qpi 7f/09.2 6291712 6292480 6293506 6292483 2713448331956 3875857850831 12566613705208 0
intel_hsw_qpi ff/09.2 6291712 6292480 6293506 6292483 3872710418815 2715201329875 11696315902992 0
intel_hsw_r2pci 7f/10.1 20972580 20975369 20975367 20975368 4712010438 24991163694222 26982001719260 31595242149263
intel_hsw_r2pci ff/10.1 20972580 20975369 20975367 20975368 47184422 23525759757658 26273495348948 29851893647075
mem 1 82566752 31486512 51080240 11372632 38961576 8 0 50253796 12976196 80436 37308 0 0 433316 0 0 0
mem 0 82341048 13824384 68516664 16525156 50046340 12 0 66113148 33868708 461676 107484 0 0 615328 24576 0 0
net vnet23 0 0 8311157 0 0 0 0 0 0 0 0 0 65730 0 496072115 0 0 0 0 0 0 91398 0
net enp6s0f0 0 0 0 0 0 0 0 0 0 0 0 0 0 0 6606 0 0 0 0 0 0 93 0
net vnet21 0 0 11160888 0 0 0 0 0 0 0 0 0 77662 0 1150512304 0 0 0 0 0 0 132702 0
net vnet46 0 0 112388 0 0 0 0 0 0 0 0 0 459 0 55368 0 0 0 0 0 0 488 0
net vnet20 0 0 11513166 0 0 0 0 0 0 0 0 0 81584 0 1150519747 0 0 0 0 0 0 135825 0
net enp1s0f0 0 1332156 78053037296 0 0 0 0 371 0 0 371 0 81216040 0 1598687390 0 0 0 0 0 0 9066610 0
net lo 0 0 60726298 0 0 0 0 0 0 0 0 0 483122 0 60726298 0 0 0 0 0 0 483122 0
net vnet24 0 0 583459 0 0 0 0 0 0 0 0 0 7108 0 80661003 0 0 0 0 0 0 19653 0
net vnet38 0 0 438643 0 0 0 0 0 0 0 0 0 4173 0 64695106 0 0 0 0 0 0 8516 0
net virbr0 0 1345 376471491 0 0 0 0 0 0 0 0 0 5004133 0 70467570721 0 0 0 0 0 0 7228725 0
numa 1 2585613383 18927329 1008175 29040 1605520960 998585922
numa 0 2111970214 1008175 18927329 28452 1142949915 969769241
ps - 848301355 1549987 326 306 314 5 782
sysv_shm - 0 0
tmpfs /run/lock 0 6
tmpfs /run 2228224 1149
tmpfs /run/user/20029 4096 44
tmpfs /run/qemu 0 1
tmpfs /dev/shm 75714580480 271238
vfs - 298223 123265 308088
vm - 12 31085303 1311642468 520825 2496526 4712556911 4726050360 99494862 21837040 4416504615 78776 0 0 0 0 0 2714357 0 1121522 2855 0 2497875 96 0 34 0 0

1764551784.312266 0 node12.dhkim-278716.ldos-ut-pg0.wisc.cloudlab.us
block sda 510401 408422 62155670 9430013 5556750 14741650 2623284945 238842202 0 17178028 252404650
block sdb 2615 0 7504 3511 4 0 0 0 0 4252 3512
block sdc 995 0 7996 261 4 0 0 0 0 960 262
cpu 11 3368190 2 178557 24835832 167026 0 2092
cpu 10 3504613 13 159700 24784835 111313 0 1083
cpu 13 3207832 0 136363 25148166 55862 0 309
cpu 12 3270814 2 152598 25027021 100734 0 812
cpu 15 2954725 0 143862 25369584 74228 0 589
cpu 14 2918743 1 134970 25437847 51912 0 262
cpu 17 3048628 10 139702 25287078 67782 0 404
cpu 16 3006955 0 161283 25225507 145138 0 1478
cpu 19 3028820 0 165482 25220965 122783 0 1146
cpu 18 3155480 2 143271 25192845 52547 0 368
cpu 1 3377179 12 186734 24994326 62111 0 3061
cpu 0 3347522 2 169961 24967009 63916 0 968
cpu 3 3132869 2 188610 25250005 61805 0 1817
cpu 2 3036755 1 207273 25302114 84006 0 1228
cpu 5 2926260 0 152196 25463460 90753 0 3087
cpu 4 2843410 1 177753 25433051 170187 0 7313
cpu 7 3459689 0 149875 24981705 48533 0 882
cpu 6 3230729 1 139486 25206051 61025 0 2401
cpu 9 3013531 2 129811 25443148 52039 0 486
cpu 8 3149152 81 138731 25260704 53564 0 9427
intel_hsw_cbo 1/7 20971793 20972340 20975390 20972852 17216902533815 758076991908 2564143161229 460010358403
intel_hsw_cbo 1/6 20971793 20972340 20975390 20972852 16502587929761 759469769418 2418389490076 460328430891
intel_hsw_cbo 1/0 20971793 20972340 20975390 20972852 15918240038483 757800839245 2233158568786 460160250195
intel_hsw_cbo 1/4 20971793 20972340 20975390 20972852 16235821174292 760441652628 2041982754755 460116882583
intel_hsw_cbo 1/3 20971793 20972340 20975390 20972852 18867202734567 758584603173 2840216794264 460189156731
intel_hsw_cbo 1/1 20971793 20972340 20975390 20972852 16107355968659 759469906542 2352044185290 460108429341
intel_hsw_cbo 0/8 20971793 20972340 20975390 20972852 15135421127604 702305352487 2129758760642 427369202151
intel_hsw_cbo 0/9 20971793 20972340 20975390 20972852 16776967290888 700984590578 2727455372703 427429896683
intel_hsw_cbo 0/6 20971793 20972340 20975390 20972852 16688777353968 756483661589 2243549366758 462720598086
intel_hsw_cbo 0/7 20971793 20972340 20975390 20972852 18073866123290 756328996057 2427981318465 462594341519
intel_hsw_cbo 0/4 20971793 20972340 20975390 20972852 16446779148765 757795439863 2058719916561 462759063741
intel_hsw_cbo 0/5 20971793 20972340 20975390 20972852 20091097400359 753522383698 2449434227771 462914358349
intel_hsw_cbo 0/2 20971793 20972340 20975390 20972852 15996278176137 755719154590 2012090007616 462508203630
intel_hsw_cbo 0/3 20971793 20972340 20975390 20972852 20772826214715 755566131846 2747631032740 462613289227
intel_hsw_cbo 0/0 20971793 20972340 20975390 20972852 16395597093252 755784318220 2244724851132 463054973774
intel_hsw_cbo 0/1 20971793 20972340 20975390 20972852 16806273687407 756754203225 2198512610948 462799341967
intel_hsw_cbo 1/9 20971793 20972340 20975390 20972852 16472171421020 703679950969 2889737619498 425328767692
intel_hsw_cbo 1/5 20971793 20972340 20975390 20972852 18242420675152 756217699106 2550731115791 460559659798
intel_hsw_cbo 1/8 20971793 20972340 20975390 20972852 14880380927078 704726939375 2293223339150 425365176907
intel_hsw_cbo 1/2 20971793 20972340 20975390 20972852 15598865568073 758187784224 1979025035397 460263946903
intel_hsw_hau ff/12.5 20972289 20974593 20971520 20975386 6177599978874 1750849470997 107273870835705 1754816534158
intel_hsw_hau 7f/12.1 20972289 20974593 20971520 20975386 5037738688221 1611300058181 100803264586898 1616336427913
intel_hsw_hau ff/12.1 20972289 20974593 20971520 20975386 7037379917732 2232883976740 107273870867072 2239317309684
intel_hsw_hau 7f/12.5 20972289 20974593 20971520 20975386 4723489932835 1483309578824 100803265644399 1486794298832
intel_hsw_imc ff/14.1 20972292 20974596 20974337 20971778 3074785876826 880255648407 3147585909330 1747073133790 0
intel_hsw_imc ff/14.0 20972292 20974596 20974337 20971778 3942676025467 1367520683422 3488797531124 1517151479279 0
intel_hsw_imc 7f/17.1 20972292 20974596 20974337 20971778 2355003962724 745986396093 2477693930496 1336434350456 0
intel_hsw_imc 7f/17.0 20972292 20974596 20974337 20971778 2353493402218 745914978946 2476896943344 1343990691725 0
intel_hsw_imc 7f/14.0 20972292 20974596 20974337 20971778 2668533934839 877915078492 2569640470002 1080810246026 0
intel_hsw_imc 7f/14.1 20972292 20974596 20974337 20971778 2350539341887 745876924965 2460135708645 1325185873243 0
intel_hsw_imc ff/17.0 20972292 20974596 20974337 20971778 3077519483855 880372738845 3171782655337 1772638807578 0
intel_hsw_imc ff/17.1 20972292 20974596 20974337 20971778 3078575231763 880270765017 3170365061515 1759711310835 0
intel_hsw_qpi ff/08.2 6291712 6292480 6293506 6292483 3872688849924 2715709999996 10673976593520 0
intel_hsw_qpi 7f/08.2 6291712 6292480 6293506 6292483 2712780091661 3876071453615 13752354716854 0
intel_hsw_qpi 7f/09.2 6291712 6292480 6293506 6292483 2713452094413 3875859024315 12566614484320 0
intel_hsw_qpi ff/09.2 6291712 6292480 6293506 6292483 3872711593012 2715205089550 11696318161496 0
intel_hsw_r2pci 7f/10.1 20972580 20975369 20975367 20975368 4712019618 24991201415202 26982030995832 31595278403819
intel_hsw_r2pci ff/10.1 20972580 20975369 20975367 20975368 47184580 23525768045628 26273509986444 29851910717797
mem 1 82566752 31484500 51082252 11373096 38963536 160 0 50254112 12976344 82724 37612 0 0 433308 0 0 0
mem 0 82341048 13822368 68518680 16525552 50047844 232 0 66114332 33869876 462372 107592 0 0 615328 24576 0 0
net vnet23 0 0 8311157 0 0 0 0 0 0 0 0 0 65730 0 496072115 0 0 0 0 0 0 91398 0
net enp6s0f0 0 0 0 0 0 0 0 0 0 0 0 0 0 0 6606 0 0 0 0 0 0 93 0
net vnet21 0 0 11160888 0 0 0 0 0 0 0 0 0 77662 0 1150512304 0 0 0 0 0 0 132702 0
net vnet46 0 0 119852 0 0 0 0 0 0 0 0 0 498 0 62092 0 0 0 0 0 0 517 0
net vnet20 0 0 11513166 0 0 0 0 0 0 0 0 0 81584 0 1150519747 0 0 0 0 0 0 135825 0
net enp1s0f0 0 1332160 78053042717 0 0 0 0 371 0 0 371 0 81216123 0 1598688785 0 0 0 0 0 0 9066617 0
net lo 0 0 60726843 0 0 0 0 0 0 0 0 0 483126 0 60726843 0 0 0 0 0 0 483126 0
net vnet24 0 0 583459 0 0 0 0 0 0 0 0 0 7108 0 80661003 0 0 0 0 0 0 19653 0
net vnet38 0 0 438643 0 0 0 0 0 0 0 0 0 4173 0 64695106 0 0 0 0 0 0 8516 0
net virbr0 0 1345 376478409 0 0 0 0 0 0 0 0 0 5004172 0 70467577445 0 0 0 0 0 0 7228754 0
numa 1 2585615935 18927329 1008175 29040 1605523512 998585922
numa 0 2111970854 1008175 18927329 28452 1142950555 969769241
ps - 848315666 1550007 326 306 314 6 785
sysv_shm - 0 0
tmpfs /run/lock 0 6
tmpfs /run 2228224 1149
tmpfs /run/user/20029 4096 44
tmpfs /run/qemu 0 1
tmpfs /dev/shm 75714613248 271244
vfs - 298232 123265 308097
vm - 12 31085339 1311642472 520825 2496526 4712560084 4726053243 99495037 21837040 4416508566 78777 0 0 0 0 0 2714357 0 1121522 2855 0 2497875 96 0 34 0 0

1764551785.343543 0 node12.dhkim-278716.ldos-ut-pg0.wisc.cloudlab.us
block sda 510404 408422 62155786 9430022 5556750 14741650 2623284945 238842202 0 17178040 252404659
block sdb 2615 0 7504 3511 4 0 0 0 0 4252 3512
block sdc 995 0 7996 261 4 0 0 0 0 960 262
cpu 11 3368194 2 178557 24835933 167026 0 2092
cpu 10 3504615 13 159700 24784936 111313 0 1083
cpu 13 3207832 0 136363 25148268 55862 0 309
cpu 12 3270815 2 152599 25027122 100734 0 812
cpu 15 2954725 0 143862 25369686 74228 0 589
cpu 14 2918743 1 134970 25437947 51912 0 262
cpu 17 3048629 10 139704 25287180 67782 0 404
cpu 16 3006956 0 161283 25225609 145138 0 1478
cpu 19 3028821 0 165482 25221067 122783 0 1146
cpu 18 3155480 2 143271 25192947 52547 0 368
cpu 1 3377252 12 186750 24994340 62111 0 3061
cpu 0 3347546 2 169963 24967084 63916 0 968
cpu 3 3132876 2 188613 25250095 61805 0 1817
cpu 2 3036796 1 207274 25302173 84006 0 1228
cpu 5 2926294 0 152197 25463529 90753 0 3087
cpu 4 2843434 1 177755 25433125 170187 0 7313
cpu 7 3459714 0 149877 24981781 48533 0 882
cpu 6 3230755 1 139488 25206125 61025 0 2401
cpu 9 3013531 2 129811 25443250 52039 0 486
cpu 8 3149152 81 138731 25260806 53564 0 9427
intel_hsw_cbo 1/7 20971793 20972340 20975390 20972852 17216903790243 758077295182 2564143233509 460010453483
intel_hsw_cbo 1/6 20971793 20972340 20975390 20972852 16502589088902 759470065974 2418389668758 460328526039
intel_hsw_cbo 1/0 20971793 20972340 20975390 20972852 15918241410571 757801141788 2233158996768 460160346297
intel_hsw_cbo 1/4 20971793 20972340 20975390 20972852 16235822546181 760441959693 2041983154386 460116978942
intel_hsw_cbo 1/3 20971793 20972340 20975390 20972852 18867204175524 758584903258 2840216934654 460189251487
intel_hsw_cbo 1/1 20971793 20972340 20975390 20972852 16107357189458 759470210013 2352044449302 460108526869
intel_hsw_cbo 0/8 20971793 20972340 20975390 20972852 15135437641489 702310027563 2129761519844 427371171625
intel_hsw_cbo 0/9 20971793 20972340 20975390 20972852 16776983271796 700989293306 2727457129957 427431863990
intel_hsw_cbo 0/6 20971793 20972340 20975390 20972852 16688794382194 756488712453 2243551913691 462722726409
intel_hsw_cbo 0/7 20971793 20972340 20975390 20972852 18073882258826 756333965698 2427982589929 462596473768
intel_hsw_cbo 0/4 20971793 20972340 20975390 20972852 16446795856956 757800495516 2058723444214 462761201236
intel_hsw_cbo 0/5 20971793 20972340 20975390 20972852 20091113826551 753527314659 2449435660183 462916499032
intel_hsw_cbo 0/2 20971793 20972340 20975390 20972852 15996293991846 755724172737 2012093643412 462510330360
intel_hsw_cbo 0/3 20971793 20972340 20975390 20972852 20772843395673 755571188434 2747633099709 462615442409
intel_hsw_cbo 0/0 20971793 20972340 20975390 20972852 16395614161509 755789449827 2244728427858 463057116084
intel_hsw_cbo 0/1 20971793 20972340 20975390 20972852 16806290066496 756759212908 2198515521072 462801463714
intel_hsw_cbo 1/9 20971793 20972340 20975390 20972852 16472172724784 703680224040 2889737752555 425328856678
intel_hsw_cbo 1/5 20971793 20972340 20975390 20972852 18242422010616 756217998003 2550731193648 460559755706
intel_hsw_cbo 1/8 20971793 20972340 20975390 20972852 14880382219444 704727218731 2293223571808 425365266832
intel_hsw_cbo 1/2 20971793 20972340 20975390 20972852 15598866811060 758188087419 1979025468446 460264042501
intel_hsw_hau ff/12.5 20972289 20974593 20971520 20975386 6177600552679 1750849596542 107276138153854 1754816665806
intel_hsw_hau 7f/12.1 20972289 20974593 20971520 20975386 5037742272709 1611302558353 100805629790156 1616338942876
intel_hsw_hau ff/12.1 20972289 20974593 20971520 20975386 7037381292935 2232884364947 107276138164681 2239317711770
intel_hsw_hau 7f/12.5 20972289 20974593 20971520 20975386 4723492542441 1483311344760 100805630866451 1486796065989
intel_hsw_imc ff/14.1 20972292 20974596 20974337 20971778 3074786171327 880255714285 3147586029363 1747073147241 0
intel_hsw_imc ff/14.0 20972292 20974596 20974337 20971778 3942677138610 1367521038732 3488797807331 1517151525058 0
intel_hsw_imc 7f/17.1 20972292 20974596 20974337 20971778 2355005272730 745987288280 2477695393666 1336434596854 0
intel_hsw_imc 7f/17.0 20972292 20974596 20974337 20971778 2353494764751 745915923535 2476898455367 1343990943585 0
intel_hsw_imc 7f/14.0 20972292 20974596 20974337 20971778 2668536218975 877916727570 2569642733193 1080810586066 0
intel_hsw_imc 7f/14.1 20972292 20974596 20974337 20971778 2350540728672 745877893866 2460137243220 1325186127659 0
intel_hsw_imc ff/17.0 20972292 20974596 20974337 20971778 3077519779876 880372805450 3171782776855 1772638821492 0
intel_hsw_imc ff/17.1 20972292 20974596 20974337 20971778 3078575538712 880270841529 3170365194218 1759711324802 0
intel_hsw_qpi ff/08.2 6291712 6292480 6293506 6292483 3872689950652 2715713827026 10673978042728 0
intel_hsw_qpi 7f/08.2 6291712 6292480 6293506 6292483 2712783917855 3876072553837 13752355611822 0
intel_hsw_qpi 7f/09.2 6291712 6292480 6293506 6292483 2713455921414 3875860125108 12566615276584 0
intel_hsw_qpi ff/09.2 6291712 6292480 6293506 6292483 3872712693124 2715208915565 11696320135880 0
intel_hsw_r2pci 7f/10.1 20972580 20975369 20975367 20975368 4712027078 24991281973087 26982080355454 31595344013613
intel_hsw_r2pci ff/10.1 20972580 20975369 20975367 20975368 47184734 23525775623016 26273524129546 29851927316001
mem 1 82566752 31484248 51082504 11373276 38961780 168 0 50254116 12975516 81032 37448 0 0 433308 0 0 0
mem 0 82341048 13820604 68520444 16525628 50047904 256 0 66114432 33870148 462380 107712 0 0 615312 24576 0 0
net vnet23 0 0 8311157 0 0 0 0 0 0 0 0 0 65730 0 496072167 0 0 0 0 0 0 91399 0
net enp6s0f0 0 0 0 0 0 0 0 0 0 0 0 0 0 0 6606 0 0 0 0 0 0 93 0
net vnet21 0 0 11160888 0 0 0 0 0 0 0 0 0 77662 0 1150512356 0 0 0 0 0 0 132703 0
net vnet46 0 0 120930 0 0 0 0 0 0 0 0 0 507 0 63238 0 0 0 0 0 0 529 0
net vnet20 0 0 11513166 0 0 0 0 0 0 0 0 0 81584 0 1150519799 0 0 0 0 0 0 135826 0
net enp1s0f0 0 1332165 78053048180 0 0 0 0 371 0 0 371 0 81216206 0 1598689718 0 0 0 0 0 0 9066623 0
net lo 0 0 60727388 0 0 0 0 0 0 0 0 0 483130 0 60727388 0 0 0 0 0 0 483130 0
net vnet24 0 0 583459 0 0 0 0 0 0 0 0 0 7108 0 80661055 0 0 0 0 0 0 19654 0
net vnet38 0 0 438643 0 0 0 0 0 0 0 0 0 4173 0 64695158 0 0 0 0 0 0 8517 0
net virbr0 0 1345 376479361 0 0 0 0 0 0 0 0 0 5004181 0 70467578539 0 0 0 0 0 0 7228765 0
numa 1 2585617351 18927329 1008175 29040 1605524928 998585922
numa 0 2111971473 1008175 18927329 28452 1142951174 969769241
ps - 848333716 1550019 326 306 314 5 785
sysv_shm - 0 0
tmpfs /run/lock 0 6
tmpfs /run 2228224 1149
tmpfs /run/user/20029 4096 44
tmpfs /run/qemu 0 1
tmpfs /dev/shm 75714613248 271244
vfs - 298230 123465 308095
vm - 12 31085397 1311642472 520825 2496526 4712562119 4726055605 99495078 21837040 4416511814 78777 0 0 0 0 0 2714357 0 1121522 2855 0 2497875 96 0 34 0 0

1764551786.378134 0 node12.dhkim-278716.ldos-ut-pg0.wisc.cloudlab.us
block sda 510404 408422 62155786 9430022 5556806 14741691 2623285905 238842867 1 17178156 252405385
block sdb 2615 0 7504 3511 4 0 0 0 0 4252 3512
block sdc 995 0 7996 261 4 0 0 0 0 960 262
cpu 11 3368196 2 178557 24836034 167026 0 2092
cpu 10 3504616 13 159700 24785036 111313 0 1083
cpu 13 3207833 0 136364 25148371 55862 0 309
cpu 12 3270816 2 152599 25027224 100734 0 812
cpu 15 2954725 0 143862 25369789 74228 0 589
cpu 14 2918743 1 134970 25438050 51912 0 262
cpu 17 3048629 10 139705 25287281 67782 0 404
cpu 16 3006957 0 161283 25225710 145138 0 1478
cpu 19 3028821 0 165482 25221163 122790 0 1146
cpu 18 3155481 2 143271 25193050 52547 0 368
cpu 1 3377290 12 186754 24994396 62113 0 3061
cpu 0 3347554 2 169964 24967173 63920 0 968
cpu 3 3132887 2 188614 25250180 61810 0 1817
cpu 2 3036806 1 207276 25302261 84009 0 1228
cpu 5 2926299 0 152200 25463625 90753 0 3087
cpu 4 2843472 1 177764 25433182 170187 0 7313
cpu 7 3459725 0 149878 24981866 48536 0 882
cpu 6 3230759 1 139489 25206217 61029 0 2401
cpu 9 3013531 2 129811 25443353 52039 0 486
cpu 8 3149152 81 138731 25260909 53564 0 9427
intel_hsw_cbo 1/7 20971793 20972340 20975390 20972852 17216905096378 758077585428 2564143329612 460010538185
intel_hsw_cbo 1/6 20971793 20972340 20975390 20972852 16502590217584 759470350661 2418389745268 460328611194
intel_hsw_cbo 1/0 20971793 20972340 20975390 20972852 15918242679332 757801431018 2233159293690 460160433364
intel_hsw_cbo 1/4 20971793 20972340 20975390 20972852 16235823739070 760442253590 2041983426906 460117065353
intel_hsw_cbo 1/3 20971793 20972340 20975390 20972852 18867205546122 758585191466 2840217079642 460189336021
intel_hsw_cbo 1/1 20971793 20972340 20975390 20972852 16107358362475 759470500970 2352044555510 460108614630
intel_hsw_cbo 0/8 20971793 20972340 20975390 20972852 15135444836987 702312842806 2129763640043 427372274170
intel_hsw_cbo 0/9 20971793 20972340 20975390 20972852 16776990470532 700992074870 2727458083588 427432951871
intel_hsw_cbo 0/6 20971793 20972340 20975390 20972852 16688801611494 756491662966 2243553837182 462723885237
intel_hsw_cbo 0/7 20971793 20972340 20975390 20972852 18073889060877 756336899028 2427983194502 462597627399
intel_hsw_cbo 0/4 20971793 20972340 20975390 20972852 16446803252431 757803476495 2058725318378 462762366806
intel_hsw_cbo 0/5 20971793 20972340 20975390 20972852 20091121366049 753530194774 2449436341095 462917639447
intel_hsw_cbo 0/2 20971793 20972340 20975390 20972852 15996301019666 755727118151 2012095531239 462511492787
intel_hsw_cbo 0/3 20971793 20972340 20975390 20972852 20772851178847 755574159087 2747634169383 462616623939
intel_hsw_cbo 0/0 20971793 20972340 20975390 20972852 16395621759494 755792462982 2244730248210 463058261386
intel_hsw_cbo 0/1 20971793 20972340 20975390 20972852 16806297503245 756762154648 2198517704394 462802608575
intel_hsw_cbo 1/9 20971793 20972340 20975390 20972852 16472173987344 703680487922 2889737874450 425328938271
intel_hsw_cbo 1/5 20971793 20972340 20975390 20972852 18242423264621 756218284230 2550731297358 460559841920
intel_hsw_cbo 1/8 20971793 20972340 20975390 20972852 14880383397530 704727487402 2293223654979 425365348209
intel_hsw_cbo 1/2 20971793 20972340 20975390 20972852 15598868000196 758188377915 1979025758317 460264127038
intel_hsw_hau ff/12.5 20972289 20974593 20971520 20975386 6177601146249 1750849717493 107278477355688 1754816792793
intel_hsw_hau 7f/12.1 20972289 20974593 20971520 20975386 5037746470235 1611305147358 100808035254280 1616341543217
intel_hsw_hau ff/12.1 20972289 20974593 20971520 20975386 7037382683688 2232884752030 107278477405265 2239318110489
intel_hsw_hau 7f/12.5 20972289 20974593 20971520 20975386 4723495471231 1483313143215 100808036290275 1486797865865
intel_hsw_imc ff/14.1 20972292 20974596 20974337 20971778 3074786453800 880255776218 3147586141919 1747073159528 0
intel_hsw_imc ff/14.0 20972292 20974596 20974337 20971778 3942678232709 1367521384816 3488798068261 1517151567004 0
intel_hsw_imc 7f/17.1 20972292 20974596 20974337 20971778 2355006728882 745988178233 2477696963165 1336434854271 0
intel_hsw_imc 7f/17.0 20972292 20974596 20974337 20971778 2353496267516 745916859782 2476900072608 1343991202954 0
intel_hsw_imc 7f/14.0 20972292 20974596 20974337 20971778 2668538931465 877918407358 2569645165031 1080810943504 0
intel_hsw_imc 7f/14.1 20972292 20974596 20974337 20971778 2350542251755 745878850600 2460138881505 1325186388439 0
intel_hsw_imc ff/17.0 20972292 20974596 20974337 20971778 3077520064280 880372868318 3171782891636 1772638834096 0
intel_hsw_imc ff/17.1 20972292 20974596 20974337 20971778 3078575833839 880270914044 3170365319004 1759711337474 0
intel_hsw_qpi ff/08.2 6291712 6292480 6293506 6292483 3872691031179 2715717149766 10673979586112 0
intel_hsw_qpi 7f/08.2 6291712 6292480 6293506 6292483 2712787240274 3876073634494 13752356451398 0
intel_hsw_qpi 7f/09.2 6291712 6292480 6293506 6292483 2713459244455 3875861205654 12566616020800 0
intel_hsw_qpi ff/09.2 6291712 6292480 6293506 6292483 3872713773749 2715212236901 11696322261472 0
intel_hsw_r2pci 7f/10.1 20972580 20975369 20975367 20975368 4712034682 24991328634276 26982110759549 31595382776214
intel_hsw_r2pci ff/10.1 20972580 20975369 20975367 20975368 47184892 23525783555640 26273537397128 29851942599638
mem 1 82566752 31484084 51082668 11373272 38961552 76 0 50254124 12975608 80776 37496 0 0 433308 0 0 0
mem 0 82341048 13819092 68521956 16526784 50046864 232 0 66114536 33870064 462352 108088 0 0 615312 24576 0 0
net vnet23 0 0 8311157 0 0 0 0 0 0 0 0 0 65730 0 496072219 0 0 0 0 0 0 91400 0
net enp6s0f0 0 0 0 0 0 0 0 0 0 0 0 0 0 0 6606 0 0 0 0 0 0 93 0
net vnet21 0 0 11160888 0 0 0 0 0 0 0 0 0 77662 0 1150512408 0 0 0 0 0 0 132704 0
net vnet46 0 0 120930 0 0 0 0 0 0 0 0 0 507 0 63290 0 0 0 0 0 0 530 0
net vnet20 0 0 11513166 0 0 0 0 0 0 0 0 0 81584 0 1150519851 0 0 0 0 0 0 135827 0
net enp1s0f0 0 1332169 78053053277 0 0 0 0 371 0 0 371 0 81216283 0 1598690642 0 0 0 0 0 0 9066629 0
net lo 0 0 60727933 0 0 0 0 0 0 0 0 0 483134 0 60727933 0 0 0 0 0 0 483134 0
net vnet24 0 0 583459 0 0 0 0 0 0 0 0 0 7108 0 80661107 0 0 0 0 0 0 19655 0
net vnet38 0 0 438643 0 0 0 0 0 0 0 0 0 4173 0 64695210 0 0 0 0 0 0 8518 0
net virbr0 0 1345 376479361 0 0 0 0 0 0 0 0 0 5004181 0 70467578539 0 0 0 0 0 0 7228765 0
numa 1 2585618263 18927329 1008175 29040 1605525840 998585922
numa 0 2111972519 1008175 18927329 28452 1142952220 969769241
ps - 848347931 1550030 307 303 313 1 785
sysv_shm - 0 0
tmpfs /run/lock 0 6
tmpfs /run 2228224 1149
tmpfs /run/user/20029 4096 44
tmpfs /run/qemu 0 1
tmpfs /dev/shm 75714613248 271244
vfs - 298230 123465 308095
vm - 12 31085417 1311642952 520825 2496526 4712564077 4726057464 99495416 21837040 4416515040 78778 0 0 0 0 0 2714357 0 1121522 2855 0 2497875 96 0 34 0 0

1764551787.414895 0 node12.dhkim-278716.ldos-ut-pg0.wisc.cloudlab.us
block sda 510406 408422 62155857 9430034 5556808 14741706 2623286081 238842873 0 17178172 252405404
block sdb 2615 0 7504 3511 4 0 0 0 0 4252 3512
block sdc 995 0 7996 261 4 0 0 0 0 960 262
cpu 11 3368198 2 178558 24836136 167026 0 2092
cpu 10 3504616 13 159701 24785138 111313 0 1083
cpu 13 3207833 0 136364 25148474 55862 0 309
cpu 12 3270816 2 152599 25027326 100734 0 812
cpu 15 2954725 0 143862 25369892 74228 0 589
cpu 14 2918744 1 134971 25438151 51912 0 262
cpu 17 3048630 10 139706 25287383 67782 0 404
cpu 16 3006958 0 161284 25225812 145138 0 1478
cpu 19 3028821 0 165482 25221266 122790 0 1146
cpu 18 3155481 2 143271 25193153 52547 0 368
cpu 1 3377312 12 186757 24994473 62114 0 3061
cpu 0 3347580 2 169967 24967245 63920 0 968
cpu 3 3132909 2 188618 25250254 61810 0 1817
cpu 2 3036877 1 207284 25302283 84009 0 1228
cpu 5 2926325 0 152206 25463694 90753 0 3087
cpu 4 2843488 1 177767 25433263 170187 0 7313
cpu 7 3459745 0 149882 24981946 48536 0 882
cpu 6 3230764 1 139491 25206310 61029 0 2401
cpu 9 3013531 2 129811 25443456 52039 0 486
cpu 8 3149152 81 138731 25261013 53564 0 9427
intel_hsw_cbo 1/7 20971793 20972340 20975390 20972852 17216906470854 758077881292 2564143406174 460010628927
intel_hsw_cbo 1/6 20971793 20972340 20975390 20972852 16502591448996 759470641426 2418390025993 460328702360
intel_hsw_cbo 1/0 20971793 20972340 20975390 20972852 15918244044390 757801725415 2233159561353 460160525035
intel_hsw_cbo 1/4 20971793 20972340 20975390 20972852 16235825136145 760442553466 2041983674729 460117156960
intel_hsw_cbo 1/3 20971793 20972340 20975390 20972852 18867207057517 758585485204 2840217222540 460189426137
intel_hsw_cbo 1/1 20971793 20972340 20975390 20972852 16107359672324 759470796405 2352044882059 460108706200
intel_hsw_cbo 0/8 20971793 20972340 20975390 20972852 15135458676078 702316745544 2129765898171 427373909173
intel_hsw_cbo 0/9 20971793 20972340 20975390 20972852 16777004105041 700995904106 2727459433768 427434580447
intel_hsw_cbo 0/6 20971793 20972340 20975390 20972852 16688815941506 756495844495 2243556187005 462725630436
intel_hsw_cbo 0/7 20971793 20972340 20975390 20972852 18073902845724 756341114972 2427984075484 462599371194
intel_hsw_cbo 0/4 20971793 20972340 20975390 20972852 16446817188749 757807742663 2058728337985 462764122629
intel_hsw_cbo 0/5 20971793 20972340 20975390 20972852 20091135498001 753534332989 2449437339304 462919384946
intel_hsw_cbo 0/2 20971793 20972340 20975390 20972852 15996315733602 755731321302 2012098295779 462513242858
intel_hsw_cbo 0/3 20971793 20972340 20975390 20972852 20772865653688 755578333114 2747635667261 462618377380
intel_hsw_cbo 0/0 20971793 20972340 20975390 20972852 16395636205287 755796713913 2244732967704 463060006181
intel_hsw_cbo 0/1 20971793 20972340 20975390 20972852 16806311852390 756766318062 2198519979392 462804372261
intel_hsw_cbo 1/9 20971793 20972340 20975390 20972852 16472175428207 703680756261 2889738002262 425329023682
intel_hsw_cbo 1/5 20971793 20972340 20975390 20972852 18242424709515 756218575331 2550731379826 460559933250
intel_hsw_cbo 1/8 20971793 20972340 20975390 20972852 14880384787448 704727760820 2293223981398 425365434366
intel_hsw_cbo 1/2 20971793 20972340 20975390 20972852 15598869307221 758188673791 1979026006439 460264217955
intel_hsw_hau ff/12.5 20972289 20974593 20971520 20975386 6177601700345 1750849832524 107280484743037 1754816914159
intel_hsw_hau 7f/12.1 20972289 20974593 20971520 20975386 5037749864562 1611307374147 100810132479886 1616343782346
intel_hsw_hau ff/12.1 20972289 20974593 20971520 20975386 7037384016370 2232885121746 107280484734828 2239318493626
intel_hsw_hau 7f/12.5 20972289 20974593 20971520 20975386 4723497934855 1483314685276 100810133577969 1486799409054
intel_hsw_imc ff/14.1 20972292 20974596 20974337 20971778 3074786734818 880255837583 3147586254464 1747073171475 0
intel_hsw_imc ff/14.0 20972292 20974596 20974337 20971778 3942679321401 1367521759197 3488798327040 1517151608975 0
intel_hsw_imc 7f/17.1 20972292 20974596 20974337 20971778 2355007968988 745988951938 2477698258692 1336435062995 0
intel_hsw_imc 7f/17.0 20972292 20974596 20974337 20971778 2353497560422 745917686366 2476901420288 1343991416352 0
intel_hsw_imc 7f/14.0 20972292 20974596 20974337 20971778 2668541102241 877919879585 2569647194736 1080811236425 0
intel_hsw_imc 7f/14.1 20972292 20974596 20974337 20971778 2350543568879 745879700995 2460140251465 1325186604109 0
intel_hsw_imc ff/17.0 20972292 20974596 20974337 20971778 3077520346625 880372930788 3171783005659 1772638846193 0
intel_hsw_imc ff/17.1 20972292 20974596 20974337 20971778 3078576126317 880270985662 3170365442714 1759711349728 0
intel_hsw_qpi ff/08.2 6291712 6292480 6293506 6292483 3872692126595 2715720606732 10673981044176 0
intel_hsw_qpi 7f/08.2 6291712 6292480 6293506 6292483 2712790694541 3876074729729 13752357262742 0
intel_hsw_qpi 7f/09.2 6291712 6292480 6293506 6292483 2713462701346 3875862301120 12566616738376 0
intel_hsw_qpi ff/09.2 6291712 6292480 6293506 6292483 3872714868935 2715215691305 11696324243568 0
intel_hsw_r2pci 7f/10.1 20972580 20975369 20975367 20975368 4712041048 24991409135354 26982174771113 31595445735383
intel_hsw_r2pci ff/10.1 20972580 20975369 20975367 20975368 47185040 23525791080137 26273550507455 29851957889316
mem 1 82566752 31483332 51083420 11373288 38961656 136 0 50254140 12975624 80984 37368 0 0 433308 0 0 0
mem 0 82341048 13817832 68523216 16527188 50046448 276 0 66114556 33870056 462180 108344 0 0 615312 24576 0 0
net vnet23 0 0 8311157 0 0 0 0 0 0 0 0 0 65730 0 496072219 0 0 0 0 0 0 91400 0
net enp6s0f0 0 0 0 0 0 0 0 0 0 0 0 0 0 0 6606 0 0 0 0 0 0 93 0
net vnet21 0 0 11160888 0 0 0 0 0 0 0 0 0 77662 0 1150512408 0 0 0 0 0 0 132704 0
net vnet46 0 0 120930 0 0 0 0 0 0 0 0 0 507 0 63290 0 0 0 0 0 0 530 0
net vnet20 0 0 11513166 0 0 0 0 0 0 0 0 0 81584 0 1150519851 0 0 0 0 0 0 135827 0
net enp1s0f0 0 1332175 78053059564 0 0 0 0 371 0 0 371 0 81216374 0 1598691377 0 0 0 0 0 0 9066634 0
net lo 0 0 60728478 0 0 0 0 0 0 0 0 0 483138 0 60728478 0 0 0 0 0 0 483138 0
net vnet24 0 0 583459 0 0 0 0 0 0 0 0 0 7108 0 80661107 0 0 0 0 0 0 19655 0
net vnet38 0 0 438643 0 0 0 0 0 0 0 0 0 4173 0 64695210 0 0 0 0 0 0 8518 0
net virbr0 0 1345 376479361 0 0 0 0 0 0 0 0 0 5004181 0 70467578539 0 0 0 0 0 0 7228765 0
numa 1 2585619661 18927329 1008175 29040 1605527238 998585922
numa 0 2111972977 1008175 18927329 28452 1142952678 969769241
ps - 848366516 1550041 307 303 313 5 785
sysv_shm - 0 0
tmpfs /run/lock 0 6
tmpfs /run 2228224 1149
tmpfs /run/user/20029 4096 44
tmpfs /run/qemu 0 1
tmpfs /dev/shm 75714617344 271244
vfs - 298230 123385 308095
vm - 12 31085432 1311643040 520825 2496526 4712565933 4726059298 99495438 21837040 4416517669 78778 0 0 0 0 0 2714357 0 1121522 2855 0 2497875 96 0 34 0 0

1764551788.448737 0 node12.dhkim-278716.ldos-ut-pg0.wisc.cloudlab.us
block sda 510406 408422 62155857 9430034 5556895 14741706 2623286873 238843295 0 17178276 252405825
block sdb 2615 0 7504 3511 4 0 0 0 0 4252 3512
block sdc 995 0 7996 261 4 0 0 0 0 960 262
cpu 11 3368200 2 178561 24836236 167026 0 2092
cpu 10 3504617 13 159702 24785237 111313 0 1083
cpu 13 3207836 0 136366 25148573 55862 0 309
cpu 12 3270817 2 152600 25027416 100744 0 812
cpu 15 2954728 0 143865 25369988 74228 0 589
cpu 14 2918744 1 134972 25438253 51912 0 262
cpu 17 3048630 10 139707 25287484 67782 0 404
cpu 16 3006960 0 161284 25225914 145138 0 1478
cpu 19 3028830 0 165484 25221359 122790 0 1146
cpu 18 3155481 2 143272 25193254 52547 0 368
cpu 1 3377330 12 186758 24994552 62114 0 3061
cpu 0 3347593 2 169968 24967330 63920 0 968
cpu 3 3132918 2 188623 25250344 61810 0 1817
cpu 2 3036956 1 207301 25302291 84009 0 1228
cpu 5 2926343 0 152208 25463777 90753 0 3087
cpu 4 2843510 1 177769 25433341 170187 0 7313
cpu 7 3459751 0 149885 24982036 48536 0 882
cpu 6 3230776 1 139492 25206400 61029 0 2401
cpu 9 3013534 2 129812 25443556 52039 0 486
cpu 8 3149152 81 138732 25261115 53564 0 9427
intel_hsw_cbo 1/7 20971793 20972340 20975390 20972852 17216908476206 758078361257 2564143707050 460010892576
intel_hsw_cbo 1/6 20971793 20972340 20975390 20972852 16502593367274 759471115501 2418390767532 460328967862
intel_hsw_cbo 1/0 20971793 20972340 20975390 20972852 15918245844751 757802201771 2233160342230 460160791225
intel_hsw_cbo 1/4 20971793 20972340 20975390 20972852 16235827163243 760443035127 2041984339384 460117419613
intel_hsw_cbo 1/3 20971793 20972340 20975390 20972852 18867209142302 758585959052 2840217632074 460189690831
intel_hsw_cbo 1/1 20971793 20972340 20975390 20972852 16107361846915 759471277245 2352045750696 460108969988
intel_hsw_cbo 0/8 20971793 20972340 20975390 20972852 15135470290427 702320743633 2129767999509 427375498964
intel_hsw_cbo 0/9 20971793 20972340 20975390 20972852 16777015908544 700999803913 2727460984695 427436127144
intel_hsw_cbo 0/6 20971793 20972340 20975390 20972852 16688828514015 756500165072 2243558485133 462727332566
intel_hsw_cbo 0/7 20971793 20972340 20975390 20972852 18073914483320 756345417053 2427985063135 462601045446
intel_hsw_cbo 0/4 20971793 20972340 20975390 20972852 16446828517152 757812072149 2058732583959 462765819920
intel_hsw_cbo 0/5 20971793 20972340 20975390 20972852 20091148715232 753538608072 2449438433370 462921066102
intel_hsw_cbo 0/2 20971793 20972340 20975390 20972852 15996327310805 755735588062 2012102219090 462514943633
intel_hsw_cbo 0/3 20971793 20972340 20975390 20972852 20772878360965 755582619539 2747637424647 462620079391
intel_hsw_cbo 0/0 20971793 20972340 20975390 20972852 16395651446832 755801129882 2244736630328 463061688323
intel_hsw_cbo 0/1 20971793 20972340 20975390 20972852 16806324324147 756770561812 2198522088658 462806070602
intel_hsw_cbo 1/9 20971793 20972340 20975390 20972852 16472178070871 703681201168 2889738453582 425329270977
intel_hsw_cbo 1/5 20971793 20972340 20975390 20972852 18242426612160 756219045788 2550731661010 460560198001
intel_hsw_cbo 1/8 20971793 20972340 20975390 20972852 14880387142264 704728211000 2293224779976 425365680105
intel_hsw_cbo 1/2 20971793 20972340 20975390 20972852 15598871193131 758189154493 1979026688090 460264481747
intel_hsw_hau ff/12.5 20972289 20974593 20971520 20975386 6177602432414 1750850290716 107283469927308 1754817384975
intel_hsw_hau 7f/12.1 20972289 20974593 20971520 20975386 5037754927240 1611310796371 100813219861202 1616347223899
intel_hsw_hau ff/12.1 20972289 20974593 20971520 20975386 7037385791615 2232886034850 107283469961241 2239319433024
intel_hsw_hau 7f/12.5 20972289 20974593 20971520 20975386 4723501339097 1483316832375 100813220916687 1486801558188
intel_hsw_imc ff/14.1 20972292 20974596 20974337 20971778 3074787087926 880256070203 3147586578406 1747073214820 0
intel_hsw_imc ff/14.0 20972292 20974596 20974337 20971778 3942680731167 1367522453587 3488799036061 1517151728302 0
intel_hsw_imc 7f/17.1 20972292 20974596 20974337 20971778 2355009662165 745990023336 2477700206069 1336435349995 0
intel_hsw_imc 7f/17.0 20972292 20974596 20974337 20971778 2353499308166 745918813079 2476903423592 1343991705680 0
intel_hsw_imc 7f/14.0 20972292 20974596 20974337 20971778 2668544442770 877922241436 2569650623747 1080811724513 0
intel_hsw_imc 7f/14.1 20972292 20974596 20974337 20971778 2350545340748 745880851465 2460142278689 1325186893775 0
intel_hsw_imc ff/17.0 20972292 20974596 20974337 20971778 3077520702801 880373164621 3171783331311 1772638889693 0
intel_hsw_imc ff/17.1 20972292 20974596 20974337 20971778 3078576502140 880271237874 3170365786301 1759711394601 0
intel_hsw_qpi ff/08.2 6291712 6292480 6293506 6292483 3872693780399 2715724901385 10673982703552 0
intel_hsw_qpi 7f/08.2 6291712 6292480 6293506 6292483 2712794987818 3876076384918 13752358339078 0
intel_hsw_qpi 7f/09.2 6291712 6292480 6293506 6292483 2713466995723 3875863955742 12566617616928 0
intel_hsw_qpi ff/09.2 6291712 6292480 6293506 6292483 3872716523219 2715219985166 11696326587504 0
intel_hsw_r2pci 7f/10.1 20972580 20975369 20975367 20975368 4712047138 24991498512726 26982248778228 31595513317390
intel_hsw_r2pci ff/10.1 20972580 20975369 20975367 20975368 47185192 23525802535925 26273569971275 29851978707869
mem 1 82566752 31497348 51069404 11377048 38959056 24 0 50254144 12975504 81624 37608 0 0 433260 0 0 0
mem 0 82341048 13812820 68528228 16527460 50045504 4 0 66114556 33870056 461492 108512 0 0 615304 24576 0 0
net vnet23 0 0 8311157 0 0 0 0 0 0 0 0 0 65730 0 496072271 0 0 0 0 0 0 91401 0
net enp6s0f0 0 0 0 0 0 0 0 0 0 0 0 0 0 0 6606 0 0 0 0 0 0 93 0
net vnet21 0 0 11160888 0 0 0 0 0 0 0 0 0 77662 0 1150512460 0 0 0 0 0 0 132705 0
net vnet46 0 0 120930 0 0 0 0 0 0 0 0 0 507 0 63342 0 0 0 0 0 0 531 0
net vnet20 0 0 11513166 0 0 0 0 0 0 0 0 0 81584 0 1150519903 0 0 0 0 0 0 135828 0
net enp1s0f0 0 1332180 78053064541 0 0 0 0 371 0 0 371 0 81216449 0 1598692112 0 0 0 0 0 0 9066639 0
net lo 0 0 60730167 0 0 0 0 0 0 0 0 0 483162 0 60730167 0 0 0 0 0 0 483162 0
net vnet24 0 0 583459 0 0 0 0 0 0 0 0 0 7108 0 80661159 0 0 0 0 0 0 19656 0
net vnet38 0 0 438643 0 0 0 0 0 0 0 0 0 4173 0 64695262 0 0 0 0 0 0 8519 0
net virbr0 0 1345 376479361 0 0 0 0 0 0 0 0 0 5004181 0 70467578539 0 0 0 0 0 0 7228765 0
numa 1 2585632973 18927329 1008175 29040 1605540550 998585922
numa 0 2111975267 1008175 18927329 28452 1142954968 969769241
ps - 848388807 1550156 307 303 313 3 785
sysv_shm - 0 0
tmpfs /run/lock 0 6
tmpfs /run 2228224 1149
tmpfs /run/user/20029 4096 44
tmpfs /run/qemu 0 1
tmpfs /dev/shm 75714617344 271244
vfs - 298230 123345 308095
vm - 12 31085432 1311643436 520825 2496526 4712581535 4726074744 99497270 21837040 4416536254 78778 0 0 0 0 0 2714357 0 1121522 2855 0 2497875 96 0 34 0 0

1764551789.476979 0 node12.dhkim-278716.ldos-ut-pg0.wisc.cloudlab.us
block sda 510407 408422 62155895 9430042 5556909 14741741 2623287833 238843338 0 17178336 252405908
block sdb 2615 0 7504 3511 4 0 0 0 0 4252 3512
block sdc 995 0 7996 261 4 0 0 0 0 960 262
cpu 11 3368203 2 178562 24836337 167026 0 2092
cpu 10 3504617 13 159702 24785337 111313 0 1083
cpu 13 3207836 0 136367 25148674 55862 0 309
cpu 12 3270817 2 152600 25027518 100744 0 812
cpu 15 2954728 0 143865 25370090 74228 0 589
cpu 14 2918744 1 134972 25438354 51912 0 262
cpu 17 3048631 10 139707 25287587 67782 0 404
cpu 16 3006960 0 161284 25226016 145138 0 1478
cpu 19 3028830 0 165484 25221457 122793 0 1146
cpu 18 3155481 2 143272 25193356 52547 0 368
cpu 1 3377342 12 186760 24994638 62114 0 3061
cpu 0 3347607 2 169970 24967414 63920 0 968
cpu 3 3132946 2 188627 25250413 61810 0 1817
cpu 2 3036984 1 207302 25302362 84010 0 1228
cpu 5 2926353 0 152209 25463866 90754 0 3087
cpu 4 2843523 1 177770 25433428 170187 0 7313
cpu 7 3459773 0 149891 24982109 48537 0 882
cpu 6 3230795 1 139496 25206477 61029 0 2401
cpu 9 3013534 2 129812 25443659 52039 0 486
cpu 8 3149152 81 138732 25261218 53564 0 9427
intel_hsw_cbo 1/7 20971793 20972340 20975390 20972852 17216909833053 758078658097 2564143834813 460010981996
intel_hsw_cbo 1/6 20971793 20972340 20975390 20972852 16502594596659 759471406566 2418390892094 460329057141
intel_hsw_cbo 1/0 20971793 20972340 20975390 20972852 15918247213548 757802496529 2233160563938 460160879919
intel_hsw_cbo 1/4 20971793 20972340 20975390 20972852 16235828423225 760443334836 2041984537871 460117508562
intel_hsw_cbo 1/3 20971793 20972340 20975390 20972852 18867210640756 758586252216 2840217766534 460189778861
intel_hsw_cbo 1/1 20971793 20972340 20975390 20972852 16107363062247 759471574119 2352045897639 460109057644
intel_hsw_cbo 0/8 20971793 20972340 20975390 20972852 15135479538561 702323073036 2129770202584 427376599505
intel_hsw_cbo 0/9 20971793 20972340 20975390 20972852 16777024829914 701002124659 2727462722932 427437232513
intel_hsw_cbo 0/6 20971793 20972340 20975390 20972852 16688837598778 756502658382 2243560855883 462728532757
intel_hsw_cbo 0/7 20971793 20972340 20975390 20972852 18073923211613 756347955948 2427986532702 462602240263
intel_hsw_cbo 0/4 20971793 20972340 20975390 20972852 16446838088303 757814626694 2058734812820 462767027520
intel_hsw_cbo 0/5 20971793 20972340 20975390 20972852 20091157927006 753541074324 2449440096805 462922266047
intel_hsw_cbo 0/2 20971793 20972340 20975390 20972852 15996336275488 755738022680 2012104286069 462516144665
intel_hsw_cbo 0/3 20971793 20972340 20975390 20972852 20772887660716 755585113384 2747639545259 462621283735
intel_hsw_cbo 0/0 20971793 20972340 20975390 20972852 16395660736561 755803686373 2244738740401 463062896011
intel_hsw_cbo 0/1 20971793 20972340 20975390 20972852 16806333519457 756773029661 2198524236930 462807259954
intel_hsw_cbo 1/9 20971793 20972340 20975390 20972852 16472179522052 703681469187 2889738623438 425329355669
intel_hsw_cbo 1/5 20971793 20972340 20975390 20972852 18242427973061 756219337721 2550731775684 460560286656
intel_hsw_cbo 1/8 20971793 20972340 20975390 20972852 14880388421903 704728484543 2293224911730 425365763559
intel_hsw_cbo 1/2 20971793 20972340 20975390 20972852 15598872584358 758189449948 1979026898988 460264570233
intel_hsw_hau ff/12.5 20972289 20974593 20971520 20975386 6177602997893 1750850414209 107285498858144 1754817513966
intel_hsw_hau 7f/12.1 20972289 20974593 20971520 20975386 5037758263182 1611312827713 100815321438908 1616349266991
intel_hsw_hau ff/12.1 20972289 20974593 20971520 20975386 7037387145625 2232886417834 107285498864049 2239319827972
intel_hsw_hau 7f/12.5 20972289 20974593 20971520 20975386 4723503819912 1483318300895 100815322522801 1486803027723
intel_hsw_imc ff/14.1 20972292 20974596 20974337 20971778 3074787368503 880256133916 3147586692485 1747073227022 0
intel_hsw_imc ff/14.0 20972292 20974596 20974337 20971778 3942681816023 1367522800280 3488799295334 1517151769978 0
intel_hsw_imc 7f/17.1 20972292 20974596 20974337 20971778 2355010904223 745990758528 2477701486717 1336435554641 0
intel_hsw_imc 7f/17.0 20972292 20974596 20974337 20971778 2353500592279 745919590671 2476904746555 1343991912134 0
intel_hsw_imc 7f/14.0 20972292 20974596 20974337 20971778 2668546537119 877923550696 2569652498729 1080811980784 0
intel_hsw_imc 7f/14.1 20972292 20974596 20974337 20971778 2350546642216 745881648180 2460143619288 1325187102418 0
intel_hsw_imc ff/17.0 20972292 20974596 20974337 20971778 3077520984324 880373229189 3171783446941 1772638902163 0
intel_hsw_imc ff/17.1 20972292 20974596 20974337 20971778 3078576795163 880271313015 3170365913200 1759711407486 0
intel_hsw_qpi ff/08.2 6291712 6292480 6293506 6292483 3872694852021 2715728284924 10673984136208 0
intel_hsw_qpi 7f/08.2 6291712 6292480 6293506 6292483 2712798368150 3876077457993 13752359177494 0
intel_hsw_qpi 7f/09.2 6291712 6292480 6293506 6292483 2713470379188 3875865027413 12566618346368 0
intel_hsw_qpi ff/09.2 6291712 6292480 6293506 6292483 3872717596182 2715223365558 11696328532936 0
intel_hsw_r2pci 7f/10.1 20972580 20975369 20975367 20975368 4712054226 24991542868483 26982283608705 31595552974953
intel_hsw_r2pci ff/10.1 20972580 20975369 20975367 20975368 47185478 23525809905016 26273583298185 29851993749324
mem 1 82566752 31496740 51070012 11377084 38957840 112 0 50254164 12975564 80832 37516 0 0 433260 0 0 0
mem 0 82341048 13811812 68529236 16527480 50046472 176 0 66114560 33870060 462488 108556 0 0 615304 24576 0 0
net vnet23 0 0 8311157 0 0 0 0 0 0 0 0 0 65730 0 496072271 0 0 0 0 0 0 91401 0
net enp6s0f0 0 0 0 0 0 0 0 0 0 0 0 0 0 0 6606 0 0 0 0 0 0 93 0
net vnet21 0 0 11160888 0 0 0 0 0 0 0 0 0 77662 0 1150512460 0 0 0 0 0 0 132705 0
net vnet46 0 0 120930 0 0 0 0 0 0 0 0 0 507 0 63342 0 0 0 0 0 0 531 0
net vnet20 0 0 11513166 0 0 0 0 0 0 0 0 0 81584 0 1150519903 0 0 0 0 0 0 135828 0
net enp1s0f0 0 1332185 78053069938 0 0 0 0 371 0 0 371 0 81216531 0 1598692847 0 0 0 0 0 0 9066644 0
net lo 0 0 60730712 0 0 0 0 0 0 0 0 0 483166 0 60730712 0 0 0 0 0 0 483166 0
net vnet24 0 0 583459 0 0 0 0 0 0 0 0 0 7108 0 80661159 0 0 0 0 0 0 19656 0
net vnet38 0 0 438643 0 0 0 0 0 0 0 0 0 4173 0 64695262 0 0 0 0 0 0 8519 0
net virbr0 0 1345 376479361 0 0 0 0 0 0 0 0 0 5004181 0 70467578539 0 0 0 0 0 0 7228765 0
numa 1 2585634251 18927329 1008175 29040 1605541828 998585922
numa 0 2111975860 1008175 18927329 28452 1142955561 969769241
ps - 848404374 1550167 307 303 313 2 785
sysv_shm - 0 0
tmpfs /run/lock 0 6
tmpfs /run 2228224 1149
tmpfs /run/user/20029 4096 44
tmpfs /run/qemu 0 1
tmpfs /dev/shm 75714617344 271244
vfs - 298230 123225 308096
vm - 12 31085451 1311643916 520825 2496526 4712583406 4726076622 99497278 21837040 4416538711 78778 0 0 0 0 0 2714357 0 1121522 2855 0 2497875 96 0 34 0 0

1764551790.509444 0 node12.dhkim-278716.ldos-ut-pg0.wisc.cloudlab.us
block sda 510407 408422 62155895 9430042 5556909 14741741 2623287833 238843338 0 17178336 252405908
block sdb 2615 0 7504 3511 4 0 0 0 0 4252 3512
block sdc 995 0 7996 261 4 0 0 0 0 960 262
cpu 11 3368204 2 178562 24836438 167026 0 2092
cpu 10 3504618 13 159702 24785438 111313 0 1083
cpu 13 3207836 0 136368 25148776 55862 0 309
cpu 12 3270817 2 152600 25027620 100744 0 812
cpu 15 2954728 0 143865 25370193 74228 0 589
cpu 14 2918744 1 134972 25438455 51912 0 262
cpu 17 3048631 10 139707 25287689 67782 0 404
cpu 16 3006962 0 161286 25226117 145138 0 1478
cpu 19 3028830 0 165485 25221558 122793 0 1146
cpu 18 3155481 2 143273 25193458 52547 0 368
cpu 1 3377357 12 186761 24994723 62114 0 3061
cpu 0 3347622 2 169972 24967497 63920 0 968
cpu 3 3132986 2 188638 25250465 61810 0 1817
cpu 2 3037000 1 207303 25302445 84010 0 1228
cpu 5 2926368 0 152212 25463949 90754 0 3087
cpu 4 2843584 1 177776 25433463 170187 0 7313
cpu 7 3459784 0 149892 24982198 48537 0 882
cpu 6 3230802 1 139497 25206571 61029 0 2401
cpu 9 3013534 2 129812 25443762 52039 0 486
cpu 8 3149152 81 138732 25261321 53564 0 9427
intel_hsw_cbo 1/7 20971793 20972340 20975390 20972852 17216911043615 758078965850 2564144011868 460011080973
intel_hsw_cbo 1/6 20971793 20972340 20975390 20972852 16502595803132 759471707065 2418391006281 460329154389
intel_hsw_cbo 1/0 20971793 20972340 20975390 20972852 15918248459371 757802802071 2233160825021 460160977016
intel_hsw_cbo 1/4 20971793 20972340 20975390 20972852 16235829712330 760443645696 2041984764166 460117606572
intel_hsw_cbo 1/3 20971793 20972340 20975390 20972852 18867211972083 758586554293 2840217943778 460189876614
intel_hsw_cbo 1/1 20971793 20972340 20975390 20972852 16107364219129 759471881817 2352046039261 460109155433
intel_hsw_cbo 0/8 20971793 20972340 20975390 20972852 15135489719799 702326577414 2129773609625 427377993351
intel_hsw_cbo 0/9 20971793 20972340 20975390 20972852 16777035052248 701005648130 2727463768031 427438629707
intel_hsw_cbo 0/6 20971793 20972340 20975390 20972852 16688847597418 756506392061 2243564231811 462730037558
intel_hsw_cbo 0/7 20971793 20972340 20975390 20972852 18073932756348 756351791385 2427987157797 462603775205
intel_hsw_cbo 0/4 20971793 20972340 20975390 20972852 16446849018106 757818504241 2058736265747 462768562408
intel_hsw_cbo 0/5 20971793 20972340 20975390 20972852 20091168063534 753544769224 2449440807079 462923791299
intel_hsw_cbo 0/2 20971793 20972340 20975390 20972852 15996346524914 755741719876 2012105523248 462517687273
intel_hsw_cbo 0/3 20971793 20972340 20975390 20972852 20772897737455 755588867234 2747640756549 462622817098
intel_hsw_cbo 0/0 20971793 20972340 20975390 20972852 16395671432187 755807527024 2244739951022 463064423047
intel_hsw_cbo 0/1 20971793 20972340 20975390 20972852 16806344472241 756776800404 2198527494728 462808778405
intel_hsw_cbo 1/9 20971793 20972340 20975390 20972852 16472180867078 703681746391 2889738850565 425329447696
intel_hsw_cbo 1/5 20971793 20972340 20975390 20972852 18242429190833 756219639941 2550731935255 460560383871
intel_hsw_cbo 1/8 20971793 20972340 20975390 20972852 14880389592134 704728766320 2293225034096 425365855674
intel_hsw_cbo 1/2 20971793 20972340 20975390 20972852 15598873768851 758189756039 1979027144825 460264667825
intel_hsw_hau ff/12.5 20972289 20974593 20971520 20975386 6177603552706 1750850532323 107287791384104 1754817638792
intel_hsw_hau 7f/12.1 20972289 20974593 20971520 20975386 5037761645838 1611315070646 100817707215384 1616351523757
intel_hsw_hau ff/12.1 20972289 20974593 20971520 20975386 7037388490855 2232886792906 107287791388105 2239320217698
intel_hsw_hau 7f/12.5 20972289 20974593 20971520 20975386 4723506266031 1483319778022 100817708298299 1486804505908
intel_hsw_imc ff/14.1 20972292 20974596 20974337 20971778 3074787641877 880256195252 3147586799199 1747073238856 0
intel_hsw_imc ff/14.0 20972292 20974596 20974337 20971778 3942682896667 1367523143813 3488799548502 1517151811708 0
intel_hsw_imc 7f/17.1 20972292 20974596 20974337 20971778 2355012126449 745991496858 2477702762014 1336435763833 0
intel_hsw_imc 7f/17.0 20972292 20974596 20974337 20971778 2353501868922 745920383534 2476906073759 1343992124910 0
intel_hsw_imc 7f/14.0 20972292 20974596 20974337 20971778 2668548691043 877925067929 2569654583882 1080812291964 0
intel_hsw_imc 7f/14.1 20972292 20974596 20974337 20971778 2350547943853 745882464889 2460144971725 1325187316028 0
intel_hsw_imc ff/17.0 20972292 20974596 20974337 20971778 3077521259229 880373291488 3171783555417 1772638914024 0
intel_hsw_imc ff/17.1 20972292 20974596 20974337 20971778 3078577082865 880271386154 3170366033869 1759711419817 0
intel_hsw_qpi ff/08.2 6291712 6292480 6293506 6292483 3872695937892 2715731590722 10673985553024 0
intel_hsw_qpi 7f/08.2 6291712 6292480 6293506 6292483 2712801671579 3876078543517 13752359958294 0
intel_hsw_qpi 7f/09.2 6291712 6292480 6293506 6292483 2713473684874 3875866113340 12566619056992 0
intel_hsw_qpi ff/09.2 6291712 6292480 6293506 6292483 3872718681610 2715226669099 11696330491624 0
intel_hsw_r2pci 7f/10.1 20972580 20975369 20975367 20975368 4712059906 24991598047412 26982323676576 31595597514702
intel_hsw_r2pci ff/10.1 20972580 20975369 20975367 20975368 47185626 23525817453847 26273596752447 29852008663975
mem 1 82566752 31495908 51070844 11377092 38958624 124 0 50254172 12975580 81592 37384 0 0 433244 0 0 0
mem 0 82341048 13812568 68528480 16527476 50045496 180 0 66114560 33870060 461504 108552 0 0 615304 24576 0 0
net vnet23 0 0 8311157 0 0 0 0 0 0 0 0 0 65730 0 496072323 0 0 0 0 0 0 91402 0
net enp6s0f0 0 0 0 0 0 0 0 0 0 0 0 0 0 0 6606 0 0 0 0 0 0 93 0
net vnet21 0 0 11160888 0 0 0 0 0 0 0 0 0 77662 0 1150512512 0 0 0 0 0 0 132706 0
net vnet46 0 0 121029 0 0 0 0 0 0 0 0 0 508 0 63510 0 0 0 0 0 0 533 0
net vnet20 0 0 11513166 0 0 0 0 0 0 0 0 0 81584 0 1150519955 0 0 0 0 0 0 135829 0
net enp1s0f0 0 1332192 78053075575 0 0 0 0 371 0 0 371 0 81216617 0 1598693582 0 0 0 0 0 0 9066649 0
net lo 0 0 60731257 0 0 0 0 0 0 0 0 0 483170 0 60731257 0 0 0 0 0 0 483170 0
net vnet24 0 0 583459 0 0 0 0 0 0 0 0 0 7108 0 80661211 0 0 0 0 0 0 19657 0
net vnet38 0 0 438643 0 0 0 0 0 0 0 0 0 4173 0 64695314 0 0 0 0 0 0 8520 0
net virbr0 0 1345 376479446 0 0 0 0 0 0 0 0 0 5004182 0 70467578655 0 0 0 0 0 0 7228766 0
numa 1 2585635919 18927329 1008175 29040 1605543496 998585922
numa 0 2111976039 1008175 18927329 28452 1142955740 969769241
ps - 848419835 1550178 307 303 313 4 785
sysv_shm - 0 0
tmpfs /run/lock 0 6
tmpfs /run 2228224 1149
tmpfs /run/user/20029 4096 44
tmpfs /run/qemu 0 1
tmpfs /dev/shm 75714617344 271244
vfs - 298230 123345 308096
vm - 12 31085451 1311643916 520825 2496526 4712585253 4726078477 99497278 21837040 4416541348 78778 0 0 0 0 0 2714357 0 1121522 2855 0 2497875 96 0 34 0 0

1764551791.541673 0 node12.dhkim-278716.ldos-ut-pg0.wisc.cloudlab.us
block sda 510407 408422 62155895 9430042 5556918 14741741 2623288033 238843406 1 17178352 252405975
block sdb 2615 0 7504 3511 4 0 0 0 0 4252 3512
block sdc 995 0 7996 261 4 0 0 0 0 960 262
cpu 11 3368206 2 178564 24836539 167026 0 2092
cpu 10 3504619 13 159703 24785539 111313 0 1083
cpu 13 3207836 0 136368 25148879 55862 0 309
cpu 12 3270817 2 152601 25027722 100744 0 812
cpu 15 2954728 0 143865 25370295 74228 0 589
cpu 14 2918744 1 134973 25438558 51912 0 262
cpu 17 3048631 10 139708 25287791 67782 0 404
cpu 16 3006962 0 161286 25226219 145138 0 1478
cpu 19 3028830 0 165485 25221660 122793 0 1146
cpu 18 3155482 2 143274 25193559 52547 0 368
cpu 1 3377429 12 186771 24994744 62115 0 3061
cpu 0 3347634 2 169974 24967583 63921 0 968
cpu 3 3133014 2 188639 25250537 61811 0 1817
cpu 2 3037031 1 207303 25302517 84010 0 1228
cpu 5 2926389 0 152216 25464027 90755 0 3087
cpu 4 2843629 1 177782 25433518 170187 0 7313
cpu 7 3459792 0 149894 24982287 48537 0 882
cpu 6 3230810 1 139500 25206662 61030 0 2401
cpu 9 3013534 2 129812 25443865 52039 0 486
cpu 8 3149152 81 138732 25261424 53564 0 9427
intel_hsw_cbo 1/7 20971793 20972340 20975390 20972852 17216912161008 758079257364 2564144114838 460011176102
intel_hsw_cbo 1/6 20971793 20972340 20975390 20972852 16502596866212 759471992935 2418391132105 460329249989
intel_hsw_cbo 1/0 20971793 20972340 20975390 20972852 15918249642509 757803092001 2233161057120 460161072702
intel_hsw_cbo 1/4 20971793 20972340 20975390 20972852 16235830794218 760443941855 2041984967263 460117702285
intel_hsw_cbo 1/3 20971793 20972340 20975390 20972852 18867213170114 758586842229 2840218066089 460189971060
intel_hsw_cbo 1/1 20971793 20972340 20975390 20972852 16107365351707 759472174434 2352046203631 460109251508
intel_hsw_cbo 0/8 20971793 20972340 20975390 20972852 15135503300164 702331243864 2129776577128 427379688260
intel_hsw_cbo 0/9 20971793 20972340 20975390 20972852 16777048178577 701010310384 2727465428566 427440305126
intel_hsw_cbo 0/6 20971793 20972340 20975390 20972852 16688861489006 756511396511 2243566962606 462731865881
intel_hsw_cbo 0/7 20971793 20972340 20975390 20972852 18073945232971 756356869466 2427988292152 462605627737
intel_hsw_cbo 0/4 20971793 20972340 20975390 20972852 16446862703495 757823626339 2058739589245 462770399658
intel_hsw_cbo 0/5 20971793 20972340 20975390 20972852 20091181558344 753549712223 2449442087794 462925634799
intel_hsw_cbo 0/2 20971793 20972340 20975390 20972852 15996359539671 755746685256 2012108870694 462519539027
intel_hsw_cbo 0/3 20971793 20972340 20975390 20972852 20772912074889 755593852625 2747642708237 462624667197
intel_hsw_cbo 0/0 20971793 20972340 20975390 20972852 16395685507909 755812588731 2244743148462 463066245076
intel_hsw_cbo 0/1 20971793 20972340 20975390 20972852 16806358249814 756781789555 2198530561220 462810616463
intel_hsw_cbo 1/9 20971793 20972340 20975390 20972852 16472182033670 703682009926 2889738993362 425329538718
intel_hsw_cbo 1/5 20971793 20972340 20975390 20972852 18242430347105 756219927707 2550732031015 460560478984
intel_hsw_cbo 1/8 20971793 20972340 20975390 20972852 14880390680694 704729035262 2293225174463 425365946218
intel_hsw_cbo 1/2 20971793 20972340 20975390 20972852 15598874813880 758190046885 1979027365808 460264762799
intel_hsw_hau ff/12.5 20972289 20974593 20971520 20975386 6177604107046 1750850656213 107290452931267 1754817768218
intel_hsw_hau 7f/12.1 20972289 20974593 20971520 20975386 5037766563435 1611318062407 100820464908462 1616354527358
intel_hsw_hau ff/12.1 20972289 20974593 20971520 20975386 7037389828474 2232887175169 107290452936748 2239320612286
intel_hsw_hau 7f/12.5 20972289 20974593 20971520 20975386 4723509647953 1483321676155 100820465992449 1486806404806
intel_hsw_imc ff/14.1 20972292 20974596 20974337 20971778 3074787916343 880256259229 3147586908152 1747073251317 0
intel_hsw_imc ff/14.0 20972292 20974596 20974337 20971778 3942683970027 1367523488740 3488799800971 1517151854474 0
intel_hsw_imc 7f/17.1 20972292 20974596 20974337 20971778 2355013820910 745992446460 2477704607251 1336436025435 0
intel_hsw_imc 7f/17.0 20972292 20974596 20974337 20971778 2353503615995 745921388395 2476907974924 1343992389871 0
intel_hsw_imc 7f/14.0 20972292 20974596 20974337 20971778 2668551917964 877927124754 2569657761968 1080812715593 0
intel_hsw_imc 7f/14.1 20972292 20974596 20974337 20971778 2350549716560 745883492759 2460146898893 1325187581666 0
intel_hsw_imc ff/17.0 20972292 20974596 20974337 20971778 3077521534910 880373356330 3171783666289 1772638926680 0
intel_hsw_imc ff/17.1 20972292 20974596 20974337 20971778 3078577369358 880271460683 3170366155021 1759711432714 0
intel_hsw_qpi ff/08.2 6291712 6292480 6293506 6292483 3872697012410 2715735885233 10673986938000 0
intel_hsw_qpi 7f/08.2 6291712 6292480 6293506 6292483 2712805963337 3876079619281 13752360742086 0
intel_hsw_qpi 7f/09.2 6291712 6292480 6293506 6292483 2713477979335 3875867187933 12566619763776 0
intel_hsw_qpi ff/09.2 6291712 6292480 6293506 6292483 3872719757349 2715230961017 11696332405296 0
intel_hsw_r2pci 7f/10.1 20972580 20975369 20975367 20975368 4712065644 24991676298358 26982374332454 31595660620616
intel_hsw_r2pci ff/10.1 20972580 20975369 20975367 20975368 47185778 23525824469607 26273612391357 29852025927827
mem 1 82566752 31494432 51072320 11377092 38958860 136 0 50254176 12975504 81836 37596 0 0 433244 0 0 0
mem 0 82341048 13813072 68527976 16527716 50045256 204 0 66114560 33870060 461500 108612 0 0 615304 24576 0 0
net vnet23 0 0 8311157 0 0 0 0 0 0 0 0 0 65730 0 496072323 0 0 0 0 0 0 91402 0
net enp6s0f0 0 0 0 0 0 0 0 0 0 0 0 0 0 0 6606 0 0 0 0 0 0 93 0
net vnet21 0 0 11160888 0 0 0 0 0 0 0 0 0 77662 0 1150512512 0 0 0 0 0 0 132706 0
net vnet46 0 0 121029 0 0 0 0 0 0 0 0 0 508 0 63510 0 0 0 0 0 0 533 0
net vnet20 0 0 11513166 0 0 0 0 0 0 0 0 0 81584 0 1150519955 0 0 0 0 0 0 135829 0
net enp1s0f0 0 1332196 78053081452 0 0 0 0 371 0 0 371 0 81216707 0 1598694317 0 0 0 0 0 0 9066654 0
net lo 0 0 60731802 0 0 0 0 0 0 0 0 0 483174 0 60731802 0 0 0 0 0 0 483174 0
net vnet24 0 0 583459 0 0 0 0 0 0 0 0 0 7108 0 80661211 0 0 0 0 0 0 19657 0
net vnet38 0 0 438643 0 0 0 0 0 0 0 0 0 4173 0 64695314 0 0 0 0 0 0 8520 0
net virbr0 0 1345 376479446 0 0 0 0 0 0 0 0 0 5004182 0 70467578655 0 0 0 0 0 0 7228766 0
numa 1 2585637603 18927329 1008175 29040 1605545180 998585922
numa 0 2111976230 1008175 18927329 28452 1142955931 969769241
ps - 848435288 1550189 299 301 312 3 785
sysv_shm - 0 0
tmpfs /run/lock 0 6
tmpfs /run 2228224 1149
tmpfs /run/user/20029 4096 44
tmpfs /run/qemu 0 1
tmpfs /dev/shm 75714617344 271244
vfs - 298230 123345 308096
vm - 12 31085455 1311644016 520825 2496526 4712587128 4726080340 99497371 21837040 4416544398 78778 0 0 0 0 0 2714357 0 1121522 2855 0 2497875 96 0 34 0 0

1764551792.574888 0 node12.dhkim-278716.ldos-ut-pg0.wisc.cloudlab.us
block sda 510408 408422 62155903 9430047 5556918 14741741 2623288033 238843406 1 17178360 252405981
block sdb 2615 0 7504 3511 4 0 0 0 0 4252 3512
block sdc 995 0 7996 261 4 0 0 0 0 960 262
cpu 11 3368206 2 178566 24836641 167026 0 2092
cpu 10 3504620 13 159704 24785639 111314 0 1083
cpu 13 3207836 0 136368 25148981 55862 0 309
cpu 12 3270818 2 152602 25027823 100744 0 812
cpu 15 2954728 0 143865 25370397 74228 0 589
cpu 14 2918745 1 134973 25438660 51912 0 262
cpu 17 3048631 10 139708 25287893 67782 0 404
cpu 16 3006964 0 161286 25226320 145138 0 1478
cpu 19 3028830 0 165486 25221762 122793 0 1146
cpu 18 3155482 2 143274 25193662 52547 0 368
cpu 1 3377498 12 186779 24994772 62115 0 3061
cpu 0 3347656 2 169974 24967661 63921 0 968
cpu 3 3133084 2 188639 25250570 61811 0 1817
cpu 2 3037058 1 207303 25302592 84010 0 1228
cpu 5 2926410 0 152217 25464104 90755 0 3087
cpu 4 2843640 1 177786 25433604 170187 0 7313
cpu 7 3459852 0 149901 24982322 48537 0 882
cpu 6 3230830 1 139502 25206743 61030 0 2401
cpu 9 3013534 2 129812 25443968 52039 0 486
cpu 8 3149152 81 138732 25261527 53564 0 9427
intel_hsw_cbo 1/7 20971793 20972340 20975390 20972852 17216913199303 758079546351 2564144255225 460011272961
intel_hsw_cbo 1/6 20971793 20972340 20975390 20972852 16502597765864 759472275785 2418391230156 460329346887
intel_hsw_cbo 1/0 20971793 20972340 20975390 20972852 15918250681428 757803379523 2233161320033 460161171357
intel_hsw_cbo 1/4 20971793 20972340 20975390 20972852 16235831761970 760444234641 2041985185497 460117800588
intel_hsw_cbo 1/3 20971793 20972340 20975390 20972852 18867214239507 758587127756 2840218220549 460190067040
intel_hsw_cbo 1/1 20971793 20972340 20975390 20972852 16107366310063 759472463675 2352046337879 460109351618
intel_hsw_cbo 0/8 20971793 20972340 20975390 20972852 15135527116863 702341343511 2129780987146 427382223220
intel_hsw_cbo 0/9 20971793 20972340 20975390 20972852 16777071339528 701020460902 2727469184449 427442828828
intel_hsw_cbo 0/6 20971793 20972340 20975390 20972852 16688885872212 756522183858 2243571676304 462734587341
intel_hsw_cbo 0/7 20971793 20972340 20975390 20972852 18073969616873 756367819532 2427991524871 462608379803
intel_hsw_cbo 0/4 20971793 20972340 20975390 20972852 16446887973487 757834600920 2058743541176 462773151362
intel_hsw_cbo 0/5 20971793 20972340 20975390 20972852 20091205901499 753560498499 2449445747633 462928366524
intel_hsw_cbo 0/2 20971793 20972340 20975390 20972852 15996384173273 755757524417 2012112655111 462522302102
intel_hsw_cbo 0/3 20971793 20972340 20975390 20972852 20772937779326 755604611871 2747647001219 462627419902
intel_hsw_cbo 0/0 20971793 20972340 20975390 20972852 16395710682114 755823463831 2244746858128 463068967244
intel_hsw_cbo 0/1 20971793 20972340 20975390 20972852 16806383703649 756792655510 2198534939246 462813353153
intel_hsw_cbo 1/9 20971793 20972340 20975390 20972852 16472183096003 703682271157 2889739175028 425329630487
intel_hsw_cbo 1/5 20971793 20972340 20975390 20972852 18242431367343 756220213240 2550732163820 460560578090
intel_hsw_cbo 1/8 20971793 20972340 20975390 20972852 14880391668826 704729301185 2293225285205 425366038272
intel_hsw_cbo 1/2 20971793 20972340 20975390 20972852 15598875749235 758190335578 1979027607808 460264859906
intel_hsw_hau ff/12.5 20972289 20974593 20971520 20975386 6177604691884 1750850798876 107293420607824 1754817917180
intel_hsw_hau 7f/12.1 20972289 20974593 20971520 20975386 5037775569806 1611323515019 100823533149018 1616359991752
intel_hsw_hau ff/12.1 20972289 20974593 20971520 20975386 7037391245360 2232887585657 107293420605701 2239321036190
intel_hsw_hau 7f/12.5 20972289 20974593 20971520 20975386 4723515999160 1483325371592 100823534237979 1486810101022
intel_hsw_imc ff/14.1 20972292 20974596 20974337 20971778 3074788205606 880256332632 3147587028644 1747073264796 0
intel_hsw_imc ff/14.0 20972292 20974596 20974337 20971778 3942685106348 1367523852796 3488800072886 1517151900340 0
intel_hsw_imc 7f/17.1 20972292 20974596 20974337 20971778 2355016996783 745994293882 2477708467178 1336436541462 0
intel_hsw_imc 7f/17.0 20972292 20974596 20974337 20971778 2353506842011 745923290291 2476911886781 1343992909179 0
intel_hsw_imc 7f/14.0 20972292 20974596 20974337 20971778 2668557736402 877930738966 2569664064480 1080813504605 0
intel_hsw_imc 7f/14.1 20972292 20974596 20974337 20971778 2350552974798 745885419665 2460150844198 1325188103301 0
intel_hsw_imc ff/17.0 20972292 20974596 20974337 20971778 3077521826808 880373430900 3171783789885 1772638940197 0
intel_hsw_imc ff/17.1 20972292 20974596 20974337 20971778 3078577669824 880271544548 3170366287457 1759711446716 0
intel_hsw_qpi ff/08.2 6291712 6292480 6293506 6292483 3872698147719 2715744525490 10673988322704 0
intel_hsw_qpi 7f/08.2 6291712 6292480 6293506 6292483 2712814597687 3876080754913 13752361556590 0
intel_hsw_qpi 7f/09.2 6291712 6292480 6293506 6292483 2713486619588 3875868323288 12566620487592 0
intel_hsw_qpi ff/09.2 6291712 6292480 6293506 6292483 3872720892927 2715239595255 11696334339928 0
intel_hsw_r2pci 7f/10.1 20972580 20975369 20975367 20975368 4712075552 24991776293480 26982441233343 31595743127023
intel_hsw_r2pci ff/10.1 20972580 20975369 20975367 20975368 47185938 23525831583804 26273638574334 29852053866279
mem 1 82566752 31493424 51073328 11377112 38958752 160 0 50254188 12975504 81744 37500 0 0 433248 0 0 0
mem 0 82341048 13814080 68526968 16527896 50045076 216 0 66114592 33870092 461500 108616 0 0 615304 24576 0 0
net vnet23 0 0 8311157 0 0 0 0 0 0 0 0 0 65730 0 496072375 0 0 0 0 0 0 91403 0
net enp6s0f0 0 0 0 0 0 0 0 0 0 0 0 0 0 0 6606 0 0 0 0 0 0 93 0
net vnet21 0 0 11160888 0 0 0 0 0 0 0 0 0 77662 0 1150512564 0 0 0 0 0 0 132707 0
net vnet46 0 0 121029 0 0 0 0 0 0 0 0 0 508 0 63562 0 0 0 0 0 0 534 0
net vnet20 0 0 11513166 0 0 0 0 0 0 0 0 0 81584 0 1150520007 0 0 0 0 0 0 135830 0
net enp1s0f0 0 1332201 78053086969 0 0 0 0 371 0 0 371 0 81216791 0 1598695052 0 0 0 0 0 0 9066659 0
net lo 0 0 60732347 0 0 0 0 0 0 0 0 0 483178 0 60732347 0 0 0 0 0 0 483178 0
net vnet24 0 0 583459 0 0 0 0 0 0 0 0 0 7108 0 80661263 0 0 0 0 0 0 19658 0
net vnet38 0 0 438643 0 0 0 0 0 0 0 0 0 4173 0 64695366 0 0 0 0 0 0 8521 0
net virbr0 0 1345 376479446 0 0 0 0 0 0 0 0 0 5004182 0 70467578655 0 0 0 0 0 0 7228766 0
numa 1 2585639310 18927329 1008175 29040 1605546887 998585922
numa 0 2111976412 1008175 18927329 28452 1142956113 969769241
ps - 848447984 1550200 299 301 312 3 785
sysv_shm - 0 0
tmpfs /run/lock 0 6
tmpfs /run 2228224 1149
tmpfs /run/user/20029 4096 44
tmpfs /run/qemu 0 1
tmpfs /dev/shm 75714617344 271244
vfs - 298230 123345 308096
vm - 12 31085583 1311644016 520825 2496526 4712589018 4726082181 99497418 21837040 4416546906 78778 0 0 0 0 0 2714357 0 1121522 2855 0 2497875 96 0 34 0 0

1764551793.608070 0 node12.dhkim-278716.ldos-ut-pg0.wisc.cloudlab.us
block sda 510409 408422 62156159 9430054 5556930 14741759 2623288497 238843452 0 17178424 252406066
block sdb 2615 0 7504 3511 4 0 0 0 0 4252 3512
block sdc 995 0 7996 261 4 0 0 0 0 960 262
cpu 11 3368208 2 178566 24836742 167026 0 2092
cpu 10 3504621 13 159704 24785740 111314 0 1083
cpu 13 3207836 0 136368 25149083 55862 0 309
cpu 12 3270818 2 152602 25027925 100744 0 812
cpu 15 2954728 0 143866 25370498 74228 0 589
cpu 14 2918746 1 134975 25438761 51912 0 262
cpu 17 3048631 10 139708 25287996 67782 0 404
cpu 16 3006964 0 161287 25226423 145138 0 1478
cpu 19 3028830 0 165486 25221860 122796 0 1146
cpu 18 3155482 2 143274 25193764 52547 0 368
cpu 1 3377514 12 186782 24994853 62115 0 3062
cpu 0 3347665 2 169978 24967751 63921 0 968
cpu 3 3133114 2 188642 25250641 61811 0 1817
cpu 2 3037065 1 207304 25302686 84010 0 1228
cpu 5 2926443 0 152217 25464172 90755 0 3087
cpu 4 2843694 1 177790 25433649 170187 0 7313
cpu 7 3459869 0 149902 24982406 48538 0 882
cpu 6 3230834 1 139503 25206837 61030 0 2401
cpu 9 3013534 2 129812 25444071 52039 0 486
cpu 8 3149152 81 138732 25261630 53564 0 9427
intel_hsw_cbo 1/7 20971793 20972340 20975390 20972852 17216914340845 758079839871 2564144384865 460011371090
intel_hsw_cbo 1/6 20971793 20972340 20975390 20972852 16502598820968 759472562213 2418391401886 460329443498
intel_hsw_cbo 1/0 20971793 20972340 20975390 20972852 15918251793423 757803670481 2233161546127 460161268730
intel_hsw_cbo 1/4 20971793 20972340 20975390 20972852 16235832880022 760444531692 2041985392301 460117897721
intel_hsw_cbo 1/3 20971793 20972340 20975390 20972852 18867215411620 758587417276 2840218370304 460190163954
intel_hsw_cbo 1/1 20971793 20972340 20975390 20972852 16107367344657 759472756969 2352046516874 460109448293
intel_hsw_cbo 0/8 20971793 20972340 20975390 20972852 15135536568435 702344327204 2129787707072 427383824659
intel_hsw_cbo 0/9 20971793 20972340 20975390 20972852 16777081340810 701023408422 2727470797478 427444424393
intel_hsw_cbo 0/6 20971793 20972340 20975390 20972852 16688894896591 756525284302 2243578047580 462736325529
intel_hsw_cbo 0/7 20971793 20972340 20975390 20972852 18073978665153 756371006764 2427992252570 462610141914
intel_hsw_cbo 0/4 20971793 20972340 20975390 20972852 16446896951812 757837777027 2058746137275 462774893915
intel_hsw_cbo 0/5 20971793 20972340 20975390 20972852 20091215142891 753563606050 2449446576173 462930108258
intel_hsw_cbo 0/2 20971793 20972340 20975390 20972852 15996393834015 755760645313 2012114878155 462524054453
intel_hsw_cbo 0/3 20971793 20972340 20975390 20972852 20772947211951 755607699846 2747648801394 462629163714
intel_hsw_cbo 0/0 20971793 20972340 20975390 20972852 16395720084268 755826621246 2244749090707 463070712353
intel_hsw_cbo 0/1 20971793 20972340 20975390 20972852 16806392927673 756795803079 2198541441303 462815102821
intel_hsw_cbo 1/9 20971793 20972340 20975390 20972852 16472184278555 703682537150 2889739348588 425329722750
intel_hsw_cbo 1/5 20971793 20972340 20975390 20972852 18242432519756 756220502212 2550732286353 460560675244
intel_hsw_cbo 1/8 20971793 20972340 20975390 20972852 14880392833112 704729572035 2293225455265 425366129977
intel_hsw_cbo 1/2 20971793 20972340 20975390 20972852 15598876753607 758190628408 1979027824195 460264956361
intel_hsw_hau ff/12.5 20972289 20974593 20971520 20975386 6177605269980 1750850928453 107296132943870 1754818053039
intel_hsw_hau 7f/12.1 20972289 20974593 20971520 20975386 5037782129301 1611327664514 100826341794112 1616364151755
intel_hsw_hau ff/12.1 20972289 20974593 20971520 20975386 7037392622908 2232887977634 107296132947481 2239321441008
intel_hsw_hau 7f/12.5 20972289 20974593 20971520 20975386 4723520759853 1483328248684 100826342880653 1486812978958
intel_hsw_imc ff/14.1 20972292 20974596 20974337 20971778 3074788491235 880256399706 3147587147069 1747073278089 0
intel_hsw_imc ff/14.0 20972292 20974596 20974337 20971778 3942686208475 1367524205770 3488800342765 1517151945913 0
intel_hsw_imc 7f/17.1 20972292 20974596 20974337 20971778 2355019378010 745995732284 2477711139096 1336436969380 0
intel_hsw_imc 7f/17.0 20972292 20974596 20974337 20971778 2353509274925 745924782526 2476914612027 1343993340430 0
intel_hsw_imc 7f/14.0 20972292 20974596 20974337 20971778 2668561910158 877933462725 2569668313003 1080814135090 0
intel_hsw_imc 7f/14.1 20972292 20974596 20974337 20971778 2350555434137 745886935517 2460153595470 1325188537877 0
intel_hsw_imc ff/17.0 20972292 20974596 20974337 20971778 3077522113622 880373498883 3171783910610 1772638953625 0
intel_hsw_imc ff/17.1 20972292 20974596 20974337 20971778 3078577969180 880271623003 3170366418909 1759711460327 0
intel_hsw_qpi ff/08.2 6291712 6292480 6293506 6292483 3872699244597 2715751203551 10673989725880 0
intel_hsw_qpi 7f/08.2 6291712 6292480 6293506 6292483 2712821274536 3876081852476 13752362381902 0
intel_hsw_qpi 7f/09.2 6291712 6292480 6293506 6292483 2713493297580 3875869420199 12566621214232 0
intel_hsw_qpi ff/09.2 6291712 6292480 6293506 6292483 3872721990447 2715246272063 11696336299040 0
intel_hsw_r2pci 7f/10.1 20972580 20975369 20975367 20975368 4712081290 24991816757156 26982478237066 31595786514714
intel_hsw_r2pci ff/10.1 20972580 20975369 20975367 20975368 47186086 23525839134721 26273660140838 29852077129022
mem 1 82566752 31492668 51074084 11377196 38958904 152 0 50254332 12975508 81464 37652 0 0 433256 0 0 0
mem 0 82341048 13814584 68526464 16582116 49991452 236 0 66114796 33870296 461500 108656 0 0 615304 24576 0 0
net vnet23 0 0 8311157 0 0 0 0 0 0 0 0 0 65730 0 496072375 0 0 0 0 0 0 91403 0
net enp6s0f0 0 0 0 0 0 0 0 0 0 0 0 0 0 0 6606 0 0 0 0 0 0 93 0
net vnet21 0 0 11160888 0 0 0 0 0 0 0 0 0 77662 0 1150512564 0 0 0 0 0 0 132707 0
net vnet46 0 0 121029 0 0 0 0 0 0 0 0 0 508 0 63562 0 0 0 0 0 0 534 0
net vnet20 0 0 11513166 0 0 0 0 0 0 0 0 0 81584 0 1150520007 0 0 0 0 0 0 135830 0
net enp1s0f0 0 1332206 78053093064 0 0 0 0 371 0 0 371 0 81216884 0 1598695885 0 0 0 0 0 0 9066665 0
net lo 0 0 60732892 0 0 0 0 0 0 0 0 0 483182 0 60732892 0 0 0 0 0 0 483182 0
net vnet24 0 0 583459 0 0 0 0 0 0 0 0 0 7108 0 80661263 0 0 0 0 0 0 19658 0
net vnet38 0 0 438643 0 0 0 0 0 0 0 0 0 4173 0 64695366 0 0 0 0 0 0 8521 0
net virbr0 0 1345 376479446 0 0 0 0 0 0 0 0 0 5004182 0 70467578655 0 0 0 0 0 0 7228766 0
numa 1 2585641002 18927329 1008175 29040 1605548579 998585922
numa 0 2111976776 1008175 18927329 28452 1142956477 969769241
ps - 848457963 1550212 299 301 312 2 783
sysv_shm - 0 0
tmpfs /run/lock 0 6
tmpfs /run 2228224 1149
tmpfs /run/user/20029 4096 44
tmpfs /run/qemu 0 1
tmpfs /dev/shm 75714617344 271244
vfs - 298228 123385 308096
vm - 12 31085583 1311644248 520825 2496526 4712591074 4726084137 99511009 21837040 4416559422 78778 0 0 0 0 0 2714357 0 1121522 2855 0 2497875 96 0 34 0 0

1764551794.639885 0 node12.dhkim-278716.ldos-ut-pg0.wisc.cloudlab.us
block sda 510409 408422 62156159 9430054 5557014 14741759 2623300857 238844123 1 17178564 252406783
block sdb 2615 0 7504 3511 4 0 0 0 0 4252 3512
block sdc 995 0 7996 261 4 0 0 0 0 960 262
cpu 11 3368210 2 178567 24836843 167026 0 2092
cpu 10 3504622 13 159704 24785838 111318 0 1083
cpu 13 3207836 0 136368 25149185 55862 0 309
cpu 12 3270819 2 152602 25028022 100749 0 812
cpu 15 2954730 0 143867 25370599 74228 0 589
cpu 14 2918746 1 134975 25438862 51912 0 262
cpu 17 3048631 10 139709 25288098 67782 0 404
cpu 16 3006964 0 161287 25226525 145138 0 1478
cpu 19 3028830 0 165486 25221963 122796 0 1146
cpu 18 3155482 2 143274 25193867 52547 0 368
cpu 1 3377515 12 186790 24994942 62120 0 3062
cpu 0 3347667 2 169988 24967839 63923 0 968
cpu 3 3133115 2 188642 25250741 61811 0 1817
cpu 2 3037067 1 207304 25302787 84010 0 1228
cpu 5 2926536 0 152220 25464180 90755 0 3087
cpu 4 2843700 1 177791 25433745 170187 0 7313
cpu 7 3459870 0 149902 24982502 48541 0 882
cpu 6 3230838 1 139503 25206935 61030 0 2401
cpu 9 3013534 2 129812 25444174 52039 0 486
cpu 8 3149152 81 138732 25261733 53564 0 9427
intel_hsw_cbo 1/7 20971793 20972340 20975390 20972852 17216915502403 758080129788 2564144452733 460011462186
intel_hsw_cbo 1/6 20971793 20972340 20975390 20972852 16502599927591 759472846457 2418391554263 460329534002
intel_hsw_cbo 1/0 20971793 20972340 20975390 20972852 15918252871053 757803957774 2233161890768 460161357953
intel_hsw_cbo 1/4 20971793 20972340 20975390 20972852 16235834006915 760444825014 2041985712463 460117987363
intel_hsw_cbo 1/3 20971793 20972340 20975390 20972852 18867216611643 758587702018 2840218496097 460190253072
intel_hsw_cbo 1/1 20971793 20972340 20975390 20972852 16107368492842 759473047104 2352046755502 460109537807
intel_hsw_cbo 0/8 20971793 20972340 20975390 20972852 15135545331910 702345716193 2129794553445 427385312936
intel_hsw_cbo 0/9 20971793 20972340 20975390 20972852 16777090985117 701024718832 2727472049068 427445917905
intel_hsw_cbo 0/6 20971793 20972340 20975390 20972852 16688901927221 756526677822 2243583885614 462737961857
intel_hsw_cbo 0/7 20971793 20972340 20975390 20972852 18073985835836 756372471743 2427992451317 462611784405
intel_hsw_cbo 0/4 20971793 20972340 20975390 20972852 16446904329524 757839215054 2058749077023 462776521874
intel_hsw_cbo 0/5 20971793 20972340 20975390 20972852 20091222046531 753565017535 2449446800008 462931727940
intel_hsw_cbo 0/2 20971793 20972340 20975390 20972852 15996402027782 755762059984 2012118186128 462525687762
intel_hsw_cbo 0/3 20971793 20972340 20975390 20972852 20772954751557 755609071042 2747650081533 462630787952
intel_hsw_cbo 0/0 20971793 20972340 20975390 20972852 16395728151265 755828060165 2244753234691 463072341529
intel_hsw_cbo 0/1 20971793 20972340 20975390 20972852 16806399965673 756797226098 2198549212600 462816741601
intel_hsw_cbo 1/9 20971793 20972340 20975390 20972852 16472185362625 703682798734 2889739468864 425329807609
intel_hsw_cbo 1/5 20971793 20972340 20975390 20972852 18242433705486 756220786284 2550732358475 460560765218
intel_hsw_cbo 1/8 20971793 20972340 20975390 20972852 14880393943774 704729838703 2293225648313 425366214463
intel_hsw_cbo 1/2 20971793 20972340 20975390 20972852 15598877845860 758190919069 1979028176222 460265044894
intel_hsw_hau ff/12.5 20972289 20974593 20971520 20975386 6177605876383 1750851055563 107298990979916 1754818186386
intel_hsw_hau 7f/12.1 20972289 20974593 20971520 20975386 5037786071672 1611331982114 100829297753060 1616368480088
intel_hsw_hau ff/12.1 20972289 20974593 20971520 20975386 7037394040358 2232888366174 107298991020055 2239321843013
intel_hsw_hau 7f/12.5 20972289 20974593 20971520 20975386 4723523788656 1483330486455 100829298802575 1486815217844
intel_hsw_imc ff/14.1 20972292 20974596 20974337 20971778 3074788791961 880256465523 3147587264450 1747073291817 0
intel_hsw_imc ff/14.0 20972292 20974596 20974337 20971778 3942687334413 1367524556209 3488800608040 1517151991217 0
intel_hsw_imc 7f/17.1 20972292 20974596 20974337 20971778 2355020891960 745996850676 2477712728691 1336437258477 0
intel_hsw_imc 7f/17.0 20972292 20974596 20974337 20971778 2353510842793 745925955025 2476916256233 1343993631373 0
intel_hsw_imc 7f/14.0 20972292 20974596 20974337 20971778 2668564332578 877936667065 2569671710718 1080814864041 0
intel_hsw_imc 7f/14.1 20972292 20974596 20974337 20971778 2350557026324 745888132188 2460155266146 1325188829620 0
intel_hsw_imc ff/17.0 20972292 20974596 20974337 20971778 3077522415609 880373565693 3171784029694 1772638967486 0
intel_hsw_imc ff/17.1 20972292 20974596 20974337 20971778 3078578281439 880271699516 3170366547869 1759711474189 0
intel_hsw_qpi ff/08.2 6291712 6292480 6293506 6292483 3872700369547 2715756605910 10673991125680 0
intel_hsw_qpi 7f/08.2 6291712 6292480 6293506 6292483 2712826675262 3876082977078 13752363215014 0
intel_hsw_qpi 7f/09.2 6291712 6292480 6293506 6292483 2713498699875 3875870545180 12566621944336 0
intel_hsw_qpi ff/09.2 6291712 6292480 6293506 6292483 3872723114998 2715251672973 11696338228416 0
intel_hsw_r2pci 7f/10.1 20972580 20975369 20975367 20975368 4712087646 24991839350422 26982503177245 31595816902150
intel_hsw_r2pci ff/10.1 20972580 20975369 20975367 20975368 47186244 23525846789790 26273678278600 29852097310318
mem 1 82566752 31492416 51074336 11377344 38957640 68 0 50254336 12975476 80724 37484 0 0 433268 0 0 0
mem 0 82341048 13813576 68527472 16698664 49875964 40 0 66115272 33870772 462572 108800 0 0 615304 24576 0 0
net vnet23 0 0 8311157 0 0 0 0 0 0 0 0 0 65730 0 496072427 0 0 0 0 0 0 91404 0
net enp6s0f0 0 0 0 0 0 0 0 0 0 0 0 0 0 0 6606 0 0 0 0 0 0 93 0
net vnet21 0 0 11160888 0 0 0 0 0 0 0 0 0 77662 0 1150512616 0 0 0 0 0 0 132708 0
net vnet46 0 0 121029 0 0 0 0 0 0 0 0 0 508 0 63614 0 0 0 0 0 0 535 0
net vnet20 0 0 11513166 0 0 0 0 0 0 0 0 0 81584 0 1150520059 0 0 0 0 0 0 135831 0
net enp1s0f0 0 1332211 78053097568 0 0 0 0 371 0 0 371 0 81216951 0 1598696715 0 0 0 0 0 0 9066671 0
net lo 0 0 60733437 0 0 0 0 0 0 0 0 0 483186 0 60733437 0 0 0 0 0 0 483186 0
net vnet24 0 0 583459 0 0 0 0 0 0 0 0 0 7108 0 80661315 0 0 0 0 0 0 19659 0
net vnet38 0 0 438643 0 0 0 0 0 0 0 0 0 4173 0 64695418 0 0 0 0 0 0 8522 0
net virbr0 0 1345 376479446 0 0 0 0 0 0 0 0 0 5004182 0 70467578655 0 0 0 0 0 0 7228766 0
numa 1 2585642284 18927329 1008175 29040 1605549861 998585922
numa 0 2111977434 1008175 18927329 28452 1142957135 969769241
ps - 848467307 1550223 299 301 312 3 783
sysv_shm - 0 0
tmpfs /run/lock 0 6
tmpfs /run 2228224 1149
tmpfs /run/user/20029 4096 44
tmpfs /run/qemu 0 1
tmpfs /dev/shm 75714617344 271244
vfs - 298228 123425 308096
vm - 12 31085583 1311652860 520825 2496526 4712593013 4726085999 99540139 21837040 4416588093 78778 0 0 0 0 0 2714357 0 1121522 2855 0 2497875 96 0 34 0 0

1764551795.670497 0 node12.dhkim-278716.ldos-ut-pg0.wisc.cloudlab.us
block sda 510410 408422 62156167 9430076 5557193 14742325 2623634169 238856911 28 17179584 252419593
block sdb 2615 0 7504 3511 4 0 0 0 0 4252 3512
block sdc 995 0 7996 261 4 0 0 0 0 960 262
cpu 11 3368212 2 178568 24836943 167026 0 2092
cpu 10 3504622 13 159705 24785940 111318 0 1083
cpu 13 3207836 0 136368 25149287 55862 0 309
cpu 12 3270819 2 152602 25028124 100749 0 812
cpu 15 2954730 0 143867 25370700 74228 0 589
cpu 14 2918746 1 134975 25438964 51912 0 262
cpu 17 3048632 10 139710 25288199 67782 0 404
cpu 16 3006964 0 161288 25226625 145138 0 1478
cpu 19 3028830 0 165486 25222065 122796 0 1146
cpu 18 3155482 2 143274 25193969 52547 0 368
cpu 1 3377518 12 186790 24994997 62164 0 3062
cpu 0 3347671 2 169989 24967906 63953 0 968
cpu 3 3133116 2 188643 25250797 61857 0 1817
cpu 2 3037067 1 207305 25302823 84074 0 1228
cpu 5 2926537 0 152220 25464246 90790 0 3087
cpu 4 2843703 1 177791 25433838 170192 0 7313
cpu 7 3459872 0 149904 24982541 48601 0 882
cpu 6 3230841 1 139506 25206968 61097 0 2401
cpu 9 3013534 2 129812 25444277 52039 0 486
cpu 8 3149152 81 138732 25261836 53564 0 9427
intel_hsw_cbo 1/7 20971793 20972340 20975390 20972852 17216917249585 758080430087 2564144507085 460011545549
intel_hsw_cbo 1/6 20971793 20972340 20975390 20972852 16502601493017 759473141519 2418391684339 460329616016
intel_hsw_cbo 1/0 20971793 20972340 20975390 20972852 15918254395322 757804255971 2233162277279 460161439257
intel_hsw_cbo 1/4 20971793 20972340 20975390 20972852 16235835560452 760445130147 2041986101198 460118069231
intel_hsw_cbo 1/3 20971793 20972340 20975390 20972852 18867218622368 758587999411 2840218614288 460190335099
intel_hsw_cbo 1/1 20971793 20972340 20975390 20972852 16107370095031 759473346835 2352046966180 460109620342
intel_hsw_cbo 0/8 20971793 20972340 20975390 20972852 15135547188698 702346061308 2129794804421 427385447076
intel_hsw_cbo 0/9 20971793 20972340 20975390 20972852 16777092631865 701025058771 2727472390540 427446055138
intel_hsw_cbo 0/6 20971793 20972340 20975390 20972852 16688903683029 756527061745 2243584139642 462738105725
intel_hsw_cbo 0/7 20971793 20972340 20975390 20972852 18073987599503 756372861817 2427992779712 462611930139
intel_hsw_cbo 0/4 20971793 20972340 20975390 20972852 16446906086013 757839592864 2058749327160 462776669236
intel_hsw_cbo 0/5 20971793 20972340 20975390 20972852 20091224024212 753565379486 2449447169425 462931875370
intel_hsw_cbo 0/2 20971793 20972340 20975390 20972852 15996403814137 755762438721 2012118446058 462525835879
intel_hsw_cbo 0/3 20971793 20972340 20975390 20972852 20772956896774 755609445322 2747650477447 462630933528
intel_hsw_cbo 0/0 20971793 20972340 20975390 20972852 16395730104572 755828443011 2244753548078 463072487521
intel_hsw_cbo 0/1 20971793 20972340 20975390 20972852 16806401612480 756797593317 2198549474193 462816888322
intel_hsw_cbo 1/9 20971793 20972340 20975390 20972852 16472187226357 703683069905 2889739581632 425329886343
intel_hsw_cbo 1/5 20971793 20972340 20975390 20972852 18242435611375 756221083115 2550732415944 460560847869
intel_hsw_cbo 1/8 20971793 20972340 20975390 20972852 14880395593810 704730115977 2293225818143 425366292741
intel_hsw_cbo 1/2 20971793 20972340 20975390 20972852 15598879376261 758191220024 1979028597203 460265126977
intel_hsw_hau ff/12.5 20972289 20974593 20971520 20975386 6177606425335 1750851167340 107300156457110 1754818303155
intel_hsw_hau 7f/12.1 20972289 20974593 20971520 20975386 5037789872583 1611332768117 100830445417994 1616369277626
intel_hsw_hau ff/12.1 20972289 20974593 20971520 20975386 7037395373123 2232888734529 107300156506399 2239322221494
intel_hsw_hau 7f/12.5 20972289 20974593 20971520 20975386 4723526112011 1483331011011 100830446456881 1486815744821
intel_hsw_imc ff/14.1 20972292 20974596 20974337 20971778 3074789063754 880256523281 3147587373127 1747073302575 0
intel_hsw_imc ff/14.0 20972292 20974596 20974337 20971778 3942688406568 1367524891767 3488800859752 1517152029346 0
intel_hsw_imc 7f/17.1 20972292 20974596 20974337 20971778 2355022054522 745997114469 2477713341045 1336437347623 0
intel_hsw_imc 7f/17.0 20972292 20974596 20974337 20971778 2353512028360 745926240643 2476916893812 1343993722166 0
intel_hsw_imc 7f/14.0 20972292 20974596 20974337 20971778 2668566970208 877937202797 2569672695002 1080814973379 0
intel_hsw_imc 7f/14.1 20972292 20974596 20974337 20971778 2350558220363 745888426992 2460155926233 1325188921280 0
intel_hsw_imc ff/17.0 20972292 20974596 20974337 20971778 3077522688658 880373624241 3171784140328 1772638978411 0
intel_hsw_imc ff/17.1 20972292 20974596 20974337 20971778 3078578565589 880271768060 3170366669114 1759711485293 0
intel_hsw_qpi ff/08.2 6291712 6292480 6293506 6292483 3872701427263 2715759188142 10673992610928 0
intel_hsw_qpi 7f/08.2 6291712 6292480 6293506 6292483 2712829255176 3876084034825 13752364031230 0
intel_hsw_qpi 7f/09.2 6291712 6292480 6293506 6292483 2713501282026 3875871602955 12566622674440 0
intel_hsw_qpi ff/09.2 6291712 6292480 6293506 6292483 3872724172682 2715254252744 11696340221200 0
intel_hsw_r2pci 7f/10.1 20972580 20975369 20975367 20975368 4712096680 24991851829626 26982512859191 31595829867012
intel_hsw_r2pci ff/10.1 20972580 20975369 20975367 20975368 47186484 23525854165233 26273689356392 29852110102955
mem 1 82566752 31492416 51074336 11377384 38957376 152 0 50254348 12973996 80500 37424 0 0 433268 0 0 0
mem 0 82341048 13823996 68517052 16698692 49874240 148 0 66115276 33870684 460784 108688 0 0 615304 24576 0 0
net vnet23 0 0 8311157 0 0 0 0 0 0 0 0 0 65730 0 496072427 0 0 0 0 0 0 91404 0
net enp6s0f0 0 0 0 0 0 0 0 0 0 0 0 0 0 0 6606 0 0 0 0 0 0 93 0
net vnet21 0 0 11160888 0 0 0 0 0 0 0 0 0 77662 0 1150512616 0 0 0 0 0 0 132708 0
net vnet46 0 0 121029 0 0 0 0 0 0 0 0 0 508 0 63614 0 0 0 0 0 0 535 0
net vnet20 0 0 11513166 0 0 0 0 0 0 0 0 0 81584 0 1150520059 0 0 0 0 0 0 135831 0
net enp1s0f0 0 1332217 78053104045 0 0 0 0 371 0 0 371 0 81217051 0 1598697516 0 0 0 0 0 0 9066677 0
net lo 0 0 60733982 0 0 0 0 0 0 0 0 0 483190 0 60733982 0 0 0 0 0 0 483190 0
net vnet24 0 0 583459 0 0 0 0 0 0 0 0 0 7108 0 80661315 0 0 0 0 0 0 19659 0
net vnet38 0 0 438643 0 0 0 0 0 0 0 0 0 4173 0 64695418 0 0 0 0 0 0 8522 0
net virbr0 0 1345 376479446 0 0 0 0 0 0 0 0 0 5004182 0 70467578655 0 0 0 0 0 0 7228766 0
numa 1 2585643220 18927329 1008175 29040 1605550797 998585922
numa 0 2111978563 1008175 18927329 28452 1142958264 969769241
ps - 848472092 1550234 299 301 312 1 781
sysv_shm - 0 0
tmpfs /run/lock 0 6
tmpfs /run 2228224 1149
tmpfs /run/user/20029 4096 44
tmpfs /run/qemu 0 1
tmpfs /dev/shm 75714617344 271244
vfs - 298222 123345 308082
vm - 12 31085587 1311848956 520825 2496526 4712595079 4726088624 99540165 21837040 4416590163 78778 0 0 0 0 0 2714357 0 1121522 2855 0 2497875 96 0 34 0 0

1764551796.708179 0 node12.dhkim-278716.ldos-ut-pg0.wisc.cloudlab.us
block sda 510410 408422 62156167 9430076 5557320 14742356 2623751537 238865693 1 17180080 252428680
block sdb 2615 0 7504 3511 4 0 0 0 0 4252 3512
block sdc 995 0 7996 261 4 0 0 0 0 960 262
cpu 11 3368214 2 178568 24837046 167026 0 2092
cpu 10 3504622 13 159705 24786041 111318 0 1083
cpu 13 3207836 0 136369 25149390 55862 0 309
cpu 12 3270819 2 152602 25028227 100749 0 812
cpu 15 2954731 0 143867 25370803 74228 0 589
cpu 14 2918747 1 134975 25439065 51912 0 262
cpu 17 3048633 10 139710 25288295 67788 0 404
cpu 16 3006964 0 161288 25226696 145170 0 1478
cpu 19 3028831 0 165487 25222166 122796 0 1146
cpu 18 3155483 2 143276 25194071 52547 0 368
cpu 1 3377542 12 186804 24995062 62165 0 3062
cpu 0 3347715 2 169995 24967951 63964 0 968
cpu 3 3133146 2 188648 25250840 61882 0 1817
cpu 2 3037103 1 207310 25302871 84089 0 1228
cpu 5 2926590 0 152222 25464277 90809 0 3087
cpu 4 2843744 1 177793 25433897 170193 0 7313
cpu 7 3459889 0 149917 24982587 48627 0 882
cpu 6 3230873 1 139513 25207020 61107 0 2401
cpu 9 3013534 2 129812 25444380 52039 0 486
cpu 8 3149152 81 138732 25261939 53564 0 9427
intel_hsw_cbo 1/7 20971793 20972340 20975390 20972852 17216918810241 758080747029 2564144682903 460011642117
intel_hsw_cbo 1/6 20971793 20972340 20975390 20972852 16502602924598 759473452309 2418391852765 460329713401
intel_hsw_cbo 1/0 20971793 20972340 20975390 20972852 15918255908255 757804571306 2233162430494 460161536032
intel_hsw_cbo 1/4 20971793 20972340 20975390 20972852 16235837062124 760445449854 2041986221262 460118166121
intel_hsw_cbo 1/3 20971793 20972340 20975390 20972852 18867220373453 758588313182 2840218821576 460190431343
intel_hsw_cbo 1/1 20971793 20972340 20975390 20972852 16107371593099 759473662605 2352047141855 460109717471
intel_hsw_cbo 0/8 20971793 20972340 20975390 20972852 15135590964023 702353166723 2129804977827 427389720616
intel_hsw_cbo 0/9 20971793 20972340 20975390 20972852 16777135618312 701032094536 2727477222894 427450316820
intel_hsw_cbo 0/6 20971793 20972340 20975390 20972852 16688951046572 756534695173 2243594146356 462742744610
intel_hsw_cbo 0/7 20971793 20972340 20975390 20972852 18074035312509 756380446994 2427996363433 462616551636
intel_hsw_cbo 0/4 20971793 20972340 20975390 20972852 16446953217986 757847315669 2058755844639 462781295096
intel_hsw_cbo 0/5 20971793 20972340 20975390 20972852 20091271950704 753573050832 2449451244884 462936536589
intel_hsw_cbo 0/2 20971793 20972340 20975390 20972852 15996451009478 755770016413 2012124501154 462530419432
intel_hsw_cbo 0/3 20971793 20972340 20975390 20972852 20773005787252 755617094889 2747656525013 462635635677
intel_hsw_cbo 0/0 20971793 20972340 20975390 20972852 16395778401889 755836273614 2244760122268 463077133619
intel_hsw_cbo 0/1 20971793 20972340 20975390 20972852 16806448361464 756805209290 2198559509016 462821513805
intel_hsw_cbo 1/9 20971793 20972340 20975390 20972852 16472188915771 703683355426 2889739770635 425329978950
intel_hsw_cbo 1/5 20971793 20972340 20975390 20972852 18242437358069 756221395608 2550732607295 460560944950
intel_hsw_cbo 1/8 20971793 20972340 20975390 20972852 14880397175848 704730407323 2293225989975 425366383614
intel_hsw_cbo 1/2 20971793 20972340 20975390 20972852 15598880781853 758191535606 1979028716694 460265224907
intel_hsw_hau ff/12.5 20972289 20974593 20971520 20975386 6177606993207 1750851288521 107301902135513 1754818428539
intel_hsw_hau 7f/12.1 20972289 20974593 20971520 20975386 5037797676063 1611338579156 100832265854450 1616375100682
intel_hsw_hau ff/12.1 20972289 20974593 20971520 20975386 7037396729524 2232889114318 107301902166060 2239322611725
intel_hsw_hau 7f/12.5 20972289 20974593 20971520 20975386 4723531267610 1483334728388 100832266912045 1486819463221
intel_hsw_imc ff/14.1 20972292 20974596 20974337 20971778 3074789344068 880256585196 3147587489506 1747073314622 0
intel_hsw_imc ff/14.0 20972292 20974596 20974337 20971778 3942689495463 1367525236474 3488801125887 1517152071039 0
intel_hsw_imc 7f/17.1 20972292 20974596 20974337 20971778 2355024635954 745998978009 2477716345536 1336437887690 0
intel_hsw_imc 7f/17.0 20972292 20974596 20974337 20971778 2353514654915 745928149226 2476919948181 1343994267459 0
intel_hsw_imc 7f/14.0 20972292 20974596 20974337 20971778 2668572198498 877941171905 2569677880057 1080815942620 0
intel_hsw_imc 7f/14.1 20972292 20974596 20974337 20971778 2350560867277 745890355082 2460158999251 1325189469508 0
intel_hsw_imc ff/17.0 20972292 20974596 20974337 20971778 3077522972099 880373686966 3171784260286 1772638990508 0
intel_hsw_imc ff/17.1 20972292 20974596 20974337 20971778 3078578859956 880271842107 3170366800639 1759711497706 0
intel_hsw_qpi ff/08.2 6291712 6292480 6293506 6292483 3872702512591 2715767979782 10673994094120 0
intel_hsw_qpi 7f/08.2 6291712 6292480 6293506 6292483 2712838043346 3876085120161 13752364863214 0
intel_hsw_qpi 7f/09.2 6291712 6292480 6293506 6292483 2713510073361 3875872688363 12566623417592 0
intel_hsw_qpi ff/09.2 6291712 6292480 6293506 6292483 3872725257965 2715263041464 11696342234592 0
intel_hsw_r2pci 7f/10.1 20972580 20975369 20975367 20975368 4712104050 24991944507178 26982577978996 31595912786237
intel_hsw_r2pci ff/10.1 20972580 20975369 20975367 20975368 47186636 23525861843879 26273715829832 29852138210890
mem 1 82566752 31492668 51074084 11377420 38958324 80 0 50254380 12973996 81432 37480 0 0 433268 0 0 0
mem 0 82341048 13823240 68517808 16698740 49873368 48 0 66115276 33870684 459940 108688 0 0 615324 24576 0 0
net vnet23 0 0 8311157 0 0 0 0 0 0 0 0 0 65730 0 496072479 0 0 0 0 0 0 91405 0
net enp6s0f0 0 0 0 0 0 0 0 0 0 0 0 0 0 0 6606 0 0 0 0 0 0 93 0
net vnet21 0 0 11160888 0 0 0 0 0 0 0 0 0 77662 0 1150512668 0 0 0 0 0 0 132709 0
net vnet46 0 0 121029 0 0 0 0 0 0 0 0 0 508 0 63666 0 0 0 0 0 0 536 0
net vnet20 0 0 11513166 0 0 0 0 0 0 0 0 0 81584 0 1150520111 0 0 0 0 0 0 135832 0
net enp1s0f0 0 1332224 78053110102 0 0 0 0 371 0 0 371 0 81217144 0 1598698251 0 0 0 0 0 0 9066682 0
net lo 0 0 60734527 0 0 0 0 0 0 0 0 0 483194 0 60734527 0 0 0 0 0 0 483194 0
net vnet24 0 0 583459 0 0 0 0 0 0 0 0 0 7108 0 80661367 0 0 0 0 0 0 19660 0
net vnet38 0 0 438643 0 0 0 0 0 0 0 0 0 4173 0 64695470 0 0 0 0 0 0 8523 0
net virbr0 0 1345 376479446 0 0 0 0 0 0 0 0 0 5004182 0 70467578655 0 0 0 0 0 0 7228766 0
numa 1 2585644851 18927329 1008175 29040 1605552428 998585922
numa 0 2111978968 1008175 18927329 28452 1142958669 969769241
ps - 848481273 1550247 299 301 312 6 781
sysv_shm - 0 0
tmpfs /run/lock 0 6
tmpfs /run 2228224 1149
tmpfs /run/user/20029 4096 44
tmpfs /run/qemu 0 1
tmpfs /dev/shm 75714617344 271244
vfs - 298222 123345 308082
vm - 12 31085587 1311875772 520825 2496526 4712597114 4726090524 99540173 21837040 4416592344 78778 0 0 0 0 0 2714357 0 1121522 2855 0 2497875 96 0 34 0 0

1764551797.743255 0 node12.dhkim-278716.ldos-ut-pg0.wisc.cloudlab.us
block sda 510410 408422 62156167 9430076 5557353 14742360 2623752193 238865828 0 17180180 252428856
block sdb 2615 0 7504 3511 4 0 0 0 0 4252 3512
block sdc 995 0 7996 261 4 0 0 0 0 960 262
cpu 11 3368216 2 178569 24837148 167026 0 2092
cpu 10 3504622 13 159705 24786143 111318 0 1083
cpu 13 3207836 0 136370 25149493 55862 0 309
cpu 12 3270820 2 152603 25028328 100749 0 812
cpu 15 2954731 0 143868 25370904 74230 0 589
cpu 14 2918747 1 134976 25439167 51912 0 262
cpu 17 3048633 10 139710 25288398 67788 0 404
cpu 16 3006964 0 161289 25226797 145172 0 1478
cpu 19 3028831 0 165488 25222269 122796 0 1146
cpu 18 3155483 2 143276 25194172 52547 0 368
cpu 1 3377578 12 186808 24995123 62165 0 3062
cpu 0 3347739 2 169997 24968029 63964 0 968
cpu 3 3133229 2 188653 25250854 61883 0 1817
cpu 2 3037144 1 207314 25302927 84089 0 1228
cpu 5 2926642 0 152222 25464327 90809 0 3087
cpu 4 2843773 1 177796 25433964 170194 0 7313
cpu 7 3459958 0 149918 24982619 48627 0 882
cpu 6 3230966 1 139516 25207028 61107 0 2401
cpu 9 3013534 2 129812 25444484 52039 0 486
cpu 8 3149152 81 138732 25262041 53564 0 9427
intel_hsw_cbo 1/7 20971793 20972340 20975390 20972852 17216919797988 758081035691 2564144805485 460011734611
intel_hsw_cbo 1/6 20971793 20972340 20975390 20972852 16502603820211 759473733502 2418391994221 460329804507
intel_hsw_cbo 1/0 20971793 20972340 20975390 20972852 15918256897202 757804859238 2233162723314 460161628896
intel_hsw_cbo 1/4 20971793 20972340 20975390 20972852 16235838150837 760445741998 2041986470237 460118259482
intel_hsw_cbo 1/3 20971793 20972340 20975390 20972852 18867221449157 758588599153 2840218971403 460190522584
intel_hsw_cbo 1/1 20971793 20972340 20975390 20972852 16107372529981 759473951084 2352047326733 460109812360
intel_hsw_cbo 0/8 20971793 20972340 20975390 20972852 15135632710629 702362262955 2129810941700 427392946252
intel_hsw_cbo 0/9 20971793 20972340 20975390 20972852 16777177166631 701041166945 2727480809547 427453545063
intel_hsw_cbo 0/6 20971793 20972340 20975390 20972852 16688995732397 756544489014 2243600651235 462746242393
intel_hsw_cbo 0/7 20971793 20972340 20975390 20972852 18074081824514 756390206120 2427999031764 462620078169
intel_hsw_cbo 0/4 20971793 20972340 20975390 20972852 16447000481646 757857267352 2058762184831 462784812953
intel_hsw_cbo 0/5 20971793 20972340 20975390 20972852 20091319011761 753582915607 2449454270699 462940033782
intel_hsw_cbo 0/2 20971793 20972340 20975390 20972852 15996497766932 755779834899 2012130297247 462533930215
intel_hsw_cbo 0/3 20971793 20972340 20975390 20972852 20773053638018 755626817953 2747660899645 462639157706
intel_hsw_cbo 0/0 20971793 20972340 20975390 20972852 16395825461507 755846250320 2244765557968 463080630615
intel_hsw_cbo 0/1 20971793 20972340 20975390 20972852 16806494856342 756815098679 2198565258107 462825032733
intel_hsw_cbo 1/9 20971793 20972340 20975390 20972852 16472189973456 703683615790 2889739928893 425330065922
intel_hsw_cbo 1/5 20971793 20972340 20975390 20972852 18242438364245 756221679862 2550732726924 460561037604
intel_hsw_cbo 1/8 20971793 20972340 20975390 20972852 14880398152386 704730673830 2293226154771 425366470814
intel_hsw_cbo 1/2 20971793 20972340 20975390 20972852 15598881760603 758191822653 1979028985431 460265316535
intel_hsw_hau ff/12.5 20972289 20974593 20971520 20975386 6177607581018 1750851416710 107304785693188 1754818562541
intel_hsw_hau 7f/12.1 20972289 20974593 20971520 20975386 5037805283734 1611344146273 100835248221996 1616380681290
intel_hsw_hau ff/12.1 20972289 20974593 20971520 20975386 7037398124402 2232889502020 107304785693589 2239323014201
intel_hsw_hau 7f/12.5 20972289 20974593 20971520 20975386 4723536359505 1483338396576 100835249311195 1486823132060
intel_hsw_imc ff/14.1 20972292 20974596 20974337 20971778 3074789634600 880256651345 3147587609945 1747073327940 0
intel_hsw_imc ff/14.0 20972292 20974596 20974337 20971778 3942690609494 1367525587803 3488801398149 1517152115475 0
intel_hsw_imc 7f/17.1 20972292 20974596 20974337 20971778 2355027178630 746000807707 2477719640041 1336438371460 0
intel_hsw_imc 7f/17.0 20972292 20974596 20974337 20971778 2353517250728 745930033877 2476923301012 1343994757615 0
intel_hsw_imc 7f/14.0 20972292 20974596 20974337 20971778 2668577242126 877944912284 2569683438514 1080816759393 0
intel_hsw_imc 7f/14.1 20972292 20974596 20974337 20971778 2350563492772 745892264477 2460162381931 1325189960517 0
intel_hsw_imc ff/17.0 20972292 20974596 20974337 20971778 3077523264186 880373753975 3171784383311 1772639003967 0
intel_hsw_imc ff/17.1 20972292 20974596 20974337 20971778 3078579163692 880271919633 3170366934679 1759711511621 0
intel_hsw_qpi ff/08.2 6291712 6292480 6293506 6292483 3872703596634 2715775989117 10673995497224 0
intel_hsw_qpi 7f/08.2 6291712 6292480 6293506 6292483 2712846048821 3876086204437 13752365731582 0
intel_hsw_qpi 7f/09.2 6291712 6292480 6293506 6292483 2713518082831 3875873772496 12566624166160 0
intel_hsw_qpi ff/09.2 6291712 6292480 6293506 6292483 3872726342117 2715271046521 11696344178928 0
intel_hsw_r2pci 7f/10.1 20972580 20975369 20975367 20975368 4712109674 24992048134035 26982661621445 31596017443300
intel_hsw_r2pci ff/10.1 20972580 20975369 20975367 20975368 47186794 23525869657335 26273740733958 29852164789477
mem 1 82566752 31493172 51073580 11377512 38957272 92 0 50254392 12973996 80416 37304 0 0 433288 0 0 0
mem 0 82341048 13822484 68518564 16698840 49874264 124 0 66116012 33871416 460192 108600 0 0 615324 24576 0 0
net vnet23 0 0 8311157 0 0 0 0 0 0 0 0 0 65730 0 496072479 0 0 0 0 0 0 91405 0
net enp6s0f0 0 0 0 0 0 0 0 0 0 0 0 0 0 0 6606 0 0 0 0 0 0 93 0
net vnet21 0 0 11160888 0 0 0 0 0 0 0 0 0 77662 0 1150512668 0 0 0 0 0 0 132709 0
net vnet46 0 0 121029 0 0 0 0 0 0 0 0 0 508 0 63666 0 0 0 0 0 0 536 0
net vnet20 0 0 11513166 0 0 0 0 0 0 0 0 0 81584 0 1150520111 0 0 0 0 0 0 135832 0
net enp1s0f0 0 1332229 78053115379 0 0 0 0 371 0 0 371 0 81217224 0 1598698986 0 0 0 0 0 0 9066687 0
net lo 0 0 60735072 0 0 0 0 0 0 0 0 0 483198 0 60735072 0 0 0 0 0 0 483198 0
net vnet24 0 0 583459 0 0 0 0 0 0 0 0 0 7108 0 80661367 0 0 0 0 0 0 19660 0
net vnet38 0 0 438643 0 0 0 0 0 0 0 0 0 4173 0 64695470 0 0 0 0 0 0 8523 0
net virbr0 0 1345 376479446 0 0 0 0 0 0 0 0 0 5004182 0 70467578655 0 0 0 0 0 0 7228766 0
numa 1 2585646308 18927329 1008175 29040 1605553885 998585922
numa 0 2111979482 1008175 18927329 28452 1142959183 969769241
ps - 848492697 1550258 299 301 312 5 781
sysv_shm - 0 0
tmpfs /run/lock 0 6
tmpfs /run 2228224 1149
tmpfs /run/user/20029 4096 44
tmpfs /run/qemu 0 1
tmpfs /dev/shm 75714621440 271244
vfs - 298222 123345 308082
vm - 12 31085587 1311876096 520825 2496526 4712599086 4726092441 99540215 21837040 4416594560 78778 0 0 0 0 0 2714357 0 1121522 2855 0 2497875 96 0 34 0 0

1764551798.776668 0 node12.dhkim-278716.ldos-ut-pg0.wisc.cloudlab.us
block sda 510410 408422 62156167 9430076 5557358 14742360 2623752409 238865845 0 17180200 252428887
block sdb 2615 0 7504 3511 4 0 0 0 0 4252 3512
block sdc 995 0 7996 261 4 0 0 0 0 960 262
cpu 11 3368217 2 178570 24837249 167026 0 2092
cpu 10 3504622 13 159706 24786244 111318 0 1083
cpu 13 3207838 0 136370 25149594 55862 0 309
cpu 12 3270820 2 152604 25028429 100749 0 812
cpu 15 2954731 0 143868 25371006 74230 0 589
cpu 14 2918748 1 134976 25439269 51912 0 262
cpu 17 3048633 10 139710 25288500 67788 0 404
cpu 16 3006964 0 161290 25226899 145172 0 1478
cpu 19 3028831 0 165488 25222371 122796 0 1146
cpu 18 3155483 2 143278 25194274 52547 0 368
cpu 1 3377646 12 186809 24995158 62165 0 3062
cpu 0 3347796 2 169997 24968073 63964 0 968
cpu 3 3133314 2 188656 25250869 61883 0 1817
cpu 2 3037170 1 207315 25303000 84089 0 1228
cpu 5 2926676 0 152223 25464395 90809 0 3087
cpu 4 2843806 1 177797 25434030 170195 0 7313
cpu 7 3459996 0 149919 24982681 48627 0 882
cpu 6 3231019 1 139516 25207076 61107 0 2401
cpu 9 3013534 2 129812 25444587 52039 0 486
cpu 8 3149152 81 138732 25262143 53564 0 9427
intel_hsw_cbo 1/7 20971793 20972340 20975390 20972852 17216920801739 758081334340 2564144906289 460011833125
intel_hsw_cbo 1/6 20971793 20972340 20975390 20972852 16502604893393 759474024032 2418392150755 460329902883
intel_hsw_cbo 1/0 20971793 20972340 20975390 20972852 15918258001523 757805156626 2233163175234 460161727409
intel_hsw_cbo 1/4 20971793 20972340 20975390 20972852 16235839263583 760446044368 2041986851455 460118357999
intel_hsw_cbo 1/3 20971793 20972340 20975390 20972852 18867222578991 758588893836 2840219126491 460190620266
intel_hsw_cbo 1/1 20971793 20972340 20975390 20972852 16107373565625 759474249558 2352047564740 460109910413
intel_hsw_cbo 0/8 20971793 20972340 20975390 20972852 15135668124617 702371794750 2129816589736 427395769525
intel_hsw_cbo 0/9 20971793 20972340 20975390 20972852 16777212552090 701050676512 2727484069193 427456369995
intel_hsw_cbo 0/6 20971793 20972340 20975390 20972852 16689033473043 756554717700 2243606190622 462749305889
intel_hsw_cbo 0/7 20971793 20972340 20975390 20972852 18074119779979 756400458934 2428001393422 462623186969
intel_hsw_cbo 0/4 20971793 20972340 20975390 20972852 16447040162506 757867639921 2058767744501 462787860439
intel_hsw_cbo 0/5 20971793 20972340 20975390 20972852 20091357818733 753593166887 2449456942523 462943106845
intel_hsw_cbo 0/2 20971793 20972340 20975390 20972852 15996535315523 755790129379 2012135892150 462536991553
intel_hsw_cbo 0/3 20971793 20972340 20975390 20972852 20773091994721 755637019732 2747664744141 462642236488
intel_hsw_cbo 0/0 20971793 20972340 20975390 20972852 16395866583368 755856693144 2244770966754 463083718285
intel_hsw_cbo 0/1 20971793 20972340 20975390 20972852 16806534330522 756825436056 2198570995102 462828091138
intel_hsw_cbo 1/9 20971793 20972340 20975390 20972852 16472191081254 703683884556 2889740085490 425330159415
intel_hsw_cbo 1/5 20971793 20972340 20975390 20972852 18242439459211 756221973643 2550732829014 460561135064
intel_hsw_cbo 1/8 20971793 20972340 20975390 20972852 14880399255253 704730947959 2293226356285 425366563602
intel_hsw_cbo 1/2 20971793 20972340 20975390 20972852 15598882814014 758192119427 1979029407988 460265414885
intel_hsw_hau ff/12.5 20972289 20974593 20971520 20975386 6177608186236 1750851560389 107307775306462 1754818711480
intel_hsw_hau 7f/12.1 20972289 20974593 20971520 20975386 5037815983279 1611349825535 100838340926524 1616386374283
intel_hsw_hau ff/12.1 20972289 20974593 20971520 20975386 7037399552364 2232889917254 107307775307097 2239323443527
intel_hsw_hau 7f/12.5 20972289 20974593 20971520 20975386 4723543555175 1483342008548 100838342015837 1486826744825
intel_hsw_imc ff/14.1 20972292 20974596 20974337 20971778 3074789934901 880256725095 3147587743631 1747073342632 0
intel_hsw_imc ff/14.0 20972292 20974596 20974337 20971778 3942691748084 1367525958826 3488801698988 1517152165651 0
intel_hsw_imc 7f/17.1 20972292 20974596 20974337 20971778 2355030779638 746002613481 2477723753792 1336438901896 0
intel_hsw_imc 7f/17.0 20972292 20974596 20974337 20971778 2353520900477 745931895028 2476927467325 1343995293353 0
intel_hsw_imc 7f/14.0 20972292 20974596 20974337 20971778 2668584337137 877948801855 2569690641313 1080817657529 0
intel_hsw_imc 7f/14.1 20972292 20974596 20974337 20971778 2350567172779 745894148146 2460166576795 1325190498525 0
intel_hsw_imc ff/17.0 20972292 20974596 20974337 20971778 3077523565193 880373828292 3171784518805 1772639018866 0
intel_hsw_imc ff/17.1 20972292 20974596 20974337 20971778 3078579476808 880272004993 3170367082165 1759711526914 0
intel_hsw_qpi ff/08.2 6291712 6292480 6293506 6292483 3872704721880 2715785711388 10673996948224 0
intel_hsw_qpi 7f/08.2 6291712 6292480 6293506 6292483 2712855765314 3876087329526 13752366611262 0
intel_hsw_qpi 7f/09.2 6291712 6292480 6293506 6292483 2713527804865 3875874897802 12566624926888 0
intel_hsw_qpi ff/09.2 6291712 6292480 6293506 6292483 3872727467073 2715280763595 11696346205816 0
intel_hsw_r2pci 7f/10.1 20972580 20975369 20975367 20975368 4712115532 24992145890149 26982735550416 31596119521218
intel_hsw_r2pci ff/10.1 20972580 20975369 20975367 20975368 47186944 23525877794588 26273769961342 29852196098337
mem 1 82566752 31492148 51074604 11377520 38959520 112 0 50254400 12975300 82732 37676 0 0 433288 0 0 0
mem 0 82341048 13822736 68518312 16698840 49874264 136 0 66116024 33871500 460192 108600 0 0 615348 24576 0 0
net vnet23 0 0 8311157 0 0 0 0 0 0 0 0 0 65730 0 496072531 0 0 0 0 0 0 91406 0
net enp6s0f0 0 0 0 0 0 0 0 0 0 0 0 0 0 0 6606 0 0 0 0 0 0 93 0
net vnet21 0 0 11160888 0 0 0 0 0 0 0 0 0 77662 0 1150512720 0 0 0 0 0 0 132710 0
net vnet46 0 0 121029 0 0 0 0 0 0 0 0 0 508 0 63718 0 0 0 0 0 0 537 0
net vnet20 0 0 11513166 0 0 0 0 0 0 0 0 0 81584 0 1150520163 0 0 0 0 0 0 135833 0
net enp1s0f0 0 1332233 78053121065 0 0 0 0 371 0 0 371 0 81217310 0 1598699969 0 0 0 0 0 0 9066695 0
net lo 0 0 60735617 0 0 0 0 0 0 0 0 0 483202 0 60735617 0 0 0 0 0 0 483202 0
net vnet24 0 0 583459 0 0 0 0 0 0 0 0 0 7108 0 80661419 0 0 0 0 0 0 19661 0
net vnet38 0 0 438643 0 0 0 0 0 0 0 0 0 4173 0 64695522 0 0 0 0 0 0 8524 0
net virbr0 0 1345 376479446 0 0 0 0 0 0 0 0 0 5004182 0 70467578655 0 0 0 0 0 0 7228766 0
numa 1 2585648257 18927329 1008175 29040 1605555834 998585922
numa 0 2111979974 1008175 18927329 28452 1142959675 969769241
ps - 848503136 1550271 299 301 312 2 783
sysv_shm - 0 0
tmpfs /run/lock 0 6
tmpfs /run 2228224 1149
tmpfs /run/user/20029 4096 44
tmpfs /run/qemu 0 1
tmpfs /dev/shm 75714633728 271245
vfs - 298229 123345 308091
vm - 12 31085587 1311876204 520825 2496526 4712601526 4726094338 99540224 21837040 4416597540 78778 0 0 0 0 0 2714357 0 1121522 2855 0 2497875 96 0 34 0 0

1764551799.808106 0 node12.dhkim-278716.ldos-ut-pg0.wisc.cloudlab.us
block sda 510410 408422 62156167 9430076 5557415 14742360 2623752889 238866395 2 17180260 252429438
block sdb 2615 0 7504 3511 4 0 0 0 0 4252 3512
block sdc 995 0 7996 261 4 0 0 0 0 960 262
cpu 11 3368217 2 178570 24837350 167026 0 2092
cpu 10 3504623 13 159706 24786345 111318 0 1083
cpu 13 3207838 0 136370 25149696 55862 0 309
cpu 12 3270821 2 152606 25028531 100749 0 812
cpu 15 2954731 0 143868 25371108 74230 0 589
cpu 14 2918748 1 134976 25439371 51912 0 262
cpu 17 3048634 10 139710 25288602 67788 0 404
cpu 16 3006964 0 161290 25226997 145175 0 1478
cpu 19 3028832 0 165489 25222472 122796 0 1146
cpu 18 3155483 2 143278 25194376 52547 0 368
cpu 1 3377651 12 186809 24995253 62165 0 3062
cpu 0 3347800 2 169998 24968170 63964 0 968
cpu 3 3133416 2 188656 25250869 61883 0 1817
cpu 2 3037196 1 207316 25303076 84089 0 1228
cpu 5 2926682 0 152224 25464491 90809 0 3087
cpu 4 2843815 1 177798 25434122 170195 0 7314
cpu 7 3460014 0 149919 24982765 48627 0 882
cpu 6 3231019 1 139516 25207178 61107 0 2401
cpu 9 3013534 2 129812 25444690 52039 0 486
cpu 8 3149152 81 138733 25262246 53564 0 9427
intel_hsw_cbo 1/7 20971793 20972340 20975390 20972852 17216921786489 758081613697 2564145069911 460011924767
intel_hsw_cbo 1/6 20971793 20972340 20975390 20972852 16502605861960 759474296807 2418392266310 460329993911
intel_hsw_cbo 1/0 20971793 20972340 20975390 20972852 15918258934553 757805433731 2233163880111 460161817420
intel_hsw_cbo 1/4 20971793 20972340 20975390 20972852 16235840278364 760446326928 2041987494618 460118448909
intel_hsw_cbo 1/3 20971793 20972340 20975390 20972852 18867223705036 758589169776 2840219365752 460190710708
intel_hsw_cbo 1/1 20971793 20972340 20975390 20972852 16107374511974 759474529906 2352047818748 460110001299
intel_hsw_cbo 0/8 20971793 20972340 20975390 20972852 15135679519846 702374021209 2129821045609 427397101919
intel_hsw_cbo 0/9 20971793 20972340 20975390 20972852 16777225241580 701052879714 2727484914490 427457723935
intel_hsw_cbo 0/6 20971793 20972340 20975390 20972852 16689043709681 756557127810 2243611110738 462750802171
intel_hsw_cbo 0/7 20971793 20972340 20975390 20972852 18074130321894 756402872627 2428001662631 462624688939
intel_hsw_cbo 0/4 20971793 20972340 20975390 20972852 16447052737885 757870097620 2058769296196 462789347052
intel_hsw_cbo 0/5 20971793 20972340 20975390 20972852 20091368586283 753595610180 2449457243928 462944605612
intel_hsw_cbo 0/2 20971793 20972340 20975390 20972852 15996546215741 755792537389 2012136924412 462538474466
intel_hsw_cbo 0/3 20971793 20972340 20975390 20972852 20773101595612 755639449157 2747665634644 462643736688
intel_hsw_cbo 0/0 20971793 20972340 20975390 20972852 16395877893542 755859187421 2244771488847 463085206657
intel_hsw_cbo 0/1 20971793 20972340 20975390 20972852 16806545878445 756827813122 2198574961233 462829571739
intel_hsw_cbo 1/9 20971793 20972340 20975390 20972852 16472192077346 703684137754 2889740336267 425330245076
intel_hsw_cbo 1/5 20971793 20972340 20975390 20972852 18242440412495 756222247443 2550732986960 460561225645
intel_hsw_cbo 1/8 20971793 20972340 20975390 20972852 14880400211680 704731205929 2293226536108 425366649949
intel_hsw_cbo 1/2 20971793 20972340 20975390 20972852 15598883783733 758192398772 1979030126907 460265505917
intel_hsw_hau ff/12.5 20972289 20974593 20971520 20975386 6177608766524 1750851679730 107310757467121 1754818837197
intel_hsw_hau 7f/12.1 20972289 20974593 20971520 20975386 5037821090062 1611353078631 100841425964926 1616389638760
intel_hsw_hau ff/12.1 20972289 20974593 20971520 20975386 7037400925748 2232890291696 107310757480668 2239323831049
intel_hsw_hau 7f/12.5 20972289 20974593 20971520 20975386 4723546673183 1483343895651 100841427036499 1486828633422
intel_hsw_imc ff/14.1 20972292 20974596 20974337 20971778 3074790222047 880256787327 3147587851854 1747073355385 0
intel_hsw_imc ff/14.0 20972292 20974596 20974337 20971778 3942692843541 1367526298703 3488801947468 1517152209062 0
intel_hsw_imc 7f/17.1 20972292 20974596 20974337 20971778 2355032338437 746003557797 2477725240745 1336439159886 0
intel_hsw_imc 7f/17.0 20972292 20974596 20974337 20971778 2353522512962 745932893508 2476929007934 1343995552851 0
intel_hsw_imc 7f/14.0 20972292 20974596 20974337 20971778 2668587881258 877951121178 2569693540679 1080818161357 0
intel_hsw_imc 7f/14.1 20972292 20974596 20974337 20971778 2350568808389 745895170325 2460168140954 1325190758062 0
intel_hsw_imc ff/17.0 20972292 20974596 20974337 20971778 3077523852694 880373891193 3171784628406 1772639031630 0
intel_hsw_imc ff/17.1 20972292 20974596 20974337 20971778 3078579776680 880272077983 3170367203186 1759711540090 0
intel_hsw_qpi ff/08.2 6291712 6292480 6293506 6292483 3872705811072 2715790748086 10673998332456 0
intel_hsw_qpi 7f/08.2 6291712 6292480 6293506 6292483 2712860801755 3876088418867 13752367475006 0
intel_hsw_qpi 7f/09.2 6291712 6292480 6293506 6292483 2713532841685 3875875987032 12566625700856 0
intel_hsw_qpi ff/09.2 6291712 6292480 6293506 6292483 3872728556366 2715285799625 11696348123432 0
intel_hsw_r2pci 7f/10.1 20972580 20975369 20975367 20975368 4712122540 24992191034444 26982786852535 31596172186532
intel_hsw_r2pci ff/10.1 20972580 20975369 20975367 20975368 47187136 23525884817378 26273787151920 29852215405242
mem 1 82566752 31491904 51074848 11377516 38959428 44 0 50254408 12975300 82636 37636 0 0 433288 0 0 0
mem 0 82341048 13821252 68519796 16698876 49874672 4 0 66116024 33871500 460636 108600 0 0 615348 24576 0 0
net vnet23 0 0 8311157 0 0 0 0 0 0 0 0 0 65730 0 496072531 0 0 0 0 0 0 91406 0
net enp6s0f0 0 0 0 0 0 0 0 0 0 0 0 0 0 0 6606 0 0 0 0 0 0 93 0
net vnet21 0 0 11160888 0 0 0 0 0 0 0 0 0 77662 0 1150512720 0 0 0 0 0 0 132710 0
net vnet46 0 0 121029 0 0 0 0 0 0 0 0 0 508 0 63718 0 0 0 0 0 0 537 0
net vnet20 0 0 11513166 0 0 0 0 0 0 0 0 0 81584 0 1150520163 0 0 0 0 0 0 135833 0
net enp1s0f0 0 1332238 78053127128 0 0 0 0 371 0 0 371 0 81217403 0 1598701882 0 0 0 0 0 0 9066701 0
net lo 0 0 60736162 0 0 0 0 0 0 0 0 0 483206 0 60736162 0 0 0 0 0 0 483206 0
net vnet24 0 0 583459 0 0 0 0 0 0 0 0 0 7108 0 80661419 0 0 0 0 0 0 19661 0
net vnet38 0 0 438643 0 0 0 0 0 0 0 0 0 4173 0 64695522 0 0 0 0 0 0 8524 0
net virbr0 0 1345 376479446 0 0 0 0 0 0 0 0 0 5004182 0 70467578655 0 0 0 0 0 0 7228766 0
numa 1 2585649530 18927329 1008175 29040 1605557107 998585922
numa 0 2111980552 1008175 18927329 28452 1142960253 969769241
ps - 848510020 1550282 299 301 312 2 780
sysv_shm - 0 0
tmpfs /run/lock 0 6
tmpfs /run 2228224 1149
tmpfs /run/user/20029 4096 44
tmpfs /run/qemu 0 1
tmpfs /dev/shm 75714633728 271245
vfs - 298229 123385 308079
vm - 12 31085627 1311876444 520825 2496526 4712603377 4726096174 99540224 21837040 4416599661 78780 0 0 0 0 0 2714357 0 1121522 2855 0 2497875 96 0 34 0 0

1764551800.840600 0 node12.dhkim-278716.ldos-ut-pg0.wisc.cloudlab.us
block sda 510414 408422 62156247 9430096 5557415 14742360 2623752889 238866395 0 17180272 252429458
block sdb 2615 0 7504 3511 4 0 0 0 0 4252 3512
block sdc 995 0 7996 261 4 0 0 0 0 960 262
cpu 11 3368218 2 178570 24837452 167026 0 2092
cpu 10 3504623 13 159706 24786446 111318 0 1083
cpu 13 3207839 0 136370 25149798 55862 0 309
cpu 12 3270822 2 152607 25028633 100749 0 812
cpu 15 2954732 0 143868 25371210 74230 0 589
cpu 14 2918749 1 134977 25439473 51912 0 262
cpu 17 3048634 10 139710 25288704 67788 0 404
cpu 16 3006965 0 161290 25227099 145175 0 1478
cpu 19 3028833 0 165489 25222574 122796 0 1146
cpu 18 3155483 2 143279 25194478 52547 0 368
cpu 1 3377666 12 186812 24995336 62165 0 3062
cpu 0 3347840 2 170004 24968226 63964 0 968
cpu 3 3133445 2 188657 25250940 61883 0 1817
cpu 2 3037209 1 207318 25303161 84089 0 1228
cpu 5 2926709 0 152225 25464564 90809 0 3087
cpu 4 2843847 1 177800 25434190 170195 0 7314
cpu 7 3460040 0 149923 24982836 48627 0 882
cpu 6 3231026 1 139518 25207272 61107 0 2401
cpu 9 3013535 2 129812 25444793 52039 0 486
cpu 8 3149152 81 138733 25262349 53564 0 9427
intel_hsw_cbo 1/7 20971793 20972340 20975390 20972852 17216922976331 758081912332 2564145153895 460012016481
intel_hsw_cbo 1/6 20971793 20972340 20975390 20972852 16502607022458 759474587926 2418392434215 460330085271
intel_hsw_cbo 1/0 20971793 20972340 20975390 20972852 15918260053626 757805729324 2233164133366 460161908767
intel_hsw_cbo 1/4 20971793 20972340 20975390 20972852 16235841477952 760446627573 2041987724324 460118539873
intel_hsw_cbo 1/3 20971793 20972340 20975390 20972852 18867225017853 758589464258 2840219491764 460190801562
intel_hsw_cbo 1/1 20971793 20972340 20975390 20972852 16107375655634 759474827016 2352048030509 460110092290
intel_hsw_cbo 0/8 20971793 20972340 20975390 20972852 15135689945211 702377123879 2129823575520 427398552561
intel_hsw_cbo 0/9 20971793 20972340 20975390 20972852 16777235511106 701055956734 2727486387842 427459156129
intel_hsw_cbo 0/6 20971793 20972340 20975390 20972852 16689053879599 756560439524 2243613649989 462752374728
intel_hsw_cbo 0/7 20971793 20972340 20975390 20972852 18074140033078 756406196139 2428002715981 462626227810
intel_hsw_cbo 0/4 20971793 20972340 20975390 20972852 16447063121083 757873478119 2058771780617 462790906411
intel_hsw_cbo 0/5 20971793 20972340 20975390 20972852 20091378623283 753598823138 2449458433017 462946137755
intel_hsw_cbo 0/2 20971793 20972340 20975390 20972852 15996556328687 755795876019 2012139294857 462540006236
intel_hsw_cbo 0/3 20971793 20972340 20975390 20972852 20773111776329 755642761367 2747667262120 462645314019
intel_hsw_cbo 0/0 20971793 20972340 20975390 20972852 16395888016212 755862498668 2244773959899 463086742096
intel_hsw_cbo 0/1 20971793 20972340 20975390 20972852 16806556101664 756831115434 2198577540438 462831122119
intel_hsw_cbo 1/9 20971793 20972340 20975390 20972852 16472193320626 703684407631 2889740458837 425330331793
intel_hsw_cbo 1/5 20971793 20972340 20975390 20972852 18242441665929 756222540070 2550733074833 460561316500
intel_hsw_cbo 1/8 20971793 20972340 20975390 20972852 14880401336589 704731481442 2293226722057 425366736013
intel_hsw_cbo 1/2 20971793 20972340 20975390 20972852 15598884885422 758192697098 1979030374859 460265597098
intel_hsw_hau ff/12.5 20972289 20974593 20971520 20975386 6177609325408 1750851793858 107313144662712 1754818957347
intel_hsw_hau 7f/12.1 20972289 20974593 20971520 20975386 5037824833445 1611355413805 100843909472132 1616391985579
intel_hsw_hau ff/12.1 20972289 20974593 20971520 20975386 7037402270091 2232890662819 107313144689485 2239324215615
intel_hsw_hau 7f/12.5 20972289 20974593 20971520 20975386 4723549263379 1483345503776 100843910534419 1486830242503
intel_hsw_imc ff/14.1 20972292 20974596 20974337 20971778 3074790500673 880256847183 3147587960413 1747073367370 0
intel_hsw_imc ff/14.0 20972292 20974596 20974337 20971778 3942693918476 1367526637642 3488802196899 1517152250495 0
intel_hsw_imc 7f/17.1 20972292 20974596 20974337 20971778 2355033633980 746004362597 2477726585587 1336439388838 0
intel_hsw_imc 7f/17.0 20972292 20974596 20974337 20971778 2353523861016 745933751070 2476930406684 1343995784674 0
intel_hsw_imc 7f/14.0 20972292 20974596 20974337 20971778 2668590325095 877952663372 2569695701914 1080818489679 0
intel_hsw_imc 7f/14.1 20972292 20974596 20974337 20971778 2350570180328 745896052712 2460169563803 1325190991280 0
intel_hsw_imc ff/17.0 20972292 20974596 20974337 20971778 3077524129441 880373950870 3171784736007 1772639043657 0
intel_hsw_imc ff/17.1 20972292 20974596 20974337 20971778 3078580066532 880272148368 3170367323184 1759711552415 0
intel_hsw_qpi ff/08.2 6291712 6292480 6293506 6292483 3872706894958 2715794387759 10673999868056 0
intel_hsw_qpi 7f/08.2 6291712 6292480 6293506 6292483 2712864438207 3876089502675 13752368259710 0
intel_hsw_qpi 7f/09.2 6291712 6292480 6293506 6292483 2713536480739 3875877070990 12566626409984 0
intel_hsw_qpi ff/09.2 6291712 6292480 6293506 6292483 3872729640076 2715289437319 11696350227040 0
intel_hsw_r2pci 7f/10.1 20972580 20975369 20975367 20975368 4712128492 24992235393375 26982819200666 31596214359776
intel_hsw_r2pci ff/10.1 20972580 20975369 20975367 20975368 47187382 23525892095927 26273800902647 29852231084186
mem 1 82566752 31491652 51075100 11377516 38960412 108 0 50254408 12975300 83640 37712 0 0 433288 0 0 0
mem 0 82341048 13820496 68520552 16698900 49874300 120 0 66116624 33872020 459764 108600 0 0 615380 24576 0 0
net vnet23 0 0 8311157 0 0 0 0 0 0 0 0 0 65730 0 496072583 0 0 0 0 0 0 91407 0
net enp6s0f0 0 0 0 0 0 0 0 0 0 0 0 0 0 0 6606 0 0 0 0 0 0 93 0
net vnet21 0 0 11160888 0 0 0 0 0 0 0 0 0 77662 0 1150512772 0 0 0 0 0 0 132711 0
net vnet46 0 0 121128 0 0 0 0 0 0 0 0 0 509 0 63886 0 0 0 0 0 0 539 0
net vnet20 0 0 11513166 0 0 0 0 0 0 0 0 0 81584 0 1150520215 0 0 0 0 0 0 135834 0
net enp1s0f0 0 1332243 78053132045 0 0 0 0 371 0 0 371 0 81217477 0 1598702617 0 0 0 0 0 0 9066706 0
net lo 0 0 60736707 0 0 0 0 0 0 0 0 0 483210 0 60736707 0 0 0 0 0 0 483210 0
net vnet24 0 0 583459 0 0 0 0 0 0 0 0 0 7108 0 80661471 0 0 0 0 0 0 19662 0
net vnet38 0 0 438643 0 0 0 0 0 0 0 0 0 4173 0 64695574 0 0 0 0 0 0 8525 0
net virbr0 0 1345 376479531 0 0 0 0 0 0 0 0 0 5004183 0 70467578771 0 0 0 0 0 0 7228767 0
numa 1 2585651191 18927329 1008175 29040 1605558768 998585922
numa 0 2111980862 1008175 18927329 28452 1142960563 969769241
ps - 848527100 1550293 299 301 312 4 780
sysv_shm - 0 0
tmpfs /run/lock 0 6
tmpfs /run 2228224 1149
tmpfs /run/user/20029 4096 44
tmpfs /run/qemu 0 1
tmpfs /dev/shm 75714678784 271252
vfs - 298236 123625 308089
vm - 12 31085627 1311876444 520825 2496526 4712605348 4726098014 99540226 21837040 4416601881 78780 0 0 0 0 0 2714357 0 1121522 2855 0 2497875 96 0 34 0 0

1764551801.872828 0 node12.dhkim-278716.ldos-ut-pg0.wisc.cloudlab.us
block sda 510414 408422 62156247 9430096 5557587 14742436 2623949417 238880620 2 17180920 252443683
block sdb 2615 0 7504 3511 4 0 0 0 0 4252 3512
block sdc 995 0 7996 261 4 0 0 0 0 960 262
cpu 11 3368219 2 178571 24837552 167026 0 2092
cpu 10 3504623 13 159706 24786548 111318 0 1083
cpu 13 3207839 0 136370 25149900 55862 0 309
cpu 12 3270824 2 152608 25028735 100749 0 812
cpu 15 2954732 0 143868 25371312 74230 0 589
cpu 14 2918749 1 134977 25439575 51912 0 262
cpu 17 3048634 10 139710 25288806 67788 0 404
cpu 16 3006966 0 161292 25227198 145176 0 1478
cpu 19 3028833 0 165489 25222676 122796 0 1146
cpu 18 3155483 2 143280 25194580 52547 0 368
cpu 1 3377702 12 186814 24995364 62201 0 3062
cpu 0 3347870 2 170004 24968258 64001 0 968
cpu 3 3133474 2 188658 25250994 61901 0 1817
cpu 2 3037260 1 207319 25303205 84096 0 1228
cpu 5 2926740 0 152227 25464600 90844 0 3087
cpu 4 2843863 1 177802 25434228 170241 0 7314
cpu 7 3460119 0 149925 24982841 48645 0 882
cpu 6 3231038 1 139518 25207319 61147 0 2401
cpu 9 3013535 2 129812 25444896 52039 0 486
cpu 8 3149152 81 138733 25262451 53564 0 9427
intel_hsw_cbo 1/7 20971793 20972340 20975390 20972852 17216924209462 758082208053 2564145276566 460012108145
intel_hsw_cbo 1/6 20971793 20972340 20975390 20972852 16502608135315 759474876120 2418392590692 460330176770
intel_hsw_cbo 1/0 20971793 20972340 20975390 20972852 15918261168179 757806021836 2233164541246 460161999688
intel_hsw_cbo 1/4 20971793 20972340 20975390 20972852 16235842689164 760446925404 2041988114902 460118630453
intel_hsw_cbo 1/3 20971793 20972340 20975390 20972852 18867226321915 758589756499 2840219698367 460190893276
intel_hsw_cbo 1/1 20971793 20972340 20975390 20972852 16107376762147 759475121996 2352048242708 460110182634
intel_hsw_cbo 0/8 20971793 20972340 20975390 20972852 15135709533802 702383475392 2129826088408 427401012505
intel_hsw_cbo 0/9 20971793 20972340 20975390 20972852 16777254918365 701062301663 2727489383040 427461562050
intel_hsw_cbo 0/6 20971793 20972340 20975390 20972852 16689073658378 756567292453 2243616323430 462755020626
intel_hsw_cbo 0/7 20971793 20972340 20975390 20972852 18074159723423 756413071087 2428005317508 462628836370
intel_hsw_cbo 0/4 20971793 20972340 20975390 20972852 16447083416509 757880377194 2058775492080 462793532586
intel_hsw_cbo 0/5 20971793 20972340 20975390 20972852 20091397777667 753605523721 2449461379095 462948737626
intel_hsw_cbo 0/2 20971793 20972340 20975390 20972852 15996576050619 755802759650 2012142897464 462542598800
intel_hsw_cbo 0/3 20971793 20972340 20975390 20972852 20773131933568 755649592758 2747670646312 462647964971
intel_hsw_cbo 0/0 20971793 20972340 20975390 20972852 16395907966809 755869332086 2244777706036 463089361906
intel_hsw_cbo 0/1 20971793 20972340 20975390 20972852 16806576214135 756837935017 2198580191252 462833745943
intel_hsw_cbo 1/9 20971793 20972340 20975390 20972852 16472194577959 703684675443 2889740629410 425330418299
intel_hsw_cbo 1/5 20971793 20972340 20975390 20972852 18242442892257 756222830253 2550733210956 460561406780
intel_hsw_cbo 1/8 20971793 20972340 20975390 20972852 14880402570463 704731753717 2293226902248 425366822918
intel_hsw_cbo 1/2 20971793 20972340 20975390 20972852 15598886022933 758192991794 1979030798043 460265689670
intel_hsw_hau ff/12.5 20972289 20974593 20971520 20975386 6177609926644 1750851926461 107315763532711 1754819095612
intel_hsw_hau 7f/12.1 20972289 20974593 20971520 20975386 5037832235154 1611359413913 100846631869844 1616395996908
intel_hsw_hau ff/12.1 20972289 20974593 20971520 20975386 7037403672204 2232891056921 107315763547206 2239324622274
intel_hsw_hau 7f/12.5 20972289 20974593 20971520 20975386 4723553852061 1483348162422 100846632943397 1486832901860
intel_hsw_imc ff/14.1 20972292 20974596 20974337 20971778 3074790799931 880256916002 3147588085116 1747073381411 0
intel_hsw_imc ff/14.0 20972292 20974596 20974337 20971778 3942695031515 1367526989705 3488802469182 1517152296229 0
intel_hsw_imc 7f/17.1 20972292 20974596 20974337 20971778 2355035929076 746005692638 2477729149883 1336439763757 0
intel_hsw_imc 7f/17.0 20972292 20974596 20974337 20971778 2353526212081 745935136499 2476933028768 1343996162986 0
intel_hsw_imc 7f/14.0 20972292 20974596 20974337 20971778 2668595435011 877955347077 2569700067196 1080819087338 0
intel_hsw_imc 7f/14.1 20972292 20974596 20974337 20971778 2350572557165 745897462362 2460172211466 1325191372406 0
intel_hsw_imc ff/17.0 20972292 20974596 20974337 20971778 3077524427790 880374019887 3171784860884 1772639058087 0
intel_hsw_imc ff/17.1 20972292 20974596 20974337 20971778 3078580377557 880272227474 3170367459607 1759711567271 0
intel_hsw_qpi ff/08.2 6291712 6292480 6293506 6292483 3872707995106 2715800678823 10674001307720 0
intel_hsw_qpi 7f/08.2 6291712 6292480 6293506 6292483 2712870726140 3876090603221 13752369160958 0
intel_hsw_qpi 7f/09.2 6291712 6292480 6293506 6292483 2713542772346 3875878171212 12566627202856 0
intel_hsw_qpi ff/09.2 6291712 6292480 6293506 6292483 3872730740598 2715295724099 11696352201720 0
intel_hsw_r2pci 7f/10.1 20972580 20975369 20975367 20975368 4712134980 24992321642339 26982879946866 31596286725748
intel_hsw_r2pci ff/10.1 20972580 20975369 20975367 20975368 47187530 23525899241892 26273821107664 29852253607246
mem 1 82566752 31491948 51074804 11377516 38959296 120 0 50254416 12975300 82424 37488 0 0 433280 0 0 0
mem 0 82341048 13818732 68522316 16698904 49876444 140 0 66117632 33873020 460992 108760 0 0 615384 24576 0 0
net vnet23 0 0 8311157 0 0 0 0 0 0 0 0 0 65730 0 496072583 0 0 0 0 0 0 91407 0
net enp6s0f0 0 0 0 0 0 0 0 0 0 0 0 0 0 0 6606 0 0 0 0 0 0 93 0
net vnet21 0 0 11160888 0 0 0 0 0 0 0 0 0 77662 0 1150512772 0 0 0 0 0 0 132711 0
net vnet46 0 0 121227 0 0 0 0 0 0 0 0 0 510 0 64002 0 0 0 0 0 0 540 0
net vnet20 0 0 11513166 0 0 0 0 0 0 0 0 0 81584 0 1150520215 0 0 0 0 0 0 135834 0
net enp1s0f0 0 1332247 78053137976 0 0 0 0 371 0 0 371 0 81217567 0 1598703430 0 0 0 0 0 0 9066712 0
net lo 0 0 60737252 0 0 0 0 0 0 0 0 0 483214 0 60737252 0 0 0 0 0 0 483214 0
net vnet24 0 0 583459 0 0 0 0 0 0 0 0 0 7108 0 80661471 0 0 0 0 0 0 19662 0
net vnet38 0 0 438643 0 0 0 0 0 0 0 0 0 4173 0 64695574 0 0 0 0 0 0 8525 0
net virbr0 0 1345 376479616 0 0 0 0 0 0 0 0 0 5004184 0 70467578887 0 0 0 0 0 0 7228768 0
numa 1 2585652540 18927329 1008175 29040 1605560117 998585922
numa 0 2111982152 1008175 18927329 28452 1142961853 969769241
ps - 848537430 1550322 299 301 312 4 798
sysv_shm - 0 0
tmpfs /run/lock 0 6
tmpfs /run 2228224 1149
tmpfs /run/user/20029 4096 44
tmpfs /run/qemu 0 1
tmpfs /dev/shm 75714686976 271252
vfs - 298236 123705 308089
vm - 12 31085627 1311974964 520825 2496526 4712607988 4726100190 99540227 21837040 4416604393 78780 0 0 0 0 0 2714357 0 1121522 2855 0 2497875 96 0 34 0 0

1764551802.905949 0 node12.dhkim-278716.ldos-ut-pg0.wisc.cloudlab.us
block sda 510414 408422 62156247 9430096 5557814 14742801 2624215697 238900286 0 17181856 252463378
block sdb 2615 0 7504 3511 4 0 0 0 0 4252 3512
block sdc 995 0 7996 261 4 0 0 0 0 960 262
cpu 11 3368219 2 178572 24837653 167026 0 2092
cpu 10 3504623 13 159706 24786650 111318 0 1083
cpu 13 3207839 0 136370 25150002 55862 0 309
cpu 12 3270826 2 152610 25028838 100749 0 812
cpu 15 2954733 0 143869 25371414 74230 0 589
cpu 14 2918749 1 134978 25439678 51912 0 262
cpu 17 3048634 10 139710 25288908 67788 0 404
cpu 16 3006966 0 161292 25227270 145206 0 1478
cpu 19 3028834 0 165490 25222778 122796 0 1146
cpu 18 3155484 2 143280 25194682 52547 0 368
cpu 1 3377721 12 186815 24995409 62239 0 3062
cpu 0 3347890 2 170006 24968296 64044 0 968
cpu 3 3133528 2 188658 25251025 61918 0 1817
cpu 2 3037343 1 207322 25303222 84096 0 1228
cpu 5 2926776 0 152228 25464633 90874 0 3087
cpu 4 2843893 1 177802 25434264 170278 0 7314
cpu 7 3460136 0 149926 24982897 48673 0 882
cpu 6 3231060 1 139519 25207387 61158 0 2401
cpu 9 3013535 2 129812 25444999 52039 0 486
cpu 8 3149152 81 138733 25262554 53564 0 9427
intel_hsw_cbo 1/7 20971793 20972340 20975390 20972852 17216925308072 758082493954 2564145436098 460012204191
intel_hsw_cbo 1/6 20971793 20972340 20975390 20972852 16502609152567 759475154077 2418392732342 460330271708
intel_hsw_cbo 1/0 20971793 20972340 20975390 20972852 15918262173060 757806306001 2233164727228 460162095099
intel_hsw_cbo 1/4 20971793 20972340 20975390 20972852 16235843709526 760447213771 2041988272105 460118725055
intel_hsw_cbo 1/3 20971793 20972340 20975390 20972852 18867227433052 758590038525 2840219881160 460190988200
intel_hsw_cbo 1/1 20971793 20972340 20975390 20972852 16107377709061 759475407863 2352048393148 460110277820
intel_hsw_cbo 0/8 20971793 20972340 20975390 20972852 15135728895755 702391669598 2129831426270 427403416287
intel_hsw_cbo 0/9 20971793 20972340 20975390 20972852 16777274413920 701070475783 2727492125640 427463921544
intel_hsw_cbo 0/6 20971793 20972340 20975390 20972852 16689094640510 756576063027 2243621886165 462757607477
intel_hsw_cbo 0/7 20971793 20972340 20975390 20972852 18074181716182 756421922729 2428007126006 462631394316
intel_hsw_cbo 0/4 20971793 20972340 20975390 20972852 16447105508907 757889334787 2058780846545 462796109168
intel_hsw_cbo 0/5 20971793 20972340 20975390 20972852 20091418464005 753614253327 2449463446930 462951290854
intel_hsw_cbo 0/2 20971793 20972340 20975390 20972852 15996598087805 755811607666 2012147792379 462545138421
intel_hsw_cbo 0/3 20971793 20972340 20975390 20972852 20773152771064 755658423686 2747673970556 462650557968
intel_hsw_cbo 0/0 20971793 20972340 20975390 20972852 16395929698765 755878199719 2244782496679 463091934169
intel_hsw_cbo 0/1 20971793 20972340 20975390 20972852 16806597364962 756846732521 2198585524998 462836328282
intel_hsw_cbo 1/9 20971793 20972340 20975390 20972852 16472195693774 703684933158 2889740804828 425330508284
intel_hsw_cbo 1/5 20971793 20972340 20975390 20972852 18242443937941 756223110903 2550733377977 460561501742
intel_hsw_cbo 1/8 20971793 20972340 20975390 20972852 14880403658666 704732015787 2293227040087 425366912424
intel_hsw_cbo 1/2 20971793 20972340 20975390 20972852 15598887002539 758193276490 1979030965760 460265785624
intel_hsw_hau ff/12.5 20972289 20974593 20971520 20975386 6177610506731 1750852051539 107318751998905 1754819225791
intel_hsw_hau 7f/12.1 20972289 20974593 20971520 20975386 5037843035644 1611365451771 100849722883206 1616402045646
intel_hsw_hau ff/12.1 20972289 20974593 20971520 20975386 7037405046010 2232891439776 107318752009640 2239325017663
intel_hsw_hau 7f/12.5 20972289 20974593 20971520 20975386 4723561129514 1483352187542 100849723962785 1486836927655
intel_hsw_imc ff/14.1 20972292 20974596 20974337 20971778 3074791088494 880256980765 3147588204459 1747073394564 0
intel_hsw_imc ff/14.0 20972292 20974596 20974337 20971778 3942696125422 1367527333763 3488802732385 1517152339714 0
intel_hsw_imc 7f/17.1 20972292 20974596 20974337 20971778 2355039569592 746007705013 2477733411866 1336440337456 0
intel_hsw_imc 7f/17.0 20972292 20974596 20974337 20971778 2353529906062 745937203574 2476937346590 1343996739346 0
intel_hsw_imc 7f/14.0 20972292 20974596 20974337 20971778 2668602591292 877959381657 2569707262411 1080820030244 0
intel_hsw_imc 7f/14.1 20972292 20974596 20974337 20971778 2350576275869 745899554002 2460176555745 1325191951744 0
intel_hsw_imc ff/17.0 20972292 20974596 20974337 20971778 3077524715755 880374084562 3171784980339 1772639071443 0
intel_hsw_imc ff/17.1 20972292 20974596 20974337 20971778 3078580676770 880272302398 3170367590187 1759711580928 0
intel_hsw_qpi ff/08.2 6291712 6292480 6293506 6292483 3872709087327 2715810887734 10674002738728 0
intel_hsw_qpi 7f/08.2 6291712 6292480 6293506 6292483 2712880928808 3876091695537 13752369981686 0
intel_hsw_qpi 7f/09.2 6291712 6292480 6293506 6292483 2713552980672 3875879263518 12566627928072 0
intel_hsw_qpi ff/09.2 6291712 6292480 6293506 6292483 3872731832861 2715305927755 11696354182504 0
intel_hsw_r2pci 7f/10.1 20972580 20975369 20975367 20975368 4712141612 24992431015476 26982970726660 31596374945605
intel_hsw_r2pci ff/10.1 20972580 20975369 20975367 20975368 47187688 23525906860000 26273851292379 29852285640421
mem 1 82566752 31492520 51074232 11377528 38960340 120 0 50254432 12975300 83488 37608 0 0 433280 0 0 0
mem 0 82341048 13818732 68522316 16698908 49875604 156 0 66117656 33873044 460132 108772 0 0 615404 24576 0 0
net vnet23 0 0 8311157 0 0 0 0 0 0 0 0 0 65730 0 496072635 0 0 0 0 0 0 91408 0
net enp6s0f0 0 0 0 0 0 0 0 0 0 0 0 0 0 0 6606 0 0 0 0 0 0 93 0
net vnet21 0 0 11160888 0 0 0 0 0 0 0 0 0 77662 0 1150512824 0 0 0 0 0 0 132712 0
net vnet46 0 0 121227 0 0 0 0 0 0 0 0 0 510 0 64054 0 0 0 0 0 0 541 0
net vnet20 0 0 11513166 0 0 0 0 0 0 0 0 0 81584 0 1150520267 0 0 0 0 0 0 135835 0
net enp1s0f0 0 1332254 78053143853 0 0 0 0 371 0 0 371 0 81217657 0 1598704165 0 0 0 0 0 0 9066717 0
net lo 0 0 60737797 0 0 0 0 0 0 0 0 0 483218 0 60737797 0 0 0 0 0 0 483218 0
net vnet24 0 0 583459 0 0 0 0 0 0 0 0 0 7108 0 80661523 0 0 0 0 0 0 19663 0
net vnet38 0 0 438643 0 0 0 0 0 0 0 0 0 4173 0 64695626 0 0 0 0 0 0 8526 0
net virbr0 0 1345 376479616 0 0 0 0 0 0 0 0 0 5004184 0 70467578887 0 0 0 0 0 0 7228768 0
numa 1 2585654209 18927329 1008175 29040 1605561786 998585922
numa 0 2111982698 1008175 18927329 28452 1142962399 969769241
ps - 848545656 1550333 299 301 312 5 798
sysv_shm - 0 0
tmpfs /run/lock 0 6
tmpfs /run 2228224 1149
tmpfs /run/user/20029 4096 44
tmpfs /run/qemu 0 1
tmpfs /dev/shm 75714686976 271252
vfs - 298236 123625 308089
vm - 12 31085627 1312107848 520825 2496526 4712610202 4726102411 99540228 21837040 4416606467 78780 0 0 0 0 0 2714357 0 1121522 2855 0 2497875 96 0 34 0 0

1764551803.940240 0 node12.dhkim-278716.ldos-ut-pg0.wisc.cloudlab.us
block sda 510414 408422 62156247 9430096 5557814 14742801 2624215697 238900286 0 17181856 252463378
block sdb 2615 0 7504 3511 4 0 0 0 0 4252 3512
block sdc 995 0 7996 261 4 0 0 0 0 960 262
cpu 11 3368220 2 178574 24837752 167026 0 2092
cpu 10 3504623 13 159706 24786752 111318 0 1083
cpu 13 3207840 0 136370 25150104 55862 0 309
cpu 12 3270827 2 152610 25028940 100749 0 812
cpu 15 2954733 0 143870 25371515 74230 0 589
cpu 14 2918749 1 134978 25439780 51912 0 262
cpu 17 3048634 10 139711 25289010 67788 0 404
cpu 16 3006967 0 161293 25227371 145206 0 1478
cpu 19 3028834 0 165490 25222880 122796 0 1146
cpu 18 3155486 2 143281 25194784 52547 0 368
cpu 1 3377767 12 186820 24995462 62239 0 3062
cpu 0 3347933 2 170008 24968357 64044 0 968
cpu 3 3133559 2 188659 25251095 61918 0 1817
cpu 2 3037401 1 207322 25303267 84096 0 1228
cpu 5 2926860 0 152228 25464653 90874 0 3087
cpu 4 2843923 1 177802 25434335 170278 0 7314
cpu 7 3460152 0 149928 24982981 48673 0 882
cpu 6 3231094 1 139522 25207453 61158 0 2401
cpu 9 3013535 2 129812 25445102 52039 0 486
cpu 8 3149153 81 138733 25262657 53564 0 9427
intel_hsw_cbo 1/7 20971793 20972340 20975390 20972852 17216926569625 758082800038 2564145622353 460012303956
intel_hsw_cbo 1/6 20971793 20972340 20975390 20972852 16502610311089 759475451653 2418392807145 460330369729
intel_hsw_cbo 1/0 20971793 20972340 20975390 20972852 15918263372100 757806609280 2233165352484 460162193127
intel_hsw_cbo 1/4 20971793 20972340 20975390 20972852 16235844912696 760447524294 2041988869687 460118823010
intel_hsw_cbo 1/3 20971793 20972340 20975390 20972852 18867228793444 758590339758 2840220139241 460191086894
intel_hsw_cbo 1/1 20971793 20972340 20975390 20972852 16107378871202 759475713371 2352048584109 460110376814
intel_hsw_cbo 0/8 20971793 20972340 20975390 20972852 15135752775914 702402439474 2129838318628 427405999151
intel_hsw_cbo 0/9 20971793 20972340 20975390 20972852 16777297989569 701081194433 2727494901706 427466483203
intel_hsw_cbo 0/6 20971793 20972340 20975390 20972852 16689119852086 756587511115 2243628360393 462760412085
intel_hsw_cbo 0/7 20971793 20972340 20975390 20972852 18074207093302 756433478922 2428008797001 462634207008
intel_hsw_cbo 0/4 20971793 20972340 20975390 20972852 16447131109381 757900925266 2058785632055 462798895414
intel_hsw_cbo 0/5 20971793 20972340 20975390 20972852 20091443884206 753625726919 2449465349251 462954079306
intel_hsw_cbo 0/2 20971793 20972340 20975390 20972852 15996623477641 755823146308 2012152484578 462547935477
intel_hsw_cbo 0/3 20971793 20972340 20975390 20972852 20773178636752 755669893339 2747677223681 462653355513
intel_hsw_cbo 0/0 20971793 20972340 20975390 20972852 16395955017391 755889705289 2244787515264 463094718281
intel_hsw_cbo 0/1 20971793 20972340 20975390 20972852 16806622675866 756858158643 2198592871638 462839112978
intel_hsw_cbo 1/9 20971793 20972340 20975390 20972852 16472196979182 703685208189 2889741067488 425330601208
intel_hsw_cbo 1/5 20971793 20972340 20975390 20972852 18242445177379 756223410285 2550733561461 460561600072
intel_hsw_cbo 1/8 20971793 20972340 20975390 20972852 14880404913441 704732296261 2293227166870 425367005923
intel_hsw_cbo 1/2 20971793 20972340 20975390 20972852 15598888162896 758193580937 1979031634900 460265885054
intel_hsw_hau ff/12.5 20972289 20974593 20971520 20975386 6177611116581 1750852190630 107321747019809 1754819369334
intel_hsw_hau 7f/12.1 20972289 20974593 20971520 20975386 5037855099813 1611371704007 100852821106614 1616408310262
intel_hsw_hau ff/12.1 20972289 20974593 20971520 20975386 7037406476163 2232891883159 107321747006500 2239325473566
intel_hsw_hau 7f/12.5 20972289 20974593 20971520 20975386 4723569053322 1483356422743 100852822209765 1486841163540
intel_hsw_imc ff/14.1 20972292 20974596 20974337 20971778 3074791391907 880257052266 3147588336181 1747073409281 0
intel_hsw_imc ff/14.0 20972292 20974596 20974337 20971778 3942697263493 1367527733064 3488803025872 1517152388432 0
intel_hsw_imc 7f/17.1 20972292 20974596 20974337 20971778 2355043541135 746009817998 2477737928318 1336440952476 0
intel_hsw_imc 7f/17.0 20972292 20974596 20974337 20971778 2353533931238 745939371247 2476941919336 1343997358598 0
intel_hsw_imc 7f/14.0 20972292 20974596 20974337 20971778 2668610709165 877963516764 2569715024045 1080821006719 0
intel_hsw_imc 7f/14.1 20972292 20974596 20974337 20971778 2350580328640 745901746010 2460181154196 1325192573709 0
intel_hsw_imc ff/17.0 20972292 20974596 20974337 20971778 3077525020178 880374156386 3171785113746 1772639086373 0
intel_hsw_imc ff/17.1 20972292 20974596 20974337 20971778 3078580991509 880272384555 3170367734086 1759711596035 0
intel_hsw_qpi ff/08.2 6291712 6292480 6293506 6292483 3872710235253 2715821473502 10674004323752 0
intel_hsw_qpi 7f/08.2 6291712 6292480 6293506 6292483 2712891507232 3876092844967 13752370836326 0
intel_hsw_qpi 7f/09.2 6291712 6292480 6293506 6292483 2713563566692 3875880411536 12566628674968 0
intel_hsw_qpi ff/09.2 6291712 6292480 6293506 6292483 3872732982184 2715316505818 11696356361128 0
intel_hsw_r2pci 7f/10.1 20972580 20975369 20975367 20975368 4712147144 24992537536452 26983057280163 31596464205806
intel_hsw_r2pci ff/10.1 20972580 20975369 20975367 20975368 47187840 23525914908280 26273883004962 29852319474281
mem 1 82566752 31492016 51074736 11377528 38960084 128 0 50254436 12975300 83220 37384 0 0 433260 0 0 0
mem 0 82341048 13818984 68522064 16698908 49875592 180 0 66117660 33873044 460132 108788 0 0 615404 24576 0 0
net vnet23 0 0 8311157 0 0 0 0 0 0 0 0 0 65730 0 496072635 0 0 0 0 0 0 91408 0
net enp6s0f0 0 0 0 0 0 0 0 0 0 0 0 0 0 0 6606 0 0 0 0 0 0 93 0
net vnet21 0 0 11160888 0 0 0 0 0 0 0 0 0 77662 0 1150512824 0 0 0 0 0 0 132712 0
net vnet46 0 0 121227 0 0 0 0 0 0 0 0 0 510 0 64054 0 0 0 0 0 0 541 0
net vnet20 0 0 11513166 0 0 0 0 0 0 0 0 0 81584 0 1150520267 0 0 0 0 0 0 135835 0
net enp1s0f0 0 1332259 78053149504 0 0 0 0 371 0 0 371 0 81217743 0 1598704954 0 0 0 0 0 0 9066723 0
net lo 0 0 60738342 0 0 0 0 0 0 0 0 0 483222 0 60738342 0 0 0 0 0 0 483222 0
net vnet24 0 0 583459 0 0 0 0 0 0 0 0 0 7108 0 80661523 0 0 0 0 0 0 19663 0
net vnet38 0 0 438643 0 0 0 0 0 0 0 0 0 4173 0 64695626 0 0 0 0 0 0 8526 0
net virbr0 0 1345 376479616 0 0 0 0 0 0 0 0 0 5004184 0 70467578887 0 0 0 0 0 0 7228768 0
numa 1 2585655938 18927329 1008175 29040 1605563515 998585922
numa 0 2111982896 1008175 18927329 28452 1142962597 969769241
ps - 848555849 1550345 299 301 312 6 798
sysv_shm - 0 0
tmpfs /run/lock 0 6
tmpfs /run 2228224 1149
tmpfs /run/user/20029 4096 44
tmpfs /run/qemu 0 1
tmpfs /dev/shm 75714740224 271259
vfs - 298243 123665 308099
vm - 12 31085627 1312107848 520825 2496526 4712612129 4726104325 99540228 21837040 4416608714 78780 0 0 0 0 0 2714357 0 1121522 2855 0 2497875 96 0 34 0 0

1764551804.975456 0 node12.dhkim-278716.ldos-ut-pg0.wisc.cloudlab.us
block sda 510414 408422 62156247 9430096 5557892 14742815 2624217385 238900753 0 17181984 252463894
block sdb 2615 0 7504 3511 4 0 0 0 0 4252 3512
block sdc 995 0 7996 261 4 0 0 0 0 960 262
cpu 11 3368220 2 178574 24837853 167026 0 2092
cpu 10 3504623 13 159706 24786854 111318 0 1083
cpu 13 3207840 0 136370 25150206 55862 0 309
cpu 12 3270827 2 152610 25029042 100749 0 812
cpu 15 2954734 0 143871 25371617 74230 0 589
cpu 14 2918749 1 134979 25439882 51912 0 262
cpu 17 3048634 10 139712 25289112 67788 0 404
cpu 16 3006967 0 161293 25227468 145211 0 1478
cpu 19 3028834 0 165491 25222983 122796 0 1146
cpu 18 3155487 2 143282 25194887 52547 0 368
cpu 1 3377786 12 186821 24995542 62239 0 3062
cpu 0 3347994 2 170010 24968397 64044 0 968
cpu 3 3133588 2 188662 25251169 61918 0 1817
cpu 2 3037420 1 207323 25303348 84096 0 1228
cpu 5 2926902 0 152229 25464711 90874 0 3087
cpu 4 2843960 1 177806 25434396 170278 0 7314
cpu 7 3460176 0 149930 24983058 48673 0 882
cpu 6 3231155 1 139526 25207491 61158 0 2401
cpu 9 3013535 2 129813 25445205 52039 0 486
cpu 8 3149153 81 138733 25262754 53570 0 9427
intel_hsw_cbo 1/7 20971793 20972340 20975390 20972852 17216927645643 758083089061 2564145757742 460012398330
intel_hsw_cbo 1/6 20971793 20972340 20975390 20972852 16502611389458 759475731697 2418392965557 460330462602
intel_hsw_cbo 1/0 20971793 20972340 20975390 20972852 15918264400873 757806896238 2233165605508 460162285710
intel_hsw_cbo 1/4 20971793 20972340 20975390 20972852 16235845965584 760447816509 2041989120213 460118917635
intel_hsw_cbo 1/3 20971793 20972340 20975390 20972852 18867229986904 758590623964 2840220327303 460191179850
intel_hsw_cbo 1/1 20971793 20972340 20975390 20972852 16107379908528 759476002101 2352048737065 460110470674
intel_hsw_cbo 0/8 20971793 20972340 20975390 20972852 15135769373234 702407825790 2129841540691 427408397018
intel_hsw_cbo 0/9 20971793 20972340 20975390 20972852 16777314321581 701086557328 2727498876649 427468891858
intel_hsw_cbo 0/6 20971793 20972340 20975390 20972852 16689138087775 756593309689 2243631759112 462763022585
intel_hsw_cbo 0/7 20971793 20972340 20975390 20972852 18074225063384 756439330591 2428012332254 462636816531
intel_hsw_cbo 0/4 20971793 20972340 20975390 20972852 16447149049185 757906715446 2058790518641 462801492214
intel_hsw_cbo 0/5 20971793 20972340 20975390 20972852 20091461813209 753631480737 2449469400215 462956714329
intel_hsw_cbo 0/2 20971793 20972340 20975390 20972852 15996641505145 755828931520 2012157343959 462550562956
intel_hsw_cbo 0/3 20971793 20972340 20975390 20972852 20773196643278 755675668854 2747682395412 462655974550
intel_hsw_cbo 0/0 20971793 20972340 20975390 20972852 16395973108959 755895530456 2244792921584 463097345731
intel_hsw_cbo 0/1 20971793 20972340 20975390 20972852 16806640956558 756863899419 2198596342967 462841706830
intel_hsw_cbo 1/9 20971793 20972340 20975390 20972852 16472198125448 703685468602 2889741231351 425330691015
intel_hsw_cbo 1/5 20971793 20972340 20975390 20972852 18242446238193 756223693858 2550733706045 460561693763
intel_hsw_cbo 1/8 20971793 20972340 20975390 20972852 14880406051705 704732560608 2293227312988 425367095167
intel_hsw_cbo 1/2 20971793 20972340 20975390 20972852 15598889182632 758193869319 1979031881271 460265979831
intel_hsw_hau ff/12.5 20972289 20974593 20971520 20975386 6177611697988 1750852317106 107324704254428 1754819501425
intel_hsw_hau 7f/12.1 20972289 20974593 20971520 20975386 5037863738978 1611376368874 100855878442364 1616412987699
intel_hsw_hau ff/12.1 20972289 20974593 20971520 20975386 7037407858698 2232892267809 107324704273443 2239325871558
intel_hsw_hau 7f/12.5 20972289 20974593 20971520 20975386 4723574875203 1483359546159 100855879511743 1486844287889
intel_hsw_imc ff/14.1 20972292 20974596 20974337 20971778 3074791679404 880257117528 3147588453835 1747073422901 0
intel_hsw_imc ff/14.0 20972292 20974596 20974337 20971778 3942698366260 1367528079401 3488803289264 1517152432435 0
intel_hsw_imc 7f/17.1 20972292 20974596 20974337 20971778 2355046453606 746011382905 2477741228350 1336441420401 0
intel_hsw_imc 7f/17.0 20972292 20974596 20974337 20971778 2353536895012 745940990405 2476945272746 1343997831384 0
intel_hsw_imc 7f/14.0 20972292 20974596 20974337 20971778 2668616428778 877966644943 2569720600262 1080821755225 0
intel_hsw_imc 7f/14.1 20972292 20974596 20974337 20971778 2350583320838 745903390502 2460184537766 1325193049685 0
intel_hsw_imc ff/17.0 20972292 20974596 20974337 20971778 3077525308919 880374222384 3171785232946 1772639100256 0
intel_hsw_imc ff/17.1 20972292 20974596 20974337 20971778 3078581290819 880272460142 3170367863831 1759711610221 0
intel_hsw_qpi ff/08.2 6291712 6292480 6293506 6292483 3872711319776 2715829558597 10674005759208 0
intel_hsw_qpi 7f/08.2 6291712 6292480 6293506 6292483 2712899588848 3876093930075 13752371680590 0
intel_hsw_qpi 7f/09.2 6291712 6292480 6293506 6292483 2713571651961 3875881496125 12566629406472 0
intel_hsw_qpi ff/09.2 6291712 6292480 6293506 6292483 3872734067191 2715324586891 11696358333544 0
intel_hsw_r2pci 7f/10.1 20972580 20975369 20975367 20975368 4712153330 24992598445825 26983098957893 31596524183501
intel_hsw_r2pci ff/10.1 20972580 20975369 20975367 20975368 47187992 23525922554527 26273908275425 29852346243221
mem 1 82566752 31491260 51075492 11377536 38959560 56 0 50254452 12975300 82776 37736 0 0 433264 0 0 0
mem 0 82341048 13819488 68521560 16698928 49876116 24 0 66117708 33873044 460576 108812 0 0 615404 24576 0 0
net vnet23 0 0 8311157 0 0 0 0 0 0 0 0 0 65730 0 496072687 0 0 0 0 0 0 91409 0
net enp6s0f0 0 0 0 0 0 0 0 0 0 0 0 0 0 0 6606 0 0 0 0 0 0 93 0
net vnet21 0 0 11160888 0 0 0 0 0 0 0 0 0 77662 0 1150512876 0 0 0 0 0 0 132713 0
net vnet46 0 0 121326 0 0 0 0 0 0 0 0 0 511 0 64222 0 0 0 0 0 0 543 0
net vnet20 0 0 11513166 0 0 0 0 0 0 0 0 0 81584 0 1150520319 0 0 0 0 0 0 135836 0
net enp1s0f0 0 1332265 78053155141 0 0 0 0 371 0 0 371 0 81217829 0 1598705689 0 0 0 0 0 0 9066728 0
net lo 0 0 60738887 0 0 0 0 0 0 0 0 0 483226 0 60738887 0 0 0 0 0 0 483226 0
net vnet24 0 0 583459 0 0 0 0 0 0 0 0 0 7108 0 80661575 0 0 0 0 0 0 19664 0
net vnet38 0 0 438643 0 0 0 0 0 0 0 0 0 4173 0 64695678 0 0 0 0 0 0 8527 0
net virbr0 0 1345 376479701 0 0 0 0 0 0 0 0 0 5004185 0 70467579003 0 0 0 0 0 0 7228769 0
numa 1 2585657397 18927329 1008175 29040 1605564974 998585922
numa 0 2111983317 1008175 18927329 28452 1142963018 969769241
ps - 848568765 1550356 299 301 312 6 798
sysv_shm - 0 0
tmpfs /run/lock 0 6
tmpfs /run 2228224 1149
tmpfs /run/user/20029 4096 44
tmpfs /run/qemu 0 1
tmpfs /dev/shm 75714793472 271266
vfs - 298250 123905 308109
vm - 12 31085627 1312108692 520825 2496526 4712614010 4726106198 99540228 21837040 4416611245 78780 0 0 0 0 0 2714357 0 1121522 2855 0 2497875 96 0 34 0 0

1764551806.010004 0 node12.dhkim-278716.ldos-ut-pg0.wisc.cloudlab.us
block sda 510414 408422 62156247 9430096 5557892 14742815 2624217385 238900753 0 17181984 252463894
block sdb 2615 0 7504 3511 4 0 0 0 0 4252 3512
block sdc 995 0 7996 261 4 0 0 0 0 960 262
cpu 11 3368220 2 178575 24837955 167026 0 2092
cpu 10 3504623 13 159707 24786956 111318 0 1083
cpu 13 3207841 0 136372 25150309 55862 0 309
cpu 12 3270827 2 152610 25029144 100749 0 812
cpu 15 2954734 0 143872 25371720 74230 0 589
cpu 14 2918749 1 134979 25439985 51912 0 262
cpu 17 3048634 10 139712 25289213 67788 0 404
cpu 16 3006967 0 161293 25227571 145211 0 1478
cpu 19 3028834 0 165492 25223084 122796 0 1146
cpu 18 3155488 2 143283 25194989 52547 0 368
cpu 1 3377836 12 186825 24995587 62239 0 3062
cpu 0 3348046 2 170012 24968443 64044 0 968
cpu 3 3133633 2 188662 25251225 61918 0 1817
cpu 2 3037473 1 207325 25303394 84096 0 1228
cpu 5 2926954 0 152232 25464757 90874 0 3087
cpu 4 2844045 1 177808 25434412 170278 0 7314
cpu 7 3460230 0 149930 24983105 48673 0 882
cpu 6 3231200 1 139527 25207545 61158 0 2401
cpu 9 3013535 2 129813 25445308 52039 0 486
cpu 8 3149153 81 138733 25262856 53570 0 9427
intel_hsw_cbo 1/7 20971793 20972340 20975390 20972852 17216928701786 758083384293 2564146075599 460012492843
intel_hsw_cbo 1/6 20971793 20972340 20975390 20972852 16502612388158 759476018226 2418393042336 460330555969
intel_hsw_cbo 1/0 20971793 20972340 20975390 20972852 15918265376776 757807190250 2233165796912 460162378027
intel_hsw_cbo 1/4 20971793 20972340 20975390 20972852 16235846982132 760448115845 2041989288427 460119011089
intel_hsw_cbo 1/3 20971793 20972340 20975390 20972852 18867231052735 758590914246 2840220643713 460191273190
intel_hsw_cbo 1/1 20971793 20972340 20975390 20972852 16107380943294 759476297184 2352048790336 460110564406
intel_hsw_cbo 0/8 20971793 20972340 20975390 20972852 15135799579696 702415787418 2129848705682 427411916046
intel_hsw_cbo 0/9 20971793 20972340 20975390 20972852 16777344950960 701094514534 2727503122759 427472425460
intel_hsw_cbo 0/6 20971793 20972340 20975390 20972852 16689173089531 756601985919 2243638629301 462766833094
intel_hsw_cbo 0/7 20971793 20972340 20975390 20972852 18074258487176 756447915346 2428015436260 462640615210
intel_hsw_cbo 0/4 20971793 20972340 20975390 20972852 16447183538878 757915421828 2058797787031 462805310849
intel_hsw_cbo 0/5 20971793 20972340 20975390 20972852 20091495027646 753640033344 2449472926568 462960528910
intel_hsw_cbo 0/2 20971793 20972340 20975390 20972852 15996674142850 755837448124 2012164341767 462554370577
intel_hsw_cbo 0/3 20971793 20972340 20975390 20972852 20773231190305 755684232560 2747687387378 462659759917
intel_hsw_cbo 0/0 20971793 20972340 20975390 20972852 16396006642964 755904194694 2244800080547 463101133551
intel_hsw_cbo 0/1 20971793 20972340 20975390 20972852 16806675832520 756872529219 2198603625928 462845491380
intel_hsw_cbo 1/9 20971793 20972340 20975390 20972852 16472199221815 703685734551 2889741540816 425330779612
intel_hsw_cbo 1/5 20971793 20972340 20975390 20972852 18242447296627 756223983913 2550734033564 460561786598
intel_hsw_cbo 1/8 20971793 20972340 20975390 20972852 14880407127107 704732832241 2293227358000 425367183553
intel_hsw_cbo 1/2 20971793 20972340 20975390 20972852 15598890166601 758194163643 1979032049935 460266072887
intel_hsw_hau ff/12.5 20972289 20974593 20971520 20975386 6177612277953 1750852442014 107327556551186 1754819632047
intel_hsw_hau 7f/12.1 20972289 20974593 20971520 20975386 5037872901737 1611383164221 100858829042894 1616419795487
intel_hsw_hau ff/12.1 20972289 20974593 20971520 20975386 7037409314878 2232892646773 107327556569649 2239326264870
intel_hsw_hau 7f/12.5 20972289 20974593 20971520 20975386 4723581145930 1483364358976 100858830113061 1486849101153
intel_hsw_imc ff/14.1 20972292 20974596 20974337 20971778 3074791966317 880257182179 3147588572511 1747073435431 0
intel_hsw_imc ff/14.0 20972292 20974596 20974337 20971778 3942699544735 1367528421914 3488803555287 1517152475897 0
intel_hsw_imc 7f/17.1 20972292 20974596 20974337 20971778 2355049581174 746013771852 2477745313075 1336442042253 0
intel_hsw_imc 7f/17.0 20972292 20974596 20974337 20971778 2353540073296 745943432191 2476949412742 1343998459684 0
intel_hsw_imc 7f/14.0 20972292 20974596 20974337 20971778 2668622430214 877971005133 2569727378361 1080822711954 0
intel_hsw_imc 7f/14.1 20972292 20974596 20974337 20971778 2350586525594 745905859197 2460188703375 1325193677466 0
intel_hsw_imc ff/17.0 20972292 20974596 20974337 20971778 3077525597498 880374287378 3171785353625 1772639113102 0
intel_hsw_imc ff/17.1 20972292 20974596 20974337 20971778 3078581590048 880272535453 3170367995811 1759711623545 0
intel_hsw_qpi ff/08.2 6291712 6292480 6293506 6292483 3872712434624 2715839196176 10674007159064 0
intel_hsw_qpi 7f/08.2 6291712 6292480 6293506 6292483 2712909222423 3876095046725 13752372547518 0
intel_hsw_qpi 7f/09.2 6291712 6292480 6293506 6292483 2713581289492 3875882611038 12566630150960 0
intel_hsw_qpi ff/09.2 6291712 6292480 6293506 6292483 3872735183704 2715334220501 11696360279672 0
intel_hsw_r2pci 7f/10.1 20972580 20975369 20975367 20975368 4712158846 24992709895194 26983178773712 31596621481700
intel_hsw_r2pci ff/10.1 20972580 20975369 20975367 20975368 47188152 23525930700724 26273938064402 29852377167287
mem 1 82566752 31491260 51075492 11377532 38959236 132 0 50254460 12975300 82372 37444 0 0 433240 0 0 0
mem 0 82341048 13819236 68521812 16698928 49876152 140 0 66117764 33873044 460576 108836 0 0 615404 24576 0 0
net vnet23 0 0 8311157 0 0 0 0 0 0 0 0 0 65730 0 496072687 0 0 0 0 0 0 91409 0
net enp6s0f0 0 0 0 0 0 0 0 0 0 0 0 0 0 0 6606 0 0 0 0 0 0 93 0
net vnet21 0 0 11160888 0 0 0 0 0 0 0 0 0 77662 0 1150512876 0 0 0 0 0 0 132713 0
net vnet46 0 0 121425 0 0 0 0 0 0 0 0 0 512 0 64338 0 0 0 0 0 0 544 0
net vnet20 0 0 11513166 0 0 0 0 0 0 0 0 0 81584 0 1150520319 0 0 0 0 0 0 135836 0
net enp1s0f0 0 1332269 78053160718 0 0 0 0 371 0 0 371 0 81217913 0 1598706424 0 0 0 0 0 0 9066733 0
net lo 0 0 60739432 0 0 0 0 0 0 0 0 0 483230 0 60739432 0 0 0 0 0 0 483230 0
net vnet24 0 0 583459 0 0 0 0 0 0 0 0 0 7108 0 80661575 0 0 0 0 0 0 19664 0
net vnet38 0 0 438643 0 0 0 0 0 0 0 0 0 4173 0 64695678 0 0 0 0 0 0 8527 0
net virbr0 0 1345 376479786 0 0 0 0 0 0 0 0 0 5004186 0 70467579119 0 0 0 0 0 0 7228770 0
numa 1 2585658869 18927329 1008175 29040 1605566446 998585922
numa 0 2111983716 1008175 18927329 28452 1142963417 969769241
ps - 848582352 1550367 299 301 312 4 798
sysv_shm - 0 0
tmpfs /run/lock 0 6
tmpfs /run 2228224 1149
tmpfs /run/user/20029 4096 44
tmpfs /run/qemu 0 1
tmpfs /dev/shm 75714805760 271266
vfs - 298250 124105 308109
vm - 12 31085627 1312108692 520825 2496526 4712615881 4726108057 99540229 21837040 4416613635 78780 0 0 0 0 0 2714357 0 1121522 2855 0 2497875 96 0 34 0 0

1764551807.043174 0 node12.dhkim-278716.ldos-ut-pg0.wisc.cloudlab.us
block sda 510414 408422 62156247 9430096 5557892 14742815 2624217385 238900753 0 17181984 252463894
block sdb 2615 0 7504 3511 4 0 0 0 0 4252 3512
block sdc 995 0 7996 261 4 0 0 0 0 960 262
cpu 11 3368220 2 178575 24838058 167026 0 2092
cpu 10 3504624 13 159707 24787058 111318 0 1083
cpu 13 3207842 0 136372 25150410 55862 0 309
cpu 12 3270827 2 152610 25029245 100749 0 812
cpu 15 2954735 0 143872 25371823 74230 0 589
cpu 14 2918749 1 134979 25440087 51912 0 262
cpu 17 3048634 10 139712 25289316 67788 0 404
cpu 16 3006967 0 161293 25227673 145211 0 1478
cpu 19 3028835 0 165494 25223185 122796 0 1146
cpu 18 3155490 2 143284 25195090 52547 0 368
cpu 1 3377884 12 186825 24995640 62239 0 3062
cpu 0 3348079 2 170014 24968511 64044 0 968
cpu 3 3133691 2 188665 25251266 61918 0 1817
cpu 2 3037532 1 207325 25303437 84096 0 1228
cpu 5 2926992 0 152233 25464820 90874 0 3087
cpu 4 2844103 1 177809 25434456 170278 0 7314
cpu 7 3460271 0 149930 24983165 48673 0 882
cpu 6 3231267 1 139528 25207578 61158 0 2401
cpu 9 3013535 2 129813 25445411 52039 0 486
cpu 8 3149153 81 138733 25262959 53570 0 9427
intel_hsw_cbo 1/7 20971793 20972340 20975390 20972852 17216929775928 758083675759 2564146280304 460012589851
intel_hsw_cbo 1/6 20971793 20972340 20975390 20972852 16502613440847 759476301357 2418393188144 460330652540
intel_hsw_cbo 1/0 20971793 20972340 20975390 20972852 15918266437179 757807480910 2233166033941 460162473482
intel_hsw_cbo 1/4 20971793 20972340 20975390 20972852 16235848101241 760448411978 2041989494866 460119108148
intel_hsw_cbo 1/3 20971793 20972340 20975390 20972852 18867232206628 758591200823 2840220854032 460191368272
intel_hsw_cbo 1/1 20971793 20972340 20975390 20972852 16107381975629 759476588884 2352048935280 460110660851
intel_hsw_cbo 0/8 20971793 20972340 20975390 20972852 15135828750299 702424921102 2129855318216 427415135556
intel_hsw_cbo 0/9 20971793 20972340 20975390 20972852 16777373911696 701103565641 2727508644997 427475655638
intel_hsw_cbo 0/6 20971793 20972340 20975390 20972852 16689205086007 756611906016 2243645444539 462770322985
intel_hsw_cbo 0/7 20971793 20972340 20975390 20972852 18074289523932 756457706795 2428020336236 462644105954
intel_hsw_cbo 0/4 20971793 20972340 20975390 20972852 16447215887203 757925371862 2058802907271 462808811985
intel_hsw_cbo 0/5 20971793 20972340 20975390 20972852 20091526766688 753649828682 2449478508853 462964026611
intel_hsw_cbo 0/2 20971793 20972340 20975390 20972852 15996705226497 755847228540 2012169099286 462557858857
intel_hsw_cbo 0/3 20971793 20972340 20975390 20972852 20773262728492 755694036626 2747694438919 462663241983
intel_hsw_cbo 0/0 20971793 20972340 20975390 20972852 16396039052991 755914083381 2244805301788 463104605949
intel_hsw_cbo 0/1 20971793 20972340 20975390 20972852 16806708141883 756882431937 2198610185600 462848968217
intel_hsw_cbo 1/9 20971793 20972340 20975390 20972852 16472200367093 703685997360 2889741762791 425330870838
intel_hsw_cbo 1/5 20971793 20972340 20975390 20972852 18242448407968 756224270219 2550734228259 460561882641
intel_hsw_cbo 1/8 20971793 20972340 20975390 20972852 14880408213575 704733100176 2293227496844 425367274291
intel_hsw_cbo 1/2 20971793 20972340 20975390 20972852 15598891263135 758194452589 1979032256802 460266168491
intel_hsw_hau ff/12.5 20972289 20974593 20971520 20975386 6177612858285 1750852564153 107330387059810 1754819758939
intel_hsw_hau 7f/12.1 20972289 20974593 20971520 20975386 5037883954955 1611390742762 100861755090792 1616427385814
intel_hsw_hau ff/12.1 20972289 20974593 20971520 20975386 7037410686207 2232893023855 107330387065797 2239326653924
intel_hsw_hau 7f/12.5 20972289 20974593 20971520 20975386 4723588772420 1483370058899 100861756171835 1486854801735
intel_hsw_imc ff/14.1 20972292 20974596 20974337 20971778 3074792252222 880257244959 3147588689919 1747073447730 0
intel_hsw_imc ff/14.0 20972292 20974596 20974337 20971778 3942700640178 1367528762276 3488803818111 1517152517406 0
intel_hsw_imc 7f/17.1 20972292 20974596 20974337 20971778 2355053401009 746016582180 2477750023847 1336442755841 0
intel_hsw_imc 7f/17.0 20972292 20974596 20974337 20971778 2353543946415 745946295513 2476954181368 1343999178111 0
intel_hsw_imc 7f/14.0 20972292 20974596 20974337 20971778 2668629671935 877975673245 2569734790759 1080823712175 0
intel_hsw_imc 7f/14.1 20972292 20974596 20974337 20971778 2350590423184 745908748385 2460193492574 1325194397241 0
intel_hsw_imc ff/17.0 20972292 20974596 20974337 20971778 3077525886950 880374350675 3171785474637 1772639125752 0
intel_hsw_imc ff/17.1 20972292 20974596 20974337 20971778 3078581888832 880272608879 3170368126274 1759711636646 0
intel_hsw_qpi ff/08.2 6291712 6292480 6293506 6292483 3872713515197 2715850456471 10674008583592 0
intel_hsw_qpi 7f/08.2 6291712 6292480 6293506 6292483 2712920473944 3876096128513 13752373371958 0
intel_hsw_qpi 7f/09.2 6291712 6292480 6293506 6292483 2713592549742 3875883691678 12566630873552 0
intel_hsw_qpi ff/09.2 6291712 6292480 6293506 6292483 3872736265401 2715345471947 11696362242912 0
intel_hsw_r2pci 7f/10.1 20972580 20975369 20975367 20975368 4712164608 24992811436487 26983255781351 31596712478996
intel_hsw_r2pci ff/10.1 20972580 20975369 20975367 20975368 47188388 23525939005595 26273971884064 29852411815312
mem 1 82566752 31490176 51076576 11377532 38960432 160 0 50254468 12975300 83520 37668 0 0 433240 0 0 0
mem 0 82341048 13819568 68521480 16698988 49875748 152 0 66117772 33873044 460132 108904 0 0 615380 24576 0 0
net vnet23 0 0 8311157 0 0 0 0 0 0 0 0 0 65730 0 496072739 0 0 0 0 0 0 91410 0
net enp6s0f0 0 0 0 0 0 0 0 0 0 0 0 0 0 0 6606 0 0 0 0 0 0 93 0
net vnet21 0 0 11160888 0 0 0 0 0 0 0 0 0 77662 0 1150512928 0 0 0 0 0 0 132714 0
net vnet46 0 0 121524 0 0 0 0 0 0 0 0 0 513 0 64506 0 0 0 0 0 0 546 0
net vnet20 0 0 11513166 0 0 0 0 0 0 0 0 0 81584 0 1150520371 0 0 0 0 0 0 135837 0
net enp1s0f0 0 1332275 78053166175 0 0 0 0 371 0 0 371 0 81217997 0 1598707159 0 0 0 0 0 0 9066738 0
net lo 0 0 60739977 0 0 0 0 0 0 0 0 0 483234 0 60739977 0 0 0 0 0 0 483234 0
net vnet24 0 0 583459 0 0 0 0 0 0 0 0 0 7108 0 80661627 0 0 0 0 0 0 19665 0
net vnet38 0 0 438643 0 0 0 0 0 0 0 0 0 4173 0 64695730 0 0 0 0 0 0 8528 0
net virbr0 0 1345 376479871 0 0 0 0 0 0 0 0 0 5004187 0 70467579235 0 0 0 0 0 0 7228771 0
numa 1 2585660549 18927329 1008175 29040 1605568126 998585922
numa 0 2111983883 1008175 18927329 28452 1142963584 969769241
ps - 848591174 1550379 307 302 312 3 799
sysv_shm - 0 0
tmpfs /run/lock 0 6
tmpfs /run 2228224 1149
tmpfs /run/user/20029 4096 44
tmpfs /run/qemu 0 1
tmpfs /dev/shm 75714805760 271266
vfs - 298250 124105 308109
vm - 12 31085627 1312108692 520825 2496526 4712617727 4726109901 99540234 21837040 4416615708 78780 0 0 0 0 0 2714357 0 1121522 2855 0 2497875 96 0 34 0 0

1764551808.075971 0 node12.dhkim-278716.ldos-ut-pg0.wisc.cloudlab.us
block sda 510414 408422 62156247 9430096 5557898 14742816 2624217545 238900760 0 17181992 252463901
block sdb 2615 0 7504 3511 4 0 0 0 0 4252 3512
block sdc 995 0 7996 261 4 0 0 0 0 960 262
cpu 11 3368220 2 178575 24838160 167026 0 2092
cpu 10 3504626 13 159707 24787159 111318 0 1083
cpu 13 3207843 0 136372 25150513 55862 0 309
cpu 12 3270828 2 152610 25029345 100749 0 812
cpu 15 2954735 0 143872 25371924 74230 0 589
cpu 14 2918749 1 134979 25440188 51912 0 262
cpu 17 3048634 10 139714 25289417 67788 0 404
cpu 16 3006967 0 161294 25227775 145211 0 1478
cpu 19 3028835 0 165494 25223287 122796 0 1146
cpu 18 3155492 2 143286 25195193 52547 0 368
cpu 1 3377899 12 186826 24995725 62239 0 3062
cpu 0 3348104 2 170016 24968584 64044 0 968
cpu 3 3133757 2 188666 25251302 61918 0 1817
cpu 2 3037571 1 207326 25303499 84096 0 1228
cpu 5 2927032 0 152238 25464877 90874 0 3087
cpu 4 2844127 1 177810 25434532 170278 0 7314
cpu 7 3460310 0 149931 24983229 48673 0 882
cpu 6 3231296 1 139533 25207646 61158 0 2401
cpu 9 3013535 2 129813 25445514 52039 0 486
cpu 8 3149153 81 138733 25263062 53570 0 9427
intel_hsw_cbo 1/7 20971793 20972340 20975390 20972852 17216931162324 758083988701 2564146374615 460012688448
intel_hsw_cbo 1/6 20971793 20972340 20975390 20972852 16502614722937 759476604833 2418393390767 460330749687
intel_hsw_cbo 1/0 20971793 20972340 20975390 20972852 15918267730397 757807792164 2233166439338 460162570843
intel_hsw_cbo 1/4 20971793 20972340 20975390 20972852 16235849485086 760448730582 2041989940091 460119206898
intel_hsw_cbo 1/3 20971793 20972340 20975390 20972852 18867233678657 758591508324 2840221018834 460191464938
intel_hsw_cbo 1/1 20971793 20972340 20975390 20972852 16107383296132 759476902173 2352049131447 460110759422
intel_hsw_cbo 0/8 20971793 20972340 20975390 20972852 15135848700919 702431225230 2129861780597 427417110087
intel_hsw_cbo 0/9 20971793 20972340 20975390 20972852 16777393897527 701109855523 2727511852136 427477618762
intel_hsw_cbo 0/6 20971793 20972340 20975390 20972852 16689226172280 756618749245 2243652086274 462772465890
intel_hsw_cbo 0/7 20971793 20972340 20975390 20972852 18074310501992 756464527888 2428022601395 462646252324
intel_hsw_cbo 0/4 20971793 20972340 20975390 20972852 16447236006009 757932250081 2058807703646 462810970357
intel_hsw_cbo 0/5 20971793 20972340 20975390 20972852 20091547732114 753656626775 2449481085678 462966171442
intel_hsw_cbo 0/2 20971793 20972340 20975390 20972852 15996726249789 755853977984 2012173433667 462560008897
intel_hsw_cbo 0/3 20971793 20972340 20975390 20972852 20773284111139 755700792198 2747698165177 462665396977
intel_hsw_cbo 0/0 20971793 20972340 20975390 20972852 16396059519349 755920936722 2244809561732 463106754996
intel_hsw_cbo 0/1 20971793 20972340 20975390 20972852 16806728269011 756889250647 2198616498956 462851116247
intel_hsw_cbo 1/9 20971793 20972340 20975390 20972852 16472201745906 703686279087 2889741918500 425330964827
intel_hsw_cbo 1/5 20971793 20972340 20975390 20972852 18242449823649 756224577067 2550734325448 460561980351
intel_hsw_cbo 1/8 20971793 20972340 20975390 20972852 14880409621811 704733387302 2293227678722 425367366032
intel_hsw_cbo 1/2 20971793 20972340 20975390 20972852 15598892558296 758194765325 1979032670005 460266266875
intel_hsw_hau ff/12.5 20972289 20974593 20971520 20975386 6177613443828 1750852707200 107332600628533 1754819907356
intel_hsw_hau 7f/12.1 20972289 20974593 20971520 20975386 5037893093195 1611396004717 100864067482951 1616432661408
intel_hsw_hau ff/12.1 20972289 20974593 20971520 20975386 7037412110946 2232893439622 107332600666424 2239327083221
intel_hsw_hau 7f/12.5 20972289 20974593 20971520 20975386 4723595308024 1483374006602 100864068527742 1486858750327
intel_hsw_imc ff/14.1 20972292 20974596 20974337 20971778 3074792542233 880257318466 3147588813049 1747073461319 0
intel_hsw_imc ff/14.0 20972292 20974596 20974337 20971778 3942701785068 1367529132856 3488804098546 1517152564428 0
intel_hsw_imc 7f/17.1 20972292 20974596 20974337 20971778 2355056672472 746018543878 2477753667392 1336443436171 0
intel_hsw_imc 7f/17.0 20972292 20974596 20974337 20971778 2353547272549 745948313233 2476957888377 1343999865845 0
intel_hsw_imc 7f/14.0 20972292 20974596 20974337 20971778 2668635539660 877978936472 2569740065037 1080824585665 0
intel_hsw_imc 7f/14.1 20972292 20974596 20974337 20971778 2350593778987 745910788026 2460197220624 1325195086503 0
intel_hsw_imc ff/17.0 20972292 20974596 20974337 20971778 3077526178737 880374424846 3171785599653 1772639139764 0
intel_hsw_imc ff/17.1 20972292 20974596 20974337 20971778 3078582190940 880272693455 3170368261541 1759711650890 0
intel_hsw_qpi ff/08.2 6291712 6292480 6293506 6292483 3872714655614 2715859133849 10674010048032 0
intel_hsw_qpi 7f/08.2 6291712 6292480 6293506 6292483 2712929149899 3876097269529 13752374212046 0
intel_hsw_qpi 7f/09.2 6291712 6292480 6293506 6292483 2713601227056 3875884832145 12566631611808 0
intel_hsw_qpi ff/09.2 6291712 6292480 6293506 6292483 3872737406350 2715354147966 11696364257696 0
intel_hsw_r2pci 7f/10.1 20972580 20975369 20975367 20975368 4712170376 24992881185228 26983312221238 31596774927651
intel_hsw_r2pci ff/10.1 20972580 20975369 20975367 20975368 47188540 23525947566198 26273999478274 29852440749702
mem 1 82566752 31489172 51077580 11377532 38960468 140 0 50254476 12975300 83596 37712 0 0 433240 0 0 0
mem 0 82341048 13820324 68520724 16699024 49875800 148 0 66117772 33873044 460132 108904 0 0 615380 24576 0 0
net vnet23 0 0 8311157 0 0 0 0 0 0 0 0 0 65730 0 496072739 0 0 0 0 0 0 91410 0
net enp6s0f0 0 0 0 0 0 0 0 0 0 0 0 0 0 0 6606 0 0 0 0 0 0 93 0
net vnet21 0 0 11160888 0 0 0 0 0 0 0 0 0 77662 0 1150512928 0 0 0 0 0 0 132714 0
net vnet46 0 0 121524 0 0 0 0 0 0 0 0 0 513 0 64506 0 0 0 0 0 0 546 0
net vnet20 0 0 11513166 0 0 0 0 0 0 0 0 0 81584 0 1150520371 0 0 0 0 0 0 135837 0
net enp1s0f0 0 1332280 78053171452 0 0 0 0 371 0 0 371 0 81218077 0 1598707894 0 0 0 0 0 0 9066743 0
net lo 0 0 60740522 0 0 0 0 0 0 0 0 0 483238 0 60740522 0 0 0 0 0 0 483238 0
net vnet24 0 0 583459 0 0 0 0 0 0 0 0 0 7108 0 80661627 0 0 0 0 0 0 19665 0
net vnet38 0 0 438643 0 0 0 0 0 0 0 0 0 4173 0 64695730 0 0 0 0 0 0 8528 0
net virbr0 0 1345 376479871 0 0 0 0 0 0 0 0 0 5004187 0 70467579235 0 0 0 0 0 0 7228771 0
numa 1 2585662133 18927329 1008175 29040 1605569710 998585922
numa 0 2111984137 1008175 18927329 28452 1142963838 969769241
ps - 848601492 1550390 307 302 312 4 799
sysv_shm - 0 0
tmpfs /run/lock 0 6
tmpfs /run 2228224 1149
tmpfs /run/user/20029 4096 44
tmpfs /run/qemu 0 1
tmpfs /dev/shm 75714805760 271266
vfs - 298250 124105 308109
vm - 12 31085627 1312108772 520825 2496526 4712619565 4726111738 99540234 21837040 4416617775 78780 0 0 0 0 0 2714357 0 1121522 2855 0 2497875 96 0 34 0 0

1764551809.110809 0 node12.dhkim-278716.ldos-ut-pg0.wisc.cloudlab.us
block sda 510415 408422 62156503 9430101 5557968 14742817 2624370793 238906393 0 17182424 252469539
block sdb 2615 0 7504 3511 4 0 0 0 0 4252 3512
block sdc 995 0 7996 261 4 0 0 0 0 960 262
cpu 11 3368221 2 178576 24838261 167026 0 2092
cpu 10 3504627 13 159708 24787260 111318 0 1083
cpu 13 3207844 0 136372 25150614 55862 0 309
cpu 12 3270828 2 152611 25029448 100749 0 812
cpu 15 2954735 0 143872 25372026 74230 0 589
cpu 14 2918749 1 134979 25440291 51912 0 262
cpu 17 3048634 10 139715 25289518 67788 0 404
cpu 16 3006967 0 161294 25227878 145211 0 1478
cpu 19 3028835 0 165494 25223390 122796 0 1146
cpu 18 3155494 2 143286 25195295 52547 0 368
cpu 1 3377919 12 186829 24995794 62249 0 3062
cpu 0 3348128 2 170018 24968618 64085 0 968
cpu 3 3133780 2 188670 25251369 61929 0 1817
cpu 2 3037580 1 207330 25303569 84114 0 1228
cpu 5 2927057 0 152240 25464933 90893 0 3087
cpu 4 2844145 1 177814 25434606 170288 0 7314
cpu 7 3460353 0 149932 24983287 48673 0 882
cpu 6 3231315 1 139537 25207707 61173 0 2401
cpu 9 3013536 2 129813 25445617 52039 0 486
cpu 8 3149153 81 138733 25263165 53570 0 9427
intel_hsw_cbo 1/7 20971793 20972340 20975390 20972852 17216932657814 758084288188 2564146492786 460012770219
intel_hsw_cbo 1/6 20971793 20972340 20975390 20972852 16502616178666 759476897876 2418393569638 460330830472
intel_hsw_cbo 1/0 20971793 20972340 20975390 20972852 15918269208921 757808089975 2233166666065 460162652008
intel_hsw_cbo 1/4 20971793 20972340 20975390 20972852 16235850800019 760449033201 2041990123999 460119288895
intel_hsw_cbo 1/3 20971793 20972340 20975390 20972852 18867235208825 758591803592 2840221174346 460191544917
intel_hsw_cbo 1/1 20971793 20972340 20975390 20972852 16107384662836 759477201301 2352049360078 460110841614
intel_hsw_cbo 0/8 20971793 20972340 20975390 20972852 15135866463589 702434101738 2129866787561 427418917841
intel_hsw_cbo 0/9 20971793 20972340 20975390 20972852 16777411309689 701112694669 2727518093825 427479429242
intel_hsw_cbo 0/6 20971793 20972340 20975390 20972852 16689243542941 756621851368 2243657371051 462774436912
intel_hsw_cbo 0/7 20971793 20972340 20975390 20972852 18074328128968 756467670218 2428028668114 462648243476
intel_hsw_cbo 0/4 20971793 20972340 20975390 20972852 16447253562431 757935439894 2058810957250 462812928818
intel_hsw_cbo 0/5 20971793 20972340 20975390 20972852 20091565699326 753659752032 2449487950232 462968168197
intel_hsw_cbo 0/2 20971793 20972340 20975390 20972852 15996743298487 755857044790 2012176598280 462561984224
intel_hsw_cbo 0/3 20971793 20972340 20975390 20972852 20773302153004 755703833516 2747705503625 462667369901
intel_hsw_cbo 0/0 20971793 20972340 20975390 20972852 16396077188145 755924101970 2244813628474 463108728534
intel_hsw_cbo 0/1 20971793 20972340 20975390 20972852 16806745448910 756892358446 2198621826931 462853088149
intel_hsw_cbo 1/9 20971793 20972340 20975390 20972852 16472203209253 703686551320 2889742068363 425331042590
intel_hsw_cbo 1/5 20971793 20972340 20975390 20972852 18242451459291 756224872078 2550734452928 460562062496
intel_hsw_cbo 1/8 20971793 20972340 20975390 20972852 14880411022601 704733664260 2293227877675 425367442986
intel_hsw_cbo 1/2 20971793 20972340 20975390 20972852 15598894097876 758195063833 1979032869522 460266347794
intel_hsw_hau ff/12.5 20972289 20974593 20971520 20975386 6177614057933 1750852827956 107334426812001 1754820034620
intel_hsw_hau 7f/12.1 20972289 20974593 20971520 20975386 5037900834176 1611400817444 100865961654868 1616437486228
intel_hsw_hau ff/12.1 20972289 20974593 20971520 20975386 7037413542504 2232893822763 107334426846378 2239327480413
intel_hsw_hau 7f/12.5 20972289 20974593 20971520 20975386 4723600220769 1483377301854 100865962711385 1486862047202
intel_hsw_imc ff/14.1 20972292 20974596 20974337 20971778 3074792846456 880257381259 3147588934075 1747073473748 0
intel_hsw_imc ff/14.0 20972292 20974596 20974337 20971778 3942702922000 1367529481368 3488804373076 1517152607681 0
intel_hsw_imc 7f/17.1 20972292 20974596 20974337 20971778 2355059129917 746020189422 2477756199406 1336443899889 0
intel_hsw_imc 7f/17.0 20972292 20974596 20974337 20971778 2353549775014 745950004279 2476960468632 1344000334431 0
intel_hsw_imc 7f/14.0 20972292 20974596 20974337 20971778 2668640825854 877982078332 2569744040058 1080825289062 0
intel_hsw_imc 7f/14.1 20972292 20974596 20974337 20971778 2350596297489 745912498652 2460199826382 1325195559488 0
intel_hsw_imc ff/17.0 20972292 20974596 20974337 20971778 3077526485207 880374488614 3171785724281 1772639152610 0
intel_hsw_imc ff/17.1 20972292 20974596 20974337 20971778 3078582506396 880272766807 3170368395059 1759711664099 0
intel_hsw_qpi ff/08.2 6291712 6292480 6293506 6292483 3872715776355 2715867453043 10674011554264 0
intel_hsw_qpi 7f/08.2 6291712 6292480 6293506 6292483 2712937466067 3876098391616 13752375091766 0
intel_hsw_qpi 7f/09.2 6291712 6292480 6293506 6292483 2713609546068 3875885952957 12566632369104 0
intel_hsw_qpi ff/09.2 6291712 6292480 6293506 6292483 3872738528415 2715362464308 11696366289928 0
intel_hsw_r2pci 7f/10.1 20972580 20975369 20975367 20975368 4712181162 24992925286472 26983346434127 31596821234835
intel_hsw_r2pci ff/10.1 20972580 20975369 20975367 20975368 47188698 23525954760722 26274024277006 29852467663088
mem 1 82566752 31489424 51077328 11377556 38959544 152 0 50254604 12975364 82624 37696 0 0 433240 0 0 0
mem 0 82341048 13817804 68523244 16757332 49819720 176 0 66119556 33874820 460560 108884 0 0 615380 24576 0 0
net vnet23 0 0 8311157 0 0 0 0 0 0 0 0 0 65730 0 496072791 0 0 0 0 0 0 91411 0
net enp6s0f0 0 0 0 0 0 0 0 0 0 0 0 0 0 0 6606 0 0 0 0 0 0 93 0
net vnet21 0 0 11160888 0 0 0 0 0 0 0 0 0 77662 0 1150512980 0 0 0 0 0 0 132715 0
net vnet46 0 0 121524 0 0 0 0 0 0 0 0 0 513 0 64558 0 0 0 0 0 0 547 0
net vnet20 0 0 11513166 0 0 0 0 0 0 0 0 0 81584 0 1150520423 0 0 0 0 0 0 135838 0
net enp1s0f0 0 1332286 78053176729 0 0 0 0 371 0 0 371 0 81218157 0 1598708629 0 0 0 0 0 0 9066748 0
net lo 0 0 60741067 0 0 0 0 0 0 0 0 0 483242 0 60741067 0 0 0 0 0 0 483242 0
net vnet24 0 0 583459 0 0 0 0 0 0 0 0 0 7108 0 80661679 0 0 0 0 0 0 19666 0
net vnet38 0 0 438643 0 0 0 0 0 0 0 0 0 4173 0 64695782 0 0 0 0 0 0 8529 0
net virbr0 0 1345 376479871 0 0 0 0 0 0 0 0 0 5004187 0 70467579235 0 0 0 0 0 0 7228771 0
numa 1 2585663280 18927329 1008175 29040 1605570857 998585922
numa 0 2111985543 1008175 18927329 28452 1142965244 969769241
ps - 848611947 1550401 307 302 312 2 799
sysv_shm - 0 0
tmpfs /run/lock 0 6
tmpfs /run 2228224 1149
tmpfs /run/user/20029 4096 44
tmpfs /run/qemu 0 1
tmpfs /dev/shm 75714809856 271266
vfs - 298250 124145 308109
vm - 12 31085755 1312185396 520825 2496526 4712622119 4726113642 99555009 21837040 4416638465 78780 0 0 0 0 0 2714357 0 1121522 2855 0 2497875 96 0 34 0 0

1764551810.147231 0 node12.dhkim-278716.ldos-ut-pg0.wisc.cloudlab.us
block sda 510416 408423 62156534 9430109 5558047 14742849 2624371753 238906935 0 17182540 252470118
block sdb 2615 0 7504 3511 4 0 0 0 0 4252 3512
block sdc 995 0 7996 261 4 0 0 0 0 960 262
cpu 11 3368221 2 178576 24838363 167026 0 2092
cpu 10 3504628 13 159708 24787361 111318 0 1083
cpu 13 3207845 0 136373 25150716 55862 0 309
cpu 12 3270828 2 152612 25029549 100749 0 812
cpu 15 2954736 0 143872 25372129 74230 0 589
cpu 14 2918750 1 134980 25440394 51912 0 262
cpu 17 3048634 10 139715 25289620 67788 0 404
cpu 16 3006968 0 161294 25227981 145211 0 1478
cpu 19 3028835 0 165494 25223490 122800 0 1146
cpu 18 3155496 2 143287 25195398 52547 0 368
cpu 1 3377942 12 186830 24995874 62249 0 3062
cpu 0 3348160 2 170018 24968688 64085 0 968
cpu 3 3133840 2 188671 25251412 61929 0 1817
cpu 2 3037628 1 207330 25303621 84114 0 1228
cpu 5 2927088 0 152242 25465004 90893 0 3087
cpu 4 2844152 1 177814 25434698 170288 0 7314
cpu 7 3460397 0 149933 24983345 48673 0 882
cpu 6 3231379 1 139537 25207744 61173 0 2401
cpu 9 3013537 2 129813 25445719 52039 0 486
cpu 8 3149153 81 138733 25263263 53576 0 9427
intel_hsw_cbo 1/7 20971793 20972340 20975390 20972852 17216933870987 758084580496 2564146588052 460012861276
intel_hsw_cbo 1/6 20971793 20972340 20975390 20972852 16502617286742 759477183374 2418393708842 460330919705
intel_hsw_cbo 1/0 20971793 20972340 20975390 20972852 15918270360304 757808381561 2233166987836 460162743023
intel_hsw_cbo 1/4 20971793 20972340 20975390 20972852 16235851932532 760449329820 2041990440729 460119380047
intel_hsw_cbo 1/3 20971793 20972340 20975390 20972852 18867236483095 758592091595 2840221317006 460191634142
intel_hsw_cbo 1/1 20971793 20972340 20975390 20972852 16107385731478 759477494041 2352049523068 460110934393
intel_hsw_cbo 0/8 20971793 20972340 20975390 20972852 15135888841717 702442425348 2129872115530 427421385833
intel_hsw_cbo 0/9 20971793 20972340 20975390 20972852 16777433118538 701120979232 2727522851599 427481903159
intel_hsw_cbo 0/6 20971793 20972340 20975390 20972852 16689266463187 756630808449 2243663343653 462777121808
intel_hsw_cbo 0/7 20971793 20972340 20975390 20972852 18074350984233 756476648924 2428032861799 462650911967
intel_hsw_cbo 0/4 20971793 20972340 20975390 20972852 16447276900020 757944550604 2058815845919 462815618037
intel_hsw_cbo 0/5 20971793 20972340 20975390 20972852 20091588491431 753668681707 2449492715684 462970844720
intel_hsw_cbo 0/2 20971793 20972340 20975390 20972852 15996766007205 755865967541 2012181027365 462564662220
intel_hsw_cbo 0/3 20971793 20972340 20975390 20972852 20773324955453 755712733949 2747711558559 462670042808
intel_hsw_cbo 0/0 20971793 20972340 20975390 20972852 16396100602317 755933095599 2244818160881 463111414762
intel_hsw_cbo 0/1 20971793 20972340 20975390 20972852 16806768557578 756901354428 2198627023241 462855768995
intel_hsw_cbo 1/9 20971793 20972340 20975390 20972852 16472204425124 703686815742 2889742202743 425331127879
intel_hsw_cbo 1/5 20971793 20972340 20975390 20972852 18242452800189 756225160529 2550734556523 460562154174
intel_hsw_cbo 1/8 20971793 20972340 20975390 20972852 14880412248302 704733933785 2293228020588 425367528357
intel_hsw_cbo 1/2 20971793 20972340 20975390 20972852 15598895366280 758195355524 1979033199517 460266438193
intel_hsw_hau ff/12.5 20972289 20974593 20971520 20975386 6177614650569 1750852950711 107336824997557 1754820163213
intel_hsw_hau 7f/12.1 20972289 20974593 20971520 20975386 5037913354980 1611408268827 100868452414980 1616444947918
intel_hsw_hau ff/12.1 20972289 20974593 20971520 20975386 7037414933322 2232894205964 107336825009858 2239327876208
intel_hsw_hau 7f/12.5 20972289 20974593 20971520 20975386 4723608971654 1483382590835 100868453491097 1486867337108
intel_hsw_imc ff/14.1 20972292 20974596 20974337 20971778 3074793139253 880257444911 3147589054956 1747073486093 0
intel_hsw_imc ff/14.0 20972292 20974596 20974337 20971778 3942704031239 1367529828754 3488804643394 1517152651068 0
intel_hsw_imc 7f/17.1 20972292 20974596 20974337 20971778 2355063519184 746022818169 2477761269643 1336444745618 0
intel_hsw_imc 7f/17.0 20972292 20974596 20974337 20971778 2353554216145 745952684420 2476965591483 1344001186934 0
intel_hsw_imc 7f/14.0 20972292 20974596 20974337 20971778 2668648989144 877986853061 2569752038085 1080826561731 0
intel_hsw_imc 7f/14.1 20972292 20974596 20974337 20971778 2350600758111 745915203918 2460204971789 1325196415206 0
intel_hsw_imc ff/17.0 20972292 20974596 20974337 20971778 3077526780530 880374552947 3171785848404 1772639165383 0
intel_hsw_imc ff/17.1 20972292 20974596 20974337 20971778 3078582812215 880272841653 3170368529382 1759711677278 0
intel_hsw_qpi ff/08.2 6291712 6292480 6293506 6292483 3872716866280 2715879193920 10674013027712 0
intel_hsw_qpi 7f/08.2 6291712 6292480 6293506 6292483 2712949200737 3876099481927 13752375960838 0
intel_hsw_qpi 7f/09.2 6291712 6292480 6293506 6292483 2713621287020 3875887042947 12566633121816 0
intel_hsw_qpi ff/09.2 6291712 6292480 6293506 6292483 3872739618631 2715374198803 11696368300632 0
intel_hsw_r2pci 7f/10.1 20972580 20975369 20975367 20975368 4712187628 24993004814395 26983411779835 31596895064152
intel_hsw_r2pci ff/10.1 20972580 20975369 20975367 20975368 47188890 23525962566795 26274058397350 29852503930221
mem 1 82566752 31488668 51078084 11377552 38959500 196 0 50254612 12975332 82472 37612 0 0 433240 0 0 0
mem 0 82341048 13816544 68524504 16758100 49819312 220 0 66119832 33875092 460672 109248 0 0 615380 24576 0 0
net vnet23 0 0 8311157 0 0 0 0 0 0 0 0 0 65730 0 496072791 0 0 0 0 0 0 91411 0
net enp6s0f0 0 0 0 0 0 0 0 0 0 0 0 0 0 0 6606 0 0 0 0 0 0 93 0
net vnet21 0 0 11160888 0 0 0 0 0 0 0 0 0 77662 0 1150512980 0 0 0 0 0 0 132715 0
net vnet46 0 0 121524 0 0 0 0 0 0 0 0 0 513 0 64558 0 0 0 0 0 0 547 0
net vnet20 0 0 11513166 0 0 0 0 0 0 0 0 0 81584 0 1150520423 0 0 0 0 0 0 135838 0
net enp1s0f0 0 1332290 78053183206 0 0 0 0 371 0 0 371 0 81218257 0 1598709364 0 0 0 0 0 0 9066753 0
net lo 0 0 60741612 0 0 0 0 0 0 0 0 0 483246 0 60741612 0 0 0 0 0 0 483246 0
net vnet24 0 0 583459 0 0 0 0 0 0 0 0 0 7108 0 80661679 0 0 0 0 0 0 19666 0
net vnet38 0 0 438643 0 0 0 0 0 0 0 0 0 4173 0 64695782 0 0 0 0 0 0 8529 0
net virbr0 0 1345 376479871 0 0 0 0 0 0 0 0 0 5004187 0 70467579235 0 0 0 0 0 0 7228771 0
numa 1 2585664687 18927329 1008175 29040 1605572264 998585922
numa 0 2111985983 1008175 18927329 28452 1142965684 969769241
ps - 848617852 1550412 307 302 312 4 799
sysv_shm - 0 0
tmpfs /run/lock 0 6
tmpfs /run 2228224 1149
tmpfs /run/user/20029 4096 44
tmpfs /run/qemu 0 1
tmpfs /dev/shm 75714809856 271266
vfs - 298250 124145 308109
vm - 12 31085771 1312185876 520825 2496526 4712623965 4726115486 99555009 21837040 4416640601 78780 0 0 0 0 0 2714357 0 1121522 2855 0 2497875 96 0 34 0 0

1764551811.184816 0 node12.dhkim-278716.ldos-ut-pg0.wisc.cloudlab.us
block sda 510416 408423 62156534 9430109 5558054 14742849 2624372337 238906959 0 17182568 252470164
block sdb 2615 0 7504 3511 4 0 0 0 0 4252 3512
block sdc 995 0 7996 261 4 0 0 0 0 960 262
cpu 11 3368221 2 178576 24838464 167026 0 2092
cpu 10 3504629 13 159709 24787461 111318 0 1083
cpu 13 3207845 0 136374 25150819 55862 0 309
cpu 12 3270828 2 152612 25029652 100749 0 812
cpu 15 2954736 0 143872 25372231 74230 0 589
cpu 14 2918750 1 134980 25440497 51912 0 262
cpu 17 3048634 10 139715 25289723 67788 0 404
cpu 16 3006968 0 161294 25228083 145211 0 1478
cpu 19 3028836 0 165496 25223592 122800 0 1146
cpu 18 3155498 2 143287 25195502 52547 0 368
cpu 1 3378008 12 186834 24995905 62249 0 3062
cpu 0 3348185 2 170022 24968761 64086 0 968
cpu 3 3133849 2 188671 25251506 61929 0 1817
cpu 2 3037669 1 207330 25303680 84114 0 1228
cpu 5 2927132 0 152242 25465061 90893 0 3087
cpu 4 2844180 1 177815 25434770 170289 0 7314
cpu 7 3460432 0 149933 24983413 48673 0 882
cpu 6 3231404 1 139538 25207821 61174 0 2401
cpu 9 3013538 2 129813 25445822 52039 0 486
cpu 8 3149153 81 138733 25263366 53576 0 9427
intel_hsw_cbo 1/7 20971793 20972340 20975390 20972852 17216934931893 758084869715 2564146622684 460012953654
intel_hsw_cbo 1/6 20971793 20972340 20975390 20972852 16502618373527 759477464985 2418393882737 460331013092
intel_hsw_cbo 1/0 20971793 20972340 20975390 20972852 15918271420858 757808668966 2233167313527 460162835523
intel_hsw_cbo 1/4 20971793 20972340 20975390 20972852 16235852926724 760449622166 2041990733011 460119472346
intel_hsw_cbo 1/3 20971793 20972340 20975390 20972852 18867237585253 758592375724 2840221403139 460191726707
intel_hsw_cbo 1/1 20971793 20972340 20975390 20972852 16107386744813 759477782519 2352049757544 460111026774
intel_hsw_cbo 0/8 20971793 20972340 20975390 20972852 15135907427443 702448768563 2129879166991 427423818486
intel_hsw_cbo 0/9 20971793 20972340 20975390 20972852 16777451955002 701127332537 2727528075319 427484334462
intel_hsw_cbo 0/6 20971793 20972340 20975390 20972852 16689285714810 756637652627 2243669897208 462779764921
intel_hsw_cbo 0/7 20971793 20972340 20975390 20972852 18074370494757 756483481257 2428036818944 462653559594
intel_hsw_cbo 0/4 20971793 20972340 20975390 20972852 16447296458125 757951460793 2058823547816 462818259170
intel_hsw_cbo 0/5 20971793 20972340 20975390 20972852 20091608215263 753675476870 2449497192866 462973488930
intel_hsw_cbo 0/2 20971793 20972340 20975390 20972852 15996785472674 755872781247 2012188846972 462567315889
intel_hsw_cbo 0/3 20971793 20972340 20975390 20972852 20773345129036 755719516733 2747717368838 462672693821
intel_hsw_cbo 0/0 20971793 20972340 20975390 20972852 16396120318388 755939996076 2244826615575 463114066725
intel_hsw_cbo 0/1 20971793 20972340 20975390 20972852 16806787624743 756908224433 2198635029719 462858417083
intel_hsw_cbo 1/9 20971793 20972340 20975390 20972852 16472205522612 703687077140 2889742289845 425331217044
intel_hsw_cbo 1/5 20971793 20972340 20975390 20972852 18242453869875 756225444502 2550734591055 460562246966
intel_hsw_cbo 1/8 20971793 20972340 20975390 20972852 14880413269874 704734200414 2293228223849 425367616611
intel_hsw_cbo 1/2 20971793 20972340 20975390 20972852 15598896421302 758195643066 1979033513655 460266530851
intel_hsw_hau ff/12.5 20972289 20974593 20971520 20975386 6177615232814 1750853071224 107339621502407 1754820289386
intel_hsw_hau 7f/12.1 20972289 20974593 20971520 20975386 5037927383198 1611418246830 100871348037578 1616454938243
intel_hsw_hau ff/12.1 20972289 20974593 20971520 20975386 7037416310347 2232894583291 107339621516458 2239328266864
intel_hsw_hau 7f/12.5 20972289 20974593 20971520 20975386 4723618749901 1483390012105 100871349112779 1486874759279
intel_hsw_imc ff/14.1 20972292 20974596 20974337 20971778 3074793426932 880257507211 3147589173018 1747073498430 0
intel_hsw_imc ff/14.0 20972292 20974596 20974337 20971778 3942705130560 1367530171315 3488804907197 1517152693251 0
intel_hsw_imc 7f/17.1 20972292 20974596 20974337 20971778 2355068427941 746026479086 2477766914020 1336445768663 0
intel_hsw_imc 7f/17.0 20972292 20974596 20974337 20971778 2353559182252 745956401032 2476971295552 1344002216682 0
intel_hsw_imc 7f/14.0 20972292 20974596 20974337 20971778 2668658168145 877993033145 2569760596767 1080828054988 0
intel_hsw_imc 7f/14.1 20972292 20974596 20974337 20971778 2350605744519 745918946442 2460210699423 1325197446631 0
intel_hsw_imc ff/17.0 20972292 20974596 20974337 20971778 3077527070595 880374615855 3171785969111 1772639178035 0
intel_hsw_imc ff/17.1 20972292 20974596 20974337 20971778 3078583112322 880272914819 3170368660177 1759711690062 0
intel_hsw_qpi ff/08.2 6291712 6292480 6293506 6292483 3872717940989 2715893651016 10674014442304 0
intel_hsw_qpi 7f/08.2 6291712 6292480 6293506 6292483 2712963649385 3876100557644 13752376823742 0
intel_hsw_qpi 7f/09.2 6291712 6292480 6293506 6292483 2713635743390 3875888117718 12566633863744 0
intel_hsw_qpi ff/09.2 6291712 6292480 6293506 6292483 3872740694296 2715388649277 11696370251736 0
intel_hsw_r2pci 7f/10.1 20972580 20975369 20975367 20975368 4712193496 24993085543570 26983478961347 31596974927911
intel_hsw_r2pci ff/10.1 20972580 20975369 20975367 20975368 47189048 23525970272394 26274099206970 29852546641107
mem 1 82566752 31488920 51077832 11377568 38959820 144 0 50254624 12975364 82856 37440 0 0 433240 0 0 0
mem 0 82341048 13827972 68513076 16758100 49819216 136 0 66119832 33875092 460576 109208 0 0 615380 24576 0 0
net vnet23 0 0 8311157 0 0 0 0 0 0 0 0 0 65730 0 496072843 0 0 0 0 0 0 91412 0
net enp6s0f0 0 0 0 0 0 0 0 0 0 0 0 0 0 0 6606 0 0 0 0 0 0 93 0
net vnet21 0 0 11160888 0 0 0 0 0 0 0 0 0 77662 0 1150513032 0 0 0 0 0 0 132716 0
net vnet46 0 0 121524 0 0 0 0 0 0 0 0 0 513 0 64610 0 0 0 0 0 0 548 0
net vnet20 0 0 11513166 0 0 0 0 0 0 0 0 0 81584 0 1150520475 0 0 0 0 0 0 135839 0
net enp1s0f0 0 1332295 78053189238 0 0 0 0 371 0 0 371 0 81218345 0 1598710153 0 0 0 0 0 0 9066759 0
net lo 0 0 60742157 0 0 0 0 0 0 0 0 0 483250 0 60742157 0 0 0 0 0 0 483250 0
net vnet24 0 0 583459 0 0 0 0 0 0 0 0 0 7108 0 80661731 0 0 0 0 0 0 19667 0
net vnet38 0 0 438643 0 0 0 0 0 0 0 0 0 4173 0 64695834 0 0 0 0 0 0 8530 0
net virbr0 0 1345 376479871 0 0 0 0 0 0 0 0 0 5004187 0 70467579235 0 0 0 0 0 0 7228771 0
numa 1 2585666144 18927329 1008175 29040 1605573721 998585922
numa 0 2111986395 1008175 18927329 28452 1142966096 969769241
ps - 848625959 1550423 315 304 313 2 799
sysv_shm - 0 0
tmpfs /run/lock 0 6
tmpfs /run 2228224 1149
tmpfs /run/user/20029 4096 44
tmpfs /run/qemu 0 1
tmpfs /dev/shm 75714809856 271266
vfs - 298250 124145 308109
vm - 12 31085771 1312186168 520825 2496526 4712625835 4726117358 99555009 21837040 4416642669 78780 0 0 0 0 0 2714357 0 1121522 2855 0 2497875 96 0 34 0 0

1764551812.221022 0 node12.dhkim-278716.ldos-ut-pg0.wisc.cloudlab.us
block sda 510416 408423 62156534 9430109 5558054 14742849 2624372337 238906959 0 17182568 252470164
block sdb 2615 0 7504 3511 4 0 0 0 0 4252 3512
block sdc 995 0 7996 261 4 0 0 0 0 960 262
cpu 11 3368221 2 178576 24838566 167026 0 2092
cpu 10 3504629 13 159709 24787563 111318 0 1083
cpu 13 3207846 0 136374 25150921 55862 0 309
cpu 12 3270829 2 152613 25029753 100749 0 812
cpu 15 2954737 0 143872 25372333 74230 0 589
cpu 14 2918750 1 134980 25440599 51912 0 262
cpu 17 3048635 10 139715 25289823 67788 0 404
cpu 16 3006968 0 161294 25228185 145211 0 1478
cpu 19 3028836 0 165496 25223695 122800 0 1146
cpu 18 3155501 2 143287 25195605 52547 0 368
cpu 1 3378052 12 186843 24995954 62249 0 3062
cpu 0 3348230 2 170028 24968812 64086 0 968
cpu 3 3133893 2 188671 25251565 61929 0 1817
cpu 2 3037716 1 207330 25303736 84114 0 1228
cpu 5 2927216 0 152246 25465076 90893 0 3087
cpu 4 2844227 1 177815 25434824 170289 0 7314
cpu 7 3460477 0 149944 24983461 48673 0 882
cpu 6 3231452 1 139540 25207873 61174 0 2401
cpu 9 3013538 2 129813 25445925 52039 0 486
cpu 8 3149154 81 138733 25263468 53576 0 9427
intel_hsw_cbo 1/7 20971793 20972340 20975390 20972852 17216936054689 758085158951 2564146984028 460013046928
intel_hsw_cbo 1/6 20971793 20972340 20975390 20972852 16502619465399 759477747938 2418393983732 460331106149
intel_hsw_cbo 1/0 20971793 20972340 20975390 20972852 15918272431294 757808958180 2233167564850 460162928035
intel_hsw_cbo 1/4 20971793 20972340 20975390 20972852 16235854027106 760449917127 2041990929599 460119566524
intel_hsw_cbo 1/3 20971793 20972340 20975390 20972852 18867238793957 758592661781 2840221797835 460191819512
intel_hsw_cbo 1/1 20971793 20972340 20975390 20972852 16107387825866 759478071892 2352049853609 460111121462
intel_hsw_cbo 0/8 20971793 20972340 20975390 20972852 15135946050718 702450905426 2129903319267 427427246193
intel_hsw_cbo 0/9 20971793 20972340 20975390 20972852 16777495006707 701129493326 2727539407287 427487757844
intel_hsw_cbo 0/6 20971793 20972340 20975390 20972852 16689325790025 756639929042 2243691852098 462783475946
intel_hsw_cbo 0/7 20971793 20972340 20975390 20972852 18074414852300 756485886738 2428045072677 462657277027
intel_hsw_cbo 0/4 20971793 20972340 20975390 20972852 16447336531392 757953726447 2058834528778 462821974319
intel_hsw_cbo 0/5 20971793 20972340 20975390 20972852 20091652625539 753677790832 2449506569896 462977240084
intel_hsw_cbo 0/2 20971793 20972340 20975390 20972852 15996826590582 755875200194 2012200318316 462571030966
intel_hsw_cbo 0/3 20971793 20972340 20975390 20972852 20773388397401 755721820842 2747730188742 462676413768
intel_hsw_cbo 0/0 20971793 20972340 20975390 20972852 16396161364375 755942409186 2244841332738 463117780006
intel_hsw_cbo 0/1 20971793 20972340 20975390 20972852 16806825727833 756910482889 2198661738948 462862128207
intel_hsw_cbo 1/9 20971793 20972340 20975390 20972852 16472206645094 703687338923 2889742640801 425331305285
intel_hsw_cbo 1/5 20971793 20972340 20975390 20972852 18242455037189 756225729451 2550734996238 460562340458
intel_hsw_cbo 1/8 20971793 20972340 20975390 20972852 14880414416841 704734468051 2293228300893 425367704528
intel_hsw_cbo 1/2 20971793 20972340 20975390 20972852 15598897441328 758195931369 1979033725034 460266624547
intel_hsw_hau ff/12.5 20972289 20974593 20971520 20975386 6177615850654 1750853203329 107342579577605 1754820425269
intel_hsw_hau 7f/12.1 20972289 20974593 20971520 20975386 5037953844424 1611442657018 100874406268210 1616479359420
intel_hsw_hau ff/12.1 20972289 20974593 20971520 20975386 7037417727579 2232894976013 107342579563708 2239328669833
intel_hsw_hau 7f/12.5 20972289 20974593 20971520 20975386 4723637269578 1483407459876 100874407372363 1486892207560
intel_hsw_imc ff/14.1 20972292 20974596 20974337 20971778 3074793734056 880257574856 3147589312525 1747073511801 0
intel_hsw_imc ff/14.0 20972292 20974596 20974337 20971778 3942706251314 1367530521183 3488805196829 1517152736324 0
intel_hsw_imc 7f/17.1 20972292 20974596 20974337 20971778 2355077770898 746035026357 2477776683567 1336448695239 0
intel_hsw_imc 7f/17.0 20972292 20974596 20974337 20971778 2353568580967 745965001337 2476981150646 1344005156115 0
intel_hsw_imc 7f/14.0 20972292 20974596 20974337 20971778 2668675507174 878008426591 2569775619558 1080832287420 0
intel_hsw_imc 7f/14.1 20972292 20974596 20974337 20971778 2350615130326 745927574372 2460220532834 1325200372110 0
intel_hsw_imc ff/17.0 20972292 20974596 20974337 20971778 3077527379254 880374683796 3171786111303 1772639191622 0
intel_hsw_imc ff/17.1 20972292 20974596 20974337 20971778 3078583430141 880272992944 3170368811818 1759711703969 0
intel_hsw_qpi ff/08.2 6291712 6292480 6293506 6292483 3872719016749 2715924837208 10674015869752 0
intel_hsw_qpi 7f/08.2 6291712 6292480 6293506 6292483 2712994831083 3876101633224 13752377753166 0
intel_hsw_qpi 7f/09.2 6291712 6292480 6293506 6292483 2713666929208 3875889193559 12566634634176 0
intel_hsw_qpi ff/09.2 6291712 6292480 6293506 6292483 3872741769766 2715419832088 11696372217536 0
intel_hsw_r2pci 7f/10.1 20972580 20975369 20975367 20975368 4712199152 24993136070185 26983553028790 31597062626301
intel_hsw_r2pci ff/10.1 20972580 20975369 20975367 20975368 47189198 23525977752734 26274180773786 29852630124049
mem 1 82566752 31488920 51077832 11377568 38959700 156 0 50254632 12975364 82732 37676 0 0 433220 0 0 0
mem 0 82341048 13492560 68848488 16758104 50153640 156 0 66454260 34209520 460580 109208 0 0 615388 24576 0 0
net vnet23 0 0 8311157 0 0 0 0 0 0 0 0 0 65730 0 496072843 0 0 0 0 0 0 91412 0
net enp6s0f0 0 0 0 0 0 0 0 0 0 0 0 0 0 0 6606 0 0 0 0 0 0 93 0
net vnet21 0 0 11160888 0 0 0 0 0 0 0 0 0 77662 0 1150513032 0 0 0 0 0 0 132716 0
net vnet46 0 0 121524 0 0 0 0 0 0 0 0 0 513 0 64610 0 0 0 0 0 0 548 0
net vnet20 0 0 11513166 0 0 0 0 0 0 0 0 0 81584 0 1150520475 0 0 0 0 0 0 135839 0
net enp1s0f0 0 1332299 78053196022 0 0 0 0 371 0 0 371 0 81218450 0 1598710983 0 0 0 0 0 0 9066765 0
net lo 0 0 60742702 0 0 0 0 0 0 0 0 0 483254 0 60742702 0 0 0 0 0 0 483254 0
net vnet24 0 0 583459 0 0 0 0 0 0 0 0 0 7108 0 80661731 0 0 0 0 0 0 19667 0
net vnet38 0 0 438643 0 0 0 0 0 0 0 0 0 4173 0 64695834 0 0 0 0 0 0 8530 0
net virbr0 0 1345 376479871 0 0 0 0 0 0 0 0 0 5004187 0 70467579235 0 0 0 0 0 0 7228771 0
numa 1 2585667607 18927329 1008175 29040 1605575184 998585922
numa 0 2112072504 1008175 18927329 28452 1143052205 969769241
ps - 848632017 1550434 315 304 313 10 799
sysv_shm - 0 0
tmpfs /run/lock 0 6
tmpfs /run 2228224 1149
tmpfs /run/user/20029 4096 44
tmpfs /run/qemu 0 1
tmpfs /dev/shm 75714809856 271266
vfs - 298250 124185 308109
vm - 12 31085771 1312186168 520825 2496526 4712713517 4726119226 99555010 21837040 4416730233 78780 0 0 0 0 0 2714357 0 1121522 2855 0 2497875 96 0 34 0 0

1764551813.255488 0 node12.dhkim-278716.ldos-ut-pg0.wisc.cloudlab.us
block sda 510416 408423 62156534 9430109 5558148 14747596 2624472105 238908333 7 17182876 252471538
block sdb 2615 0 7504 3511 4 0 0 0 0 4252 3512
block sdc 995 0 7996 261 4 0 0 0 0 960 262
cpu 11 3368223 2 178576 24838668 167026 0 2092
cpu 10 3504629 13 159709 24787666 111318 0 1083
cpu 13 3207846 0 136374 25151024 55862 0 309
cpu 12 3270829 2 152614 25029855 100749 0 812
cpu 15 2954738 0 143872 25372435 74230 0 589
cpu 14 2918750 1 134980 25440702 51912 0 262
cpu 17 3048635 10 139715 25289925 67788 0 404
cpu 16 3006968 0 161295 25228287 145211 0 1478
cpu 19 3028836 0 165496 25223798 122800 0 1146
cpu 18 3155503 2 143288 25195707 52547 0 368
cpu 1 3378090 12 186844 24996016 62250 0 3062
cpu 0 3348259 2 170032 24968877 64089 0 968
cpu 3 3133918 2 188678 25251629 61933 0 1817
cpu 2 3037748 1 207332 25303801 84118 0 1228
cpu 5 2927266 0 152247 25465127 90894 0 3088
cpu 4 2844254 1 177816 25434887 170300 0 7314
cpu 7 3460537 0 149951 24983497 48673 0 882
cpu 6 3231476 1 139548 25207940 61176 0 2401
cpu 9 3013538 2 129813 25446028 52039 0 486
cpu 8 3149154 81 138734 25263569 53576 0 9427
intel_hsw_cbo 1/7 20971793 20972340 20975390 20972852 17216936719897 758085365798 2564147103992 460013123683
intel_hsw_cbo 1/6 20971793 20972340 20975390 20972852 16502620161854 759477950525 2418394124531 460331182467
intel_hsw_cbo 1/0 20971793 20972340 20975390 20972852 15918273082555 757809163862 2233167760628 460163004044
intel_hsw_cbo 1/4 20971793 20972340 20975390 20972852 16235854698614 760450127871 2041991085561 460119642123
intel_hsw_cbo 1/3 20971793 20972340 20975390 20972852 18867239581340 758592865419 2840221949913 460191895739
intel_hsw_cbo 1/1 20971793 20972340 20975390 20972852 16107388512689 759478279912 2352050020994 460111198252
intel_hsw_cbo 0/8 20971793 20972340 20975390 20972852 15136007763560 702454052724 2129924165919 427431109574
intel_hsw_cbo 0/9 20971793 20972340 20975390 20972852 16777562643286 701132672070 2727560719805 427491618247
intel_hsw_cbo 0/6 20971793 20972340 20975390 20972852 16689392439691 756643240697 2243713600863 462787655614
intel_hsw_cbo 0/7 20971793 20972340 20975390 20972852 18074489177769 756489369732 2428065547436 462661466690
intel_hsw_cbo 0/4 20971793 20972340 20975390 20972852 16447402155102 757957076095 2058844112693 462826155411
intel_hsw_cbo 0/5 20971793 20972340 20975390 20972852 20091727408572 753681265307 2449529737212 462981443250
intel_hsw_cbo 0/2 20971793 20972340 20975390 20972852 15996894839873 755878702430 2012209483295 462575220105
intel_hsw_cbo 0/3 20971793 20972340 20975390 20972852 20773459777017 755725109788 2747755375247 462680591735
intel_hsw_cbo 0/0 20971793 20972340 20975390 20972852 16396229796425 755945956957 2244853707792 463121963392
intel_hsw_cbo 0/1 20971793 20972340 20975390 20972852 16806889529783 756913792613 2198683681727 462866316192
intel_hsw_cbo 1/9 20971793 20972340 20975390 20972852 16472207353837 703687524998 2889742781342 425331377298
intel_hsw_cbo 1/5 20971793 20972340 20975390 20972852 18242455778905 756225932531 2550735127337 460562416315
intel_hsw_cbo 1/8 20971793 20972340 20975390 20972852 14880415133776 704734656874 2293228446373 425367776678
intel_hsw_cbo 1/2 20971793 20972340 20975390 20972852 15598898051406 758196137914 1979033889637 460266701517
intel_hsw_hau ff/12.5 20972289 20974593 20971520 20975386 6177616469667 1750853337122 107345546309707 1754820561059
intel_hsw_hau 7f/12.1 20972289 20974593 20971520 20975386 5037985604210 1611469243267 100877474540638 1616505955468
intel_hsw_hau ff/12.1 20972289 20974593 20971520 20975386 7037419246780 2232895402870 107345546296666 2239329104318
intel_hsw_hau 7f/12.5 20972289 20974593 20971520 20975386 4723658938802 1483425473809 100877475644285 1486910222071
intel_hsw_imc ff/14.1 20972292 20974596 20974337 20971778 3074794042368 880257642377 3147589454775 1747073524526 0
intel_hsw_imc ff/14.0 20972292 20974596 20974337 20971778 3942707464582 1367530900196 3488805512805 1517152781258 0
intel_hsw_imc 7f/17.1 20972292 20974596 20974337 20971778 2355088653677 746043945467 2477787793681 1336452018754 0
intel_hsw_imc 7f/17.0 20972292 20974596 20974337 20971778 2353579516807 745973973956 2476992339711 1344008498120 0
intel_hsw_imc 7f/14.0 20972292 20974596 20974337 20971778 2668696482745 878025635614 2569792750545 1080837140093 0
intel_hsw_imc 7f/14.1 20972292 20974596 20974337 20971778 2350626111828 745936572300 2460231769626 1325203712945 0
intel_hsw_imc ff/17.0 20972292 20974596 20974337 20971778 3077527687584 880374751601 3171786255555 1772639204555 0
intel_hsw_imc ff/17.1 20972292 20974596 20974337 20971778 3078583746524 880273069270 3170368963860 1759711716983 0
intel_hsw_qpi ff/08.2 6291712 6292480 6293506 6292483 3872719534424 2715962982775 10674016962144 0
intel_hsw_qpi 7f/08.2 6291712 6292480 6293506 6292483 2713032969418 3876102150527 13752380271622 0
intel_hsw_qpi 7f/09.2 6291712 6292480 6293506 6292483 2713705073844 3875889711305 12566636638408 0
intel_hsw_qpi ff/09.2 6291712 6292480 6293506 6292483 3872742286990 2715457972577 11696373644904 0
intel_hsw_r2pci 7f/10.1 20972580 20975369 20975367 20975368 4712205328 24993204831557 26983641635524 31597166930999
intel_hsw_r2pci ff/10.1 20972580 20975369 20975367 20975368 47189438 23525983383668 26274278416978 29852728588305
mem 1 82566752 31489252 51077500 11377576 38959888 128 0 50254636 12975364 82872 37380 0 0 433208 0 0 0
mem 0 82341048 13193452 69147596 16758212 50450716 148 0 66752248 34507520 459996 110340 0 0 615236 24576 0 0
net vnet23 0 0 8311157 0 0 0 0 0 0 0 0 0 65730 0 496072895 0 0 0 0 0 0 91413 0
net enp6s0f0 0 0 0 0 0 0 0 0 0 0 0 0 0 0 6606 0 0 0 0 0 0 93 0
net vnet21 0 0 11160888 0 0 0 0 0 0 0 0 0 77662 0 1150513084 0 0 0 0 0 0 132717 0
net vnet46 0 0 121524 0 0 0 0 0 0 0 0 0 513 0 64662 0 0 0 0 0 0 549 0
net vnet20 0 0 11513166 0 0 0 0 0 0 0 0 0 81584 0 1150520527 0 0 0 0 0 0 135840 0
net enp1s0f0 0 1332304 78053200646 0 0 0 0 371 0 0 371 0 81218519 0 1598711813 0 0 0 0 0 0 9066771 0
net lo 0 0 60743247 0 0 0 0 0 0 0 0 0 483258 0 60743247 0 0 0 0 0 0 483258 0
net vnet24 0 0 583459 0 0 0 0 0 0 0 0 0 7108 0 80661783 0 0 0 0 0 0 19668 0
net vnet38 0 0 438643 0 0 0 0 0 0 0 0 0 4173 0 64695886 0 0 0 0 0 0 8531 0
net virbr0 0 1345 376479871 0 0 0 0 0 0 0 0 0 5004187 0 70467579235 0 0 0 0 0 0 7228771 0
numa 1 2585669127 18927329 1008175 29040 1605576704 998585922
numa 0 2112147331 1008175 18927329 28452 1143127032 969769241
ps - 848638725 1550455 315 304 313 9 788
sysv_shm - 0 0
tmpfs /run/lock 0 6
tmpfs /run 2228224 1149
tmpfs /run/user/20029 4096 44
tmpfs /run/qemu 0 1
tmpfs /dev/shm 75714809856 271266
vfs - 298250 124185 308109
vm - 12 31085771 1312241620 520825 2496526 4712789863 4726121312 99555029 21837040 4416806262 78780 0 0 0 0 0 2714357 0 1121522 2855 0 2497875 96 0 34 0 0

1764551814.290189 0 node12.dhkim-278716.ldos-ut-pg0.wisc.cloudlab.us
block sda 510417 408423 62156543 9430117 5558389 14748444 2624654505 238926826 0 17183604 252490040
block sdb 2615 0 7504 3511 4 0 0 0 0 4252 3512
block sdc 995 0 7996 261 4 0 0 0 0 960 262
cpu 11 3368223 2 178576 24838770 167026 0 2092
cpu 10 3504629 13 159709 24787767 111318 0 1083
cpu 13 3207846 0 136375 25151126 55862 0 309
cpu 12 3270829 2 152615 25029956 100749 0 812
cpu 15 2954738 0 143873 25372538 74230 0 589
cpu 14 2918750 1 134981 25440804 51912 0 262
cpu 17 3048636 10 139715 25290028 67788 0 404
cpu 16 3006968 0 161296 25228389 145211 0 1478
cpu 19 3028836 0 165497 25223901 122800 0 1146
cpu 18 3155504 2 143289 25195810 52547 0 368
cpu 1 3378151 12 186858 24996033 62259 0 3062
cpu 0 3348321 2 170036 24968890 64113 0 968
cpu 3 3133972 2 188686 25251672 61933 0 1817
cpu 2 3037797 1 207340 25303839 84128 0 1228
cpu 5 2927328 0 152264 25465148 90897 0 3088
cpu 4 2844309 1 177829 25434915 170308 0 7314
cpu 7 3460595 0 149956 24983507 48703 0 882
cpu 6 3231524 1 139565 25207975 61179 0 2401
cpu 9 3013538 2 129813 25446130 52039 0 486
cpu 8 3149155 81 138734 25263668 53576 0 9427
intel_hsw_cbo 1/7 20971793 20972340 20975390 20972852 17216937351045 758085581456 2564147143045 460013210973
intel_hsw_cbo 1/6 20971793 20972340 20975390 20972852 16502620769388 759478161113 2418394231663 460331270615
intel_hsw_cbo 1/0 20971793 20972340 20975390 20972852 15918273661964 757809379761 2233168112562 460163091423
intel_hsw_cbo 1/4 20971793 20972340 20975390 20972852 16235855351974 760450347402 2041991384075 460119729229
intel_hsw_cbo 1/3 20971793 20972340 20975390 20972852 18867240278260 758593077551 2840222034972 460191983913
intel_hsw_cbo 1/1 20971793 20972340 20975390 20972852 16107389096121 759478496202 2352050191037 460111286710
intel_hsw_cbo 0/8 20971793 20972340 20975390 20972852 15136058526685 702461574074 2129941174014 427435895976
intel_hsw_cbo 0/9 20971793 20972340 20975390 20972852 16777616120242 701140316752 2727576316447 427496429582
intel_hsw_cbo 0/6 20971793 20972340 20975390 20972852 16689447013581 756651127593 2243730557181 462792809377
intel_hsw_cbo 0/7 20971793 20972340 20975390 20972852 18074546242401 756497660549 2428079052104 462666700869
intel_hsw_cbo 0/4 20971793 20972340 20975390 20972852 16447457330420 757965314126 2058861987085 462831371216
intel_hsw_cbo 0/5 20971793 20972340 20975390 20972852 20091782693317 753689275528 2449545046107 462986686279
intel_hsw_cbo 0/2 20971793 20972340 20975390 20972852 15996949421491 755887010745 2012227510474 462580452418
intel_hsw_cbo 0/3 20971793 20972340 20975390 20972852 20773516458654 755732971811 2747774586998 462685785533
intel_hsw_cbo 0/0 20971793 20972340 20975390 20972852 16396284414566 755954240204 2244872975030 463127183309
intel_hsw_cbo 0/1 20971793 20972340 20975390 20972852 16806942995687 756921870234 2198701793814 462871463342
intel_hsw_cbo 1/9 20971793 20972340 20975390 20972852 16472207989429 703687724786 2889742865022 425331459287
intel_hsw_cbo 1/5 20971793 20972340 20975390 20972852 18242456398901 756226144560 2550735167111 460562503092
intel_hsw_cbo 1/8 20971793 20972340 20975390 20972852 14880415808636 704734858632 2293228588867 425367860200
intel_hsw_cbo 1/2 20971793 20972340 20975390 20972852 15598898660471 758196353416 1979034221927 460266789944
intel_hsw_hau ff/12.5 20972289 20974593 20971520 20975386 6177617106601 1750853509388 107348537603782 1754820735923
intel_hsw_hau 7f/12.1 20972289 20974593 20971520 20975386 5038006153032 1611489112181 100880569042220 1616525833697
intel_hsw_hau ff/12.1 20972289 20974593 20971520 20975386 7037420828988 2232895895478 107348537609557 2239329605133
intel_hsw_hau 7f/12.5 20972289 20974593 20971520 20975386 4723673727199 1483441606671 100880570125269 1486926355465
intel_hsw_imc ff/14.1 20972292 20974596 20974337 20971778 3074794359269 880257728911 3147589644083 1747073538588 0
intel_hsw_imc ff/14.0 20972292 20974596 20974337 20971778 3942708737437 1367531325583 3488805906195 1517152829497 0
intel_hsw_imc 7f/17.1 20972292 20974596 20974337 20971778 2355096114883 746051832442 2477797338787 1336454293693 0
intel_hsw_imc 7f/17.0 20972292 20974596 20974337 20971778 2353587028501 745981909903 2477001943755 1344010788004 0
intel_hsw_imc 7f/14.0 20972292 20974596 20974337 20971778 2668709694006 878037213210 2569806366191 1080840065036 0
intel_hsw_imc 7f/14.1 20972292 20974596 20974337 20971778 2350633659393 745944539886 2460241403754 1325206005365 0
intel_hsw_imc ff/17.0 20972292 20974596 20974337 20971778 3077528005082 880374838743 3171786446209 1772639218928 0
intel_hsw_imc ff/17.1 20972292 20974596 20974337 20971778 3078584071832 880273164850 3170369162440 1759711731140 0
intel_hsw_qpi ff/08.2 6291712 6292480 6293506 6292483 3872719730620 2715988968122 10674018209816 0
intel_hsw_qpi 7f/08.2 6291712 6292480 6293506 6292483 2713058956518 3876102347349 13752383861174 0
intel_hsw_qpi 7f/09.2 6291712 6292480 6293506 6292483 2713731060558 3875889907532 12566639499712 0
intel_hsw_qpi ff/09.2 6291712 6292480 6293506 6292483 3872742483750 2715483955944 11696375211272 0
intel_hsw_r2pci 7f/10.1 20972580 20975369 20975367 20975368 4712212104 24993316542731 26983741879963 31597301423873
intel_hsw_r2pci ff/10.1 20972580 20975369 20975367 20975368 47189596 23525989105111 26274346493988 29852798030672
mem 1 82566752 31489384 51077368 11377572 38960160 144 0 50254644 12975508 83164 37652 0 0 433200 0 0 0
mem 0 82341048 12529432 69811616 16758292 51111476 168 0 67413032 35168232 460068 111332 0 0 615316 24576 0 0
net vnet23 0 0 8311157 0 0 0 0 0 0 0 0 0 65730 0 496072895 0 0 0 0 0 0 91413 0
net enp6s0f0 0 0 0 0 0 0 0 0 0 0 0 0 0 0 6606 0 0 0 0 0 0 93 0
net vnet21 0 0 11160888 0 0 0 0 0 0 0 0 0 77662 0 1150513084 0 0 0 0 0 0 132717 0
net vnet46 0 0 121524 0 0 0 0 0 0 0 0 0 513 0 64662 0 0 0 0 0 0 549 0
net vnet20 0 0 11513166 0 0 0 0 0 0 0 0 0 81584 0 1150520527 0 0 0 0 0 0 135840 0
net enp1s0f0 0 1332307 78053207603 0 0 0 0 371 0 0 371 0 81218627 0 1598712548 0 0 0 0 0 0 9066776 0
net lo 0 0 60743792 0 0 0 0 0 0 0 0 0 483262 0 60743792 0 0 0 0 0 0 483262 0
net vnet24 0 0 583459 0 0 0 0 0 0 0 0 0 7108 0 80661783 0 0 0 0 0 0 19668 0
net vnet38 0 0 438643 0 0 0 0 0 0 0 0 0 4173 0 64695886 0 0 0 0 0 0 8531 0
net virbr0 0 1345 376479871 0 0 0 0 0 0 0 0 0 5004187 0 70467579235 0 0 0 0 0 0 7228771 0
numa 1 2585670603 18927329 1008175 29040 1605578180 998585922
numa 0 2112313936 1008175 18927329 28452 1143293637 969769241
ps - 848648990 1550470 315 304 313 9 791
sysv_shm - 0 0
tmpfs /run/lock 0 6
tmpfs /run 2228224 1149
tmpfs /run/user/20029 4096 44
tmpfs /run/qemu 0 1
tmpfs /dev/shm 75714813952 271266
vfs - 298250 124225 308109
vm - 12 31085775 1312327252 520825 2496526 4712957914 4726123444 99555044 21837040 4416988092 78780 0 0 0 0 0 2714357 0 1121522 2855 0 2497875 96 0 34 0 0

1764551815.323681 0 node12.dhkim-278716.ldos-ut-pg0.wisc.cloudlab.us
block sda 510417 408423 62156543 9430117 5558456 14748474 2624655313 238927760 1 17183680 252490973
block sdb 2615 0 7504 3511 4 0 0 0 0 4252 3512
block sdc 995 0 7996 261 4 0 0 0 0 960 262
cpu 11 3368223 2 178577 24838872 167026 0 2092
cpu 10 3504629 13 159710 24787868 111318 0 1083
cpu 13 3207846 0 136376 25151229 55862 0 309
cpu 12 3270829 2 152615 25030058 100749 0 812
cpu 15 2954738 0 143874 25372638 74230 0 589
cpu 14 2918750 1 134981 25440906 51912 0 262
cpu 17 3048636 10 139716 25290131 67788 0 404
cpu 16 3006969 0 161296 25228492 145211 0 1478
cpu 19 3028840 0 165497 25224000 122800 0 1146
cpu 18 3155506 2 143290 25195913 52547 0 368
cpu 1 3378236 12 186858 24996049 62259 0 3062
cpu 0 3348387 2 170048 24968916 64113 0 968
cpu 3 3134033 2 188699 25251699 61933 0 1817
cpu 2 3037889 1 207342 25303847 84128 0 1228
cpu 5 2927386 0 152286 25465169 90897 0 3088
cpu 4 2844365 1 177847 25434944 170308 0 7314
cpu 7 3460664 0 149958 24983538 48703 0 882
cpu 6 3231573 1 139581 25208012 61179 0 2401
cpu 9 3013538 2 129813 25446227 52044 0 486
cpu 8 3149156 81 138734 25263767 53576 0 9427
intel_hsw_cbo 1/7 20971793 20972340 20975390 20972852 17216938127180 758085811012 2564147195208 460013304434
intel_hsw_cbo 1/6 20971793 20972340 20975390 20972852 16502621508436 759478383660 2418394334466 460331365168
intel_hsw_cbo 1/0 20971793 20972340 20975390 20972852 15918274387686 757809608449 2233168426284 460163188766
intel_hsw_cbo 1/4 20971793 20972340 20975390 20972852 16235856123192 760450582332 2041991679064 460119824952
intel_hsw_cbo 1/3 20971793 20972340 20975390 20972852 18867241171917 758593301556 2840222128824 460192077703
intel_hsw_cbo 1/1 20971793 20972340 20975390 20972852 16107389839164 759478725540 2352050326328 460111383524
intel_hsw_cbo 0/8 20971793 20972340 20975390 20972852 15136178809222 702471232679 2129978053705 427451858572
intel_hsw_cbo 0/9 20971793 20972340 20975390 20972852 16777741507309 701150043743 2727592087921 427512388938
intel_hsw_cbo 0/6 20971793 20972340 20975390 20972852 16689575142378 756661245356 2243767098856 462810080595
intel_hsw_cbo 0/7 20971793 20972340 20975390 20972852 18074676441247 756507895489 2428090350059 462683981389
intel_hsw_cbo 0/4 20971793 20972340 20975390 20972852 16447590481212 757975584768 2058884159724 462848643278
intel_hsw_cbo 0/5 20971793 20972340 20975390 20972852 20091913548024 753699561535 2449557747291 463003981423
intel_hsw_cbo 0/2 20971793 20972340 20975390 20972852 15997073835170 755897213641 2012248011160 462597721806
intel_hsw_cbo 0/3 20971793 20972340 20975390 20972852 20773647730689 755742820433 2747793991504 462703052005
intel_hsw_cbo 0/0 20971793 20972340 20975390 20972852 16396414391562 755964869498 2244894763317 463144462464
intel_hsw_cbo 0/1 20971793 20972340 20975390 20972852 16807069350569 756931991723 2198738554933 462888720651
intel_hsw_cbo 1/9 20971793 20972340 20975390 20972852 16472208728666 703687936330 2889742958652 425331548496
intel_hsw_cbo 1/5 20971793 20972340 20975390 20972852 18242457211508 756226369008 2550735219287 460562597196
intel_hsw_cbo 1/8 20971793 20972340 20975390 20972852 14880416538879 704735072429 2293228700595 425367948714
intel_hsw_cbo 1/2 20971793 20972340 20975390 20972852 15598899315694 758196582233 1979034523329 460266883048
intel_hsw_hau ff/12.5 20972289 20974593 20971520 20975386 6177617880724 1750853689740 107351529052213 1754820917274
intel_hsw_hau 7f/12.1 20972289 20974593 20971520 20975386 5038098536880 1611578217550 100883663607500 1616614949591
intel_hsw_hau ff/12.1 20972289 20974593 20971520 20975386 7037422579924 2232896408345 107351529046752 2239330123285
intel_hsw_hau 7f/12.5 20972289 20974593 20971520 20975386 4723757612073 1483525165316 100883664703409 1487009915225
intel_hsw_imc ff/14.1 20972292 20974596 20974337 20971778 3074794745472 880257819092 3147589895629 1747073557399 0
intel_hsw_imc ff/14.0 20972292 20974596 20974337 20971778 3942710115857 1367531768503 3488806389124 1517152885346 0
intel_hsw_imc 7f/17.1 20972292 20974596 20974337 20971778 2355138267318 746092189344 2477857496516 1336479022203 0
intel_hsw_imc 7f/17.0 20972292 20974596 20974337 20971778 2353629234626 746022276210 2477062554614 1344035718842 0
intel_hsw_imc 7f/14.0 20972292 20974596 20974337 20971778 2668760365221 878083010738 2569870701892 1080862900795 0
intel_hsw_imc 7f/14.1 20972292 20974596 20974337 20971778 2350675869995 745984953099 2460301454974 1325230870254 0
intel_hsw_imc ff/17.0 20972292 20974596 20974337 20971778 3077528392642 880374929392 3171786700527 1772639237922 0
intel_hsw_imc ff/17.1 20972292 20974596 20974337 20971778 3078584468437 880273265914 3170369426181 1759711749954 0
intel_hsw_qpi ff/08.2 6291712 6292480 6293506 6292483 3872719961700 2716087417469 10674019510144 0
intel_hsw_qpi 7f/08.2 6291712 6292480 6293506 6292483 2713157383395 3876102579464 13752387667526 0
intel_hsw_qpi 7f/09.2 6291712 6292480 6293506 6292483 2713829508967 3875890138688 12566642431240 0
intel_hsw_qpi ff/09.2 6291712 6292480 6293506 6292483 3872742715818 2715582385194 11696376854448 0
intel_hsw_r2pci 7f/10.1 20972580 20975369 20975367 20975368 4712218672 24993587999631 26984065649802 31597635798101
intel_hsw_r2pci ff/10.1 20972580 20975369 20975367 20975368 47189744 23525995750178 26274591356823 29853043724760
mem 1 82566752 31489664 51077088 11377564 38960148 8 12 50254656 12975364 83120 37644 0 0 433200 0 0 0
mem 0 82341048 11743756 70597292 16758296 51893884 4 0 68195480 35950680 460068 113556 0 0 616660 24576 0 0
net vnet23 0 0 8311157 0 0 0 0 0 0 0 0 0 65730 0 496072947 0 0 0 0 0 0 91414 0
net enp6s0f0 0 0 0 0 0 0 0 0 0 0 0 0 0 0 6606 0 0 0 0 0 0 93 0
net vnet21 0 0 11160888 0 0 0 0 0 0 0 0 0 77662 0 1150513136 0 0 0 0 0 0 132718 0
net vnet46 0 0 126580 0 0 0 0 0 0 0 0 0 540 0 69366 0 0 0 0 0 0 571 0
net vnet20 0 0 11513166 0 0 0 0 0 0 0 0 0 81584 0 1150520579 0 0 0 0 0 0 135841 0
net enp1s0f0 0 1332314 78053213618 0 0 0 0 371 0 0 371 0 81218719 0 1598713957 0 0 0 0 0 0 9066784 0
net lo 0 0 60744337 0 0 0 0 0 0 0 0 0 483266 0 60744337 0 0 0 0 0 0 483266 0
net vnet24 0 0 583459 0 0 0 0 0 0 0 0 0 7108 0 80661835 0 0 0 0 0 0 19669 0
net vnet38 0 0 438643 0 0 0 0 0 0 0 0 0 4173 0 64695938 0 0 0 0 0 0 8532 0
net virbr0 0 1345 376484549 0 0 0 0 0 0 0 0 0 5004214 0 70467583887 0 0 0 0 0 0 7228792 0
numa 1 2585672732 18927329 1008175 29040 1605580309 998585922
numa 0 2112509609 1008175 18927329 28452 1143489310 969769241
ps - 848655748 1550483 315 304 313 5 791
sysv_shm - 0 0
tmpfs /run/lock 0 6
tmpfs /run 2228224 1149
tmpfs /run/user/20029 4096 44
tmpfs /run/qemu 0 1
tmpfs /dev/shm 75714813952 271266
vfs - 298250 124185 308109
vm - 12 31085775 1312327660 520825 2496526 4713155637 4726125895 99555045 21837040 4417185457 78780 0 0 0 0 0 2714357 0 1121522 2855 0 2497875 96 0 34 0 0

1764551816.356813 0 node12.dhkim-278716.ldos-ut-pg0.wisc.cloudlab.us
block sda 510417 408423 62156543 9430117 5558465 14748474 2624656033 238927807 0 17183736 252491060
block sdb 2615 0 7504 3511 4 0 0 0 0 4252 3512
block sdc 995 0 7996 261 4 0 0 0 0 960 262
cpu 11 3368224 2 178577 24838975 167026 0 2092
cpu 10 3504630 13 159710 24787970 111318 0 1083
cpu 13 3207846 0 136376 25151331 55862 0 309
cpu 12 3270830 2 152616 25030159 100749 0 812
cpu 15 2954738 0 143875 25372740 74230 0 589
cpu 14 2918750 1 134981 25441007 51912 0 262
cpu 17 3048637 10 139717 25290233 67788 0 404
cpu 16 3006969 0 161297 25228593 145211 0 1478
cpu 19 3028842 0 165498 25224098 122802 0 1146
cpu 18 3155508 2 143290 25196015 52547 0 368
cpu 1 3378329 12 186858 24996060 62259 0 3062
cpu 0 3348419 2 170048 24968984 64113 0 968
cpu 3 3134121 2 188701 25251712 61933 0 1817
cpu 2 3037921 1 207343 25303916 84128 0 1228
cpu 5 2927449 0 152288 25465206 90897 0 3088
cpu 4 2844397 1 177848 25435012 170308 0 7314
cpu 7 3460696 0 149959 24983605 48703 0 882
cpu 6 3231663 1 139582 25208024 61179 0 2401
cpu 9 3013538 2 129814 25446330 52044 0 486
cpu 8 3149156 81 138734 25263870 53576 0 9427
intel_hsw_cbo 1/7 20971793 20972340 20975390 20972852 17216939334427 758086121221 2564147282342 460013413261
intel_hsw_cbo 1/6 20971793 20972340 20975390 20972852 16502622699657 759478687270 2418394652205 460331474446
intel_hsw_cbo 1/0 20971793 20972340 20975390 20972852 15918275484434 757809917707 2233168680095 460163296383
intel_hsw_cbo 1/4 20971793 20972340 20975390 20972852 16235857251283 760450898261 2041991933305 460119932730
intel_hsw_cbo 1/3 20971793 20972340 20975390 20972852 18867242509917 758593607113 2840222282306 460192185975
intel_hsw_cbo 1/1 20971793 20972340 20975390 20972852 16107391041925 759479035868 2352050671033 460111492737
intel_hsw_cbo 0/8 20971793 20972340 20975390 20972852 15136323988131 702481806179 2129994929813 427470048764
intel_hsw_cbo 0/9 20971793 20972340 20975390 20972852 16777888406149 701160613941 2727602586619 427530573457
intel_hsw_cbo 0/6 20971793 20972340 20975390 20972852 16689733953491 756672682286 2243784798652 462829757362
intel_hsw_cbo 0/7 20971793 20972340 20975390 20972852 18074838998627 756519341793 2428098649888 462703678817
intel_hsw_cbo 0/4 20971793 20972340 20975390 20972852 16447751044668 757987021806 2058897723666 462868320230
intel_hsw_cbo 0/5 20971793 20972340 20975390 20972852 20092074861197 753710820883 2449567145285 463023676077
intel_hsw_cbo 0/2 20971793 20972340 20975390 20972852 15997229018042 755908640136 2012260398952 462617428764
intel_hsw_cbo 0/3 20971793 20972340 20975390 20972852 20773810181811 755754173900 2747806717151 462722720084
intel_hsw_cbo 0/0 20971793 20972340 20975390 20972852 16396572442938 755976290325 2244907863646 463164132333
intel_hsw_cbo 0/1 20971793 20972340 20975390 20972852 16807223958510 756943394594 2198755358749 462908392147
intel_hsw_cbo 1/9 20971793 20972340 20975390 20972852 16472210002787 703688217096 2889743106320 425331648600
intel_hsw_cbo 1/5 20971793 20972340 20975390 20972852 18242458429366 756226673744 2550735308504 460562705643
intel_hsw_cbo 1/8 20971793 20972340 20975390 20972852 14880417820702 704735356575 2293229043601 425368049656
intel_hsw_cbo 1/2 20971793 20972340 20975390 20972852 15598900463933 758196891769 1979034761891 460266991318
intel_hsw_hau ff/12.5 20972289 20974593 20971520 20975386 6177618656953 1750853877268 107354519192082 1754821106057
intel_hsw_hau 7f/12.1 20972289 20974593 20971520 20975386 5038207230959 1611678220498 100886756830260 1616714962675
intel_hsw_hau ff/12.1 20972289 20974593 20971520 20975386 7037424256826 2232896898120 107354519178741 2239330619134
intel_hsw_hau 7f/12.5 20972289 20974593 20971520 20975386 4723857288730 1483619595603 100886757934329 1487104346143
intel_hsw_imc ff/14.1 20972292 20974596 20974337 20971778 3074795129190 880257913836 3147590122572 1747073579580 0
intel_hsw_imc ff/14.0 20972292 20974596 20974337 20971778 3942711422338 1367532185735 3488806823573 1517152945160 0
intel_hsw_imc 7f/17.1 20972292 20974596 20974337 20971778 2355188215403 746139392030 2477929344480 1336509611766 0
intel_hsw_imc 7f/17.0 20972292 20974596 20974337 20971778 2353679233527 746069536191 2477135157808 1344066440341 0
intel_hsw_imc 7f/14.0 20972292 20974596 20974337 20971778 2668819341190 878135799032 2569947569983 1080890896736 0
intel_hsw_imc 7f/14.1 20972292 20974596 20974337 20971778 2350725877062 746032233518 2460373459826 1325261452961 0
intel_hsw_imc ff/17.0 20972292 20974596 20974337 20971778 3077528782041 880375023479 3171786933312 1772639260461 0
intel_hsw_imc ff/17.1 20972292 20974596 20974337 20971778 3078584865307 880273371791 3170369667956 1759711772324 0
intel_hsw_qpi ff/08.2 6291712 6292480 6293506 6292483 3872720956041 2716198477279 10674021040024 0
intel_hsw_qpi 7f/08.2 6291712 6292480 6293506 6292483 2713268415054 3876103573346 13752389470286 0
intel_hsw_qpi 7f/09.2 6291712 6292480 6293506 6292483 2713940565885 3875891133054 12566643833424 0
intel_hsw_qpi ff/09.2 6291712 6292480 6293506 6292483 3872743709599 2715693425206 11696378912776 0
intel_hsw_r2pci 7f/10.1 20972580 20975369 20975367 20975368 4712224214 24993805568817 26984346899357 31597945710072
intel_hsw_r2pci ff/10.1 20972580 20975369 20975367 20975368 47189906 23526003555190 26274866505149 29853320526474
mem 1 82566752 31489688 51077064 11377584 38963200 104 0 50254668 12975604 86236 37844 0 0 433200 0 0 0
mem 0 82341048 11688692 70652356 16758296 51948640 196 0 68249732 36004936 460512 113560 0 0 616708 24576 0 0
net vnet23 0 0 8311157 0 0 0 0 0 0 0 0 0 65730 0 496072999 0 0 0 0 0 0 91415 0
net enp6s0f0 0 0 0 0 0 0 0 0 0 0 0 0 0 0 6606 0 0 0 0 0 0 93 0
net vnet21 0 0 11160888 0 0 0 0 0 0 0 0 0 77662 0 1150513188 0 0 0 0 0 0 132719 0
net vnet46 0 0 126580 0 0 0 0 0 0 0 0 0 540 0 69418 0 0 0 0 0 0 572 0
net vnet20 0 0 11513166 0 0 0 0 0 0 0 0 0 81584 0 1150520631 0 0 0 0 0 0 135842 0
net enp1s0f0 0 1332318 78053221376 0 0 0 0 371 0 0 371 0 81218807 0 1598716366 0 0 0 0 0 0 9066796 0
net lo 0 0 60744882 0 0 0 0 0 0 0 0 0 483270 0 60744882 0 0 0 0 0 0 483270 0
net vnet24 0 0 583459 0 0 0 0 0 0 0 0 0 7108 0 80661887 0 0 0 0 0 0 19670 0
net vnet38 0 0 438643 0 0 0 0 0 0 0 0 0 4173 0 64695990 0 0 0 0 0 0 8533 0
net virbr0 0 1345 376484549 0 0 0 0 0 0 0 0 0 5004214 0 70467583887 0 0 0 0 0 0 7228792 0
numa 1 2585675237 18927329 1008175 29040 1605582814 998585922
numa 0 2112523735 1008175 18927329 28452 1143503436 969769241
ps - 848662472 1550497 345 311 315 5 794
sysv_shm - 0 0
tmpfs /run/lock 0 6
tmpfs /run 2228224 1149
tmpfs /run/user/20029 4096 44
tmpfs /run/qemu 0 1
tmpfs /dev/shm 75714813952 271266
vfs - 298259 124185 308120
vm - 12 31085775 1312328016 520825 2496526 4713172272 4726127838 99555045 21837040 4417202771 78780 0 0 0 0 0 2714357 0 1121522 2855 0 2497875 96 0 34 0 0

1764551817.392339 0 node12.dhkim-278716.ldos-ut-pg0.wisc.cloudlab.us
block sda 510417 408423 62156543 9430117 5558465 14748474 2624656033 238927807 0 17183736 252491060
block sdb 2615 0 7504 3511 4 0 0 0 0 4252 3512
block sdc 995 0 7996 261 4 0 0 0 0 960 262
cpu 11 3368224 2 178577 24839076 167026 0 2092
cpu 10 3504630 13 159710 24788073 111318 0 1083
cpu 13 3207847 0 136376 25151433 55862 0 309
cpu 12 3270830 2 152616 25030261 100749 0 812
cpu 15 2954739 0 143875 25372841 74230 0 589
cpu 14 2918750 1 134981 25441109 51912 0 262
cpu 17 3048637 10 139717 25290335 67788 0 404
cpu 16 3006970 0 161298 25228694 145211 0 1478
cpu 19 3028843 0 165499 25224200 122802 0 1146
cpu 18 3155511 2 143291 25196117 52547 0 368
cpu 1 3378397 12 186858 24996094 62259 0 3062
cpu 0 3348458 2 170048 24969047 64113 0 969
cpu 3 3134136 2 188703 25251797 61933 0 1817
cpu 2 3037958 1 207344 25303979 84128 0 1228
cpu 5 2927552 0 152288 25465206 90897 0 3088
cpu 4 2844424 1 177849 25435085 170308 0 7314
cpu 7 3460768 0 149959 24983635 48703 0 882
cpu 6 3231718 1 139584 25208069 61179 0 2401
cpu 9 3013538 2 129814 25446433 52044 0 486
cpu 8 3149156 81 138734 25263973 53576 0 9427
intel_hsw_cbo 1/7 20971793 20972340 20975390 20972852 17216940832802 758086413015 2564147400405 460013511991
intel_hsw_cbo 1/6 20971793 20972340 20975390 20972852 16502624117348 759478972882 2418394820469 460331571941
intel_hsw_cbo 1/0 20971793 20972340 20975390 20972852 15918276788207 757810209462 2233168944585 460163392748
intel_hsw_cbo 1/4 20971793 20972340 20975390 20972852 16235858612459 760451194875 2041992211593 460120029048
intel_hsw_cbo 1/3 20971793 20972340 20975390 20972852 18867244116781 758593895359 2840222449521 460192283079
intel_hsw_cbo 1/1 20971793 20972340 20975390 20972852 16107392451476 759479327637 2352050856032 460111589814
intel_hsw_cbo 0/8 20971793 20972340 20975390 20972852 15136490348619 702491937576 2129999688490 427495886502
intel_hsw_cbo 0/9 20971793 20972340 20975390 20972852 16778055686470 701170703993 2727607360162 427556406013
intel_hsw_cbo 0/6 20971793 20972340 20975390 20972852 16689919994169 756683667927 2243789578750 462857734878
intel_hsw_cbo 0/7 20971793 20972340 20975390 20972852 18075027974821 756530275598 2428102839118 462731664548
intel_hsw_cbo 0/4 20971793 20972340 20975390 20972852 16447939248108 757997936046 2058901583003 462896298363
intel_hsw_cbo 0/5 20971793 20972340 20975390 20972852 20092253576678 753721701023 2449572212757 463051670047
intel_hsw_cbo 0/2 20971793 20972340 20975390 20972852 15997409287690 755919589710 2012263956560 462645411640
intel_hsw_cbo 0/3 20971793 20972340 20975390 20972852 20773996955810 755765118614 2747812305304 462750696321
intel_hsw_cbo 0/0 20971793 20972340 20975390 20972852 16396756328972 755987249642 2244912128985 463192111782
intel_hsw_cbo 0/1 20971793 20972340 20975390 20972852 16807398325385 756954344648 2198760177658 462936368140
intel_hsw_cbo 1/9 20971793 20972340 20975390 20972852 16472211523395 703688480226 2889743261296 425331740041
intel_hsw_cbo 1/5 20971793 20972340 20975390 20972852 18242460026627 756226961975 2550735435432 460562802249
intel_hsw_cbo 1/8 20971793 20972340 20975390 20972852 14880419387804 704735624461 2293229222926 425368141734
intel_hsw_cbo 1/2 20971793 20972340 20975390 20972852 15598901785693 758197183877 1979035045923 460267089333
intel_hsw_hau ff/12.5 20972289 20974593 20971520 20975386 6177619442391 1750854021816 107357513062494 1754821251568
intel_hsw_hau 7f/12.1 20972289 20974593 20971520 20975386 5038353934874 1611818668774 100889854000188 1616855418773
intel_hsw_hau ff/12.1 20972289 20974593 20971520 20975386 7037425879611 2232897317935 107357513068965 2239331043567
intel_hsw_hau 7f/12.5 20972289 20974593 20971520 20975386 4723995744154 1483753981189 100889855083321 1487238732100
intel_hsw_imc ff/14.1 20972292 20974596 20974337 20971778 3074795520810 880257987698 3147590338313 1747073600991 0
intel_hsw_imc ff/14.0 20972292 20974596 20974337 20971778 3942712666264 1367532551587 3488807217681 1517152995548 0
intel_hsw_imc 7f/17.1 20972292 20974596 20974337 20971778 2355257446575 746206615391 2478042204599 1336565617526 0
intel_hsw_imc 7f/17.0 20972292 20974596 20974337 20971778 2353748532944 746136819379 2477247791652 1344123112284 0
intel_hsw_imc 7f/14.0 20972292 20974596 20974337 20971778 2668896854818 878209097343 2570063930398 1080939767478 0
intel_hsw_imc 7f/14.1 20972292 20974596 20974337 20971778 2350795179778 746099536688 2460486105301 1325317320690 0
intel_hsw_imc ff/17.0 20972292 20974596 20974337 20971778 3077529174451 880375096342 3171787151646 1772639281964 0
intel_hsw_imc ff/17.1 20972292 20974596 20974337 20971778 3078585267585 880273455078 3170369896680 1759711793271 0
intel_hsw_qpi ff/08.2 6291712 6292480 6293506 6292483 3872722052840 2716340996605 10674022562808 0
intel_hsw_qpi 7f/08.2 6291712 6292480 6293506 6292483 2713410915663 3876104670706 13752390691174 0
intel_hsw_qpi 7f/09.2 6291712 6292480 6293506 6292483 2714083084232 3875892229886 12566644721600 0
intel_hsw_qpi ff/09.2 6291712 6292480 6293506 6292483 3872744806934 2715835928746 11696380951664 0
intel_hsw_r2pci 7f/10.1 20972580 20975369 20975367 20975368 4712230282 24994046058989 26984680528246 31598288036382
intel_hsw_r2pci ff/10.1 20972580 20975369 20975367 20975368 47190054 23526011348368 26275215920428 29853671992095
mem 1 82566752 31489820 51076932 11377592 38964176 128 0 50254672 12975604 87216 37904 0 0 433200 0 0 0
mem 0 82341048 11658732 70682316 16758296 51978956 224 0 68280236 36035440 460164 113740 0 0 616852 24576 0 0
net vnet23 0 0 8311157 0 0 0 0 0 0 0 0 0 65730 0 496072999 0 0 0 0 0 0 91415 0
net enp6s0f0 0 0 0 0 0 0 0 0 0 0 0 0 0 0 6606 0 0 0 0 0 0 93 0
net vnet21 0 0 11160888 0 0 0 0 0 0 0 0 0 77662 0 1150513188 0 0 0 0 0 0 132719 0
net vnet46 0 0 126580 0 0 0 0 0 0 0 0 0 540 0 69488 0 0 0 0 0 0 573 0
net vnet20 0 0 11513166 0 0 0 0 0 0 0 0 0 81584 0 1150520631 0 0 0 0 0 0 135842 0
net enp1s0f0 0 1332323 78053228617 0 0 0 0 371 0 0 371 0 81218894 0 1598718473 0 0 0 0 0 0 9066805 0
net lo 0 0 60745427 0 0 0 0 0 0 0 0 0 483274 0 60745427 0 0 0 0 0 0 483274 0
net vnet24 0 0 583459 0 0 0 0 0 0 0 0 0 7108 0 80661887 0 0 0 0 0 0 19670 0
net vnet38 0 0 438643 0 0 0 0 0 0 0 0 0 4173 0 64695990 0 0 0 0 0 0 8533 0
net virbr0 0 1345 376484549 0 0 0 0 0 0 0 0 0 5004214 0 70467583887 0 0 0 0 0 0 7228792 0
numa 1 2585676985 18927329 1008175 29040 1605584562 998585922
numa 0 2112531444 1008175 18927329 28452 1143511145 969769241
ps - 848667991 1550508 345 311 315 5 794
sysv_shm - 0 0
tmpfs /run/lock 0 6
tmpfs /run 2228224 1149
tmpfs /run/user/20029 4096 44
tmpfs /run/qemu 0 1
tmpfs /dev/shm 75714813952 271266
vfs - 298259 124185 308120
vm - 12 31085775 1312328016 520825 2496526 4713181724 4726129684 99555045 21837040 4417212539 78780 0 0 0 0 0 2714357 0 1121522 2855 0 2497875 96 0 34 0 0

1764551818.424445 0 node12.dhkim-278716.ldos-ut-pg0.wisc.cloudlab.us
block sda 510417 408423 62156543 9430117 5558465 14748474 2624656033 238927807 0 17183736 252491060
block sdb 2615 0 7504 3511 4 0 0 0 0 4252 3512
block sdc 995 0 7996 261 4 0 0 0 0 960 262
cpu 11 3368226 2 178577 24839176 167026 0 2092
cpu 10 3504630 13 159710 24788174 111318 0 1083
cpu 13 3207848 0 136377 25151533 55862 0 309
cpu 12 3270830 2 152616 25030363 100749 0 812
cpu 15 2954739 0 143875 25372944 74230 0 589
cpu 14 2918750 1 134981 25441211 51912 0 262
cpu 17 3048638 10 139717 25290437 67788 0 404
cpu 16 3006970 0 161299 25228796 145211 0 1478
cpu 19 3028844 0 165499 25224302 122802 0 1146
cpu 18 3155513 2 143291 25196219 52547 0 368
cpu 1 3378461 12 186859 24996131 62259 0 3063
cpu 0 3348534 2 170054 24969069 64113 0 969
cpu 3 3134174 2 188716 25251849 61933 0 1817
cpu 2 3037992 1 207348 25304044 84128 0 1228
cpu 5 2927610 0 152309 25465230 90897 0 3088
cpu 4 2844451 1 177856 25435152 170308 0 7314
cpu 7 3460870 0 149960 24983636 48703 0 882
cpu 6 3231798 1 139599 25208078 61179 0 2401
cpu 9 3013538 2 129814 25446536 52044 0 486
cpu 8 3149156 81 138734 25264075 53576 0 9427
intel_hsw_cbo 1/7 20971793 20972340 20975390 20972852 17216942406864 758086714446 2564147491524 460013609850
intel_hsw_cbo 1/6 20971793 20972340 20975390 20972852 16502625503025 759479268419 2418394937092 460331668713
intel_hsw_cbo 1/0 20971793 20972340 20975390 20972852 15918278109612 757810510407 2233169636779 460163488756
intel_hsw_cbo 1/4 20971793 20972340 20975390 20972852 16235860057077 760451500679 2041992885824 460120124926
intel_hsw_cbo 1/3 20971793 20972340 20975390 20972852 18867245757404 758594192424 2840222624085 460192379383
intel_hsw_cbo 1/1 20971793 20972340 20975390 20972852 16107393975576 759479628698 2352051108707 460111685116
intel_hsw_cbo 0/8 20971793 20972340 20975390 20972852 15136652833916 702501366950 2130025012412 427518458099
intel_hsw_cbo 0/9 20971793 20972340 20975390 20972852 16778220441213 701180351727 2727619493528 427578995978
intel_hsw_cbo 0/6 20971793 20972340 20975390 20972852 16690098310691 756693690783 2243814977903 462882196694
intel_hsw_cbo 0/7 20971793 20972340 20975390 20972852 18075208887023 756540561352 2428112265730 462756145679
intel_hsw_cbo 0/4 20971793 20972340 20975390 20972852 16448121050111 758008253265 2058913827838 462920777126
intel_hsw_cbo 0/5 20971793 20972340 20975390 20972852 20092432797284 753731849033 2449582946456 463076168041
intel_hsw_cbo 0/2 20971793 20972340 20975390 20972852 15997581081731 755929763510 2012275016695 462669899162
intel_hsw_cbo 0/3 20971793 20972340 20975390 20972852 20774182077034 755775107620 2747828218524 462775165160
intel_hsw_cbo 0/0 20971793 20972340 20975390 20972852 16396936631075 755997620409 2244924932468 463216595641
intel_hsw_cbo 0/1 20971793 20972340 20975390 20972852 16807569908237 756964560683 2198785746975 462960832847
intel_hsw_cbo 1/9 20971793 20972340 20975390 20972852 16472213019467 703688751597 2889743440950 425331830545
intel_hsw_cbo 1/5 20971793 20972340 20975390 20972852 18242461603111 756227258857 2550735522020 460562898556
intel_hsw_cbo 1/8 20971793 20972340 20975390 20972852 14880420834634 704735901534 2293229405763 425368232175
intel_hsw_cbo 1/2 20971793 20972340 20975390 20972852 15598903170476 758197484479 1979035793574 460267185762
intel_hsw_hau ff/12.5 20972289 20974593 20971520 20975386 6177620309755 1750854173173 107360501000592 1754821404240
intel_hsw_hau 7f/12.1 20972289 20974593 20971520 20975386 5038482331502 1611943308179 100892944909798 1616980066228
intel_hsw_hau ff/12.1 20972289 20974593 20971520 20975386 7037427604545 2232897784234 107360500987173 2239331515152
intel_hsw_hau 7f/12.5 20972289 20974593 20971520 20975386 4724115378031 1483872697604 100892946013023 1487357448665
intel_hsw_imc ff/14.1 20972292 20974596 20974337 20971778 3074795955712 880258064922 3147590593400 1747073623678 0
intel_hsw_imc ff/14.0 20972292 20974596 20974337 20971778 3942713976280 1367532960019 3488807663525 1517153048781 0
intel_hsw_imc 7f/17.1 20972292 20974596 20974337 20971778 2355317306512 746264926689 2478135139537 1336607299425 0
intel_hsw_imc 7f/17.0 20972292 20974596 20974337 20971778 2353808456125 746195161127 2477341301573 1344165299625 0
intel_hsw_imc 7f/14.0 20972292 20974596 20974337 20971778 2668965491276 878273216953 2570159033675 1080977188600 0
intel_hsw_imc 7f/14.1 20972292 20974596 20974337 20971778 2350855114826 746157920850 2460578711909 1325359110709 0
intel_hsw_imc ff/17.0 20972292 20974596 20974337 20971778 3077529611067 880375172682 3171787409478 1772639304844 0
intel_hsw_imc ff/17.1 20972292 20974596 20974337 20971778 3078585713990 880273541248 3170370165642 1759711816536 0
intel_hsw_qpi ff/08.2 6291712 6292480 6293506 6292483 3872723181756 2716472518598 10674024223832 0
intel_hsw_qpi 7f/08.2 6291712 6292480 6293506 6292483 2713542437929 3876105800441 13752392079022 0
intel_hsw_qpi 7f/09.2 6291712 6292480 6293506 6292483 2714214608714 3875893358861 12566645663472 0
intel_hsw_qpi ff/09.2 6291712 6292480 6293506 6292483 3872745936622 2715967443837 11696383173000 0
intel_hsw_r2pci 7f/10.1 20972580 20975369 20975367 20975368 4712236136 24994246031608 26984969133925 31598623296831
intel_hsw_r2pci ff/10.1 20972580 20975369 20975367 20975368 47190206 23526019319551 26275539596563 29853998025148
mem 1 82566752 31489820 51076932 11377580 38961680 176 0 50254684 12975508 84712 37716 0 0 433200 0 0 0
mem 0 82341048 10973100 71367948 16758296 52660388 272 0 68962268 36717472 460544 115064 0 0 618428 24576 0 0
net vnet23 0 0 8311157 0 0 0 0 0 0 0 0 0 65730 0 496073051 0 0 0 0 0 0 91416 0
net enp6s0f0 0 0 0 0 0 0 0 0 0 0 0 0 0 0 6606 0 0 0 0 0 0 93 0
net vnet21 0 0 11160888 0 0 0 0 0 0 0 0 0 77662 0 1150513240 0 0 0 0 0 0 132720 0
net vnet46 0 0 126580 0 0 0 0 0 0 0 0 0 540 0 69540 0 0 0 0 0 0 574 0
net vnet20 0 0 11513166 0 0 0 0 0 0 0 0 0 81584 0 1150520683 0 0 0 0 0 0 135843 0
net enp1s0f0 0 1332327 78053234572 0 0 0 0 371 0 0 371 0 81218985 0 1598719274 0 0 0 0 0 0 9066811 0
net lo 0 0 60745972 0 0 0 0 0 0 0 0 0 483278 0 60745972 0 0 0 0 0 0 483278 0
net vnet24 0 0 583459 0 0 0 0 0 0 0 0 0 7108 0 80661939 0 0 0 0 0 0 19671 0
net vnet38 0 0 438643 0 0 0 0 0 0 0 0 0 4173 0 64696042 0 0 0 0 0 0 8534 0
net virbr0 0 1345 376484549 0 0 0 0 0 0 0 0 0 5004214 0 70467583887 0 0 0 0 0 0 7228792 0
numa 1 2585678558 18927329 1008175 29040 1605586135 998585922
numa 0 2112703321 1008175 18927329 28452 1143683022 969769241
ps - 848673074 1550519 345 311 315 5 792
sysv_shm - 0 0
tmpfs /run/lock 0 6
tmpfs /run 2228224 1149
tmpfs /run/user/20029 4096 44
tmpfs /run/qemu 0 1
tmpfs /dev/shm 75714813952 271266
vfs - 298253 124185 308113
vm - 12 31085775 1312328016 520825 2496526 4713355203 4726132166 99555045 21837040 4417385467 78780 0 0 0 0 0 2714357 0 1121522 2855 0 2497875 96 0 34 0 0

1764551819.460563 0 node12.dhkim-278716.ldos-ut-pg0.wisc.cloudlab.us
block sda 510417 408423 62156543 9430117 5558473 14748488 2624656257 238927818 0 17183744 252491071
block sdb 2615 0 7504 3511 4 0 0 0 0 4252 3512
block sdc 995 0 7996 261 4 0 0 0 0 960 262
cpu 11 3368227 2 178577 24839275 167026 0 2092
cpu 10 3504630 13 159710 24788276 111318 0 1083
cpu 13 3207848 0 136377 25151636 55862 0 309
cpu 12 3270830 2 152616 25030466 100749 0 812
cpu 15 2954740 0 143875 25373046 74230 0 589
cpu 14 2918750 1 134981 25441313 51912 0 262
cpu 17 3048638 10 139717 25290540 67788 0 404
cpu 16 3006970 0 161299 25228899 145211 0 1478
cpu 19 3028844 0 165501 25224404 122802 0 1146
cpu 18 3155514 2 143293 25196322 52547 0 368
cpu 1 3378539 12 186859 24996155 62259 0 3065
cpu 0 3348618 2 170054 24969088 64113 0 969
cpu 3 3134186 2 188717 25251938 61933 0 1817
cpu 2 3038054 1 207349 25304082 84128 0 1230
cpu 5 2927682 0 152309 25465258 90897 0 3088
cpu 4 2844490 1 177857 25435215 170308 0 7314
cpu 7 3460938 0 149960 24983670 48703 0 882
cpu 6 3231821 1 139606 25208150 61179 0 2401
cpu 9 3013538 2 129814 25446639 52044 0 486
cpu 8 3149156 81 138734 25264179 53576 0 9427
intel_hsw_cbo 1/7 20971793 20972340 20975390 20972852 17216944063055 758087007115 2564147541980 460013705217
intel_hsw_cbo 1/6 20971793 20972340 20975390 20972852 16502627000325 759479556151 2418395011032 460331762786
intel_hsw_cbo 1/0 20971793 20972340 20975390 20972852 15918279616614 757810802753 2233170520290 460163581681
intel_hsw_cbo 1/4 20971793 20972340 20975390 20972852 16235861592125 760451799369 2041993745460 460120219303
intel_hsw_cbo 1/3 20971793 20972340 20975390 20972852 18867247514468 758594482215 2840222785788 460192473200
intel_hsw_cbo 1/1 20971793 20972340 20975390 20972852 16107395535836 759479922779 2352051379163 460111779411
intel_hsw_cbo 0/8 20971793 20972340 20975390 20972852 15136815237655 702511060620 2130031117768 427545338655
intel_hsw_cbo 0/9 20971793 20972340 20975390 20972852 16778385101705 701189974199 2727623609834 427605884707
intel_hsw_cbo 0/6 20971793 20972340 20975390 20972852 16690277898151 756704090890 2243820799893 462911321242
intel_hsw_cbo 0/7 20971793 20972340 20975390 20972852 18075389703254 756550942920 2428115417651 462785261172
intel_hsw_cbo 0/4 20971793 20972340 20975390 20972852 16448300146226 758018680174 2058921122090 462949894017
intel_hsw_cbo 0/5 20971793 20972340 20975390 20972852 20092610461498 753742215274 2449586519288 463105290621
intel_hsw_cbo 0/2 20971793 20972340 20975390 20972852 15997757767917 755940196096 2012282593768 462699028578
intel_hsw_cbo 0/3 20971793 20972340 20975390 20972852 20774362685682 755785431246 2747833278855 462804264161
intel_hsw_cbo 0/0 20971793 20972340 20975390 20972852 16397115434070 756008081398 2244933159705 463245716552
intel_hsw_cbo 0/1 20971793 20972340 20975390 20972852 16807743826976 756974968050 2198792308953 462989947089
intel_hsw_cbo 1/9 20971793 20972340 20975390 20972852 16472214620744 703689018586 2889743604730 425331919063
intel_hsw_cbo 1/5 20971793 20972340 20975390 20972852 18242463342020 756227548660 2550735572288 460562991345
intel_hsw_cbo 1/8 20971793 20972340 20975390 20972852 14880422445715 704736173161 2293229584613 425368321347
intel_hsw_cbo 1/2 20971793 20972340 20975390 20972852 15598904736303 758197776778 1979036757952 460267279585
intel_hsw_hau ff/12.5 20972289 20974593 20971520 20975386 6177621113151 1750854317653 107363498288032 1754821549997
intel_hsw_hau 7f/12.1 20972289 20974593 20971520 20975386 5038639049495 1612093332708 100896045551762 1617130098109
intel_hsw_hau ff/12.1 20972289 20974593 20971520 20975386 7037429323520 2232898200368 107363498274985 2239331935803
intel_hsw_hau 7f/12.5 20972289 20974593 20971520 20975386 4724254015396 1484006989793 100896046656097 1487491741321
intel_hsw_imc ff/14.1 20972292 20974596 20974337 20971778 3074796351439 880258138395 3147590812280 1747073645475 0
intel_hsw_imc ff/14.0 20972292 20974596 20974337 20971778 3942715302708 1367533320480 3488808062634 1517153100516 0
intel_hsw_imc 7f/17.1 20972292 20974596 20974337 20971778 2355386660253 746332129594 2478250529748 1336661616195 0
intel_hsw_imc 7f/17.0 20972292 20974596 20974337 20971778 2353877875708 746262423630 2477456801368 1344220492937 0
intel_hsw_imc 7f/14.0 20972292 20974596 20974337 20971778 2669052928345 878356150949 2570287285107 1081029425451 0
intel_hsw_imc 7f/14.1 20972292 20974596 20974337 20971778 2350924540722 746225202591 2460694081981 1325413677909 0
intel_hsw_imc ff/17.0 20972292 20974596 20974337 20971778 3077530010679 880375245857 3171787631896 1772639327942 0
intel_hsw_imc ff/17.1 20972292 20974596 20974337 20971778 3078586119542 880273623128 3170370395726 1759711839039 0
intel_hsw_qpi ff/08.2 6291712 6292480 6293506 6292483 3872724295565 2716621706675 10674025750336 0
intel_hsw_qpi 7f/08.2 6291712 6292480 6293506 6292483 2713691611940 3876106914650 13752393392894 0
intel_hsw_qpi 7f/09.2 6291712 6292480 6293506 6292483 2714363792829 3875894472730 12566646608608 0
intel_hsw_qpi ff/09.2 6291712 6292480 6293506 6292483 3872747050779 2716116626710 11696385201424 0
intel_hsw_r2pci 7f/10.1 20972580 20975369 20975367 20975368 4712241846 24994538443567 26985348236922 31599008895688
intel_hsw_r2pci ff/10.1 20972580 20975369 20975367 20975368 47190494 23526026965129 26275904022651 29854365517771
mem 1 82566752 31490072 51076680 11377588 38961408 164 0 50254692 12975736 84388 37664 0 0 433200 0 0 0
mem 0 82341048 10913388 71427660 16758300 52719876 196 0 69020924 36776128 460584 115192 0 0 618612 24576 0 0
net vnet23 0 0 8311157 0 0 0 0 0 0 0 0 0 65730 0 496073051 0 0 0 0 0 0 91416 0
net enp6s0f0 0 0 0 0 0 0 0 0 0 0 0 0 0 0 6606 0 0 0 0 0 0 93 0
net vnet21 0 0 11160888 0 0 0 0 0 0 0 0 0 77662 0 1150513240 0 0 0 0 0 0 132720 0
net vnet46 0 0 126580 0 0 0 0 0 0 0 0 0 540 0 69540 0 0 0 0 0 0 574 0
net vnet20 0 0 11513166 0 0 0 0 0 0 0 0 0 81584 0 1150520683 0 0 0 0 0 0 135843 0
net enp1s0f0 0 1332333 78053240389 0 0 0 0 371 0 0 371 0 81219074 0 1598720009 0 0 0 0 0 0 9066816 0
net lo 0 0 60746517 0 0 0 0 0 0 0 0 0 483282 0 60746517 0 0 0 0 0 0 483282 0
net vnet24 0 0 583459 0 0 0 0 0 0 0 0 0 7108 0 80661939 0 0 0 0 0 0 19671 0
net vnet38 0 0 438643 0 0 0 0 0 0 0 0 0 4173 0 64696042 0 0 0 0 0 0 8534 0
net virbr0 0 1345 376484549 0 0 0 0 0 0 0 0 0 5004214 0 70467583887 0 0 0 0 0 0 7228792 0
numa 1 2585679999 18927329 1008175 29040 1605587576 998585922
numa 0 2112718154 1008175 18927329 28452 1143697855 969769241
ps - 848678272 1550530 345 311 315 5 792
sysv_shm - 0 0
tmpfs /run/lock 0 6
tmpfs /run 2228224 1149
tmpfs /run/user/20029 4096 44
tmpfs /run/qemu 0 1
tmpfs /dev/shm 75714813952 271266
vfs - 298253 124105 308113
vm - 12 31085775 1312328128 520825 2496526 4713371448 4726133985 99555047 21837040 4417401874 78780 0 0 0 0 0 2714357 0 1121522 2855 0 2497875 96 0 34 0 0

1764551820.496643 0 node12.dhkim-278716.ldos-ut-pg0.wisc.cloudlab.us
block sda 510417 408423 62156543 9430117 5558480 14748504 2624656441 238927825 1 17183752 252491078
block sdb 2615 0 7504 3511 4 0 0 0 0 4252 3512
block sdc 995 0 7996 261 4 0 0 0 0 960 262
cpu 11 3368227 2 178578 24839377 167026 0 2092
cpu 10 3504630 13 159710 24788378 111318 0 1083
cpu 13 3207850 0 136379 25151736 55862 0 309
cpu 12 3270830 2 152617 25030567 100749 0 812
cpu 15 2954740 0 143875 25373148 74230 0 589
cpu 14 2918750 1 134982 25441416 51912 0 262
cpu 17 3048638 10 139718 25290643 67788 0 404
cpu 16 3006971 0 161299 25229001 145211 0 1478
cpu 19 3028844 0 165502 25224506 122802 0 1146
cpu 18 3155516 2 143294 25196424 52547 0 368
cpu 1 3378629 12 186868 24996161 62259 0 3065
cpu 0 3348676 2 170060 24969126 64113 0 969
cpu 3 3134242 2 188717 25251985 61933 0 1817
cpu 2 3038063 1 207351 25304169 84128 0 1231
cpu 5 2927688 0 152310 25465349 90897 0 3088
cpu 4 2844582 1 177857 25435225 170308 0 7314
cpu 7 3460992 0 149968 24983710 48703 0 882
cpu 6 3231869 1 139608 25208202 61179 0 2401
cpu 9 3013538 2 129814 25446743 52044 0 486
cpu 8 3149156 81 138734 25264282 53576 0 9427
intel_hsw_cbo 1/7 20971793 20972340 20975390 20972852 17216945295519 758087269587 2564147575742 460013799013
intel_hsw_cbo 1/6 20971793 20972340 20975390 20972852 16502628272953 759479811579 2418395162817 460331855652
intel_hsw_cbo 1/0 20971793 20972340 20975390 20972852 15918280776282 757811064724 2233170939931 460163674616
intel_hsw_cbo 1/4 20971793 20972340 20975390 20972852 16235862878134 760452066076 2041994214914 460120311487
intel_hsw_cbo 1/3 20971793 20972340 20975390 20972852 18867248951214 758594740753 2840222883051 460192564566
intel_hsw_cbo 1/1 20971793 20972340 20975390 20972852 16107396812723 759480185167 2352051554205 460111870336
intel_hsw_cbo 0/8 20971793 20972340 20975390 20972852 15136972936249 702520033638 2130038305119 427568931454
intel_hsw_cbo 0/9 20971793 20972340 20975390 20972852 16778547499069 701198959628 2727632896302 427629488508
intel_hsw_cbo 0/6 20971793 20972340 20975390 20972852 16690453179147 756713792074 2243827693652 462936883703
intel_hsw_cbo 0/7 20971793 20972340 20975390 20972852 18075569127452 756560687640 2428123656036 462810837632
intel_hsw_cbo 0/4 20971793 20972340 20975390 20972852 16448475727224 758028346013 2058933813423 462975453968
intel_hsw_cbo 0/5 20971793 20972340 20975390 20972852 20092787708549 753751841307 2449595867991 463130893878
intel_hsw_cbo 0/2 20971793 20972340 20975390 20972852 15997932384758 755949985292 2012296271050 462724608379
intel_hsw_cbo 0/3 20971793 20972340 20975390 20972852 20774540304966 755795031027 2747844829734 462829821462
intel_hsw_cbo 0/0 20971793 20972340 20975390 20972852 16397288816837 756017805783 2244947739325 463271296203
intel_hsw_cbo 0/1 20971793 20972340 20975390 20972852 16807915276535 756984656623 2198800559519 463015498064
intel_hsw_cbo 1/9 20971793 20972340 20975390 20972852 16472215867548 703689257118 2889743704778 425332007101
intel_hsw_cbo 1/5 20971793 20972340 20975390 20972852 18242464625526 756227806121 2550735604354 460563083300
intel_hsw_cbo 1/8 20971793 20972340 20975390 20972852 14880423680580 704736416688 2293229737974 425368408289
intel_hsw_cbo 1/2 20971793 20972340 20975390 20972852 15598905875750 758198039571 1979037225456 460267372762
intel_hsw_hau ff/12.5 20972289 20974593 20971520 20975386 6177621918051 1750854454370 107366492576893 1754821687919
intel_hsw_hau 7f/12.1 20972289 20974593 20971520 20975386 5038779142041 1612227110583 100899143149280 1617263883246
intel_hsw_hau ff/12.1 20972289 20974593 20971520 20975386 7037431064075 2232898656654 107366492581490 2239332397059
intel_hsw_hau 7f/12.5 20972289 20974593 20971520 20975386 4724373426606 1484122880013 100899144232243 1487607631042
intel_hsw_imc ff/14.1 20972292 20974596 20974337 20971778 3074796750463 880258207538 3147591043507 1747073666970 0
intel_hsw_imc ff/14.0 20972292 20974596 20974337 20971778 3942716655387 1367533727119 3488808511293 1517153160003 0
intel_hsw_imc 7f/17.1 20972292 20974596 20974337 20971778 2355446319445 746389985044 2478345215183 1336704324218 0
intel_hsw_imc 7f/17.0 20972292 20974596 20974337 20971778 2353937599537 746320341010 2477551910697 1344263743023 0
intel_hsw_imc 7f/14.0 20972292 20974596 20974337 20971778 2669133286609 878431914202 2570399678199 1081072185895 0
intel_hsw_imc 7f/14.1 20972292 20974596 20974337 20971778 2350984276115 746283144697 2460788860640 1325456594503 0
intel_hsw_imc ff/17.0 20972292 20974596 20974337 20971778 3077530413615 880375314918 3171787867601 1772639350254 0
intel_hsw_imc ff/17.1 20972292 20974596 20974337 20971778 3078586530363 880273702094 3170370640914 1759711861644 0
intel_hsw_qpi ff/08.2 6291712 6292480 6293506 6292483 3872725035293 2716756442565 10674027048240 0
intel_hsw_qpi 7f/08.2 6291712 6292480 6293506 6292483 2713826342258 3876107655015 13752395763582 0
intel_hsw_qpi 7f/09.2 6291712 6292480 6293506 6292483 2714498532135 3875895212532 12566648397752 0
intel_hsw_qpi ff/09.2 6291712 6292480 6293506 6292483 3872747791104 2716251349374 11696386968608 0
intel_hsw_r2pci 7f/10.1 20972580 20975369 20975367 20975368 4712247816 24994780363008 26985667836259 31599355368767
intel_hsw_r2pci ff/10.1 20972580 20975369 20975367 20975368 47190642 23526034856252 26276235311301 29854698560470
mem 1 82566752 31489820 51076932 11377588 38959284 188 0 50254700 12975344 82260 37564 0 0 433200 0 0 0
mem 0 82341048 10719120 71621928 16758300 52911164 232 0 69212180 36967300 460608 115488 0 0 618972 24576 0 0
net vnet23 0 0 8311157 0 0 0 0 0 0 0 0 0 65730 0 496073103 0 0 0 0 0 0 91417 0
net enp6s0f0 0 0 0 0 0 0 0 0 0 0 0 0 0 0 6606 0 0 0 0 0 0 93 0
net vnet21 0 0 11160888 0 0 0 0 0 0 0 0 0 77662 0 1150513292 0 0 0 0 0 0 132721 0
net vnet46 0 0 126580 0 0 0 0 0 0 0 0 0 540 0 69592 0 0 0 0 0 0 575 0
net vnet20 0 0 11513166 0 0 0 0 0 0 0 0 0 81584 0 1150520735 0 0 0 0 0 0 135844 0
net enp1s0f0 0 1332339 78053248466 0 0 0 0 371 0 0 371 0 81219170 0 1598721466 0 0 0 0 0 0 9066824 0
net lo 0 0 60747062 0 0 0 0 0 0 0 0 0 483286 0 60747062 0 0 0 0 0 0 483286 0
net vnet24 0 0 583459 0 0 0 0 0 0 0 0 0 7108 0 80661991 0 0 0 0 0 0 19672 0
net vnet38 0 0 438643 0 0 0 0 0 0 0 0 0 4173 0 64696094 0 0 0 0 0 0 8535 0
net virbr0 0 1345 376484549 0 0 0 0 0 0 0 0 0 5004214 0 70467583887 0 0 0 0 0 0 7228792 0
numa 1 2585681427 18927329 1008175 29040 1605589004 998585922
numa 0 2112767175 1008175 18927329 28452 1143746876 969769241
ps - 848683380 1550541 345 311 315 5 790
sysv_shm - 0 0
tmpfs /run/lock 0 6
tmpfs /run 2228224 1149
tmpfs /run/user/20029 4096 44
tmpfs /run/qemu 0 1
tmpfs /dev/shm 75714813952 271266
vfs - 298247 124105 308106
vm - 12 31085775 1312328224 520825 2496526 4713421920 4726136395 99555049 21837040 4417452406 78780 0 0 0 0 0 2714357 0 1121522 2855 0 2497875 96 0 34 0 0

1764551821.533069 0 node12.dhkim-278716.ldos-ut-pg0.wisc.cloudlab.us
block sda 510429 408435 62156855 9430195 5558585 14748504 2624657521 238928555 5 17183996 252491930
block sdb 2615 0 7504 3511 4 0 0 0 0 4252 3512
block sdc 995 0 7996 261 4 0 0 0 0 960 262
cpu 11 3368228 2 178578 24839479 167026 0 2092
cpu 10 3504631 13 159712 24788474 111324 0 1083
cpu 13 3207850 0 136379 25151837 55864 0 309
cpu 12 3270831 2 152617 25030665 100752 0 812
cpu 15 2954740 0 143876 25373245 74235 0 589
cpu 14 2918750 1 134982 25441518 51912 0 262
cpu 17 3048639 10 139718 25290745 67788 0 404
cpu 16 3006971 0 161299 25229100 145215 0 1478
cpu 19 3028844 0 165502 25224608 122803 0 1146
cpu 18 3155518 2 143296 25196525 52548 0 368
cpu 1 3378694 12 186868 24996197 62260 0 3065
cpu 0 3348683 2 170060 24969218 64113 0 972
cpu 3 3134267 2 188717 25252061 61933 0 1817
cpu 2 3038164 1 207351 25304171 84128 0 1231
cpu 5 2927703 0 152311 25465432 90897 0 3088
cpu 4 2844665 1 177858 25435246 170308 0 7314
cpu 7 3461035 0 149969 24983767 48703 0 882
cpu 6 3231960 1 139608 25208214 61179 0 2401
cpu 9 3013538 2 129814 25446846 52044 0 486
cpu 8 3149156 81 138734 25264383 53576 0 9427
intel_hsw_cbo 1/7 20971793 20972340 20975390 20972852 17216946672310 758087541913 2564147626243 460013899825
intel_hsw_cbo 1/6 20971793 20972340 20975390 20972852 16502629497672 759480078089 2418395367875 460331956213
intel_hsw_cbo 1/0 20971793 20972340 20975390 20972852 15918282023454 757811334990 2233171533304 460163775057
intel_hsw_cbo 1/4 20971793 20972340 20975390 20972852 16235864184051 760452342194 2041994973601 460120412710
intel_hsw_cbo 1/3 20971793 20972340 20975390 20972852 18867250345844 758595009551 2840223028012 460192665606
intel_hsw_cbo 1/1 20971793 20972340 20975390 20972852 16107398111135 759480456865 2352051682695 460111971241
intel_hsw_cbo 0/8 20971793 20972340 20975390 20972852 15137127227516 702529155507 2130045056599 427594691498
intel_hsw_cbo 0/9 20971793 20972340 20975390 20972852 16778707302768 701208100340 2727638075947 427655244943
intel_hsw_cbo 0/6 20971793 20972340 20975390 20972852 16690625068594 756723712881 2243834027782 462964769153
intel_hsw_cbo 0/7 20971793 20972340 20975390 20972852 18075745772482 756570589617 2428127905204 462838732734
intel_hsw_cbo 0/4 20971793 20972340 20975390 20972852 16448646526358 758038242853 2058940123272 463003342306
intel_hsw_cbo 0/5 20971793 20972340 20975390 20972852 20092962224877 753761693589 2449600589074 463158791238
intel_hsw_cbo 0/2 20971793 20972340 20975390 20972852 15998104686300 755959881308 2012302744430 462752501710
intel_hsw_cbo 0/3 20971793 20972340 20975390 20972852 20774711089037 755804921967 2747850751236 462857708000
intel_hsw_cbo 0/0 20971793 20972340 20975390 20972852 16397459582781 756027705141 2244954695993 463299182296
intel_hsw_cbo 0/1 20971793 20972340 20975390 20972852 16808085832646 756994572527 2198808000339 463043387598
intel_hsw_cbo 1/9 20971793 20972340 20975390 20972852 16472217182899 703689508662 2889743850915 425332103294
intel_hsw_cbo 1/5 20971793 20972340 20975390 20972852 18242466021597 756228072042 2550735653703 460563183532
intel_hsw_cbo 1/8 20971793 20972340 20975390 20972852 14880424999984 704736670782 2293229870906 425368503109
intel_hsw_cbo 1/2 20971793 20972340 20975390 20972852 15598907170977 758198313712 1979037904609 460267474566
intel_hsw_hau ff/12.5 20972289 20974593 20971520 20975386 6177622696134 1750854599717 107369490052961 1754821835447
intel_hsw_hau 7f/12.1 20972289 20974593 20971520 20975386 5038931955605 1612373871404 100902243989568 1617410652942
intel_hsw_hau ff/12.1 20972289 20974593 20971520 20975386 7037432790502 2232899120830 107369490059016 2239332867437
intel_hsw_hau 7f/12.5 20972289 20974593 20971520 20975386 4724504091186 1484249885794 100902245072995 1487734637656
intel_hsw_imc ff/14.1 20972292 20974596 20974337 20971778 3074797139134 880258287390 3147591276278 1747073688606 0
intel_hsw_imc ff/14.0 20972292 20974596 20974337 20971778 3942718032476 1367534152633 3488808967358 1517153220858 0
intel_hsw_imc 7f/17.1 20972292 20974596 20974337 20971778 2355511690138 746453533640 2478453870747 1336754248760 0
intel_hsw_imc 7f/17.0 20972292 20974596 20974337 20971778 2354003034524 746383946369 2477660487404 1344314560511 0
intel_hsw_imc 7f/14.0 20972292 20974596 20974337 20971778 2669220824427 878515239480 2570525446899 1081122317341 0
intel_hsw_imc 7f/14.1 20972292 20974596 20974337 20971778 2351049717488 746346771297 2460897286980 1325506810817 0
intel_hsw_imc ff/17.0 20972292 20974596 20974337 20971778 3077530803885 880375396427 3171788103336 1772639373785 0
intel_hsw_imc ff/17.1 20972292 20974596 20974337 20971778 3078586932053 880273793546 3170370888411 1759711884402 0
intel_hsw_qpi ff/08.2 6291712 6292480 6293506 6292483 3872725743432 2716900319863 10674028332120 0
intel_hsw_qpi 7f/08.2 6291712 6292480 6293506 6292483 2713970210360 3876108363914 13752398411286 0
intel_hsw_qpi 7f/09.2 6291712 6292480 6293506 6292483 2714642407484 3875895920610 12566650426488 0
intel_hsw_qpi ff/09.2 6291712 6292480 6293506 6292483 3872748500204 2716395222812 11696388716384 0
intel_hsw_r2pci 7f/10.1 20972580 20975369 20975367 20975368 4712259078 24995108360475 26986088332187 31599742934620
intel_hsw_r2pci ff/10.1 20972580 20975369 20975367 20975368 47190800 23526043612473 26276589170241 29855054202592
mem 1 82566752 31489860 51076892 11377604 38959592 48 0 50254928 12975360 82324 37564 0 0 433200 0 0 0
mem 0 82341048 10702500 71638548 16758300 52927940 12 0 69228904 36984032 460608 115592 0 0 619116 24576 0 0
net vnet23 0 0 8311157 0 0 0 0 0 0 0 0 0 65730 0 496073103 0 0 0 0 0 0 91417 0
net enp6s0f0 0 0 0 0 0 0 0 0 0 0 0 0 0 0 6606 0 0 0 0 0 0 93 0
net vnet21 0 0 11160888 0 0 0 0 0 0 0 0 0 77662 0 1150513292 0 0 0 0 0 0 132721 0
net vnet46 0 0 126580 0 0 0 0 0 0 0 0 0 540 0 69592 0 0 0 0 0 0 575 0
net vnet20 0 0 11513166 0 0 0 0 0 0 0 0 0 81584 0 1150520735 0 0 0 0 0 0 135844 0
net enp1s0f0 0 1332346 78053254223 0 0 0 0 371 0 0 371 0 81219257 0 1598722201 0 0 0 0 0 0 9066829 0
net lo 0 0 60747607 0 0 0 0 0 0 0 0 0 483290 0 60747607 0 0 0 0 0 0 483290 0
net vnet24 0 0 583459 0 0 0 0 0 0 0 0 0 7108 0 80661991 0 0 0 0 0 0 19672 0
net vnet38 0 0 438643 0 0 0 0 0 0 0 0 0 4173 0 64696094 0 0 0 0 0 0 8535 0
net virbr0 0 1345 376484549 0 0 0 0 0 0 0 0 0 5004214 0 70467583887 0 0 0 0 0 0 7228792 0
numa 1 2585682902 18927329 1008175 29040 1605590479 998585922
numa 0 2112771425 1008175 18927329 28452 1143751126 969769241
ps - 848688575 1550555 350 312 315 5 793
sysv_shm - 0 0
tmpfs /run/lock 0 6
tmpfs /run 2228224 1149
tmpfs /run/user/20029 4096 44
tmpfs /run/qemu 0 1
tmpfs /dev/shm 75714813952 271266
vfs - 298247 124065 308106
vm - 12 31086119 1312328760 520848 2496526 4713427623 4726138264 99555049 21837040 4417458275 78790 0 0 0 0 0 2714357 0 1121522 2855 0 2497875 96 0 34 0 0

1764551822.567401 0 node12.dhkim-278716.ldos-ut-pg0.wisc.cloudlab.us
block sda 510471 408436 62158067 9430657 5558682 14748519 2624729649 238930514 16 17184564 252494410
block sdb 2615 0 7504 3511 4 0 0 0 0 4252 3512
block sdc 995 0 7996 261 4 0 0 0 0 960 262
cpu 11 3368228 2 178578 24839580 167026 0 2092
cpu 10 3504632 13 159714 24788574 111324 0 1083
cpu 13 3207850 0 136380 25151929 55873 0 309
cpu 12 3270831 2 152617 25030766 100752 0 812
cpu 15 2954742 0 143876 25373340 74241 0 589
cpu 14 2918751 1 134983 25441619 51912 0 262
cpu 17 3048641 10 139718 25290847 67788 0 404
cpu 16 3006972 0 161299 25229198 145218 0 1478
cpu 19 3028846 0 165503 25224705 122807 0 1146
cpu 18 3155519 2 143296 25196626 52549 0 368
cpu 1 3378744 12 186871 24996225 62283 0 3065
cpu 0 3348689 2 170061 24969296 64128 0 973
cpu 3 3134306 2 188721 25252122 61934 0 1817
cpu 2 3038221 1 207354 25304195 84147 0 1231
cpu 5 2927710 0 152313 25465503 90918 0 3088
cpu 4 2844768 1 177858 25435246 170308 0 7314
cpu 7 3461074 0 149969 24983804 48727 0 882
cpu 6 3232045 1 139616 25208225 61179 0 2401
cpu 9 3013538 2 129814 25446949 52044 0 486
cpu 8 3149157 81 138734 25264484 53576 0 9427
intel_hsw_cbo 1/7 20971793 20972340 20975390 20972852 17216948116763 758087870062 2564147843709 460014021620
intel_hsw_cbo 1/6 20971793 20972340 20975390 20972852 16502631007395 759480399384 2418395500220 460332079219
intel_hsw_cbo 1/0 20971793 20972340 20975390 20972852 15918283447710 757811661132 2233171947857 460163896960
intel_hsw_cbo 1/4 20971793 20972340 20975390 20972852 16235865552646 760452676042 2041995387793 460120534031
intel_hsw_cbo 1/3 20971793 20972340 20975390 20972852 18867251960449 758595333238 2840223270103 460192787994
intel_hsw_cbo 1/1 20971793 20972340 20975390 20972852 16107399578099 759480784218 2352051827338 460112092675
intel_hsw_cbo 0/8 20971793 20972340 20975390 20972852 15137269787614 702538073173 2130049403792 427618268263
intel_hsw_cbo 0/9 20971793 20972340 20975390 20972852 16778854659213 701216997156 2727644313436 427678806032
intel_hsw_cbo 0/6 20971793 20972340 20975390 20972852 16690783552140 756733334604 2243839291371 462990319000
intel_hsw_cbo 0/7 20971793 20972340 20975390 20972852 18075908149617 756580277515 2428133718915 462864285675
intel_hsw_cbo 0/4 20971793 20972340 20975390 20972852 16448804395167 758047845344 2058946866618 463028885358
intel_hsw_cbo 0/5 20971793 20972340 20975390 20972852 20093123067983 753771264732 2449607143097 463184371230
intel_hsw_cbo 0/2 20971793 20972340 20975390 20972852 15998262461469 755969586040 2012308889649 462778079383
intel_hsw_cbo 0/3 20971793 20972340 20975390 20972852 20774869248552 755814489017 2747858963706 462883255782
intel_hsw_cbo 0/0 20971793 20972340 20975390 20972852 16397615856693 756037338381 2244961068337 463324755069
intel_hsw_cbo 0/1 20971793 20972340 20975390 20972852 16808242262475 757004191783 2198812321250 463068941356
intel_hsw_cbo 1/9 20971793 20972340 20975390 20972852 16472218795675 703689807519 2889744110227 425332218287
intel_hsw_cbo 1/5 20971793 20972340 20975390 20972852 18242467596034 756228395310 2550735855501 460563306112
intel_hsw_cbo 1/8 20971793 20972340 20975390 20972852 14880426500503 704736974264 2293229994814 425368619167
intel_hsw_cbo 1/2 20971793 20972340 20975390 20972852 15598908573073 758198640747 1979038323765 460267597598
intel_hsw_hau ff/12.5 20972289 20974593 20971520 20975386 6177623556120 1750854780428 107372485162254 1754822018451
intel_hsw_hau 7f/12.1 20972289 20974593 20971520 20975386 5039068885238 1612504391573 100905342341126 1617541181996
intel_hsw_hau ff/12.1 20972289 20974593 20971520 20975386 7037434679880 2232899634193 107372485155599 2239333388300
intel_hsw_hau 7f/12.5 20972289 20974593 20971520 20975386 4724623394046 1484364347616 100905343437119 1487849099531
intel_hsw_imc ff/14.1 20972292 20974596 20974337 20971778 3074797564513 880258372502 3147591529593 1747073712868 0
intel_hsw_imc ff/14.0 20972292 20974596 20974337 20971778 3942719484176 1367534586318 3488809453184 1517153284505 0
intel_hsw_imc 7f/17.1 20972292 20974596 20974337 20971778 2355571308282 746510726576 2478549138036 1336796799704 0
intel_hsw_imc 7f/17.0 20972292 20974596 20974337 20971778 2354062704871 746441195589 2477755979998 1344357787236 0
intel_hsw_imc 7f/14.0 20972292 20974596 20974337 20971778 2669298058533 878588493915 2570635146090 1081164800538 0
intel_hsw_imc 7f/14.1 20972292 20974596 20974337 20971778 2351109403393 746404045858 2460992705944 1325549439747 0
intel_hsw_imc ff/17.0 20972292 20974596 20974337 20971778 3077531231611 880375480750 3171788359917 1772639398897 0
intel_hsw_imc ff/17.1 20972292 20974596 20974337 20971778 3078587370389 880273889752 3170371157043 1759711909920 0
intel_hsw_qpi ff/08.2 6291712 6292480 6293506 6292483 3872726504108 2717030118798 10674029705384 0
intel_hsw_qpi 7f/08.2 6291712 6292480 6293506 6292483 2714100021292 3876109125055 13752401170142 0
intel_hsw_qpi 7f/09.2 6291712 6292480 6293506 6292483 2714772209133 3875896681484 12566652554784 0
intel_hsw_qpi ff/09.2 6291712 6292480 6293506 6292483 3872749261060 2716525025771 11696390603728 0
intel_hsw_r2pci 7f/10.1 20972580 20975369 20975367 20975368 4712284888 24995372622776 26986438484771 31600082924043
intel_hsw_r2pci ff/10.1 20972580 20975369 20975367 20975368 47190952 23526051866257 26276908901889 29855375538215
mem 1 82566752 31490120 51076632 11377620 38960684 140 0 50255124 12975432 83276 37560 0 0 433188 0 0 0
mem 0 82341048 10560888 71780160 16758320 53067716 176 0 69368888 37123744 460484 115872 0 0 619436 24576 0 0
net vnet23 0 0 8311157 0 0 0 0 0 0 0 0 0 65730 0 496073155 0 0 0 0 0 0 91418 0
net enp6s0f0 0 0 0 0 0 0 0 0 0 0 0 0 0 0 6606 0 0 0 0 0 0 93 0
net vnet21 0 0 11160888 0 0 0 0 0 0 0 0 0 77662 0 1150513344 0 0 0 0 0 0 132722 0
net vnet46 0 0 126580 0 0 0 0 0 0 0 0 0 540 0 69644 0 0 0 0 0 0 576 0
net vnet20 0 0 11513166 0 0 0 0 0 0 0 0 0 81584 0 1150520787 0 0 0 0 0 0 135845 0
net enp1s0f0 0 1332350 78053260280 0 0 0 0 371 0 0 371 0 81219351 0 1598722936 0 0 0 0 0 0 9066834 0
net lo 0 0 60748152 0 0 0 0 0 0 0 0 0 483294 0 60748152 0 0 0 0 0 0 483294 0
net vnet24 0 0 583459 0 0 0 0 0 0 0 0 0 7108 0 80662043 0 0 0 0 0 0 19673 0
net vnet38 0 0 438643 0 0 0 0 0 0 0 0 0 4173 0 64696146 0 0 0 0 0 0 8536 0
net virbr0 0 1345 376484549 0 0 0 0 0 0 0 0 0 5004214 0 70467583887 0 0 0 0 0 0 7228792 0
numa 1 2585684928 18927329 1008175 29040 1605592505 998585922
numa 0 2112807084 1008175 18927329 28452 1143786785 969769241
ps - 848695100 1550572 350 312 315 3 796
sysv_shm - 0 0
tmpfs /run/lock 0 6
tmpfs /run 2228224 1149
tmpfs /run/user/20029 4096 44
tmpfs /run/qemu 0 1
tmpfs /dev/shm 75714813952 271266
vfs - 298247 124025 308106
vm - 12 31086537 1312382808 520859 2496526 4713465308 4726140695 99555050 21837040 4417495959 78803 0 0 0 0 0 2714357 0 1121522 2855 0 2497875 96 0 34 0 0

1764551823.602294 0 node12.dhkim-278716.ldos-ut-pg0.wisc.cloudlab.us
block sda 510472 408436 62158075 9430674 5558750 14748925 2624874305 238936898 0 17185012 252500811
block sdb 2615 0 7504 3511 4 0 0 0 0 4252 3512
block sdc 995 0 7996 261 4 0 0 0 0 960 262
cpu 11 3368228 2 178579 24839681 167026 0 2092
cpu 10 3504632 13 159714 24788677 111324 0 1083
cpu 13 3207851 0 136382 25152031 55873 0 309
cpu 12 3270831 2 152618 25030869 100752 0 812
cpu 15 2954742 0 143876 25373443 74241 0 589
cpu 14 2918752 1 134984 25441721 51912 0 262
cpu 17 3048641 10 139718 25290950 67788 0 404
cpu 16 3006973 0 161300 25229300 145218 0 1478
cpu 19 3028846 0 165504 25224807 122807 0 1146
cpu 18 3155519 2 143296 25196728 52549 0 368
cpu 1 3378746 12 186872 24996298 62307 0 3065
cpu 0 3348691 2 170061 24969369 64152 0 975
cpu 3 3134394 2 188721 25252136 61934 0 1817
cpu 2 3038236 1 207354 25304281 84149 0 1231
cpu 5 2927711 0 152313 25465579 90942 0 3088
cpu 4 2844871 1 177858 25435246 170308 0 7314
cpu 7 3461077 0 149970 24983885 48743 0 882
cpu 6 3232048 1 139616 25208312 61190 0 2401
cpu 9 3013538 2 129814 25447052 52044 0 486
cpu 8 3149157 81 138734 25264586 53576 0 9427
intel_hsw_cbo 1/7 20971793 20972340 20975390 20972852 17216948987405 758088117102 2564147998963 460014113342
intel_hsw_cbo 1/6 20971793 20972340 20975390 20972852 16502631958716 759480640637 2418395576554 460332170635
intel_hsw_cbo 1/0 20971793 20972340 20975390 20972852 15918284229050 757811905413 2233172336150 460163987110
intel_hsw_cbo 1/4 20971793 20972340 20975390 20972852 16235866350180 760452926475 2041995743995 460120623814
intel_hsw_cbo 1/3 20971793 20972340 20975390 20972852 18867252961266 758595576067 2840223445810 460192877880
intel_hsw_cbo 1/1 20971793 20972340 20975390 20972852 16107400524143 759481031226 2352051969803 460112181929
intel_hsw_cbo 0/8 20971793 20972340 20975390 20972852 15137331225858 702544085115 2130051804065 427634924567
intel_hsw_cbo 0/9 20971793 20972340 20975390 20972852 16778915445682 701223009348 2727645283163 427695462609
intel_hsw_cbo 0/6 20971793 20972340 20975390 20972852 16690848342495 756739926982 2243841723199 463008357567
intel_hsw_cbo 0/7 20971793 20972340 20975390 20972852 18075971675243 756586821174 2428134444297 462882330723
intel_hsw_cbo 0/4 20971793 20972340 20975390 20972852 16448866368945 758054372310 2058947800478 463046929800
intel_hsw_cbo 0/5 20971793 20972340 20975390 20972852 20093186528135 753777745432 2449607926563 463202414721
intel_hsw_cbo 0/2 20971793 20972340 20975390 20972852 15998323947068 755976102520 2012309586116 462796124115
intel_hsw_cbo 0/3 20971793 20972340 20975390 20972852 20774931768143 755821008653 2747860049565 462901294242
intel_hsw_cbo 0/0 20971793 20972340 20975390 20972852 16397677333958 756043864026 2244961750184 463342789575
intel_hsw_cbo 0/1 20971793 20972340 20975390 20972852 16808304129460 757010782809 2198814508574 463086987301
intel_hsw_cbo 1/9 20971793 20972340 20975390 20972852 16472219744451 703690034917 2889744302143 425332305061
intel_hsw_cbo 1/5 20971793 20972340 20975390 20972852 18242468476755 756228636830 2550735996170 460563395538
intel_hsw_cbo 1/8 20971793 20972340 20975390 20972852 14880427378335 704737206442 2293230098428 425368706026
intel_hsw_cbo 1/2 20971793 20972340 20975390 20972852 15598909425755 758198887542 1979038722438 460267688567
intel_hsw_hau ff/12.5 20972289 20974593 20971520 20975386 6177624224800 1750854917449 107375477874008 1754822156678
intel_hsw_hau 7f/12.1 20972289 20974593 20971520 20975386 5039166102694 1612597056211 100908438362882 1617633854546
intel_hsw_hau ff/12.1 20972289 20974593 20971520 20975386 7037436268420 2232900084125 107375477902897 2239333843181
intel_hsw_hau 7f/12.5 20972289 20974593 20971520 20975386 4724711252000 1484449383587 100908439420115 1487934135577
intel_hsw_imc ff/14.1 20972292 20974596 20974337 20971778 3074797896187 880258441029 3147591719265 1747073730104 0
intel_hsw_imc ff/14.0 20972292 20974596 20974337 20971778 3942720751315 1367534984918 3488809840014 1517153338663 0
intel_hsw_imc 7f/17.1 20972292 20974596 20974337 20971778 2355615205647 746553215365 2478609338375 1336822556434 0
intel_hsw_imc 7f/17.0 20972292 20974596 20974337 20971778 2354106655661 746483740174 2477816679871 1344383629363 0
intel_hsw_imc 7f/14.0 20972292 20974596 20974337 20971778 2669351316498 878638609891 2570702442038 1081189011523 0
intel_hsw_imc 7f/14.1 20972292 20974596 20974337 20971778 2351153370853 746446613898 2461053011561 1325575174890 0
intel_hsw_imc ff/17.0 20972292 20974596 20974337 20971778 3077531565095 880375549736 3171788553461 1772639417178 0
intel_hsw_imc ff/17.1 20972292 20974596 20974337 20971778 3078587713282 880273967524 3170371359323 1759711928323 0
intel_hsw_qpi ff/08.2 6291712 6292480 6293506 6292483 3872727096981 2717122313009 10674030870136 0
intel_hsw_qpi 7f/08.2 6291712 6292480 6293506 6292483 2714192219303 3876109717749 13752403614718 0
intel_hsw_qpi 7f/09.2 6291712 6292480 6293506 6292483 2714864403555 3875897274382 12566654457016 0
intel_hsw_qpi ff/09.2 6291712 6292480 6293506 6292483 3872749853725 2716617223265 11696392176600 0
intel_hsw_r2pci 7f/10.1 20972580 20975369 20975367 20975368 4712290810 24995573432999 26986704619742 31600321296975
intel_hsw_r2pci ff/10.1 20972580 20975369 20975367 20975368 47191104 23526058149692 26277138883628 29855606936243
mem 1 82566752 31490120 51076632 11377616 38960228 152 0 50255128 12975432 82828 37560 0 0 433188 0 0 0
mem 0 82341048 10554336 71786712 16758320 53073744 196 0 69374960 37129800 460484 115880 0 0 619436 24576 0 0
net vnet23 0 0 8311157 0 0 0 0 0 0 0 0 0 65730 0 496073155 0 0 0 0 0 0 91418 0
net enp6s0f0 0 0 0 0 0 0 0 0 0 0 0 0 0 0 6606 0 0 0 0 0 0 93 0
net vnet21 0 0 11160888 0 0 0 0 0 0 0 0 0 77662 0 1150513344 0 0 0 0 0 0 132722 0
net vnet46 0 0 126580 0 0 0 0 0 0 0 0 0 540 0 69644 0 0 0 0 0 0 576 0
net vnet20 0 0 11513166 0 0 0 0 0 0 0 0 0 81584 0 1150520787 0 0 0 0 0 0 135845 0
net enp1s0f0 0 1332356 78053265977 0 0 0 0 371 0 0 371 0 81219438 0 1598723671 0 0 0 0 0 0 9066839 0
net lo 0 0 60748697 0 0 0 0 0 0 0 0 0 483298 0 60748697 0 0 0 0 0 0 483298 0
net vnet24 0 0 583459 0 0 0 0 0 0 0 0 0 7108 0 80662043 0 0 0 0 0 0 19673 0
net vnet38 0 0 438643 0 0 0 0 0 0 0 0 0 4173 0 64696146 0 0 0 0 0 0 8536 0
net virbr0 0 1345 376484549 0 0 0 0 0 0 0 0 0 5004214 0 70467583887 0 0 0 0 0 0 7228792 0
numa 1 2585686472 18927329 1008175 29040 1605594049 998585922
numa 0 2112809015 1008175 18927329 28452 1143788716 969769241
ps - 848699989 1550584 350 312 315 3 796
sysv_shm - 0 0
tmpfs /run/lock 0 6
tmpfs /run 2228224 1149
tmpfs /run/user/20029 4096 44
tmpfs /run/qemu 0 1
tmpfs /dev/shm 75714813952 271266
vfs - 298247 124065 308106
vm - 12 31086541 1312437152 520859 2496526 4713468784 4726142661 99555051 21837040 4417499633 78803 0 0 0 0 0 2714357 0 1121522 2855 0 2497875 96 0 34 0 0

1764551824.638327 0 node12.dhkim-278716.ldos-ut-pg0.wisc.cloudlab.us
block sda 510472 408436 62158075 9430674 5558838 14752634 2624964833 238938508 1 17185372 252502539
block sdb 2615 0 7504 3511 4 0 0 0 0 4252 3512
block sdc 995 0 7996 261 4 0 0 0 0 960 262
cpu 11 3368228 2 178579 24839782 167026 0 2092
cpu 10 3504632 13 159714 24788780 111324 0 1083
cpu 13 3207852 0 136382 25152131 55873 0 309
cpu 12 3270831 2 152618 25030972 100752 0 812
cpu 15 2954742 0 143876 25373545 74241 0 589
cpu 14 2918754 1 134986 25441824 51912 0 262
cpu 17 3048641 10 139718 25291053 67788 0 404
cpu 16 3006974 0 161300 25229381 145240 0 1478
cpu 19 3028846 0 165506 25224909 122807 0 1146
cpu 18 3155520 2 143296 25196831 52549 0 368
cpu 1 3378769 12 186882 24996358 62317 0 3065
cpu 0 3348737 2 170071 24969414 64152 0 975
cpu 3 3134414 2 188727 25252212 61935 0 1817
cpu 2 3038288 1 207360 25304318 84155 0 1231
cpu 5 2927736 0 152315 25465653 90943 0 3088
cpu 4 2844944 1 177870 25435264 170308 0 7314
cpu 7 3461107 0 149973 24983947 48749 0 882
cpu 6 3232078 1 139619 25208372 61199 0 2401
cpu 9 3013538 2 129815 25447154 52044 0 486
cpu 8 3149158 81 138734 25264687 53576 0 9427
intel_hsw_cbo 1/7 20971793 20972340 20975390 20972852 17216949931795 758088365059 2564148076456 460014204249
intel_hsw_cbo 1/6 20971793 20972340 20975390 20972852 16502632861475 759480881710 2418395795360 460332259869
intel_hsw_cbo 1/0 20971793 20972340 20975390 20972852 15918285009685 757812150154 2233172603142 460164075070
intel_hsw_cbo 1/4 20971793 20972340 20975390 20972852 16235867196416 760453176773 2041996033932 460120712242
intel_hsw_cbo 1/3 20971793 20972340 20975390 20972852 18867253911512 758595819022 2840223574187 460192966558
intel_hsw_cbo 1/1 20971793 20972340 20975390 20972852 16107401380751 759481278418 2352052213264 460112269107
intel_hsw_cbo 0/8 20971793 20972340 20975390 20972852 15137401019184 702548565541 2130070189966 427642492627
intel_hsw_cbo 0/9 20971793 20972340 20975390 20972852 16778988655370 701227518637 2727658307998 427703024453
intel_hsw_cbo 0/6 20971793 20972340 20975390 20972852 16690922145297 756744570097 2243859715820 463016542022
intel_hsw_cbo 0/7 20971793 20972340 20975390 20972852 18076048356765 756591669032 2428144947423 462890530309
intel_hsw_cbo 0/4 20971793 20972340 20975390 20972852 16448940499300 758059157525 2058966946786 463055120314
intel_hsw_cbo 0/5 20971793 20972340 20975390 20972852 20093263579567 753782507647 2449619845347 463210620581
intel_hsw_cbo 0/2 20971793 20972340 20975390 20972852 15998396322045 755980956540 2012328335293 462804352897
intel_hsw_cbo 0/3 20971793 20972340 20975390 20972852 20775008122582 755825549146 2747876648401 462909471150
intel_hsw_cbo 0/0 20971793 20972340 20975390 20972852 16397751219050 756048827169 2244981490766 463350992545
intel_hsw_cbo 0/1 20971793 20972340 20975390 20972852 16808374475887 757015449915 2198833193363 463095153675
intel_hsw_cbo 1/9 20971793 20972340 20975390 20972852 16472220638553 703690262310 2889744433717 425332389856
intel_hsw_cbo 1/5 20971793 20972340 20975390 20972852 18242469384648 756228878789 2550736074556 460563483620
intel_hsw_cbo 1/8 20971793 20972340 20975390 20972852 14880428315996 704737439004 2293230328676 425368791181
intel_hsw_cbo 1/2 20971793 20972340 20975390 20972852 15598910345397 758199135124 1979039023486 460267778693
intel_hsw_hau ff/12.5 20972289 20974593 20971520 20975386 6177624835446 1750855044683 107378453438078 1754822286883
intel_hsw_hau 7f/12.1 20972289 20974593 20971520 20975386 5039214521295 1612645925514 100911513139942 1617682733191
intel_hsw_hau ff/12.1 20972289 20974593 20971520 20975386 7037437761935 2232900516823 107378453448761 2239334285139
intel_hsw_hau 7f/12.5 20972289 20974593 20971520 20975386 4724750730642 1484486708123 100911514218273 1487971460275
intel_hsw_imc ff/14.1 20972292 20974596 20974337 20971778 3074798199971 880258505361 3147591880525 1747073744640 0
intel_hsw_imc ff/14.0 20972292 20974596 20974337 20971778 3942721950979 1367535375704 3488810195005 1517153390103 0
intel_hsw_imc 7f/17.1 20972292 20974596 20974337 20971778 2355635003704 746571729554 2478632993705 1336831813986 0
intel_hsw_imc 7f/17.0 20972292 20974596 20974337 20971778 2354126506459 746502306905 2477840525683 1344392935028 0
intel_hsw_imc 7f/14.0 20972292 20974596 20974337 20971778 2669380230284 878667909346 2570730220322 1081198309397 0
intel_hsw_imc 7f/14.1 20972292 20974596 20974337 20971778 2351173249743 746465211029 2461076807881 1325584430856 0
intel_hsw_imc ff/17.0 20972292 20974596 20974337 20971778 3077531869095 880375614657 3171788717067 1772639431924 0
intel_hsw_imc ff/17.1 20972292 20974596 20974337 20971778 3078588027938 880274041993 3170371532777 1759711943371 0
intel_hsw_qpi ff/08.2 6291712 6292480 6293506 6292483 3872727693685 2717177052913 10674031979064 0
intel_hsw_qpi 7f/08.2 6291712 6292480 6293506 6292483 2714246956141 3876110314399 13752405865534 0
intel_hsw_qpi 7f/09.2 6291712 6292480 6293506 6292483 2714919145042 3875897871136 12566656252536 0
intel_hsw_qpi ff/09.2 6291712 6292480 6293506 6292483 3872750450297 2716671955621 11696393704904 0
intel_hsw_r2pci 7f/10.1 20972580 20975369 20975367 20975368 4712297160 24995714272388 26986881692188 31600502461864
intel_hsw_r2pci ff/10.1 20972580 20975369 20975367 20975368 47191350 23526064620959 26277276755421 29855746232286
mem 1 82566752 31490120 51076632 11377620 38959936 160 0 50255152 12975432 82472 37608 0 0 433188 0 0 0
mem 0 82341048 10022160 72318888 16758344 53603124 248 0 69903876 37658692 460932 116804 0 0 620588 24576 0 0
net vnet23 0 0 8311157 0 0 0 0 0 0 0 0 0 65730 0 496073207 0 0 0 0 0 0 91419 0
net enp6s0f0 0 0 0 0 0 0 0 0 0 0 0 0 0 0 6606 0 0 0 0 0 0 93 0
net vnet21 0 0 11160888 0 0 0 0 0 0 0 0 0 77662 0 1150513396 0 0 0 0 0 0 132723 0
net vnet46 0 0 126580 0 0 0 0 0 0 0 0 0 540 0 69696 0 0 0 0 0 0 577 0
net vnet20 0 0 11513166 0 0 0 0 0 0 0 0 0 81584 0 1150520839 0 0 0 0 0 0 135846 0
net enp1s0f0 0 1332362 78053272454 0 0 0 0 371 0 0 371 0 81219538 0 1598724406 0 0 0 0 0 0 9066844 0
net lo 0 0 60749242 0 0 0 0 0 0 0 0 0 483302 0 60749242 0 0 0 0 0 0 483302 0
net vnet24 0 0 583459 0 0 0 0 0 0 0 0 0 7108 0 80662095 0 0 0 0 0 0 19674 0
net vnet38 0 0 438643 0 0 0 0 0 0 0 0 0 4173 0 64696198 0 0 0 0 0 0 8537 0
net virbr0 0 1345 376484549 0 0 0 0 0 0 0 0 0 5004214 0 70467583887 0 0 0 0 0 0 7228792 0
numa 1 2585687846 18927329 1008175 29040 1605595423 998585922
numa 0 2112943663 1008175 18927329 28452 1143923364 969769241
ps - 848705627 1550595 350 312 315 9 796
sysv_shm - 0 0
tmpfs /run/lock 0 6
tmpfs /run 2228224 1149
tmpfs /run/user/20029 4096 44
tmpfs /run/qemu 0 1
tmpfs /dev/shm 75714813952 271266
vfs - 298247 124065 308106
vm - 12 31086541 1312482420 520859 2496526 4713604844 4726144842 99555053 21837040 4417634955 78803 0 0 0 0 0 2714357 0 1121522 2855 0 2497875 96 0 34 0 0

1764551825.674270 0 node12.dhkim-278716.ldos-ut-pg0.wisc.cloudlab.us
block sda 510474 408436 62158211 9430686 5559078 14758394 2625225722 238943493 9 17186388 252507611
block sdb 2615 0 7504 3511 4 0 0 0 0 4252 3512
block sdc 995 0 7996 261 4 0 0 0 0 960 262
cpu 11 3368229 2 178579 24839885 167026 0 2092
cpu 10 3504633 13 159714 24788883 111324 0 1083
cpu 13 3207852 0 136384 25152232 55873 0 309
cpu 12 3270831 2 152618 25031075 100752 0 812
cpu 15 2954742 0 143876 25373648 74241 0 589
cpu 14 2918756 1 134987 25441926 51912 0 262
cpu 17 3048641 10 139718 25291155 67788 0 404
cpu 16 3006974 0 161300 25229478 145247 0 1478
cpu 19 3028846 0 165507 25225011 122807 0 1146
cpu 18 3155520 2 143296 25196933 52549 0 368
cpu 1 3378800 12 186888 24996396 62345 0 3065
cpu 0 3348771 2 170073 24969457 64176 0 975
cpu 3 3134432 2 188732 25252266 61960 0 1817
cpu 2 3038332 1 207374 25304349 84169 0 1231
cpu 5 2927754 0 152317 25465705 90972 0 3088
cpu 4 2844954 1 177875 25435323 170334 0 7314
cpu 7 3461144 0 149988 24983990 48758 0 882
cpu 6 3232099 1 139621 25208440 61211 0 2401
cpu 9 3013538 2 129816 25447257 52044 0 486
cpu 8 3149158 81 138734 25264788 53576 0 9427
intel_hsw_cbo 1/7 20971793 20972340 20975390 20972852 17216950883436 758088610787 2564148191937 460014293916
intel_hsw_cbo 1/6 20971793 20972340 20975390 20972852 16502633904993 759481121272 2418396453562 460332348286
intel_hsw_cbo 1/0 20971793 20972340 20975390 20972852 15918285886790 757812393150 2233172673151 460164162825
intel_hsw_cbo 1/4 20971793 20972340 20975390 20972852 16235868154455 760453425063 2041996235730 460120800101
intel_hsw_cbo 1/3 20971793 20972340 20975390 20972852 18867254913798 758596060249 2840223765007 460193053799
intel_hsw_cbo 1/1 20971793 20972340 20975390 20972852 16107402372688 759481523546 2352052729189 460112356505
intel_hsw_cbo 0/8 20971793 20972340 20975390 20972852 15137477220638 702551190547 2130082598876 427646847721
intel_hsw_cbo 0/9 20971793 20972340 20975390 20972852 16779072160024 701230182971 2727672634770 427707381051
intel_hsw_cbo 0/6 20971793 20972340 20975390 20972852 16691005596238 756747392966 2243873224764 463021261691
intel_hsw_cbo 0/7 20971793 20972340 20975390 20972852 18076140552784 756594557264 2428156190081 462895261600
intel_hsw_cbo 0/4 20971793 20972340 20975390 20972852 16449023325054 758061972537 2058996412118 463059842421
intel_hsw_cbo 0/5 20971793 20972340 20975390 20972852 20093358512401 753785397310 2449632519165 463215364032
intel_hsw_cbo 0/2 20971793 20972340 20975390 20972852 15998478257966 755983869222 2012357021730 462809072443
intel_hsw_cbo 0/3 20971793 20972340 20975390 20972852 20775098886503 755828328961 2747893103821 462914187959
intel_hsw_cbo 0/0 20971793 20972340 20975390 20972852 16397835095637 756051800867 2245009725899 463355714839
intel_hsw_cbo 0/1 20971793 20972340 20975390 20972852 16808455536143 757018257986 2198846736604 463099874189
intel_hsw_cbo 1/9 20971793 20972340 20975390 20972852 16472221660366 703690488254 2889744619552 425332474416
intel_hsw_cbo 1/5 20971793 20972340 20975390 20972852 18242470439035 756229119375 2550736197711 460563571550
intel_hsw_cbo 1/8 20971793 20972340 20975390 20972852 14880429308970 704737669547 2293230913523 425368876308
intel_hsw_cbo 1/2 20971793 20972340 20975390 20972852 15598911233342 758199379642 1979039152767 460267867411
intel_hsw_hau ff/12.5 20972289 20974593 20971520 20975386 6177625433616 1750855169983 107381307648141 1754822415750
intel_hsw_hau 7f/12.1 20972289 20974593 20971520 20975386 5039246049732 1612675828640 100914466729710 1617712647116
intel_hsw_hau ff/12.1 20972289 20974593 20971520 20975386 7037439227682 2232900946350 107381307633064 2239334723568
intel_hsw_hau 7f/12.5 20972289 20974593 20971520 20975386 4724773208935 1484509314456 100914467833733 1487994068393
intel_hsw_imc ff/14.1 20972292 20974596 20974337 20971778 3074798496672 880258568710 3147592034586 1747073757972 0
intel_hsw_imc ff/14.0 20972292 20974596 20974337 20971778 3942723129640 1367535763201 3488810539505 1517153439099 0
intel_hsw_imc 7f/17.1 20972292 20974596 20974337 20971778 2355646339642 746582968338 2478646042826 1336836015757 0
intel_hsw_imc 7f/17.0 20972292 20974596 20974337 20971778 2354137895900 746513595284 2477853649028 1344397165654 0
intel_hsw_imc 7f/14.0 20972292 20974596 20974337 20971778 2669400662327 878686394044 2570748061999 1081203743276 0
intel_hsw_imc 7f/14.1 20972292 20974596 20974337 20971778 2351184665324 746476527181 2461089966010 1325588638652 0
intel_hsw_imc ff/17.0 20972292 20974596 20974337 20971778 3077532167276 880375678931 3171788873289 1772639445457 0
intel_hsw_imc ff/17.1 20972292 20974596 20974337 20971778 3078588335284 880274115241 3170371698618 1759711957115 0
intel_hsw_qpi ff/08.2 6291712 6292480 6293506 6292483 3872728282076 2717219011940 10674033097192 0
intel_hsw_qpi 7f/08.2 6291712 6292480 6293506 6292483 2714288908853 3876110902267 13752408108302 0
intel_hsw_qpi 7f/09.2 6291712 6292480 6293506 6292483 2714961102614 3875898459609 12566658036952 0
intel_hsw_qpi ff/09.2 6291712 6292480 6293506 6292483 3872751038096 2716713912455 11696395246968 0
intel_hsw_r2pci 7f/10.1 20972580 20975369 20975367 20975368 4712305872 24995805719902 26987015428214 31600651759124
intel_hsw_r2pci ff/10.1 20972580 20975369 20975367 20975368 47191500 23526071459266 26277384055081 29855854611355
mem 1 82566752 31489628 51077124 11377640 38959888 200 0 50255168 12975432 82472 37604 0 0 433188 0 0 0
mem 0 82341048 9675180 72665868 16758440 53939040 300 12 70239564 37994272 461096 117328 0 0 621300 24576 0 0
net vnet23 0 0 8311157 0 0 0 0 0 0 0 0 0 65730 0 496073277 0 0 0 0 0 0 91420 0
net enp6s0f0 0 0 0 0 0 0 0 0 0 0 0 0 0 0 6606 0 0 0 0 0 0 93 0
net vnet21 0 0 11160888 0 0 0 0 0 0 0 0 0 77662 0 1150513466 0 0 0 0 0 0 132724 0
net vnet46 0 0 126650 0 0 0 0 0 0 0 0 0 541 0 69696 0 0 0 0 0 0 577 0
net vnet20 0 0 11513166 0 0 0 0 0 0 0 0 0 81584 0 1150520909 0 0 0 0 0 0 135847 0
net enp1s0f0 0 1332366 78053278211 0 0 0 0 371 0 0 371 0 81219626 0 1598725141 0 0 0 0 0 0 9066849 0
net lo 0 0 60749787 0 0 0 0 0 0 0 0 0 483306 0 60749787 0 0 0 0 0 0 483306 0
net vnet24 0 0 583459 0 0 0 0 0 0 0 0 0 7108 0 80662165 0 0 0 0 0 0 19675 0
net vnet38 0 0 438643 0 0 0 0 0 0 0 0 0 4173 0 64696268 0 0 0 0 0 0 8538 0
net virbr0 0 1346 376484605 0 0 0 0 0 0 0 0 0 5004215 0 70467583887 0 0 0 0 0 0 7228792 0
numa 1 2585689165 18927329 1008175 29040 1605596742 998585922
numa 0 2113037325 1008175 18927329 28452 1144017025 969769241
ps - 848712362 1550607 350 312 315 9 797
sysv_shm - 0 0
tmpfs /run/lock 0 6
tmpfs /run 2228224 1149
tmpfs /run/user/20029 4096 44
tmpfs /run/qemu 0 1
tmpfs /dev/shm 75714818048 271266
vfs - 298248 124065 308106
vm - 12 31086609 1312619517 520859 2496526 4713699940 4726154205 99555055 21837040 4417722272 78803 0 0 0 0 0 2714357 0 1121522 2855 0 2497875 96 0 34 0 0

1764551826.707823 0 node12.dhkim-278716.ldos-ut-pg0.wisc.cloudlab.us
block sda 510490 408451 62158718 9431092 5559377 14766643 2625461426 238967798 32 17187312 252532513
block sdb 2615 0 7504 3511 4 0 0 0 0 4252 3512
block sdc 995 0 7996 261 4 0 0 0 0 960 262
cpu 11 3368230 2 178579 24839978 167035 0 2092
cpu 10 3504634 13 159716 24788977 111329 0 1083
cpu 13 3207852 0 136384 25152332 55875 0 309
cpu 12 3270832 2 152620 25031176 100752 0 812
cpu 15 2954743 0 143876 25373735 74256 0 589
cpu 14 2918756 1 134987 25442027 51912 0 262
cpu 17 3048644 10 139719 25291256 67790 0 404
cpu 16 3006974 0 161301 25229554 145273 0 1478
cpu 19 3028846 0 165507 25225113 122808 0 1146
cpu 18 3155520 2 143297 25197032 52552 0 368
cpu 1 3378885 12 186892 24996407 62347 0 3065
cpu 0 3348842 2 170084 24969478 64177 0 975
cpu 3 3134496 2 188734 25252293 61969 0 1818
cpu 2 3038390 1 207378 25304383 84172 0 1231
cpu 5 2927813 0 152325 25465739 90972 0 3088
cpu 4 2844998 1 177892 25435352 170347 0 7314
cpu 7 3461206 0 150000 24984017 48758 0 882
cpu 6 3232158 1 139622 25208474 61218 0 2402
cpu 9 3013539 2 129816 25447359 52044 0 486
cpu 8 3149158 81 138734 25264889 53576 0 9427
intel_hsw_cbo 1/7 20971793 20972340 20975390 20972852 17216951853895 758088889539 2564148232850 460014390974
intel_hsw_cbo 1/6 20971793 20972340 20975390 20972852 16502634871160 759481392891 2418396702646 460332444788
intel_hsw_cbo 1/0 20971793 20972340 20975390 20972852 15918286886917 757812667636 2233172868464 460164258500
intel_hsw_cbo 1/4 20971793 20972340 20975390 20972852 16235869216024 760453706617 2041996496163 460120897092
intel_hsw_cbo 1/3 20971793 20972340 20975390 20972852 18867255910542 758596334294 2840223853852 460193150157
intel_hsw_cbo 1/1 20971793 20972340 20975390 20972852 16107403352218 759481799224 2352052943533 460112453336
intel_hsw_cbo 0/8 20971793 20972340 20975390 20972852 15137607426764 702556015388 2130116251724 427652323155
intel_hsw_cbo 0/9 20971793 20972340 20975390 20972852 16779213002083 701235080183 2727691319768 427712858953
intel_hsw_cbo 0/6 20971793 20972340 20975390 20972852 16691146655741 756752508340 2243905461881 463027185785
intel_hsw_cbo 0/7 20971793 20972340 20975390 20972852 18076295438608 756599799759 2428170206311 462901214578
intel_hsw_cbo 0/4 20971793 20972340 20975390 20972852 16449166738950 758067170125 2059023068225 463065782004
intel_hsw_cbo 0/5 20971793 20972340 20975390 20972852 20093511844954 753790510610 2449648379401 463221339714
intel_hsw_cbo 0/2 20971793 20972340 20975390 20972852 15998617780110 755988977847 2012382964961 462815007402
intel_hsw_cbo 0/3 20971793 20972340 20975390 20972852 20775252761932 755833369916 2747915251248 462920121700
intel_hsw_cbo 0/0 20971793 20972340 20975390 20972852 16397975071151 756057096060 2245036860010 463361671694
intel_hsw_cbo 0/1 20971793 20972340 20975390 20972852 16808595372539 757023348433 2198881543873 463105793630
intel_hsw_cbo 1/9 20971793 20972340 20975390 20972852 16472222708865 703690742011 2889744710066 425332565584
intel_hsw_cbo 1/5 20971793 20972340 20975390 20972852 18242471398864 756229390958 2550736237968 460563668375
intel_hsw_cbo 1/8 20971793 20972340 20975390 20972852 14880430356529 704737929014 2293231145967 425368967202
intel_hsw_cbo 1/2 20971793 20972340 20975390 20972852 15598912187296 758199658267 1979039377002 460267964651
intel_hsw_hau ff/12.5 20972289 20974593 20971520 20975386 6177626120065 1750855306838 107384293205140 1754822557428
intel_hsw_hau 7f/12.1 20972289 20974593 20971520 20975386 5039288245813 1612711902179 100917555405590 1617748731469
intel_hsw_hau ff/12.1 20972289 20974593 20971520 20975386 7037440797843 2232901365690 107384293244085 2239335155505
intel_hsw_hau 7f/12.5 20972289 20974593 20971520 20975386 4724804792506 1484537061595 100917556454477 1488021815388
intel_hsw_imc ff/14.1 20972292 20974596 20974337 20971778 3074798834649 880258638661 3147592220538 1747073774072 0
intel_hsw_imc ff/14.0 20972292 20974596 20974337 20971778 3942724372027 1367536140327 3488810910783 1517153488389 0
intel_hsw_imc 7f/17.1 20972292 20974596 20974337 20971778 2355662175276 746596566800 2478663923197 1336841871279 0
intel_hsw_imc 7f/17.0 20972292 20974596 20974337 20971778 2354153786000 746527243329 2477871608797 1344403068126 0
intel_hsw_imc 7f/14.0 20972292 20974596 20974337 20971778 2669427169069 878708156773 2570771196437 1081210792713 0
intel_hsw_imc 7f/14.1 20972292 20974596 20974337 20971778 2351200573921 746490207667 2461107928842 1325594510186 0
intel_hsw_imc ff/17.0 20972292 20974596 20974337 20971778 3077532509304 880375749944 3171789063100 1772639461964 0
intel_hsw_imc ff/17.1 20972292 20974596 20974337 20971778 3078588687656 880274196478 3170371898913 1759711973533 0
intel_hsw_qpi ff/08.2 6291712 6292480 6293506 6292483 3872729112648 2717272613598 10674034328760 0
intel_hsw_qpi 7f/08.2 6291712 6292480 6293506 6292483 2714342506509 3876111733206 13752409979078 0
intel_hsw_qpi 7f/09.2 6291712 6292480 6293506 6292483 2715014705743 3875899290214 12566659488792 0
intel_hsw_qpi ff/09.2 6291712 6292480 6293506 6292483 3872751868924 2716767506112 11696396956792 0
intel_hsw_r2pci 7f/10.1 20972580 20975369 20975367 20975368 4712321106 24995908575606 26987155422337 31600821233669
intel_hsw_r2pci ff/10.1 20972580 20975369 20975367 20975368 47191652 23526079493661 26277520301854 29855992015972
mem 1 82566752 31489888 51076864 11377660 38960308 0 144 50255524 12975456 82656 37616 0 0 433220 0 0 0
mem 0 82341048 9055060 73285988 16758500 54562252 208 28 70862924 38617600 461104 118780 0 0 623124 24576 0 0
net vnet23 0 0 8311157 0 0 0 0 0 0 0 0 0 65730 0 496073329 0 0 0 0 0 0 91421 0
net enp6s0f0 0 0 0 0 0 0 0 0 0 0 0 0 0 0 6606 0 0 0 0 0 0 93 0
net vnet21 0 0 11160888 0 0 0 0 0 0 0 0 0 77662 0 1150513518 0 0 0 0 0 0 132725 0
net vnet46 0 0 126650 0 0 0 0 0 0 0 0 0 541 0 69748 0 0 0 0 0 0 578 0
net vnet20 0 0 11513166 0 0 0 0 0 0 0 0 0 81584 0 1150520961 0 0 0 0 0 0 135848 0
net enp1s0f0 0 1332371 78053284540 0 0 0 0 371 0 0 371 0 81219719 0 1598725876 0 0 0 0 0 0 9066854 0
net lo 0 0 60750332 0 0 0 0 0 0 0 0 0 483310 0 60750332 0 0 0 0 0 0 483310 0
net vnet24 0 0 583459 0 0 0 0 0 0 0 0 0 7108 0 80662217 0 0 0 0 0 0 19676 0
net vnet38 0 0 438643 0 0 0 0 0 0 0 0 0 4173 0 64696320 0 0 0 0 0 0 8539 0
net virbr0 0 1346 376484605 0 0 0 0 0 0 0 0 0 5004215 0 70467583887 0 0 0 0 0 0 7228792 0
numa 1 2585690784 18927329 1008175 29040 1605598361 998585922
numa 0 2113193146 1008175 18927329 28452 1144172845 969769241
ps - 848719594 1550628 610 367 333 3 807
sysv_shm - 0 0
tmpfs /run/lock 0 6
tmpfs /run 2228224 1149
tmpfs /run/user/20029 4096 44
tmpfs /run/qemu 0 1
tmpfs /dev/shm 75714822144 271266
vfs - 298248 124105 308106
vm - 12 31086863 1312771357 520881 2496526 4713857271 4726156675 99555055 21837040 4417878512 78811 0 0 0 0 0 2714357 0 1121522 2855 0 2497875 96 0 34 0 0

1764551827.738594 0 node12.dhkim-278716.ldos-ut-pg0.wisc.cloudlab.us
block sda 510496 408452 62158902 9431168 5559657 14769550 2625703282 238994037 3 17188320 252559217
block sdb 2615 0 7504 3511 4 0 0 0 0 4252 3512
block sdc 995 0 7996 261 4 0 0 0 0 960 262
cpu 11 3368230 2 178579 24840052 167062 0 2092
cpu 10 3504634 13 159716 24789073 111335 0 1083
cpu 13 3207853 0 136385 25152408 55900 0 309
cpu 12 3270832 2 152620 25031276 100752 0 812
cpu 15 2954744 0 143876 25373831 74263 0 589
cpu 14 2918756 1 134987 25442128 51913 0 262
cpu 17 3048645 10 139720 25291359 67790 0 404
cpu 16 3006974 0 161304 25229602 145325 0 1478
cpu 19 3028846 0 165507 25225215 122809 0 1146
cpu 18 3155520 2 143298 25197119 52567 0 368
cpu 1 3378929 12 186906 24996435 62364 0 3065
cpu 0 3348871 2 170087 24969502 64222 0 976
cpu 3 3134521 2 188735 25252333 62004 0 1818
cpu 2 3038408 1 207380 25304450 84187 0 1231
cpu 5 2927854 0 152337 25465762 90999 0 3088
cpu 4 2845034 1 177899 25435389 170368 0 7314
cpu 7 3461235 0 150000 24984055 48792 0 882
cpu 6 3232205 1 139638 25208501 61229 0 2402
cpu 9 3013539 2 129816 25447462 52044 0 486
cpu 8 3149158 81 138734 25264992 53576 0 9427
intel_hsw_cbo 1/7 20971793 20972340 20975390 20972852 17216953287958 758089206472 2564148270417 460014494496
intel_hsw_cbo 1/6 20971793 20972340 20975390 20972852 16502636421999 759481702617 2418396875127 460332546775
intel_hsw_cbo 1/0 20971793 20972340 20975390 20972852 15918288266826 757812981084 2233173252483 460164360147
intel_hsw_cbo 1/4 20971793 20972340 20975390 20972852 16235870737215 760454028658 2041996950204 460120999370
intel_hsw_cbo 1/3 20971793 20972340 20975390 20972852 18867257612442 758596646191 2840223960356 460193252423
intel_hsw_cbo 1/1 20971793 20972340 20975390 20972852 16107404872193 759482114648 2352053110948 460112555034
intel_hsw_cbo 0/8 20971793 20972340 20975390 20972852 15137745277250 702560786799 2130151556325 427659361778
intel_hsw_cbo 0/9 20971793 20972340 20975390 20972852 16779361927868 701239911306 2727717277549 427719887233
intel_hsw_cbo 0/6 20971793 20972340 20975390 20972852 16691299511809 756757536880 2243938558800 463034781912
intel_hsw_cbo 0/7 20971793 20972340 20975390 20972852 18076461722051 756604975070 2428192553233 462908850640
intel_hsw_cbo 0/4 20971793 20972340 20975390 20972852 16449320357199 758072252746 2059047498025 463073388495
intel_hsw_cbo 0/5 20971793 20972340 20975390 20972852 20093675340342 753795596207 2449673813297 463228994181
intel_hsw_cbo 0/2 20971793 20972340 20975390 20972852 15998770168128 755994107982 2012407740949 462822629878
intel_hsw_cbo 0/3 20971793 20972340 20975390 20972852 20775416304869 755838369406 2747947990398 462927729654
intel_hsw_cbo 0/0 20971793 20972340 20975390 20972852 16398126046134 756062340641 2245065183168 463369306440
intel_hsw_cbo 0/1 20971793 20972340 20975390 20972852 16808745338429 757028344816 2198918874281 463113384919
intel_hsw_cbo 1/9 20971793 20972340 20975390 20972852 16472224217852 703691025640 2889744811217 425332661852
intel_hsw_cbo 1/5 20971793 20972340 20975390 20972852 18242472970216 756229701556 2550736277686 460563770400
intel_hsw_cbo 1/8 20971793 20972340 20975390 20972852 14880431914515 704738219794 2293231309726 425369064297
intel_hsw_cbo 1/2 20971793 20972340 20975390 20972852 15598913746028 758199974843 1979039803842 460268067808
intel_hsw_hau ff/12.5 20972289 20974593 20971520 20975386 6177626876485 1750855455336 107387279616449 1754822709388
intel_hsw_hau 7f/12.1 20972289 20974593 20971520 20975386 5039348596950 1612759491410 100920644694500 1617796332256
intel_hsw_hau ff/12.1 20972289 20974593 20971520 20975386 7037442385863 2232901787121 107387279622324 2239335587474
intel_hsw_hau 7f/12.5 20972289 20974593 20971520 20975386 4724839392846 1484561943659 100920645777877 1488046698058
intel_hsw_imc ff/14.1 20972292 20974596 20974337 20971778 3074799207240 880258714628 3147592421321 1747073792785 0
intel_hsw_imc ff/14.0 20972292 20974596 20974337 20971778 3942725602016 1367536514614 3488811288158 1517153538030 0
intel_hsw_imc 7f/17.1 20972292 20974596 20974337 20971778 2355679578358 746609024287 2478682402820 1336848136118 0
intel_hsw_imc 7f/17.0 20972292 20974596 20974337 20971778 2354171246482 746539760360 2477890209825 1344409375377 0
intel_hsw_imc 7f/14.0 20972292 20974596 20974337 20971778 2669470365264 878743326263 2570812370963 1081225176019 0
intel_hsw_imc 7f/14.1 20972292 20974596 20974337 20971778 2351218055840 746502747148 2461126525612 1325600784825 0
intel_hsw_imc ff/17.0 20972292 20974596 20974337 20971778 3077532887770 880375826072 3171789268404 1772639480953 0
intel_hsw_imc ff/17.1 20972292 20974596 20974337 20971778 3078589076288 880274285039 3170372115482 1759711992537 0
intel_hsw_qpi ff/08.2 6291712 6292480 6293506 6292483 3872730237679 2717337843840 10674035857608 0
intel_hsw_qpi 7f/08.2 6291712 6292480 6293506 6292483 2714407716046 3876112859314 13752411128214 0
intel_hsw_qpi 7f/09.2 6291712 6292480 6293506 6292483 2715079933429 3875900415305 12566660348048 0
intel_hsw_qpi ff/09.2 6291712 6292480 6293506 6292483 3872752994996 2716832723108 11696399048928 0
intel_hsw_r2pci 7f/10.1 20972580 20975369 20975367 20975368 4712330742 24996012320949 26987296530161 31600992124473
intel_hsw_r2pci ff/10.1 20972580 20975369 20975367 20975368 47191810 23526088648405 26277686392456 29856159828722
mem 1 82566752 31489544 51077208 11377768 38961792 176 0 50255904 12975460 83700 37628 0 0 433156 0 0 0
mem 0 82341048 8548868 73792180 16758512 55066912 328 64 71368020 39122676 460724 119820 0 0 624420 24576 0 0
net vnet23 0 0 8311157 0 0 0 0 0 0 0 0 0 65730 0 496073329 0 0 0 0 0 0 91421 0
net enp6s0f0 0 0 0 0 0 0 0 0 0 0 0 0 0 0 6606 0 0 0 0 0 0 93 0
net vnet21 0 0 11160888 0 0 0 0 0 0 0 0 0 77662 0 1150513518 0 0 0 0 0 0 132725 0
net vnet46 0 0 126650 0 0 0 0 0 0 0 0 0 541 0 69748 0 0 0 0 0 0 578 0
net vnet20 0 0 11513166 0 0 0 0 0 0 0 0 0 81584 0 1150520961 0 0 0 0 0 0 135848 0
net enp1s0f0 0 1332381 78053290477 0 0 0 0 371 0 0 371 0 81219810 0 1598726611 0 0 0 0 0 0 9066859 0
net lo 0 0 60750877 0 0 0 0 0 0 0 0 0 483314 0 60750877 0 0 0 0 0 0 483314 0
net vnet24 0 0 583459 0 0 0 0 0 0 0 0 0 7108 0 80662217 0 0 0 0 0 0 19676 0
net vnet38 0 0 438643 0 0 0 0 0 0 0 0 0 4173 0 64696320 0 0 0 0 0 0 8539 0
net virbr0 0 1346 376484605 0 0 0 0 0 0 0 0 0 5004215 0 70467583887 0 0 0 0 0 0 7228792 0
numa 1 2585692637 18927329 1008175 29040 1605600214 998585922
numa 0 2113319780 1008175 18927329 28452 1144299479 969769241
ps - 848727074 1550647 610 367 333 2 815
sysv_shm - 0 0
tmpfs /run/lock 0 6
tmpfs /run 2228224 1149
tmpfs /run/user/20029 4096 44
tmpfs /run/qemu 0 1
tmpfs /dev/shm 75714822144 271266
vfs - 298248 124065 308106
vm - 12 31086959 1312859833 520883 2496526 4713985710 4726158771 99555072 21837040 4418006221 78813 0 0 0 0 0 2714357 0 1121522 2855 0 2497875 96 0 34 0 0

1764551828.776263 0 node12.dhkim-278716.ldos-ut-pg0.wisc.cloudlab.us
block sda 510499 408452 62158926 9431265 5559920 14790273 2626080202 238999607 6 17189352 252564953
block sdb 2615 0 7504 3511 4 0 0 0 0 4252 3512
block sdc 995 0 7996 261 4 0 0 0 0 960 262
cpu 11 3368230 2 178580 24840153 167062 0 2092
cpu 10 3504634 13 159716 24789176 111335 0 1083
cpu 13 3207853 0 136386 25152510 55900 0 309
cpu 12 3270832 2 152620 25031378 100752 0 812
cpu 15 2954744 0 143877 25373933 74263 0 589
cpu 14 2918757 1 134988 25442230 51913 0 262
cpu 17 3048647 10 139721 25291461 67790 0 404
cpu 16 3006974 0 161304 25229705 145325 0 1478
cpu 19 3028846 0 165507 25225315 122811 0 1146
cpu 18 3155520 2 143298 25197223 52567 0 368
cpu 1 3378947 12 186916 24996496 62377 0 3065
cpu 0 3348889 2 170094 24969567 64234 0 976
cpu 3 3134545 2 188738 25252389 62022 0 1818
cpu 2 3038430 1 207385 25304509 84205 0 1231
cpu 5 2927874 0 152344 25465835 91002 0 3088
cpu 4 2845069 1 177900 25435449 170374 0 7314
cpu 7 3461260 0 150008 24984114 48801 0 882
cpu 6 3232288 1 139646 25208514 61229 0 2402
cpu 9 3013540 2 129816 25447564 52044 0 486
cpu 8 3149158 81 138734 25265094 53576 0 9427
intel_hsw_cbo 1/7 20971793 20972340 20975390 20972852 17216954230431 758089478852 2564148298495 460014589102
intel_hsw_cbo 1/6 20971793 20972340 20975390 20972852 16502637444985 759481968054 2418397167162 460332639648
intel_hsw_cbo 1/0 20971793 20972340 20975390 20972852 15918289208989 757813249538 2233173495425 460164453528
intel_hsw_cbo 1/4 20971793 20972340 20975390 20972852 16235871680001 760454305367 2041997263569 460121092964
intel_hsw_cbo 1/3 20971793 20972340 20975390 20972852 18867258639695 758596913652 2840224048969 460193345429
intel_hsw_cbo 1/1 20971793 20972340 20975390 20972852 16107405860426 759482385392 2352053380194 460112648036
intel_hsw_cbo 0/8 20971793 20972340 20975390 20972852 15137765857581 702564540138 2130158408247 427662207083
intel_hsw_cbo 0/9 20971793 20972340 20975390 20972852 16779383231847 701243637825 2727726113624 427722720489
intel_hsw_cbo 0/6 20971793 20972340 20975390 20972852 16691319562574 756761407553 2243945247277 463037852010
intel_hsw_cbo 0/7 20971793 20972340 20975390 20972852 18076483503011 756609099452 2428200030717 462911925537
intel_hsw_cbo 0/4 20971793 20972340 20975390 20972852 16449340842424 758076326472 2059060660106 463076465489
intel_hsw_cbo 0/5 20971793 20972340 20975390 20972852 20093696658099 753799507486 2449682337725 463232061500
intel_hsw_cbo 0/2 20971793 20972340 20975390 20972852 15998791233569 755998237991 2012421709817 462825711500
intel_hsw_cbo 0/3 20971793 20972340 20975390 20972852 20775437364687 755842184881 2747958673365 462930803054
intel_hsw_cbo 0/0 20971793 20972340 20975390 20972852 16398146658860 756066332008 2245080401624 463372386151
intel_hsw_cbo 0/1 20971793 20972340 20975390 20972852 16808765386587 757032332124 2198927023256 463116461711
intel_hsw_cbo 1/9 20971793 20972340 20975390 20972852 16472225216358 703691273819 2889744901595 425332752088
intel_hsw_cbo 1/5 20971793 20972340 20975390 20972852 18242473969717 756229969082 2550736305338 460563863640
intel_hsw_cbo 1/8 20971793 20972340 20975390 20972852 14880433021729 704738473601 2293231596510 425369154854
intel_hsw_cbo 1/2 20971793 20972340 20975390 20972852 15598914700694 758200246737 1979040082573 460268162459
intel_hsw_hau ff/12.5 20972289 20974593 20971520 20975386 6177627434233 1750855580839 107390267188435 1754822840176
intel_hsw_hau 7f/12.1 20972289 20974593 20971520 20975386 5039363220088 1612775742221 100923734880154 1617812595303
intel_hsw_hau ff/12.1 20972289 20974593 20971520 20975386 7037443776373 2232902214789 107390267182338 2239336028095
intel_hsw_hau 7f/12.5 20972289 20974593 20971520 20975386 4724850003217 1484574089025 100923735976299 1488058844393
intel_hsw_imc ff/14.1 20972292 20974596 20974337 20971778 3074799484961 880258779144 3147592549202 1747073806330 0
intel_hsw_imc ff/14.0 20972292 20974596 20974337 20971778 3942726723347 1367536905038 3488811606572 1517153585457 0
intel_hsw_imc 7f/17.1 20972292 20974596 20974337 20971778 2355684918855 746614843606 2478687583275 1336849136044 0
intel_hsw_imc 7f/17.0 20972292 20974596 20974337 20971778 2354176640950 746545626643 2477895449942 1344410384407 0
intel_hsw_imc 7f/14.0 20972292 20974596 20974337 20971778 2669479756586 878752963082 2570820407353 1081226471352 0
intel_hsw_imc 7f/14.1 20972292 20974596 20974337 20971778 2351223477951 746508641275 2461131795379 1325601796954 0
intel_hsw_imc ff/17.0 20972292 20974596 20974337 20971778 3077533164410 880375891318 3171789397150 1772639494445 0
intel_hsw_imc ff/17.1 20972292 20974596 20974337 20971778 3078589365700 880274360614 3170372255905 1759712006352 0
intel_hsw_qpi ff/08.2 6291712 6292480 6293506 6292483 3872730942003 2717357385727 10674037123040 0
intel_hsw_qpi 7f/08.2 6291712 6292480 6293506 6292483 2714427259626 3876113564687 13752413012086 0
intel_hsw_qpi 7f/09.2 6291712 6292480 6293506 6292483 2715099477432 3875901119745 12566661906760 0
intel_hsw_qpi ff/09.2 6291712 6292480 6293506 6292483 3872753700231 2716852259648 11696400792576 0
intel_hsw_r2pci 7f/10.1 20972580 20975369 20975367 20975368 4712338346 24996068770633 26987353212944 31601070280932
intel_hsw_r2pci ff/10.1 20972580 20975369 20975367 20975368 47191962 23526096607616 26277740285464 29856215023129
mem 1 82566752 31489544 51077208 11377764 38960680 196 0 50255916 12975464 82624 37544 0 0 433156 0 0 0
mem 0 82341048 8219772 74121276 16758576 55393380 348 0 71694020 39448524 461264 119856 0 0 624340 24576 0 0
net vnet23 0 0 8311157 0 0 0 0 0 0 0 0 0 65730 0 496073381 0 0 0 0 0 0 91422 0
net enp6s0f0 0 0 0 0 0 0 0 0 0 0 0 0 0 0 6606 0 0 0 0 0 0 93 0
net vnet21 0 0 11160888 0 0 0 0 0 0 0 0 0 77662 0 1150513570 0 0 0 0 0 0 132726 0
net vnet46 0 0 126650 0 0 0 0 0 0 0 0 0 541 0 69800 0 0 0 0 0 0 579 0
net vnet20 0 0 11513166 0 0 0 0 0 0 0 0 0 81584 0 1150521013 0 0 0 0 0 0 135849 0
net enp1s0f0 0 1332384 78053296954 0 0 0 0 371 0 0 371 0 81219910 0 1598727346 0 0 0 0 0 0 9066864 0
net lo 0 0 60751422 0 0 0 0 0 0 0 0 0 483318 0 60751422 0 0 0 0 0 0 483318 0
net vnet24 0 0 583459 0 0 0 0 0 0 0 0 0 7108 0 80662269 0 0 0 0 0 0 19677 0
net vnet38 0 0 438643 0 0 0 0 0 0 0 0 0 4173 0 64696372 0 0 0 0 0 0 8540 0
net virbr0 0 1346 376484605 0 0 0 0 0 0 0 0 0 5004215 0 70467583887 0 0 0 0 0 0 7228792 0
numa 1 2585693977 18927329 1008175 29040 1605601554 998585922
numa 0 2113403706 1008175 18927329 28452 1144383405 969769241
ps - 848734688 1550658 610 367 333 8 815
sysv_shm - 0 0
tmpfs /run/lock 0 6
tmpfs /run 2228224 1149
tmpfs /run/user/20029 4096 44
tmpfs /run/qemu 0 1
tmpfs /dev/shm 75714822144 271266
vfs - 298248 124065 308106
vm - 12 31086967 1313043173 520883 2496526 4714071055 4726160854 99555073 21837040 4418091109 78813 0 0 0 0 0 2714357 0 1121522 2855 0 2497875 96 0 34 0 0

1764551829.813463 0 node12.dhkim-278716.ldos-ut-pg0.wisc.cloudlab.us
block sda 510500 408452 62158934 9431278 5560151 14804128 2626390634 239005245 15 17190372 252570660
block sdb 2615 0 7504 3511 4 0 0 0 0 4252 3512
block sdc 995 0 7996 261 4 0 0 0 0 960 262
cpu 11 3368230 2 178582 24840254 167062 0 2092
cpu 10 3504635 13 159716 24789279 111335 0 1083
cpu 13 3207853 0 136386 25152611 55900 0 309
cpu 12 3270833 2 152620 25031480 100752 0 812
cpu 15 2954744 0 143877 25374036 74263 0 589
cpu 14 2918757 1 134988 25442332 51913 0 262
cpu 17 3048650 10 139721 25291564 67790 0 404
cpu 16 3006974 0 161304 25229808 145325 0 1478
cpu 19 3028846 0 165507 25225413 122816 0 1146
cpu 18 3155521 2 143298 25197326 52567 0 368
cpu 1 3378979 12 186920 24996546 62394 0 3065
cpu 0 3348934 2 170096 24969617 64240 0 976
cpu 3 3134580 2 188740 25252445 62031 0 1818
cpu 2 3038468 1 207391 25304554 84216 0 1231
cpu 5 2927905 0 152351 25465900 91003 0 3088
cpu 4 2845104 1 177902 25435506 170383 0 7315
cpu 7 3461291 0 150014 24984168 48813 0 882
cpu 6 3232322 1 139650 25208568 61238 0 2402
cpu 9 3013540 2 129817 25447666 52044 0 486
cpu 8 3149159 81 138735 25265195 53576 0 9428
intel_hsw_cbo 1/7 20971793 20972340 20975390 20972852 17216955058778 758089734445 2564148330943 460014678462
intel_hsw_cbo 1/6 20971793 20972340 20975390 20972852 16502638424382 759482218185 2418397671833 460332727777
intel_hsw_cbo 1/0 20971793 20972340 20975390 20972852 15918290104239 757813505834 2233173671701 460164542342
intel_hsw_cbo 1/4 20971793 20972340 20975390 20972852 16235872574884 760454564834 2041997568719 460121182082
intel_hsw_cbo 1/3 20971793 20972340 20975390 20972852 18867259612308 758597166386 2840224157492 460193434194
intel_hsw_cbo 1/1 20971793 20972340 20975390 20972852 16107406795897 759482642030 2352053786011 460112736518
intel_hsw_cbo 0/8 20971793 20972340 20975390 20972852 15137882707495 702567847046 2130178958301 427665927886
intel_hsw_cbo 0/9 20971793 20972340 20975390 20972852 16779508426117 701246934560 2727739799268 427726441111
intel_hsw_cbo 0/6 20971793 20972340 20975390 20972852 16691451886184 756764927139 2243965789755 463041872385
intel_hsw_cbo 0/7 20971793 20972340 20975390 20972852 18076630229296 756612678051 2428210294467 462915957460
intel_hsw_cbo 0/4 20971793 20972340 20975390 20972852 16449475297088 758079869231 2059083785699 463080496997
intel_hsw_cbo 0/5 20971793 20972340 20975390 20972852 20093841349660 753803054791 2449693962600 463236094346
intel_hsw_cbo 0/2 20971793 20972340 20975390 20972852 15998923567588 756001798899 2012444163901 462829744737
intel_hsw_cbo 0/3 20971793 20972340 20975390 20972852 20775577397507 755845645096 2747974976594 462934833892
intel_hsw_cbo 0/0 20971793 20972340 20975390 20972852 16398279643526 756069970175 2245103234695 463376412428
intel_hsw_cbo 0/1 20971793 20972340 20975390 20972852 16808894816905 757035820445 2198948353439 463120485473
intel_hsw_cbo 1/9 20971793 20972340 20975390 20972852 16472226133342 703691510148 2889745013330 425332838451
intel_hsw_cbo 1/5 20971793 20972340 20975390 20972852 18242474869560 756230220760 2550736336940 460563952325
intel_hsw_cbo 1/8 20971793 20972340 20975390 20972852 14880433994295 704738715369 2293232050211 425369241026
intel_hsw_cbo 1/2 20971793 20972340 20975390 20972852 15598915543288 758200503338 1979040321468 460268252319
intel_hsw_hau ff/12.5 20972289 20974593 20971520 20975386 6177627975662 1750855698838 107392720334750 1754822962084
intel_hsw_hau 7f/12.1 20972289 20974593 20971520 20975386 5039391779379 1612795860835 100926272905320 1617832727034
intel_hsw_hau ff/12.1 20972289 20974593 20971520 20975386 7037445172779 2232902632749 107392720355027 2239336456125
intel_hsw_hau 7f/12.5 20972289 20974593 20971520 20975386 4724869754669 1484589347839 100926273972513 1488074104221
intel_hsw_imc ff/14.1 20972292 20974596 20974337 20971778 3074799753746 880258839099 3147592676837 1747073819181 0
intel_hsw_imc ff/14.0 20972292 20974596 20974337 20971778 3942727861197 1367537286859 3488811920409 1517153631353 0
intel_hsw_imc 7f/17.1 20972292 20974596 20974337 20971778 2355694771274 746622450962 2478701622451 1336854495080 0
intel_hsw_imc 7f/17.0 20972292 20974596 20974337 20971778 2354186539685 746553282082 2477909563734 1344415827674 0
intel_hsw_imc 7f/14.0 20972292 20974596 20974337 20971778 2669498403700 878765429863 2570840655948 1081233999416 0
intel_hsw_imc 7f/14.1 20972292 20974596 20974337 20971778 2351233402843 746516319565 2461145865947 1325607148920 0
intel_hsw_imc ff/17.0 20972292 20974596 20974337 20971778 3077533432842 880375951864 3171789525894 1772639507390 0
intel_hsw_imc ff/17.1 20972292 20974596 20974337 20971778 3078589646246 880274431511 3170372396416 1759712019618 0
intel_hsw_qpi ff/08.2 6291712 6292480 6293506 6292483 3872731534519 2717387675185 10674038227000 0
intel_hsw_qpi 7f/08.2 6291712 6292480 6293506 6292483 2714457545702 3876114156709 13752415140262 0
intel_hsw_qpi 7f/09.2 6291712 6292480 6293506 6292483 2715129766887 3875901712306 12566663661504 0
intel_hsw_qpi ff/09.2 6291712 6292480 6293506 6292483 3872754292172 2716882545342 11696402315904 0
intel_hsw_r2pci 7f/10.1 20972580 20975369 20975367 20975368 4712345734 24996144529389 26987442181567 31601176345376
intel_hsw_r2pci ff/10.1 20972580 20975369 20975367 20975368 47192160 23526103692189 26277818575399 29856294676529
mem 1 82566752 31489796 51076956 11377768 38960816 96 0 50255924 12975528 82724 37584 0 0 433156 0 0 0
mem 0 82341048 8175444 74165604 16758800 55436416 164 11100 71737344 39480116 461168 120520 0 0 625044 24576 0 0
net vnet23 0 0 8311157 0 0 0 0 0 0 0 0 0 65730 0 496073381 0 0 0 0 0 0 91422 0
net enp6s0f0 0 0 0 0 0 0 0 0 0 0 0 0 0 0 6606 0 0 0 0 0 0 93 0
net vnet21 0 0 11160888 0 0 0 0 0 0 0 0 0 77662 0 1150513570 0 0 0 0 0 0 132726 0
net vnet46 0 0 126749 0 0 0 0 0 0 0 0 0 542 0 69916 0 0 0 0 0 0 580 0
net vnet20 0 0 11513166 0 0 0 0 0 0 0 0 0 81584 0 1150521013 0 0 0 0 0 0 135849 0
net enp1s0f0 0 1332389 78053302411 0 0 0 0 371 0 0 371 0 81219993 0 1598728081 0 0 0 0 0 0 9066869 0
net lo 0 0 60751967 0 0 0 0 0 0 0 0 0 483322 0 60751967 0 0 0 0 0 0 483322 0
net vnet24 0 0 583459 0 0 0 0 0 0 0 0 0 7108 0 80662269 0 0 0 0 0 0 19677 0
net vnet38 0 0 438643 0 0 0 0 0 0 0 0 0 4173 0 64696372 0 0 0 0 0 0 8540 0
net virbr0 0 1346 376484690 0 0 0 0 0 0 0 0 0 5004216 0 70467584003 0 0 0 0 0 0 7228793 0
numa 1 2585695359 18927329 1008175 29040 1605602936 998585922
numa 0 2113414141 1008175 18927329 28452 1144393840 969769241
ps - 848748984 1550669 610 367 333 2 815
sysv_shm - 0 0
tmpfs /run/lock 0 6
tmpfs /run 2228224 1149
tmpfs /run/user/20029 4096 44
tmpfs /run/qemu 0 1
tmpfs /dev/shm 75714826240 271266
vfs - 298248 123825 308106
vm - 12 31086999 1313209013 520883 2496526 4714082793 4726164925 99555078 21837040 4418099683 78813 0 0 0 0 0 2714357 0 1121522 2855 0 2497875 96 0 34 0 0

1764551830.848741 0 node12.dhkim-278716.ldos-ut-pg0.wisc.cloudlab.us
block sda 510506 408452 62159109 9431380 5560267 14808829 2626572410 239010568 0 17190948 252576085
block sdb 2615 0 7504 3511 4 0 0 0 0 4252 3512
block sdc 995 0 7996 261 4 0 0 0 0 960 262
cpu 11 3368230 2 178582 24840357 167062 0 2092
cpu 10 3504635 13 159716 24789381 111335 0 1083
cpu 13 3207854 0 136386 25152712 55900 0 309
cpu 12 3270833 2 152620 25031583 100752 0 812
cpu 15 2954745 0 143878 25374138 74263 0 589
cpu 14 2918757 1 134989 25442434 51913 0 262
cpu 17 3048652 10 139722 25291667 67790 0 404
cpu 16 3006975 0 161305 25229910 145325 0 1478
cpu 19 3028847 0 165507 25225515 122816 0 1146
cpu 18 3155521 2 143299 25197429 52567 0 368
cpu 1 3378991 12 186922 24996607 62420 0 3065
cpu 0 3348940 2 170099 24969705 64246 0 976
cpu 3 3134585 2 188742 25252521 62048 0 1818
cpu 2 3038473 1 207396 25304643 84220 0 1231
cpu 5 2927914 0 152353 25465991 91004 0 3088
cpu 4 2845106 1 177903 25435595 170390 0 7315
cpu 7 3461297 0 150015 24984256 48820 0 882
cpu 6 3232329 1 139652 25208652 61247 0 2402
cpu 9 3013540 2 129817 25447769 52044 0 486
cpu 8 3149160 81 138735 25265297 53576 0 9428
intel_hsw_cbo 1/7 20971793 20972340 20975390 20972852 17216956257989 758089996918 2564148461457 460014767809
intel_hsw_cbo 1/6 20971793 20972340 20975390 20972852 16502639685762 759482474797 2418398205966 460332815919
intel_hsw_cbo 1/0 20971793 20972340 20975390 20972852 15918291301352 757813766011 2233173745457 460164630214
intel_hsw_cbo 1/4 20971793 20972340 20975390 20972852 16235873758297 760454829703 2041997721560 460121269928
intel_hsw_cbo 1/3 20971793 20972340 20975390 20972852 18867261046436 758597424969 2840224333009 460193522599
intel_hsw_cbo 1/1 20971793 20972340 20975390 20972852 16107408007108 759482904020 2352054235634 460112823331
intel_hsw_cbo 0/8 20971793 20972340 20975390 20972852 15137887454297 702568719105 2130180170444 427666360168
intel_hsw_cbo 0/9 20971793 20972340 20975390 20972852 16779513045251 701247792189 2727740688337 427726873380
intel_hsw_cbo 0/6 20971793 20972340 20975390 20972852 16691456539812 756765877575 2243966984981 463042337285
intel_hsw_cbo 0/7 20971793 20972340 20975390 20972852 18076635106527 756613639556 2428210992875 462916426884
intel_hsw_cbo 0/4 20971793 20972340 20975390 20972852 16449479943362 758080799094 2059085044531 463080964315
intel_hsw_cbo 0/5 20971793 20972340 20975390 20972852 20093846158090 753803962034 2449694725914 463236563190
intel_hsw_cbo 0/2 20971793 20972340 20975390 20972852 15998928132704 756002748314 2012445403432 462830216301
intel_hsw_cbo 0/3 20971793 20972340 20975390 20972852 20775582470387 755846583085 2747975969724 462935303248
intel_hsw_cbo 0/0 20971793 20972340 20975390 20972852 16398284160053 756070916028 2245104496420 463376881553
intel_hsw_cbo 0/1 20971793 20972340 20975390 20972852 16808899311603 757036726149 2198949609332 463120954957
intel_hsw_cbo 1/9 20971793 20972340 20975390 20972852 16472227493669 703691750507 2889745219009 425332924807
intel_hsw_cbo 1/5 20971793 20972340 20975390 20972852 18242476193780 756230478718 2550736458330 460564039694
intel_hsw_cbo 1/8 20971793 20972340 20975390 20972852 14880435279344 704738961469 2293232554645 425369327286
intel_hsw_cbo 1/2 20971793 20972340 20975390 20972852 15598916755574 758200764250 1979040419686 460268341663
intel_hsw_hau ff/12.5 20972289 20974593 20971520 20975386 6177628474585 1750855808366 107394220035086 1754823075294
intel_hsw_hau 7f/12.1 20972289 20974593 20971520 20975386 5039395703631 1612797440356 100927801801858 1617834317823
intel_hsw_hau ff/12.1 20972289 20974593 20971520 20975386 7037446427496 2232903008938 107394220079157 2239336841168
intel_hsw_hau 7f/12.5 20972289 20974593 20971520 20975386 4724872581481 1484590514893 100927802843155 1488075273092
intel_hsw_imc ff/14.1 20972292 20974596 20974337 20971778 3074800001733 880258895033 3147592786569 1747073830489 0
intel_hsw_imc ff/14.0 20972292 20974596 20974337 20971778 3942728876834 1367537627887 3488812176479 1517153667613 0
intel_hsw_imc 7f/17.1 20972292 20974596 20974337 20971778 2355696178518 746623032154 2478702823712 1336854669349 0
intel_hsw_imc 7f/17.0 20972292 20974596 20974337 20971778 2354187973480 746553890668 2477910792402 1344416003258 0
intel_hsw_imc 7f/14.0 20972292 20974596 20974337 20971778 2669500900505 878766431234 2570842400433 1081234209825 0
intel_hsw_imc 7f/14.1 20972292 20974596 20974337 20971778 2351234848723 746516941034 2461147115434 1325607325284 0
intel_hsw_imc ff/17.0 20972292 20974596 20974337 20971778 3077533680991 880376008359 3171789636965 1772639518391 0
intel_hsw_imc ff/17.1 20972292 20974596 20974337 20971778 3078589903930 880274496595 3170372516605 1759712030993 0
intel_hsw_qpi ff/08.2 6291712 6292480 6293506 6292483 3872732124737 2717390944794 10674039325112 0
intel_hsw_qpi 7f/08.2 6291712 6292480 6293506 6292483 2714460814047 3876114747924 13752417031926 0
intel_hsw_qpi 7f/09.2 6291712 6292480 6293506 6292483 2715133037075 3875902302542 12566665265664 0
intel_hsw_qpi ff/09.2 6291712 6292480 6293506 6292483 3872754883334 2716885812247 11696403807112 0
intel_hsw_r2pci 7f/10.1 20972580 20975369 20975367 20975368 4712356954 24996164461390 26987458460090 31601197138577
intel_hsw_r2pci ff/10.1 20972580 20975369 20975367 20975368 47192396 23526110053867 26277830980356 29856308212404
mem 1 82566752 31489544 51077208 11377768 38960672 156 0 50255936 12975528 82528 37500 0 0 433156 0 0 0
mem 0 82341048 8167796 74173252 16758940 55425572 544 0 71725932 39480120 461708 120568 0 0 625136 24576 0 0
net vnet23 0 0 8311157 0 0 0 0 0 0 0 0 0 65730 0 496073433 0 0 0 0 0 0 91423 0
net enp6s0f0 0 0 0 0 0 0 0 0 0 0 0 0 0 0 6606 0 0 0 0 0 0 93 0
net vnet21 0 0 11160888 0 0 0 0 0 0 0 0 0 77662 0 1150513622 0 0 0 0 0 0 132727 0
net vnet46 0 0 126749 0 0 0 0 0 0 0 0 0 542 0 69968 0 0 0 0 0 0 581 0
net vnet20 0 0 11513166 0 0 0 0 0 0 0 0 0 81584 0 1150521065 0 0 0 0 0 0 135850 0
net enp1s0f0 0 1332394 78053309660 0 0 0 0 371 0 0 371 0 81220101 0 1598729176 0 0 0 0 0 0 9066876 0
net lo 0 0 60752512 0 0 0 0 0 0 0 0 0 483326 0 60752512 0 0 0 0 0 0 483326 0
net vnet24 0 0 583459 0 0 0 0 0 0 0 0 0 7108 0 80662321 0 0 0 0 0 0 19678 0
net vnet38 0 0 438643 0 0 0 0 0 0 0 0 0 4173 0 64696424 0 0 0 0 0 0 8541 0
net virbr0 0 1346 376484690 0 0 0 0 0 0 0 0 0 5004216 0 70467584003 0 0 0 0 0 0 7228793 0
numa 1 2585696532 18927329 1008175 29040 1605604109 998585922
numa 0 2113417360 1008175 18927329 28452 1144397059 969769241
ps - 848760476 1550680 610 367 333 1 815
sysv_shm - 0 0
tmpfs /run/lock 0 6
tmpfs /run 2228224 1149
tmpfs /run/user/20029 4096 44
tmpfs /run/qemu 0 1
tmpfs /dev/shm 75714834432 271266
vfs - 298248 123385 308106
vm - 12 31087058 1313286205 520883 2496526 4714087185 4726170374 99555084 21837040 4418101795 78813 0 0 0 0 0 2714357 0 1121522 2855 0 2497875 96 0 34 0 0

1764551831.886906 0 node12.dhkim-278716.ldos-ut-pg0.wisc.cloudlab.us
block sda 510508 408452 62159365 9431386 5560345 14808874 2626574170 239012338 0 17191084 252577899
block sdb 2615 0 7504 3511 4 0 0 0 0 4252 3512
block sdc 995 0 7996 261 4 0 0 0 0 960 262
cpu 11 3368231 2 178583 24840460 167062 0 2092
cpu 10 3504635 13 159716 24789485 111335 0 1083
cpu 13 3207855 0 136386 25152814 55900 0 309
cpu 12 3270833 2 152620 25031685 100752 0 812
cpu 15 2954745 0 143878 25374241 74263 0 589
cpu 14 2918758 1 134990 25442535 51913 0 262
cpu 17 3048656 10 139723 25291768 67790 0 404
cpu 16 3006975 0 161305 25230013 145325 0 1478
cpu 19 3028847 0 165507 25225614 122819 0 1146
cpu 18 3155522 2 143300 25197530 52567 0 368
cpu 1 3378991 12 186923 24996707 62422 0 3065
cpu 0 3348942 2 170100 24969805 64246 0 976
cpu 3 3134587 2 188743 25252621 62048 0 1818
cpu 2 3038475 1 207396 25304744 84220 0 1231
cpu 5 2927915 0 152354 25466093 91004 0 3088
cpu 4 2845108 1 177903 25435695 170390 0 7315
cpu 7 3461298 0 150015 24984358 48820 0 882
cpu 6 3232331 1 139653 25208753 61247 0 2402
cpu 9 3013540 2 129817 25447873 52044 0 486
cpu 8 3149160 81 138735 25265399 53576 0 9428
intel_hsw_cbo 1/7 20971793 20972340 20975390 20972852 17216957702742 758090261577 2564148627539 460014853632
intel_hsw_cbo 1/6 20971793 20972340 20975390 20972852 16502641159390 759482735033 2418398516309 460332899786
intel_hsw_cbo 1/0 20971793 20972340 20975390 20972852 15918292604337 757814028840 2233173794331 460164714282
intel_hsw_cbo 1/4 20971793 20972340 20975390 20972852 16235875152810 760455096783 2041997801029 460121353416
intel_hsw_cbo 1/3 20971793 20972340 20975390 20972852 18867262623087 758597686724 2840224499409 460193605436
intel_hsw_cbo 1/1 20971793 20972340 20975390 20972852 16107409348814 759483168678 2352054492502 460112906001
intel_hsw_cbo 0/8 20971793 20972340 20975390 20972852 15137889453385 702569063366 2130180526085 427666467244
intel_hsw_cbo 0/9 20971793 20972340 20975390 20972852 16779514830307 701248131573 2727740840055 427726981838
intel_hsw_cbo 0/6 20971793 20972340 20975390 20972852 16691458513814 756766254238 2243967362497 463042450671
intel_hsw_cbo 0/7 20971793 20972340 20975390 20972852 18076637088235 756614020642 2428211088620 462916541697
intel_hsw_cbo 0/4 20971793 20972340 20975390 20972852 16449481856733 758081169776 2059085323364 463081078471
intel_hsw_cbo 0/5 20971793 20972340 20975390 20972852 20093848335585 753804320342 2449694825985 463236676912
intel_hsw_cbo 0/2 20971793 20972340 20975390 20972852 15998930033709 756003123567 2012445630067 462830332385
intel_hsw_cbo 0/3 20971793 20972340 20975390 20972852 20775584803452 755846953572 2747976133636 462935417179
intel_hsw_cbo 0/0 20971793 20972340 20975390 20972852 16398286106666 756071293508 2245104698261 463376994563
intel_hsw_cbo 0/1 20971793 20972340 20975390 20972852 16808901061133 757037088330 2198949933870 463121069667
intel_hsw_cbo 1/9 20971793 20972340 20975390 20972852 16472229072167 703691993835 2889745436846 425333006991
intel_hsw_cbo 1/5 20971793 20972340 20975390 20972852 18242477722782 756230738874 2550736607472 460564123676
intel_hsw_cbo 1/8 20971793 20972340 20975390 20972852 14880436659817 704739210151 2293232842581 425369409267
intel_hsw_cbo 1/2 20971793 20972340 20975390 20972852 15598918025855 758201028243 1979040466623 460268425980
intel_hsw_hau ff/12.5 20972289 20974593 20971520 20975386 6177628951985 1750855926850 107395174739691 1754823198659
intel_hsw_hau 7f/12.1 20972289 20974593 20971520 20975386 5039397495923 1612798001575 100928745819574 1617834890883
intel_hsw_hau ff/12.1 20972289 20974593 20971520 20975386 7037447572726 2232903380106 107395174804058 2239337221744
intel_hsw_hau 7f/12.5 20972289 20974593 20971520 20975386 4724873784652 1484590907072 100928746838555 1488075668496
intel_hsw_imc ff/14.1 20972292 20974596 20974337 20971778 3074800244250 880258956124 3147592903298 1747073841632 0
intel_hsw_imc ff/14.0 20972292 20974596 20974337 20971778 3942729813318 1367537996848 3488812433806 1517153701700 0
intel_hsw_imc 7f/17.1 20972292 20974596 20974337 20971778 2355696785189 746623230911 2478703190040 1336854729912 0
intel_hsw_imc 7f/17.0 20972292 20974596 20974337 20971778 2354188597496 746554106440 2477911176200 1344416064410 0
intel_hsw_imc 7f/14.0 20972292 20974596 20974337 20971778 2669502092616 878766807905 2570842916366 1081234271098 0
intel_hsw_imc 7f/14.1 20972292 20974596 20974337 20971778 2351235478814 746517164188 2461147506790 1325607387134 0
intel_hsw_imc ff/17.0 20972292 20974596 20974337 20971778 3077533924596 880376070388 3171789755502 1772639529511 0
intel_hsw_imc ff/17.1 20972292 20974596 20974337 20971778 3078590157166 880274568215 3170372644804 1759712042438 0
intel_hsw_qpi ff/08.2 6291712 6292480 6293506 6292483 3872732715732 2717392069692 10674040575776 0
intel_hsw_qpi 7f/08.2 6291712 6292480 6293506 6292483 2714461937878 3876115339722 13752418758158 0
intel_hsw_qpi 7f/09.2 6291712 6292480 6293506 6292483 2715134161888 3875902893565 12566666731672 0
intel_hsw_qpi ff/09.2 6291712 6292480 6293506 6292483 3872755475115 2716886936171 11696405494688 0
intel_hsw_r2pci 7f/10.1 20972580 20975369 20975367 20975368 4712369302 24996173217074 26987467061341 31601206584021
intel_hsw_r2pci ff/10.1 20972580 20975369 20975367 20975368 47192548 23526116503562 26277838302894 29856316262477
mem 1 82566752 31488284 51078468 11377780 38962828 96 0 50256104 12975680 84628 37704 0 0 433124 0 0 0
mem 0 82341048 8166064 74174984 16758984 55425748 476 0 71725936 39480192 461916 120576 0 0 625148 24576 0 0
net vnet23 0 0 8311157 0 0 0 0 0 0 0 0 0 65730 0 496073433 0 0 0 0 0 0 91423 0
net enp6s0f0 0 0 0 0 0 0 0 0 0 0 0 0 0 0 6606 0 0 0 0 0 0 93 0
net vnet21 0 0 11160888 0 0 0 0 0 0 0 0 0 77662 0 1150513622 0 0 0 0 0 0 132727 0
net vnet46 0 0 126839 0 0 0 0 0 0 0 0 0 543 0 70058 0 0 0 0 0 0 582 0
net vnet20 0 0 11513166 0 0 0 0 0 0 0 0 0 81584 0 1150521065 0 0 0 0 0 0 135850 0
net enp1s0f0 0 1332403 78053317327 0 0 0 0 371 0 0 371 0 81220198 0 1598732075 0 0 0 0 0 0 9066888 0
net lo 0 0 60753057 0 0 0 0 0 0 0 0 0 483330 0 60753057 0 0 0 0 0 0 483330 0
net vnet24 0 0 583459 0 0 0 0 0 0 0 0 0 7108 0 80662321 0 0 0 0 0 0 19678 0
net vnet38 0 0 438643 0 0 0 0 0 0 0 0 0 4173 0 64696424 0 0 0 0 0 0 8541 0
net virbr0 0 1346 376484766 0 0 0 0 0 0 0 0 0 5004217 0 70467584093 0 0 0 0 0 0 7228794 0
numa 1 2585697809 18927329 1008175 29040 1605605386 998585922
numa 0 2113418629 1008175 18927329 28452 1144398328 969769241
ps - 848764784 1550693 569 362 332 1 817
sysv_shm - 0 0
tmpfs /run/lock 0 6
tmpfs /run 2228224 1149
tmpfs /run/user/20029 4096 44
tmpfs /run/qemu 0 1
tmpfs /dev/shm 75714838528 271266
vfs - 298254 123425 308113
vm - 12 31087186 1313287085 520883 2496526 4714089732 4726172288 99555084 21837040 4418104898 78813 0 0 0 0 0 2714357 0 1121522 2855 0 2497875 96 0 34 0 0

1764551832.921681 0 node12.dhkim-278716.ldos-ut-pg0.wisc.cloudlab.us
block sda 510508 408452 62159365 9431386 5560345 14808874 2626574170 239012338 0 17191084 252577899
block sdb 2615 0 7504 3511 4 0 0 0 0 4252 3512
block sdc 995 0 7996 261 4 0 0 0 0 960 262
cpu 11 3368231 2 178583 24840563 167062 0 2092
cpu 10 3504635 13 159716 24789588 111335 0 1083
cpu 13 3207855 0 136386 25152915 55900 0 309
cpu 12 3270833 2 152620 25031787 100752 0 812
cpu 15 2954746 0 143878 25374343 74263 0 589
cpu 14 2918758 1 134990 25442638 51913 0 262
cpu 17 3048658 10 139723 25291871 67790 0 404
cpu 16 3006975 0 161305 25230116 145325 0 1478
cpu 19 3028848 0 165508 25225715 122819 0 1146
cpu 18 3155522 2 143300 25197634 52567 0 368
cpu 1 3378991 12 186923 24996809 62422 0 3065
cpu 0 3348944 2 170101 24969906 64246 0 976
cpu 3 3134589 2 188743 25252720 62048 0 1818
cpu 2 3038476 1 207397 25304843 84220 0 1231
cpu 5 2927916 0 152354 25466195 91004 0 3088
cpu 4 2845110 1 177904 25435796 170390 0 7315
cpu 7 3461299 0 150015 24984458 48820 0 882
cpu 6 3232331 1 139653 25208855 61247 0 2402
cpu 9 3013540 2 129817 25447975 52044 0 486
cpu 8 3149160 81 138735 25265502 53576 0 9428
intel_hsw_cbo 1/7 20971793 20972340 20975390 20972852 17216958918121 758090518911 2564148686981 460014930038
intel_hsw_cbo 1/6 20971793 20972340 20975390 20972852 16502642425930 759482985464 2418398789083 460332975382
intel_hsw_cbo 1/0 20971793 20972340 20975390 20972852 15918293774245 757814281973 2233173886658 460164790342
intel_hsw_cbo 1/4 20971793 20972340 20975390 20972852 16235876437098 760455355879 2041997918435 460121429396
intel_hsw_cbo 1/3 20971793 20972340 20975390 20972852 18867264119519 758597939724 2840224588866 460193680546
intel_hsw_cbo 1/1 20971793 20972340 20975390 20972852 16107410694556 759483424310 2352054753832 460112981304
intel_hsw_cbo 0/8 20971793 20972340 20975390 20972852 15137891424467 702569396200 2130181207075 427666577009
intel_hsw_cbo 0/9 20971793 20972340 20975390 20972852 16779516785338 701248459011 2727740998850 427727092212
intel_hsw_cbo 0/6 20971793 20972340 20975390 20972852 16691460435001 756766618943 2243968071565 463042564233
intel_hsw_cbo 0/7 20971793 20972340 20975390 20972852 18076639115341 756614388730 2428211156332 462916657769
intel_hsw_cbo 0/4 20971793 20972340 20975390 20972852 16449483622573 758081529186 2059085591512 463081195067
intel_hsw_cbo 0/5 20971793 20972340 20975390 20972852 20093850606576 753804667475 2449694899747 463236793049
intel_hsw_cbo 0/2 20971793 20972340 20975390 20972852 15998931733065 756003486634 2012445832469 462830447741
intel_hsw_cbo 0/3 20971793 20972340 20975390 20972852 20775587058041 755847312522 2747976297697 462935531833
intel_hsw_cbo 0/0 20971793 20972340 20975390 20972852 16398288019848 756071658478 2245104845712 463377108774
intel_hsw_cbo 0/1 20971793 20972340 20975390 20972852 16808902988911 757037439463 2198950551885 463121185819
intel_hsw_cbo 1/9 20971793 20972340 20975390 20972852 16472230434138 703692229907 2889745543086 425333081105
intel_hsw_cbo 1/5 20971793 20972340 20975390 20972852 18242479156611 756230991194 2550736661964 460564199249
intel_hsw_cbo 1/8 20971793 20972340 20975390 20972852 14880437960655 704739451027 2293233106071 425369482987
intel_hsw_cbo 1/2 20971793 20972340 20975390 20972852 15598919160977 758201283639 1979040560993 460268501872
intel_hsw_hau ff/12.5 20972289 20974593 20971520 20975386 6177629413841 1750856023417 107396136796369 1754823298816
intel_hsw_hau 7f/12.1 20972289 20974593 20971520 20975386 5039399211563 1612798556576 100929691012830 1617835456007
intel_hsw_hau ff/12.1 20972289 20974593 20971520 20975386 7037448710600 2232903748271 107396136833268 2239337597842
intel_hsw_hau 7f/12.5 20972289 20974593 20971520 20975386 4724874965915 1484591302226 100929692061477 1488076065931
intel_hsw_imc ff/14.1 20972292 20974596 20974337 20971778 3074800469184 880259005597 3147593005249 1747073850259 0
intel_hsw_imc ff/14.0 20972292 20974596 20974337 20971778 3942730714282 1367538301380 3488812658482 1517153731084 0
intel_hsw_imc 7f/17.1 20972292 20974596 20974337 20971778 2355697371210 746623428292 2478703551114 1336854789423 0
intel_hsw_imc 7f/17.0 20972292 20974596 20974337 20971778 2354189200432 746554321009 2477911554996 1344416124325 0
intel_hsw_imc 7f/14.0 20972292 20974596 20974337 20971778 2669503207914 878767173016 2570843410176 1081234328342 0
intel_hsw_imc 7f/14.1 20972292 20974596 20974337 20971778 2351236087671 746517385562 2461147891935 1325607447258 0
intel_hsw_imc ff/17.0 20972292 20974596 20974337 20971778 3077534148738 880376120468 3171789858267 1772639538114 0
intel_hsw_imc ff/17.1 20972292 20974596 20974337 20971778 3078590390863 880274627130 3170372757059 1759712051380 0
intel_hsw_qpi ff/08.2 6291712 6292480 6293506 6292483 3872733247037 2717393213202 10674041636600 0
intel_hsw_qpi 7f/08.2 6291712 6292480 6293506 6292483 2714463077221 3876115870287 13752420421222 0
intel_hsw_qpi 7f/09.2 6291712 6292480 6293506 6292483 2715135305301 3875903424922 12566668148760 0
intel_hsw_qpi ff/09.2 6291712 6292480 6293506 6292483 3872756005675 2716888075527 11696406921112 0
intel_hsw_r2pci 7f/10.1 20972580 20975369 20975367 20975368 4712377672 24996180921241 26987474549079 31601215082319
intel_hsw_r2pci ff/10.1 20972580 20975369 20975367 20975368 47192708 23526122648054 26277845496493 29856324329008
mem 1 82566752 31488284 51078468 11377780 38961200 220 0 50256120 12975580 82964 37640 0 0 433124 0 0 0
mem 0 82341048 8164552 74176496 16758988 55425744 636 0 71725940 39480192 461928 120584 0 0 625148 24576 0 0
net vnet23 0 0 8311157 0 0 0 0 0 0 0 0 0 65730 0 496073485 0 0 0 0 0 0 91424 0
net enp6s0f0 0 0 0 0 0 0 0 0 0 0 0 0 0 0 6606 0 0 0 0 0 0 93 0
net vnet21 0 0 11160888 0 0 0 0 0 0 0 0 0 77662 0 1150513674 0 0 0 0 0 0 132728 0
net vnet46 0 0 126839 0 0 0 0 0 0 0 0 0 543 0 70110 0 0 0 0 0 0 583 0
net vnet20 0 0 11513166 0 0 0 0 0 0 0 0 0 81584 0 1150521117 0 0 0 0 0 0 135851 0
net enp1s0f0 0 1332408 78053324328 0 0 0 0 371 0 0 371 0 81220303 0 1598733282 0 0 0 0 0 0 9066899 0
net lo 0 0 60753602 0 0 0 0 0 0 0 0 0 483334 0 60753602 0 0 0 0 0 0 483334 0
net vnet24 0 0 583459 0 0 0 0 0 0 0 0 0 7108 0 80662373 0 0 0 0 0 0 19679 0
net vnet38 0 0 438643 0 0 0 0 0 0 0 0 0 4173 0 64696476 0 0 0 0 0 0 8542 0
net virbr0 0 1346 376484766 0 0 0 0 0 0 0 0 0 5004217 0 70467584093 0 0 0 0 0 0 7228794 0
numa 1 2585698558 18927329 1008175 29040 1605606135 998585922
numa 0 2113419822 1008175 18927329 28452 1144399521 969769241
ps - 848768930 1550704 569 362 332 1 815
sysv_shm - 0 0
tmpfs /run/lock 0 6
tmpfs /run 2228224 1149
tmpfs /run/user/20029 4096 44
tmpfs /run/qemu 0 1
tmpfs /dev/shm 75714838528 271266
vfs - 298248 123425 308106
vm - 12 31087186 1313287085 520883 2496526 4714091673 4726174758 99555084 21837040 4418107152 78813 0 0 0 0 0 2714357 0 1121522 2855 0 2497875 96 0 34 0 0

1764551833.958549 0 node12.dhkim-278716.ldos-ut-pg0.wisc.cloudlab.us
block sda 510508 408452 62159365 9431386 5560345 14808874 2626574170 239012338 0 17191084 252577899
block sdb 2615 0 7504 3511 4 0 0 0 0 4252 3512
block sdc 995 0 7996 261 4 0 0 0 0 960 262
cpu 11 3368232 2 178585 24840663 167062 0 2092
cpu 10 3504635 13 159717 24789690 111335 0 1083
cpu 13 3207856 0 136386 25153018 55900 0 309
cpu 12 3270833 2 152621 25031890 100752 0 812
cpu 15 2954746 0 143878 25374444 74263 0 589
cpu 14 2918759 1 134990 25442739 51913 0 262
cpu 17 3048660 10 139723 25291974 67790 0 404
cpu 16 3006975 0 161305 25230219 145325 0 1478
cpu 19 3028848 0 165508 25225818 122819 0 1146
cpu 18 3155522 2 143300 25197737 52567 0 368
cpu 1 3378992 12 186923 24996910 62422 0 3065
cpu 0 3348945 2 170102 24970007 64246 0 976
cpu 3 3134590 2 188743 25252822 62048 0 1818
cpu 2 3038477 1 207397 25304946 84220 0 1231
cpu 5 2927916 0 152354 25466295 91004 0 3088
cpu 4 2845112 1 177904 25435896 170390 0 7315
cpu 7 3461302 0 150015 24984557 48820 0 882
cpu 6 3232333 1 139653 25208956 61247 0 2402
cpu 9 3013540 2 129817 25448078 52044 0 486
cpu 8 3149161 81 138735 25265604 53576 0 9428
intel_hsw_cbo 1/7 20971793 20972340 20975390 20972852 17216960176469 758090775063 2564148724481 460015010025
intel_hsw_cbo 1/6 20971793 20972340 20975390 20972852 16502643660399 759483236574 2418399138361 460333055916
intel_hsw_cbo 1/0 20971793 20972340 20975390 20972852 15918295074501 757814535852 2233174069875 460164870467
intel_hsw_cbo 1/4 20971793 20972340 20975390 20972852 16235877739932 760455615851 2041998094778 460121510931
intel_hsw_cbo 1/3 20971793 20972340 20975390 20972852 18867265678935 758598193636 2840224685510 460193760120
intel_hsw_cbo 1/1 20971793 20972340 20975390 20972852 16107412040227 759483681483 2352055171082 460113062560
intel_hsw_cbo 0/8 20971793 20972340 20975390 20972852 15137893441217 702569751125 2130181406733 427666695828
intel_hsw_cbo 0/9 20971793 20972340 20975390 20972852 16779518765588 701248808741 2727741352048 427727212153
intel_hsw_cbo 0/6 20971793 20972340 20975390 20972852 16691462310284 756767004494 2243968290210 463042689481
intel_hsw_cbo 0/7 20971793 20972340 20975390 20972852 18076641201206 756614781585 2428211499834 462916785176
intel_hsw_cbo 0/4 20971793 20972340 20975390 20972852 16449485417194 758081912666 2059085824755 463081321299
intel_hsw_cbo 0/5 20971793 20972340 20975390 20972852 20093852869643 753805038052 2449695262979 463236919000
intel_hsw_cbo 0/2 20971793 20972340 20975390 20972852 15998933497684 756003874391 2012446075357 462830575559
intel_hsw_cbo 0/3 20971793 20972340 20975390 20972852 20775589272802 755847693889 2747976678206 462935657664
intel_hsw_cbo 0/0 20971793 20972340 20975390 20972852 16398289952867 756072047639 2245105110472 463377234070
intel_hsw_cbo 0/1 20971793 20972340 20975390 20972852 16808905026501 757037813645 2198950766788 463121312790
intel_hsw_cbo 1/9 20971793 20972340 20975390 20972852 16472231801998 703692465288 2889745646875 425333160186
intel_hsw_cbo 1/5 20971793 20972340 20975390 20972852 18242480634476 756231244552 2550736698154 460564280608
intel_hsw_cbo 1/8 20971793 20972340 20975390 20972852 14880439455846 704739692062 2293233508505 425369561842
intel_hsw_cbo 1/2 20971793 20972340 20975390 20972852 15598920430326 758201540286 1979040734375 460268581987
intel_hsw_hau ff/12.5 20972289 20974593 20971520 20975386 6177629857644 1750856123966 107397094687035 1754823403374
intel_hsw_hau 7f/12.1 20972289 20974593 20971520 20975386 5039401015681 1612799217838 100930636802943 1617836129036
intel_hsw_hau ff/12.1 20972289 20974593 20971520 20975386 7037449898712 2232904092127 107397094739348 2239337949543
intel_hsw_hau 7f/12.5 20972289 20974593 20971520 20975386 4724876212520 1484591773833 100930637835796 1488076540557
intel_hsw_imc ff/14.1 20972292 20974596 20974337 20971778 3074800689626 880259057311 3147593104408 1747073859578 0
intel_hsw_imc ff/14.0 20972292 20974596 20974337 20971778 3942731691372 1367538613846 3488812885546 1517153763903 0
intel_hsw_imc 7f/17.1 20972292 20974596 20974337 20971778 2355697994570 746623665664 2478703959082 1336854859805 0
intel_hsw_imc 7f/17.0 20972292 20974596 20974337 20971778 2354189839940 746554574749 2477911979661 1344416195536 0
intel_hsw_imc 7f/14.0 20972292 20974596 20974337 20971778 2669504384675 878767608672 2570843962889 1081234399675 0
intel_hsw_imc 7f/14.1 20972292 20974596 20974337 20971778 2351236732416 746517646577 2461148321238 1325607518988 0
intel_hsw_imc ff/17.0 20972292 20974596 20974337 20971778 3077534369533 880376172675 3171789958559 1772639547127 0
intel_hsw_imc ff/17.1 20972292 20974596 20974337 20971778 3078590620585 880274688132 3170372866291 1759712060924 0
intel_hsw_qpi ff/08.2 6291712 6292480 6293506 6292483 3872733788057 2717394472924 10674042714872 0
intel_hsw_qpi 7f/08.2 6291712 6292480 6293506 6292483 2714464333991 3876116411112 13752422239782 0
intel_hsw_qpi 7f/09.2 6291712 6292480 6293506 6292483 2715136564932 3875903965950 12566669704656 0
intel_hsw_qpi ff/09.2 6291712 6292480 6293506 6292483 3872756546473 2716889332394 11696408378936 0
intel_hsw_r2pci 7f/10.1 20972580 20975369 20975367 20975368 4712385704 24996188607073 26987481815581 31601223418558
intel_hsw_r2pci ff/10.1 20972580 20975369 20975367 20975368 47192860 23526128551312 26277852204568 29856332695609
mem 1 82566752 31488284 51078468 11377776 38961080 236 0 50256128 12975528 82840 37544 0 0 433124 0 0 0
mem 0 82341048 8162788 74178260 16758996 55425556 648 0 71725940 39480120 461716 120620 0 0 625140 24576 0 0
net vnet23 0 0 8311157 0 0 0 0 0 0 0 0 0 65730 0 496073485 0 0 0 0 0 0 91424 0
net enp6s0f0 0 0 0 0 0 0 0 0 0 0 0 0 0 0 6606 0 0 0 0 0 0 93 0
net vnet21 0 0 11160888 0 0 0 0 0 0 0 0 0 77662 0 1150513674 0 0 0 0 0 0 132728 0
net vnet46 0 0 126839 0 0 0 0 0 0 0 0 0 543 0 70110 0 0 0 0 0 0 583 0
net vnet20 0 0 11513166 0 0 0 0 0 0 0 0 0 81584 0 1150521117 0 0 0 0 0 0 135851 0
net enp1s0f0 0 1332412 78053331171 0 0 0 0 371 0 0 371 0 81220409 0 1598734017 0 0 0 0 0 0 9066904 0
net lo 0 0 60754147 0 0 0 0 0 0 0 0 0 483338 0 60754147 0 0 0 0 0 0 483338 0
net vnet24 0 0 583459 0 0 0 0 0 0 0 0 0 7108 0 80662373 0 0 0 0 0 0 19679 0
net vnet38 0 0 438643 0 0 0 0 0 0 0 0 0 4173 0 64696476 0 0 0 0 0 0 8542 0
net virbr0 0 1346 376484766 0 0 0 0 0 0 0 0 0 5004217 0 70467584093 0 0 0 0 0 0 7228794 0
numa 1 2585699394 18927329 1008175 29040 1605606971 998585922
numa 0 2113420916 1008175 18927329 28452 1144400615 969769241
ps - 848773162 1550716 569 362 332 1 815
sysv_shm - 0 0
tmpfs /run/lock 0 6
tmpfs /run 2228224 1149
tmpfs /run/user/20029 4096 44
tmpfs /run/qemu 0 1
tmpfs /dev/shm 75714838528 271266
vfs - 298248 123385 308106
vm - 12 31087186 1313287085 520883 2496526 4714093603 4726176679 99555085 21837040 4418109313 78813 0 0 0 0 0 2714357 0 1121522 2855 0 2497875 96 0 34 0 0

1764551834.993444 0 node12.dhkim-278716.ldos-ut-pg0.wisc.cloudlab.us
block sda 510508 408452 62159365 9431386 5560345 14808874 2626574170 239012338 0 17191084 252577899
block sdb 2615 0 7504 3511 4 0 0 0 0 4252 3512
block sdc 995 0 7996 261 4 0 0 0 0 960 262
cpu 11 3368233 2 178586 24840764 167062 0 2092
cpu 10 3504636 13 159718 24789793 111335 0 1083
cpu 13 3207856 0 136386 25153121 55900 0 309
cpu 12 3270833 2 152621 25031993 100752 0 812
cpu 15 2954746 0 143878 25374546 74263 0 589
cpu 14 2918759 1 134990 25442841 51913 0 262
cpu 17 3048662 10 139723 25292076 67790 0 404
cpu 16 3006975 0 161306 25230321 145325 0 1478
cpu 19 3028848 0 165509 25225921 122819 0 1146
cpu 18 3155522 2 143300 25197841 52567 0 368
cpu 1 3378995 12 186923 24997008 62422 0 3065
cpu 0 3348947 2 170103 24970107 64246 0 976
cpu 3 3134594 2 188743 25252920 62048 0 1818
cpu 2 3038478 1 207397 25305048 84220 0 1231
cpu 5 2927917 0 152354 25466396 91004 0 3088
cpu 4 2845113 1 177906 25435996 170390 0 7315
cpu 7 3461303 0 150015 24984659 48820 0 882
cpu 6 3232333 1 139653 25209057 61247 0 2402
cpu 9 3013540 2 129817 25448181 52044 0 486
cpu 8 3149162 81 138737 25265704 53576 0 9428
intel_hsw_cbo 1/7 20971793 20972340 20975390 20972852 17216961336406 758091025301 2564148745717 460015083649
intel_hsw_cbo 1/6 20971793 20972340 20975390 20972852 16502644801218 759483482534 2418399331167 460333129449
intel_hsw_cbo 1/0 20971793 20972340 20975390 20972852 15918296297094 757814783721 2233174383195 460164944163
intel_hsw_cbo 1/4 20971793 20972340 20975390 20972852 16235878829005 760455869115 2041998396791 460121584397
intel_hsw_cbo 1/3 20971793 20972340 20975390 20972852 18867267211702 758598441402 2840224769305 460193833034
intel_hsw_cbo 1/1 20971793 20972340 20975390 20972852 16107413225014 759483931378 2352055461035 460113135481
intel_hsw_cbo 0/8 20971793 20972340 20975390 20972852 15137895622594 702570125085 2130181812159 427666838187
intel_hsw_cbo 0/9 20971793 20972340 20975390 20972852 16779520818933 701249176853 2727741688554 427727355441
intel_hsw_cbo 0/6 20971793 20972340 20975390 20972852 16691464208020 756767408424 2243968681169 463042838978
intel_hsw_cbo 0/7 20971793 20972340 20975390 20972852 18076643313872 756615191208 2428211792877 462916937487
intel_hsw_cbo 0/4 20971793 20972340 20975390 20972852 16449487227097 758082312425 2059086109995 463081474132
intel_hsw_cbo 0/5 20971793 20972340 20975390 20972852 20093854984453 753805424498 2449695545698 463237069959
intel_hsw_cbo 0/2 20971793 20972340 20975390 20972852 15998935448884 756004279307 2012446351950 462830727805
intel_hsw_cbo 0/3 20971793 20972340 20975390 20972852 20775591635334 755848091230 2747977001906 462935807271
intel_hsw_cbo 0/0 20971793 20972340 20975390 20972852 16398292032722 756072453220 2245105398042 463377384428
intel_hsw_cbo 0/1 20971793 20972340 20975390 20972852 16808907070735 757038202744 2198951171691 463121464385
intel_hsw_cbo 1/9 20971793 20972340 20975390 20972852 16472233129861 703692695909 2889745729838 425333231837
intel_hsw_cbo 1/5 20971793 20972340 20975390 20972852 18242482101067 756231491475 2550736720347 460564353581
intel_hsw_cbo 1/8 20971793 20972340 20975390 20972852 14880440705703 704739928392 2293233760760 425369632879
intel_hsw_cbo 1/2 20971793 20972340 20975390 20972852 15598921600383 758201790375 1979041064149 460268654829
intel_hsw_hau ff/12.5 20972289 20974593 20971520 20975386 6177630294241 1750856216599 107398083064445 1754823499855
intel_hsw_hau 7f/12.1 20972289 20974593 20971520 20975386 5039402902193 1612799894065 100931613851784 1617836818101
intel_hsw_hau ff/12.1 20972289 20974593 20971520 20975386 7037451017995 2232904435292 107398083119592 2239338300527
intel_hsw_hau 7f/12.5 20972289 20974593 20971520 20975386 4724877507826 1484592244555 100931614883821 1488077014051
intel_hsw_imc ff/14.1 20972292 20974596 20974337 20971778 3074800907254 880259105107 3147593199765 1747073868081 0
intel_hsw_imc ff/14.0 20972292 20974596 20974337 20971778 3942732602069 1367538929270 3488813110528 1517153793362 0
intel_hsw_imc 7f/17.1 20972292 20974596 20974337 20971778 2355698641608 746623902218 2478704415537 1336854931984 0
intel_hsw_imc 7f/17.0 20972292 20974596 20974337 20971778 2354190507193 746554830605 2477912455599 1344416268348 0
intel_hsw_imc 7f/14.0 20972292 20974596 20974337 20971778 2669505619392 878768060814 2570844613982 1081234480825 0
intel_hsw_imc 7f/14.1 20972292 20974596 20974337 20971778 2351237405960 746517910694 2461148805553 1325607592448 0
intel_hsw_imc ff/17.0 20972292 20974596 20974337 20971778 3077534587036 880376221062 3171790054701 1772639555546 0
intel_hsw_imc ff/17.1 20972292 20974596 20974337 20971778 3078590846511 880274744775 3170372970804 1759712069615 0
intel_hsw_qpi ff/08.2 6291712 6292480 6293506 6292483 3872734306777 2717395757989 10674043761184 0
intel_hsw_qpi 7f/08.2 6291712 6292480 6293506 6292483 2714465615264 3876116929456 13752423941838 0
intel_hsw_qpi 7f/09.2 6291712 6292480 6293506 6292483 2715137849891 3875904484672 12566671162328 0
intel_hsw_qpi ff/09.2 6291712 6292480 6293506 6292483 3872757064814 2716890613806 11696409789176 0
intel_hsw_r2pci 7f/10.1 20972580 20975369 20975367 20975368 4712394140 24996197016053 26987489666324 31601232526650
intel_hsw_r2pci ff/10.1 20972580 20975369 20975367 20975368 47193018 23526134047358 26277858688153 29856340897093
mem 1 82566752 31488284 51078468 11377780 38961088 236 0 50256128 12975528 82860 37584 0 0 433100 0 0 0
mem 0 82341048 8161780 74179268 16758992 55425536 680 0 71725948 39480120 461696 120572 0 0 625148 24576 0 0
net vnet23 0 0 8311157 0 0 0 0 0 0 0 0 0 65730 0 496073537 0 0 0 0 0 0 91425 0
net enp6s0f0 0 0 0 0 0 0 0 0 0 0 0 0 0 0 6606 0 0 0 0 0 0 93 0
net vnet21 0 0 11160888 0 0 0 0 0 0 0 0 0 77662 0 1150513726 0 0 0 0 0 0 132729 0
net vnet46 0 0 126839 0 0 0 0 0 0 0 0 0 543 0 70162 0 0 0 0 0 0 584 0
net vnet20 0 0 11513166 0 0 0 0 0 0 0 0 0 81584 0 1150521169 0 0 0 0 0 0 135852 0
net enp1s0f0 0 1332416 78053337768 0 0 0 0 371 0 0 371 0 81220511 0 1598734752 0 0 0 0 0 0 9066909 0
net lo 0 0 60754692 0 0 0 0 0 0 0 0 0 483342 0 60754692 0 0 0 0 0 0 483342 0
net vnet24 0 0 583459 0 0 0 0 0 0 0 0 0 7108 0 80662425 0 0 0 0 0 0 19680 0
net vnet38 0 0 438643 0 0 0 0 0 0 0 0 0 4173 0 64696528 0 0 0 0 0 0 8543 0
net virbr0 0 1346 376484766 0 0 0 0 0 0 0 0 0 5004217 0 70467584093 0 0 0 0 0 0 7228794 0
numa 1 2585700088 18927329 1008175 29040 1605607665 998585922
numa 0 2113422070 1008175 18927329 28452 1144401769 969769241
ps - 848777572 1550727 569 362 332 2 814
sysv_shm - 0 0
tmpfs /run/lock 0 6
tmpfs /run 2228224 1149
tmpfs /run/user/20029 4096 44
tmpfs /run/qemu 0 1
tmpfs /dev/shm 75714842624 271266
vfs - 298247 123385 308106
vm - 12 31087186 1313287085 520883 2496526 4714095454 4726178518 99555085 21837040 4418111377 78813 0 0 0 0 0 2714357 0 1121522 2855 0 2497875 96 0 34 0 0

1764551836.029527 0 node12.dhkim-278716.ldos-ut-pg0.wisc.cloudlab.us
block sda 510508 408452 62159365 9431386 5560352 14808887 2626574330 239012344 1 17191096 252577906
block sdb 2615 0 7504 3511 4 0 0 0 0 4252 3512
block sdc 995 0 7996 261 4 0 0 0 0 960 262
cpu 11 3368233 2 178586 24840867 167062 0 2092
cpu 10 3504636 13 159718 24789895 111335 0 1083
cpu 13 3207856 0 136386 25153224 55900 0 309
cpu 12 3270833 2 152621 25032096 100752 0 812
cpu 15 2954748 0 143878 25374647 74263 0 589
cpu 14 2918760 1 134990 25442943 51913 0 262
cpu 17 3048666 10 139723 25292179 67790 0 404
cpu 16 3006976 0 161306 25230422 145325 0 1478
cpu 19 3028848 0 165509 25226024 122819 0 1146
cpu 18 3155522 2 143300 25197945 52567 0 368
cpu 1 3378997 12 186925 24997108 62422 0 3065
cpu 0 3348948 2 170103 24970208 64246 0 976
cpu 3 3134594 2 188743 25253023 62048 0 1818
cpu 2 3038478 1 207398 25305149 84220 0 1231
cpu 5 2927918 0 152354 25466496 91004 0 3088
cpu 4 2845114 1 177906 25436098 170390 0 7315
cpu 7 3461304 0 150015 24984761 48820 0 882
cpu 6 3232335 1 139653 25209158 61247 0 2402
cpu 9 3013540 2 129817 25448282 52044 0 486
cpu 8 3149162 81 138737 25265807 53576 0 9428
intel_hsw_cbo 1/7 20971793 20972340 20975390 20972852 17216962524434 758091277753 2564148912207 460015161177
intel_hsw_cbo 1/6 20971793 20972340 20975390 20972852 16502645963514 759483729604 2418399585990 460333207362
intel_hsw_cbo 1/0 20971793 20972340 20975390 20972852 15918297560769 757815032906 2233174455014 460165022568
intel_hsw_cbo 1/4 20971793 20972340 20975390 20972852 16235879958237 760456124229 2041998434172 460121662352
intel_hsw_cbo 1/3 20971793 20972340 20975390 20972852 18867268733842 758598691041 2840225009022 460193910031
intel_hsw_cbo 1/1 20971793 20972340 20975390 20972852 16107414529569 759484182935 2352055736208 460113212902
intel_hsw_cbo 0/8 20971793 20972340 20975390 20972852 15137897459372 702570445970 2130182029717 427666941423
intel_hsw_cbo 0/9 20971793 20972340 20975390 20972852 16779522596930 701249494390 2727741938981 427727459890
intel_hsw_cbo 0/6 20971793 20972340 20975390 20972852 16691465733686 756767758025 2243968881266 463042946207
intel_hsw_cbo 0/7 20971793 20972340 20975390 20972852 18076645071315 756615545698 2428211988874 462917047073
intel_hsw_cbo 0/4 20971793 20972340 20975390 20972852 16449488920299 758082659004 2059086303968 463081583870
intel_hsw_cbo 0/5 20971793 20972340 20975390 20972852 20093856767873 753805758676 2449695734555 463237179063
intel_hsw_cbo 0/2 20971793 20972340 20975390 20972852 15998937034924 756004630736 2012446565345 462830838916
intel_hsw_cbo 0/3 20971793 20972340 20975390 20972852 20775593631148 755848434564 2747977225296 462935914841
intel_hsw_cbo 0/0 20971793 20972340 20975390 20972852 16398293764191 756072805004 2245105639175 463377493240
intel_hsw_cbo 0/1 20971793 20972340 20975390 20972852 16808908771995 757038542771 2198951425724 463121575382
intel_hsw_cbo 1/9 20971793 20972340 20975390 20972852 16472234386446 703692928248 2889745913385 425333307723
intel_hsw_cbo 1/5 20971793 20972340 20975390 20972852 18242483564380 756231740897 2550736907176 460564431017
intel_hsw_cbo 1/8 20971793 20972340 20975390 20972852 14880441986186 704740165451 2293234027142 425369708370
intel_hsw_cbo 1/2 20971793 20972340 20975390 20972852 15598922671702 758202042075 1979041092698 460268732228
intel_hsw_hau ff/12.5 20972289 20974593 20971520 20975386 6177630724451 1750856322087 107399047035890 1754823608815
intel_hsw_hau 7f/12.1 20972289 20974593 20971520 20975386 5039404501932 1612800443267 100932556711522 1617837377794
intel_hsw_hau ff/12.1 20972289 20974593 20971520 20975386 7037452114248 2232904783518 107399047101319 2239338656463
intel_hsw_hau 7f/12.5 20972289 20974593 20971520 20975386 4724878608075 1484592618413 100932557731445 1488077390873
intel_hsw_imc ff/14.1 20972292 20974596 20974337 20971778 3074801121862 880259159158 3147593294202 1747073876889 0
intel_hsw_imc ff/14.0 20972292 20974596 20974337 20971778 3942733493312 1367539242702 3488813321616 1517153822048 0
intel_hsw_imc 7f/17.1 20972292 20974596 20974337 20971778 2355699192169 746624090403 2478704748591 1336854986677 0
intel_hsw_imc 7f/17.0 20972292 20974596 20974337 20971778 2354191072596 746555035096 2477912805141 1344416324096 0
intel_hsw_imc 7f/14.0 20972292 20974596 20974337 20971778 2669506664072 878768432051 2570845078640 1081234536787 0
intel_hsw_imc 7f/14.1 20972292 20974596 20974337 20971778 2351237977277 746518121897 2461149160365 1325607648211 0
intel_hsw_imc ff/17.0 20972292 20974596 20974337 20971778 3077534801601 880376275620 3171790150652 1772639564373 0
intel_hsw_imc ff/17.1 20972292 20974596 20974337 20971778 3078591069258 880274807308 3170373074812 1759712078806 0
intel_hsw_qpi ff/08.2 6291712 6292480 6293506 6292483 3872734857946 2717396787351 10674044814680 0
intel_hsw_qpi 7f/08.2 6291712 6292480 6293506 6292483 2714466641007 3876117480579 13752425526310 0
intel_hsw_qpi 7f/09.2 6291712 6292480 6293506 6292483 2715138879219 3875905035852 12566672527592 0
intel_hsw_qpi ff/09.2 6291712 6292480 6293506 6292483 3872757615872 2716891639494 11696411213704 0
intel_hsw_r2pci 7f/10.1 20972580 20975369 20975367 20975368 4712402178 24996204230138 26987496668318 31601240363358
intel_hsw_r2pci ff/10.1 20972580 20975369 20975367 20975368 47193166 23526139229766 26277864181862 29856347822958
mem 1 82566752 31488536 51078216 11377776 38961128 244 0 50256128 12975528 82840 37536 0 0 433100 0 0 0
mem 0 82341048 8160776 74180272 16758996 55425536 704 0 71725956 39480120 461708 120636 0 0 625152 24576 0 0
net vnet23 0 0 8311157 0 0 0 0 0 0 0 0 0 65730 0 496073537 0 0 0 0 0 0 91425 0
net enp6s0f0 0 0 0 0 0 0 0 0 0 0 0 0 0 0 6606 0 0 0 0 0 0 93 0
net vnet21 0 0 11160888 0 0 0 0 0 0 0 0 0 77662 0 1150513726 0 0 0 0 0 0 132729 0
net vnet46 0 0 126839 0 0 0 0 0 0 0 0 0 543 0 70162 0 0 0 0 0 0 584 0
net vnet20 0 0 11513166 0 0 0 0 0 0 0 0 0 81584 0 1150521169 0 0 0 0 0 0 135852 0
net enp1s0f0 0 1332423 78053343645 0 0 0 0 371 0 0 371 0 81220601 0 1598735487 0 0 0 0 0 0 9066914 0
net lo 0 0 60755237 0 0 0 0 0 0 0 0 0 483346 0 60755237 0 0 0 0 0 0 483346 0
net vnet24 0 0 583459 0 0 0 0 0 0 0 0 0 7108 0 80662425 0 0 0 0 0 0 19680 0
net vnet38 0 0 438643 0 0 0 0 0 0 0 0 0 4173 0 64696528 0 0 0 0 0 0 8543 0
net virbr0 0 1346 376484766 0 0 0 0 0 0 0 0 0 5004217 0 70467584093 0 0 0 0 0 0 7228794 0
numa 1 2585700959 18927329 1008175 29040 1605608536 998585922
numa 0 2113423055 1008175 18927329 28452 1144402754 969769241
ps - 848781503 1550738 569 362 332 2 814
sysv_shm - 0 0
tmpfs /run/lock 0 6
tmpfs /run 2228224 1149
tmpfs /run/user/20029 4096 44
tmpfs /run/qemu 0 1
tmpfs /dev/shm 75714842624 271266
vfs - 298247 123385 308106
vm - 12 31087186 1313287169 520883 2496526 4714097308 4726180346 99555086 21837040 4418113439 78813 0 0 0 0 0 2714357 0 1121522 2855 0 2497875 96 0 34 0 0

1764551837.066822 0 node12.dhkim-278716.ldos-ut-pg0.wisc.cloudlab.us
block sda 510508 408452 62159365 9431386 5560454 14808887 2626575322 239014715 0 17191240 252580334
block sdb 2615 0 7504 3511 4 0 0 0 0 4252 3512
block sdc 995 0 7996 261 4 0 0 0 0 960 262
cpu 11 3368233 2 178586 24840970 167062 0 2092
cpu 10 3504636 13 159719 24789997 111335 0 1083
cpu 13 3207857 0 136387 25153325 55900 0 309
cpu 12 3270834 2 152621 25032199 100752 0 812
cpu 15 2954748 0 143878 25374750 74263 0 589
cpu 14 2918760 1 134990 25443046 51913 0 262
cpu 17 3048668 10 139723 25292281 67790 0 404
cpu 16 3006976 0 161306 25230524 145325 0 1478
cpu 19 3028849 0 165510 25226125 122820 0 1146
cpu 18 3155522 2 143300 25198048 52567 0 368
cpu 1 3378999 12 186925 24997206 62424 0 3065
cpu 0 3348949 2 170104 24970307 64248 0 976
cpu 3 3134594 2 188743 25253125 62048 0 1818
cpu 2 3038479 1 207399 25305250 84220 0 1231
cpu 5 2927920 0 152354 25466597 91004 0 3088
cpu 4 2845114 1 177906 25436200 170390 0 7315
cpu 7 3461304 0 150016 24984863 48820 0 882
cpu 6 3232336 1 139653 25209259 61247 0 2402
cpu 9 3013541 2 129817 25448386 52044 0 486
cpu 8 3149162 81 138739 25265908 53576 0 9428
intel_hsw_cbo 1/7 20971793 20972340 20975390 20972852 17216963779621 758091533020 2564149010113 460015240312
intel_hsw_cbo 1/6 20971793 20972340 20975390 20972852 16502647250250 759483979448 2418399979119 460333284903
intel_hsw_cbo 1/0 20971793 20972340 20975390 20972852 15918298820408 757815285588 2233174530485 460165100638
intel_hsw_cbo 1/4 20971793 20972340 20975390 20972852 16235881165160 760456381597 2041998551369 460121741052
intel_hsw_cbo 1/3 20971793 20972340 20975390 20972852 18867270219081 758598943682 2840225180853 460193987583
intel_hsw_cbo 1/1 20971793 20972340 20975390 20972852 16107415716663 759484437761 2352056082753 460113291151
intel_hsw_cbo 0/8 20971793 20972340 20975390 20972852 15137899223492 702570767869 2130182294478 427667040970
intel_hsw_cbo 0/9 20971793 20972340 20975390 20972852 16779524234352 701249813891 2727742131452 427727561341
intel_hsw_cbo 0/6 20971793 20972340 20975390 20972852 16691467282397 756768109037 2243969130001 463043050742
intel_hsw_cbo 0/7 20971793 20972340 20975390 20972852 18076646774243 756615901270 2428212146815 462917153499
intel_hsw_cbo 0/4 20971793 20972340 20975390 20972852 16449490722442 758083006646 2059086500728 463081690041
intel_hsw_cbo 0/5 20971793 20972340 20975390 20972852 20093858618628 753806095282 2449695910300 463237284231
intel_hsw_cbo 0/2 20971793 20972340 20975390 20972852 15998938883295 756004984008 2012446773539 462830946770
intel_hsw_cbo 0/3 20971793 20972340 20975390 20972852 20775595501674 755848779388 2747977466398 462936019599
intel_hsw_cbo 0/0 20971793 20972340 20975390 20972852 16398295557942 756073159523 2245105870138 463377598173
intel_hsw_cbo 0/1 20971793 20972340 20975390 20972852 16808910503767 757038885422 2198951724199 463121681842
intel_hsw_cbo 1/9 20971793 20972340 20975390 20972852 16472235700208 703693163234 2889746050987 425333384361
intel_hsw_cbo 1/5 20971793 20972340 20975390 20972852 18242485145712 756231992825 2550737017526 460564508300
intel_hsw_cbo 1/8 20971793 20972340 20975390 20972852 14880443258257 704740405014 2293234392359 425369784269
intel_hsw_cbo 1/2 20971793 20972340 20975390 20972852 15598923775269 758202296496 1979041175506 460268810208
intel_hsw_hau ff/12.5 20972289 20974593 20971520 20975386 6177631187762 1750856418641 107399994302861 1754823709203
intel_hsw_hau 7f/12.1 20972289 20974593 20971520 20975386 5039406084246 1612800974518 100933483325131 1617837920868
intel_hsw_hau ff/12.1 20972289 20974593 20971520 20975386 7037453237959 2232905115419 107399994367452 2239338995804
intel_hsw_hau 7f/12.5 20972289 20974593 20971520 20975386 4724879694827 1484592994214 100933484343964 1488077769517
intel_hsw_imc ff/14.1 20972292 20974596 20974337 20971778 3074801352251 880259208903 3147593393914 1747073886238 0
intel_hsw_imc ff/14.0 20972292 20974596 20974337 20971778 3942734395864 1367539544059 3488813535385 1517153850886 0
intel_hsw_imc 7f/17.1 20972292 20974596 20974337 20971778 2355699735562 746624279514 2478705076704 1336855042509 0
intel_hsw_imc 7f/17.0 20972292 20974596 20974337 20971778 2354191632938 746555240991 2477913150428 1344416380276 0
intel_hsw_imc 7f/14.0 20972292 20974596 20974337 20971778 2669507698958 878768785662 2570845517479 1081234588903 0
intel_hsw_imc 7f/14.1 20972292 20974596 20974337 20971778 2351238542919 746518334707 2461149511294 1325607704848 0
intel_hsw_imc ff/17.0 20972292 20974596 20974337 20971778 3077535032396 880376325969 3171790251631 1772639573560 0
intel_hsw_imc ff/17.1 20972292 20974596 20974337 20971778 3078591308149 880274865523 3170373183970 1759712088205 0
intel_hsw_qpi ff/08.2 6291712 6292480 6293506 6292483 3872735407250 2717397820926 10674045874552 0
intel_hsw_qpi 7f/08.2 6291712 6292480 6293506 6292483 2714467671085 3876118028323 13752427161294 0
intel_hsw_qpi 7f/09.2 6291712 6292480 6293506 6292483 2715139912718 3875905585173 12566673922824 0
intel_hsw_qpi ff/09.2 6291712 6292480 6293506 6292483 3872758163598 2716892669651 11696412629936 0
intel_hsw_r2pci 7f/10.1 20972580 20975369 20975367 20975368 4712410744 24996211848298 26987503539591 31601248373677
intel_hsw_r2pci ff/10.1 20972580 20975369 20975367 20975368 47193406 23526144710089 26277870359418 29856355163410
mem 1 82566752 31489040 51077712 11377784 38960996 124 0 50256144 12975528 82752 37500 0 0 433100 0 0 0
mem 0 82341048 8159544 74181504 16759000 55425472 476 0 71725956 39480120 461616 120584 0 0 625172 24576 0 0
net vnet23 0 0 8311157 0 0 0 0 0 0 0 0 0 65730 0 496073589 0 0 0 0 0 0 91426 0
net enp6s0f0 0 0 0 0 0 0 0 0 0 0 0 0 0 0 6606 0 0 0 0 0 0 93 0
net vnet21 0 0 11160888 0 0 0 0 0 0 0 0 0 77662 0 1150513778 0 0 0 0 0 0 132730 0
net vnet46 0 0 126839 0 0 0 0 0 0 0 0 0 543 0 70214 0 0 0 0 0 0 585 0
net vnet20 0 0 11513166 0 0 0 0 0 0 0 0 0 81584 0 1150521221 0 0 0 0 0 0 135853 0
net enp1s0f0 0 1332426 78053349162 0 0 0 0 371 0 0 371 0 81220685 0 1598736222 0 0 0 0 0 0 9066919 0
net lo 0 0 60755782 0 0 0 0 0 0 0 0 0 483350 0 60755782 0 0 0 0 0 0 483350 0
net vnet24 0 0 583459 0 0 0 0 0 0 0 0 0 7108 0 80662477 0 0 0 0 0 0 19681 0
net vnet38 0 0 438643 0 0 0 0 0 0 0 0 0 4173 0 64696580 0 0 0 0 0 0 8544 0
net virbr0 0 1346 376484766 0 0 0 0 0 0 0 0 0 5004217 0 70467584093 0 0 0 0 0 0 7228794 0
numa 1 2585701704 18927329 1008175 29040 1605609281 998585922
numa 0 2113424202 1008175 18927329 28452 1144403901 969769241
ps - 848785371 1550749 532 358 331 1 814
sysv_shm - 0 0
tmpfs /run/lock 0 6
tmpfs /run 2228224 1149
tmpfs /run/user/20029 4096 44
tmpfs /run/qemu 0 1
tmpfs /dev/shm 75714842624 271266
vfs - 298247 123425 308106
vm - 12 31087186 1313287661 520883 2496526 4714099199 4726182223 99555087 21837040 4418115580 78813 0 0 0 0 0 2714357 0 1121522 2855 0 2497875 96 0 34 0 0

1764551838.102389 0 node12.dhkim-278716.ldos-ut-pg0.wisc.cloudlab.us
block sda 510508 408452 62159365 9431386 5560457 14808887 2626575330 239014721 0 17191252 252580346
block sdb 2615 0 7504 3511 4 0 0 0 0 4252 3512
block sdc 995 0 7996 261 4 0 0 0 0 960 262
cpu 11 3368234 2 178586 24841073 167062 0 2092
cpu 10 3504636 13 159720 24790098 111335 0 1083
cpu 13 3207857 0 136387 25153427 55900 0 309
cpu 12 3270834 2 152621 25032300 100752 0 812
cpu 15 2954748 0 143878 25374853 74263 0 589
cpu 14 2918760 1 134990 25443149 51913 0 262
cpu 17 3048670 10 139724 25292383 67790 0 404
cpu 16 3006976 0 161306 25230627 145325 0 1478
cpu 19 3028849 0 165510 25226228 122820 0 1146
cpu 18 3155522 2 143300 25198151 52567 0 368
cpu 1 3379000 12 186925 24997307 62424 0 3065
cpu 0 3348951 2 170104 24970407 64248 0 976
cpu 3 3134595 2 188743 25253227 62048 0 1818
cpu 2 3038479 1 207399 25305352 84220 0 1231
cpu 5 2927920 0 152355 25466698 91004 0 3088
cpu 4 2845115 1 177906 25436301 170390 0 7315
cpu 7 3461306 0 150016 24984964 48820 0 882
cpu 6 3232337 1 139653 25209360 61247 0 2402
cpu 9 3013541 2 129817 25448489 52044 0 486
cpu 8 3149163 81 138741 25266009 53576 0 9428
intel_hsw_cbo 1/7 20971793 20972340 20975390 20972852 17216965037186 758091786223 2564149030027 460015314687
intel_hsw_cbo 1/6 20971793 20972340 20975390 20972852 16502648390936 759484225639 2418400264895 460333358663
intel_hsw_cbo 1/0 20971793 20972340 20975390 20972852 15918300118758 757815536549 2233174812340 460165175865
intel_hsw_cbo 1/4 20971793 20972340 20975390 20972852 16235882321664 760456636474 2041998899150 460121816283
intel_hsw_cbo 1/3 20971793 20972340 20975390 20972852 18867271474353 758599193581 2840225262853 460194061156
intel_hsw_cbo 1/1 20971793 20972340 20975390 20972852 16107416772369 759484689903 2352056326279 460113366088
intel_hsw_cbo 0/8 20971793 20972340 20975390 20972852 15137901067601 702571089266 2130182582210 427667143896
intel_hsw_cbo 0/9 20971793 20972340 20975390 20972852 16779525897135 701250132911 2727742331759 427727666514
intel_hsw_cbo 0/6 20971793 20972340 20975390 20972852 16691468919768 756768461407 2243969425546 463043158776
intel_hsw_cbo 0/7 20971793 20972340 20975390 20972852 18076648579502 756616257257 2428212323762 462917264036
intel_hsw_cbo 0/4 20971793 20972340 20975390 20972852 16449492375707 758083354348 2059086627374 463081799066
intel_hsw_cbo 0/5 20971793 20972340 20975390 20972852 20093860573363 753806431392 2449696105243 463237393169
intel_hsw_cbo 0/2 20971793 20972340 20975390 20972852 15998940627989 756005336346 2012446893683 462831058822
intel_hsw_cbo 0/3 20971793 20972340 20975390 20972852 20775597414026 755849125086 2747977718474 462936128163
intel_hsw_cbo 0/0 20971793 20972340 20975390 20972852 16398297312952 756073513290 2245106013290 463377706719
intel_hsw_cbo 0/1 20971793 20972340 20975390 20972852 16808912246815 757039226771 2198952023855 463121791405
intel_hsw_cbo 1/9 20971793 20972340 20975390 20972852 16472236880084 703693394762 2889746133343 425333457088
intel_hsw_cbo 1/5 20971793 20972340 20975390 20972852 18242486610851 756232241412 2550737037990 460564582698
intel_hsw_cbo 1/8 20971793 20972340 20975390 20972852 14880444475863 704740641957 2293234648839 425369856611
intel_hsw_cbo 1/2 20971793 20972340 20975390 20972852 15598924900585 758202549076 1979041489974 460268884273
intel_hsw_hau ff/12.5 20972289 20974593 20971520 20975386 6177631612202 1750856509911 107400942577863 1754823804654
intel_hsw_hau 7f/12.1 20972289 20974593 20971520 20975386 5039407679505 1612801512352 100934406729492 1617838469753
intel_hsw_hau ff/12.1 20972289 20974593 20971520 20975386 7037454310273 2232905445453 107400942620260 2239339333886
intel_hsw_hau 7f/12.5 20972289 20974593 20971520 20975386 4724880791833 1484593358636 100934407771567 1488078136328
intel_hsw_imc ff/14.1 20972292 20974596 20974337 20971778 3074801563342 880259256010 3147593486615 1747073894631 0
intel_hsw_imc ff/14.0 20972292 20974596 20974337 20971778 3942735266664 1367539847397 3488813746005 1517153879352 0
intel_hsw_imc 7f/17.1 20972292 20974596 20974337 20971778 2355700284065 746624462763 2478705405722 1336855095267 0
intel_hsw_imc 7f/17.0 20972292 20974596 20974337 20971778 2354192197895 746555440681 2477913497031 1344416434072 0
intel_hsw_imc 7f/14.0 20972292 20974596 20974337 20971778 2669508740956 878769150907 2570845977454 1081234643269 0
intel_hsw_imc 7f/14.1 20972292 20974596 20974337 20971778 2351239114299 746518541401 2461149863942 1325607759180 0
intel_hsw_imc ff/17.0 20972292 20974596 20974337 20971778 3077535243856 880376373914 3171790345314 1772639581900 0
intel_hsw_imc ff/17.1 20972292 20974596 20974337 20971778 3078591528012 880274921695 3170373286066 1759712096788 0
intel_hsw_qpi ff/08.2 6291712 6292480 6293506 6292483 3872735915172 2717398872627 10674046897760 0
intel_hsw_qpi 7f/08.2 6291712 6292480 6293506 6292483 2714468719535 3876118535348 13752428771590 0
intel_hsw_qpi 7f/09.2 6291712 6292480 6293506 6292483 2715140964279 3875906093101 12566675300840 0
intel_hsw_qpi ff/09.2 6291712 6292480 6293506 6292483 3872758670611 2716893718138 11696414004048 0
intel_hsw_r2pci 7f/10.1 20972580 20975369 20975367 20975368 4712418572 24996218945859 26987510000315 31601255950970
intel_hsw_r2pci ff/10.1 20972580 20975369 20975367 20975368 47193564 23526150894571 26277877305391 29856363318856
mem 1 82566752 31488788 51077964 11377784 38961004 148 0 50256148 12975528 82656 37500 0 0 433100 0 0 0
mem 0 82341048 8159292 74181756 16759004 55425692 608 0 71725964 39480120 461812 120620 0 0 625252 24576 0 0
net vnet23 0 0 8311157 0 0 0 0 0 0 0 0 0 65730 0 496073589 0 0 0 0 0 0 91426 0
net enp6s0f0 0 0 0 0 0 0 0 0 0 0 0 0 0 0 6606 0 0 0 0 0 0 93 0
net vnet21 0 0 11160888 0 0 0 0 0 0 0 0 0 77662 0 1150513778 0 0 0 0 0 0 132730 0
net vnet46 0 0 126839 0 0 0 0 0 0 0 0 0 543 0 70214 0 0 0 0 0 0 585 0
net vnet20 0 0 11513166 0 0 0 0 0 0 0 0 0 81584 0 1150521221 0 0 0 0 0 0 135853 0
net enp1s0f0 0 1332432 78053355157 0 0 0 0 371 0 0 371 0 81220772 0 1598736957 0 0 0 0 0 0 9066924 0
net lo 0 0 60756327 0 0 0 0 0 0 0 0 0 483354 0 60756327 0 0 0 0 0 0 483354 0
net vnet24 0 0 583459 0 0 0 0 0 0 0 0 0 7108 0 80662477 0 0 0 0 0 0 19681 0
net vnet38 0 0 438643 0 0 0 0 0 0 0 0 0 4173 0 64696580 0 0 0 0 0 0 8544 0
net virbr0 0 1346 376484766 0 0 0 0 0 0 0 0 0 5004217 0 70467584093 0 0 0 0 0 0 7228794 0
numa 1 2585702430 18927329 1008175 29040 1605610007 998585922
numa 0 2113425326 1008175 18927329 28452 1144405025 969769241
ps - 848789256 1550760 532 358 331 1 807
sysv_shm - 0 0
tmpfs /run/lock 0 6
tmpfs /run 2228224 1149
tmpfs /run/user/20029 4096 44
tmpfs /run/qemu 0 1
tmpfs /dev/shm 75714842624 271266
vfs - 298247 123465 308106
vm - 12 31087186 1313287665 520883 2496526 4714101049 4726184096 99555087 21837040 4418117644 78813 0 0 0 0 0 2714357 0 1121522 2855 0 2497875 96 0 34 0 0

1764551839.140948 0 node12.dhkim-278716.ldos-ut-pg0.wisc.cloudlab.us
block sda 510508 408452 62159365 9431386 5560457 14808887 2626575330 239014721 0 17191252 252580346
block sdb 2615 0 7504 3511 4 0 0 0 0 4252 3512
block sdc 995 0 7996 261 4 0 0 0 0 960 262
cpu 11 3368234 2 178586 24841176 167062 0 2092
cpu 10 3504637 13 159720 24790200 111335 0 1083
cpu 13 3207858 0 136387 25153530 55900 0 309
cpu 12 3270835 2 152621 25032401 100752 0 812
cpu 15 2954748 0 143878 25374957 74263 0 589
cpu 14 2918760 1 134990 25443252 51913 0 262
cpu 17 3048672 10 139724 25292485 67790 0 404
cpu 16 3006976 0 161306 25230730 145325 0 1478
cpu 19 3028850 0 165510 25226331 122820 0 1146
cpu 18 3155522 2 143300 25198254 52567 0 368
cpu 1 3379002 12 186925 24997409 62424 0 3065
cpu 0 3348952 2 170106 24970507 64248 0 976
cpu 3 3134596 2 188744 25253329 62048 0 1818
cpu 2 3038480 1 207399 25305453 84220 0 1231
cpu 5 2927921 0 152356 25466798 91004 0 3088
cpu 4 2845115 1 177907 25436403 170390 0 7315
cpu 7 3461306 0 150016 24985067 48820 0 882
cpu 6 3232337 1 139654 25209463 61247 0 2402
cpu 9 3013541 2 129817 25448592 52044 0 486
cpu 8 3149163 81 138741 25266111 53576 0 9428
intel_hsw_cbo 1/7 20971793 20972340 20975390 20972852 17216966222264 758092032377 2564149049400 460015386120
intel_hsw_cbo 1/6 20971793 20972340 20975390 20972852 16502649413134 759484466581 2418400373760 460333429545
intel_hsw_cbo 1/0 20971793 20972340 20975390 20972852 15918301315490 757815781626 2233175286986 460165248368
intel_hsw_cbo 1/4 20971793 20972340 20975390 20972852 16235883519272 760456886087 2041999446509 460121888717
intel_hsw_cbo 1/3 20971793 20972340 20975390 20972852 18867272756437 758599437945 2840225350214 460194132373
intel_hsw_cbo 1/1 20971793 20972340 20975390 20972852 16107417837884 759484935405 2352056416027 460113438456
intel_hsw_cbo 0/8 20971793 20972340 20975390 20972852 15137903008542 702571411298 2130183066177 427667249383
intel_hsw_cbo 0/9 20971793 20972340 20975390 20972852 16779527685995 701250451715 2727742473347 427727773621
intel_hsw_cbo 0/6 20971793 20972340 20975390 20972852 16691470634396 756768811215 2243969872382 463043267084
intel_hsw_cbo 0/7 20971793 20972340 20975390 20972852 18076650401070 756616612501 2428212389042 462917373043
intel_hsw_cbo 0/4 20971793 20972340 20975390 20972852 16449494040189 758083700311 2059086825670 463081908061
intel_hsw_cbo 0/5 20971793 20972340 20975390 20972852 20093862398720 753806766394 2449696175690 463237501076
intel_hsw_cbo 0/2 20971793 20972340 20975390 20972852 15998942253823 756005687308 2012447076211 462831170734
intel_hsw_cbo 0/3 20971793 20972340 20975390 20972852 20775599348128 755849468190 2747977871665 462936236914
intel_hsw_cbo 0/0 20971793 20972340 20975390 20972852 16398299046847 756073864939 2245106239486 463377814274
intel_hsw_cbo 0/1 20971793 20972340 20975390 20972852 16808914117996 757039566813 2198952550113 463121900832
intel_hsw_cbo 1/9 20971793 20972340 20975390 20972852 16472238116119 703693621972 2889746221338 425333527986
intel_hsw_cbo 1/5 20971793 20972340 20975390 20972852 18242487991788 756232483512 2550737058012 460564654264
intel_hsw_cbo 1/8 20971793 20972340 20975390 20972852 14880445622508 704740874498 2293234727128 425369926611
intel_hsw_cbo 1/2 20971793 20972340 20975390 20972852 15598925989473 758202794527 1979042000956 460268955735
intel_hsw_hau ff/12.5 20972289 20974593 20971520 20975386 6177632027995 1750856597942 107401887215857 1754823896454
intel_hsw_hau 7f/12.1 20972289 20974593 20971520 20975386 5039409237210 1612802044764 100935337855511 1617839014677
intel_hsw_hau ff/12.1 20972289 20974593 20971520 20975386 7037455350594 2232905768567 107401887257954 2239339664363
intel_hsw_hau 7f/12.5 20972289 20974593 20971520 20975386 4724881860778 1484593721709 100935338897122 1488078502204
intel_hsw_imc ff/14.1 20972292 20974596 20974337 20971778 3074801769872 880259301459 3147593576147 1747073902664 0
intel_hsw_imc ff/14.0 20972292 20974596 20974337 20971778 3942736109381 1367540143724 3488813948454 1517153907445 0
intel_hsw_imc 7f/17.1 20972292 20974596 20974337 20971778 2355700818174 746624645367 2478705724232 1336855147261 0
intel_hsw_imc 7f/17.0 20972292 20974596 20974337 20971778 2354192749159 746555640023 2477913833109 1344416487202 0
intel_hsw_imc 7f/14.0 20972292 20974596 20974337 20971778 2669509759366 878769512708 2570846422573 1081234696536 0
intel_hsw_imc 7f/14.1 20972292 20974596 20974337 20971778 2351239670819 746518747510 2461150206903 1325607812222 0
intel_hsw_imc ff/17.0 20972292 20974596 20974337 20971778 3077535451175 880376419982 3171790435573 1772639589888 0
intel_hsw_imc ff/17.1 20972292 20974596 20974337 20971778 3078591742789 880274975307 3170373384032 1759712105030 0
intel_hsw_qpi ff/08.2 6291712 6292480 6293506 6292483 3872736404684 2717399906510 10674047903464 0
intel_hsw_qpi 7f/08.2 6291712 6292480 6293506 6292483 2714469748750 3876119024278 13752430354894 0
intel_hsw_qpi 7f/09.2 6291712 6292480 6293506 6292483 2715141998052 3875906582628 12566676655608 0
intel_hsw_qpi ff/09.2 6291712 6292480 6293506 6292483 3872759159528 2716894747398 11696415352592 0
intel_hsw_r2pci 7f/10.1 20972580 20975369 20975367 20975368 4712426990 24996226471887 26987517347505 31601263831597
intel_hsw_r2pci ff/10.1 20972580 20975369 20975367 20975368 47193758 23526156969856 26277884444528 29856371580748
mem 1 82566752 31489040 51077712 11377788 38960924 164 0 50256148 12975528 82584 37500 0 0 433100 0 0 0
mem 0 82341048 8157028 74184020 16759000 55425744 616 0 71725968 39480120 461876 120620 0 0 625296 24576 0 0
net vnet23 0 0 8311157 0 0 0 0 0 0 0 0 0 65730 0 496073641 0 0 0 0 0 0 91427 0
net enp6s0f0 0 0 0 0 0 0 0 0 0 0 0 0 0 0 6606 0 0 0 0 0 0 93 0
net vnet21 0 0 11160888 0 0 0 0 0 0 0 0 0 77662 0 1150513830 0 0 0 0 0 0 132731 0
net vnet46 0 0 126839 0 0 0 0 0 0 0 0 0 543 0 70266 0 0 0 0 0 0 586 0
net vnet20 0 0 11513166 0 0 0 0 0 0 0 0 0 81584 0 1150521273 0 0 0 0 0 0 135854 0
net enp1s0f0 0 1332438 78053361274 0 0 0 0 371 0 0 371 0 81220866 0 1598737692 0 0 0 0 0 0 9066929 0
net lo 0 0 60756872 0 0 0 0 0 0 0 0 0 483358 0 60756872 0 0 0 0 0 0 483358 0
net vnet24 0 0 583459 0 0 0 0 0 0 0 0 0 7108 0 80662529 0 0 0 0 0 0 19682 0
net vnet38 0 0 438643 0 0 0 0 0 0 0 0 0 4173 0 64696632 0 0 0 0 0 0 8545 0
net virbr0 0 1346 376484766 0 0 0 0 0 0 0 0 0 5004217 0 70467584093 0 0 0 0 0 0 7228794 0
numa 1 2585703030 18927329 1008175 29040 1605610607 998585922
numa 0 2113426559 1008175 18927329 28452 1144406258 969769241
ps - 848793097 1550771 532 358 331 3 806
sysv_shm - 0 0
tmpfs /run/lock 0 6
tmpfs /run 2228224 1149
tmpfs /run/user/20029 4096 44
tmpfs /run/qemu 0 1
tmpfs /dev/shm 75714842624 271266
vfs - 298247 123505 308106
vm - 12 31087186 1313287665 520883 2496526 4714102882 4726185935 99555087 21837040 4418119695 78813 0 0 0 0 0 2714357 0 1121522 2855 0 2497875 96 0 34 0 0

1764551840.180609 0 node12.dhkim-278716.ldos-ut-pg0.wisc.cloudlab.us
block sda 510508 408452 62159365 9431386 5560457 14808887 2626575330 239014721 0 17191252 252580346
block sdb 2615 0 7504 3511 4 0 0 0 0 4252 3512
block sdc 995 0 7996 261 4 0 0 0 0 960 262
cpu 11 3368234 2 178586 24841279 167062 0 2092
cpu 10 3504637 13 159721 24790303 111335 0 1083
cpu 13 3207858 0 136387 25153634 55900 0 309
cpu 12 3270835 2 152621 25032504 100752 0 812
cpu 15 2954748 0 143879 25375060 74263 0 589
cpu 14 2918760 1 134991 25443355 51913 0 262
cpu 17 3048674 10 139724 25292588 67790 0 404
cpu 16 3006977 0 161306 25230832 145325 0 1478
cpu 19 3028850 0 165510 25226435 122820 0 1146
cpu 18 3155523 2 143300 25198356 52567 0 368
cpu 1 3379004 12 186926 24997510 62424 0 3065
cpu 0 3348954 2 170107 24970609 64248 0 976
cpu 3 3134596 2 188744 25253431 62048 0 1818
cpu 2 3038481 1 207399 25305554 84220 0 1231
cpu 5 2927922 0 152356 25466898 91004 0 3088
cpu 4 2845116 1 177908 25436503 170390 0 7315
cpu 7 3461307 0 150016 24985169 48820 0 882
cpu 6 3232338 1 139654 25209564 61247 0 2402
cpu 9 3013541 2 129818 25448695 52044 0 486
cpu 8 3149164 81 138742 25266213 53576 0 9428
intel_hsw_cbo 1/7 20971793 20972340 20975390 20972852 17216967615708 758092285710 2564149433614 460015460039
intel_hsw_cbo 1/6 20971793 20972340 20975390 20972852 16502650475810 759484714136 2418400436868 460333503387
intel_hsw_cbo 1/0 20971793 20972340 20975390 20972852 15918302483489 757816032012 2233175411029 460165322717
intel_hsw_cbo 1/4 20971793 20972340 20975390 20972852 16235884624792 760457139846 2041999514344 460121963649
intel_hsw_cbo 1/3 20971793 20972340 20975390 20972852 18867274175020 758599688474 2840225716307 460194205807
intel_hsw_cbo 1/1 20971793 20972340 20975390 20972852 16107418993365 759485187472 2352056453676 460113513482
intel_hsw_cbo 0/8 20971793 20972340 20975390 20972852 15137904826238 702571746752 2130183306603 427667356485
intel_hsw_cbo 0/9 20971793 20972340 20975390 20972852 16779529482063 701250784936 2727742671604 427727881149
intel_hsw_cbo 0/6 20971793 20972340 20975390 20972852 16691472531373 756769178385 2243970122228 463043380030
intel_hsw_cbo 0/7 20971793 20972340 20975390 20972852 18076652264336 756616984181 2428212553601 462917486985
intel_hsw_cbo 0/4 20971793 20972340 20975390 20972852 16449495835608 758084061623 2059087054450 463082020335
intel_hsw_cbo 0/5 20971793 20972340 20975390 20972852 20093864544496 753807116931 2449696359893 463237613805
intel_hsw_cbo 0/2 20971793 20972340 20975390 20972852 15998944133480 756006055591 2012447288767 462831286293
intel_hsw_cbo 0/3 20971793 20972340 20975390 20972852 20775601355033 755849828774 2747978123436 462936349341
intel_hsw_cbo 0/0 20971793 20972340 20975390 20972852 16398300844815 756074233780 2245106476031 463377926591
intel_hsw_cbo 0/1 20971793 20972340 20975390 20972852 16808915998039 757039922038 2198952817193 463122014586
intel_hsw_cbo 1/9 20971793 20972340 20975390 20972852 16472239377236 703693854166 2889746575184 425333600141
intel_hsw_cbo 1/5 20971793 20972340 20975390 20972852 18242489590892 756232731960 2550737429354 460564728755
intel_hsw_cbo 1/8 20971793 20972340 20975390 20972852 14880446863184 704741111272 2293234757545 425369998887
intel_hsw_cbo 1/2 20971793 20972340 20975390 20972852 15598927137327 758203046410 1979042076487 460269029668
intel_hsw_hau ff/12.5 20972289 20974593 20971520 20975386 6177632455183 1750856688971 107402858026341 1754823990916
intel_hsw_hau 7f/12.1 20972289 20974593 20971520 20975386 5039410831886 1612802585899 100936288663966 1617839569432
intel_hsw_hau ff/12.1 20972289 20974593 20971520 20975386 7037456421031 2232906089506 107402858072144 2239339992897
intel_hsw_hau 7f/12.5 20972289 20974593 20971520 20975386 4724882954528 1484594089330 100936289701501 1488078872970
intel_hsw_imc ff/14.1 20972292 20974596 20974337 20971778 3074801984465 880259348636 3147593670385 1747073911183 0
intel_hsw_imc ff/14.0 20972292 20974596 20974337 20971778 3942736980905 1367540439842 3488814154953 1517153935340 0
intel_hsw_imc 7f/17.1 20972292 20974596 20974337 20971778 2355701377695 746624839317 2478706067612 1336855204403 0
intel_hsw_imc 7f/17.0 20972292 20974596 20974337 20971778 2354193326174 746555851488 2477914195351 1344416545759 0
intel_hsw_imc 7f/14.0 20972292 20974596 20974337 20971778 2669510818223 878769892129 2570846900638 1081234754741 0
intel_hsw_imc 7f/14.1 20972292 20974596 20974337 20971778 2351240253281 746518966001 2461150574317 1325607871139 0
intel_hsw_imc ff/17.0 20972292 20974596 20974337 20971778 3077535665024 880376467373 3171790531577 1772639597875 0
intel_hsw_imc ff/17.1 20972292 20974596 20974337 20971778 3078591965500 880275031376 3170373488924 1759712113392 0
intel_hsw_qpi ff/08.2 6291712 6292480 6293506 6292483 3872736923805 2717401000307 10674048937432 0
intel_hsw_qpi 7f/08.2 6291712 6292480 6293506 6292483 2714470838960 3876119543170 13752431964830 0
intel_hsw_qpi 7f/09.2 6291712 6292480 6293506 6292483 2715143091582 3875907101753 12566678028216 0
intel_hsw_qpi ff/09.2 6291712 6292480 6293506 6292483 3872759678432 2716895838257 11696416760736 0
intel_hsw_r2pci 7f/10.1 20972580 20975369 20975367 20975368 4712435074 24996234764030 26987525209732 31601272459009
intel_hsw_r2pci ff/10.1 20972580 20975369 20975367 20975368 47193916 23526162134660 26277890451816 29856378772675
mem 1 82566752 31489040 51077712 11377788 38961068 176 0 50256152 12975528 82772 37592 0 0 433100 0 0 0
mem 0 82341048 8156776 74184272 16758996 55425616 640 0 71725976 39480120 461716 120564 0 0 625376 24576 0 0
net vnet23 0 0 8311157 0 0 0 0 0 0 0 0 0 65730 0 496073641 0 0 0 0 0 0 91427 0
net enp6s0f0 0 0 0 0 0 0 0 0 0 0 0 0 0 0 6606 0 0 0 0 0 0 93 0
net vnet21 0 0 11160888 0 0 0 0 0 0 0 0 0 77662 0 1150513830 0 0 0 0 0 0 132731 0
net vnet46 0 0 126839 0 0 0 0 0 0 0 0 0 543 0 70266 0 0 0 0 0 0 586 0
net vnet20 0 0 11513166 0 0 0 0 0 0 0 0 0 81584 0 1150521273 0 0 0 0 0 0 135854 0
net enp1s0f0 0 1332441 78053367151 0 0 0 0 371 0 0 371 0 81220956 0 1598738427 0 0 0 0 0 0 9066934 0
net lo 0 0 60757417 0 0 0 0 0 0 0 0 0 483362 0 60757417 0 0 0 0 0 0 483362 0
net vnet24 0 0 583459 0 0 0 0 0 0 0 0 0 7108 0 80662529 0 0 0 0 0 0 19682 0
net vnet38 0 0 438643 0 0 0 0 0 0 0 0 0 4173 0 64696632 0 0 0 0 0 0 8545 0
net virbr0 0 1346 376484766 0 0 0 0 0 0 0 0 0 5004217 0 70467584093 0 0 0 0 0 0 7228794 0
numa 1 2585704103 18927329 1008175 29040 1605611680 998585922
numa 0 2113427759 1008175 18927329 28452 1144407458 969769241
ps - 848797478 1550786 532 358 331 4 776
sysv_shm - 0 0
tmpfs /run/lock 0 6
tmpfs /run 2228224 1149
tmpfs /run/user/20029 4096 44
tmpfs /run/qemu 0 1
tmpfs /dev/shm 75714842624 271266
vfs - 298248 123425 308107
vm - 12 31087186 1313287665 520883 2496526 4714105185 4726188382 99555087 21837040 4418122409 78813 0 0 0 0 0 2714357 0 1121522 2855 0 2497875 96 0 34 0 0

1764551841.218395 0 node12.dhkim-278716.ldos-ut-pg0.wisc.cloudlab.us
block sda 510508 408452 62159365 9431386 5560464 14808905 2626575530 239014728 1 17191256 252580352
block sdb 2615 0 7504 3511 4 0 0 0 0 4252 3512
block sdc 995 0 7996 261 4 0 0 0 0 960 262
cpu 11 3368234 2 178587 24841382 167062 0 2092
cpu 10 3504638 13 159722 24790406 111335 0 1083
cpu 13 3207858 0 136388 25153736 55900 0 309
cpu 12 3270835 2 152622 25032607 100752 0 812
cpu 15 2954748 0 143879 25375163 74263 0 589
cpu 14 2918760 1 134991 25443458 51913 0 262
cpu 17 3048676 10 139724 25292691 67790 0 404
cpu 16 3006977 0 161306 25230935 145325 0 1478
cpu 19 3028850 0 165510 25226536 122821 0 1146
cpu 18 3155524 2 143300 25198456 52567 0 368
cpu 1 3379005 12 186926 24997611 62424 0 3065
cpu 0 3348954 2 170107 24970711 64248 0 976
cpu 3 3134597 2 188745 25253533 62048 0 1818
cpu 2 3038482 1 207400 25305654 84220 0 1231
cpu 5 2927924 0 152356 25466998 91004 0 3088
cpu 4 2845116 1 177908 25436606 170390 0 7315
cpu 7 3461308 0 150016 24985270 48820 0 882
cpu 6 3232338 1 139654 25209666 61247 0 2402
cpu 9 3013541 2 129818 25448799 52044 0 486
cpu 8 3149165 81 138743 25266315 53576 0 9428
intel_hsw_cbo 1/7 20971793 20972340 20975390 20972852 17216969062408 758092551157 2564150159269 460015546561
intel_hsw_cbo 1/6 20971793 20972340 20975390 20972852 16502651777159 759484974040 2418400535792 460333589279
intel_hsw_cbo 1/0 20971793 20972340 20975390 20972852 15918303688697 757816296149 2233175529449 460165409384
intel_hsw_cbo 1/4 20971793 20972340 20975390 20972852 16235885850936 760457406588 2041999547318 460122050781
intel_hsw_cbo 1/3 20971793 20972340 20975390 20972852 18867275615257 758599950696 2840226285051 460194290460
intel_hsw_cbo 1/1 20971793 20972340 20975390 20972852 16107420182727 759485452814 2352056483139 460113600342
intel_hsw_cbo 0/8 20971793 20972340 20975390 20972852 15137906640995 702572077809 2130183576379 427667465952
intel_hsw_cbo 0/9 20971793 20972340 20975390 20972852 16779531196714 701251112837 2727742877593 427727991040
intel_hsw_cbo 0/6 20971793 20972340 20975390 20972852 16691474334757 756769540007 2243970398049 463043491895
intel_hsw_cbo 0/7 20971793 20972340 20975390 20972852 18076654097167 756617350269 2428212723713 462917602481
intel_hsw_cbo 0/4 20971793 20972340 20975390 20972852 16449497565851 758084419445 2059087269260 463082136324
intel_hsw_cbo 0/5 20971793 20972340 20975390 20972852 20093866713024 753807462762 2449696548319 463237728404
intel_hsw_cbo 0/2 20971793 20972340 20975390 20972852 15998945852074 756006418508 2012447491394 462831401541
intel_hsw_cbo 0/3 20971793 20972340 20975390 20972852 20775603246875 755850183956 2747978378826 462936461844
intel_hsw_cbo 0/0 20971793 20972340 20975390 20972852 16398302609366 756074597344 2245106706222 463378040954
intel_hsw_cbo 0/1 20971793 20972340 20975390 20972852 16808917898790 757040273431 2198953113932 463122130276
intel_hsw_cbo 1/9 20971793 20972340 20975390 20972852 16472240786537 703694097901 2889747264643 425333683661
intel_hsw_cbo 1/5 20971793 20972340 20975390 20972852 18242491068263 756232993658 2550738074309 460564815027
intel_hsw_cbo 1/8 20971793 20972340 20975390 20972852 14880448132101 704741359741 2293234785173 425370082112
intel_hsw_cbo 1/2 20971793 20972340 20975390 20972852 15598928389959 758203311072 1979042110669 460269116043
intel_hsw_hau ff/12.5 20972289 20974593 20971520 20975386 6177632896036 1750856781405 107403795291583 1754824086877
intel_hsw_hau 7f/12.1 20972289 20974593 20971520 20975386 5039412529413 1612803174326 100937208900736 1617840168369
intel_hsw_hau ff/12.1 20972289 20974593 20971520 20975386 7037457527977 2232906423153 107403795342688 2239340333999
intel_hsw_hau 7f/12.5 20972289 20974593 20971520 20975386 4724884123046 1484594491921 100937209933183 1488079277978
intel_hsw_imc ff/14.1 20972292 20974596 20974337 20971778 3074802202207 880259396245 3147593765424 1747073919779 0
intel_hsw_imc ff/14.0 20972292 20974596 20974337 20971778 3942737873657 1367540743462 3488814369979 1517153965156 0
intel_hsw_imc 7f/17.1 20972292 20974596 20974337 20971778 2355701953232 746625033082 2478706414327 1336855262373 0
intel_hsw_imc 7f/17.0 20972292 20974596 20974337 20971778 2354193917448 746556061123 2477914558164 1344416604732 0
intel_hsw_imc 7f/14.0 20972292 20974596 20974337 20971778 2669511912740 878770278728 2570847384782 1081234815839 0
intel_hsw_imc 7f/14.1 20972292 20974596 20974337 20971778 2351240849843 746519182253 2461150942006 1325607930094 0
intel_hsw_imc ff/17.0 20972292 20974596 20974337 20971778 3077535883496 880376515314 3171790629606 1772639606081 0
intel_hsw_imc ff/17.1 20972292 20974596 20974337 20971778 3078592192449 880275087149 3170373595330 1759712122144 0
intel_hsw_qpi ff/08.2 6291712 6292480 6293506 6292483 3872737448935 2717402093535 10674050061248 0
intel_hsw_qpi 7f/08.2 6291712 6292480 6293506 6292483 2714471929704 3876120068879 13752433657446 0
intel_hsw_qpi 7f/09.2 6291712 6292480 6293506 6292483 2715144184911 3875907626892 12566679481704 0
intel_hsw_qpi ff/09.2 6291712 6292480 6293506 6292483 3872760204100 2716896928580 11696418257792 0
intel_hsw_r2pci 7f/10.1 20972580 20975369 20975367 20975368 4712443440 24996242610353 26987532964102 31601280869640
intel_hsw_r2pci ff/10.1 20972580 20975369 20975367 20975368 47194064 23526167931398 26277897702088 29856386205094
mem 1 82566752 31490028 51076724 11377796 38961232 168 0 50256160 12975968 82872 37564 0 0 433068 0 0 0
mem 0 82341048 8156152 74184896 16758996 55425240 640 0 71725984 39480256 461332 120412 0 0 625456 24576 0 0
net vnet23 0 0 8311157 0 0 0 0 0 0 0 0 0 65730 0 496073693 0 0 0 0 0 0 91428 0
net enp6s0f0 0 0 0 0 0 0 0 0 0 0 0 0 0 0 6606 0 0 0 0 0 0 93 0
net vnet21 0 0 11160888 0 0 0 0 0 0 0 0 0 77662 0 1150513882 0 0 0 0 0 0 132732 0
net vnet46 0 0 126839 0 0 0 0 0 0 0 0 0 543 0 70318 0 0 0 0 0 0 587 0
net vnet20 0 0 11513166 0 0 0 0 0 0 0 0 0 81584 0 1150521325 0 0 0 0 0 0 135855 0
net enp1s0f0 0 1332448 78053373508 0 0 0 0 371 0 0 371 0 81221053 0 1598739162 0 0 0 0 0 0 9066939 0
net lo 0 0 60757962 0 0 0 0 0 0 0 0 0 483366 0 60757962 0 0 0 0 0 0 483366 0
net vnet24 0 0 583459 0 0 0 0 0 0 0 0 0 7108 0 80662581 0 0 0 0 0 0 19683 0
net vnet38 0 0 438643 0 0 0 0 0 0 0 0 0 4173 0 64696684 0 0 0 0 0 0 8546 0
net virbr0 0 1346 376484766 0 0 0 0 0 0 0 0 0 5004217 0 70467584093 0 0 0 0 0 0 7228794 0
numa 1 2585705234 18927329 1008175 29040 1605612811 998585922
numa 0 2113428811 1008175 18927329 28452 1144408510 969769241
ps - 848801561 1550800 489 352 329 1 747
sysv_shm - 0 0
tmpfs /run/lock 0 6
tmpfs /run 2228224 1149
tmpfs /run/user/20029 4096 44
tmpfs /run/qemu 0 1
tmpfs /dev/shm 75714842624 271266
vfs - 298247 123425 308106
vm - 12 31087186 1313287769 520883 2496526 4714107338 4726190731 99555088 21837040 4418124962 78813 0 0 0 0 0 2714357 0 1121522 2855 0 2497875 96 0 34 0 0

1764551842.256407 0 node12.dhkim-278716.ldos-ut-pg0.wisc.cloudlab.us
block sda 510508 408452 62159365 9431386 5560531 14808905 2626576130 239015521 0 17191348 252581173
block sdb 2615 0 7504 3511 4 0 0 0 0 4252 3512
block sdc 995 0 7996 261 4 0 0 0 0 960 262
cpu 11 3368234 2 178587 24841485 167062 0 2092
cpu 10 3504638 13 159722 24790509 111335 0 1083
cpu 13 3207858 0 136388 25153839 55900 0 309
cpu 12 3270836 2 152622 25032709 100752 0 812
cpu 15 2954748 0 143879 25375266 74263 0 589
cpu 14 2918760 1 134991 25443561 51913 0 262
cpu 17 3048679 10 139725 25292793 67790 0 404
cpu 16 3006978 0 161306 25231038 145325 0 1478
cpu 19 3028851 0 165510 25226635 122824 0 1146
cpu 18 3155525 2 143300 25198558 52567 0 368
cpu 1 3379007 12 186927 24997711 62424 0 3065
cpu 0 3348955 2 170108 24970814 64248 0 976
cpu 3 3134599 2 188745 25253635 62048 0 1818
cpu 2 3038482 1 207400 25305756 84220 0 1231
cpu 5 2927926 0 152356 25467098 91004 0 3088
cpu 4 2845117 1 177908 25436707 170390 0 7315
cpu 7 3461310 0 150017 24985371 48820 0 882
cpu 6 3232339 1 139654 25209768 61247 0 2402
cpu 9 3013542 2 129818 25448893 52051 0 486
cpu 8 3149165 81 138743 25266418 53576 0 9428
intel_hsw_cbo 1/7 20971793 20972340 20975390 20972852 17216970424989 758092813271 2564150496017 460015620379
intel_hsw_cbo 1/6 20971793 20972340 20975390 20972852 16502653016090 759485229609 2418400602880 460333662262
intel_hsw_cbo 1/0 20971793 20972340 20975390 20972852 15918304939755 757816555237 2233175676526 460165483394
intel_hsw_cbo 1/4 20971793 20972340 20975390 20972852 16235887133044 760457670876 2041999676691 460122125113
intel_hsw_cbo 1/3 20971793 20972340 20975390 20972852 18867277168795 758600209432 2840226561189 460194362825
intel_hsw_cbo 1/1 20971793 20972340 20975390 20972852 16107421450868 759485714476 2352056505343 460113674512
intel_hsw_cbo 0/8 20971793 20972340 20975390 20972852 15137908550946 702572408795 2130183937562 427667572179
intel_hsw_cbo 0/9 20971793 20972340 20975390 20972852 16779533043549 701251440634 2727743082525 427728098100
intel_hsw_cbo 0/6 20971793 20972340 20975390 20972852 16691476187959 756769903824 2243970740399 463043602805
intel_hsw_cbo 0/7 20971793 20972340 20975390 20972852 18076656046844 756617718192 2428212881226 462917716303
intel_hsw_cbo 0/4 20971793 20972340 20975390 20972852 16449499229065 758084778578 2059087457605 463082248919
intel_hsw_cbo 0/5 20971793 20972340 20975390 20972852 20093868926806 753807810457 2449696718057 463237840036
intel_hsw_cbo 0/2 20971793 20972340 20975390 20972852 15998947619152 756006782485 2012447675449 462831516843
intel_hsw_cbo 0/3 20971793 20972340 20975390 20972852 20775605337939 755850540576 2747978617704 462936574582
intel_hsw_cbo 0/0 20971793 20972340 20975390 20972852 16398304321198 756074962512 2245106930010 463378152446
intel_hsw_cbo 0/1 20971793 20972340 20975390 20972852 16808919923886 757040625952 2198953513163 463122242868
intel_hsw_cbo 1/9 20971793 20972340 20975390 20972852 16472242288439 703694339603 2889747616538 425333755772
intel_hsw_cbo 1/5 20971793 20972340 20975390 20972852 18242492567282 756233251214 2550738373461 460564888606
intel_hsw_cbo 1/8 20971793 20972340 20975390 20972852 14880449423343 704741605748 2293234804945 425370153965
intel_hsw_cbo 1/2 20971793 20972340 20975390 20972852 15598929618597 758203572376 1979042229003 460269189860
intel_hsw_hau ff/12.5 20972289 20974593 20971520 20975386 6177633325047 1750856876333 107404756860285 1754824185096
intel_hsw_hau 7f/12.1 20972289 20974593 20971520 20975386 5039414148437 1612803708374 100938150698662 1617840713550
intel_hsw_hau ff/12.1 20972289 20974593 20971520 20975386 7037458605403 2232906761304 107404756921240 2239340679784
intel_hsw_hau 7f/12.5 20972289 20974593 20971520 20975386 4724885244820 1484594866204 100938151723009 1488079654712
intel_hsw_imc ff/14.1 20972292 20974596 20974337 20971778 3074802415722 880259445094 3147593860224 1747073928748 0
intel_hsw_imc ff/14.0 20972292 20974596 20974337 20971778 3942738747165 1367541051687 3488814584867 1517153994650 0
intel_hsw_imc 7f/17.1 20972292 20974596 20974337 20971778 2355702509912 746625221219 2478706744282 1336855318479 0
intel_hsw_imc 7f/17.0 20972292 20974596 20974337 20971778 2354194491121 746556265523 2477914904291 1344416661313 0
intel_hsw_imc 7f/14.0 20972292 20974596 20974337 20971778 2669512962896 878770635111 2570847832849 1081234869798 0
intel_hsw_imc 7f/14.1 20972292 20974596 20974337 20971778 2351241430153 746519393886 2461151295499 1325607986894 0
intel_hsw_imc ff/17.0 20972292 20974596 20974337 20971778 3077536097133 880376564475 3171790726439 1772639614680 0
intel_hsw_imc ff/17.1 20972292 20974596 20974337 20971778 3078592414899 880275144701 3170373700894 1759712131253 0
intel_hsw_qpi ff/08.2 6291712 6292480 6293506 6292483 3872737965904 2717403120517 10674051099168 0
intel_hsw_qpi 7f/08.2 6291712 6292480 6293506 6292483 2714472953468 3876120586247 13752435267342 0
intel_hsw_qpi 7f/09.2 6291712 6292480 6293506 6292483 2715145211805 3875908143873 12566680860856 0
intel_hsw_qpi ff/09.2 6291712 6292480 6293506 6292483 3872760721472 2716897952390 11696419649264 0
intel_hsw_r2pci 7f/10.1 20972580 20975369 20975367 20975368 4712451622 24996249743798 26987539953191 31601288605153
intel_hsw_r2pci ff/10.1 20972580 20975369 20975367 20975368 47194226 23526173728559 26277905034514 29856393651819
mem 1 82566752 31490784 51075968 11377792 38961004 84 0 50256160 12975528 82712 37564 0 0 433068 0 0 0
mem 0 82341048 8155396 74185652 16759004 55425232 484 0 71725988 39480120 461332 120448 0 0 625536 24576 0 0
net vnet23 0 0 8311157 0 0 0 0 0 0 0 0 0 65730 0 496073693 0 0 0 0 0 0 91428 0
net enp6s0f0 0 0 0 0 0 0 0 0 0 0 0 0 0 0 6606 0 0 0 0 0 0 93 0
net vnet21 0 0 11160888 0 0 0 0 0 0 0 0 0 77662 0 1150513882 0 0 0 0 0 0 132732 0
net vnet46 0 0 126839 0 0 0 0 0 0 0 0 0 543 0 70318 0 0 0 0 0 0 587 0
net vnet20 0 0 11513166 0 0 0 0 0 0 0 0 0 81584 0 1150521325 0 0 0 0 0 0 135855 0
net enp1s0f0 0 1332451 78053379205 0 0 0 0 371 0 0 371 0 81221140 0 1598739897 0 0 0 0 0 0 9066944 0
net lo 0 0 60758507 0 0 0 0 0 0 0 0 0 483370 0 60758507 0 0 0 0 0 0 483370 0
net vnet24 0 0 583459 0 0 0 0 0 0 0 0 0 7108 0 80662581 0 0 0 0 0 0 19683 0
net vnet38 0 0 438643 0 0 0 0 0 0 0 0 0 4173 0 64696684 0 0 0 0 0 0 8546 0
net virbr0 0 1346 376484766 0 0 0 0 0 0 0 0 0 5004217 0 70467584093 0 0 0 0 0 0 7228794 0
numa 1 2585705943 18927329 1008175 29040 1605613520 998585922
numa 0 2113429936 1008175 18927329 28452 1144409635 969769241
ps - 848805436 1550811 489 352 329 2 741
sysv_shm - 0 0
tmpfs /run/lock 0 6
tmpfs /run 2228224 1149
tmpfs /run/user/20029 4096 44
tmpfs /run/qemu 0 1
tmpfs /dev/shm 75714842624 271266
vfs - 298247 123425 308106
vm - 12 31087186 1313288065 520883 2496526 4714109172 4726192602 99555089 21837040 4418127097 78813 0 0 0 0 0 2714357 0 1121522 2855 0 2497875 96 0 34 0 0

1764551843.293156 0 node12.dhkim-278716.ldos-ut-pg0.wisc.cloudlab.us
block sda 510508 408452 62159365 9431386 5560531 14808905 2626576130 239015521 0 17191348 252581173
block sdb 2615 0 7504 3511 4 0 0 0 0 4252 3512
block sdc 995 0 7996 261 4 0 0 0 0 960 262
cpu 11 3368234 2 178587 24841589 167062 0 2092
cpu 10 3504639 13 159723 24790611 111335 0 1083
cpu 13 3207858 0 136389 25153943 55900 0 309
cpu 12 3270836 2 152622 25032811 100752 0 812
cpu 15 2954749 0 143879 25375368 74263 0 589
cpu 14 2918760 1 134991 25443665 51913 0 262
cpu 17 3048682 10 139725 25292894 67790 0 404
cpu 16 3006978 0 161306 25231140 145325 0 1478
cpu 19 3028852 0 165510 25226737 122824 0 1146
cpu 18 3155525 2 143300 25198661 52567 0 368
cpu 1 3379008 12 186927 24997814 62424 0 3065
cpu 0 3348956 2 170108 24970916 64248 0 976
cpu 3 3134599 2 188746 25253737 62048 0 1818
cpu 2 3038483 1 207401 25305858 84220 0 1231
cpu 5 2927926 0 152356 25467199 91004 0 3088
cpu 4 2845118 1 177908 25436808 170390 0 7315
cpu 7 3461311 0 150017 24985472 48820 0 882
cpu 6 3232340 1 139654 25209869 61247 0 2402
cpu 9 3013542 2 129819 25448996 52051 0 486
cpu 8 3149165 81 138743 25266519 53576 0 9428
intel_hsw_cbo 1/7 20971793 20972340 20975390 20972852 17216971887957 758093081007 2564150820665 460015706109
intel_hsw_cbo 1/6 20971793 20972340 20975390 20972852 16502654288048 759485492228 2418400674847 460333747596
intel_hsw_cbo 1/0 20971793 20972340 20975390 20972852 15918306301008 757816820047 2233175865483 460165570806
intel_hsw_cbo 1/4 20971793 20972340 20975390 20972852 16235888489334 760457942080 2041999859286 460122213522
intel_hsw_cbo 1/3 20971793 20972340 20975390 20972852 18867278872708 758600473937 2840226870921 460194447623
intel_hsw_cbo 1/1 20971793 20972340 20975390 20972852 16107422783035 759485982220 2352056527262 460113760641
intel_hsw_cbo 0/8 20971793 20972340 20975390 20972852 15137910267482 702572716937 2130184130069 427667664902
intel_hsw_cbo 0/9 20971793 20972340 20975390 20972852 16779534615615 701251747422 2727743319176 427728192164
intel_hsw_cbo 0/6 20971793 20972340 20975390 20972852 16691477718592 756770242949 2243970930399 463043699702
intel_hsw_cbo 0/7 20971793 20972340 20975390 20972852 18076657793414 756618061381 2428213107322 462917815671
intel_hsw_cbo 0/4 20971793 20972340 20975390 20972852 16449500864693 758085112050 2059087565050 463082347763
intel_hsw_cbo 0/5 20971793 20972340 20975390 20972852 20093870937058 753808133757 2449696934714 463237938124
intel_hsw_cbo 0/2 20971793 20972340 20975390 20972852 15998949016423 756007121647 2012447787448 462831616691
intel_hsw_cbo 0/3 20971793 20972340 20975390 20972852 20775607261141 755850872522 2747978844532 462936671728
intel_hsw_cbo 0/0 20971793 20972340 20975390 20972852 16398305829960 756075302254 2245107074351 463378249393
intel_hsw_cbo 0/1 20971793 20972340 20975390 20972852 16808921493140 757040953447 2198953727665 463122342034
intel_hsw_cbo 1/9 20971793 20972340 20975390 20972852 16472243888501 703694586604 2889747960058 425333840159
intel_hsw_cbo 1/5 20971793 20972340 20975390 20972852 18242494333779 756233514777 2550738701128 460564975039
intel_hsw_cbo 1/8 20971793 20972340 20975390 20972852 14880450787982 704741857436 2293234825711 425370237195
intel_hsw_cbo 1/2 20971793 20972340 20975390 20972852 15598930862545 758203838056 1979042394269 460269275041
intel_hsw_hau ff/12.5 20972289 20974593 20971520 20975386 6177633768762 1750856978331 107405687281194 1754824290705
intel_hsw_hau 7f/12.1 20972289 20974593 20971520 20975386 5039415748946 1612804251732 100939063120654 1617841268258
intel_hsw_hau ff/12.1 20972289 20974593 20971520 20975386 7037459684556 2232907099141 107405687342939 2239341025911
intel_hsw_hau 7f/12.5 20972289 20974593 20971520 20975386 4724886340978 1484595241543 100939064144367 1488080032978
intel_hsw_imc ff/14.1 20972292 20974596 20974337 20971778 3074802637043 880259497621 3147593961424 1747073938061 0
intel_hsw_imc ff/14.0 20972292 20974596 20974337 20971778 3942739614782 1367541357606 3488814801255 1517154023131 0
intel_hsw_imc 7f/17.1 20972292 20974596 20974337 20971778 2355703058324 746625410400 2478707069771 1336855371907 0
intel_hsw_imc 7f/17.0 20972292 20974596 20974337 20971778 2354195054061 746556469371 2477915245000 1344416715828 0
intel_hsw_imc 7f/14.0 20972292 20974596 20974337 20971778 2669514010617 878771000257 2570848272628 1081234921295 0
intel_hsw_imc 7f/14.1 20972292 20974596 20974337 20971778 2351241999177 746519604565 2461151643045 1325608041404 0
intel_hsw_imc ff/17.0 20972292 20974596 20974337 20971778 3077536318314 880376617413 3171790829994 1772639623820 0
intel_hsw_imc ff/17.1 20972292 20974596 20974337 20971778 3078592644640 880275205908 3170373813148 1759712140821 0
intel_hsw_qpi ff/08.2 6291712 6292480 6293506 6292483 3872738511950 2717404095917 10674052273880 0
intel_hsw_qpi 7f/08.2 6291712 6292480 6293506 6292483 2714473925999 3876121132642 13752436914214 0
intel_hsw_qpi 7f/09.2 6291712 6292480 6293506 6292483 2715146187150 3875908689934 12566682283896 0
intel_hsw_qpi ff/09.2 6291712 6292480 6293506 6292483 3872761267821 2716898924947 11696421227592 0
intel_hsw_r2pci 7f/10.1 20972580 20975369 20975367 20975368 4712460110 24996256482649 26987546803274 31601295944707
intel_hsw_r2pci ff/10.1 20972580 20975369 20975367 20975368 47194462 23526179835764 26277912036030 29856401466474
mem 1 82566752 31491288 51075464 11377792 38961768 160 0 50256168 12975528 83376 37500 0 0 433068 0 0 0
mem 0 82341048 8155144 74185904 16758996 55424292 600 0 71725988 39480120 460408 120344 0 0 625544 24576 0 0
net vnet23 0 0 8311157 0 0 0 0 0 0 0 0 0 65730 0 496073745 0 0 0 0 0 0 91429 0
net enp6s0f0 0 0 0 0 0 0 0 0 0 0 0 0 0 0 6606 0 0 0 0 0 0 93 0
net vnet21 0 0 11160888 0 0 0 0 0 0 0 0 0 77662 0 1150513934 0 0 0 0 0 0 132733 0
net vnet46 0 0 126839 0 0 0 0 0 0 0 0 0 543 0 70370 0 0 0 0 0 0 588 0
net vnet20 0 0 11513166 0 0 0 0 0 0 0 0 0 81584 0 1150521377 0 0 0 0 0 0 135856 0
net enp1s0f0 0 1332458 78053385262 0 0 0 0 371 0 0 371 0 81221234 0 1598740632 0 0 0 0 0 0 9066949 0
net lo 0 0 60759052 0 0 0 0 0 0 0 0 0 483374 0 60759052 0 0 0 0 0 0 483374 0
net vnet24 0 0 583459 0 0 0 0 0 0 0 0 0 7108 0 80662633 0 0 0 0 0 0 19684 0
net vnet38 0 0 438643 0 0 0 0 0 0 0 0 0 4173 0 64696736 0 0 0 0 0 0 8547 0
net virbr0 0 1346 376484766 0 0 0 0 0 0 0 0 0 5004217 0 70467584093 0 0 0 0 0 0 7228794 0
numa 1 2585706927 18927329 1008175 29040 1605614504 998585922
numa 0 2113430800 1008175 18927329 28452 1144410499 969769241
ps - 848809334 1550822 489 352 329 1 741
sysv_shm - 0 0
tmpfs /run/lock 0 6
tmpfs /run 2228224 1149
tmpfs /run/user/20029 4096 44
tmpfs /run/qemu 0 1
tmpfs /dev/shm 75714842624 271266
vfs - 298247 123385 308106
vm - 12 31087186 1313288065 520883 2496526 4714111020 4726194463 99555090 21837040 4418129169 78813 0 0 0 0 0 2714357 0 1121522 2855 0 2497875 96 0 34 0 0

1764551844.330794 0 node12.dhkim-278716.ldos-ut-pg0.wisc.cloudlab.us
block sda 510508 408452 62159365 9431386 5560531 14808905 2626576130 239015521 0 17191348 252581173
block sdb 2615 0 7504 3511 4 0 0 0 0 4252 3512
block sdc 995 0 7996 261 4 0 0 0 0 960 262
cpu 11 3368234 2 178588 24841692 167062 0 2092
cpu 10 3504639 13 159723 24790713 111335 0 1083
cpu 13 3207859 0 136389 25154046 55900 0 309
cpu 12 3270837 2 152622 25032912 100752 0 812
cpu 15 2954749 0 143879 25375471 74263 0 589
cpu 14 2918762 1 134992 25443767 51913 0 262
cpu 17 3048682 10 139727 25292995 67790 0 404
cpu 16 3006978 0 161306 25231241 145325 0 1478
cpu 19 3028852 0 165510 25226840 122824 0 1146
cpu 18 3155525 2 143300 25198765 52567 0 368
cpu 1 3379008 12 186928 24997917 62424 0 3065
cpu 0 3348958 2 170108 24971017 64248 0 976
cpu 3 3134599 2 188746 25253840 62048 0 1818
cpu 2 3038484 1 207401 25305960 84220 0 1231
cpu 5 2927927 0 152356 25467300 91004 0 3088
cpu 4 2845120 1 177908 25436908 170390 0 7315
cpu 7 3461312 0 150017 24985572 48820 0 882
cpu 6 3232342 1 139655 25209971 61247 0 2402
cpu 9 3013542 2 129820 25449098 52051 0 486
cpu 8 3149166 81 138743 25266620 53576 0 9428
intel_hsw_cbo 1/7 20971793 20972340 20975390 20972852 17216973137903 758093332033 2564150998310 460015785246
intel_hsw_cbo 1/6 20971793 20972340 20975390 20972852 16502655409639 759485738393 2418400765720 460333827117
intel_hsw_cbo 1/0 20971793 20972340 20975390 20972852 15918307464439 757817069095 2233176118401 460165649672
intel_hsw_cbo 1/4 20971793 20972340 20975390 20972852 16235889692641 760458197240 2042000143677 460122292822
intel_hsw_cbo 1/3 20971793 20972340 20975390 20972852 18867280468508 758600723307 2840227130634 460194526044
intel_hsw_cbo 1/1 20971793 20972340 20975390 20972852 16107423925075 759486233535 2352056578443 460113838745
intel_hsw_cbo 0/8 20971793 20972340 20975390 20972852 15137912141169 702573043567 2130184450384 427667767248
intel_hsw_cbo 0/9 20971793 20972340 20975390 20972852 16779536219680 701252071245 2727743591070 427728295836
intel_hsw_cbo 0/6 20971793 20972340 20975390 20972852 16691479314929 756770600885 2243971237327 463043805941
intel_hsw_cbo 0/7 20971793 20972340 20975390 20972852 18076659586516 756618424447 2428213356696 462917925053
intel_hsw_cbo 0/4 20971793 20972340 20975390 20972852 16449502445923 758085465138 2059087696049 463082456480
intel_hsw_cbo 0/5 20971793 20972340 20975390 20972852 20093872850047 753808476530 2449697176150 463238046368
intel_hsw_cbo 0/2 20971793 20972340 20975390 20972852 15998950496685 756007478979 2012447905531 462831726814
intel_hsw_cbo 0/3 20971793 20972340 20975390 20972852 20775609189319 755851223792 2747979106493 462936779011
intel_hsw_cbo 0/0 20971793 20972340 20975390 20972852 16398307475861 756075663132 2245107237262 463378356702
intel_hsw_cbo 0/1 20971793 20972340 20975390 20972852 16808923344813 757041299092 2198954041795 463122450835
intel_hsw_cbo 1/9 20971793 20972340 20975390 20972852 16472245129221 703694817681 2889748152879 425333917450
intel_hsw_cbo 1/5 20971793 20972340 20975390 20972852 18242495791227 756233761056 2550738903703 460565052858
intel_hsw_cbo 1/8 20971793 20972340 20975390 20972852 14880451987718 704742092703 2293234873797 425370313651
intel_hsw_cbo 1/2 20971793 20972340 20975390 20972852 15598931955423 758204089951 1979042648575 460269354214
intel_hsw_hau ff/12.5 20972289 20974593 20971520 20975386 6177634204491 1750857077877 107406626285745 1754824393860
intel_hsw_hau 7f/12.1 20972289 20974593 20971520 20975386 5039417380966 1612804788915 100939987812267 1617841816858
intel_hsw_hau ff/12.1 20972289 20974593 20971520 20975386 7037460771920 2232907441354 107406626350040 2239341375539
intel_hsw_hau 7f/12.5 20972289 20974593 20971520 20975386 4724887468736 1484595616784 100939988831916 1488080411676
intel_hsw_imc ff/14.1 20972292 20974596 20974337 20971778 3074802854137 880259548943 3147594059309 1747073946938 0
intel_hsw_imc ff/14.0 20972292 20974596 20974337 20971778 3942740494341 1367541667748 3488815018052 1517154052125 0
intel_hsw_imc 7f/17.1 20972292 20974596 20974337 20971778 2355703622727 746625599531 2478707413086 1336855427214 0
intel_hsw_imc 7f/17.0 20972292 20974596 20974337 20971778 2354195633912 746556674841 2477915605940 1344416772474 0
intel_hsw_imc 7f/14.0 20972292 20974596 20974337 20971778 2669515073539 878771359382 2570848737395 1081234975037 0
intel_hsw_imc 7f/14.1 20972292 20974596 20974337 20971778 2351242585891 746519816761 2461152009551 1325608097977 0
intel_hsw_imc ff/17.0 20972292 20974596 20974337 20971778 3077536535642 880376669023 3171790928765 1772639632424 0
intel_hsw_imc ff/17.1 20972292 20974596 20974337 20971778 3078592869953 880275265734 3170373920604 1759712149915 0
intel_hsw_qpi ff/08.2 6291712 6292480 6293506 6292483 3872739035503 2717405189700 10674053325192 0
intel_hsw_qpi 7f/08.2 6291712 6292480 6293506 6292483 2714475017575 3876121653677 13752438617446 0
intel_hsw_qpi 7f/09.2 6291712 6292480 6293506 6292483 2715147280869 3875909213501 12566683731776 0
intel_hsw_qpi ff/09.2 6291712 6292480 6293506 6292483 3872761788842 2716900016600 11696422631696 0
intel_hsw_r2pci 7f/10.1 20972580 20975369 20975367 20975368 4712467678 24996263499970 26987553759002 31601303520146
intel_hsw_r2pci ff/10.1 20972580 20975369 20975367 20975368 47194614 23526185671116 26277919023364 29856409516585
mem 1 82566752 31491288 51075464 11377796 38960980 180 0 50256176 12975528 82600 37540 0 0 433068 0 0 0
mem 0 82341048 8154136 74186912 16759004 55425276 616 0 71725988 39480120 461408 120344 0 0 625508 24576 0 0
net vnet23 0 0 8311157 0 0 0 0 0 0 0 0 0 65730 0 496073745 0 0 0 0 0 0 91429 0
net enp6s0f0 0 0 0 0 0 0 0 0 0 0 0 0 0 0 6606 0 0 0 0 0 0 93 0
net vnet21 0 0 11160888 0 0 0 0 0 0 0 0 0 77662 0 1150513934 0 0 0 0 0 0 132733 0
net vnet46 0 0 126839 0 0 0 0 0 0 0 0 0 543 0 70370 0 0 0 0 0 0 588 0
net vnet20 0 0 11513166 0 0 0 0 0 0 0 0 0 81584 0 1150521377 0 0 0 0 0 0 135856 0
net enp1s0f0 0 1332462 78053389879 0 0 0 0 371 0 0 371 0 81221303 0 1598741367 0 0 0 0 0 0 9066954 0
net lo 0 0 60759597 0 0 0 0 0 0 0 0 0 483378 0 60759597 0 0 0 0 0 0 483378 0
net vnet24 0 0 583459 0 0 0 0 0 0 0 0 0 7108 0 80662633 0 0 0 0 0 0 19684 0
net vnet38 0 0 438643 0 0 0 0 0 0 0 0 0 4173 0 64696736 0 0 0 0 0 0 8547 0
net virbr0 0 1346 376484766 0 0 0 0 0 0 0 0 0 5004217 0 70467584093 0 0 0 0 0 0 7228794 0
numa 1 2585707719 18927329 1008175 29040 1605615296 998585922
numa 0 2113431958 1008175 18927329 28452 1144411657 969769241
ps - 848813402 1550834 489 352 329 1 741
sysv_shm - 0 0
tmpfs /run/lock 0 6
tmpfs /run 2228224 1149
tmpfs /run/user/20029 4096 44
tmpfs /run/qemu 0 1
tmpfs /dev/shm 75714842624 271266
vfs - 298247 123385 308106
vm - 12 31087186 1313288065 520883 2496526 4714112970 4726196404 99555091 21837040 4418131337 78813 0 0 0 0 0 2714357 0 1121522 2855 0 2497875 96 0 34 0 0

1764551845.364470 0 node12.dhkim-278716.ldos-ut-pg0.wisc.cloudlab.us
block sda 510511 408452 62159773 9431399 5560546 14808905 2626576266 239015556 0 17191376 252581222
block sdb 2615 0 7504 3511 4 0 0 0 0 4252 3512
block sdc 995 0 7996 261 4 0 0 0 0 960 262
cpu 11 3368234 2 178588 24841794 167062 0 2092
cpu 10 3504639 13 159723 24790816 111335 0 1083
cpu 13 3207859 0 136389 25154149 55900 0 309
cpu 12 3270838 2 152622 25033012 100753 0 812
cpu 15 2954750 0 143880 25375572 74263 0 589
cpu 14 2918764 1 134992 25443870 51913 0 262
cpu 17 3048682 10 139727 25293097 67790 0 404
cpu 16 3006979 0 161306 25231342 145325 0 1478
cpu 19 3028852 0 165511 25226943 122824 0 1146
cpu 18 3155525 2 143301 25198868 52567 0 368
cpu 1 3379010 12 186928 24998017 62424 0 3065
cpu 0 3348963 2 170108 24971112 64248 0 976
cpu 3 3134606 2 188746 25253937 62048 0 1818
cpu 2 3038494 1 207402 25306052 84220 0 1231
cpu 5 2927930 0 152357 25467398 91004 0 3088
cpu 4 2845124 1 177908 25437005 170390 0 7315
cpu 7 3461314 0 150017 24985672 48820 0 882
cpu 6 3232343 1 139656 25210071 61247 0 2402
cpu 9 3013542 2 129821 25449200 52051 0 486
cpu 8 3149167 81 138743 25266722 53576 0 9428
intel_hsw_cbo 1/7 20971793 20972340 20975390 20972852 17216974561431 758093599299 2564151226730 460015871530
intel_hsw_cbo 1/6 20971793 20972340 20975390 20972852 16502656605241 759485998902 2418400884692 460333913407
intel_hsw_cbo 1/0 20971793 20972340 20975390 20972852 15918308784808 757817332365 2233176245609 460165736204
intel_hsw_cbo 1/4 20971793 20972340 20975390 20972852 16235890949769 760458467831 2042000244633 460122379345
intel_hsw_cbo 1/3 20971793 20972340 20975390 20972852 18867282077988 758600987606 2840227411963 460194611609
intel_hsw_cbo 1/1 20971793 20972340 20975390 20972852 16107425304715 759486500540 2352056683993 460113925462
intel_hsw_cbo 0/8 20971793 20972340 20975390 20972852 15137915439884 702573640187 2130185106040 427667999506
intel_hsw_cbo 0/9 20971793 20972340 20975390 20972852 16779539396677 701252663236 2727743898486 427728526669
intel_hsw_cbo 0/6 20971793 20972340 20975390 20972852 16691482457210 756771247311 2243971871227 463044049981
intel_hsw_cbo 0/7 20971793 20972340 20975390 20972852 18076662797340 756619081620 2428213569829 462918171032
intel_hsw_cbo 0/4 20971793 20972340 20975390 20972852 16449505450918 758086111854 2059088153985 463082703981
intel_hsw_cbo 0/5 20971793 20972340 20975390 20972852 20093876367516 753809109826 2449697394552 463238295860
intel_hsw_cbo 0/2 20971793 20972340 20975390 20972852 15998953414401 756008118080 2012448337721 462831973421
intel_hsw_cbo 0/3 20971793 20972340 20975390 20972852 20775612666465 755851863672 2747979426091 462937024075
intel_hsw_cbo 0/0 20971793 20972340 20975390 20972852 16398310730689 756076323951 2245107697256 463378601701
intel_hsw_cbo 0/1 20971793 20972340 20975390 20972852 16808926590580 757041928939 2198954694389 463122696717
intel_hsw_cbo 1/9 20971793 20972340 20975390 20972852 16472246499379 703695063216 2889748374652 425334000872
intel_hsw_cbo 1/5 20971793 20972340 20975390 20972852 18242497301233 756234023866 2550739158933 460565138650
intel_hsw_cbo 1/8 20971793 20972340 20975390 20972852 14880453315104 704742342309 2293234968243 425370396251
intel_hsw_cbo 1/2 20971793 20972340 20975390 20972852 15598933199599 758204358089 1979042743407 460269440652
intel_hsw_hau ff/12.5 20972289 20974593 20971520 20975386 6177634688632 1750857186548 107407641915799 1754824507260
intel_hsw_hau 7f/12.1 20972289 20974593 20971520 20975386 5039419338600 1612805584959 100940992993982 1617842622475
intel_hsw_hau ff/12.1 20972289 20974593 20971520 20975386 7037462055523 2232907843178 107407641959732 2239341787698
intel_hsw_hau 7f/12.5 20972289 20974593 20971520 20975386 4724888830758 1484596192506 100940994038271 1488080989058
intel_hsw_imc ff/14.1 20972292 20974596 20974337 20971778 3074803095565 880259605184 3147594170803 1747073956732 0
intel_hsw_imc ff/14.0 20972292 20974596 20974337 20971778 3942741547388 1367542037673 3488815282400 1517154088660 0
intel_hsw_imc 7f/17.1 20972292 20974596 20974337 20971778 2355704304164 746625888384 2478707917822 1336855513203 0
intel_hsw_imc 7f/17.0 20972292 20974596 20974337 20971778 2354196337378 746556986282 2477916134060 1344416859809 0
intel_hsw_imc 7f/14.0 20972292 20974596 20974337 20971778 2669516346591 878771876478 2570849443984 1081235066316 0
intel_hsw_imc 7f/14.1 20972292 20974596 20974337 20971778 2351243298429 746520138333 2461152547731 1325608185870 0
intel_hsw_imc ff/17.0 20972292 20974596 20974337 20971778 3077536776514 880376725829 3171791042083 1772639642041 0
intel_hsw_imc ff/17.1 20972292 20974596 20974337 20971778 3078593120978 880275332085 3170374043843 1759712159980 0
intel_hsw_qpi ff/08.2 6291712 6292480 6293506 6292483 3872739626842 2717406691940 10674054450840 0
intel_hsw_qpi 7f/08.2 6291712 6292480 6293506 6292483 2714476516434 3876122244817 13752440486358 0
intel_hsw_qpi 7f/09.2 6291712 6292480 6293506 6292483 2715148783020 3875909804869 12566685332472 0
intel_hsw_qpi ff/09.2 6291712 6292480 6293506 6292483 3872762379977 2716901515509 11696424176576 0
intel_hsw_r2pci 7f/10.1 20972580 20975369 20975367 20975368 4712482270 24996277641181 26987566985243 31601317195942
intel_hsw_r2pci ff/10.1 20972580 20975369 20975367 20975368 47194774 23526191788610 26277926617919 29856418518162
mem 1 82566752 31491036 51075716 11377792 38962124 196 0 50256304 12976812 83672 37468 0 0 433068 0 0 0
mem 0 82341048 8152624 74188424 16759000 55427048 640 0 71725992 39480192 463172 120424 0 0 625516 24576 0 0
net vnet23 0 0 8311157 0 0 0 0 0 0 0 0 0 65730 0 496073797 0 0 0 0 0 0 91430 0
net enp6s0f0 0 0 0 0 0 0 0 0 0 0 0 0 0 0 6606 0 0 0 0 0 0 93 0
net vnet21 0 0 11160888 0 0 0 0 0 0 0 0 0 77662 0 1150513986 0 0 0 0 0 0 132734 0
net vnet46 0 0 129975 0 0 0 0 0 0 0 0 0 560 0 74112 0 0 0 0 0 0 601 0
net vnet20 0 0 11513166 0 0 0 0 0 0 0 0 0 81584 0 1150521429 0 0 0 0 0 0 135857 0
net enp1s0f0 0 1332467 78053397478 0 0 0 0 371 0 0 371 0 81221400 0 1598745056 0 0 0 0 0 0 9066971 0
net lo 0 0 60760142 0 0 0 0 0 0 0 0 0 483382 0 60760142 0 0 0 0 0 0 483382 0
net vnet24 0 0 583459 0 0 0 0 0 0 0 0 0 7108 0 80662685 0 0 0 0 0 0 19685 0
net vnet38 0 0 438643 0 0 0 0 0 0 0 0 0 4173 0 64696788 0 0 0 0 0 0 8548 0
net virbr0 0 1346 376487664 0 0 0 0 0 0 0 0 0 5004234 0 70467587783 0 0 0 0 0 0 7228806 0
numa 1 2585709399 18927329 1008175 29040 1605616976 998585922
numa 0 2113433210 1008175 18927329 28452 1144412909 969769241
ps - 848818121 1550848 489 352 329 2 743
sysv_shm - 0 0
tmpfs /run/lock 0 6
tmpfs /run 2228224 1149
tmpfs /run/user/20029 4096 44
tmpfs /run/qemu 0 1
tmpfs /dev/shm 75714842624 271266
vfs - 298255 123425 308115
vm - 12 31087390 1313288133 520883 2496526 4714115902 4726198408 99555091 21837040 4418134968 78814 0 0 0 0 0 2714357 0 1121522 2855 0 2497875 96 0 34 0 0
