$hpcperfstats 2.4
$hostname node0.mimesys-workload.ldos-ut-pg0.wisc.cloudlab.us
$uname Linux x86_64 5.15.0-168-generic #178-Ubuntu SMP Fri Jan 9 19:05:03 UTC 2026
$uptime 29724
!block rd_ios,E rd_merges,E rd_sectors,E,U=512B rd_ticks,E,U=ms wr_ios,E wr_merges,E wr_sectors,E,U=512B wr_ticks,E,U=ms in_flight io_ticks,E,U=ms time_in_queue,E,U=ms
!cpu user,E,U=cs nice,E,U=cs system,E,U=cs idle,E,U=cs iowait,E,U=cs irq,E,U=cs softirq,E,U=cs
!ib excessive_buffer_overrun_errors,E,W=32 link_downed,E,W=32 link_error_recovery,E,W=32 local_link_integrity_errors,E,W=32 port_rcv_constraint_errors,E,W=32 port_rcv_data,E,U=4B,W=32 port_rcv_errors,E,W=32 port_rcv_packets,E,W=32 port_rcv_remote_physical_errors,E,W=32 port_rcv_switch_relay_errors,E,W=32 port_xmit_constraint_errors,E,W=32 port_xmit_data,E,U=4B,W=32 port_xmit_discards,E,W=32 port_xmit_packets,E,W=32 port_xmit_wait,E,U=ms,W=32 symbol_error,E,W=32 VL15_dropped,E,W=32
!ib_ext port_select,C counter_select,C port_xmit_data,E,U=4B port_rcv_data,E,U=4B port_xmit_pkts,E port_rcv_pkts,E port_unicast_xmit_pkts,E port_unicast_rcv_pkts,E port_multicast_xmit_pkts,E port_multicast_rcv_pkts,E
!ib_sw rx_bytes,E,U=4B rx_packets,E tx_bytes,E,U=4B tx_packets,E
!mem MemTotal,U=KB MemFree,U=KB MemUsed,U=KB Active,U=KB Inactive,U=KB Dirty,U=KB Writeback,U=KB FilePages,U=KB Mapped,U=KB AnonPages,U=KB PageTables,U=KB NFS_Unstable,U=KB Bounce,U=KB Slab,U=KB AnonHugePages,U=KB HugePages_Total HugePages_Free
!net collisions,E multicast,E rx_bytes,E,U=B rx_compressed,E rx_crc_errors,E rx_dropped,E rx_errors,E rx_fifo_errors,E rx_frame_errors,E rx_length_errors,E rx_missed_errors,E rx_over_errors,E rx_packets,E tx_aborted_errors,E tx_bytes,E,U=B tx_carrier_errors,E tx_compressed,E tx_dropped,E tx_errors,E tx_fifo_errors,E tx_heartbeat_errors,E tx_packets,E tx_window_errors,E
!numa numa_hit,E numa_miss,E numa_foreign,E interleave_hit,E local_node,E other_node,E
!ps ctxt,E processes,E load_1 load_5 load_15 nr_running nr_threads
!sysv_shm mem_used,U=B segs_used
!tmpfs bytes_used,U=B files_used
!vfs dentry_use file_use inode_use
!vm nr_anon_transparent_hugepages pgpgin,E,U=KB pgpgout,E,U=KB pswpin,E pswpout,E pgalloc_normal,E pgfree,E pgactivate,E pgdeactivate,E pgfault,E pgmajfault,E pgrefill_normal,E pgsteal_normal,E pgscan_kswapd_normal,E pgscan_direct_normal,E pginodesteal,E slabs_scanned,E kswapd_steal,E kswapd_inodesteal,E pageoutrun,E allocstall,E pgrotated,E thp_fault_alloc,E thp_fault_fallback,E thp_collapse_alloc,E thp_collapse_alloc_failed,E thp_split,E

1778474943.351238 0 node0.mimesys-workload.ldos-ut-pg0.wisc.cloudlab.us
%begin -
block sda 459452 208067 37632688 270475 2601497 17662608 864782196 12833529 2 2155268 13365739
block sdb 479 0 7540 438 4 0 0 0 0 556 439
cpu 11 166525 0 50747 2737988 6807 0 5
cpu 10 192928 0 45478 2718070 8878 0 4
cpu 13 161525 0 45786 2748221 6485 0 2
cpu 12 164808 0 44808 2746699 6936 0 1
cpu 15 163764 0 43830 2748313 6465 0 2
cpu 14 157563 0 45075 2754161 6446 0 3
cpu 17 149239 0 43989 2762847 6642 0 1
cpu 16 158640 0 42551 2756523 5872 0 1
cpu 19 129940 0 29962 2797382 6196 0 0
cpu 18 175807 0 30264 2751939 5739 0 2
cpu 1 152031 0 34197 2763639 7980 0 696
cpu 0 148477 45 32893 2743949 9645 0 1148
cpu 3 173265 0 51072 2729426 7265 0 596
cpu 2 167596 0 46790 2737734 9124 0 189
cpu 5 173422 0 51630 2730256 7189 0 453
cpu 4 167782 1 51807 2734500 7622 0 111
cpu 7 164462 0 50916 2740184 6362 0 540
cpu 6 187690 0 50990 2716373 7637 0 324
cpu 9 161134 0 50993 2740601 7648 0 376
cpu 8 156386 0 57068 2741404 6025 0 335
mem 1 99033092 97129028 1904064 130516 1154852 4 0 1098652 70920 186828 3812 0 0 174612 0 0 0
mem 0 97636988 56242080 41394908 644444 39636604 4 0 39792968 7311616 491636 25616 0 0 462516 4096 0 0
net lo 0 0 2306279 0 0 0 0 0 0 0 0 0 19326 0 2306279 0 0 0 0 0 0 19326 0
net eno1 0 147789 40323288009 0 0 340 0 0 0 0 0 0 30117563 0 1192583640 0 0 0 0 0 0 5938146 0
net vnet32 0 0 108971 0 0 0 0 0 0 0 0 0 460 0 57623 0 0 0 0 0 0 494 0
net virbr0 0 700 9959819337 0 0 0 0 0 0 0 0 0 39712156 0 38379009499 0 0 0 0 0 0 23505307 0
numa 1 96309871 18781169 10118603 29535 96265616 18825411
numa 0 98640856 10118603 18781169 29710 98639651 10119818
ps - 484658692 166034 338 227 151 3 705
sysv_shm - 0 0
tmpfs /run/lock 0 6
tmpfs /run 2080768 1098
tmpfs /run/user/20029 0 20
tmpfs /run/qemu 0 1
tmpfs /dev/shm 37614583808 105341
vfs - 133564 4424 183660
vm - 2 18820148 432391098 251909 1617408 222378377 266757832 72190760 6430895 162105317 52854 0 0 0 0 0 1811072 0 311878 5997 0 1616826 68 0 3 0 0

1778474943.399712 0 node0.mimesys-workload.ldos-ut-pg0.wisc.cloudlab.us
block sda 459454 208067 37632824 270476 2601497 17662608 864782196 12833529 0 2155268 13365740
block sdb 479 0 7540 438 4 0 0 0 0 556 439
cpu 11 166525 0 50747 2737992 6807 0 5
cpu 10 192928 0 45478 2718075 8878 0 4
cpu 13 161525 0 45786 2748226 6485 0 2
cpu 12 164809 0 44810 2746702 6936 0 1
cpu 15 163765 0 43830 2748317 6465 0 2
cpu 14 157564 0 45076 2754163 6446 0 3
cpu 17 149239 0 43989 2762851 6642 0 1
cpu 16 158642 0 42553 2756525 5872 0 1
cpu 19 129940 0 29962 2797387 6196 0 0
cpu 18 175807 0 30264 2751944 5739 0 2
cpu 1 152032 0 34197 2763642 7980 0 696
cpu 0 148478 45 32894 2743952 9645 0 1148
cpu 3 173267 0 51073 2729428 7265 0 596
cpu 2 167599 0 46790 2737736 9124 0 189
cpu 5 173423 0 51631 2730258 7189 0 453
cpu 4 167783 1 51807 2734503 7622 0 111
cpu 7 164464 0 50916 2740186 6362 0 540
cpu 6 187692 0 50990 2716374 7637 0 324
cpu 9 161134 0 50993 2740606 7648 0 376
cpu 8 156386 0 57068 2741409 6025 0 335
mem 1 99033092 97128524 1904568 130520 1157076 4 0 1098652 71924 189052 3784 0 0 174612 0 0 0
mem 0 97636988 56241576 41395412 644444 39636564 4 0 39792968 7311616 491548 25600 0 0 462516 4096 0 0
net lo 0 0 2308109 0 0 0 0 0 0 0 0 0 19338 0 2308109 0 0 0 0 0 0 19338 0
net eno1 0 147789 40323288497 0 0 340 0 0 0 0 0 0 30117568 0 1192583842 0 0 0 0 0 0 5938148 0
net vnet32 0 0 108971 0 0 0 0 0 0 0 0 0 460 0 57623 0 0 0 0 0 0 494 0
net virbr0 0 700 9959819337 0 0 0 0 0 0 0 0 0 39712156 0 38379009499 0 0 0 0 0 0 23505307 0
numa 1 96311558 18781169 10118603 29535 96267303 18825411
numa 0 98641084 10118603 18781169 29710 98639879 10119818
ps - 484659683 166044 338 227 151 10 713
sysv_shm - 0 0
tmpfs /run/lock 0 6
tmpfs /run 2080768 1098
tmpfs /run/user/20029 0 20
tmpfs /run/qemu 0 1
tmpfs /dev/shm 37614587904 105341
vfs - 133578 4424 183693
vm - 2 18820148 432391098 251909 1617408 222380314 266758656 72190763 6430895 162108341 52854 0 0 0 0 0 1811072 0 311878 5997 0 1616826 68 0 3 0 0

1778474944.441295 0 node0.mimesys-workload.ldos-ut-pg0.wisc.cloudlab.us
block sda 459455 208067 37632832 270478 2601800 17669862 865248437 12842430 0 2155964 13374644
block sdb 479 0 7540 438 4 0 0 0 0 556 439
cpu 11 166528 0 50748 2738091 6807 0 5
cpu 10 192929 0 45478 2718177 8878 0 4
cpu 13 161526 0 45787 2748326 6486 0 2
cpu 12 164810 0 44811 2746803 6936 0 1
cpu 15 163767 0 43832 2748417 6465 0 2
cpu 14 157566 0 45077 2754265 6446 0 3
cpu 17 149241 0 43990 2762947 6646 0 1
cpu 16 158642 0 42555 2756626 5872 0 1
cpu 19 129945 0 29964 2797484 6196 0 0
cpu 18 175808 0 30265 2752046 5739 0 2
cpu 1 152051 0 34200 2763704 7998 0 696
cpu 0 148544 45 32896 2743988 9645 0 1148
cpu 3 173283 0 51077 2729483 7292 0 596
cpu 2 167617 0 46793 2737799 9143 0 189
cpu 5 173438 0 51636 2730318 7213 0 453
cpu 4 167799 1 51813 2734571 7635 0 111
cpu 7 164481 0 50920 2740250 6383 0 540
cpu 6 187707 0 50995 2716437 7656 0 324
cpu 9 161134 0 50993 2740709 7648 0 376
cpu 8 156388 0 57069 2741508 6025 0 335
mem 1 99033092 97128016 1905076 131084 1156540 188 0 1098792 71044 188992 3900 0 0 174556 0 0 0
mem 0 97636988 56237292 41399696 644556 39637788 336 0 39793404 7311888 492480 25784 0 0 462516 4096 0 0
net lo 0 0 2308666 0 0 0 0 0 0 0 0 0 19342 0 2308666 0 0 0 0 0 0 19342 0
net eno1 0 147800 40323295460 0 0 340 0 0 0 0 0 0 30117676 0 1192585111 0 0 0 0 0 0 5938153 0
net vnet32 0 0 112107 0 0 0 0 0 0 0 0 0 477 0 61313 0 0 0 0 0 0 506 0
net virbr0 0 700 9959822235 0 0 0 0 0 0 0 0 0 39712173 0 38379013189 0 0 0 0 0 0 23505319 0
numa 1 96317464 18781169 10118603 29535 96273209 18825411
numa 0 98643371 10118603 18781169 29710 98642166 10119818
ps - 484668138 166136 327 226 152 4 740
sysv_shm - 0 0
tmpfs /run/lock 0 6
tmpfs /run 2080768 1098
tmpfs /run/user/20029 0 20
tmpfs /run/qemu 0 1
tmpfs /dev/shm 37614600192 105341
vfs - 133576 4504 183922
vm - 2 18820152 432624218 251909 1617408 222388521 266766731 72190854 6430895 162119663 52854 0 0 0 0 0 1811072 0 311878 5997 0 1616826 68 0 3 0 0

1778474945.480571 0 node0.mimesys-workload.ldos-ut-pg0.wisc.cloudlab.us
block sda 459459 208070 37632980 270480 2601800 17669862 865248437 12842430 0 2155976 13374646
block sdb 479 0 7540 438 4 0 0 0 0 556 439
cpu 11 166534 0 50751 2738186 6807 0 5
cpu 10 192930 0 45480 2718278 8878 0 4
cpu 13 161528 0 45788 2748426 6486 0 2
cpu 12 164812 0 44812 2746903 6936 0 1
cpu 15 163769 0 43833 2748517 6465 0 2
cpu 14 157570 0 45079 2754362 6446 0 3
cpu 17 149242 0 43992 2763048 6646 0 1
cpu 16 158646 0 42558 2756725 5872 0 1
cpu 19 129947 0 29967 2797583 6196 0 0
cpu 18 175811 0 30267 2752146 5739 0 2
cpu 1 152070 0 34204 2763783 7998 0 696
cpu 0 148576 45 32900 2744055 9645 0 1148
cpu 3 173321 0 51078 2729547 7292 0 596
cpu 2 167638 0 46796 2737876 9143 0 189
cpu 5 173466 0 51638 2730392 7213 0 453
cpu 4 167815 1 51814 2734656 7635 0 111
cpu 7 164510 0 50922 2740323 6383 0 540
cpu 6 187737 0 50998 2716506 7656 0 324
cpu 9 161134 0 50993 2740812 7648 0 376
cpu 8 156388 0 57069 2741612 6025 0 335
mem 1 99033092 97125272 1907820 131152 1155864 200 0 1098796 70376 188288 3904 0 0 174652 0 0 0
mem 0 97636988 56237040 41399948 644652 39637192 376 0 39793408 7311992 491868 25776 0 0 462516 4096 0 0
net lo 0 0 2309833 0 0 0 0 0 0 0 0 0 19350 0 2309833 0 0 0 0 0 0 19350 0
net eno1 0 147800 40323302091 0 0 340 0 0 0 0 0 0 30117777 0 1192585623 0 0 0 0 0 0 5938158 0
net vnet32 0 0 118935 0 0 0 0 0 0 0 0 0 514 0 67355 0 0 0 0 0 0 537 0
net virbr0 0 700 9959828545 0 0 0 0 0 0 0 0 0 39712210 0 38379019179 0 0 0 0 0 0 23505349 0
numa 1 96325553 18781169 10118603 29535 96281298 18825411
numa 0 98643909 10118603 18781169 29710 98642704 10119818
ps - 484678725 166201 327 226 152 4 741
sysv_shm - 0 0
tmpfs /run/lock 0 6
tmpfs /run 2080768 1098
tmpfs /run/user/20029 0 20
tmpfs /run/qemu 0 1
tmpfs /dev/shm 37614620672 105347
vfs - 133574 4744 183900
vm - 2 18820226 432624218 251913 1617408 222397113 266775643 72190891 6430895 162132895 52854 0 0 0 0 0 1811072 0 311878 5997 0 1616826 68 0 3 0 0

1778474946.516567 0 node0.mimesys-workload.ldos-ut-pg0.wisc.cloudlab.us
block sda 459459 208070 37632980 270480 2601800 17669862 865248437 12842430 0 2155976 13374646
block sdb 479 0 7540 438 4 0 0 0 0 556 439
cpu 11 166537 0 50752 2738287 6807 0 5
cpu 10 192930 0 45482 2718379 8878 0 4
cpu 13 161529 0 45790 2748527 6486 0 2
cpu 12 164813 0 44814 2747004 6936 0 1
cpu 15 163772 0 43836 2748617 6465 0 2
cpu 14 157571 0 45082 2754461 6446 0 3
cpu 17 149243 0 43992 2763150 6646 0 1
cpu 16 158647 0 42558 2756826 5872 0 1
cpu 19 129948 0 29970 2797683 6196 0 0
cpu 18 175812 0 30268 2752248 5739 0 2
cpu 1 152118 0 34207 2763837 7998 0 696
cpu 0 148611 45 32902 2744121 9645 0 1148
cpu 3 173330 0 51083 2729632 7292 0 596
cpu 2 167683 0 46798 2737933 9143 0 189
cpu 5 173484 0 51644 2730470 7213 0 453
cpu 4 167852 1 51819 2734717 7635 0 111
cpu 7 164590 0 50934 2740334 6383 0 540
cpu 6 187798 0 50999 2716547 7656 0 324
cpu 9 161134 0 50994 2740916 7648 0 376
cpu 8 156391 0 57070 2741712 6025 0 335
mem 1 99033092 97124800 1908292 131204 1157272 204 0 1098796 71464 190280 3980 0 0 174688 0 0 0
mem 0 97636988 56236788 41400200 644684 39637764 392 0 39793496 7311992 492424 26364 0 0 462504 4096 0 0
net lo 0 0 2311000 0 0 0 0 0 0 0 0 0 19358 0 2311000 0 0 0 0 0 0 19358 0
net eno1 0 147807 40323308788 0 0 340 0 0 0 0 0 0 30117879 0 1192586987 0 0 0 0 0 0 5938165 0
net vnet32 0 0 118935 0 0 0 0 0 0 0 0 0 514 0 67407 0 0 0 0 0 0 538 0
net virbr0 0 700 9959828545 0 0 0 0 0 0 0 0 0 39712210 0 38379019179 0 0 0 0 0 0 23505349 0
numa 1 96332047 18781169 10118603 29535 96287792 18825411
numa 0 98644605 10118603 18781169 29710 98643400 10119818
ps - 484690614 166258 327 226 152 4 745
sysv_shm - 0 0
tmpfs /run/lock 0 6
tmpfs /run 2080768 1098
tmpfs /run/user/20029 0 20
tmpfs /run/qemu 0 1
tmpfs /dev/shm 37614620672 105347
vfs - 133585 4864 183911
vm - 2 18820226 432624218 251913 1617408 222404315 266781733 72190926 6430895 162144719 52854 0 0 0 0 0 1811072 0 311878 5997 0 1616826 68 0 3 0 0

1778474947.553181 0 node0.mimesys-workload.ldos-ut-pg0.wisc.cloudlab.us
block sda 459462 208070 37633100 270481 2601825 17669880 865248781 12842445 0 2155984 13374661
block sdb 479 0 7540 438 4 0 0 0 0 556 439
cpu 11 166538 0 50753 2738388 6807 0 5
cpu 10 192932 0 45482 2718481 8878 0 4
cpu 13 161531 0 45791 2748627 6486 0 2
cpu 12 164814 0 44817 2747105 6936 0 1
cpu 15 163773 0 43839 2748717 6465 0 2
cpu 14 157573 0 45084 2754560 6446 0 3
cpu 17 149244 0 43992 2763252 6646 0 1
cpu 16 158648 0 42560 2756926 5872 0 1
cpu 19 129950 0 29972 2797783 6196 0 0
cpu 18 175813 0 30269 2752350 5739 0 2
cpu 1 152151 0 34212 2763900 7998 0 697
cpu 0 148637 45 32906 2744194 9645 0 1148
cpu 3 173374 0 51088 2729687 7292 0 596
cpu 2 167709 0 46799 2738007 9143 0 189
cpu 5 173526 0 51647 2730529 7213 0 453
cpu 4 167890 1 51822 2734780 7635 0 111
cpu 7 164625 0 50940 2740399 6383 0 540
cpu 6 187823 0 51000 2716623 7656 0 324
cpu 9 161134 0 50994 2741019 7648 0 376
cpu 8 156392 0 57073 2741811 6025 0 335
mem 1 99033092 97125052 1908040 131692 1154380 136 0 1098800 70140 187356 3812 0 0 174688 0 0 0
mem 0 97636988 56236536 41400452 644960 39637708 272 0 39793572 7312068 492632 26612 0 0 462488 4096 0 0
net lo 0 0 2311557 0 0 0 0 0 0 0 0 0 19362 0 2311557 0 0 0 0 0 0 19362 0
net eno1 0 147807 40323314791 0 0 340 0 0 0 0 0 0 30117971 0 1192588216 0 0 0 0 0 0 5938170 0
net vnet32 0 0 123939 0 0 0 0 0 0 0 0 0 541 0 72095 0 0 0 0 0 0 559 0
net virbr0 0 700 9959833171 0 0 0 0 0 0 0 0 0 39712237 0 38379023867 0 0 0 0 0 0 23505370 0
numa 1 96338127 18781169 10118603 29535 96293872 18825411
numa 0 98645268 10118603 18781169 29710 98644063 10119818
ps - 484702446 166313 327 226 152 5 741
sysv_shm - 0 0
tmpfs /run/lock 0 6
tmpfs /run 2080768 1098
tmpfs /run/user/20029 0 20
tmpfs /run/qemu 0 1
tmpfs /dev/shm 37614620672 105347
vfs - 133579 4784 183922
vm - 2 18820286 432624390 251913 1617408 222411046 266789312 72191222 6430895 162156271 52855 0 0 0 0 0 1811072 0 311878 5997 0 1616826 68 0 3 0 0

1778474948.593765 0 node0.mimesys-workload.ldos-ut-pg0.wisc.cloudlab.us
block sda 459462 208070 37633100 270481 2601931 17669899 865250605 12842461 0 2156000 13374678
block sdb 479 0 7540 438 4 0 0 0 0 556 439
cpu 11 166541 0 50756 2738487 6807 0 5
cpu 10 192932 0 45484 2718582 8878 0 4
cpu 13 161532 0 45792 2748729 6486 0 2
cpu 12 164815 0 44817 2747207 6936 0 1
cpu 15 163773 0 43839 2748820 6465 0 2
cpu 14 157576 0 45087 2754658 6446 0 3
cpu 17 149245 0 43993 2763354 6646 0 1
cpu 16 158648 0 42561 2757029 5872 0 1
cpu 19 129952 0 29974 2797883 6196 0 0
cpu 18 175814 0 30270 2752450 5740 0 2
cpu 1 152180 0 34216 2763970 7998 0 697
cpu 0 148664 45 32909 2744267 9645 0 1148
cpu 3 173388 0 51091 2729773 7292 0 596
cpu 2 167722 0 46801 2738094 9143 0 189
cpu 5 173550 0 51647 2730607 7213 0 453
cpu 4 167914 1 51828 2734855 7635 0 111
cpu 7 164635 0 50941 2740493 6383 0 540
cpu 6 187847 0 51001 2716703 7656 0 324
cpu 9 161134 0 50994 2741122 7648 0 376
cpu 8 156392 0 57074 2741914 6025 0 335
mem 1 99033092 97123628 1909464 132052 1155128 44 0 1098812 71244 188476 3808 0 0 174624 0 0 0
mem 0 97636988 56234772 41402216 645240 39637672 52 0 39793640 7312024 492848 26852 0 0 462456 4096 0 0
net lo 0 0 2312724 0 0 0 0 0 0 0 0 0 19370 0 2312724 0 0 0 0 0 0 19370 0
net eno1 0 147817 40323321782 0 0 340 0 0 0 0 0 0 30118078 0 1192588728 0 0 0 0 0 0 5938175 0
net vnet32 0 0 127075 0 0 0 0 0 0 0 0 0 558 0 75837 0 0 0 0 0 0 572 0
net virbr0 0 700 9959836069 0 0 0 0 0 0 0 0 0 39712254 0 38379027557 0 0 0 0 0 0 23505382 0
numa 1 96344201 18781169 10118603 29535 96299946 18825411
numa 0 98646770 10118603 18781169 29710 98645565 10119818
ps - 484710973 166371 325 227 152 6 741
sysv_shm - 0 0
tmpfs /run/lock 0 6
tmpfs /run 2080768 1098
tmpfs /run/user/20029 0 20
tmpfs /run/qemu 0 1
tmpfs /dev/shm 37614624768 105347
vfs - 133577 4624 183892
vm - 2 18820286 432625302 251913 1617408 222418623 266796533 72191254 6430895 162168194 52855 0 0 0 0 0 1811072 0 311878 5997 0 1616826 68 0 3 0 0

1778474949.633759 0 node0.mimesys-workload.ldos-ut-pg0.wisc.cloudlab.us
block sda 459462 208070 37633100 270481 2601997 17671590 865306517 12842726 0 2156100 13374943
block sdb 479 0 7540 438 4 0 0 0 0 556 439
cpu 11 166542 0 50758 2738588 6807 0 5
cpu 10 192934 0 45485 2718684 8878 0 4
cpu 13 161533 0 45794 2748831 6486 0 2
cpu 12 164816 0 44819 2747309 6936 0 1
cpu 15 163774 0 43840 2748922 6465 0 2
cpu 14 157577 0 45088 2754760 6446 0 3
cpu 17 149246 0 43994 2763454 6646 0 1
cpu 16 158649 0 42562 2757130 5872 0 1
cpu 19 129954 0 29978 2797982 6196 0 0
cpu 18 175816 0 30272 2752552 5740 0 2
cpu 1 152214 0 34219 2764038 7998 0 697
cpu 0 148751 45 32918 2744275 9645 0 1148
cpu 3 173452 0 51092 2729812 7292 0 596
cpu 2 167754 0 46803 2738163 9143 0 189
cpu 5 173607 0 51649 2730652 7213 0 453
cpu 4 167930 1 51832 2734934 7638 0 111
cpu 7 164654 0 50943 2740572 6385 0 540
cpu 6 187903 0 51001 2716749 7657 0 324
cpu 9 161134 0 50994 2741226 7648 0 376
cpu 8 156394 0 57076 2742014 6025 0 335
mem 1 99033092 97122372 1910720 132128 1154760 104 0 1098816 70172 188252 4028 0 0 174688 0 0 0
mem 0 97636988 56234296 41402692 645276 39636928 176 0 39793672 7312088 492012 26900 0 0 462480 4096 0 0
net lo 0 0 2313281 0 0 0 0 0 0 0 0 0 19374 0 2313281 0 0 0 0 0 0 19374 0
net eno1 0 147817 40323327623 0 0 340 0 0 0 0 0 0 30118162 0 1192590157 0 0 0 0 0 0 5938182 0
net vnet32 0 0 128943 0 0 0 0 0 0 0 0 0 568 0 76835 0 0 0 0 0 0 581 0
net virbr0 0 700 9959837797 0 0 0 0 0 0 0 0 0 39712264 0 38379028555 0 0 0 0 0 0 23505391 0
numa 1 96349967 18781169 10118603 29535 96305712 18825411
numa 0 98647210 10118603 18781169 29710 98646005 10119818
ps - 484723460 166424 325 227 152 4 741
sysv_shm - 0 0
tmpfs /run/lock 0 6
tmpfs /run 2080768 1098
tmpfs /run/user/20029 0 20
tmpfs /run/qemu 0 1
tmpfs /dev/shm 37614624768 105347
vfs - 133575 4784 183890
vm - 2 18820286 432653258 251913 1617408 222424828 266803058 72191270 6430895 162178174 52855 0 0 0 0 0 1811072 0 311878 5997 0 1616826 68 0 3 0 0

1778474950.665533 0 node0.mimesys-workload.ldos-ut-pg0.wisc.cloudlab.us
block sda 459462 208070 37633100 270481 2601997 17671590 865306517 12842726 0 2156100 13374943
block sdb 479 0 7540 438 4 0 0 0 0 556 439
cpu 11 166543 0 50760 2738687 6807 0 5
cpu 10 192936 0 45487 2718782 8878 0 4
cpu 13 161535 0 45796 2748929 6486 0 2
cpu 12 164817 0 44821 2747409 6936 0 1
cpu 15 163774 0 43842 2749023 6465 0 2
cpu 14 157578 0 45091 2754860 6446 0 3
cpu 17 149246 0 43996 2763555 6646 0 1
cpu 16 158650 0 42564 2757230 5872 0 1
cpu 19 129954 0 29979 2798083 6196 0 0
cpu 18 175816 0 30274 2752653 5740 0 2
cpu 1 152250 0 34220 2764103 7998 0 697
cpu 0 148785 45 32924 2744337 9645 0 1148
cpu 3 173480 0 51094 2729882 7292 0 596
cpu 2 167780 0 46806 2738239 9143 0 189
cpu 5 173656 0 51656 2730698 7213 0 453
cpu 4 167972 1 51832 2734993 7638 0 111
cpu 7 164685 0 50946 2740640 6385 0 540
cpu 6 187946 0 51005 2716804 7657 0 324
cpu 9 161134 0 50994 2741329 7648 0 376
cpu 8 156395 0 57080 2742112 6025 0 335
mem 1 99033092 97120864 1912228 132164 1153964 128 0 1098816 70388 187412 3608 0 0 174696 0 0 0
mem 0 97636988 56232280 41404708 645320 39637728 220 0 39793672 7312088 492824 27140 0 0 462528 4096 0 0
net lo 0 0 2314448 0 0 0 0 0 0 0 0 0 19382 0 2314448 0 0 0 0 0 0 19382 0
net eno1 0 147827 40323334500 0 0 340 0 0 0 0 0 0 30118267 0 1192591455 0 0 0 0 0 0 5938188 0
net vnet32 0 0 133749 0 0 0 0 0 0 0 0 0 592 0 81575 0 0 0 0 0 0 603 0
net virbr0 0 700 9959842267 0 0 0 0 0 0 0 0 0 39712288 0 38379033243 0 0 0 0 0 0 23505412 0
numa 1 96356179 18781169 10118603 29535 96311924 18825411
numa 0 98648786 10118603 18781169 29710 98647581 10119818
ps - 484734826 166483 325 227 152 3 741
sysv_shm - 0 0
tmpfs /run/lock 0 6
tmpfs /run 2080768 1098
tmpfs /run/user/20029 0 20
tmpfs /run/qemu 0 1
tmpfs /dev/shm 37614624768 105347
vfs - 133579 4824 183922
vm - 2 18820286 432653258 251913 1617408 222432617 266810778 72191289 6430895 162191410 52855 0 0 0 0 0 1811072 0 311878 5997 0 1616826 68 0 3 0 0

1778474951.706174 0 node0.mimesys-workload.ldos-ut-pg0.wisc.cloudlab.us
block sda 459462 208070 37633100 270481 2601998 17671590 865306581 12842727 0 2156104 13374943
block sdb 479 0 7540 438 4 0 0 0 0 556 439
cpu 11 166544 0 50764 2738787 6807 0 5
cpu 10 192937 0 45488 2718884 8878 0 4
cpu 13 161538 0 45800 2749025 6486 0 2
cpu 12 164818 0 44822 2747510 6936 0 1
cpu 15 163774 0 43843 2749125 6465 0 2
cpu 14 157579 0 45092 2754962 6446 0 3
cpu 17 149248 0 43998 2763655 6646 0 1
cpu 16 158650 0 42565 2757333 5872 0 1
cpu 19 129954 0 29981 2798185 6196 0 0
cpu 18 175818 0 30274 2752755 5740 0 2
cpu 1 152267 0 34224 2764185 7998 0 698
cpu 0 148795 45 32925 2744426 9645 0 1148
cpu 3 173514 0 51102 2729943 7292 0 596
cpu 2 167801 0 46806 2738323 9143 0 189
cpu 5 173673 0 51658 2730784 7213 0 453
cpu 4 167987 1 51834 2735083 7638 0 111
cpu 7 164692 0 50947 2740734 6385 0 540
cpu 6 187958 0 51008 2716891 7657 0 324
cpu 9 161134 0 50995 2741432 7648 0 376
cpu 8 156396 0 57080 2742215 6025 0 335
mem 1 99033092 97121368 1911724 132204 1156184 148 0 1098820 71068 188880 4120 0 0 174760 0 0 0
mem 0 97636988 56231272 41405716 645368 39637284 232 0 39793672 7312092 492464 27208 0 0 462528 4096 0 0
net lo 0 0 2315615 0 0 0 0 0 0 0 0 0 19390 0 2315615 0 0 0 0 0 0 19390 0
net eno1 0 147827 40323340909 0 0 340 0 0 0 0 0 0 30118359 0 1192591967 0 0 0 0 0 0 5938193 0
net vnet32 0 0 135209 0 0 0 0 0 0 0 0 0 597 0 83491 0 0 0 0 0 0 608 0
net virbr0 0 700 9959843709 0 0 0 0 0 0 0 0 0 39712294 0 38379035273 0 0 0 0 0 0 23505418 0
numa 1 96362286 18781169 10118603 29535 96318031 18825411
numa 0 98650153 10118603 18781169 29710 98648948 10119818
ps - 484742935 166541 325 227 152 5 741
sysv_shm - 0 0
tmpfs /run/lock 0 6
tmpfs /run 2080768 1098
tmpfs /run/user/20029 0 20
tmpfs /run/qemu 0 1
tmpfs /dev/shm 37614624768 105347
vfs - 133577 4584 183892
vm - 2 18820286 432653290 251913 1617408 222440090 266817911 72191308 6430895 162203255 52855 0 0 0 0 0 1811072 0 311878 5997 0 1616826 68 0 3 0 0

1778474952.748168 0 node0.mimesys-workload.ldos-ut-pg0.wisc.cloudlab.us
block sda 459462 208070 37633100 270481 2601999 17671590 865306645 12842727 0 2156108 13374944
block sdb 479 0 7540 438 4 0 0 0 0 556 439
cpu 11 166546 0 50767 2738887 6807 0 5
cpu 10 192938 0 45489 2718986 8878 0 4
cpu 13 161539 0 45801 2749127 6486 0 2
cpu 12 164820 0 44823 2747611 6936 0 1
cpu 15 163775 0 43845 2749227 6465 0 2
cpu 14 157580 0 45094 2755063 6446 0 3
cpu 17 149253 0 43999 2763753 6646 0 1
cpu 16 158651 0 42567 2757436 5872 0 1
cpu 19 129956 0 29983 2798286 6196 0 0
cpu 18 175818 0 30275 2752857 5740 0 2
cpu 1 152330 0 34225 2764226 7998 0 698
cpu 0 148842 45 32935 2744474 9645 0 1148
cpu 3 173556 0 51109 2729996 7292 0 596
cpu 2 167839 0 46808 2738384 9143 0 189
cpu 5 173704 0 51661 2730855 7213 0 453
cpu 4 168037 1 51836 2735136 7638 0 111
cpu 7 164742 0 50953 2740783 6385 0 540
cpu 6 187990 0 51013 2716962 7657 0 324
cpu 9 161135 0 50995 2741536 7648 0 376
cpu 8 156398 0 57082 2742315 6025 0 335
mem 1 99033092 97121648 1911444 132208 1154024 156 0 1098820 70124 187568 3876 0 0 174728 0 0 0
mem 0 97636988 56231020 41405968 645360 39637360 244 0 39793704 7312184 492456 27160 0 0 462480 4096 0 0
net lo 0 0 2316172 0 0 0 0 0 0 0 0 0 19394 0 2316172 0 0 0 0 0 0 19394 0
net eno1 0 147836 40323346612 0 0 340 0 0 0 0 0 0 30118446 0 1192593444 0 0 0 0 0 0 5938200 0
net vnet32 0 0 138819 0 0 0 0 0 0 0 0 0 620 0 86315 0 0 0 0 0 0 625 0
net virbr0 0 700 9959846945 0 0 0 0 0 0 0 0 0 39712316 0 38379037931 0 0 0 0 0 0 23505433 0
numa 1 96367746 18781169 10118603 29535 96323491 18825411
numa 0 98650837 10118603 18781169 29710 98649632 10119818
ps - 484755838 166594 325 227 152 3 741
sysv_shm - 0 0
tmpfs /run/lock 0 6
tmpfs /run 2080768 1098
tmpfs /run/user/20029 0 20
tmpfs /run/qemu 0 1
tmpfs /dev/shm 37614624768 105347
vfs - 133575 4784 183891
vm - 2 18820286 432653322 251913 1617408 222446234 266824388 72191309 6430895 162213058 52855 0 0 0 0 0 1811072 0 311878 5997 0 1616826 68 0 3 0 0

1778474953.786360 0 node0.mimesys-workload.ldos-ut-pg0.wisc.cloudlab.us
block sda 459462 208070 37633100 270481 2602012 17671613 865307477 12842729 0 2156120 13374946
block sdb 479 0 7540 438 4 0 0 0 0 556 439
cpu 11 166546 0 50770 2738988 6807 0 5
cpu 10 192941 0 45492 2719084 8878 0 4
cpu 13 161542 0 45805 2749225 6486 0 2
cpu 12 164823 0 44826 2747709 6936 0 1
cpu 15 163776 0 43846 2749329 6465 0 2
cpu 14 157582 0 45095 2755163 6446 0 3
cpu 17 149255 0 44000 2763854 6646 0 1
cpu 16 158652 0 42568 2757538 5872 0 1
cpu 19 129960 0 29986 2798382 6196 0 0
cpu 18 175819 0 30276 2752959 5740 0 2
cpu 1 152356 0 34228 2764298 7998 0 698
cpu 0 148862 45 32938 2744557 9645 0 1148
cpu 3 173605 0 51113 2730049 7292 0 596
cpu 2 167879 0 46810 2738449 9143 0 189
cpu 5 173755 0 51666 2730903 7213 0 453
cpu 4 168070 1 51836 2735208 7638 0 111
cpu 7 164770 0 50956 2740857 6385 0 540
cpu 6 188018 0 51016 2717034 7657 0 324
cpu 9 161135 0 50995 2741639 7648 0 376
cpu 8 156400 0 57084 2742415 6025 0 335
mem 1 99033092 97121676 1911416 132216 1156004 168 0 1098828 70844 189488 4012 0 0 174720 0 0 0
mem 0 97636988 56230768 41406220 645360 39636880 308 0 39793704 7312184 491960 27228 0 0 462488 4096 0 0
net lo 0 0 2317339 0 0 0 0 0 0 0 0 0 19402 0 2317339 0 0 0 0 0 0 19402 0
net eno1 0 147836 40323352235 0 0 340 0 0 0 0 0 0 30118530 0 1192594792 0 0 0 0 0 0 5938207 0
net vnet32 0 0 142054 0 0 0 0 0 0 0 0 0 638 0 90121 0 0 0 0 0 0 638 0
net virbr0 0 700 9959849928 0 0 0 0 0 0 0 0 0 39712334 0 38379041737 0 0 0 0 0 0 23505446 0
numa 1 96375099 18781169 10118603 29535 96330844 18825411
numa 0 98651119 10118603 18781169 29710 98649914 10119818
ps - 484765894 166652 355 235 155 6 741
sysv_shm - 0 0
tmpfs /run/lock 0 6
tmpfs /run 2080768 1098
tmpfs /run/user/20029 0 20
tmpfs /run/qemu 0 1
tmpfs /dev/shm 37614624768 105347
vfs - 133582 4784 183933
vm - 2 18820286 432653738 251913 1617408 222453870 266831625 72191313 6430895 162225327 52855 0 0 0 0 0 1811072 0 311878 5997 0 1616826 68 0 3 0 0

1778474954.825988 0 node0.mimesys-workload.ldos-ut-pg0.wisc.cloudlab.us
block sda 459463 208070 37633108 270483 2602251 17673163 865491853 12844017 0 2156408 13376237
block sdb 479 0 7540 438 4 0 0 0 0 556 439
cpu 11 166548 0 50772 2739089 6807 0 5
cpu 10 192942 0 45496 2719184 8878 0 4
cpu 13 161542 0 45806 2749327 6486 0 2
cpu 12 164824 0 44828 2747810 6936 0 1
cpu 15 163776 0 43846 2749432 6465 0 2
cpu 14 157583 0 45096 2755264 6447 0 3
cpu 17 149256 0 44002 2763955 6646 0 1
cpu 16 158654 0 42568 2757640 5872 0 1
cpu 19 129962 0 29989 2798482 6196 0 0
cpu 18 175820 0 30276 2753061 5740 0 2
cpu 1 152434 0 34233 2764319 7998 0 698
cpu 0 148873 45 32941 2744639 9652 0 1148
cpu 3 173658 0 51114 2730099 7293 0 596
cpu 2 167920 0 46812 2738503 9147 0 189
cpu 5 173784 0 51668 2730964 7224 0 453
cpu 4 168109 1 51836 2735263 7645 0 111
cpu 7 164799 0 50959 2740923 6391 0 540
cpu 6 188038 0 51020 2717105 7664 0 324
cpu 9 161135 0 50996 2741743 7648 0 376
cpu 8 156400 0 57084 2742519 6025 0 335
mem 1 99033092 97122432 1910660 132500 1154280 60 0 1098848 70124 188464 3824 0 0 174720 0 0 0
mem 0 97636988 56231524 41405464 645400 39636796 88 0 39793728 7312184 491908 27340 0 0 462488 4096 0 0
net lo 0 0 2317896 0 0 0 0 0 0 0 0 0 19406 0 2317896 0 0 0 0 0 0 19406 0
net eno1 0 147849 40323358652 0 0 340 0 0 0 0 0 0 30118629 0 1192595137 0 0 0 0 0 0 5938210 0
net vnet32 0 0 143922 0 0 0 0 0 0 0 0 0 648 0 91171 0 0 0 0 0 0 648 0
net virbr0 0 700 9959851656 0 0 0 0 0 0 0 0 0 39712344 0 38379042735 0 0 0 0 0 0 23505455 0
numa 1 96380916 18781169 10118603 29535 96336661 18825411
numa 0 98651583 10118603 18781169 29710 98650378 10119818
ps - 484777584 166707 355 235 155 4 736
sysv_shm - 0 0
tmpfs /run/lock 0 6
tmpfs /run 2080768 1098
tmpfs /run/user/20029 0 20
tmpfs /run/qemu 0 1
tmpfs /dev/shm 37614624768 105347
vfs - 133575 4784 183861
vm - 2 18820290 432749954 251913 1617408 222460152 266838266 72191390 6430895 162235540 52855 0 0 0 0 0 1811072 0 311878 5997 0 1616826 68 0 3 0 0

1778474955.865952 0 node0.mimesys-workload.ldos-ut-pg0.wisc.cloudlab.us
block sda 459469 208100 37633444 270486 2602451 17676365 865716173 12847825 0 2156744 13380048
block sdb 479 0 7540 438 4 0 0 0 0 556 439
cpu 11 166550 0 50776 2739186 6807 0 5
cpu 10 192948 0 45498 2719280 8878 0 4
cpu 13 161543 0 45808 2749428 6486 0 3
cpu 12 164825 0 44830 2747910 6936 0 1
cpu 15 163776 0 43849 2749533 6465 0 2
cpu 14 157583 0 45098 2755366 6447 0 3
cpu 17 149257 0 44004 2764056 6646 0 1
cpu 16 158654 0 42570 2757741 5872 0 1
cpu 19 129962 0 29991 2798583 6196 0 0
cpu 18 175824 0 30280 2753156 5740 0 2
cpu 1 152482 0 34235 2764359 8011 0 699
cpu 0 148924 45 32943 2744685 9656 0 1148
cpu 3 173710 0 51119 2730133 7309 0 596
cpu 2 167982 0 46819 2738527 9156 0 189
cpu 5 173815 0 51669 2731025 7233 0 453
cpu 4 168140 1 51840 2735322 7658 0 111
cpu 7 164832 0 50963 2740981 6397 0 540
cpu 6 188083 0 51024 2717153 7668 0 324
cpu 9 161135 0 50996 2741847 7648 0 376
cpu 8 156401 0 57086 2742619 6025 0 335
mem 1 99033092 97122432 1910660 132560 1154044 140 0 1098892 70560 187856 4068 0 0 174728 0 0 0
mem 0 97636988 56231776 41405212 645612 39637268 260 0 39793924 7312244 492376 27312 0 0 462448 4096 0 0
net lo 0 0 2319619 0 0 0 0 0 0 0 0 0 19420 0 2319619 0 0 0 0 0 0 19420 0
net eno1 0 147849 40323365381 0 0 340 0 0 0 0 0 0 30118727 0 1192596752 0 0 0 0 0 0 5938219 0
net vnet32 0 0 148926 0 0 0 0 0 0 0 0 0 675 0 95859 0 0 0 0 0 0 669 0
net virbr0 0 700 9959856282 0 0 0 0 0 0 0 0 0 39712371 0 38379047423 0 0 0 0 0 0 23505476 0
numa 1 96388727 18781169 10118603 29535 96344472 18825411
numa 0 98652578 10118603 18781169 29710 98651373 10119818
ps - 484790407 166776 355 235 155 5 741
sysv_shm - 0 0
tmpfs /run/lock 0 6
tmpfs /run 2080768 1098
tmpfs /run/user/20029 0 20
tmpfs /run/qemu 0 1
tmpfs /dev/shm 37614624768 105347
vfs - 133574 4784 183895
vm - 2 18820458 432858086 251913 1617408 222468959 266847015 72191406 6430895 162248578 52856 0 0 0 0 0 1811072 0 311878 5997 0 1616826 68 0 3 0 0

1778474956.906214 0 node0.mimesys-workload.ldos-ut-pg0.wisc.cloudlab.us
block sda 459469 208100 37633444 270486 2602451 17676365 865716173 12847825 0 2156744 13380048
block sdb 479 0 7540 438 4 0 0 0 0 556 439
cpu 11 166556 0 50778 2739282 6807 0 5
cpu 10 192950 0 45501 2719379 8878 0 4
cpu 13 161545 0 45809 2749529 6486 0 3
cpu 12 164826 0 44833 2748010 6936 0 1
cpu 15 163777 0 43850 2749635 6465 0 2
cpu 14 157585 0 45100 2755467 6447 0 3
cpu 17 149258 0 44005 2764158 6646 0 1
cpu 16 158655 0 42572 2757842 5872 0 1
cpu 19 129964 0 29993 2798682 6196 0 0
cpu 18 175825 0 30281 2753258 5740 0 2
cpu 1 152567 0 34236 2764377 8011 0 699
cpu 0 148960 45 32946 2744750 9656 0 1148
cpu 3 173741 0 51119 2730204 7309 0 596
cpu 2 168002 0 46819 2738609 9156 0 189
cpu 5 173875 0 51670 2731068 7233 0 453
cpu 4 168160 1 51843 2735402 7658 0 112
cpu 7 164896 0 50968 2741016 6397 0 540
cpu 6 188119 0 51032 2717215 7668 0 324
cpu 9 161135 0 50996 2741950 7648 0 376
cpu 8 156403 0 57089 2742719 6025 0 335
mem 1 99033092 97122936 1910156 132560 1155560 144 0 1098896 70576 189700 3800 0 0 174640 0 0 0
mem 0 97636988 56231776 41405212 645612 39637052 280 0 39794056 7312324 492152 27296 0 0 462472 4096 0 0
net lo 0 0 2320786 0 0 0 0 0 0 0 0 0 19428 0 2320786 0 0 0 0 0 0 19428 0
net eno1 0 147859 40323371358 0 0 340 0 0 0 0 0 0 30118817 0 1192597978 0 0 0 0 0 0 5938225 0
net vnet32 0 0 152062 0 0 0 0 0 0 0 0 0 692 0 99601 0 0 0 0 0 0 682 0
net virbr0 0 700 9959859180 0 0 0 0 0 0 0 0 0 39712388 0 38379051113 0 0 0 0 0 0 23505488 0
numa 1 96395773 18781169 10118603 29535 96351518 18825411
numa 0 98653171 10118603 18781169 29710 98651966 10119818
ps - 484799615 166834 355 235 155 7 741
sysv_shm - 0 0
tmpfs /run/lock 0 6
tmpfs /run 2080768 1098
tmpfs /run/user/20029 0 20
tmpfs /run/qemu 0 1
tmpfs /dev/shm 37614624768 105347
vfs - 133581 4784 183925
vm - 2 18820458 432858086 251913 1617408 222476595 266854259 72191410 6430895 162260569 52856 0 0 0 0 0 1811072 0 311878 5997 0 1616826 68 0 3 0 0

1778474957.945772 0 node0.mimesys-workload.ldos-ut-pg0.wisc.cloudlab.us
block sda 459469 208100 37633444 270486 2602462 17676395 865716845 12847845 0 2156772 13380088
block sdb 479 0 7540 438 4 0 0 0 0 556 439
cpu 11 166556 0 50782 2739382 6807 0 5
cpu 10 192951 0 45504 2719480 8878 0 4
cpu 13 161545 0 45810 2749632 6486 0 3
cpu 12 164826 0 44834 2748112 6936 0 1
cpu 15 163778 0 43850 2749738 6465 0 2
cpu 14 157586 0 45100 2755568 6447 0 3
cpu 17 149259 0 44006 2764260 6646 0 1
cpu 16 158655 0 42574 2757944 5872 0 1
cpu 19 129965 0 29994 2798784 6196 0 0
cpu 18 175826 0 30281 2753360 5740 0 2
cpu 1 152582 0 34240 2764461 8011 0 699
cpu 0 148982 45 32947 2744830 9656 0 1148
cpu 3 173757 0 51120 2730291 7309 0 596
cpu 2 168012 0 46822 2738696 9157 0 189
cpu 5 173889 0 51671 2731156 7233 0 453
cpu 4 168175 1 51853 2735482 7658 0 112
cpu 7 164982 0 50972 2741031 6397 0 540
cpu 6 188143 0 51034 2717295 7668 0 324
cpu 9 161135 0 50996 2742054 7648 0 376
cpu 8 156403 0 57091 2742821 6025 0 335
mem 1 99033092 97123188 1909904 162216 1124260 144 0 1098904 70124 187684 3928 0 0 174712 0 0 0
mem 0 97636988 56231776 41405212 663716 39618644 368 0 39794124 7312392 492136 27300 0 0 462472 4096 0 0
net lo 0 0 2321343 0 0 0 0 0 0 0 0 0 19432 0 2321343 0 0 0 0 0 0 19432 0
net eno1 0 147859 40323376815 0 0 340 0 0 0 0 0 0 30118900 0 1192598389 0 0 0 0 0 0 5938229 0
net vnet32 0 0 153930 0 0 0 0 0 0 0 0 0 702 0 100599 0 0 0 0 0 0 691 0
net virbr0 0 700 9959860908 0 0 0 0 0 0 0 0 0 39712398 0 38379052111 0 0 0 0 0 0 23505497 0
numa 1 96401189 18781169 10118603 29535 96356934 18825411
numa 0 98654016 10118603 18781169 29710 98652811 10119818
ps - 484808585 166888 355 235 155 3 741
sysv_shm - 0 0
tmpfs /run/lock 0 6
tmpfs /run 2080768 1098
tmpfs /run/user/20029 0 20
tmpfs /run/qemu 0 1
tmpfs /dev/shm 37614624768 105347
vfs - 133575 4784 183899
vm - 2 18820458 432858422 251913 1617408 222482860 266860700 72203849 6430895 162281505 52856 0 0 0 0 0 1811072 0 311878 5997 0 1616826 68 0 3 0 0

1778474958.985360 0 node0.mimesys-workload.ldos-ut-pg0.wisc.cloudlab.us
block sda 459471 208100 37633692 270487 2602466 17676395 865717181 12847846 0 2156784 13380091
block sdb 479 0 7540 438 4 0 0 0 0 556 439
cpu 11 166558 0 50783 2739483 6807 0 5
cpu 10 192951 0 45505 2719582 8878 0 4
cpu 13 161546 0 45812 2749731 6486 0 3
cpu 12 164828 0 44834 2748214 6936 0 1
cpu 15 163780 0 43853 2749838 6465 0 2
cpu 14 157588 0 45102 2755669 6447 0 3
cpu 17 149264 0 44009 2764357 6646 0 1
cpu 16 158656 0 42575 2758046 5872 0 1
cpu 19 129966 0 29997 2798883 6196 0 0
cpu 18 175827 0 30282 2753461 5740 0 2
cpu 1 152601 0 34244 2764545 8011 0 699
cpu 0 148994 45 32951 2744919 9656 0 1148
cpu 3 173763 0 51123 2730385 7309 0 596
cpu 2 168027 0 46826 2738782 9157 0 189
cpu 5 173900 0 51674 2731246 7233 0 453
cpu 4 168189 1 51856 2735573 7658 0 112
cpu 7 165082 0 50976 2741031 6397 0 540
cpu 6 188153 0 51040 2717379 7668 0 324
cpu 9 161135 0 50997 2742158 7648 0 376
cpu 8 156404 0 57092 2742922 6025 0 335
mem 1 99033092 97122684 1910408 210476 1078292 184 0 1099032 70924 190364 4088 0 0 174712 0 0 0
mem 0 97636988 56230016 41406972 688640 39594648 392 0 39794712 7312980 492044 27568 0 0 462480 4096 0 0
net lo 0 0 2322510 0 0 0 0 0 0 0 0 0 19440 0 2322510 0 0 0 0 0 0 19440 0
net eno1 0 147868 40323384008 0 0 340 0 0 0 0 0 0 30119009 0 1192599823 0 0 0 0 0 0 5938236 0
net vnet32 0 0 158238 0 0 0 0 0 0 0 0 0 721 0 104913 0 0 0 0 0 0 708 0
net virbr0 0 700 9959864950 0 0 0 0 0 0 0 0 0 39712417 0 38379056373 0 0 0 0 0 0 23505513 0
numa 1 96407627 18781169 10118603 29535 96363372 18825411
numa 0 98655367 10118603 18781169 29710 98654162 10119818
ps - 484817700 166946 342 235 156 4 741
sysv_shm - 0 0
tmpfs /run/lock 0 6
tmpfs /run 2080768 1098
tmpfs /run/user/20029 0 20
tmpfs /run/qemu 0 1
tmpfs /dev/shm 37614624768 105347
vfs - 133577 4824 183893
vm - 2 18820582 432858590 251913 1617408 222490645 266867941 72222022 6430895 162309564 52857 0 0 0 0 0 1811072 0 311878 5997 0 1616826 68 0 3 0 0

1778474960.023167 0 node0.mimesys-workload.ldos-ut-pg0.wisc.cloudlab.us
block sda 459472 208100 37633700 270498 2602727 17687422 865951853 12848902 3 2157176 13381157
block sdb 479 0 7540 438 4 0 0 0 0 556 439
cpu 11 166558 0 50784 2739584 6807 0 5
cpu 10 192952 0 45506 2719683 8878 0 4
cpu 13 161547 0 45814 2749832 6486 0 3
cpu 12 164828 0 44835 2748316 6936 0 1
cpu 15 163781 0 43854 2749941 6465 0 2
cpu 14 157588 0 45103 2755771 6447 0 3
cpu 17 149266 0 44009 2764458 6646 0 1
cpu 16 158656 0 42578 2758147 5872 0 1
cpu 19 129967 0 30002 2798982 6196 0 0
cpu 18 175828 0 30282 2753564 5740 0 2
cpu 1 152615 0 34247 2764634 8012 0 699
cpu 0 149042 45 32958 2744966 9659 0 1148
cpu 3 173766 0 51129 2730473 7313 0 596
cpu 2 168031 0 46831 2738871 9164 0 189
cpu 5 173905 0 51680 2731334 7238 0 453
cpu 4 168198 1 51860 2735662 7659 0 112
cpu 7 165105 0 50982 2741105 6397 0 540
cpu 6 188157 0 51044 2717473 7670 0 324
cpu 9 161135 0 50998 2742261 7648 0 376
cpu 8 156406 0 57094 2743022 6025 0 335
mem 1 99033092 97121680 1911412 241284 1045648 64 0 1099032 70192 188528 3908 0 0 174704 0 0 0
mem 0 97636988 56228760 41408228 707740 39575760 160 0 39794952 7313248 491952 27544 0 0 462480 4096 0 0
net lo 0 0 2323067 0 0 0 0 0 0 0 0 0 19444 0 2323067 0 0 0 0 0 0 19444 0
net eno1 0 147868 40323389711 0 0 340 0 0 0 0 0 0 30119096 0 1192601126 0 0 0 0 0 0 5938242 0
net vnet32 0 0 158736 0 0 0 0 0 0 0 0 0 726 0 105339 0 0 0 0 0 0 713 0
net virbr0 0 700 9959865378 0 0 0 0 0 0 0 0 0 39712422 0 38379056799 0 0 0 0 0 0 23505518 0
numa 1 96412331 18781169 10118603 29535 96368076 18825411
numa 0 98656836 10118603 18781169 29710 98655631 10119818
ps - 484823974 166999 342 235 156 2 741
sysv_shm - 0 0
tmpfs /run/lock 0 6
tmpfs /run 2080768 1098
tmpfs /run/user/20029 0 20
tmpfs /run/qemu 0 1
tmpfs /dev/shm 37614624768 105347
vfs - 133580 4824 183931
vm - 2 18820586 432986886 251913 1617408 222496819 266874479 72234117 6430895 162328677 52857 0 0 0 0 0 1811072 0 311878 5997 0 1616826 68 0 3 0 0

1778474961.057790 0 node0.mimesys-workload.ldos-ut-pg0.wisc.cloudlab.us
block sda 459475 208100 37633717 270521 2602882 17690173 866181158 12850549 0 2157548 13382829
block sdb 479 0 7540 438 4 0 0 0 0 556 439
cpu 11 166559 0 50785 2739686 6807 0 5
cpu 10 192952 0 45508 2719783 8878 0 4
cpu 13 161550 0 45816 2749930 6486 0 3
cpu 12 164829 0 44836 2748417 6936 0 1
cpu 15 163782 0 43855 2750042 6465 0 2
cpu 14 157589 0 45105 2755872 6447 0 3
cpu 17 149266 0 44011 2764558 6646 0 1
cpu 16 158658 0 42579 2758248 5872 0 1
cpu 19 129976 0 30002 2799077 6196 0 0
cpu 18 175828 0 30284 2753666 5740 0 2
cpu 1 152673 0 34254 2764673 8015 0 699
cpu 0 149090 45 32964 2745012 9665 0 1148
cpu 3 173816 0 51137 2730518 7321 0 596
cpu 2 168081 0 46838 2738921 9166 0 189
cpu 5 173946 0 51697 2731381 7240 0 453
cpu 4 168248 1 51870 2735708 7663 0 112
cpu 7 165152 0 50987 2741158 6400 0 540
cpu 6 188208 0 51053 2717520 7674 0 324
cpu 9 161135 0 50998 2742364 7648 0 376
cpu 8 156408 0 57097 2743120 6025 0 335
mem 1 99033092 97121176 1911916 241368 1045240 140 0 1099060 70400 187760 3948 0 0 174672 0 0 0
mem 0 97636988 56195760 41441228 707944 39577268 548 0 39796148 7314156 492584 27712 0 0 462496 4096 0 0
net lo 0 0 2324234 0 0 0 0 0 0 0 0 0 19452 0 2324234 0 0 0 0 0 0 19452 0
net eno1 0 147876 40323396642 0 0 340 0 0 0 0 0 0 30119202 0 1192602338 0 0 0 0 0 0 5938247 0
net vnet32 0 0 163806 0 0 0 0 0 0 0 0 0 754 0 110079 0 0 0 0 0 0 735 0
net virbr0 0 700 9959870056 0 0 0 0 0 0 0 0 0 39712450 0 38379061487 0 0 0 0 0 0 23505539 0
numa 1 96419266 18781169 10118603 29535 96375011 18825411
numa 0 98666539 10118603 18781169 29710 98665334 10119818
ps - 484831337 167058 342 235 156 8 741
sysv_shm - 0 0
tmpfs /run/lock 0 6
tmpfs /run 2080768 1098
tmpfs /run/user/20029 0 20
tmpfs /run/qemu 0 1
tmpfs /dev/shm 37614628864 105347
vfs - 133583 4864 183955
vm - 2 18820594 433090579 251913 1617408 222513457 266890767 72234138 6430895 162340971 52857 0 0 0 0 0 1811072 0 311878 5997 0 1616826 68 0 3 0 0

1778474962.097639 0 node0.mimesys-workload.ldos-ut-pg0.wisc.cloudlab.us
block sda 459477 208100 37633965 270523 2602905 17690246 866182094 12850554 0 2157596 13382836
block sdb 479 0 7540 438 4 0 0 0 0 556 439
cpu 11 166560 0 50788 2739785 6807 0 5
cpu 10 192952 0 45511 2719884 8878 0 4
cpu 13 161551 0 45818 2750031 6486 0 3
cpu 12 164831 0 44840 2748516 6936 0 1
cpu 15 163784 0 43856 2750143 6465 0 2
cpu 14 157591 0 45107 2755973 6447 0 3
cpu 17 149266 0 44012 2764660 6646 0 1
cpu 16 158660 0 42581 2758347 5872 0 1
cpu 19 129982 0 30004 2799173 6196 0 0
cpu 18 175829 0 30286 2753766 5740 0 2
cpu 1 152711 0 34263 2764733 8015 0 699
cpu 0 149122 45 32977 2745075 9665 0 1148
cpu 3 173874 0 51138 2730567 7321 0 596
cpu 2 168123 0 46846 2738987 9166 0 189
cpu 5 174005 0 51698 2731429 7240 0 453
cpu 4 168313 1 51876 2735750 7663 0 112
cpu 7 165188 0 50995 2741222 6400 0 540
cpu 6 188289 0 51062 2717534 7674 0 324
cpu 9 161135 0 50998 2742467 7648 0 376
cpu 8 156408 0 57097 2743224 6025 0 335
mem 1 99033092 97120168 1912924 241376 1047192 160 0 1099192 70848 189912 3872 0 0 174640 0 0 0
mem 0 97636988 56195760 41441228 707940 39577228 576 0 39796800 7314808 491940 27632 0 0 462488 4096 0 0
net lo 0 0 2325401 0 0 0 0 0 0 0 0 0 19460 0 2325401 0 0 0 0 0 0 19460 0
net eno1 0 147876 40323402319 0 0 340 0 0 0 0 0 0 30119287 0 1192602850 0 0 0 0 0 0 5938252 0
net vnet32 0 0 166942 0 0 0 0 0 0 0 0 0 771 0 113769 0 0 0 0 0 0 747 0
net virbr0 0 700 9959872954 0 0 0 0 0 0 0 0 0 39712467 0 38379065177 0 0 0 0 0 0 23505551 0
numa 1 96426750 18781169 10118603 29535 96382495 18825411
numa 0 98666842 10118603 18781169 29710 98665637 10119818
ps - 484840706 167116 342 235 156 5 741
sysv_shm - 0 0
tmpfs /run/lock 0 6
tmpfs /run 2080768 1098
tmpfs /run/user/20029 0 20
tmpfs /run/qemu 0 1
tmpfs /dev/shm 37614628864 105347
vfs - 133577 4864 183893
vm - 2 18820718 433091047 251913 1617408 222521243 266898054 72234139 6430895 162352859 52858 0 0 0 0 0 1811072 0 311878 5997 0 1616826 68 0 3 0 0

1778474963.137383 0 node0.mimesys-workload.ldos-ut-pg0.wisc.cloudlab.us
block sda 459477 208100 37633965 270523 2602905 17690246 866182094 12850554 0 2157596 13382836
block sdb 479 0 7540 438 4 0 0 0 0 556 439
cpu 11 166560 0 50790 2739888 6807 0 5
cpu 10 192953 0 45512 2719986 8878 0 4
cpu 13 161552 0 45820 2750132 6486 0 3
cpu 12 164831 0 44841 2748618 6936 0 1
cpu 15 163784 0 43858 2750243 6465 0 2
cpu 14 157592 0 45108 2756074 6447 0 3
cpu 17 149268 0 44013 2764762 6646 0 1
cpu 16 158660 0 42584 2758448 5872 0 1
cpu 19 129982 0 30006 2799275 6196 0 0
cpu 18 175830 0 30287 2753868 5740 0 2
cpu 1 152764 0 34267 2764796 8015 0 699
cpu 0 149157 45 32983 2745153 9665 0 1148
cpu 3 173936 0 51142 2730619 7321 0 596
cpu 2 168198 0 46852 2739024 9166 0 189
cpu 5 174034 0 51702 2731520 7240 0 453
cpu 4 168349 1 51881 2735830 7663 0 112
cpu 7 165248 0 51001 2741263 6400 0 540
cpu 6 188345 0 51064 2717597 7674 0 324
cpu 9 161135 0 50998 2742571 7648 0 376
cpu 8 156408 0 57100 2743324 6025 0 335
mem 1 99033092 97119916 1913176 241376 1045332 172 0 1099200 70132 187620 3860 0 0 174704 0 0 0
mem 0 97636988 56196516 41440472 707940 39577648 592 0 39796800 7314808 492356 27620 0 0 462528 4096 0 0
net lo 0 0 2325958 0 0 0 0 0 0 0 0 0 19464 0 2325958 0 0 0 0 0 0 19464 0
net eno1 0 147884 40323409642 0 0 340 0 0 0 0 0 0 30119401 0 1192604121 0 0 0 0 0 0 5938258 0
net vnet32 0 0 168810 0 0 0 0 0 0 0 0 0 781 0 114819 0 0 0 0 0 0 757 0
net virbr0 0 700 9959874682 0 0 0 0 0 0 0 0 0 39712477 0 38379066175 0 0 0 0 0 0 23505560 0
numa 1 96432443 18781169 10118603 29535 96388188 18825411
numa 0 98667196 10118603 18781169 29710 98665991 10119818
ps - 484851061 167169 342 235 156 6 741
sysv_shm - 0 0
tmpfs /run/lock 0 6
tmpfs /run 2080768 1098
tmpfs /run/user/20029 0 20
tmpfs /run/qemu 0 1
tmpfs /dev/shm 37614628864 105347
vfs - 133580 4864 183931
vm - 2 18820718 433091047 251913 1617408 222527290 266904450 72234153 6430895 162362184 52858 0 0 0 0 0 1811072 0 311878 5997 0 1616826 68 0 3 0 0

1778474964.177160 0 node0.mimesys-workload.ldos-ut-pg0.wisc.cloudlab.us
block sda 459480 208100 37634085 270525 2602909 17690246 866182294 12850554 0 2157604 13382839
block sdb 479 0 7540 438 4 0 0 0 0 556 439
cpu 11 166562 0 50790 2739990 6807 0 5
cpu 10 192954 0 45514 2720088 8878 0 4
cpu 13 161553 0 45822 2750233 6486 0 3
cpu 12 164836 0 44844 2748714 6936 0 1
cpu 15 163785 0 43860 2750344 6465 0 2
cpu 14 157594 0 45109 2756176 6447 0 3
cpu 17 149268 0 44014 2764865 6646 0 1
cpu 16 158660 0 42587 2758548 5872 0 1
cpu 19 129984 0 30008 2799374 6196 0 0
cpu 18 175830 0 30289 2753970 5740 0 2
cpu 1 152803 0 34284 2764877 8015 0 699
cpu 0 149191 45 33005 2745232 9665 0 1148
cpu 3 174005 0 51145 2730661 7321 0 596
cpu 2 168238 0 46876 2739098 9166 0 189
cpu 5 174068 0 51720 2731607 7240 0 453
cpu 4 168381 1 51896 2735918 7663 0 112
cpu 7 165288 0 51018 2741343 6400 0 540
cpu 6 188377 0 51082 2717684 7674 0 324
cpu 9 161135 0 50998 2742675 7648 0 376
cpu 8 156409 0 57104 2743424 6025 0 335
mem 1 99033092 97119664 1913428 241408 1047328 192 0 1099264 70932 189568 3836 0 0 174672 0 0 0
mem 0 97636988 56195512 41441476 707972 39577432 628 0 39796808 7314808 491996 27656 0 0 462584 4096 0 0
net lo 0 0 2327125 0 0 0 0 0 0 0 0 0 19472 0 2327125 0 0 0 0 0 0 19472 0
net eno1 0 147884 40323415139 0 0 340 0 0 0 0 0 0 30119482 0 1192605357 0 0 0 0 0 0 5938263 0
net vnet32 0 0 173118 0 0 0 0 0 0 0 0 0 800 0 119151 0 0 0 0 0 0 774 0
net virbr0 0 700 9959878724 0 0 0 0 0 0 0 0 0 39712496 0 38379070437 0 0 0 0 0 0 23505576 0
numa 1 96438461 18781169 10118603 29535 96394206 18825411
numa 0 98668890 10118603 18781169 29710 98667685 10119818
ps - 484858016 167227 355 239 157 3 734
sysv_shm - 0 0
tmpfs /run/lock 0 6
tmpfs /run 2080768 1098
tmpfs /run/user/20029 0 20
tmpfs /run/qemu 0 1
tmpfs /dev/shm 37614637056 105348
vfs - 133586 4904 183917
vm - 2 18820778 433091147 251913 1617408 222535002 266911708 72234156 6430895 162374022 52859 0 0 0 0 0 1811072 0 311878 5997 0 1616826 68 0 3 0 0

1778474965.214583 0 node0.mimesys-workload.ldos-ut-pg0.wisc.cloudlab.us
block sda 459482 208100 37634157 270525 2602984 17690246 866183022 12850566 0 2157612 13382851
block sdb 479 0 7540 438 4 0 0 0 0 556 439
cpu 11 166562 0 50792 2740092 6807 0 5
cpu 10 192956 0 45515 2720189 8878 0 4
cpu 13 161554 0 45823 2750335 6486 0 3
cpu 12 164837 0 44846 2748814 6936 0 1
cpu 15 163786 0 43862 2750446 6465 0 2
cpu 14 157594 0 45110 2756277 6447 0 3
cpu 17 149268 0 44016 2764965 6646 0 1
cpu 16 158661 0 42588 2758650 5872 0 1
cpu 19 129984 0 30011 2799475 6196 0 0
cpu 18 175830 0 30290 2754072 5740 0 2
cpu 1 152818 0 34288 2764961 8015 0 700
cpu 0 149212 45 33014 2745315 9665 0 1148
cpu 3 174071 0 51148 2730700 7321 0 596
cpu 2 168286 0 46884 2739154 9166 0 189
cpu 5 174078 0 51730 2731701 7240 0 453
cpu 4 168394 1 51903 2736009 7663 0 112
cpu 7 165292 0 51035 2741440 6400 0 540
cpu 6 188380 0 51090 2717783 7674 0 324
cpu 9 161136 0 50998 2742778 7648 0 376
cpu 8 156409 0 57104 2743527 6025 0 335
mem 1 99033092 97119164 1913928 241420 1046220 88 0 1099268 70136 188484 3884 0 0 174672 0 0 0
mem 0 97636988 56195764 41441224 707976 39577120 400 0 39796812 7314796 491620 27576 0 0 462584 4096 0 0
net lo 0 0 2327682 0 0 0 0 0 0 0 0 0 19476 0 2327682 0 0 0 0 0 0 19476 0
net eno1 0 147894 40323421196 0 0 340 0 0 0 0 0 0 30119576 0 1192605822 0 0 0 0 0 0 5938268 0
net vnet32 0 0 173616 0 0 0 0 0 0 0 0 0 805 0 119629 0 0 0 0 0 0 780 0
net virbr0 0 700 9959879152 0 0 0 0 0 0 0 0 0 39712501 0 38379070863 0 0 0 0 0 0 23505581 0
numa 1 96443878 18781169 10118603 29535 96399623 18825411
numa 0 98669389 10118603 18781169 29710 98668184 10119818
ps - 484862329 167280 355 239 157 2 734
sysv_shm - 0 0
tmpfs /run/lock 0 6
tmpfs /run 2080768 1098
tmpfs /run/user/20029 0 20
tmpfs /run/qemu 0 1
tmpfs /dev/shm 37614637056 105348
vfs - 133576 4904 183851
vm - 2 18820814 433091511 251913 1617408 222540918 266918080 72234174 6430895 162383335 52860 0 0 0 0 0 1811072 0 311878 5997 0 1616826 68 0 3 0 0

1778474966.254450 0 node0.mimesys-workload.ldos-ut-pg0.wisc.cloudlab.us
block sda 459482 208100 37634157 270525 2602986 17690247 866183046 12850567 0 2157616 13382852
block sdb 479 0 7540 438 4 0 0 0 0 556 439
cpu 11 166562 0 50794 2740193 6807 0 5
cpu 10 192957 0 45516 2720289 8878 0 4
cpu 13 161554 0 45824 2750437 6486 0 3
cpu 12 164840 0 44848 2748914 6936 0 1
cpu 15 163786 0 43863 2750547 6465 0 2
cpu 14 157597 0 45113 2756376 6447 0 3
cpu 17 149271 0 44018 2765064 6646 0 1
cpu 16 158662 0 42589 2758752 5872 0 1
cpu 19 129987 0 30014 2799573 6196 0 0
cpu 18 175832 0 30292 2754173 5740 0 2
cpu 1 152842 0 34293 2765033 8015 0 700
cpu 0 149232 45 33016 2745394 9665 0 1148
cpu 3 174158 0 51150 2730715 7321 0 596
cpu 2 168310 0 46885 2739231 9166 0 189
cpu 5 174104 0 51732 2731774 7240 0 453
cpu 4 168426 1 51905 2736077 7663 0 112
cpu 7 165313 0 51035 2741521 6400 0 540
cpu 6 188408 0 51090 2717859 7674 0 324
cpu 9 161140 0 50998 2742877 7648 0 376
cpu 8 156410 0 57106 2743627 6025 0 335
mem 1 99033092 97134468 1898624 241468 1045600 176 0 1099304 70140 188300 3856 0 0 174608 0 0 0
mem 0 97636988 56196268 41440720 707996 39577664 524 0 39797052 7315052 492044 27632 0 0 462576 4096 0 0
net lo 0 0 2328849 0 0 0 0 0 0 0 0 0 19484 0 2328849 0 0 0 0 0 0 19484 0
net eno1 0 147894 40323427113 0 0 340 0 0 0 0 0 0 30119665 0 1192607068 0 0 0 0 0 0 5938274 0
net vnet32 0 0 178422 0 0 0 0 0 0 0 0 0 829 0 124317 0 0 0 0 0 0 801 0
net virbr0 0 700 9959883622 0 0 0 0 0 0 0 0 0 39712525 0 38379075551 0 0 0 0 0 0 23505602 0
numa 1 96451556 18781169 10118603 29535 96407301 18825411
numa 0 98670114 10118603 18781169 29710 98668909 10119818
ps - 484870128 167343 355 239 157 3 734
sysv_shm - 0 0
tmpfs /run/lock 0 6
tmpfs /run 2080768 1098
tmpfs /run/user/20029 0 20
tmpfs /run/qemu 0 1
tmpfs /dev/shm 37614637056 105348
vfs - 133580 4904 183884
vm - 2 18820814 433091523 251913 1617408 222549321 266926414 72234175 6430895 162396165 52860 0 0 0 0 0 1811072 0 311878 5997 0 1616826 68 0 3 0 0

1778474967.294252 0 node0.mimesys-workload.ldos-ut-pg0.wisc.cloudlab.us
block sda 459482 208100 37634157 270525 2602992 17690264 866183230 12850568 0 2157624 13382853
block sdb 479 0 7540 438 4 0 0 0 0 556 439
cpu 11 166563 0 50795 2740295 6807 0 5
cpu 10 192957 0 45520 2720390 8878 0 4
cpu 13 161556 0 45826 2750535 6486 0 3
cpu 12 164841 0 44849 2749015 6936 0 1
cpu 15 163786 0 43864 2750649 6465 0 2
cpu 14 157599 0 45114 2756478 6447 0 3
cpu 17 149272 0 44020 2765165 6646 0 1
cpu 16 158662 0 42591 2758854 5872 0 1
cpu 19 129988 0 30017 2799672 6196 0 0
cpu 18 175834 0 30294 2754273 5740 0 2
cpu 1 152857 0 34299 2765115 8015 0 700
cpu 0 149260 45 33017 2745467 9665 0 1148
cpu 3 174219 0 51153 2730753 7321 0 596
cpu 2 168322 0 46888 2739319 9166 0 189
cpu 5 174120 0 51737 2731855 7240 0 453
cpu 4 168444 1 51910 2736159 7663 0 112
cpu 7 165341 0 51038 2741592 6400 0 540
cpu 6 188434 0 51091 2717933 7674 0 324
cpu 9 161143 0 50999 2742978 7648 0 376
cpu 8 156412 0 57108 2743727 6025 0 335
mem 1 99033092 97133460 1899632 241468 1046340 204 0 1099316 70936 188604 3864 0 0 174548 0 0 0
mem 0 97636988 56196268 41440720 708032 39578448 560 0 39797396 7315404 492496 27596 0 0 462576 4096 0 0
net lo 0 0 2330016 0 0 0 0 0 0 0 0 0 19492 0 2330016 0 0 0 0 0 0 19492 0
net eno1 0 147902 40323434416 0 0 340 0 0 0 0 0 0 30119777 0 1192608398 0 0 0 0 0 0 5938280 0
net vnet32 0 0 181558 0 0 0 0 0 0 0 0 0 846 0 128059 0 0 0 0 0 0 814 0
net virbr0 0 700 9959886520 0 0 0 0 0 0 0 0 0 39712542 0 38379079241 0 0 0 0 0 0 23505614 0
numa 1 96457866 18781169 10118603 29535 96413611 18825411
numa 0 98671477 10118603 18781169 29710 98670272 10119818
ps - 484879065 167402 355 239 157 7 734
sysv_shm - 0 0
tmpfs /run/lock 0 6
tmpfs /run 2080768 1098
tmpfs /run/user/20029 0 20
tmpfs /run/qemu 0 1
tmpfs /dev/shm 37614682112 105355
vfs - 133593 4904 183927
vm - 2 18820814 433091615 251913 1617408 222556994 266933684 72234177 6430895 162408083 52860 0 0 0 0 0 1811072 0 311878 5997 0 1616826 68 0 3 0 0

1778474968.333636 0 node0.mimesys-workload.ldos-ut-pg0.wisc.cloudlab.us
block sda 459482 208100 37634157 270525 2602992 17690264 866183230 12850568 0 2157624 13382853
block sdb 479 0 7540 438 4 0 0 0 0 556 439
cpu 11 166563 0 50796 2740397 6807 0 5
cpu 10 192957 0 45522 2720491 8878 0 4
cpu 13 161558 0 45828 2750637 6486 0 3
cpu 12 164842 0 44849 2749117 6936 0 1
cpu 15 163787 0 43866 2750751 6465 0 2
cpu 14 157599 0 45115 2756580 6447 0 3
cpu 17 149273 0 44022 2765266 6646 0 1
cpu 16 158664 0 42591 2758957 5872 0 1
cpu 19 129990 0 30019 2799773 6196 0 0
cpu 18 175834 0 30296 2754375 5740 0 2
cpu 1 152875 0 34302 2765195 8015 0 700
cpu 0 149308 45 33021 2745516 9665 0 1148
cpu 3 174233 0 51153 2730839 7321 0 596
cpu 2 168363 0 46890 2739379 9166 0 189
cpu 5 174160 0 51737 2731916 7240 0 453
cpu 4 168514 1 51911 2736190 7663 0 112
cpu 7 165359 0 51039 2741675 6400 0 540
cpu 6 188464 0 51097 2718001 7674 0 324
cpu 9 161143 0 50999 2743082 7648 0 376
cpu 8 156412 0 57108 2743830 6025 0 335
mem 1 99033092 97132452 1900640 241480 1045336 212 0 1099316 70172 187664 3704 0 0 174612 0 0 0
mem 0 97636988 56196772 41440216 708028 39578156 572 0 39797600 7315616 492060 27636 0 0 462560 4096 0 0
net lo 0 0 2330573 0 0 0 0 0 0 0 0 0 19496 0 2330573 0 0 0 0 0 0 19496 0
net eno1 0 147912 40323440653 0 0 340 0 0 0 0 0 0 30119873 0 1192608809 0 0 0 0 0 0 5938284 0
net vnet32 0 0 183591 0 0 0 0 0 0 0 0 0 858 0 129173 0 0 0 0 0 0 824 0
net virbr0 0 700 9959888385 0 0 0 0 0 0 0 0 0 39712554 0 38379080355 0 0 0 0 0 0 23505624 0
numa 1 96463372 18781169 10118603 29535 96419117 18825411
numa 0 98672031 10118603 18781169 29710 98670826 10119818
ps - 484887314 167455 355 239 157 3 734
sysv_shm - 0 0
tmpfs /run/lock 0 6
tmpfs /run 2080768 1098
tmpfs /run/user/20029 0 20
tmpfs /run/qemu 0 1
tmpfs /dev/shm 37614690304 105355
vfs - 133583 4984 183861
vm - 2 18820814 433091615 251913 1617408 222563054 266940028 72234179 6430895 162417475 52860 0 0 0 0 0 1811072 0 311878 5997 0 1616826 68 0 3 0 0

1778474969.372889 0 node0.mimesys-workload.ldos-ut-pg0.wisc.cloudlab.us
block sda 459482 208100 37634157 270525 2602996 17690264 866183686 12850569 0 2157632 13382854
block sdb 479 0 7540 438 4 0 0 0 0 556 439
cpu 11 166564 0 50798 2740499 6807 0 5
cpu 10 192959 0 45524 2720591 8878 0 4
cpu 13 161558 0 45830 2750738 6486 0 3
cpu 12 164844 0 44850 2749216 6936 0 1
cpu 15 163787 0 43868 2750853 6465 0 2
cpu 14 157601 0 45116 2756681 6447 0 3
cpu 17 149275 0 44024 2765365 6646 0 1
cpu 16 158664 0 42594 2759058 5872 0 1
cpu 19 129992 0 30022 2799872 6196 0 0
cpu 18 175836 0 30296 2754477 5740 0 2
cpu 1 152916 0 34302 2765257 8015 0 700
cpu 0 149373 45 33022 2745551 9665 0 1148
cpu 3 174265 0 51154 2730910 7321 0 596
cpu 2 168412 0 46891 2739431 9166 0 189
cpu 5 174221 0 51740 2731956 7240 0 453
cpu 4 168598 1 51912 2736208 7663 0 112
cpu 7 165377 0 51040 2741758 6400 0 540
cpu 6 188515 0 51097 2718050 7674 0 324
cpu 9 161144 0 50999 2743184 7648 0 376
cpu 8 156414 0 57110 2743930 6025 0 335
mem 1 99033092 97132956 1900136 241484 1045080 240 0 1099320 70316 187340 3880 0 0 174644 0 0 0
mem 0 97636988 56197024 41439964 708028 39578628 600 0 39797696 7315644 492480 27600 0 0 462560 4096 0 0
net lo 0 0 2331740 0 0 0 0 0 0 0 0 0 19504 0 2331740 0 0 0 0 0 0 19504 0
net eno1 0 147912 40323447248 0 0 340 0 0 0 0 0 0 30119973 0 1192610577 0 0 0 0 0 0 5938291 0
net vnet32 0 0 188694 0 0 0 0 0 0 0 0 0 886 0 134029 0 0 0 0 0 0 847 0
net virbr0 0 700 9959893096 0 0 0 0 0 0 0 0 0 39712582 0 38379085159 0 0 0 0 0 0 23505646 0
numa 1 96470602 18781169 10118603 29535 96426347 18825411
numa 0 98672590 10118603 18781169 29710 98671385 10119818
ps - 484893285 167514 350 240 158 4 734
sysv_shm - 0 0
tmpfs /run/lock 0 6
tmpfs /run 2080768 1098
tmpfs /run/user/20029 0 20
tmpfs /run/qemu 0 1
tmpfs /dev/shm 37614690304 105355
vfs - 133587 5064 183893
vm - 2 18820814 433091843 251913 1617408 222570843 266947786 72234182 6430895 162429499 52860 0 0 0 0 0 1811072 0 311878 5997 0 1616826 68 0 3 0 0

1778474970.414199 0 node0.mimesys-workload.ldos-ut-pg0.wisc.cloudlab.us
block sda 459482 208100 37634157 270525 2603077 17690264 866184422 12850582 0 2157636 13382867
block sdb 479 0 7540 438 4 0 0 0 0 556 439
cpu 11 166564 0 50798 2740602 6807 0 5
cpu 10 192959 0 45525 2720694 8878 0 4
cpu 13 161559 0 45830 2750840 6486 0 3
cpu 12 164845 0 44850 2749319 6936 0 1
cpu 15 163787 0 43870 2750954 6465 0 2
cpu 14 157603 0 45119 2756781 6447 0 3
cpu 17 149276 0 44025 2765467 6646 0 1
cpu 16 158665 0 42596 2759159 5872 0 1
cpu 19 129994 0 30024 2799971 6196 0 0
cpu 18 175836 0 30300 2754577 5740 0 2
cpu 1 152980 0 34302 2765296 8015 0 700
cpu 0 149467 45 33024 2745561 9665 0 1148
cpu 3 174311 0 51155 2730969 7321 0 596
cpu 2 168429 0 46892 2739518 9166 0 189
cpu 5 174233 0 51742 2732046 7240 0 453
cpu 4 168641 1 51912 2736269 7663 0 112
cpu 7 165410 0 51040 2741828 6400 0 540
cpu 6 188524 0 51098 2718143 7674 0 324
cpu 9 161144 0 50999 2743288 7648 0 376
cpu 8 156417 0 57111 2744030 6025 0 335
mem 1 99033092 97132452 1900640 241488 1046280 96 0 1099320 71472 188628 3996 0 0 174644 0 0 0
mem 0 97636988 56197276 41439712 708028 39579108 404 0 39797712 7315712 492908 27632 0 0 462584 4096 0 0
net lo 0 0 2332907 0 0 0 0 0 0 0 0 0 19512 0 2332907 0 0 0 0 0 0 19512 0
net eno1 0 147922 40323455085 0 0 340 0 0 0 0 0 0 30120094 0 1192611813 0 0 0 0 0 0 5938296 0
net vnet32 0 0 188694 0 0 0 0 0 0 0 0 0 886 0 134029 0 0 0 0 0 0 847 0
net virbr0 0 700 9959893096 0 0 0 0 0 0 0 0 0 39712582 0 38379085159 0 0 0 0 0 0 23505646 0
numa 1 96477032 18781169 10118603 29535 96432777 18825411
numa 0 98673143 10118603 18781169 29710 98671938 10119818
ps - 484896613 167573 350 240 158 8 717
sysv_shm - 0 0
tmpfs /run/lock 0 6
tmpfs /run 2080768 1098
tmpfs /run/user/20029 0 20
tmpfs /run/qemu 0 1
tmpfs /dev/shm 37614694400 105355
vfs - 133598 5104 183802
vm - 2 18820814 433092211 251913 1617408 222577885 266954260 72234185 6430895 162440427 52860 0 0 0 0 0 1811072 0 311878 5997 0 1616826 68 0 3 0 0

1778474971.454353 0 node0.mimesys-workload.ldos-ut-pg0.wisc.cloudlab.us
block sda 459482 208100 37634157 270525 2603227 17695037 866422310 12851866 0 2157988 13384152
block sdb 479 0 7540 438 4 0 0 0 0 556 439
cpu 11 166566 0 50800 2740704 6807 0 5
cpu 10 192960 0 45527 2720795 8878 0 4
cpu 13 161560 0 45832 2750941 6486 0 3
cpu 12 164845 0 44852 2749421 6936 0 1
cpu 15 163789 0 43871 2751054 6465 0 2
cpu 14 157605 0 45122 2756880 6447 0 3
cpu 17 149276 0 44026 2765569 6646 0 1
cpu 16 158666 0 42600 2759259 5872 0 1
cpu 19 129994 0 30026 2800073 6196 0 0
cpu 18 175837 0 30301 2754678 5740 0 2
cpu 1 153036 0 34303 2765341 8015 0 700
cpu 0 149498 45 33027 2745624 9670 0 1148
cpu 3 174370 0 51156 2731007 7326 0 596
cpu 2 168504 0 46893 2739544 9168 0 189
cpu 5 174278 0 51745 2732096 7245 0 453
cpu 4 168704 1 51913 2736308 7664 0 112
cpu 7 165463 0 51042 2741873 6402 0 540
cpu 6 188590 0 51101 2718174 7676 0 324
cpu 9 161144 0 50999 2743391 7648 0 376
cpu 8 156418 0 57111 2744133 6025 0 335
mem 1 99033092 97131444 1901648 241488 1045084 188 0 1099328 70492 187364 3876 0 0 174612 0 0 0
mem 0 97636988 56197024 41439964 708044 39578652 536 0 39797784 7315692 492436 27580 0 0 462584 4096 0 0
net lo 0 0 2333464 0 0 0 0 0 0 0 0 0 19516 0 2333464 0 0 0 0 0 0 19516 0
net eno1 0 147922 40323461202 0 0 340 0 0 0 0 0 0 30120188 0 1192612224 0 0 0 0 0 0 5938300 0
net vnet32 0 0 193764 0 0 0 0 0 0 0 0 0 914 0 138769 0 0 0 0 0 0 869 0
net virbr0 0 700 9959897774 0 0 0 0 0 0 0 0 0 39712610 0 38379089847 0 0 0 0 0 0 23505667 0
numa 1 96483757 18781169 10118603 29535 96439502 18825411
numa 0 98673784 10118603 18781169 29710 98672579 10119818
ps - 484902517 167631 350 240 158 6 713
sysv_shm - 0 0
tmpfs /run/lock 0 6
tmpfs /run 2080768 1098
tmpfs /run/user/20029 0 20
tmpfs /run/qemu 0 1
tmpfs /dev/shm 37614694400 105355
vfs - 133583 5144 183735
vm - 2 18820814 433211155 251913 1617408 222585205 266962198 72234187 6430895 162451613 52860 0 0 0 0 0 1811072 0 311878 5997 0 1616826 68 0 3 0 0

1778474972.489186 0 node0.mimesys-workload.ldos-ut-pg0.wisc.cloudlab.us
block sda 459482 208100 37634157 270525 2603234 17695065 866422598 12851868 0 2157996 13384154
block sdb 479 0 7540 438 4 0 0 0 0 556 439
cpu 11 166566 0 50800 2740806 6807 0 5
cpu 10 192962 0 45530 2720893 8878 0 4
cpu 13 161560 0 45834 2751043 6486 0 3
cpu 12 164847 0 44853 2749521 6936 0 1
cpu 15 163793 0 43874 2751151 6465 0 2
cpu 14 157606 0 45124 2756979 6447 0 3
cpu 17 149276 0 44028 2765671 6646 0 1
cpu 16 158666 0 42602 2759360 5872 0 1
cpu 19 129995 0 30027 2800175 6196 0 0
cpu 18 175838 0 30303 2754780 5740 0 2
cpu 1 153124 0 34303 2765356 8015 0 700
cpu 0 149554 45 33028 2745670 9670 0 1148
cpu 3 174396 0 51158 2731082 7326 0 596
cpu 2 168545 0 46894 2739604 9168 0 189
cpu 5 174333 0 51745 2732143 7245 0 453
cpu 4 168738 1 51915 2736376 7664 0 112
cpu 7 165505 0 51044 2741931 6402 0 540
cpu 6 188656 0 51102 2718208 7676 0 324
cpu 9 161144 0 50999 2743495 7648 0 376
cpu 8 156418 0 57114 2744233 6025 0 335
mem 1 99033092 97130468 1902624 241500 1047192 196 0 1099328 71104 189596 4196 0 0 174452 0 0 0
mem 0 97636988 56197276 41439712 708064 39579100 568 0 39797860 7315820 492860 27668 0 0 462552 4096 0 0
net lo 0 0 2334631 0 0 0 0 0 0 0 0 0 19524 0 2334631 0 0 0 0 0 0 19524 0
net eno1 0 147932 40323467299 0 0 340 0 0 0 0 0 0 30120280 0 1192613574 0 0 0 0 0 0 5938306 0
net vnet32 0 0 196702 0 0 0 0 0 0 0 0 0 928 0 142511 0 0 0 0 0 0 882 0
net virbr0 0 700 9959900516 0 0 0 0 0 0 0 0 0 39712624 0 38379093537 0 0 0 0 0 0 23505679 0
numa 1 96490699 18781169 10118603 29535 96446444 18825411
numa 0 98674581 10118603 18781169 29710 98673376 10119818
ps - 484909657 167690 350 240 158 5 713
sysv_shm - 0 0
tmpfs /run/lock 0 6
tmpfs /run 2080768 1098
tmpfs /run/user/20029 0 20
tmpfs /run/qemu 0 1
tmpfs /dev/shm 37614747648 105362
vfs - 133593 5144 183762
vm - 2 18820814 433211299 251913 1617408 222592931 266969569 72234191 6430895 162463619 52860 0 0 0 0 0 1811072 0 311878 5997 0 1616826 68 0 3 0 0

1778474973.530088 0 node0.mimesys-workload.ldos-ut-pg0.wisc.cloudlab.us
block sda 459482 208100 37634157 270525 2603234 17695065 866422598 12851868 0 2157996 13384154
block sdb 479 0 7540 438 4 0 0 0 0 556 439
cpu 11 166567 0 50802 2740907 6807 0 5
cpu 10 192964 0 45531 2720995 8878 0 4
cpu 13 161561 0 45836 2751145 6486 0 3
cpu 12 164848 0 44854 2749623 6936 0 1
cpu 15 163793 0 43876 2751252 6465 0 2
cpu 14 157606 0 45126 2757082 6447 0 3
cpu 17 149278 0 44030 2765772 6646 0 1
cpu 16 158667 0 42604 2759461 5872 0 1
cpu 19 129996 0 30028 2800276 6196 0 0
cpu 18 175838 0 30303 2754882 5740 0 2
cpu 1 153157 0 34305 2765420 8015 0 700
cpu 0 149592 45 33028 2745734 9670 0 1148
cpu 3 174437 0 51162 2731141 7326 0 596
cpu 2 168629 0 46898 2739620 9168 0 189
cpu 5 174390 0 51747 2732188 7245 0 453
cpu 4 168781 1 51921 2736429 7664 0 112
cpu 7 165540 0 51046 2741995 6402 0 540
cpu 6 188688 0 51104 2718277 7676 0 324
cpu 9 161144 0 50999 2743598 7648 0 376
cpu 8 156420 0 57117 2744331 6025 0 335
mem 1 99033092 97131476 1901616 241508 1045384 192 0 1099340 70624 187636 3940 0 0 174452 0 0 0
mem 0 97636988 56198032 41438956 708120 39578660 628 0 39798092 7315860 492308 27628 0 0 462568 4096 0 0
net lo 0 0 2335188 0 0 0 0 0 0 0 0 0 19528 0 2335188 0 0 0 0 0 0 19528 0
net eno1 0 147932 40323474442 0 0 340 0 0 0 0 0 0 30120391 0 1192614919 0 0 0 0 0 0 5938313 0
net vnet32 0 0 198669 0 0 0 0 0 0 0 0 0 939 0 143625 0 0 0 0 0 0 892 0
net virbr0 0 700 9959902329 0 0 0 0 0 0 0 0 0 39712635 0 38379094651 0 0 0 0 0 0 23505689 0
numa 1 96496365 18781169 10118603 29535 96452110 18825411
numa 0 98674979 10118603 18781169 29710 98673774 10119818
ps - 484918892 167743 350 240 158 4 713
sysv_shm - 0 0
tmpfs /run/lock 0 6
tmpfs /run 2080768 1098
tmpfs /run/user/20029 0 20
tmpfs /run/qemu 0 1
tmpfs /dev/shm 37614800896 105369
vfs - 133602 5304 183809
vm - 2 18820814 433211299 251913 1617408 222598995 266975960 72234194 6430895 162473295 52860 0 0 0 0 0 1811072 0 311878 5997 0 1616826 68 0 3 0 0

1778474974.569324 0 node0.mimesys-workload.ldos-ut-pg0.wisc.cloudlab.us
block sda 459483 208100 37634413 270526 2603241 17695065 866423190 12851870 0 2158008 13384156
block sdb 479 0 7540 438 4 0 0 0 0 556 439
cpu 11 166568 0 50804 2741008 6807 0 5
cpu 10 192965 0 45533 2721096 8878 0 4
cpu 13 161564 0 45838 2751244 6486 0 3
cpu 12 164848 0 44855 2749726 6936 0 1
cpu 15 163794 0 43878 2751353 6465 0 2
cpu 14 157606 0 45130 2757183 6447 0 3
cpu 17 149278 0 44031 2765873 6646 0 1
cpu 16 158673 0 42606 2759557 5872 0 1
cpu 19 129998 0 30030 2800374 6196 0 0
cpu 18 175840 0 30306 2754981 5740 0 2
cpu 1 153228 0 34309 2765448 8015 0 700
cpu 0 149670 45 33029 2745757 9671 0 1148
cpu 3 174506 0 51162 2731173 7326 0 596
cpu 2 168706 0 46900 2739643 9168 0 189
cpu 5 174468 0 51747 2732212 7245 0 453
cpu 4 168844 1 51921 2736467 7664 0 112
cpu 7 165609 0 51046 2742028 6402 0 540
cpu 6 188757 0 51108 2718307 7676 0 324
cpu 9 161144 0 50999 2743702 7648 0 376
cpu 8 156420 0 57117 2744435 6025 0 335
mem 1 99033092 97130972 1902120 241496 1045772 208 0 1099468 70216 188356 3796 0 0 174388 0 0 0
mem 0 97636988 56198284 41438704 708124 39578208 648 0 39798108 7315904 491860 27628 0 0 462568 4096 0 0
net lo 0 0 2336355 0 0 0 0 0 0 0 0 0 19536 0 2336355 0 0 0 0 0 0 19536 0
net eno1 0 147940 40323481193 0 0 340 0 0 0 0 0 0 30120494 0 1192615431 0 0 0 0 0 0 5938318 0
net vnet32 0 0 203838 0 0 0 0 0 0 0 0 0 968 0 148481 0 0 0 0 0 0 915 0
net virbr0 0 700 9959907092 0 0 0 0 0 0 0 0 0 39712664 0 38379099455 0 0 0 0 0 0 23505711 0
numa 1 96503971 18781169 10118603 29535 96459716 18825411
numa 0 98675165 10118603 18781169 29710 98673960 10119818
ps - 484926880 167802 362 245 160 3 713
sysv_shm - 0 0
tmpfs /run/lock 0 6
tmpfs /run 2080768 1098
tmpfs /run/user/20029 0 20
tmpfs /run/qemu 0 1
tmpfs /dev/shm 37614809088 105369
vfs - 133595 5384 183753
vm - 2 18820942 433211595 251913 1617408 222606787 266983668 72234196 6430895 162485599 52860 0 0 0 0 0 1811072 0 311878 5997 0 1616826 68 0 3 0 0

1778474975.607490 0 node0.mimesys-workload.ldos-ut-pg0.wisc.cloudlab.us
block sda 459483 208100 37634413 270526 2603241 17695065 866423190 12851870 0 2158008 13384156
block sdb 479 0 7540 438 4 0 0 0 0 556 439
cpu 11 166572 0 50808 2741105 6807 0 5
cpu 10 192966 0 45535 2721196 8878 0 4
cpu 13 161566 0 45841 2751343 6486 0 3
cpu 12 164851 0 44856 2749824 6936 0 1
cpu 15 163794 0 43879 2751455 6465 0 2
cpu 14 157607 0 45131 2757285 6447 0 3
cpu 17 149281 0 44032 2765973 6646 0 1
cpu 16 158679 0 42608 2759652 5872 0 1
cpu 19 130000 0 30033 2800472 6196 0 0
cpu 18 175840 0 30308 2755083 5740 0 2
cpu 1 153305 0 34310 2765475 8015 0 700
cpu 0 149735 45 33030 2745793 9671 0 1148
cpu 3 174559 0 51163 2731221 7326 0 596
cpu 2 168778 0 46900 2739672 9168 0 189
cpu 5 174552 0 51747 2732230 7245 0 453
cpu 4 168901 1 51922 2736511 7664 0 112
cpu 7 165682 0 51047 2742058 6402 0 540
cpu 6 188824 0 51108 2718342 7676 0 324
cpu 9 161144 0 50999 2743806 7648 0 376
cpu 8 156422 0 57119 2744534 6025 0 335
mem 1 99033092 97129712 1903380 241508 1047596 236 0 1099472 70568 189756 3856 0 0 174356 0 0 0
mem 0 97636988 56199544 41437444 708168 39578440 668 0 39798320 7316176 491860 27684 0 0 462568 4096 0 0
net lo 0 0 2337522 0 0 0 0 0 0 0 0 0 19544 0 2337522 0 0 0 0 0 0 19544 0
net eno1 0 147940 40323488322 0 0 340 0 0 0 0 0 0 30120603 0 1192617253 0 0 0 0 0 0 5938328 0
net vnet32 0 0 207073 0 0 0 0 0 0 0 0 0 986 0 152287 0 0 0 0 0 0 928 0
net virbr0 0 700 9959910075 0 0 0 0 0 0 0 0 0 39712682 0 38379103261 0 0 0 0 0 0 23505724 0
numa 1 96511956 18781169 10118603 29535 96467701 18825411
numa 0 98675343 10118603 18781169 29710 98674138 10119818
ps - 484932800 167864 362 245 160 5 713
sysv_shm - 0 0
tmpfs /run/lock 0 6
tmpfs /run 2080768 1098
tmpfs /run/user/20029 0 20
tmpfs /run/qemu 0 1
tmpfs /dev/shm 37614813184 105369
vfs - 133598 5464 183783
vm - 2 18820942 433211595 251913 1617408 222614952 266991430 72234200 6430895 162498084 52860 0 0 0 0 0 1811072 0 311878 5997 0 1616826 68 0 3 0 0

1778474976.646589 0 node0.mimesys-workload.ldos-ut-pg0.wisc.cloudlab.us
block sda 459483 208100 37634413 270526 2603749 17695088 866429878 12851923 0 2158036 13384210
block sdb 479 0 7540 438 4 0 0 0 0 556 439
cpu 11 166572 0 50811 2741205 6807 0 5
cpu 10 192966 0 45536 2721298 8878 0 4
cpu 13 161567 0 45844 2751443 6486 0 3
cpu 12 164852 0 44858 2749925 6936 0 1
cpu 15 163795 0 43880 2751557 6465 0 2
cpu 14 157607 0 45132 2757388 6447 0 3
cpu 17 149283 0 44034 2766073 6646 0 1
cpu 16 158680 0 42610 2759754 5872 0 1
cpu 19 130000 0 30034 2800575 6196 0 0
cpu 18 175840 0 30308 2755185 5740 0 2
cpu 1 153364 0 34311 2765516 8015 0 700
cpu 0 149779 45 33031 2745852 9671 0 1148
cpu 3 174610 0 51164 2731272 7326 0 596
cpu 2 168835 0 46901 2739719 9168 0 189
cpu 5 174614 0 51747 2732271 7245 0 453
cpu 4 168929 1 51923 2736584 7664 0 112
cpu 7 165714 0 51048 2742128 6402 0 540
cpu 6 188868 0 51109 2718400 7677 0 324
cpu 9 161144 0 50999 2743909 7648 0 376
cpu 8 156422 0 57122 2744635 6025 0 335
mem 1 99033092 97131224 1901868 241500 1045616 104 0 1099472 70196 188200 3732 0 0 174460 0 0 0
mem 0 97636988 56199544 41437444 708188 39578592 444 0 39798328 7316124 491884 27688 0 0 462592 4096 0 0
net lo 0 0 2338079 0 0 0 0 0 0 0 0 0 19548 0 2338079 0 0 0 0 0 0 19548 0
net eno1 0 147947 40323495471 0 0 340 0 0 0 0 0 0 30120714 0 1192618442 0 0 0 0 0 0 5938333 0
net vnet32 0 0 208941 0 0 0 0 0 0 0 0 0 996 0 153337 0 0 0 0 0 0 938 0
net virbr0 0 700 9959911803 0 0 0 0 0 0 0 0 0 39712692 0 38379104259 0 0 0 0 0 0 23505733 0
numa 1 96517737 18781169 10118603 29535 96473482 18825411
numa 0 98675754 10118603 18781169 29710 98674549 10119818
ps - 484939544 167917 362 245 160 3 713
sysv_shm - 0 0
tmpfs /run/lock 0 6
tmpfs /run 2080768 1098
tmpfs /run/user/20029 0 20
tmpfs /run/qemu 0 1
tmpfs /dev/shm 37614813184 105369
vfs - 133602 5464 183809
vm - 2 18820942 433214939 251913 1617408 222621143 266998009 72234204 6430895 162507487 52860 0 0 0 0 0 1811072 0 311878 5997 0 1616826 68 0 3 0 0

1778474977.678337 0 node0.mimesys-workload.ldos-ut-pg0.wisc.cloudlab.us
block sda 459484 208100 37634440 270526 2603758 17695116 866430222 12851926 0 2158052 13384213
block sdb 479 0 7540 438 4 0 0 0 0 556 439
cpu 11 166573 0 50812 2741306 6807 0 5
cpu 10 192968 0 45538 2721397 8878 0 4
cpu 13 161568 0 45846 2751542 6486 0 3
cpu 12 164853 0 44860 2750027 6936 0 1
cpu 15 163796 0 43882 2751656 6465 0 2
cpu 14 157610 0 45135 2757485 6447 0 3
cpu 17 149286 0 44036 2766171 6646 0 1
cpu 16 158682 0 42610 2759854 5872 0 1
cpu 19 130002 0 30034 2800676 6196 0 0
cpu 18 175842 0 30310 2755285 5740 0 2
cpu 1 153403 0 34312 2765578 8015 0 701
cpu 0 149845 45 33032 2745886 9671 0 1148
cpu 3 174646 0 51164 2731334 7326 0 596
cpu 2 168882 0 46902 2739771 9168 0 189
cpu 5 174690 0 51753 2732291 7245 0 453
cpu 4 168968 1 51924 2736644 7664 0 112
cpu 7 165771 0 51048 2742172 6402 0 540
cpu 6 188908 0 51110 2718459 7677 0 324
cpu 9 161144 0 51000 2744012 7648 0 376
cpu 8 156422 0 57122 2744737 6025 0 335
mem 1 99033092 97130228 1902864 241516 1045332 188 0 1099488 70452 187500 3876 0 0 174428 0 0 0
mem 0 97636988 56199796 41437192 708188 39579424 572 0 39798336 7316132 492760 27692 0 0 462592 4096 0 0
net lo 0 0 2339246 0 0 0 0 0 0 0 0 0 19556 0 2339246 0 0 0 0 0 0 19556 0
net eno1 0 147947 40323501982 0 0 340 0 0 0 0 0 0 30120813 0 1192618954 0 0 0 0 0 0 5938338 0
net vnet32 0 0 214011 0 0 0 0 0 0 0 0 0 1024 0 158025 0 0 0 0 0 0 959 0
net virbr0 0 700 9959916481 0 0 0 0 0 0 0 0 0 39712720 0 38379108947 0 0 0 0 0 0 23505754 0
numa 1 96525080 18781169 10118603 29535 96480825 18825411
numa 0 98676235 10118603 18781169 29710 98675030 10119818
ps - 484947935 167977 362 245 160 4 713
sysv_shm - 0 0
tmpfs /run/lock 0 6
tmpfs /run 2080768 1098
tmpfs /run/user/20029 0 20
tmpfs /run/qemu 0 1
tmpfs /dev/shm 37614813184 105369
vfs - 133595 5584 183753
vm - 2 18820956 433215111 251913 1617408 222628966 267005815 72234206 6430895 162519591 52860 0 0 0 0 0 1811072 0 311878 5997 0 1616826 68 0 3 0 0

1778474978.717430 0 node0.mimesys-workload.ldos-ut-pg0.wisc.cloudlab.us
block sda 459485 208100 37634448 270527 2603969 17704294 866736631 12853245 1 2158512 13385533
block sdb 479 0 7540 438 4 0 0 0 0 556 439
cpu 11 166574 0 50813 2741407 6807 0 5
cpu 10 192968 0 45540 2721499 8878 0 4
cpu 13 161569 0 45846 2751644 6486 0 3
cpu 12 164854 0 44862 2750128 6936 0 1
cpu 15 163798 0 43885 2751755 6465 0 2
cpu 14 157611 0 45136 2757587 6447 0 3
cpu 17 149288 0 44039 2766270 6647 0 1
cpu 16 158682 0 42613 2759956 5872 0 1
cpu 19 130002 0 30037 2800777 6196 0 0
cpu 18 175843 0 30312 2755386 5740 0 2
cpu 1 153457 0 34316 2765618 8020 0 701
cpu 0 149888 45 33038 2745936 9674 0 1148
cpu 3 174690 0 51170 2731384 7329 0 596
cpu 2 168920 0 46910 2739825 9172 0 189
cpu 5 174733 0 51755 2732347 7245 0 453
cpu 4 169026 1 51928 2736685 7664 0 112
cpu 7 165810 0 51056 2742219 6411 0 540
cpu 6 188948 0 51115 2718510 7684 0 324
cpu 9 161144 0 51000 2744115 7648 0 376
cpu 8 156424 0 57125 2744837 6025 0 335
mem 1 99033092 97130484 1902608 295312 992152 200 0 1099488 70228 187972 3828 0 0 174380 0 0 0
mem 0 97636988 56197280 41439708 708308 39584316 588 2220 39804328 7318920 492432 28092 0 0 462680 4096 0 0
net lo 0 0 2340413 0 0 0 0 0 0 0 0 0 19564 0 2340413 0 0 0 0 0 0 19564 0
net eno1 0 147959 40323508739 0 0 340 0 0 0 0 0 0 30120915 0 1192620454 0 0 0 0 0 0 5938345 0
net vnet32 0 0 214011 0 0 0 0 0 0 0 0 0 1024 0 158077 0 0 0 0 0 0 960 0
net virbr0 0 700 9959916481 0 0 0 0 0 0 0 0 0 39712720 0 38379108947 0 0 0 0 0 0 23505754 0
numa 1 96531976 18781169 10118603 29535 96487721 18825411
numa 0 98678965 10118603 18781169 29710 98677760 10119818
ps - 484955567 168035 381 250 162 6 707
sysv_shm - 0 0
tmpfs /run/lock 0 6
tmpfs /run 2080768 1098
tmpfs /run/user/20029 0 20
tmpfs /run/qemu 0 1
tmpfs /dev/shm 37614821376 105369
vfs - 133592 5584 183728
vm - 2 18820960 433369031 251913 1617408 222638599 267014424 72247686 6430895 162550597 52860 0 0 0 0 0 1811072 0 311878 5997 0 1616826 68 0 3 0 0

1778474979.759316 0 node0.mimesys-workload.ldos-ut-pg0.wisc.cloudlab.us
block sda 459486 208101 37634473 270528 2603985 17704325 866739351 12853257 0 2158528 13385546
block sdb 479 0 7540 438 4 0 0 0 0 556 439
cpu 11 166574 0 50815 2741509 6807 0 5
cpu 10 192969 0 45542 2721598 8878 0 4
cpu 13 161574 0 45848 2751742 6486 0 3
cpu 12 164856 0 44864 2750227 6936 0 1
cpu 15 163800 0 43886 2751855 6465 0 2
cpu 14 157620 0 45141 2757677 6447 0 3
cpu 17 149293 0 44040 2766368 6647 0 1
cpu 16 158684 0 42615 2760054 5872 0 1
cpu 19 130005 0 30038 2800876 6196 0 0
cpu 18 175850 0 30316 2755479 5740 0 2
cpu 1 153502 0 34317 2765671 8021 0 701
cpu 0 149930 45 33040 2745996 9674 0 1148
cpu 3 174770 0 51171 2731406 7329 0 596
cpu 2 168980 0 46910 2739867 9172 0 189
cpu 5 174771 0 51756 2732411 7245 0 453
cpu 4 169071 1 51930 2736744 7664 0 112
cpu 7 165850 0 51058 2742281 6411 0 540
cpu 6 189030 0 51116 2718531 7684 0 324
cpu 9 161152 0 51002 2744208 7648 0 376
cpu 8 156426 0 57128 2744935 6025 0 335
mem 1 99033092 97132828 1900264 295416 991432 212 0 1099516 70196 187452 3876 0 0 174700 0 0 0
mem 0 97636988 56209004 41427984 708440 39581312 776 0 39800788 7318412 492408 28060 0 0 462680 4096 0 0
net lo 0 0 2342481 0 0 0 0 0 0 0 0 0 19592 0 2342481 0 0 0 0 0 0 19592 0
net eno1 0 147959 40323516433 0 0 340 0 0 0 0 0 0 30121023 0 1192621960 0 0 0 0 0 0 5938353 0
net vnet32 0 0 219081 0 0 0 0 0 0 0 0 0 1052 0 162765 0 0 0 0 0 0 981 0
net virbr0 0 700 9959921159 0 0 0 0 0 0 0 0 0 39712748 0 38379113635 0 0 0 0 0 0 23505775 0
numa 1 96547611 18781169 10118603 29535 96503356 18825411
numa 0 98683204 10118603 18781169 29710 98681999 10119818
ps - 484967679 168192 381 250 162 5 707
sysv_shm - 0 0
tmpfs /run/lock 0 6
tmpfs /run 2080768 1098
tmpfs /run/user/20029 0 20
tmpfs /run/qemu 0 1
tmpfs /dev/shm 37614821376 105369
vfs - 133596 5544 183767
vm - 2 18820972 433369675 251913 1617408 222658467 267034528 72248531 6430895 162575102 52860 0 0 0 0 0 1811072 0 311878 5997 0 1616826 68 0 3 0 0

1778474980.801721 0 node0.mimesys-workload.ldos-ut-pg0.wisc.cloudlab.us
block sda 459486 208101 37634473 270528 2604062 17704325 866740039 12853269 0 2158532 13385558
block sdb 479 0 7540 438 4 0 0 0 0 556 439
cpu 11 166577 0 50818 2741607 6807 0 5
cpu 10 192970 0 45544 2721698 8878 0 4
cpu 13 161574 0 45850 2751843 6486 0 3
cpu 12 164857 0 44866 2750330 6936 0 1
cpu 15 163800 0 43889 2751957 6465 0 2
cpu 14 157620 0 45144 2757778 6447 0 3
cpu 17 149294 0 44042 2766469 6647 0 1
cpu 16 158685 0 42617 2760156 5872 0 1
cpu 19 130006 0 30040 2800978 6196 0 0
cpu 18 175850 0 30317 2755581 5740 0 2
cpu 1 153592 0 34318 2765685 8021 0 701
cpu 0 150017 45 33041 2746011 9674 0 1148
cpu 3 174853 0 51171 2731427 7329 0 596
cpu 2 169065 0 46910 2739885 9172 0 189
cpu 5 174871 0 51756 2732414 7245 0 453
cpu 4 169162 1 51930 2736754 7664 0 112
cpu 7 165950 0 51058 2742285 6411 0 540
cpu 6 189110 0 51117 2718555 7684 0 324
cpu 9 161158 0 51004 2744305 7648 0 376
cpu 8 156426 0 57128 2745038 6025 0 335
mem 1 99033092 97132324 1900768 295420 992908 236 0 1099516 70884 188908 4028 0 0 174540 0 0 0
mem 0 97636988 56209256 41427732 708484 39581368 808 0 39800788 7318412 492520 28060 0 0 462680 4096 0 0
net lo 0 0 2343648 0 0 0 0 0 0 0 0 0 19600 0 2343648 0 0 0 0 0 0 19600 0
net eno1 0 147968 40323522374 0 0 340 0 0 0 0 0 0 30121112 0 1192622496 0 0 0 0 0 0 5938358 0
net vnet32 0 0 222175 0 0 0 0 0 0 0 0 0 1068 0 166597 0 0 0 0 0 0 995 0
net virbr0 0 700 9959924029 0 0 0 0 0 0 0 0 0 39712764 0 38379117415 0 0 0 0 0 0 23505788 0
numa 1 96554514 18781169 10118603 29535 96510259 18825411
numa 0 98683838 10118603 18781169 29710 98682633 10119818
ps - 484970402 168250 381 250 162 9 707
sysv_shm - 0 0
tmpfs /run/lock 0 6
tmpfs /run 2080768 1098
tmpfs /run/user/20029 0 20
tmpfs /run/qemu 0 1
tmpfs /dev/shm 37614821376 105369
vfs - 133591 5544 183713
vm - 2 18820972 433370019 251913 1617408 222666003 267041737 72248533 6430895 162586952 52860 0 0 0 0 0 1811072 0 311878 5997 0 1616826 68 0 3 0 0

1778474981.841773 0 node0.mimesys-workload.ldos-ut-pg0.wisc.cloudlab.us
block sda 459486 208101 37634473 270528 2604062 17704325 866740039 12853269 0 2158532 13385558
block sdb 479 0 7540 438 4 0 0 0 0 556 439
cpu 11 166579 0 50819 2741709 6807 0 5
cpu 10 192973 0 45547 2721796 8878 0 4
cpu 13 161576 0 45853 2751943 6486 0 3
cpu 12 164858 0 44867 2750432 6936 0 1
cpu 15 163800 0 43892 2752057 6465 0 2
cpu 14 157620 0 45145 2757880 6447 0 3
cpu 17 149295 0 44043 2766571 6647 0 1
cpu 16 158686 0 42618 2760258 5872 0 1
cpu 19 130007 0 30040 2801080 6196 0 0
cpu 18 175851 0 30319 2755683 5740 0 2
cpu 1 153685 0 34320 2765693 8021 0 702
cpu 0 150111 45 33041 2746020 9674 0 1148
cpu 3 174948 0 51172 2731437 7329 0 596
cpu 2 169164 0 46911 2739890 9172 0 189
cpu 5 174964 0 51756 2732424 7245 0 453
cpu 4 169254 1 51931 2736766 7664 0 112
cpu 7 166045 0 51058 2742293 6411 0 540
cpu 6 189205 0 51117 2718563 7684 0 324
cpu 9 161158 0 51005 2744408 7648 0 376
cpu 8 156428 0 57131 2745138 6025 0 335
mem 1 99033092 97130060 1903032 295432 994016 172 0 1099524 70384 190100 4112 0 0 174508 0 0 0
mem 0 97636988 56209760 41427228 708480 39580744 720 0 39800792 7318508 491900 28076 0 0 462712 4096 0 0
net lo 0 0 2344205 0 0 0 0 0 0 0 0 0 19604 0 2344205 0 0 0 0 0 0 19604 0
net eno1 0 147968 40323530274 0 0 340 0 0 0 0 0 0 30121218 0 1192625307 0 0 0 0 0 0 5938369 0
net vnet32 0 0 224109 0 0 0 0 0 0 0 0 0 1079 0 167595 0 0 0 0 0 0 1004 0
net virbr0 0 700 9959925809 0 0 0 0 0 0 0 0 0 39712775 0 38379118413 0 0 0 0 0 0 23505797 0
numa 1 96560968 18781169 10118603 29535 96516713 18825411
numa 0 98684069 10118603 18781169 29710 98682864 10119818
ps - 484973514 168305 381 250 162 6 709
sysv_shm - 0 0
tmpfs /run/lock 0 6
tmpfs /run 2080768 1098
tmpfs /run/user/20029 0 20
tmpfs /run/qemu 0 1
tmpfs /dev/shm 37614829568 105369
vfs - 133597 5584 183734
vm - 2 18820972 433370019 251913 1617408 222672688 267048216 72248536 6430895 162597154 52860 0 0 0 0 0 1811072 0 311878 5997 0 1616826 68 0 3 0 0

1778474982.882647 0 node0.mimesys-workload.ldos-ut-pg0.wisc.cloudlab.us
block sda 459487 208101 37634601 270528 2604103 17704446 866741335 12853296 0 2158540 13385586
block sdb 479 0 7540 438 4 0 0 0 0 556 439
cpu 11 166580 0 50820 2741810 6807 0 5
cpu 10 192975 0 45550 2721895 8878 0 4
cpu 13 161582 0 45855 2752039 6486 0 3
cpu 12 164860 0 44869 2750531 6936 0 1
cpu 15 163800 0 43894 2752159 6465 0 2
cpu 14 157622 0 45146 2757981 6447 0 3
cpu 17 149296 0 44044 2766673 6647 0 1
cpu 16 158686 0 42622 2760358 5872 0 1
cpu 19 130008 0 30042 2801181 6196 0 0
cpu 18 175853 0 30322 2755781 5740 0 2
cpu 1 153758 0 34320 2765722 8021 0 702
cpu 0 150174 45 33044 2746061 9674 0 1148
cpu 3 175009 0 51172 2731477 7329 0 596
cpu 2 169228 0 46911 2739926 9172 0 189
cpu 5 175031 0 51756 2732461 7245 0 453
cpu 4 169323 1 51932 2736799 7664 0 112
cpu 7 166116 0 51058 2742326 6411 0 540
cpu 6 189277 0 51120 2718590 7684 0 324
cpu 9 161161 0 51005 2744509 7648 0 376
cpu 8 156430 0 57132 2745238 6025 0 335
mem 1 99033092 97129304 1903788 295492 993056 124 0 1099588 70996 189140 4020 0 0 174508 0 0 0
mem 0 97636988 56210768 41426220 708480 39581228 220 0 39800796 7318412 492336 28080 0 0 462608 4096 0 0
net lo 0 0 2345372 0 0 0 0 0 0 0 0 0 19612 0 2345372 0 0 0 0 0 0 19612 0
net eno1 0 147978 40323538223 0 0 340 0 0 0 0 0 0 30121337 0 1192627655 0 0 0 0 0 0 5938382 0
net vnet32 0 0 227245 0 0 0 0 0 0 0 0 0 1096 0 171337 0 0 0 0 0 0 1017 0
net virbr0 0 700 9959928707 0 0 0 0 0 0 0 0 0 39712792 0 38379122103 0 0 0 0 0 0 23505809 0
numa 1 96568303 18781169 10118603 29535 96524048 18825411
numa 0 98684440 10118603 18781169 29710 98683235 10119818
ps - 484979421 168363 381 250 162 9 707
sysv_shm - 0 0
tmpfs /run/lock 0 6
tmpfs /run 2080768 1098
tmpfs /run/user/20029 0 20
tmpfs /run/qemu 0 1
tmpfs /dev/shm 37614837760 105369
vfs - 133598 5584 183769
vm - 2 18821036 433370667 251913 1617408 222680394 267056092 72248553 6430895 162609160 52861 0 0 0 0 0 1811072 0 311878 5997 0 1616826 68 0 3 0 0

1778474983.922369 0 node0.mimesys-workload.ldos-ut-pg0.wisc.cloudlab.us
block sda 459487 208101 37634601 270528 2604105 17704446 866741351 12853297 0 2158544 13385587
block sdb 479 0 7540 438 4 0 0 0 0 556 439
cpu 11 166581 0 50821 2741912 6807 0 5
cpu 10 192975 0 45551 2721997 8878 0 4
cpu 13 161583 0 45857 2752139 6486 0 3
cpu 12 164865 0 44870 2750629 6936 0 1
cpu 15 163803 0 43896 2752259 6465 0 2
cpu 14 157622 0 45148 2758082 6447 0 3
cpu 17 149297 0 44045 2766774 6647 0 1
cpu 16 158687 0 42625 2760459 5872 0 1
cpu 19 130008 0 30044 2801282 6196 0 0
cpu 18 175854 0 30324 2755881 5740 0 2
cpu 1 153835 0 34320 2765749 8021 0 703
cpu 0 150240 45 33044 2746097 9674 0 1148
cpu 3 175101 0 51172 2731489 7329 0 596
cpu 2 169305 0 46911 2739951 9172 0 189
cpu 5 175116 0 51756 2732480 7245 0 453
cpu 4 169412 1 51932 2736814 7664 0 112
cpu 7 166182 0 51058 2742364 6411 0 540
cpu 6 189359 0 51120 2718612 7684 0 324
cpu 9 161162 0 51005 2744612 7648 0 376
cpu 8 156430 0 57132 2745341 6025 0 335
mem 1 99033092 97129052 1904040 295492 992536 132 0 1099592 70256 188512 3868 0 0 174516 0 0 0
mem 0 97636988 56211272 41425716 708480 39580836 224 0 39800804 7318412 492016 28088 0 0 462608 4096 0 0
net lo 0 0 2345929 0 0 0 0 0 0 0 0 0 19616 0 2345929 0 0 0 0 0 0 19616 0
net eno1 0 147978 40323545126 0 0 340 0 0 0 0 0 0 30121444 0 1192628066 0 0 0 0 0 0 5938386 0
net vnet32 0 0 229179 0 0 0 0 0 0 0 0 0 1107 0 172335 0 0 0 0 0 0 1026 0
net virbr0 0 700 9959930487 0 0 0 0 0 0 0 0 0 39712803 0 38379123101 0 0 0 0 0 0 23505818 0
numa 1 96574246 18781169 10118603 29535 96529991 18825411
numa 0 98684594 10118603 18781169 29710 98683389 10119818
ps - 484983394 168423 391 255 164 7 714
sysv_shm - 0 0
tmpfs /run/lock 0 6
tmpfs /run 2080768 1098
tmpfs /run/user/20029 0 20
tmpfs /run/qemu 0 1
tmpfs /dev/shm 37614837760 105369
vfs - 133589 5624 183711
vm - 2 18821036 433370675 251913 1617408 222686491 267062463 72248554 6430895 162618533 52861 0 0 0 0 0 1811072 0 311878 5997 0 1616826 68 0 3 0 0

1778474984.962412 0 node0.mimesys-workload.ldos-ut-pg0.wisc.cloudlab.us
block sda 459487 208101 37634601 270528 2604117 17704459 866742671 12853303 0 2158552 13385593
block sdb 479 0 7540 438 4 0 0 0 0 556 439
cpu 11 166581 0 50821 2742014 6807 0 5
cpu 10 192977 0 45553 2722097 8878 0 4
cpu 13 161584 0 45859 2752241 6486 0 3
cpu 12 164867 0 44872 2750729 6936 0 1
cpu 15 163804 0 43900 2752358 6465 0 2
cpu 14 157624 0 45150 2758183 6447 0 3
cpu 17 149298 0 44045 2766876 6647 0 1
cpu 16 158692 0 42628 2760555 5872 0 1
cpu 19 130008 0 30045 2801384 6196 0 0
cpu 18 175858 0 30327 2755980 5740 0 2
cpu 1 153924 0 34321 2765759 8021 0 703
cpu 0 150329 45 33048 2746108 9674 0 1148
cpu 3 175192 0 51173 2731500 7329 0 596
cpu 2 169386 0 46915 2739968 9172 0 189
cpu 5 175212 0 51758 2732485 7245 0 453
cpu 4 169504 1 51933 2736826 7664 0 112
cpu 7 166278 0 51059 2742370 6411 0 540
cpu 6 189440 0 51121 2718632 7684 0 324
cpu 9 161164 0 51006 2744712 7648 0 376
cpu 8 156433 0 57134 2745440 6025 0 335
mem 1 99033092 97126788 1906304 295500 991592 172 0 1099604 70256 187580 3824 0 0 174464 0 0 0
mem 0 97636988 56110724 41526264 708496 39702284 288 0 39922016 7439624 492456 28176 0 0 462612 4096 0 0
net lo 0 0 2347096 0 0 0 0 0 0 0 0 0 19624 0 2347096 0 0 0 0 0 0 19624 0
net eno1 0 147986 40323552141 0 0 340 0 0 0 0 0 0 30121551 0 1192629546 0 0 0 0 0 0 5938393 0
net vnet32 0 0 234249 0 0 0 0 0 0 0 0 0 1135 0 177075 0 0 0 0 0 0 1048 0
net virbr0 0 700 9959935165 0 0 0 0 0 0 0 0 0 39712831 0 38379127789 0 0 0 0 0 0 23505839 0
numa 1 96581432 18781169 10118603 29535 96537177 18825411
numa 0 98716269 10118603 18781169 29710 98715064 10119818
ps - 484986967 168482 391 255 164 9 714
sysv_shm - 0 0
tmpfs /run/lock 0 6
tmpfs /run 2080768 1098
tmpfs /run/user/20029 0 20
tmpfs /run/qemu 0 1
tmpfs /dev/shm 37614841856 105369
vfs - 133591 5584 183769
vm - 2 18821036 433371335 251913 1617408 222725463 267070297 72248556 6430895 162661526 52861 0 0 0 0 0 1811072 0 311878 5997 0 1616826 68 0 3 0 0

1778474986.001571 0 node0.mimesys-workload.ldos-ut-pg0.wisc.cloudlab.us
block sda 459487 208101 37634601 270528 2604210 17704459 866743527 12853316 0 2158556 13385607
block sdb 479 0 7540 438 4 0 0 0 0 556 439
cpu 11 166584 0 50824 2742114 6807 0 5
cpu 10 192978 0 45555 2722198 8878 0 4
cpu 13 161586 0 45860 2752341 6486 0 3
cpu 12 164869 0 44873 2750830 6936 0 1
cpu 15 163807 0 43904 2752454 6465 0 2
cpu 14 157630 0 45152 2758278 6447 0 3
cpu 17 149299 0 44046 2766979 6647 0 1
cpu 16 158696 0 42630 2760653 5872 0 1
cpu 19 130010 0 30046 2801485 6196 0 0
cpu 18 175859 0 30330 2756078 5740 0 2
cpu 1 153975 0 34325 2765807 8021 0 703
cpu 0 150381 45 33052 2746155 9674 0 1148
cpu 3 175263 0 51176 2731529 7329 0 596
cpu 2 169426 0 46917 2740031 9172 0 189
cpu 5 175286 0 51762 2732510 7245 0 453
cpu 4 169568 1 51933 2736864 7664 0 112
cpu 7 166329 0 51060 2742421 6411 0 540
cpu 6 189473 0 51124 2718699 7684 0 324
cpu 9 161165 0 51006 2744815 7648 0 376
cpu 8 156435 0 57136 2745540 6025 0 335
mem 1 99033092 97125528 1907564 295504 993520 44 0 1099608 70996 189968 3896 0 0 174528 0 0 0
mem 0 97636988 55935344 41701644 708504 39878496 40 0 40099084 7616688 492000 28600 0 0 462628 4096 0 0
net lo 0 0 2348263 0 0 0 0 0 0 0 0 0 19632 0 2348263 0 0 0 0 0 0 19632 0
net eno1 0 147986 40323558816 0 0 340 0 0 0 0 0 0 30121648 0 1192630948 0 0 0 0 0 0 5938399 0
net vnet32 0 0 237187 0 0 0 0 0 0 0 0 0 1149 0 180765 0 0 0 0 0 0 1060 0
net virbr0 0 700 9959937907 0 0 0 0 0 0 0 0 0 39712845 0 38379131479 0 0 0 0 0 0 23505851 0
numa 1 96589463 18781169 10118603 29535 96545208 18825411
numa 0 98760829 10118603 18781169 29710 98759624 10119818
ps - 484990618 168544 391 255 164 4 714
sysv_shm - 0 0
tmpfs /run/lock 0 6
tmpfs /run 2080768 1098
tmpfs /run/user/20029 0 20
tmpfs /run/qemu 0 1
tmpfs /dev/shm 37614845952 105369
vfs - 133596 5624 183801
vm - 2 18821036 433371763 251913 1617408 222777992 267078142 72248561 6430895 162718231 52861 0 0 0 0 0 1811072 0 311878 5997 0 1616826 68 0 3 0 0

1778474987.042079 0 node0.mimesys-workload.ldos-ut-pg0.wisc.cloudlab.us
block sda 459488 208101 37634632 270528 2604211 17704474 866743655 12853317 0 2158560 13385608
block sdb 479 0 7540 438 4 0 0 0 0 556 439
cpu 11 166584 0 50827 2742215 6807 0 5
cpu 10 192978 0 45557 2722299 8878 0 4
cpu 13 161587 0 45862 2752443 6486 0 3
cpu 12 164870 0 44873 2750932 6936 0 1
cpu 15 163808 0 43906 2752555 6465 0 2
cpu 14 157630 0 45154 2758379 6447 0 3
cpu 17 149300 0 44046 2767081 6647 0 1
cpu 16 158696 0 42631 2760755 5872 0 1
cpu 19 130011 0 30048 2801586 6196 0 0
cpu 18 175860 0 30331 2756179 5740 0 2
cpu 1 154050 0 34327 2765835 8021 0 703
cpu 0 150458 45 33054 2746180 9674 0 1148
cpu 3 175332 0 51176 2731563 7329 0 596
cpu 2 169477 0 46918 2740078 9172 0 189
cpu 5 175357 0 51768 2732535 7245 0 453
cpu 4 169645 1 51936 2736889 7664 0 112
cpu 7 166394 0 51061 2742457 6411 0 540
cpu 6 189544 0 51125 2718729 7684 0 324
cpu 9 161166 0 51006 2744917 7648 0 376
cpu 8 156436 0 57136 2745643 6025 0 335
mem 1 99033092 97125032 1908060 295504 991636 108 0 1099608 70256 187660 3876 0 0 174528 0 0 0
mem 0 97636988 55778856 41858132 708552 40036104 164 0 40255816 7773420 492444 28976 0 0 462660 4096 0 0
net lo 0 0 2348820 0 0 0 0 0 0 0 0 0 19636 0 2348820 0 0 0 0 0 0 19636 0
net eno1 0 147998 40323565413 0 0 340 0 0 0 0 0 0 30121750 0 1192631359 0 0 0 0 0 0 5938403 0
net vnet32 0 0 239121 0 0 0 0 0 0 0 0 0 1160 0 181815 0 0 0 0 0 0 1070 0
net virbr0 0 700 9959939687 0 0 0 0 0 0 0 0 0 39712856 0 38379132477 0 0 0 0 0 0 23505860 0
numa 1 96595171 18781169 10118603 29535 96550916 18825411
numa 0 98802773 10118603 18781169 29710 98801568 10119818
ps - 484994327 168597 391 255 164 10 714
sysv_shm - 0 0
tmpfs /run/lock 0 6
tmpfs /run 2080768 1098
tmpfs /run/user/20029 0 20
tmpfs /run/qemu 0 1
tmpfs /dev/shm 37614850048 105369
vfs - 133588 5664 183745
vm - 2 18821052 433371827 251913 1617408 222826212 267084506 72248575 6430895 162769561 52861 0 0 0 0 0 1811072 0 311878 5997 0 1616826 68 0 3 0 0

1778474988.081095 0 node0.mimesys-workload.ldos-ut-pg0.wisc.cloudlab.us
block sda 459488 208101 37634632 270528 2604212 17704474 866743663 12853317 0 2158564 13385608
block sdb 479 0 7540 438 4 0 0 0 0 556 439
cpu 11 166585 0 50829 2742315 6807 0 5
cpu 10 192982 0 45558 2722398 8878 0 4
cpu 13 161587 0 45863 2752544 6486 0 3
cpu 12 164877 0 44875 2751028 6936 0 1
cpu 15 163808 0 43909 2752655 6465 0 2
cpu 14 157632 0 45155 2758480 6447 0 3
cpu 17 149301 0 44047 2767182 6647 0 1
cpu 16 158696 0 42632 2760857 5872 0 1
cpu 19 130013 0 30050 2801687 6196 0 0
cpu 18 175862 0 30335 2756277 5740 0 2
cpu 1 154110 0 34330 2765873 8021 0 703
cpu 0 150544 45 33057 2746193 9674 0 1148
cpu 3 175420 0 51176 2731578 7329 0 596
cpu 2 169535 0 46926 2740113 9172 0 189
cpu 5 175426 0 51770 2732567 7245 0 453
cpu 4 169730 1 51936 2736907 7664 0 112
cpu 7 166468 0 51065 2742483 6411 0 540
cpu 6 189625 0 51129 2718747 7684 0 324
cpu 9 161167 0 51007 2745019 7648 0 376
cpu 8 156437 0 57138 2745743 6025 0 335
mem 1 99033092 97124276 1908816 295508 993496 128 0 1099612 71000 189952 3876 0 0 174528 0 0 0
mem 0 97636988 55567932 42069056 708560 40245552 200 0 40465696 7983292 491996 29368 0 0 462772 4096 0 0
net lo 0 0 2349987 0 0 0 0 0 0 0 0 0 19644 0 2349987 0 0 0 0 0 0 19644 0
net eno1 0 147998 40323572497 0 0 340 0 0 0 0 0 0 30121853 0 1192632763 0 0 0 0 0 0 5938410 0
net vnet32 0 0 242901 0 0 0 0 0 0 0 0 0 1175 0 185505 0 0 0 0 0 0 1082 0
net virbr0 0 700 9959943257 0 0 0 0 0 0 0 0 0 39712871 0 38379136167 0 0 0 0 0 0 23505872 0
numa 1 96602509 18781169 10118603 29535 96558254 18825411
numa 0 98854301 10118603 18781169 29710 98853096 10119818
ps - 484998259 168656 391 255 164 6 714
sysv_shm - 0 0
tmpfs /run/lock 0 6
tmpfs /run 2080768 1098
tmpfs /run/user/20029 0 20
tmpfs /run/qemu 0 1
tmpfs /dev/shm 37614854144 105369
vfs - 133593 5664 183771
vm - 2 18821052 433371831 251913 1617408 222884551 267091818 72248579 6430895 162831910 52861 0 0 0 0 0 1811072 0 311878 5997 0 1616826 68 0 3 0 0

1778474989.120722 0 node0.mimesys-workload.ldos-ut-pg0.wisc.cloudlab.us
block sda 459488 208101 37634632 270528 2604217 17704488 866743815 12853317 0 2158568 13385608
block sdb 479 0 7540 438 4 0 0 0 0 556 439
cpu 11 166587 0 50829 2742417 6807 0 5
cpu 10 192982 0 45559 2722501 8878 0 4
cpu 13 161588 0 45865 2752646 6486 0 3
cpu 12 164879 0 44877 2751128 6936 0 1
cpu 15 163808 0 43910 2752756 6465 0 2
cpu 14 157633 0 45158 2758581 6447 0 3
cpu 17 149302 0 44050 2767283 6647 0 1
cpu 16 158697 0 42634 2760958 5872 0 1
cpu 19 130013 0 30050 2801789 6196 0 0
cpu 18 175863 0 30335 2756380 5740 0 2
cpu 1 154156 0 34332 2765927 8021 0 703
cpu 0 150614 45 33058 2746225 9674 0 1148
cpu 3 175514 0 51179 2731586 7329 0 596
cpu 2 169604 0 46928 2740146 9172 0 189
cpu 5 175498 0 51771 2732596 7245 0 453
cpu 4 169803 1 51937 2736937 7664 0 112
cpu 7 166525 0 51066 2742527 6411 0 540
cpu 6 189670 0 51134 2718800 7684 0 324
cpu 9 161168 0 51008 2745121 7648 0 376
cpu 8 156438 0 57141 2745842 6025 0 335
mem 1 99033092 97123524 1909568 295508 991584 136 0 1099612 70256 187600 3876 0 0 174496 0 0 0
mem 0 97636988 55463164 42173824 708564 40350256 212 0 40570004 8087600 492376 29576 0 0 462796 4096 0 0
net lo 0 0 2350544 0 0 0 0 0 0 0 0 0 19648 0 2350544 0 0 0 0 0 0 19648 0
net eno1 0 148006 40323578260 0 0 340 0 0 0 0 0 0 30121941 0 1192634192 0 0 0 0 0 0 5938415 0
net vnet32 0 0 243993 0 0 0 0 0 0 0 0 0 1185 0 186555 0 0 0 0 0 0 1092 0
net virbr0 0 700 9959944209 0 0 0 0 0 0 0 0 0 39712881 0 38379137165 0 0 0 0 0 0 23505881 0
numa 1 96607664 18781169 10118603 29535 96563409 18825411
numa 0 98880210 10118603 18781169 29710 98879005 10119818
ps - 485001490 168709 384 255 165 9 680
sysv_shm - 0 0
tmpfs /run/lock 0 6
tmpfs /run 2080768 1098
tmpfs /run/user/20029 0 20
tmpfs /run/qemu 0 1
tmpfs /dev/shm 37614858240 105369
vfs - 133596 5664 183605
vm - 2 18821052 433371907 251913 1617408 222915525 267098404 72248580 6430895 162866066 52861 0 0 0 0 0 1811072 0 311878 5997 0 1616826 68 0 3 0 0

1778474990.160075 0 node0.mimesys-workload.ldos-ut-pg0.wisc.cloudlab.us
block sda 459489 208101 37634640 270529 2604238 17704488 866745191 12853323 0 2158584 13385615
block sdb 479 0 7540 438 4 0 0 0 0 556 439
cpu 11 166588 0 50830 2742519 6807 0 5
cpu 10 192983 0 45561 2722602 8878 0 4
cpu 13 161589 0 45866 2752747 6486 0 3
cpu 12 164883 0 44878 2751228 6936 0 1
cpu 15 163810 0 43914 2752854 6465 0 2
cpu 14 157633 0 45162 2758680 6447 0 3
cpu 17 149304 0 44052 2767383 6647 0 1
cpu 16 158698 0 42636 2761060 5872 0 1
cpu 19 130014 0 30052 2801891 6196 0 0
cpu 18 175869 0 30336 2756476 5740 0 2
cpu 1 154258 0 34334 2765927 8021 0 704
cpu 0 150708 45 33061 2746233 9674 0 1148
cpu 3 175603 0 51180 2731599 7329 0 596
cpu 2 169688 0 46928 2740163 9172 0 189
cpu 5 175568 0 51773 2732627 7245 0 453
cpu 4 169873 1 51940 2736966 7664 0 112
cpu 7 166622 0 51068 2742531 6411 0 540
cpu 6 189744 0 51136 2718826 7684 0 324
cpu 9 161169 0 51010 2745221 7648 0 376
cpu 8 156438 0 57141 2745945 6025 0 335
mem 1 99033092 97123276 1909816 295520 991628 140 0 1099624 70256 187652 3852 0 0 174472 0 0 0
mem 0 97636988 55348000 42288988 708572 40465532 196 0 40685140 8202728 492172 29708 0 0 462804 4096 0 0
net lo 0 0 2351711 0 0 0 0 0 0 0 0 0 19656 0 2351711 0 0 0 0 0 0 19656 0
net eno1 0 148006 40323585928 0 0 340 0 0 0 0 0 0 30122054 0 1192634704 0 0 0 0 0 0 5938420 0
net vnet32 0 0 249063 0 0 0 0 0 0 0 0 0 1213 0 191243 0 0 0 0 0 0 1113 0
net virbr0 0 700 9959948887 0 0 0 0 0 0 0 0 0 39712909 0 38379141853 0 0 0 0 0 0 23505902 0
numa 1 96615366 18781169 10118603 29535 96571111 18825411
numa 0 98909734 10118603 18781169 29710 98908529 10119818
ps - 485004392 168774 384 255 165 11 680
sysv_shm - 0 0
tmpfs /run/lock 0 6
tmpfs /run 2080768 1098
tmpfs /run/user/20029 0 20
tmpfs /run/qemu 0 1
tmpfs /dev/shm 37614858240 105369
vfs - 133591 5624 183551
vm - 2 18821056 433372595 251913 1617408 222952786 267106706 72248581 6430895 162907787 52861 0 0 0 0 0 1811072 0 311878 5997 0 1616826 68 0 3 0 0

1778474991.200467 0 node0.mimesys-workload.ldos-ut-pg0.wisc.cloudlab.us
block sda 459490 208101 37634648 270531 2604339 17706428 866769511 12853405 5 2158632 13385698
block sdb 479 0 7540 438 4 0 0 0 0 556 439
cpu 11 166593 0 50833 2742615 6807 0 5
cpu 10 192984 0 45564 2722703 8878 0 4
cpu 13 161589 0 45868 2752848 6486 0 3
cpu 12 164884 0 44880 2751329 6936 0 1
cpu 15 163812 0 43916 2752954 6465 0 2
cpu 14 157637 0 45166 2758777 6447 0 3
cpu 17 149304 0 44054 2767484 6647 0 1
cpu 16 158699 0 42637 2761161 5872 0 1
cpu 19 130014 0 30054 2801993 6196 0 0
cpu 18 175870 0 30338 2756576 5740 0 2
cpu 1 154336 0 34335 2765951 8021 0 704
cpu 0 150802 45 33062 2746239 9675 0 1148
cpu 3 175670 0 51182 2731631 7329 0 596
cpu 2 169766 0 46933 2740184 9172 0 189
cpu 5 175628 0 51774 2732668 7245 0 453
cpu 4 169928 1 51945 2737009 7665 0 112
cpu 7 166702 0 51069 2742554 6411 0 540
cpu 6 189834 0 51136 2718839 7684 0 324
cpu 9 161171 0 51011 2745321 7648 0 376
cpu 8 156440 0 57143 2746045 6025 0 335
mem 1 99033092 97122268 1910824 295524 993204 24 0 1099624 70968 189684 3928 0 0 174464 0 0 0
mem 0 97636988 55239184 42397804 708576 40574192 0 0 40794360 8311944 492032 29844 0 0 462820 4096 0 0
net lo 0 0 2352878 0 0 0 0 0 0 0 0 0 19664 0 2352878 0 0 0 0 0 0 19664 0
net eno1 0 148015 40323591965 0 0 340 0 0 0 0 0 0 30122145 0 1192636236 0 0 0 0 0 0 5938427 0
net vnet32 0 0 252199 0 0 0 0 0 0 0 0 0 1230 0 194985 0 0 0 0 0 0 1126 0
net virbr0 0 700 9959951785 0 0 0 0 0 0 0 0 0 39712926 0 38379145543 0 0 0 0 0 0 23505914 0
numa 1 96623132 18781169 10118603 29535 96578877 18825411
numa 0 98937790 10118603 18781169 29710 98936585 10119818
ps - 485007359 168838 384 255 165 6 679
sysv_shm - 0 0
tmpfs /run/lock 0 6
tmpfs /run 2080768 1098
tmpfs /run/user/20029 0 20
tmpfs /run/qemu 0 1
tmpfs /dev/shm 37614862336 105369
vfs - 133593 5664 183554
vm - 2 18821060 433388867 251913 1617408 222988635 267114735 72248586 6430895 162948200 52861 0 0 0 0 0 1811072 0 311878 5997 0 1616826 68 0 3 0 0

1778474992.243504 0 node0.mimesys-workload.ldos-ut-pg0.wisc.cloudlab.us
block sda 459493 208101 37634792 270536 2604669 17725591 867210663 12855796 0 2159256 13388095
block sdb 479 0 7540 438 4 0 0 0 0 556 439
cpu 11 166594 0 50835 2742717 6807 0 5
cpu 10 192985 0 45566 2722804 8878 0 4
cpu 13 161592 0 45870 2752947 6486 0 3
cpu 12 164885 0 44882 2751430 6936 0 1
cpu 15 163813 0 43917 2753056 6465 0 2
cpu 14 157639 0 45167 2758879 6447 0 3
cpu 17 149304 0 44055 2767586 6647 0 1
cpu 16 158699 0 42639 2761264 5872 0 1
cpu 19 130014 0 30056 2802095 6196 0 0
cpu 18 175870 0 30339 2756679 5740 0 2
cpu 1 154415 0 34341 2765963 8026 0 704
cpu 0 150846 45 33069 2746286 9680 0 1148
cpu 3 175725 0 51187 2731671 7333 0 596
cpu 2 169834 0 46936 2740213 9176 0 189
cpu 5 175674 0 51777 2732719 7248 0 453
cpu 4 169983 1 51948 2737049 7671 0 112
cpu 7 166754 0 51073 2742599 6413 0 540
cpu 6 189891 0 51142 2718873 7689 0 324
cpu 9 161172 0 51012 2745423 7648 0 376
cpu 8 156442 0 57145 2746146 6025 0 335
mem 1 99033092 97122020 1911072 295520 992028 100 0 1099632 70764 188032 3860 0 0 174464 0 0 0
mem 0 97636988 55218020 42418968 708712 40579804 124 0 40800072 8317400 492056 29976 0 0 462604 4096 0 0
net lo 0 0 2353435 0 0 0 0 0 0 0 0 0 19668 0 2353435 0 0 0 0 0 0 19668 0
net eno1 0 148015 40323597614 0 0 340 0 0 0 0 0 0 30122231 0 1192637647 0 0 0 0 0 0 5938433 0
net vnet32 0 0 254133 0 0 0 0 0 0 0 0 0 1241 0 195983 0 0 0 0 0 0 1135 0
net virbr0 0 700 9959953565 0 0 0 0 0 0 0 0 0 39712937 0 38379146541 0 0 0 0 0 0 23505923 0
numa 1 96629027 18781169 10118603 29535 96584772 18825411
numa 0 98943829 10118603 18781169 29710 98942624 10119818
ps - 485013880 168897 384 255 165 7 684
sysv_shm - 0 0
tmpfs /run/lock 0 6
tmpfs /run 2080768 1098
tmpfs /run/user/20029 0 20
tmpfs /run/qemu 0 1
tmpfs /dev/shm 37614878720 105369
vfs - 133594 5624 183613
vm - 2 18821132 433605331 251913 1617408 223000522 267125674 72248594 6430895 162959068 52861 0 0 0 0 0 1811072 0 311878 5997 0 1616826 68 0 3 0 0

1778474993.284185 0 node0.mimesys-workload.ldos-ut-pg0.wisc.cloudlab.us
block sda 459493 208101 37634792 270536 2604669 17725591 867210663 12855796 0 2159256 13388095
block sdb 479 0 7540 438 4 0 0 0 0 556 439
cpu 11 166594 0 50836 2742818 6807 0 5
cpu 10 192988 0 45570 2722901 8878 0 4
cpu 13 161594 0 45872 2753048 6486 0 3
cpu 12 164886 0 44883 2751531 6936 0 1
cpu 15 163814 0 43918 2753158 6465 0 2
cpu 14 157640 0 45170 2758978 6447 0 3
cpu 17 149306 0 44056 2767688 6647 0 1
cpu 16 158700 0 42641 2761365 5872 0 1
cpu 19 130014 0 30058 2802197 6196 0 0
cpu 18 175871 0 30341 2756779 5740 0 2
cpu 1 154496 0 34341 2765986 8026 0 704
cpu 0 150918 45 33070 2746316 9680 0 1148
cpu 3 175812 0 51188 2731687 7333 0 596
cpu 2 169896 0 46938 2740253 9176 0 189
cpu 5 175748 0 51778 2732748 7248 0 453
cpu 4 170040 1 51949 2737094 7671 0 112
cpu 7 166820 0 51073 2742635 6413 0 540
cpu 6 189952 0 51142 2718912 7689 0 324
cpu 9 161174 0 51013 2745524 7648 0 376
cpu 8 156446 0 57146 2746244 6025 0 335
mem 1 99033092 97119756 1913336 295528 992428 124 0 1099632 71000 188432 3876 0 0 174360 0 0 0
mem 0 97636988 55197916 42439072 708792 40601920 160 0 40823168 8340480 492064 30052 0 0 462596 4096 0 0
net lo 0 0 2354602 0 0 0 0 0 0 0 0 0 19676 0 2354602 0 0 0 0 0 0 19676 0
net eno1 0 148024 40323602565 0 0 340 0 0 0 0 0 0 30122303 0 1192638159 0 0 0 0 0 0 5938438 0
net vnet32 0 0 259009 0 0 0 0 0 0 0 0 0 1266 0 200723 0 0 0 0 0 0 1157 0
net virbr0 0 701 9959958091 0 0 0 0 0 0 0 0 0 39712962 0 38379151229 0 0 0 0 0 0 23505944 0
numa 1 96636327 18781169 10118603 29535 96592072 18825411
numa 0 98950242 10118603 18781169 29710 98949037 10119818
ps - 485019370 168957 384 255 165 9 684
sysv_shm - 0 0
tmpfs /run/lock 0 6
tmpfs /run 2080768 1098
tmpfs /run/user/20029 0 20
tmpfs /run/qemu 0 1
tmpfs /dev/shm 37614895104 105369
vfs - 133590 5544 183581
vm - 2 18821132 433605331 251913 1617408 223014247 267133512 72248602 6430895 162977059 52861 0 0 0 0 0 1811072 0 311878 5997 0 1616826 68 0 3 0 0

1778474994.323412 0 node0.mimesys-workload.ldos-ut-pg0.wisc.cloudlab.us
block sda 459494 208101 37634800 270536 2604676 17725664 867211303 12855798 0 2159264 13388097
block sdb 479 0 7540 438 4 0 0 0 0 556 439
cpu 11 166595 0 50837 2742920 6807 0 5
cpu 10 192988 0 45572 2723003 8878 0 4
cpu 13 161594 0 45874 2753150 6486 0 3
cpu 12 164889 0 44886 2751630 6936 0 1
cpu 15 163816 0 43920 2753257 6465 0 2
cpu 14 157640 0 45172 2759079 6447 0 3
cpu 17 149307 0 44058 2767788 6647 0 1
cpu 16 158701 0 42642 2761467 5872 0 1
cpu 19 130015 0 30059 2802299 6196 0 0
cpu 18 175872 0 30344 2756879 5740 0 2
cpu 1 154576 0 34344 2766010 8026 0 704
cpu 0 150990 45 33074 2746349 9680 0 1148
cpu 3 175894 0 51188 2731709 7333 0 596
cpu 2 169927 0 46940 2740323 9176 0 189
cpu 5 175796 0 51780 2732804 7248 0 453
cpu 4 170094 1 51950 2737142 7671 0 112
cpu 7 166880 0 51075 2742678 6413 0 540
cpu 6 190014 0 51145 2718953 7689 0 324
cpu 9 161175 0 51014 2745625 7648 0 376
cpu 8 156446 0 57148 2746345 6025 0 335
mem 1 99033092 97116732 1916360 295528 993520 140 0 1099636 71652 189568 3952 0 0 174352 0 0 0
mem 0 97636988 55177000 42459988 708856 40628472 164 0 40848292 8365588 492704 30084 0 0 462620 4096 0 0
net lo 0 0 2355769 0 0 0 0 0 0 0 0 0 19684 0 2355769 0 0 0 0 0 0 19684 0
net eno1 0 148024 40323608662 0 0 340 0 0 0 0 0 0 30122396 0 1192639641 0 0 0 0 0 0 5938446 0
net vnet32 0 0 259009 0 0 0 0 0 0 0 0 0 1266 0 200723 0 0 0 0 0 0 1157 0
net virbr0 0 701 9959958091 0 0 0 0 0 0 0 0 0 39712962 0 38379151229 0 0 0 0 0 0 23505944 0
numa 1 96643305 18781169 10118603 29535 96599050 18825411
numa 0 98956923 10118603 18781169 29710 98955718 10119818
ps - 485024132 169018 425 266 169 12 688
sysv_shm - 0 0
tmpfs /run/lock 0 6
tmpfs /run 2080768 1098
tmpfs /run/user/20029 0 20
tmpfs /run/qemu 0 1
tmpfs /dev/shm 37614911488 105369
vfs - 133604 5664 183598
vm - 2 18821136 433605651 251913 1617408 223027916 267140008 72248608 6430895 162994766 52861 0 0 0 0 0 1811072 0 311878 5997 0 1616826 68 0 3 0 0

1778474995.364932 0 node0.mimesys-workload.ldos-ut-pg0.wisc.cloudlab.us
block sda 459495 208101 37634808 270537 2604689 17725664 867212927 12855803 0 2159276 13388103
block sdb 479 0 7540 438 4 0 0 0 0 556 439
cpu 11 166595 0 50842 2743020 6807 0 5
cpu 10 192988 0 45576 2723103 8878 0 4
cpu 13 161599 0 45875 2753248 6486 0 3
cpu 12 164890 0 44887 2751731 6936 0 1
cpu 15 163818 0 43922 2753357 6465 0 2
cpu 14 157641 0 45172 2759182 6447 0 3
cpu 17 149307 0 44060 2767890 6647 0 1
cpu 16 158702 0 42642 2761569 5872 0 1
cpu 19 130015 0 30060 2802401 6196 0 0
cpu 18 175873 0 30344 2756981 5740 0 2
cpu 1 154668 0 34348 2766027 8026 0 704
cpu 0 151058 45 33080 2746397 9680 0 1148
cpu 3 175980 0 51193 2731733 7333 0 596
cpu 2 170008 0 46943 2740359 9176 0 189
cpu 5 175863 0 51784 2732857 7248 0 453
cpu 4 170156 1 51955 2737198 7671 0 112
cpu 7 166951 0 51080 2742734 6413 0 540
cpu 6 190098 0 51147 2718980 7689 0 324
cpu 9 161180 0 51016 2745723 7648 0 376
cpu 8 156448 0 57150 2746445 6025 0 335
mem 1 99033092 97114720 1918372 295544 992016 164 0 1099648 71008 187996 3916 0 0 174352 0 0 0
mem 0 97636988 55111252 42525736 708876 40701892 460 0 40922288 8439564 492636 30216 0 0 462588 4096 0 0
net lo 0 0 2356326 0 0 0 0 0 0 0 0 0 19688 0 2356326 0 0 0 0 0 0 19688 0
net eno1 0 148033 40323614263 0 0 340 0 0 0 0 0 0 30122480 0 1192641178 0 0 0 0 0 0 5938453 0
net vnet32 0 0 264013 0 0 0 0 0 0 0 0 0 1293 0 205463 0 0 0 0 0 0 1179 0
net virbr0 0 701 9959962717 0 0 0 0 0 0 0 0 0 39712989 0 38379155917 0 0 0 0 0 0 23505965 0
numa 1 96649648 18781169 10118603 29535 96605393 18825411
numa 0 98976331 10118603 18781169 29710 98975126 10119818
ps - 485029897 169076 425 266 169 2 683
sysv_shm - 0 0
tmpfs /run/lock 0 6
tmpfs /run 2080768 1098
tmpfs /run/user/20029 0 20
tmpfs /run/qemu 0 1
tmpfs /dev/shm 37614919680 105369
vfs - 133591 5624 183588
vm - 2 18821140 433606463 251913 1617408 223053656 267147855 72248611 6430895 163024098 52861 0 0 0 0 0 1811072 0 311878 5997 0 1616826 68 0 3 0 0

1778474996.404888 0 node0.mimesys-workload.ldos-ut-pg0.wisc.cloudlab.us
block sda 459495 208101 37634808 270537 2604764 17725664 867213615 12855816 0 2159280 13388116
block sdb 479 0 7540 438 4 0 0 0 0 556 439
cpu 11 166597 0 50843 2743121 6807 0 5
cpu 10 192989 0 45578 2723203 8878 0 4
cpu 13 161601 0 45877 2753347 6486 0 3
cpu 12 164891 0 44890 2751831 6936 0 1
cpu 15 163821 0 43926 2753453 6465 0 2
cpu 14 157642 0 45174 2759283 6447 0 3
cpu 17 149308 0 44060 2767992 6647 0 1
cpu 16 158704 0 42643 2761669 5872 0 1
cpu 19 130016 0 30063 2802502 6196 0 0
cpu 18 175876 0 30347 2757079 5740 0 2
cpu 1 154734 0 34352 2766066 8026 0 704
cpu 0 151120 45 33084 2746439 9680 0 1148
cpu 3 176036 0 51197 2731787 7333 0 596
cpu 2 170082 0 46948 2740391 9176 0 189
cpu 5 175914 0 51788 2732916 7248 0 453
cpu 4 170234 1 51956 2737225 7671 0 112
cpu 7 167029 0 51081 2742769 6413 0 540
cpu 6 190174 0 51149 2719009 7689 0 325
cpu 9 161180 0 51017 2745826 7648 0 376
cpu 8 156450 0 57152 2746545 6025 0 335
mem 1 99033092 97112712 1920380 295548 993228 192 0 1099652 71916 189208 3648 0 0 174392 0 0 0
mem 0 97636988 55003396 42633592 708896 40810276 480 0 41030480 8547736 491908 30432 0 0 462556 4096 0 0
net lo 0 0 2357493 0 0 0 0 0 0 0 0 0 19696 0 2357493 0 0 0 0 0 0 19696 0
net eno1 0 148033 40323620594 0 0 340 0 0 0 0 0 0 30122577 0 1192642518 0 0 0 0 0 0 5938460 0
net vnet32 0 0 267991 0 0 0 0 0 0 0 0 0 1311 0 209153 0 0 0 0 0 0 1191 0
net virbr0 0 701 9959966443 0 0 0 0 0 0 0 0 0 39713007 0 38379159607 0 0 0 0 0 0 23505977 0
numa 1 96657602 18781169 10118603 29535 96613347 18825411
numa 0 99003684 10118603 18781169 29710 99002479 10119818
ps - 485035807 169138 425 266 169 5 683
sysv_shm - 0 0
tmpfs /run/lock 0 6
tmpfs /run 2080768 1098
tmpfs /run/user/20029 0 20
tmpfs /run/qemu 0 1
tmpfs /dev/shm 37614944256 105369
vfs - 133597 5704 183623
vm - 2 18821140 433606807 251913 1617408 223088937 267155629 72248618 6430895 163063671 52861 0 0 0 0 0 1811072 0 311878 5997 0 1616826 68 0 3 0 0

1778474997.441824 0 node0.mimesys-workload.ldos-ut-pg0.wisc.cloudlab.us
block sda 459496 208101 37634816 270540 2605184 17736782 867678343 12860816 0 2159924 13393119
block sdb 479 0 7540 438 4 0 0 0 0 556 439
cpu 11 166599 0 50844 2743222 6807 0 5
cpu 10 192990 0 45579 2723305 8878 0 4
cpu 13 161602 0 45878 2753447 6486 0 3
cpu 12 164893 0 44892 2751930 6936 0 1
cpu 15 163822 0 43927 2753554 6465 0 2
cpu 14 157643 0 45176 2759384 6447 0 3
cpu 17 149308 0 44061 2768094 6647 0 1
cpu 16 158705 0 42645 2761770 5872 0 1
cpu 19 130016 0 30064 2802604 6196 0 0
cpu 18 175877 0 30348 2757180 5740 0 2
cpu 1 154800 0 34354 2766105 8030 0 705
cpu 0 151174 45 33088 2746480 9692 0 1148
cpu 3 176083 0 51204 2731817 7358 0 596
cpu 2 170153 0 46950 2740424 9178 0 189
cpu 5 175982 0 51790 2732945 7256 0 453
cpu 4 170308 1 51958 2737250 7674 0 112
cpu 7 167092 0 51085 2742798 6424 0 540
cpu 6 190249 0 51152 2719031 7696 0 325
cpu 9 161180 0 51017 2745930 7648 0 376
cpu 8 156450 0 57152 2746649 6025 0 335
mem 1 99033092 97113216 1919876 295540 991324 116 0 1099652 70544 187284 3628 0 0 174408 0 0 0
mem 0 97636988 54999620 42637368 708968 40813752 396 0 41034016 8551276 492284 30508 0 0 462644 4096 0 0
net lo 0 0 2358050 0 0 0 0 0 0 0 0 0 19700 0 2358050 0 0 0 0 0 0 19700 0
net eno1 0 148041 40323626477 0 0 340 0 0 0 0 0 0 30122667 0 1192642929 0 0 0 0 0 0 5938464 0
net vnet32 0 0 269017 0 0 0 0 0 0 0 0 0 1320 0 210203 0 0 0 0 0 0 1201 0
net virbr0 0 701 9959967343 0 0 0 0 0 0 0 0 0 39713016 0 38379160605 0 0 0 0 0 0 23505986 0
numa 1 96663295 18781169 10118603 29535 96619040 18825411
numa 0 99005313 10118603 18781169 29710 99004108 10119818
ps - 485042801 169218 425 266 169 5 709
sysv_shm - 0 0
tmpfs /run/lock 0 6
tmpfs /run 2080768 1098
tmpfs /run/user/20029 0 20
tmpfs /run/qemu 0 1
tmpfs /dev/shm 37614960640 105369
vfs - 133588 5664 183564
vm - 2 18821144 433839171 251913 1617408 223096261 267162733 72248623 6430895 163073524 52861 0 0 0 0 0 1811072 0 311878 5997 0 1616826 68 0 3 0 0

1778474998.481669 0 node0.mimesys-workload.ldos-ut-pg0.wisc.cloudlab.us
block sda 459498 208101 37634880 270540 2605184 17736782 867678343 12860816 0 2159928 13393120
block sdb 479 0 7540 438 4 0 0 0 0 556 439
cpu 11 166600 0 50846 2743323 6807 0 5
cpu 10 192993 0 45582 2723402 8878 0 4
cpu 13 161603 0 45879 2753549 6486 0 3
cpu 12 164894 0 44895 2752029 6936 0 1
cpu 15 163822 0 43930 2753656 6465 0 2
cpu 14 157645 0 45177 2759486 6447 0 3
cpu 17 149308 0 44062 2768195 6647 0 1
cpu 16 158710 0 42647 2761867 5872 0 1
cpu 19 130017 0 30068 2802704 6196 0 0
cpu 18 175877 0 30351 2757281 5740 0 2
cpu 1 154876 0 34356 2766134 8030 0 705
cpu 0 151252 45 33090 2746507 9692 0 1148
cpu 3 176145 0 51207 2731860 7358 0 596
cpu 2 170223 0 46951 2740458 9178 0 189
cpu 5 176068 0 51791 2732967 7256 0 453
cpu 4 170368 1 51960 2737304 7674 0 112
cpu 7 167158 0 51088 2742841 6424 0 540
cpu 6 190332 0 51152 2719054 7696 0 325
cpu 9 161180 0 51020 2746030 7648 0 376
cpu 8 156452 0 57155 2746748 6025 0 335
mem 1 99033092 97110696 1922396 295552 991928 152 0 1099660 70568 187996 4204 0 0 174416 0 0 0
mem 0 97636988 54982488 42654500 709040 40831044 428 0 41051464 8568552 492340 30596 0 0 462700 4096 0 0
net lo 0 0 2359217 0 0 0 0 0 0 0 0 0 19708 0 2359217 0 0 0 0 0 0 19708 0
net eno1 0 148041 40323633372 0 0 341 0 0 0 0 0 0 30122772 0 1192644575 0 0 0 0 0 0 5938472 0
net vnet32 0 0 274087 0 0 0 0 0 0 0 0 0 1348 0 214943 0 0 0 0 0 0 1223 0
net virbr0 0 701 9959972021 0 0 0 0 0 0 0 0 0 39713044 0 38379165293 0 0 0 0 0 0 23506007 0
numa 1 96670481 18781169 10118603 29535 96626226 18825411
numa 0 99010471 10118603 18781169 29710 99009266 10119818
ps - 485048857 169277 425 266 169 6 709
sysv_shm - 0 0
tmpfs /run/lock 0 6
tmpfs /run 2080768 1098
tmpfs /run/user/20029 0 20
tmpfs /run/qemu 0 1
tmpfs /dev/shm 37614977024 105369
vfs - 133591 5704 183744
vm - 2 18821176 433839171 251913 1617408 223108603 267170548 72248629 6430895 163090046 52862 0 0 0 0 0 1811072 0 311878 5997 0 1616826 68 0 3 0 0

1778474999.523396 0 node0.mimesys-workload.ldos-ut-pg0.wisc.cloudlab.us
block sda 459498 208101 37634880 270540 2605199 17736825 867680879 12860821 0 2159944 13393125
block sdb 479 0 7540 438 4 0 0 0 0 556 439
cpu 11 166601 0 50848 2743424 6807 0 5
cpu 10 192993 0 45584 2723505 8878 0 4
cpu 13 161606 0 45881 2753649 6486 0 3
cpu 12 164895 0 44897 2752130 6936 0 1
cpu 15 163822 0 43933 2753757 6465 0 2
cpu 14 157651 0 45178 2759582 6447 0 3
cpu 17 149311 0 44064 2768294 6647 0 1
cpu 16 158712 0 42650 2761967 5872 0 1
cpu 19 130018 0 30068 2802807 6196 0 0
cpu 18 175877 0 30353 2757383 5740 0 2
cpu 1 154943 0 34358 2766173 8030 0 705
cpu 0 151306 45 33092 2746556 9692 0 1148
cpu 3 176225 0 51208 2731884 7359 0 596
cpu 2 170296 0 46952 2740490 9178 0 189
cpu 5 176116 0 51793 2733024 7256 0 453
cpu 4 170453 1 51962 2737324 7674 0 112
cpu 7 167228 0 51088 2742874 6424 0 540
cpu 6 190384 0 51154 2719106 7696 0 325
cpu 9 161183 0 51021 2746131 7648 0 376
cpu 8 156454 0 57156 2746848 6025 0 335
mem 1 99033092 97110200 1922892 295556 993004 168 0 1099668 70996 189000 3908 0 0 174416 0 0 0
mem 0 97636988 54974724 42662264 709044 40839220 564 0 41059580 8576796 492372 30612 0 0 462700 4096 0 0
net lo 0 0 2360384 0 0 0 0 0 0 0 0 0 19716 0 2360384 0 0 0 0 0 0 19716 0
net eno1 0 148053 40323638863 0 0 341 0 0 0 0 0 0 30122854 0 1192646009 0 0 0 0 0 0 5938478 0
net vnet32 0 0 277223 0 0 0 0 0 0 0 0 0 1365 0 218633 0 0 0 0 0 0 1235 0
net virbr0 0 701 9959974919 0 0 0 0 0 0 0 0 0 39713061 0 38379168983 0 0 0 0 0 0 23506019 0
numa 1 96677509 18781169 10118603 29535 96633254 18825411
numa 0 99013236 10118603 18781169 29710 99012031 10119818
ps - 485053791 169335 423 268 170 7 709
sysv_shm - 0 0
tmpfs /run/lock 0 6
tmpfs /run 2080768 1098
tmpfs /run/user/20029 0 20
tmpfs /run/qemu 0 1
tmpfs /dev/shm 37614997504 105369
vfs - 133595 5664 183762
vm - 2 18821176 433840439 251913 1617408 223118408 267177833 72248630 6430895 163103955 52862 0 0 0 0 0 1811072 0 311878 5997 0 1616826 68 0 3 0 0

1778475000.564368 0 node0.mimesys-workload.ldos-ut-pg0.wisc.cloudlab.us
block sda 459498 208101 37634880 270540 2605201 17736825 867680903 12860822 0 2159948 13393127
block sdb 479 0 7540 438 4 0 0 0 0 556 439
cpu 11 166602 0 50848 2743525 6807 0 5
cpu 10 192994 0 45584 2723607 8878 0 4
cpu 13 161608 0 45884 2753748 6486 0 3
cpu 12 164896 0 44898 2752231 6936 0 1
cpu 15 163823 0 43934 2753859 6465 0 2
cpu 14 157653 0 45181 2759682 6447 0 3
cpu 17 149312 0 44066 2768397 6647 0 1
cpu 16 158712 0 42651 2762068 5872 0 1
cpu 19 130018 0 30069 2802910 6196 0 0
cpu 18 175878 0 30354 2757485 5740 0 2
cpu 1 155012 0 34360 2766210 8030 0 705
cpu 0 151362 45 33093 2746603 9692 0 1148
cpu 3 176282 0 51210 2731933 7359 0 596
cpu 2 170372 0 46953 2740519 9178 0 189
cpu 5 176172 0 51793 2733073 7256 0 453
cpu 4 170519 1 51963 2737364 7674 0 112
cpu 7 167306 0 51088 2742901 6424 0 540
cpu 6 190454 0 51156 2719140 7696 0 325
cpu 9 161184 0 51021 2746233 7648 0 376
cpu 8 156454 0 57156 2746951 6025 0 335
mem 1 99033092 97110960 1922132 295552 991596 176 0 1099672 70304 187680 4088 0 0 174416 0 0 0
mem 0 97636988 54969432 42667556 709068 40845492 580 0 41065752 8582796 492476 30664 0 0 462772 4096 0 0
net lo 0 0 2360941 0 0 0 0 0 0 0 0 0 19720 0 2360941 0 0 0 0 0 0 19720 0
net eno1 0 148061 40323644986 0 0 341 0 0 0 0 0 0 30122948 0 1192646420 0 0 0 0 0 0 5938482 0
net vnet32 0 0 279091 0 0 0 0 0 0 0 0 0 1375 0 219683 0 0 0 0 0 0 1245 0
net virbr0 0 701 9959976647 0 0 0 0 0 0 0 0 0 39713071 0 38379169981 0 0 0 0 0 0 23506028 0
numa 1 96683201 18781169 10118603 29535 96638946 18825411
numa 0 99014828 10118603 18781169 29710 99013623 10119818
ps - 485058797 169388 423 268 170 6 709
sysv_shm - 0 0
tmpfs /run/lock 0 6
tmpfs /run 2080768 1098
tmpfs /run/user/20029 0 20
tmpfs /run/qemu 0 1
tmpfs /dev/shm 37615017984 105369
vfs - 133588 5624 183720
vm - 2 18821176 433840451 251913 1617408 223125680 267184232 72248638 6430895 163114501 52862 0 0 0 0 0 1811072 0 311878 5997 0 1616826 68 0 3 0 0

1778475001.604734 0 node0.mimesys-workload.ldos-ut-pg0.wisc.cloudlab.us
block sda 459498 208101 37634880 270540 2605285 17736825 867681655 12860835 0 2159952 13393139
block sdb 479 0 7540 438 4 0 0 0 0 556 439
cpu 11 166604 0 50851 2743624 6807 0 5
cpu 10 192995 0 45586 2723709 8878 0 4
cpu 13 161609 0 45886 2753850 6486 0 3
cpu 12 164897 0 44903 2752328 6936 0 1
cpu 15 163825 0 43936 2753960 6465 0 2
cpu 14 157654 0 45182 2759782 6447 0 3
cpu 17 149312 0 44067 2768499 6647 0 1
cpu 16 158714 0 42653 2762169 5872 0 1
cpu 19 130020 0 30070 2803010 6196 0 0
cpu 18 175879 0 30356 2757586 5740 0 2
cpu 1 155062 0 34361 2766260 8030 0 706
cpu 0 151434 45 33094 2746634 9692 0 1148
cpu 3 176356 0 51211 2731962 7359 0 596
cpu 2 170433 0 46953 2740561 9178 0 189
cpu 5 176240 0 51794 2733109 7256 0 453
cpu 4 170574 1 51964 2737415 7674 0 112
cpu 7 167385 0 51090 2742925 6424 0 540
cpu 6 190524 0 51157 2719172 7696 0 325
cpu 9 161189 0 51021 2746331 7648 0 376
cpu 8 156456 0 57158 2747051 6025 0 335
mem 1 99033092 97109580 1923512 295564 993344 88 0 1099676 71092 189432 4404 0 0 174424 0 0 0
mem 0 97636988 54956832 42680156 709080 40858528 396 0 41078968 8596056 492808 30676 0 0 462704 4096 0 0
net lo 0 0 2362108 0 0 0 0 0 0 0 0 0 19728 0 2362108 0 0 0 0 0 0 19728 0
net eno1 0 148061 40323650843 0 0 341 0 0 0 0 0 0 30123036 0 1192647798 0 0 0 0 0 0 5938488 0
net vnet32 0 0 283597 0 0 0 0 0 0 0 0 0 1397 0 223945 0 0 0 0 0 0 1261 0
net virbr0 0 701 9959980845 0 0 0 0 0 0 0 0 0 39713093 0 38379174243 0 0 0 0 0 0 23506044 0
numa 1 96690428 18781169 10118603 29535 96646173 18825411
numa 0 99018785 10118603 18781169 29710 99017580 10119818
ps - 485064902 169446 423 268 170 7 709
sysv_shm - 0 0
tmpfs /run/lock 0 6
tmpfs /run 2080768 1098
tmpfs /run/user/20029 0 20
tmpfs /run/qemu 0 1
tmpfs /dev/shm 37615034368 105369
vfs - 133593 5664 183746
vm - 2 18821176 433840827 251913 1617408 223136872 267191502 72248639 6430895 163129891 52862 0 0 0 0 0 1811072 0 311878 5997 0 1616826 68 0 3 0 0

1778475002.644396 0 node0.mimesys-workload.ldos-ut-pg0.wisc.cloudlab.us
block sda 459501 208101 37634920 270541 2605296 17736840 867682119 12860837 0 2159956 13393142
block sdb 479 0 7540 438 4 0 0 0 0 556 439
cpu 11 166604 0 50852 2743726 6807 0 5
cpu 10 192995 0 45587 2723811 8878 0 4
cpu 13 161612 0 45889 2753947 6486 0 3
cpu 12 164898 0 44904 2752430 6936 0 1
cpu 15 163826 0 43936 2754062 6465 0 2
cpu 14 157656 0 45185 2759883 6447 0 3
cpu 17 149313 0 44068 2768602 6647 0 1
cpu 16 158714 0 42654 2762271 5872 0 1
cpu 19 130021 0 30072 2803112 6196 0 0
cpu 18 175879 0 30357 2757687 5740 0 2
cpu 1 155124 0 34361 2766302 8030 0 706
cpu 0 151518 45 33095 2746653 9692 0 1148
cpu 3 176383 0 51213 2732037 7359 0 596
cpu 2 170482 0 46954 2740615 9178 0 189
cpu 5 176268 0 51794 2733183 7256 0 453
cpu 4 170637 1 51964 2737458 7674 0 112
cpu 7 167433 0 51091 2742983 6425 0 540
cpu 6 190606 0 51158 2719194 7696 0 325
cpu 9 161190 0 51021 2746434 7648 0 376
cpu 8 156458 0 57160 2747151 6025 0 335
mem 1 99033092 97108196 1924896 295568 992516 132 0 1099676 70792 188668 4388 0 0 174424 0 0 0
mem 0 97636988 54953556 42683432 709104 40861196 496 0 41082036 8599044 491976 30724 0 0 462792 4096 0 0
net lo 0 0 2362665 0 0 0 0 0 0 0 0 0 19732 0 2362665 0 0 0 0 0 0 19732 0
net eno1 0 148072 40323657593 0 0 341 0 0 0 0 0 0 30123135 0 1192649491 0 0 0 0 0 0 5938497 0
net vnet32 0 0 284095 0 0 0 0 0 0 0 0 0 1402 0 224423 0 0 0 0 0 0 1267 0
net virbr0 0 701 9959981273 0 0 0 0 0 0 0 0 0 39713098 0 38379174669 0 0 0 0 0 0 23506049 0
numa 1 96696244 18781169 10118603 29535 96651989 18825411
numa 0 99019681 10118603 18781169 29710 99018476 10119818
ps - 485069763 169499 423 268 170 2 709
sysv_shm - 0 0
tmpfs /run/lock 0 6
tmpfs /run 2080768 1098
tmpfs /run/user/20029 0 20
tmpfs /run/qemu 0 1
tmpfs /dev/shm 37615050752 105369
vfs - 133593 5624 183760
vm - 2 18821196 433841059 251913 1617408 223143576 267197963 72248641 6430895 163139779 52862 0 0 0 0 0 1811072 0 311878 5997 0 1616826 68 0 3 0 0

1778475003.684318 0 node0.mimesys-workload.ldos-ut-pg0.wisc.cloudlab.us
block sda 459501 208101 37634920 270541 2605296 17736840 867682119 12860837 0 2159956 13393142
block sdb 479 0 7540 438 4 0 0 0 0 556 439
cpu 11 166606 0 50854 2743826 6807 0 5
cpu 10 192998 0 45589 2723910 8878 0 4
cpu 13 161615 0 45891 2754044 6486 0 3
cpu 12 164898 0 44907 2752530 6936 0 1
cpu 15 163828 0 43938 2754162 6465 0 2
cpu 14 157657 0 45186 2759985 6447 0 3
cpu 17 149314 0 44070 2768702 6647 0 1
cpu 16 158715 0 42657 2762372 5872 0 1
cpu 19 130022 0 30074 2803214 6196 0 0
cpu 18 175879 0 30358 2757789 5740 0 2
cpu 1 155202 0 34362 2766328 8030 0 706
cpu 0 151578 45 33096 2746695 9692 0 1148
cpu 3 176443 0 51215 2732081 7359 0 596
cpu 2 170536 0 46956 2740666 9178 0 189
cpu 5 176330 0 51796 2733222 7256 0 453
cpu 4 170695 1 51964 2737504 7674 0 112
cpu 7 167506 0 51091 2743014 6425 0 540
cpu 6 190652 0 51158 2719250 7696 0 325
cpu 9 161194 0 51022 2746532 7648 0 376
cpu 8 156458 0 57160 2747254 6025 0 335
mem 1 99033092 97107440 1925652 295572 991652 168 0 1099680 70768 187664 3904 0 0 174464 0 0 0
mem 0 97636988 54939728 42697260 709136 40875604 520 0 41095988 8613068 492420 30772 0 0 462792 4096 0 0
net lo 0 0 2363832 0 0 0 0 0 0 0 0 0 19740 0 2363832 0 0 0 0 0 0 19740 0
net eno1 0 148072 40323664104 0 0 341 0 0 0 0 0 0 30123234 0 1192650003 0 0 0 0 0 0 5938502 0
net vnet32 0 0 289165 0 0 0 0 0 0 0 0 0 1430 0 229111 0 0 0 0 0 0 1288 0
net virbr0 0 701 9959985951 0 0 0 0 0 0 0 0 0 39713126 0 38379179357 0 0 0 0 0 0 23506070 0
numa 1 96703533 18781169 10118603 29535 96659278 18825411
numa 0 99023537 10118603 18781169 29710 99022332 10119818
ps - 485075778 169558 421 271 172 6 709
sysv_shm - 0 0
tmpfs /run/lock 0 6
tmpfs /run 2080768 1098
tmpfs /run/user/20029 0 20
tmpfs /run/qemu 0 1
tmpfs /dev/shm 37615075328 105369
vfs - 133588 5704 183720
vm - 2 18821196 433841059 251913 1617408 223154722 267205680 72248645 6430895 163155193 52862 0 0 0 0 0 1811072 0 311878 5997 0 1616826 68 0 3 0 0

1778475004.723222 0 node0.mimesys-workload.ldos-ut-pg0.wisc.cloudlab.us
block sda 459501 208101 37634920 270541 2605310 17736854 867683919 12860840 0 2159968 13393145
block sdb 479 0 7540 438 4 0 0 0 0 556 439
cpu 11 166607 0 50856 2743927 6807 0 5
cpu 10 192998 0 45591 2724012 8878 0 4
cpu 13 161616 0 45892 2754145 6486 0 3
cpu 12 164901 0 44909 2752628 6936 0 1
cpu 15 163829 0 43940 2754264 6465 0 2
cpu 14 157663 0 45189 2760080 6447 0 3
cpu 17 149316 0 44072 2768803 6647 0 1
cpu 16 158716 0 42659 2762473 5872 0 1
cpu 19 130022 0 30074 2803317 6196 0 0
cpu 18 175881 0 30359 2757890 5740 0 2
cpu 1 155262 0 34364 2766370 8030 0 706
cpu 0 151639 45 33096 2746737 9692 0 1148
cpu 3 176487 0 51218 2732139 7359 0 596
cpu 2 170594 0 46958 2740711 9178 0 189
cpu 5 176374 0 51796 2733280 7256 0 453
cpu 4 170746 1 51964 2737557 7674 0 112
cpu 7 167586 0 51092 2743038 6425 0 540
cpu 6 190702 0 51161 2719304 7696 0 325
cpu 9 161194 0 51022 2746635 7648 0 376
cpu 8 156459 0 57163 2747354 6025 0 335
mem 1 99033092 97104364 1928728 295568 993500 188 0 1099688 71220 189592 4312 0 0 174432 0 0 0
mem 0 97636988 54922844 42714144 709160 40891496 540 0 41112228 8629196 492080 30808 0 0 462728 4096 0 0
net lo 0 0 2364999 0 0 0 0 0 0 0 0 0 19748 0 2364999 0 0 0 0 0 0 19748 0
net eno1 0 148080 40323670447 0 0 341 0 0 0 0 0 0 30123330 0 1192651487 0 0 0 0 0 0 5938509 0
net vnet32 0 0 292103 0 0 0 0 0 0 0 0 0 1444 0 232853 0 0 0 0 0 0 1301 0
net virbr0 0 701 9959988693 0 0 0 0 0 0 0 0 0 39713140 0 38379183047 0 0 0 0 0 0 23506082 0
numa 1 96710734 18781169 10118603 29535 96666479 18825411
numa 0 99028512 10118603 18781169 29710 99027307 10119818
ps - 485081727 169616 421 271 172 7 707
sysv_shm - 0 0
tmpfs /run/lock 0 6
tmpfs /run 2080768 1098
tmpfs /run/user/20029 0 20
tmpfs /run/qemu 0 1
tmpfs /dev/shm 37615091712 105369
vfs - 133591 5664 183734
vm - 2 18821196 433841959 251913 1617408 223166916 267212965 72248647 6430895 163171499 52862 0 0 0 0 0 1811072 0 311878 5997 0 1616826 68 0 3 0 0

1778475005.762985 0 node0.mimesys-workload.ldos-ut-pg0.wisc.cloudlab.us
block sda 459501 208101 37634920 270541 2605311 17736854 867683927 12860840 0 2159972 13393145
block sdb 479 0 7540 438 4 0 0 0 0 556 439
cpu 11 166608 0 50857 2744028 6807 0 5
cpu 10 192999 0 45593 2724113 8878 0 4
cpu 13 161619 0 45893 2754246 6486 0 3
cpu 12 164902 0 44910 2752730 6936 0 1
cpu 15 163831 0 43944 2754362 6465 0 2
cpu 14 157664 0 45191 2760179 6447 0 3
cpu 17 149317 0 44073 2768904 6647 0 1
cpu 16 158717 0 42660 2762575 5872 0 1
cpu 19 130022 0 30076 2803418 6196 0 0
cpu 18 175882 0 30360 2757992 5740 0 2
cpu 1 155341 0 34365 2766393 8030 0 706
cpu 0 151716 45 33098 2746763 9692 0 1148
cpu 3 176539 0 51219 2732191 7359 0 596
cpu 2 170660 0 46958 2740749 9178 0 189
cpu 5 176433 0 51800 2733323 7256 0 453
cpu 4 170828 1 51964 2737579 7674 0 112
cpu 7 167645 0 51092 2743081 6425 0 540
cpu 6 190776 0 51161 2719333 7696 0 325
cpu 9 161195 0 51023 2746737 7648 0 376
cpu 8 156460 0 57166 2747454 6025 0 335
mem 1 99033092 97102920 1930172 295580 991700 216 0 1099696 71460 187812 4148 0 0 174432 0 0 0
mem 0 97636988 54894740 42742248 709172 40920812 548 0 41141552 8658564 492080 30888 0 0 462808 4096 0 0
net lo 0 0 2365556 0 0 0 0 0 0 0 0 0 19752 0 2365556 0 0 0 0 0 0 19752 0
net eno1 0 148080 40323676282 0 0 341 0 0 0 0 0 0 30123419 0 1192652866 0 0 0 0 0 0 5938515 0
net vnet32 0 0 293971 0 0 0 0 0 0 0 0 0 1454 0 233851 0 0 0 0 0 0 1310 0
net virbr0 0 701 9959990421 0 0 0 0 0 0 0 0 0 39713150 0 38379184045 0 0 0 0 0 0 23506091 0
numa 1 96716940 18781169 10118603 29535 96672685 18825411
numa 0 99035906 10118603 18781169 29710 99034701 10119818
ps - 485086639 169673 421 271 172 9 707
sysv_shm - 0 0
tmpfs /run/lock 0 6
tmpfs /run 2080768 1098
tmpfs /run/user/20029 0 20
tmpfs /run/qemu 0 1
tmpfs /dev/shm 37615112192 105369
vfs - 133589 5704 183745
vm - 2 18821196 433841963 251913 1617408 223180497 267219960 72248651 6430895 163188387 52862 0 0 0 0 0 1811072 0 311878 5997 0 1616826 68 0 3 0 0

1778475006.803383 0 node0.mimesys-workload.ldos-ut-pg0.wisc.cloudlab.us
block sda 459501 208101 37634920 270541 2605386 17736855 867684599 12860857 0 2159980 13393162
block sdb 479 0 7540 438 4 0 0 0 0 556 439
cpu 11 166608 0 50859 2744130 6807 0 5
cpu 10 193001 0 45596 2724211 8878 0 4
cpu 13 161621 0 45894 2754346 6486 0 3
cpu 12 164903 0 44914 2752828 6936 0 1
cpu 15 163833 0 43946 2754462 6465 0 2
cpu 14 157665 0 45192 2760282 6447 0 3
cpu 17 149319 0 44074 2769005 6647 0 1
cpu 16 158718 0 42660 2762676 5872 0 1
cpu 19 130022 0 30076 2803521 6196 0 0
cpu 18 175883 0 30361 2758094 5740 0 2
cpu 1 155408 0 34367 2766427 8030 0 706
cpu 0 151787 45 33099 2746792 9692 0 1148
cpu 3 176587 0 51220 2732247 7359 0 596
cpu 2 170688 0 46962 2740821 9178 0 189
cpu 5 176490 0 51800 2733370 7256 0 453
cpu 4 170865 1 51966 2737645 7674 0 112
cpu 7 167697 0 51094 2743133 6425 0 540
cpu 6 190826 0 51162 2719387 7696 0 325
cpu 9 161196 0 51024 2746839 7648 0 376
cpu 8 156460 0 57166 2747558 6025 0 335
mem 1 99033092 97101352 1931740 295588 992912 76 0 1099696 70544 188524 4112 0 0 174488 0 0 0
mem 0 97636988 54887292 42749696 709200 40928744 376 0 41149112 8666056 492428 30900 0 0 462816 4096 0 0
net lo 0 0 2366723 0 0 0 0 0 0 0 0 0 19760 0 2366723 0 0 0 0 0 0 19760 0
net eno1 0 148089 40323683453 0 0 341 0 0 0 0 0 0 30123529 0 1192653378 0 0 0 0 0 0 5938520 0
net vnet32 0 0 293971 0 0 0 0 0 0 0 0 0 1454 0 233903 0 0 0 0 0 0 1311 0
net virbr0 0 701 9959990421 0 0 0 0 0 0 0 0 0 39713150 0 38379184045 0 0 0 0 0 0 23506091 0
numa 1 96723915 18781169 10118603 29535 96679660 18825411
numa 0 99038412 10118603 18781169 29710 99037207 10119818
ps - 485092535 169731 421 271 172 6 707
sysv_shm - 0 0
tmpfs /run/lock 0 6
tmpfs /run 2080768 1098
tmpfs /run/user/20029 0 20
tmpfs /run/qemu 0 1
tmpfs /dev/shm 37615132672 105369
vfs - 133586 5704 183701
vm - 2 18821196 433842299 251913 1617408 223189994 267227144 72248654 6430895 163202145 52862 0 0 0 0 0 1811072 0 311878 5997 0 1616826 68 0 3 0 0

1778475007.843635 0 node0.mimesys-workload.ldos-ut-pg0.wisc.cloudlab.us
block sda 459501 208101 37634920 270541 2605788 17736875 867689911 12860892 0 2160008 13393197
block sdb 479 0 7540 438 4 0 0 0 0 556 439
cpu 11 166608 0 50860 2744231 6807 0 5
cpu 10 193002 0 45597 2724313 8878 0 4
cpu 13 161622 0 45896 2754447 6486 0 3
cpu 12 164904 0 44914 2752930 6936 0 1
cpu 15 163834 0 43948 2754563 6465 0 2
cpu 14 157666 0 45196 2760381 6447 0 3
cpu 17 149319 0 44074 2769108 6647 0 1
cpu 16 158720 0 42661 2762778 5872 0 1
cpu 19 130023 0 30080 2803621 6196 0 0
cpu 18 175883 0 30363 2758196 5740 0 2
cpu 1 155471 0 34370 2766466 8030 0 706
cpu 0 151854 45 33105 2746828 9692 0 1148
cpu 3 176671 0 51222 2732264 7359 0 596
cpu 2 170767 0 46962 2740846 9178 0 189
cpu 5 176552 0 51802 2733412 7256 0 453
cpu 4 170924 1 51968 2737690 7675 0 112
cpu 7 167769 0 51098 2743162 6425 0 540
cpu 6 190889 0 51165 2719428 7696 0 325
cpu 9 161200 0 51025 2746937 7648 0 376
cpu 8 156461 0 57168 2747658 6025 0 335
mem 1 99033092 97114732 1918360 295580 991488 164 0 1099700 70324 187512 3868 0 0 174448 0 0 0
mem 0 97636988 54805532 42831456 709216 41010168 508 0 41230640 8747552 492396 31080 0 0 462872 4096 0 0
net lo 0 0 2367280 0 0 0 0 0 0 0 0 0 19764 0 2367280 0 0 0 0 0 0 19764 0
net eno1 0 148089 40323690242 0 0 341 0 0 0 0 0 0 30123634 0 1192654783 0 0 0 0 0 0 5938527 0
net vnet32 0 0 299041 0 0 0 0 0 0 0 0 0 1482 0 238591 0 0 0 0 0 0 1332 0
net virbr0 0 701 9959995099 0 0 0 0 0 0 0 0 0 39713178 0 38379188733 0 0 0 0 0 0 23506112 0
numa 1 96729663 18781169 10118603 29535 96685408 18825411
numa 0 99059585 10118603 18781169 29710 99058380 10119818
ps - 485100207 169785 421 271 172 6 699
sysv_shm - 0 0
tmpfs /run/lock 0 6
tmpfs /run 2080768 1098
tmpfs /run/user/20029 0 20
tmpfs /run/qemu 0 1
tmpfs /dev/shm 37615149056 105369
vfs - 133589 5704 183684
vm - 2 18821196 433844955 251913 1617408 223216899 267234016 72248658 6430895 163231910 52862 0 0 0 0 0 1811072 0 311878 5997 0 1616826 68 0 3 0 0

1778475008.885160 0 node0.mimesys-workload.ldos-ut-pg0.wisc.cloudlab.us
block sda 459501 208101 37634920 270541 2605791 17736875 867689935 12860894 0 2160012 13393199
block sdb 479 0 7540 438 4 0 0 0 0 556 439
cpu 11 166610 0 50861 2744332 6807 0 5
cpu 10 193005 0 45600 2724411 8878 0 4
cpu 13 161624 0 45897 2754548 6486 0 3
cpu 12 164905 0 44917 2753029 6936 0 1
cpu 15 163835 0 43950 2754664 6465 0 2
cpu 14 157668 0 45199 2760480 6447 0 3
cpu 17 149320 0 44076 2769210 6647 0 1
cpu 16 158722 0 42661 2762880 5872 0 1
cpu 19 130023 0 30080 2803724 6196 0 0
cpu 18 175884 0 30363 2758298 5740 0 2
cpu 1 155540 0 34372 2766499 8030 0 706
cpu 0 151889 45 33106 2746895 9692 0 1148
cpu 3 176710 0 51224 2732327 7359 0 596
cpu 2 170828 0 46964 2740888 9178 0 189
cpu 5 176611 0 51804 2733455 7256 0 453
cpu 4 170977 1 51970 2737738 7675 0 112
cpu 7 167841 0 51099 2743192 6425 0 540
cpu 6 190956 0 51166 2719465 7696 0 325
cpu 9 161203 0 51026 2747036 7648 0 376
cpu 8 156464 0 57170 2747758 6025 0 335
mem 1 99033092 97111716 1921376 295584 992960 180 0 1099700 71008 189008 4080 0 0 174468 0 0 0
mem 0 97636988 54779832 42857156 709224 41034672 536 0 41255072 8771972 492404 31120 0 0 462840 4096 0 0
net lo 0 0 2368447 0 0 0 0 0 0 0 0 0 19772 0 2368447 0 0 0 0 0 0 19772 0
net eno1 0 148099 40323696711 0 0 341 0 0 0 0 0 0 30123732 0 1192656287 0 0 0 0 0 0 5938534 0
net vnet32 0 0 302177 0 0 0 0 0 0 0 0 0 1499 0 242333 0 0 0 0 0 0 1345 0
net virbr0 0 701 9959997997 0 0 0 0 0 0 0 0 0 39713195 0 38379192423 0 0 0 0 0 0 23506124 0
numa 1 96736443 18781169 10118603 29535 96692188 18825411
numa 0 99066955 10118603 18781169 29710 99065750 10119818
ps - 485106093 169843 411 271 172 6 699
sysv_shm - 0 0
tmpfs /run/lock 0 6
tmpfs /run 2080768 1098
tmpfs /run/user/20029 0 20
tmpfs /run/qemu 0 1
tmpfs /dev/shm 37615169536 105369
vfs - 133593 5664 183702
vm - 2 18821196 433844967 251913 1617408 223231050 267241279 72248660 6430895 163250187 52862 0 0 0 0 0 1811072 0 311878 5997 0 1616826 68 0 3 0 0

1778475009.926860 0 node0.mimesys-workload.ldos-ut-pg0.wisc.cloudlab.us
block sda 459501 208101 37634920 270541 2605809 17736889 867691839 12860901 0 2160024 13393207
block sdb 479 0 7540 438 4 0 0 0 0 556 439
cpu 11 166611 0 50862 2744433 6807 0 5
cpu 10 193006 0 45602 2724511 8878 0 4
cpu 13 161626 0 45899 2754648 6486 0 3
cpu 12 164905 0 44918 2753132 6936 0 1
cpu 15 163836 0 43951 2754766 6465 0 2
cpu 14 157668 0 45201 2760582 6447 0 3
cpu 17 149320 0 44078 2769312 6647 0 1
cpu 16 158724 0 42662 2762980 5872 0 1
cpu 19 130024 0 30080 2803827 6196 0 0
cpu 18 175885 0 30365 2758400 5740 0 2
cpu 1 155593 0 34372 2766549 8030 0 706
cpu 0 151957 45 33108 2746932 9692 0 1148
cpu 3 176777 0 51225 2732361 7359 0 596
cpu 2 170862 0 46966 2740957 9178 0 189
cpu 5 176684 0 51806 2733483 7256 0 453
cpu 4 171046 1 51970 2737774 7675 0 112
cpu 7 167891 0 51100 2743248 6425 0 540
cpu 6 191019 0 51167 2719503 7696 0 325
cpu 9 161204 0 51027 2747138 7648 0 376
cpu 8 156464 0 57170 2747861 6025 0 335
mem 1 99033092 97111216 1921876 295596 991604 180 0 1099712 70324 187664 3976 0 0 174468 0 0 0
mem 0 97636988 54775648 42861340 709244 41039096 548 0 41259492 8776420 492396 31152 0 0 462816 4096 0 0
net lo 0 0 2369004 0 0 0 0 0 0 0 0 0 19776 0 2369004 0 0 0 0 0 0 19776 0
net eno1 0 148099 40323704028 0 0 341 0 0 0 0 0 0 30123845 0 1192656752 0 0 0 0 0 0 5938539 0
net vnet32 0 0 304045 0 0 0 0 0 0 0 0 0 1509 0 243331 0 0 0 0 0 0 1354 0
net virbr0 0 701 9959999725 0 0 0 0 0 0 0 0 0 39713205 0 38379193421 0 0 0 0 0 0 23506133 0
numa 1 96741999 18781169 10118603 29535 96697744 18825411
numa 0 99068268 10118603 18781169 29710 99067063 10119818
ps - 485111776 169896 411 271 172 5 699
sysv_shm - 0 0
tmpfs /run/lock 0 6
tmpfs /run 2080768 1098
tmpfs /run/user/20029 0 20
tmpfs /run/qemu 0 1
tmpfs /dev/shm 37615190016 105369
vfs - 133586 5744 183660
vm - 2 18821196 433845919 251913 1617408 223237918 267247673 72248665 6430895 163260289 52862 0 0 0 0 0 1811072 0 311878 5997 0 1616826 68 0 3 0 0

1778475010.967055 0 node0.mimesys-workload.ldos-ut-pg0.wisc.cloudlab.us
block sda 459501 208101 37634920 270541 2605809 17736889 867691839 12860901 0 2160024 13393207
block sdb 479 0 7540 438 4 0 0 0 0 556 439
cpu 11 166612 0 50864 2744533 6807 0 5
cpu 10 193008 0 45604 2724612 8878 0 4
cpu 13 161627 0 45900 2754750 6486 0 3
cpu 12 164909 0 44920 2753230 6936 0 1
cpu 15 163838 0 43952 2754866 6465 0 2
cpu 14 157671 0 45203 2760681 6447 0 3
cpu 17 149322 0 44081 2769411 6647 0 1
cpu 16 158724 0 42663 2763082 5872 0 1
cpu 19 130025 0 30080 2803930 6196 0 0
cpu 18 175887 0 30367 2758500 5740 0 2
cpu 1 155671 0 34372 2766574 8030 0 706
cpu 0 152021 45 33110 2746970 9692 0 1148
cpu 3 176826 0 51227 2732415 7359 0 596
cpu 2 170920 0 46967 2741001 9178 0 189
cpu 5 176757 0 51806 2733513 7256 0 453
cpu 4 171109 1 51972 2737815 7675 0 112
cpu 7 167968 0 51100 2743275 6425 0 540
cpu 6 191081 0 51167 2719545 7696 0 325
cpu 9 161206 0 51028 2747240 7648 0 376
cpu 8 156464 0 57172 2747962 6025 0 335
mem 1 99033092 97110464 1922628 295596 991628 216 0 1099712 70728 187632 4044 0 0 174444 0 0 0
mem 0 97636988 54764056 42872932 709256 41050476 564 0 41270820 8787572 492564 31192 0 0 462856 4096 0 0
net lo 0 0 2370171 0 0 0 0 0 0 0 0 0 19784 0 2370171 0 0 0 0 0 0 19784 0
net eno1 0 148108 40323710851 0 0 341 0 0 0 0 0 0 30123950 0 1192658242 0 0 0 0 0 0 5938547 0
net vnet32 0 0 309049 0 0 0 0 0 0 0 0 0 1536 0 248071 0 0 0 0 0 0 1376 0
net virbr0 0 701 9960004351 0 0 0 0 0 0 0 0 0 39713232 0 38379198109 0 0 0 0 0 0 23506154 0
numa 1 96749212 18781169 10118603 29535 96704957 18825411
numa 0 99071671 10118603 18781169 29710 99070466 10119818
ps - 485117521 169955 411 271 172 5 699
sysv_shm - 0 0
tmpfs /run/lock 0 6
tmpfs /run 2080768 1098
tmpfs /run/user/20029 0 20
tmpfs /run/qemu 0 1
tmpfs /dev/shm 37615206400 105369
vfs - 133589 5744 183684
vm - 2 18821196 433845919 251913 1617408 223248535 267255411 72248668 6430895 163275099 52862 0 0 0 0 0 1811072 0 311878 5997 0 1616826 68 0 3 0 0

1778475012.007825 0 node0.mimesys-workload.ldos-ut-pg0.wisc.cloudlab.us
block sda 459501 208101 37634920 270541 2605847 17736959 867692575 12860911 9 2160032 13393217
block sdb 479 0 7540 438 4 0 0 0 0 556 439
cpu 11 166613 0 50866 2744634 6807 0 5
cpu 10 193010 0 45604 2724714 8878 0 4
cpu 13 161629 0 45900 2754850 6486 0 3
cpu 12 164909 0 44925 2753329 6936 0 1
cpu 15 163839 0 43953 2754968 6465 0 2
cpu 14 157672 0 45206 2760782 6447 0 3
cpu 17 149323 0 44083 2769511 6647 0 1
cpu 16 158724 0 42664 2763185 5872 0 1
cpu 19 130026 0 30082 2804031 6196 0 0
cpu 18 175888 0 30368 2758602 5740 0 2
cpu 1 155749 0 34373 2766600 8030 0 706
cpu 0 152085 45 33111 2747008 9692 0 1149
cpu 3 176888 0 51228 2732456 7359 0 596
cpu 2 170972 0 46968 2741053 9178 0 189
cpu 5 176801 0 51808 2733573 7256 0 453
cpu 4 171157 1 51972 2737871 7675 0 112
cpu 7 168015 0 51102 2743329 6425 0 540
cpu 6 191155 0 51168 2719576 7696 0 325
cpu 9 161207 0 51029 2747342 7649 0 376
cpu 8 156465 0 57175 2748062 6025 0 335
mem 1 99033092 97108956 1924136 295596 992280 216 0 1099716 71664 188312 4136 0 0 174444 0 0 0
mem 0 97636988 54760024 42876964 709280 41053712 576 0 41273612 8790504 492908 31200 0 0 462864 4096 0 0
net lo 0 0 2371338 0 0 0 0 0 0 0 0 0 19792 0 2371338 0 0 0 0 0 0 19792 0
net eno1 0 148108 40323718388 0 0 341 0 0 0 0 0 0 30124066 0 1192659746 0 0 0 0 0 0 5938554 0
net vnet32 0 0 309049 0 0 0 0 0 0 0 0 0 1536 0 248071 0 0 0 0 0 0 1376 0
net virbr0 0 701 9960004351 0 0 0 0 0 0 0 0 0 39713232 0 38379198109 0 0 0 0 0 0 23506154 0
numa 1 96755155 18781169 10118603 29535 96710900 18825411
numa 0 99073318 10118603 18781169 29710 99072113 10119818
ps - 485122863 170012 411 271 172 6 703
sysv_shm - 0 0
tmpfs /run/lock 0 6
tmpfs /run 2080768 1098
tmpfs /run/user/20029 0 20
tmpfs /run/qemu 0 1
tmpfs /dev/shm 37615230976 105369
vfs - 133599 5744 183711
vm - 2 18821196 433846691 251913 1617408 223256218 267261554 72248673 6430895 163286460 52862 0 0 0 0 0 1811072 0 311878 5997 0 1616826 68 0 3 0 0

1778475013.047962 0 node0.mimesys-workload.ldos-ut-pg0.wisc.cloudlab.us
block sda 459502 208101 37634928 270541 2606130 17748553 867957223 12862186 1 2160420 13394493
block sdb 479 0 7540 438 4 0 0 0 0 556 439
cpu 11 166615 0 50868 2744734 6807 0 5
cpu 10 193011 0 45606 2724816 8878 0 4
cpu 13 161632 0 45902 2754950 6486 0 3
cpu 12 164909 0 44926 2753431 6936 0 1
cpu 15 163840 0 43955 2755069 6465 0 2
cpu 14 157675 0 45208 2760881 6447 0 3
cpu 17 149324 0 44085 2769613 6647 0 1
cpu 16 158725 0 42665 2763286 5872 0 1
cpu 19 130027 0 30083 2804132 6196 0 0
cpu 18 175889 0 30369 2758705 5740 0 2
cpu 1 155810 0 34377 2766632 8036 0 706
cpu 0 152154 45 33115 2747037 9694 0 1149
cpu 3 176948 0 51233 2732488 7365 0 596
cpu 2 171039 0 46971 2741087 9179 0 189
cpu 5 176840 0 51813 2733628 7261 0 453
cpu 4 171212 1 51974 2737921 7675 0 112
cpu 7 168077 0 51105 2743365 6427 0 540
cpu 6 191197 0 51171 2719634 7696 0 325
cpu 9 161211 0 51030 2747441 7649 0 376
cpu 8 156465 0 57176 2748165 6025 0 335
mem 1 99033092 97108956 1924136 295596 991888 112 0 1099720 70384 187932 3868 0 0 174444 0 0 0
mem 0 97636988 54750716 42886272 709324 41062408 96 0 41283488 8800184 491960 31244 0 0 462832 4096 0 0
net lo 0 0 2371895 0 0 0 0 0 0 0 0 0 19796 0 2371895 0 0 0 0 0 0 19796 0
net eno1 0 148118 40323724943 0 0 341 0 0 0 0 0 0 30124162 0 1192660157 0 0 0 0 0 0 5938558 0
net vnet32 0 0 314053 0 0 0 0 0 0 0 0 0 1563 0 252811 0 0 0 0 0 0 1398 0
net virbr0 0 701 9960008977 0 0 0 0 0 0 0 0 0 39713259 0 38379202797 0 0 0 0 0 0 23506175 0
numa 1 96761649 18781169 10118603 29535 96717394 18825411
numa 0 99076049 10118603 18781169 29710 99074844 10119818
ps - 485129260 170066 411 271 172 4 699
sysv_shm - 0 0
tmpfs /run/lock 0 6
tmpfs /run 2080768 1098
tmpfs /run/user/20029 0 20
tmpfs /run/qemu 0 1
tmpfs /dev/shm 37615247360 105369
vfs - 133586 5744 183660
vm - 2 18821200 433985135 251913 1617408 223265351 267269188 72248676 6430895 163299295 52862 0 0 0 0 0 1811072 0 311878 5997 0 1616826 68 0 3 0 0

1778475014.089681 0 node0.mimesys-workload.ldos-ut-pg0.wisc.cloudlab.us
block sda 459503 208101 37635184 270542 2606186 17751550 868002079 12862341 0 2160492 13394648
block sdb 479 0 7540 438 4 0 0 0 0 556 439
cpu 11 166615 0 50870 2744835 6807 0 5
cpu 10 193011 0 45607 2724917 8878 0 4
cpu 13 161636 0 45903 2755048 6486 0 3
cpu 12 164912 0 44931 2753528 6936 0 1
cpu 15 163840 0 43957 2755170 6465 0 2
cpu 14 157676 0 45208 2760983 6447 0 3
cpu 17 149324 0 44088 2769713 6647 0 1
cpu 16 158726 0 42666 2763388 5872 0 1
cpu 19 130028 0 30084 2804234 6196 0 0
cpu 18 175890 0 30370 2758807 5740 0 2
cpu 1 155856 0 34379 2766688 8037 0 706
cpu 0 152221 45 33115 2747074 9694 0 1149
cpu 3 176988 0 51234 2732551 7365 0 596
cpu 2 171122 0 46972 2741103 9180 0 189
cpu 5 176901 0 51815 2733671 7261 0 453
cpu 4 171255 1 51978 2737979 7675 0 112
cpu 7 168150 0 51105 2743395 6428 0 540
cpu 6 191278 0 51172 2719656 7696 0 325
cpu 9 161217 0 51031 2747538 7649 0 376
cpu 8 156467 0 57178 2748265 6025 0 335
mem 1 99033092 97108648 1924444 295596 993116 104 0 1099724 71072 189140 4316 0 0 174396 0 0 0
mem 0 97636988 54742840 42894148 709408 41070280 124 0 41291376 8807964 491948 31236 0 0 462880 4096 0 0
net lo 0 0 2373062 0 0 0 0 0 0 0 0 0 19804 0 2373062 0 0 0 0 0 0 19804 0
net eno1 0 148118 40323732186 0 0 341 0 0 0 0 0 0 30124273 0 1192661593 0 0 0 0 0 0 5938565 0
net vnet32 0 0 317189 0 0 0 0 0 0 0 0 0 1580 0 256501 0 0 0 0 0 0 1410 0
net virbr0 0 701 9960011875 0 0 0 0 0 0 0 0 0 39713276 0 38379206487 0 0 0 0 0 0 23506187 0
numa 1 96768717 18781169 10118603 29535 96724462 18825411
numa 0 99079084 10118603 18781169 29710 99077879 10119818
ps - 485134679 170124 394 270 172 8 699
sysv_shm - 0 0
tmpfs /run/lock 0 6
tmpfs /run 2080768 1098
tmpfs /run/user/20029 0 20
tmpfs /run/qemu 0 1
tmpfs /dev/shm 37615263744 105369
vfs - 133591 5744 183686
vm - 2 18821328 434001039 251913 1617408 223275453 267276447 72248681 6430895 163313486 52862 0 0 0 0 0 1811072 0 311878 5997 0 1616826 68 0 3 0 0

1778475015.127373 0 node0.mimesys-workload.ldos-ut-pg0.wisc.cloudlab.us
block sda 459504 208101 37635192 270542 2606203 17751606 868004479 12862346 0 2160508 13394654
block sdb 479 0 7540 438 4 0 0 0 0 556 439
cpu 11 166616 0 50871 2744937 6807 0 5
cpu 10 193011 0 45609 2725019 8878 0 4
cpu 13 161638 0 45904 2755149 6486 0 3
cpu 12 164914 0 44932 2753629 6936 0 1
cpu 15 163840 0 43957 2755271 6465 0 2
cpu 14 157677 0 45211 2761083 6447 0 3
cpu 17 149324 0 44090 2769815 6647 0 1
cpu 16 158727 0 42668 2763490 5872 0 1
cpu 19 130030 0 30085 2804335 6196 0 0
cpu 18 175891 0 30373 2758907 5740 0 2
cpu 1 155910 0 34380 2766739 8037 0 706
cpu 0 152298 45 33116 2747101 9694 0 1149
cpu 3 177041 0 51235 2732601 7365 0 596
cpu 2 171190 0 46972 2741139 9180 0 189
cpu 5 176990 0 51816 2733686 7261 0 453
cpu 4 171311 1 51980 2738026 7675 0 112
cpu 7 168219 0 51106 2743428 6428 0 540
cpu 6 191354 0 51172 2719684 7696 0 325
cpu 9 161218 0 51032 2747641 7649 0 376
cpu 8 156469 0 57180 2748365 6025 0 335
mem 1 99033092 97108964 1924128 295600 992084 144 0 1099860 70388 187932 3820 0 0 174396 0 0 0
mem 0 97636988 54739628 42897360 709508 41074548 344 0 41295280 8811888 491960 31292 0 0 462880 4096 0 0
net lo 0 0 2373619 0 0 0 0 0 0 0 0 0 19808 0 2373619 0 0 0 0 0 0 19808 0
net eno1 0 148130 40323739713 0 0 341 0 0 0 0 0 0 30124385 0 1192662988 0 0 0 0 0 0 5938571 0
net vnet32 0 0 319123 0 0 0 0 0 0 0 0 0 1591 0 257551 0 0 0 0 0 0 1420 0
net virbr0 0 701 9960013655 0 0 0 0 0 0 0 0 0 39713287 0 38379207485 0 0 0 0 0 0 23506196 0
numa 1 96774558 18781169 10118603 29535 96730303 18825411
numa 0 99080049 10118603 18781169 29710 99078844 10119818
ps - 485139853 170177 394 270 172 6 699
sysv_shm - 0 0
tmpfs /run/lock 0 6
tmpfs /run 2080768 1098
tmpfs /run/user/20029 0 20
tmpfs /run/qemu 0 1
tmpfs /dev/shm 37615288320 105369
vfs - 133591 5744 183700
vm - 2 18821332 434002239 251913 1617408 223282258 267282940 72248683 6430895 163323475 52862 0 0 0 0 0 1811072 0 311878 5997 0 1616826 68 0 3 0 0

1778475016.166412 0 node0.mimesys-workload.ldos-ut-pg0.wisc.cloudlab.us
block sda 459504 208101 37635192 270542 2606203 17751606 868004479 12862346 0 2160508 13394654
block sdb 479 0 7540 438 4 0 0 0 0 556 439
cpu 11 166618 0 50873 2745036 6807 0 5
cpu 10 193012 0 45610 2725120 8878 0 4
cpu 13 161642 0 45910 2755243 6486 0 3
cpu 12 164916 0 44934 2753728 6936 0 1
cpu 15 163842 0 43959 2755372 6465 0 2
cpu 14 157677 0 45212 2761184 6447 0 3
cpu 17 149324 0 44091 2769917 6647 0 1
cpu 16 158731 0 42671 2763588 5872 0 1
cpu 19 130032 0 30086 2804435 6196 0 0
cpu 18 175892 0 30374 2759009 5740 0 2
cpu 1 155984 0 34380 2766766 8037 0 707
cpu 0 152349 45 33118 2747151 9694 0 1149
cpu 3 177109 0 51235 2732636 7365 0 596
cpu 2 171250 0 46972 2741183 9180 0 189
cpu 5 177075 0 51818 2733706 7261 0 454
cpu 4 171342 1 51982 2738098 7675 0 112
cpu 7 168270 0 51107 2743479 6428 0 540
cpu 6 191406 0 51173 2719735 7696 0 325
cpu 9 161218 0 51032 2747742 7649 0 376
cpu 8 156473 0 57181 2748464 6025 0 335
mem 1 99033092 97105636 1927456 295612 992544 168 0 1099864 70388 188456 3980 0 0 174500 0 0 0
mem 0 97636988 54728288 42908700 709528 41085288 372 0 41306520 8823112 491960 31316 0 0 462856 4096 0 0
net lo 0 0 2374786 0 0 0 0 0 0 0 0 0 19816 0 2374786 0 0 0 0 0 0 19816 0
net eno1 0 148130 40323746676 0 0 341 0 0 0 0 0 0 30124487 0 1192663500 0 0 0 0 0 0 5938576 0
net vnet32 0 0 324127 0 0 0 0 0 0 0 0 0 1618 0 262239 0 0 0 0 0 0 1441 0
net virbr0 0 701 9960018281 0 0 0 0 0 0 0 0 0 39713314 0 38379212173 0 0 0 0 0 0 23506217 0
numa 1 96782921 18781169 10118603 29535 96738666 18825411
numa 0 99083258 10118603 18781169 29710 99082053 10119818
ps - 485145966 170246 394 270 172 7 698
sysv_shm - 0 0
tmpfs /run/lock 0 6
tmpfs /run 2080768 1098
tmpfs /run/user/20029 0 20
tmpfs /run/qemu 0 1
tmpfs /dev/shm 37615304704 105369
vfs - 133587 5664 183660
vm - 2 18821332 434002239 251913 1617408 223293893 267291841 72248688 6430895 163339823 52862 0 0 0 0 0 1811072 0 311878 5997 0 1616826 68 0 3 0 0

1778475017.206174 0 node0.mimesys-workload.ldos-ut-pg0.wisc.cloudlab.us
block sda 459504 208101 37635192 270542 2606280 17751606 868005159 12862358 0 2160512 13394666
block sdb 479 0 7540 438 4 0 0 0 0 556 439
cpu 11 166619 0 50876 2745136 6807 0 5
cpu 10 193013 0 45612 2725221 8878 0 4
cpu 13 161643 0 45912 2755344 6486 0 3
cpu 12 164918 0 44936 2753829 6936 0 1
cpu 15 163844 0 43960 2755471 6465 0 2
cpu 14 157678 0 45213 2761285 6447 0 3
cpu 17 149326 0 44093 2770017 6647 0 1
cpu 16 158732 0 42674 2763687 5872 0 1
cpu 19 130033 0 30091 2804533 6196 0 0
cpu 18 175894 0 30375 2759110 5740 0 2
cpu 1 156022 0 34380 2766833 8037 0 707
cpu 0 152416 45 33120 2747187 9694 0 1149
cpu 3 177182 0 51237 2732666 7365 0 596
cpu 2 171326 0 46973 2741208 9180 0 189
cpu 5 177145 0 51818 2733741 7262 0 454
cpu 4 171357 1 51984 2738184 7675 0 112
cpu 7 168325 0 51108 2743527 6428 0 540
cpu 6 191452 0 51175 2719792 7696 0 325
cpu 9 161218 0 51033 2747846 7649 0 376
cpu 8 156475 0 57182 2748564 6025 0 335
mem 1 99033092 97105724 1927368 295612 993484 184 0 1099864 71372 189388 4080 0 0 174508 0 0 0
mem 0 97636988 54720184 42916804 709540 41092696 400 0 41312576 8829104 492388 31292 0 0 462960 4096 0 0
net lo 0 0 2375953 0 0 0 0 0 0 0 0 0 19824 0 2375953 0 0 0 0 0 0 19824 0
net eno1 0 148138 40323753073 0 0 341 0 0 0 0 0 0 30124584 0 1192665142 0 0 0 0 0 0 5938584 0
net vnet32 0 0 327197 0 0 0 0 0 0 0 0 0 1634 0 265981 0 0 0 0 0 0 1454 0
net virbr0 0 701 9960021127 0 0 0 0 0 0 0 0 0 39713330 0 38379215863 0 0 0 0 0 0 23506229 0
numa 1 96790885 18781169 10118603 29535 96746630 18825411
numa 0 99085669 10118603 18781169 29710 99084464 10119818
ps - 485151302 170311 394 270 172 8 699
sysv_shm - 0 0
tmpfs /run/lock 0 6
tmpfs /run 2080768 1098
tmpfs /run/user/20029 0 20
tmpfs /run/qemu 0 1
tmpfs /dev/shm 37615329280 105369
vfs - 133593 5744 183675
vm - 2 18821332 434002579 251913 1617408 223304244 267299782 72248694 6430895 163354905 52862 0 0 0 0 0 1811072 0 311878 5997 0 1616826 68 0 3 0 0

1778475018.245903 0 node0.mimesys-workload.ldos-ut-pg0.wisc.cloudlab.us
block sda 459507 208101 37635216 270543 2606290 17751644 868005551 12862364 0 2160528 13394673
block sdb 479 0 7540 438 4 0 0 0 0 556 439
cpu 11 166620 0 50877 2745237 6807 0 5
cpu 10 193014 0 45613 2725322 8878 0 4
cpu 13 161644 0 45915 2755444 6486 0 3
cpu 12 164919 0 44938 2753930 6936 0 1
cpu 15 163846 0 43961 2755573 6465 0 2
cpu 14 157679 0 45214 2761387 6447 0 3
cpu 17 149326 0 44095 2770119 6647 0 1
cpu 16 158732 0 42675 2763789 5872 0 1
cpu 19 130035 0 30092 2804634 6196 0 0
cpu 18 175895 0 30376 2759212 5740 0 2
cpu 1 156102 0 34382 2766856 8037 0 707
cpu 0 152472 45 33122 2747233 9694 0 1149
cpu 3 177246 0 51240 2732705 7365 0 596
cpu 2 171381 0 46974 2741252 9180 0 189
cpu 5 177221 0 51819 2733768 7262 0 454
cpu 4 171407 1 51985 2738236 7675 0 112
cpu 7 168380 0 51109 2743574 6428 0 540
cpu 6 191498 0 51176 2719848 7696 0 325
cpu 9 161218 0 51033 2747949 7649 0 376
cpu 8 156476 0 57185 2748664 6025 0 335
mem 1 99033092 97104656 1928436 295616 992036 92 0 1099868 70388 188304 3788 0 0 174396 0 0 0
mem 0 97636988 54708180 42928808 709572 41105320 108 0 41326584 8843092 491956 31368 0 0 463000 4096 0 0
net lo 0 0 2376510 0 0 0 0 0 0 0 0 0 19828 0 2376510 0 0 0 0 0 0 19828 0
net eno1 0 148138 40323759436 0 0 341 0 0 0 0 0 0 30124681 0 1192666501 0 0 0 0 0 0 5938590 0
net vnet32 0 0 329131 0 0 0 0 0 0 0 0 0 1645 0 266979 0 0 0 0 0 0 1463 0
net virbr0 0 701 9960022907 0 0 0 0 0 0 0 0 0 39713341 0 38379216861 0 0 0 0 0 0 23506238 0
numa 1 96796841 18781169 10118603 29535 96752586 18825411
numa 0 99089110 10118603 18781169 29710 99087905 10119818
ps - 485157349 170366 394 270 172 7 699
sysv_shm - 0 0
tmpfs /run/lock 0 6
tmpfs /run 2080768 1098
tmpfs /run/user/20029 0 20
tmpfs /run/qemu 0 1
tmpfs /dev/shm 37615345664 105369
vfs - 133589 5704 183684
vm - 2 18821344 434002775 251913 1617408 223313602 267306365 72248697 6430895 163367665 52862 0 0 0 0 0 1811072 0 311878 5997 0 1616826 68 0 3 0 0

1778475019.277593 0 node0.mimesys-workload.ldos-ut-pg0.wisc.cloudlab.us
block sda 459508 208101 37635224 270546 2606471 17754940 868289887 12864344 0 2160904 13396655
block sdb 479 0 7540 438 4 0 0 0 0 556 439
cpu 11 166620 0 50879 2745337 6807 0 5
cpu 10 193015 0 45613 2725423 8878 0 4
cpu 13 161646 0 45919 2755542 6486 0 3
cpu 12 164920 0 44941 2754030 6936 0 1
cpu 15 163847 0 43962 2755674 6465 0 2
cpu 14 157680 0 45215 2761487 6447 0 3
cpu 17 149327 0 44096 2770218 6647 0 1
cpu 16 158732 0 42678 2763889 5872 0 1
cpu 19 130038 0 30096 2804731 6196 0 0
cpu 18 175895 0 30378 2759312 5740 0 2
cpu 1 156172 0 34384 2766886 8038 0 707
cpu 0 152552 45 33124 2747250 9699 0 1149
cpu 3 177318 0 51244 2732730 7368 0 596
cpu 2 171464 0 46976 2741271 9180 0 189
cpu 5 177310 0 51820 2733784 7262 0 454
cpu 4 171484 1 51987 2738258 7676 0 112
cpu 7 168458 0 51110 2743598 6429 0 540
cpu 6 191575 0 51177 2719872 7698 0 325
cpu 9 161218 0 51033 2748052 7649 0 376
cpu 8 156480 0 57186 2748762 6025 0 335
mem 1 99033092 97103968 1929124 295616 993076 116 0 1099868 71276 188852 3952 0 0 174396 0 0 0
mem 0 97636988 54628044 43008944 709608 41184772 124 0 41405672 8922120 492400 31528 0 0 463008 4096 0 0
net lo 0 0 2377677 0 0 0 0 0 0 0 0 0 19836 0 2377677 0 0 0 0 0 0 19836 0
net eno1 0 148146 40323765767 0 0 341 0 0 0 0 0 0 30124777 0 1192666947 0 0 0 0 0 0 5938594 0
net vnet32 0 0 332069 0 0 0 0 0 0 0 0 0 1659 0 270721 0 0 0 0 0 0 1476 0
net virbr0 0 701 9960025649 0 0 0 0 0 0 0 0 0 39713355 0 38379220551 0 0 0 0 0 0 23506250 0
numa 1 96804070 18781169 10118603 29535 96759815 18825411
numa 0 99109822 10118603 18781169 29710 99108617 10119818
ps - 485163560 170424 515 297 182 7 699
sysv_shm - 0 0
tmpfs /run/lock 0 6
tmpfs /run 2080768 1098
tmpfs /run/user/20029 0 20
tmpfs /run/qemu 0 1
tmpfs /dev/shm 37615362048 105369
vfs - 133588 5784 183662
vm - 2 18821348 434144943 251913 1617408 223341555 267313852 72248700 6430895 163399450 52862 0 0 0 0 0 1811072 0 311878 5997 0 1616826 68 0 3 0 0

1778475020.315523 0 node0.mimesys-workload.ldos-ut-pg0.wisc.cloudlab.us
block sda 459508 208101 37635224 270546 2606488 17754966 868291799 12864350 0 2160920 13396661
block sdb 479 0 7540 438 4 0 0 0 0 556 439
cpu 11 166621 0 50881 2745439 6807 0 5
cpu 10 193016 0 45615 2725524 8878 0 4
cpu 13 161648 0 45920 2755642 6486 0 3
cpu 12 164921 0 44942 2754131 6936 0 1
cpu 15 163847 0 43965 2755774 6465 0 2
cpu 14 157680 0 45217 2761589 6447 0 3
cpu 17 149328 0 44098 2770320 6647 0 1
cpu 16 158734 0 42680 2763990 5872 0 1
cpu 19 130040 0 30098 2804830 6196 0 0
cpu 18 175895 0 30380 2759414 5740 0 2
cpu 1 156261 0 34384 2766901 8038 0 707
cpu 0 152632 45 33124 2747273 9699 0 1149
cpu 3 177372 0 51245 2732778 7368 0 596
cpu 2 171521 0 46977 2741319 9180 0 189
cpu 5 177372 0 51820 2733826 7262 0 454
cpu 4 171566 1 51989 2738280 7676 0 112
cpu 7 168529 0 51111 2743629 6429 0 540
cpu 6 191667 0 51177 2719883 7698 0 325
cpu 9 161219 0 51033 2748155 7649 0 376
cpu 8 156482 0 57187 2748862 6025 0 335
mem 1 99033092 97103408 1929684 295628 992800 168 0 1099888 70832 188700 4184 0 0 174396 0 0 0
mem 0 97636988 54627288 43009700 709636 41186752 224 0 41408052 8924544 491956 31544 0 0 462980 4096 0 0
net lo 0 0 2378234 0 0 0 0 0 0 0 0 0 19840 0 2378234 0 0 0 0 0 0 19840 0
net eno1 0 148146 40323771356 0 0 341 0 0 0 0 0 0 30124862 0 1192668250 0 0 0 0 0 0 5938600 0
net vnet32 0 0 333937 0 0 0 0 0 0 0 0 0 1669 0 271719 0 0 0 0 0 0 1485 0
net virbr0 0 701 9960027377 0 0 0 0 0 0 0 0 0 39713365 0 38379221549 0 0 0 0 0 0 23506259 0
numa 1 96809839 18781169 10118603 29535 96765584 18825411
numa 0 99110250 10118603 18781169 29710 99109045 10119818
ps - 485167318 170477 515 297 182 9 699
sysv_shm - 0 0
tmpfs /run/lock 0 6
tmpfs /run 2080768 1098
tmpfs /run/user/20029 0 20
tmpfs /run/qemu 0 1
tmpfs /dev/shm 37615366144 105369
vfs - 133587 5704 183668
vm - 2 18821348 434145899 251913 1617408 223347741 267320260 72248704 6430895 163408892 52862 0 0 0 0 0 1811072 0 311878 5997 0 1616826 68 0 3 0 0

1778475021.356473 0 node0.mimesys-workload.ldos-ut-pg0.wisc.cloudlab.us
block sda 459508 208101 37635224 270546 2606488 17754966 868291799 12864350 0 2160920 13396661
block sdb 479 0 7540 438 4 0 0 0 0 556 439
cpu 11 166622 0 50882 2745541 6807 0 5
cpu 10 193016 0 45616 2725626 8878 0 4
cpu 13 161650 0 45922 2755742 6486 0 3
cpu 12 164922 0 44944 2754232 6936 0 1
cpu 15 163850 0 43969 2755871 6465 0 2
cpu 14 157681 0 45218 2761691 6447 0 3
cpu 17 149329 0 44099 2770421 6647 0 1
cpu 16 158736 0 42683 2764089 5872 0 1
cpu 19 130041 0 30099 2804933 6196 0 0
cpu 18 175898 0 30381 2759514 5740 0 2
cpu 1 156356 0 34384 2766910 8038 0 707
cpu 0 152709 45 33124 2747301 9699 0 1149
cpu 3 177467 0 51245 2732788 7368 0 596
cpu 2 171624 0 46977 2741320 9180 0 189
cpu 5 177463 0 51821 2733840 7262 0 454
cpu 4 171656 1 51989 2738294 7676 0 112
cpu 7 168620 0 51111 2743642 6429 0 540
cpu 6 191754 0 51178 2719900 7698 0 325
cpu 9 161224 0 51033 2748254 7649 0 376
cpu 8 156484 0 57191 2748961 6025 0 335
mem 1 99033092 97101232 1931860 295628 992168 192 0 1099888 70832 188044 3936 0 0 174368 0 0 0
mem 0 97636988 54614688 43022300 709636 41198868 248 0 41419788 8936280 492324 31516 0 0 462980 4096 0 0
net lo 0 0 2379401 0 0 0 0 0 0 0 0 0 19848 0 2379401 0 0 0 0 0 0 19848 0
net eno1 0 148157 40323778700 0 0 341 0 0 0 0 0 0 30124974 0 1192669744 0 0 0 0 0 0 5938608 0
net vnet32 0 0 338809 0 0 0 0 0 0 0 0 0 1694 0 276459 0 0 0 0 0 0 1507 0
net virbr0 0 701 9960031899 0 0 0 0 0 0 0 0 0 39713390 0 38379226237 0 0 0 0 0 0 23506280 0
numa 1 96817337 18781169 10118603 29535 96773082 18825411
numa 0 99114224 10118603 18781169 29710 99113019 10119818
ps - 485170158 170537 515 297 182 8 700
sysv_shm - 0 0
tmpfs /run/lock 0 6
tmpfs /run 2080768 1098
tmpfs /run/user/20029 0 20
tmpfs /run/qemu 0 1
tmpfs /dev/shm 37615370240 105369
vfs - 133592 5784 183681
vm - 2 18821348 434145899 251913 1617408 223359224 267328075 72248704 6430895 163424731 52862 0 0 0 0 0 1811072 0 311878 5997 0 1616826 68 0 3 0 0

1778475022.395813 0 node0.mimesys-workload.ldos-ut-pg0.wisc.cloudlab.us
block sda 459508 208101 37635224 270546 2606566 17754966 868292495 12864362 0 2160924 13396674
block sdb 479 0 7540 438 4 0 0 0 0 556 439
cpu 11 166623 0 50884 2745640 6807 0 5
cpu 10 193018 0 45618 2725725 8878 0 4
cpu 13 161654 0 45924 2755841 6486 0 3
cpu 12 164926 0 44946 2754330 6936 0 1
cpu 15 163852 0 43971 2755970 6465 0 2
cpu 14 157682 0 45220 2761793 6447 0 3
cpu 17 149330 0 44101 2770521 6647 0 1
cpu 16 158737 0 42685 2764190 5872 0 1
cpu 19 130043 0 30100 2805033 6196 0 0
cpu 18 175899 0 30382 2759615 5740 0 2
cpu 1 156458 0 34385 2766911 8038 0 708
cpu 0 152768 45 33126 2747344 9699 0 1149
cpu 3 177554 0 51245 2732805 7368 0 596
cpu 2 171717 0 46978 2741332 9180 0 189
cpu 5 177546 0 51822 2733860 7262 0 454
cpu 4 171730 1 51990 2738323 7676 0 112
cpu 7 168670 0 51112 2743694 6429 0 540
cpu 6 191853 0 51178 2719905 7698 0 325
cpu 9 161224 0 51034 2748357 7649 0 376
cpu 8 156488 0 57191 2749060 6025 0 335
mem 1 99033092 97099528 1933564 295636 993344 212 0 1099892 71980 189180 3836 0 0 174432 0 0 0
mem 0 97636988 54585456 43051532 709632 41227988 272 0 41448728 8965216 492548 31644 0 0 462904 4096 0 0
net lo 0 0 2380568 0 0 0 0 0 0 0 0 0 19856 0 2380568 0 0 0 0 0 0 19856 0
net eno1 0 148157 40323786469 0 0 341 0 0 0 0 0 0 30125067 0 1192672616 0 0 0 0 0 0 5938622 0
net vnet32 0 0 341825 0 0 0 0 0 0 0 0 0 1709 0 280303 0 0 0 0 0 0 1520 0
net virbr0 0 701 9960034705 0 0 0 0 0 0 0 0 0 39713405 0 38379230081 0 0 0 0 0 0 23506293 0
numa 1 96824834 18781169 10118603 29535 96780579 18825411
numa 0 99121777 10118603 18781169 29710 99120572 10119818
ps - 485173266 170596 515 297 182 6 699
sysv_shm - 0 0
tmpfs /run/lock 0 6
tmpfs /run 2080768 1098
tmpfs /run/user/20029 0 20
tmpfs /run/qemu 0 1
tmpfs /dev/shm 37615370240 105369
vfs - 133588 5784 183662
vm - 2 18821348 434146247 251913 1617408 223374279 267335887 72248708 6430895 163444298 52862 0 0 0 0 0 1811072 0 311878 5997 0 1616826 68 0 3 0 0

1778475023.431664 0 node0.mimesys-workload.ldos-ut-pg0.wisc.cloudlab.us
block sda 459508 208101 37635224 270546 2606566 17754966 868292495 12864362 0 2160924 13396674
block sdb 479 0 7540 438 4 0 0 0 0 556 439
cpu 11 166624 0 50885 2745741 6807 0 5
cpu 10 193019 0 45619 2725826 8878 0 4
cpu 13 161654 0 45927 2755941 6486 0 3
cpu 12 164927 0 44946 2754432 6936 0 1
cpu 15 163853 0 43972 2756072 6465 0 2
cpu 14 157683 0 45222 2761894 6447 0 3
cpu 17 149330 0 44104 2770622 6647 0 1
cpu 16 158738 0 42687 2764290 5872 0 1
cpu 19 130044 0 30102 2805134 6196 0 0
cpu 18 175899 0 30383 2759717 5740 0 2
cpu 1 156542 0 34386 2766931 8038 0 708
cpu 0 152822 45 33126 2747393 9699 0 1149
cpu 3 177617 0 51245 2732844 7368 0 596
cpu 2 171799 0 46978 2741352 9180 0 189
cpu 5 177606 0 51822 2733904 7262 0 454
cpu 4 171788 1 51990 2738369 7676 0 112
cpu 7 168737 0 51112 2743731 6429 0 540
cpu 6 191940 0 51178 2719921 7698 0 325
cpu 9 161224 0 51034 2748460 7649 0 376
cpu 8 156490 0 57193 2749159 6025 0 335
mem 1 99033092 97099472 1933620 295632 991568 144 0 1099892 70716 187440 3820 0 0 174440 0 0 0
mem 0 97636988 54580164 43056824 709644 41233600 236 0 41454524 8970960 492400 31660 0 0 462944 4096 0 0
net lo 0 0 2381125 0 0 0 0 0 0 0 0 0 19860 0 2381125 0 0 0 0 0 0 19860 0
net eno1 0 148168 40323793312 0 0 341 0 0 0 0 0 0 30125173 0 1192673903 0 0 0 0 0 0 5938628 0
net vnet32 0 0 343693 0 0 0 0 0 0 0 0 0 1719 0 281353 0 0 0 0 0 0 1530 0
net virbr0 0 701 9960036433 0 0 0 0 0 0 0 0 0 39713415 0 38379231079 0 0 0 0 0 0 23506302 0
numa 1 96830390 18781169 10118603 29535 96786135 18825411
numa 0 99123372 10118603 18781169 29710 99122167 10119818
ps - 485176089 170649 515 297 182 6 699
sysv_shm - 0 0
tmpfs /run/lock 0 6
tmpfs /run 2080768 1098
tmpfs /run/user/20029 0 20
tmpfs /run/qemu 0 1
tmpfs /dev/shm 37615370240 105369
vfs - 133587 5704 183668
vm - 2 18821348 434146247 251913 1617408 223381413 267342284 72248709 6430895 163454712 52862 0 0 0 0 0 1811072 0 311878 5997 0 1616826 68 0 3 0 0

1778475024.469648 0 node0.mimesys-workload.ldos-ut-pg0.wisc.cloudlab.us
block sda 459508 208101 37635224 270546 2606582 17754982 868307319 12864419 0 2160952 13396730
block sdb 479 0 7540 438 4 0 0 0 0 556 439
cpu 11 166625 0 50887 2745842 6807 0 5
cpu 10 193022 0 45621 2725925 8878 0 4
cpu 13 161655 0 45928 2756043 6486 0 3
cpu 12 164930 0 44949 2754530 6936 0 1
cpu 15 163855 0 43972 2756173 6465 0 2
cpu 14 157684 0 45225 2761992 6447 0 3
cpu 17 149330 0 44105 2770724 6647 0 1
cpu 16 158740 0 42687 2764392 5872 0 1
cpu 19 130045 0 30104 2805235 6196 0 0
cpu 18 175902 0 30385 2759816 5740 0 2
cpu 1 156577 0 34386 2767000 8038 0 708
cpu 0 152904 45 33127 2747413 9699 0 1149
cpu 3 177704 0 51246 2732860 7368 0 596
cpu 2 171900 0 46978 2741355 9180 0 189
cpu 5 177650 0 51822 2733961 7263 0 454
cpu 4 171823 1 51991 2738438 7677 0 112
cpu 7 168769 0 51113 2743801 6430 0 540
cpu 6 192032 0 51179 2719935 7698 0 325
cpu 9 161226 0 51034 2748561 7649 0 376
cpu 8 156492 0 57195 2749259 6025 0 335
mem 1 99033092 97098276 1934816 295648 993520 168 0 1099896 71444 189424 4068 0 0 174508 0 0 0
mem 0 97636988 54573344 43063644 709644 41240600 268 0 41461540 8978024 491964 31676 0 0 462952 4096 0 0
net lo 0 0 2382292 0 0 0 0 0 0 0 0 0 19868 0 2382292 0 0 0 0 0 0 19868 0
net eno1 0 148168 40323799229 0 0 341 0 0 0 0 0 0 30125262 0 1192675311 0 0 0 0 0 0 5938635 0
net vnet32 0 0 348199 0 0 0 0 0 0 0 0 0 1741 0 285615 0 0 0 0 0 0 1546 0
net virbr0 0 701 9960040631 0 0 0 0 0 0 0 0 0 39713437 0 38379235341 0 0 0 0 0 0 23506318 0
numa 1 96837806 18781169 10118603 29535 96793551 18825411
numa 0 99125747 10118603 18781169 29710 99124542 10119818
ps - 485179569 170707 514 300 184 6 699
sysv_shm - 0 0
tmpfs /run/lock 0 6
tmpfs /run 2080768 1098
tmpfs /run/user/20029 0 20
tmpfs /run/qemu 0 1
tmpfs /dev/shm 37615378432 105369
vfs - 133591 5704 183686
vm - 2 18821348 434153659 251913 1617408 223391204 267349583 72248714 6430895 163468600 52862 0 0 0 0 0 1811072 0 311878 5997 0 1616826 68 0 3 0 0

1778475025.509791 0 node0.mimesys-workload.ldos-ut-pg0.wisc.cloudlab.us
block sda 459508 208101 37635224 270546 2606596 17754993 868308775 12864426 0 2160956 13396738
block sdb 479 0 7540 438 4 0 0 0 0 556 439
cpu 11 166626 0 50888 2745943 6807 0 5
cpu 10 193024 0 45623 2726025 8878 0 4
cpu 13 161656 0 45931 2756144 6486 0 3
cpu 12 164931 0 44950 2754632 6936 0 1
cpu 15 163855 0 43974 2756274 6465 0 2
cpu 14 157685 0 45227 2762093 6447 0 3
cpu 17 149332 0 44106 2770825 6647 0 1
cpu 16 158741 0 42687 2764494 5872 0 1
cpu 19 130046 0 30107 2805336 6196 0 0
cpu 18 175903 0 30386 2759917 5740 0 2
cpu 1 156595 0 34386 2767085 8038 0 708
cpu 0 152966 45 33127 2747455 9699 0 1149
cpu 3 177751 0 51246 2732917 7368 0 596
cpu 2 171992 0 46979 2741367 9180 0 189
cpu 5 177718 0 51823 2733997 7263 0 454
cpu 4 171832 1 51991 2738533 7677 0 112
cpu 7 168872 0 51113 2743803 6430 0 540
cpu 6 192079 0 51179 2719991 7698 0 325
cpu 9 161226 0 51034 2748664 7649 0 376
cpu 8 156492 0 57195 2749362 6025 0 335
mem 1 99033092 97100040 1933052 295656 992008 188 0 1099904 71540 187756 3952 0 0 174564 0 0 0
mem 0 97636988 54570664 43066324 709644 41243640 284 0 41464292 8980876 492672 31720 0 0 462968 4096 0 0
net lo 0 0 2383459 0 0 0 0 0 0 0 0 0 19876 0 2383459 0 0 0 0 0 0 19876 0
net eno1 0 148175 40323805140 0 0 341 0 0 0 0 0 0 30125351 0 1192675908 0 0 0 0 0 0 5938641 0
net vnet32 0 0 348763 0 0 0 0 0 0 0 0 0 1747 0 286093 0 0 0 0 0 0 1552 0
net virbr0 0 701 9960041111 0 0 0 0 0 0 0 0 0 39713443 0 38379235767 0 0 0 0 0 0 23506323 0
numa 1 96844200 18781169 10118603 29535 96799945 18825411
numa 0 99126778 10118603 18781169 29710 99125573 10119818
ps - 485181790 170768 514 300 184 8 702
sysv_shm - 0 0
tmpfs /run/lock 0 6
tmpfs /run 2080768 1098
tmpfs /run/user/20029 0 20
tmpfs /run/qemu 0 1
tmpfs /dev/shm 37615378432 105369
vfs - 133597 5664 183680
vm - 2 18821348 434154387 251913 1617408 223398722 267356505 72248719 6430895 163479907 52862 0 0 0 0 0 1811072 0 311878 5997 0 1616826 68 0 3 0 0

1778475026.549586 0 node0.mimesys-workload.ldos-ut-pg0.wisc.cloudlab.us
block sda 459508 208101 37635224 270546 2606596 17754993 868308775 12864426 0 2160956 13396738
block sdb 479 0 7540 438 4 0 0 0 0 556 439
cpu 11 166628 0 50894 2746039 6807 0 5
cpu 10 193026 0 45624 2726125 8878 0 4
cpu 13 161656 0 45934 2756244 6486 0 3
cpu 12 164932 0 44951 2754732 6936 0 1
cpu 15 163856 0 43976 2756376 6465 0 2
cpu 14 157688 0 45230 2762191 6447 0 3
cpu 17 149332 0 44107 2770926 6647 0 1
cpu 16 158742 0 42688 2764595 5872 0 1
cpu 19 130046 0 30110 2805437 6196 0 0
cpu 18 175904 0 30389 2760018 5740 0 2
cpu 1 156655 0 34387 2767127 8038 0 708
cpu 0 153010 45 33128 2747516 9699 0 1149
cpu 3 177848 0 51246 2732923 7368 0 596
cpu 2 172075 0 46981 2741385 9180 0 189
cpu 5 177754 0 51826 2734064 7263 0 454
cpu 4 171903 1 51991 2738564 7677 0 112
cpu 7 168961 0 51113 2743817 6430 0 540
cpu 6 192107 0 51180 2720066 7698 0 325
cpu 9 161226 0 51034 2748768 7649 0 376
cpu 8 156494 0 57199 2749461 6025 0 335
mem 1 99033092 97098280 1934812 295652 991940 204 0 1099908 70588 188224 3748 0 0 174548 0 0 0
mem 0 97636988 54541424 43095564 709648 41272256 300 0 41493592 9010124 491952 31720 0 0 462948 4096 0 0
net lo 0 0 2384016 0 0 0 0 0 0 0 0 0 19880 0 2384016 0 0 0 0 0 0 19880 0
net eno1 0 148175 40323811869 0 0 341 0 0 0 0 0 0 30125455 0 1192677401 0 0 0 0 0 0 5938648 0
net vnet32 0 0 353635 0 0 0 0 0 0 0 0 0 1772 0 290833 0 0 0 0 0 0 1574 0
net virbr0 0 701 9960045633 0 0 0 0 0 0 0 0 0 39713468 0 38379240455 0 0 0 0 0 0 23506344 0
numa 1 96851911 18781169 10118603 29535 96807656 18825411
numa 0 99134668 10118603 18781169 29710 99133463 10119818
ps - 485185723 170830 514 300 184 7 699
sysv_shm - 0 0
tmpfs /run/lock 0 6
tmpfs /run 2080768 1098
tmpfs /run/user/20029 0 20
tmpfs /run/qemu 0 1
tmpfs /dev/shm 37615378432 105369
vfs - 133585 5624 183652
vm - 2 18821348 434154387 251913 1617408 223414256 267365055 72248724 6430895 163499615 52862 0 0 0 0 0 1811072 0 311878 5997 0 1616826 68 0 3 0 0

1778475027.588619 0 node0.mimesys-workload.ldos-ut-pg0.wisc.cloudlab.us
block sda 459508 208101 37635224 270546 2606688 17754993 868309607 12864441 0 2160960 13396753
block sdb 479 0 7540 438 4 0 0 0 0 556 439
cpu 11 166629 0 50895 2746140 6807 0 5
cpu 10 193027 0 45628 2726225 8878 0 4
cpu 13 161658 0 45936 2756344 6486 0 3
cpu 12 164936 0 44953 2754831 6936 0 1
cpu 15 163856 0 43978 2756476 6465 0 2
cpu 14 157688 0 45230 2762294 6447 0 3
cpu 17 149336 0 44109 2771024 6647 0 1
cpu 16 158743 0 42690 2764697 5872 0 1
cpu 19 130050 0 30110 2805538 6196 0 0
cpu 18 175905 0 30391 2760118 5740 0 2
cpu 1 156745 0 34388 2767139 8038 0 708
cpu 0 153067 45 33128 2747562 9699 0 1149
cpu 3 177884 0 51246 2732989 7368 0 596
cpu 2 172160 0 46982 2741404 9180 0 189
cpu 5 177795 0 51826 2734127 7263 0 454
cpu 4 171940 1 51993 2738632 7677 0 112
cpu 7 169017 0 51116 2743865 6430 0 540
cpu 6 192194 0 51181 2720082 7698 0 325
cpu 9 161227 0 51034 2748871 7649 0 376
cpu 8 156500 0 57202 2749556 6025 0 335
mem 1 99033092 97099288 1933804 295664 993476 216 0 1099912 71768 189396 3896 0 0 174548 0 0 0
mem 0 97636988 54525548 43111440 709652 41288340 316 0 41509308 9025804 492332 31628 0 0 462948 4096 0 0
net lo 0 0 2385183 0 0 0 0 0 0 0 0 0 19888 0 2385183 0 0 0 0 0 0 19888 0
net eno1 0 148187 40323817630 0 0 341 0 0 0 0 0 0 30125541 0 1192678883 0 0 0 0 0 0 5938656 0
net vnet32 0 0 356771 0 0 0 0 0 0 0 0 0 1789 0 294523 0 0 0 0 0 0 1586 0
net virbr0 0 701 9960048531 0 0 0 0 0 0 0 0 0 39713485 0 38379244145 0 0 0 0 0 0 23506356 0
numa 1 96859160 18781169 10118603 29535 96814905 18825411
numa 0 99139037 10118603 18781169 29710 99137832 10119818
ps - 485189397 170889 514 300 184 9 699
sysv_shm - 0 0
tmpfs /run/lock 0 6
tmpfs /run 2080768 1098
tmpfs /run/user/20029 0 20
tmpfs /run/qemu 0 1
tmpfs /dev/shm 37615378432 105369
vfs - 133589 5664 183670
vm - 2 18821348 434154803 251913 1617408 223425848 267372331 72248725 6430895 163515514 52862 0 0 0 0 0 1811072 0 311878 5997 0 1616826 68 0 3 0 0

1778475028.621153 0 node0.mimesys-workload.ldos-ut-pg0.wisc.cloudlab.us
block sda 459508 208101 37635224 270546 2606688 17754993 868309607 12864441 0 2160960 13396753
block sdb 479 0 7540 438 4 0 0 0 0 556 439
cpu 11 166629 0 50897 2746241 6807 0 5
cpu 10 193027 0 45630 2726325 8878 0 4
cpu 13 161659 0 45937 2756445 6486 0 3
cpu 12 164938 0 44955 2754931 6936 0 1
cpu 15 163858 0 43980 2756576 6465 0 2
cpu 14 157689 0 45232 2762395 6447 0 3
cpu 17 149336 0 44110 2771125 6647 0 1
cpu 16 158744 0 42690 2764799 5872 0 1
cpu 19 130051 0 30111 2805638 6196 0 0
cpu 18 175906 0 30392 2760219 5740 0 2
cpu 1 156785 0 34388 2767203 8038 0 708
cpu 0 153094 45 33130 2747636 9699 0 1149
cpu 3 177969 0 51246 2733007 7368 0 596
cpu 2 172200 0 46982 2741467 9180 0 189
cpu 5 177890 0 51826 2734135 7263 0 454
cpu 4 172007 1 51993 2738668 7677 0 112
cpu 7 169055 0 51116 2743929 6430 0 540
cpu 6 192287 0 51181 2720093 7698 0 325
cpu 9 161227 0 51034 2748974 7649 0 376
cpu 8 156500 0 57203 2749657 6025 0 335
mem 1 99033092 97101764 1931328 295664 991652 132 0 1099916 70900 187624 3952 0 0 174540 0 0 0
mem 0 97636988 54512596 43124392 709656 41301236 196 0 41521752 9038336 492396 31792 0 0 463092 4096 0 0
net lo 0 0 2385740 0 0 0 0 0 0 0 0 0 19892 0 2385740 0 0 0 0 0 0 19892 0
net eno1 0 148187 40323823447 0 0 341 0 0 0 0 0 0 30125630 0 1192679228 0 0 0 0 0 0 5938659 0
net vnet32 0 0 358705 0 0 0 0 0 0 0 0 0 1800 0 295573 0 0 0 0 0 0 1596 0
net virbr0 0 701 9960050311 0 0 0 0 0 0 0 0 0 39713496 0 38379245143 0 0 0 0 0 0 23506365 0
numa 1 96864795 18781169 10118603 29535 96820540 18825411
numa 0 99142467 10118603 18781169 29710 99141262 10119818
ps - 485192052 170942 514 300 184 6 699
sysv_shm - 0 0
tmpfs /run/lock 0 6
tmpfs /run 2080768 1098
tmpfs /run/user/20029 0 20
tmpfs /run/qemu 0 1
tmpfs /dev/shm 37615378432 105369
vfs - 133586 5664 183668
vm - 2 18821348 434154803 251913 1617408 223434917 267378731 72248727 6430895 163527818 52862 0 0 0 0 0 1811072 0 311878 5997 0 1616826 68 0 3 0 0

1778475029.661086 0 node0.mimesys-workload.ldos-ut-pg0.wisc.cloudlab.us
block sda 459508 208101 37635224 270546 2606757 17755246 868357391 12864662 0 2161032 13396974
block sdb 479 0 7540 438 4 0 0 0 0 556 439
cpu 11 166632 0 50898 2746340 6807 0 5
cpu 10 193030 0 45634 2726424 8878 0 4
cpu 13 161660 0 45938 2756546 6486 0 3
cpu 12 164939 0 44958 2755030 6936 0 1
cpu 15 163859 0 43982 2756677 6465 0 2
cpu 14 157690 0 45233 2762496 6447 0 3
cpu 17 149338 0 44111 2771227 6647 0 1
cpu 16 158745 0 42691 2764901 5872 0 1
cpu 19 130051 0 30112 2805740 6196 0 0
cpu 18 175906 0 30393 2760321 5740 0 2
cpu 1 156854 0 34389 2767235 8038 0 708
cpu 0 153144 45 33130 2747685 9703 0 1149
cpu 3 178024 0 51247 2733052 7372 0 596
cpu 2 172298 0 46982 2741473 9180 0 189
cpu 5 177927 0 51828 2734202 7263 0 454
cpu 4 172069 1 51995 2738708 7679 0 112
cpu 7 169135 0 51116 2743953 6430 0 540
cpu 6 192351 0 51182 2720131 7698 0 325
cpu 9 161227 0 51035 2749077 7649 0 376
cpu 8 156502 0 57205 2749757 6025 0 335
mem 1 99033092 97099304 1933788 295656 991792 156 0 1099916 70832 187672 3940 0 0 174520 0 0 0
mem 0 97636988 54486640 43150348 709664 41326496 224 0 41547420 9063892 492396 31852 0 0 463072 4096 0 0
net lo 0 0 2386907 0 0 0 0 0 0 0 0 0 19900 0 2386907 0 0 0 0 0 0 19900 0
net eno1 0 148200 40323829796 0 0 341 0 0 0 0 0 0 30125725 0 1192680798 0 0 0 0 0 0 5938667 0
net vnet32 0 0 363577 0 0 0 0 0 0 0 0 0 1825 0 300261 0 0 0 0 0 0 1617 0
net virbr0 0 701 9960054833 0 0 0 0 0 0 0 0 0 39713521 0 38379249831 0 0 0 0 0 0 23506386 0
numa 1 96871827 18781169 10118603 29535 96827572 18825411
numa 0 99149699 10118603 18781169 29710 99148494 10119818
ps - 485196324 171001 513 304 185 5 699
sysv_shm - 0 0
tmpfs /run/lock 0 6
tmpfs /run 2080768 1098
tmpfs /run/user/20029 0 20
tmpfs /run/qemu 0 1
tmpfs /dev/shm 37615386624 105369
vfs - 133586 5704 183660
vm - 2 18821348 434178695 251913 1617408 223449178 267386637 72248729 6430895 163546100 52862 0 0 0 0 0 1811072 0 311878 5997 0 1616826 68 0 3 0 0

1778475030.699844 0 node0.mimesys-workload.ldos-ut-pg0.wisc.cloudlab.us
block sda 459508 208101 37635224 270546 2606773 17755261 868359039 12864665 0 2161040 13396977
block sdb 479 0 7540 438 4 0 0 0 0 556 439
cpu 11 166633 0 50900 2746441 6807 0 5
cpu 10 193031 0 45635 2726525 8878 0 4
cpu 13 161660 0 45940 2756647 6486 0 3
cpu 12 164942 0 44961 2755128 6936 0 1
cpu 15 163862 0 43984 2756775 6465 0 2
cpu 14 157694 0 45236 2762594 6447 0 3
cpu 17 149338 0 44111 2771330 6647 0 1
cpu 16 158746 0 42693 2765002 5872 0 1
cpu 19 130052 0 30113 2805841 6196 0 0
cpu 18 175907 0 30394 2760422 5740 0 2
cpu 1 156898 0 34389 2767295 8038 0 708
cpu 0 153211 45 33130 2747722 9703 0 1149
cpu 3 178073 0 51247 2733107 7372 0 596
cpu 2 172392 0 46982 2741481 9180 0 189
cpu 5 177985 0 51828 2734247 7263 0 454
cpu 4 172108 1 51995 2738771 7679 0 112
cpu 7 169212 0 51116 2743979 6430 0 540
cpu 6 192378 0 51184 2720208 7698 0 325
cpu 9 161227 0 51035 2749180 7649 0 376
cpu 8 156504 0 57207 2749857 6025 0 335
mem 1 99033092 97099060 1934032 295688 993880 148 0 1099928 71560 190300 3760 0 0 174504 0 0 0
mem 0 97636988 54476904 43160084 709664 41335928 240 0 41556956 9073492 492228 31964 0 0 463064 4096 0 0
net lo 0 0 2388074 0 0 0 0 0 0 0 0 0 19908 0 2388074 0 0 0 0 0 0 19908 0
net eno1 0 148200 40323836319 0 0 341 0 0 0 0 0 0 30125824 0 1192682550 0 0 0 0 0 0 5938676 0
net vnet32 0 0 365037 0 0 0 0 0 0 0 0 0 1830 0 302229 0 0 0 0 0 0 1623 0
net virbr0 0 701 9960056223 0 0 0 0 0 0 0 0 0 39713526 0 38379251747 0 0 0 0 0 0 23506391 0
numa 1 96878973 18781169 10118603 29535 96834718 18825411
numa 0 99152798 10118603 18781169 29710 99151593 10119818
ps - 485198810 171059 513 304 185 6 699
sysv_shm - 0 0
tmpfs /run/lock 0 6
tmpfs /run 2080768 1098
tmpfs /run/user/20029 0 20
tmpfs /run/qemu 0 1
tmpfs /dev/shm 37615386624 105369
vfs - 133589 5704 183670
vm - 2 18821348 434179519 251913 1617408 223459427 267393882 72248731 6430895 163560448 52862 0 0 0 0 0 1811072 0 311878 5997 0 1616826 68 0 3 0 0

1778475031.740621 0 node0.mimesys-workload.ldos-ut-pg0.wisc.cloudlab.us
block sda 459508 208101 37635224 270546 2606773 17755261 868359039 12864665 0 2161040 13396977
block sdb 479 0 7540 438 4 0 0 0 0 556 439
cpu 11 166633 0 50902 2746542 6807 0 5
cpu 10 193032 0 45638 2726625 8878 0 4
cpu 13 161661 0 45941 2756750 6486 0 3
cpu 12 164943 0 44962 2755229 6936 0 1
cpu 15 163864 0 43985 2756877 6465 0 2
cpu 14 157695 0 45237 2762695 6447 0 3
cpu 17 149339 0 44112 2771431 6647 0 1
cpu 16 158747 0 42694 2765104 5872 0 1
cpu 19 130053 0 30114 2805943 6196 0 0
cpu 18 175908 0 30396 2760524 5740 0 2
cpu 1 156945 0 34390 2767354 8038 0 708
cpu 0 153270 45 33131 2747768 9703 0 1149
cpu 3 178116 0 51250 2733165 7372 0 596
cpu 2 172462 0 46984 2741515 9180 0 189
cpu 5 178079 0 51828 2734257 7263 0 454
cpu 4 172192 1 51996 2738791 7679 0 112
cpu 7 169284 0 51118 2744009 6430 0 540
cpu 6 192418 0 51184 2720270 7698 0 325
cpu 9 161228 0 51036 2749282 7649 0 376
cpu 8 156506 0 57209 2749957 6025 0 335
mem 1 99033092 97101268 1931824 295672 991640 164 0 1099928 70832 187936 4312 0 0 174504 0 0 0
mem 0 97636988 54451704 43185284 709664 41361532 272 0 41582920 9099392 491952 31924 0 0 463048 4096 0 0
net lo 0 0 2388631 0 0 0 0 0 0 0 0 0 19912 0 2388631 0 0 0 0 0 0 19912 0
net eno1 0 148207 40323842796 0 0 341 0 0 0 0 0 0 30125925 0 1192683977 0 0 0 0 0 0 5938682 0
net vnet32 0 0 368383 0 0 0 0 0 0 0 0 0 1849 0 305001 0 0 0 0 0 0 1639 0
net virbr0 0 701 9960059303 0 0 0 0 0 0 0 0 0 39713545 0 38379254519 0 0 0 0 0 0 23506407 0
numa 1 96884652 18781169 10118603 29535 96840397 18825411
numa 0 99159430 10118603 18781169 29710 99158225 10119818
ps - 485202604 171113 513 304 185 9 700
sysv_shm - 0 0
tmpfs /run/lock 0 6
tmpfs /run 2080768 1098
tmpfs /run/user/20029 0 20
tmpfs /run/qemu 0 1
tmpfs /dev/shm 37615386624 105369
vfs - 133595 5664 183730
vm - 2 18821348 434179519 251913 1617408 223471733 267400233 72248733 6430895 163576022 52862 0 0 0 0 0 1811072 0 311878 5997 0 1616826 68 0 3 0 0

1778475032.782643 0 node0.mimesys-workload.ldos-ut-pg0.wisc.cloudlab.us
block sda 459508 208101 37635224 270546 2606851 17755261 868359735 12864677 0 2161044 13396990
block sdb 479 0 7540 438 4 0 0 0 0 556 439
cpu 11 166633 0 50902 2746644 6807 0 5
cpu 10 193034 0 45640 2726724 8878 0 4
cpu 13 161662 0 45942 2756852 6486 0 3
cpu 12 164944 0 44963 2755330 6936 0 1
cpu 15 163864 0 43986 2756979 6465 0 2
cpu 14 157696 0 45240 2762795 6447 0 3
cpu 17 149339 0 44114 2771533 6647 0 1
cpu 16 158749 0 42699 2765202 5872 0 1
cpu 19 130055 0 30117 2806043 6196 0 0
cpu 18 175909 0 30398 2760625 5740 0 2
cpu 1 156987 0 34392 2767413 8038 0 708
cpu 0 153371 45 33132 2747771 9703 0 1149
cpu 3 178216 0 51252 2733167 7372 0 596
cpu 2 172554 0 46984 2741527 9180 0 189
cpu 5 178114 0 51828 2734325 7263 0 454
cpu 4 172225 1 51998 2738859 7679 0 112
cpu 7 169385 0 51120 2744011 6430 0 540
cpu 6 192452 0 51187 2720339 7698 0 325
cpu 9 161229 0 51037 2749385 7649 0 376
cpu 8 156506 0 57209 2750060 6025 0 335
mem 1 99033092 97101076 1932016 295684 992836 176 12 1099932 71252 189168 4236 0 0 174504 0 0 0
mem 0 97636988 54360988 43276000 709664 41452008 272 28 41672728 9189252 492532 31988 0 0 463040 4096 0 0
net lo 0 0 2389798 0 0 0 0 0 0 0 0 0 19920 0 2389798 0 0 0 0 0 0 19920 0
net eno1 0 148207 40323848905 0 0 341 0 0 0 0 0 0 30126017 0 1192684489 0 0 0 0 0 0 5938687 0
net vnet32 0 0 371519 0 0 0 0 0 0 0 0 0 1866 0 308743 0 0 0 0 0 0 1652 0
net virbr0 0 701 9960062201 0 0 0 0 0 0 0 0 0 39713562 0 38379258209 0 0 0 0 0 0 23506419 0
numa 1 96891804 18781169 10118603 29535 96847549 18825411
numa 0 99182697 10118603 18781169 29710 99181492 10119818
ps - 485205218 171171 513 304 185 9 700
sysv_shm - 0 0
tmpfs /run/lock 0 6
tmpfs /run 2080768 1098
tmpfs /run/user/20029 0 20
tmpfs /run/qemu 0 1
tmpfs /dev/shm 37615386624 105369
vfs - 133589 5744 183668
vm - 2 18821348 434179867 251913 1617408 223502152 267407403 72248739 6430895 163610694 52862 0 0 0 0 0 1811072 0 311878 5997 0 1616826 68 0 3 0 0

1778475033.822100 0 node0.mimesys-workload.ldos-ut-pg0.wisc.cloudlab.us
block sda 459508 208101 37635224 270546 2606851 17755261 868359735 12864677 0 2161044 13396990
block sdb 479 0 7540 438 4 0 0 0 0 556 439
cpu 11 166634 0 50906 2746744 6807 0 5
cpu 10 193036 0 45643 2726823 8878 0 4
cpu 13 161663 0 45943 2756954 6486 0 3
cpu 12 164945 0 44964 2755432 6936 0 1
cpu 15 163864 0 43989 2757081 6465 0 2
cpu 14 157698 0 45242 2762895 6447 0 3
cpu 17 149340 0 44116 2771635 6647 0 1
cpu 16 158749 0 42699 2765304 5872 0 1
cpu 19 130055 0 30118 2806144 6196 0 0
cpu 18 175909 0 30400 2760726 5740 0 2
cpu 1 157053 0 34393 2767449 8038 0 708
cpu 0 153465 45 33134 2747779 9703 0 1149
cpu 3 178281 0 51252 2733205 7372 0 596
cpu 2 172636 0 46986 2741547 9180 0 189
cpu 5 178216 0 51830 2734326 7263 0 454
cpu 4 172321 1 51998 2738867 7679 0 112
cpu 7 169454 0 51121 2744046 6430 0 540
cpu 6 192522 0 51188 2720373 7698 0 325
cpu 9 161229 0 51037 2749488 7649 0 376
cpu 8 156507 0 57211 2750160 6025 0 335
mem 1 99033092 97102784 1930308 295668 992032 132 0 1099932 70788 188836 4400 0 0 174504 0 0 0
mem 0 97636988 54305532 43331456 709664 41507516 192 0 41728824 9245244 491952 32216 0 0 463048 4096 0 0
net lo 0 0 2390355 0 0 0 0 0 0 0 0 0 19924 0 2390355 0 0 0 0 0 0 19924 0
net eno1 0 148216 40323854728 0 0 341 0 0 0 0 0 0 30126106 0 1192685658 0 0 0 0 0 0 5938692 0
net vnet32 0 0 373453 0 0 0 0 0 0 0 0 0 1877 0 309741 0 0 0 0 0 0 1661 0
net virbr0 0 701 9960063981 0 0 0 0 0 0 0 0 0 39713573 0 38379259207 0 0 0 0 0 0 23506428 0
numa 1 96897614 18781169 10118603 29535 96853359 18825411
numa 0 99196722 10118603 18781169 29710 99195517 10119818
ps - 485207429 171224 512 307 187 6 700
sysv_shm - 0 0
tmpfs /run/lock 0 6
tmpfs /run 2080768 1098
tmpfs /run/user/20029 0 20
tmpfs /run/qemu 0 1
tmpfs /dev/shm 37615386624 105369
vfs - 133588 5704 183674
vm - 2 18821348 434179867 251913 1617408 223521987 267413835 72248740 6430895 163633719 52862 0 0 0 0 0 1811072 0 311878 5997 0 1616826 68 0 3 0 0

1778475034.855182 0 node0.mimesys-workload.ldos-ut-pg0.wisc.cloudlab.us
block sda 459508 208101 37635224 270546 2606999 17761055 868417624 12864821 0 2161156 13397133
block sdb 479 0 7540 438 4 0 0 0 0 556 439
cpu 11 166635 0 50909 2746844 6807 0 5
cpu 10 193036 0 45646 2726923 8878 0 4
cpu 13 161664 0 45944 2757055 6486 0 3
cpu 12 164947 0 44966 2755532 6936 0 1
cpu 15 163866 0 43992 2757180 6465 0 2
cpu 14 157698 0 45244 2762997 6447 0 3
cpu 17 149343 0 44118 2771734 6647 0 1
cpu 16 158749 0 42701 2765406 5872 0 1
cpu 19 130058 0 30120 2806243 6196 0 0
cpu 18 175910 0 30400 2760827 5740 0 2
cpu 1 157083 0 34397 2767516 8039 0 709
cpu 0 153561 45 33134 2747786 9703 0 1149
cpu 3 178335 0 51254 2733249 7373 0 596
cpu 2 172699 0 46987 2741588 9180 0 189
cpu 5 178318 0 51831 2734326 7263 0 454
cpu 4 172424 1 51998 2738868 7679 0 112
cpu 7 169504 0 51124 2744095 6432 0 540
cpu 6 192546 0 51190 2720448 7699 0 325
cpu 9 161229 0 51037 2749590 7649 0 376
cpu 8 156509 0 57213 2750260 6025 0 335
mem 1 99033092 97103796 1929296 295692 993176 148 0 1099956 71476 188964 4004 0 0 174504 0 0 0
mem 0 97636988 54275120 43361868 709688 41537232 248 0 41758164 9274608 492464 32276 0 0 463072 4096 0 0
net lo 0 0 2391522 0 0 0 0 0 0 0 0 0 19932 0 2391522 0 0 0 0 0 0 19932 0
net eno1 0 148225 40323860339 0 0 341 0 0 0 0 0 0 30126190 0 1192687114 0 0 0 0 0 0 5938699 0
net vnet32 0 0 376391 0 0 0 0 0 0 0 0 0 1891 0 313483 0 0 0 0 0 0 1674 0
net virbr0 0 701 9960066723 0 0 0 0 0 0 0 0 0 39713587 0 38379262897 0 0 0 0 0 0 23506440 0
numa 1 96904789 18781169 10118603 29535 96860534 18825411
numa 0 99205530 10118603 18781169 29710 99204325 10119818
ps - 485211458 171282 512 307 187 7 700
sysv_shm - 0 0
tmpfs /run/lock 0 6
tmpfs /run 2080768 1098
tmpfs /run/user/20029 0 20
tmpfs /run/qemu 0 1
tmpfs /dev/shm 37615390720 105369
vfs - 133596 5744 183724
vm - 2 18821348 434208812 251913 1617408 223537981 267421681 72248742 6430895 163653245 52862 0 0 0 0 0 1811072 0 311878 5997 0 1616826 68 0 3 0 0

1778475035.881637 0 node0.mimesys-workload.ldos-ut-pg0.wisc.cloudlab.us
block sda 459509 208101 37635232 270546 2607013 17761069 868419056 12864823 0 2161164 13397137
block sdb 479 0 7540 438 4 0 0 0 0 556 439
cpu 11 166636 0 50910 2746943 6807 0 5
cpu 10 193037 0 45647 2727023 8878 0 4
cpu 13 161665 0 45946 2757155 6486 0 3
cpu 12 164950 0 44972 2755625 6936 0 1
cpu 15 163867 0 43992 2757280 6465 0 2
cpu 14 157698 0 45246 2763097 6447 0 3
cpu 17 149344 0 44119 2771834 6647 0 1
cpu 16 158751 0 42702 2765506 5872 0 1
cpu 19 130058 0 30120 2806344 6196 0 0
cpu 18 175911 0 30401 2760927 5740 0 2
cpu 1 157126 0 34400 2767573 8039 0 709
cpu 0 153648 45 33134 2747802 9703 0 1149
cpu 3 178387 0 51254 2733299 7373 0 596
cpu 2 172801 0 46987 2741588 9180 0 189
cpu 5 178416 0 51833 2734327 7263 0 454
cpu 4 172518 1 51998 2738876 7679 0 112
cpu 7 169542 0 51125 2744160 6432 0 540
cpu 6 192580 0 51192 2720516 7699 0 325
cpu 9 161229 0 51037 2749692 7649 0 376
cpu 8 156509 0 57213 2750362 6025 0 335
mem 1 99033092 97105308 1927784 295708 992540 168 0 1099964 70896 188380 4268 0 0 174496 0 0 0
mem 0 97636988 54214136 43422852 709700 41598916 256 0 41820288 9336724 492016 32404 0 0 463064 4096 0 0
net lo 0 0 2392079 0 0 0 0 0 0 0 0 0 19936 0 2392079 0 0 0 0 0 0 19936 0
net eno1 0 148225 40323865922 0 0 341 0 0 0 0 0 0 30126275 0 1192687525 0 0 0 0 0 0 5938703 0
net vnet32 0 0 378259 0 0 0 0 0 0 0 0 0 1901 0 314481 0 0 0 0 0 0 1683 0
net virbr0 0 701 9960068451 0 0 0 0 0 0 0 0 0 39713597 0 38379263895 0 0 0 0 0 0 23506449 0
numa 1 96911147 18781169 10118603 29535 96866892 18825411
numa 0 99220862 10118603 18781169 29710 99219657 10119818
ps - 485214493 171339 512 307 187 5 700
sysv_shm - 0 0
tmpfs /run/lock 0 6
tmpfs /run 2080768 1098
tmpfs /run/user/20029 0 20
tmpfs /run/qemu 0 1
tmpfs /dev/shm 37615394816 105369
vfs - 133586 5784 183682
vm - 2 18821352 434209528 251913 1617408 223559660 267428660 72248743 6430895 163678321 52862 0 0 0 0 0 1811072 0 311878 5997 0 1616826 68 0 3 0 0

1778475036.920090 0 node0.mimesys-workload.ldos-ut-pg0.wisc.cloudlab.us
block sda 459509 208101 37635232 270546 2607013 17761069 868419056 12864823 0 2161164 13397137
block sdb 479 0 7540 438 4 0 0 0 0 556 439
cpu 11 166638 0 50912 2747044 6807 0 5
cpu 10 193038 0 45649 2727124 8878 0 4
cpu 13 161667 0 45950 2757253 6486 0 3
cpu 12 164954 0 44973 2755723 6936 0 1
cpu 15 163868 0 43994 2757381 6465 0 2
cpu 14 157700 0 45246 2763198 6447 0 3
cpu 17 149344 0 44120 2771935 6647 0 1
cpu 16 158752 0 42704 2765606 5872 0 1
cpu 19 130061 0 30121 2806443 6196 0 0
cpu 18 175911 0 30404 2761029 5740 0 2
cpu 1 157196 0 34401 2767604 8039 0 709
cpu 0 153748 45 33137 2747803 9703 0 1149
cpu 3 178491 0 51254 2733299 7373 0 596
cpu 2 172898 0 46988 2741593 9180 0 189
cpu 5 178512 0 51835 2734334 7263 0 454
cpu 4 172589 1 52000 2738907 7679 0 112
cpu 7 169615 0 51126 2744190 6432 0 540
cpu 6 192650 0 51194 2720550 7699 0 325
cpu 9 161233 0 51037 2749793 7649 0 376
cpu 8 156510 0 57216 2750462 6025 0 335
mem 1 99033092 97102576 1930516 295712 993980 208 0 1099972 71504 189944 4464 0 0 174512 0 0 0
mem 0 97636988 54137024 43499964 709696 41675960 280 0 41897724 9414108 492028 32544 0 0 463000 4096 0 0
net lo 0 0 2393246 0 0 0 0 0 0 0 0 0 19944 0 2393246 0 0 0 0 0 0 19944 0
net eno1 0 148235 40323871719 0 0 341 0 0 0 0 0 0 30126362 0 1192688897 0 0 0 0 0 0 5938710 0
net vnet32 0 0 381395 0 0 0 0 0 0 0 0 0 1918 0 318223 0 0 0 0 0 0 1696 0
net virbr0 0 701 9960071349 0 0 0 0 0 0 0 0 0 39713614 0 38379267585 0 0 0 0 0 0 23506461 0
numa 1 96918591 18781169 10118603 29535 96874336 18825411
numa 0 99240830 10118603 18781169 29710 99239625 10119818
ps - 485216820 171397 512 307 187 9 700
sysv_shm - 0 0
tmpfs /run/lock 0 6
tmpfs /run 2080768 1098
tmpfs /run/user/20029 0 20
tmpfs /run/qemu 0 1
tmpfs /dev/shm 37615394816 105369
vfs - 133590 5784 183676
vm - 2 18821352 434209528 251913 1617408 223587072 267435910 72248747 6430895 163709739 52862 0 0 0 0 0 1811072 0 311878 5997 0 1616826 68 0 3 0 0

1778475037.961034 0 node0.mimesys-workload.ldos-ut-pg0.wisc.cloudlab.us
block sda 459509 208101 37635232 270546 2607085 17761069 868419736 12864836 0 2161168 13397150
block sdb 479 0 7540 438 4 0 0 0 0 556 439
cpu 11 166639 0 50914 2747144 6807 0 5
cpu 10 193039 0 45650 2727225 8878 0 4
cpu 13 161670 0 45952 2757353 6486 0 3
cpu 12 164955 0 44976 2755824 6936 0 1
cpu 15 163869 0 43995 2757483 6465 0 2
cpu 14 157701 0 45246 2763300 6447 0 3
cpu 17 149346 0 44122 2772037 6647 0 1
cpu 16 158752 0 42706 2765707 5872 0 1
cpu 19 130061 0 30122 2806546 6196 0 0
cpu 18 175912 0 30406 2761131 5740 0 2
cpu 1 157288 0 34402 2767616 8039 0 709
cpu 0 153852 45 33137 2747803 9703 0 1149
cpu 3 178527 0 51255 2733366 7373 0 596
cpu 2 172923 0 46988 2741671 9180 0 189
cpu 5 178542 0 51835 2734406 7263 0 454
cpu 4 172685 1 52000 2738915 7679 0 112
cpu 7 169648 0 51128 2744261 6432 0 540
cpu 6 192732 0 51194 2720572 7699 0 325
cpu 9 161233 0 51037 2749896 7649 0 376
cpu 8 156511 0 57218 2750562 6025 0 335
mem 1 99033092 97105408 1927684 295716 991972 72 0 1099976 70460 187872 4112 0 0 174544 0 0 0
mem 0 97636988 54128768 43508220 709696 41685328 100 0 41906056 9422492 492384 32576 0 0 462952 4096 0 0
net lo 0 0 2393803 0 0 0 0 0 0 0 0 0 19948 0 2393803 0 0 0 0 0 0 19948 0
net eno1 0 148235 40323879042 0 0 341 0 0 0 0 0 0 30126476 0 1192690236 0 0 0 0 0 0 5938716 0
net vnet32 0 0 383329 0 0 0 0 0 0 0 0 0 1929 0 319221 0 0 0 0 0 0 1705 0
net virbr0 0 701 9960073129 0 0 0 0 0 0 0 0 0 39713625 0 38379268583 0 0 0 0 0 0 23506470 0
numa 1 96924388 18781169 10118603 29535 96880133 18825411
numa 0 99242980 10118603 18781169 29710 99241775 10119818
ps - 485219557 171451 512 307 187 5 700
sysv_shm - 0 0
tmpfs /run/lock 0 6
tmpfs /run 2080768 1098
tmpfs /run/user/20029 0 20
tmpfs /run/qemu 0 1
tmpfs /dev/shm 37615394816 105369
vfs - 133594 5784 183722
vm - 2 18821352 434209868 251913 1617408 223595019 267442432 72248747 6430895 163721021 52862 0 0 0 0 0 1811072 0 311878 5997 0 1616826 68 0 3 0 0

1778475039.000577 0 node0.mimesys-workload.ldos-ut-pg0.wisc.cloudlab.us
block sda 459509 208101 37635232 270546 2607090 17761069 868419768 12864838 0 2161176 13397151
block sdb 479 0 7540 438 4 0 0 0 0 556 439
cpu 11 166641 0 50916 2747244 6807 0 5
cpu 10 193041 0 45653 2727323 8878 0 4
cpu 13 161670 0 45954 2757453 6486 0 3
cpu 12 164957 0 44978 2755923 6936 0 1
cpu 15 163869 0 43997 2757584 6465 0 2
cpu 14 157702 0 45247 2763402 6447 0 3
cpu 17 149346 0 44123 2772140 6647 0 1
cpu 16 158758 0 42708 2765803 5872 0 1
cpu 19 130062 0 30123 2806646 6196 0 0
cpu 18 175913 0 30410 2761230 5740 0 2
cpu 1 157335 0 34403 2767673 8039 0 709
cpu 0 153907 45 33139 2747851 9703 0 1149
cpu 3 178591 0 51258 2733404 7373 0 596
cpu 2 172980 0 46993 2741714 9180 0 189
cpu 5 178580 0 51839 2734468 7263 0 454
cpu 4 172725 1 52003 2738978 7679 0 112
cpu 7 169680 0 51128 2744332 6432 0 540
cpu 6 192804 0 51196 2720602 7699 0 325
cpu 9 161234 0 51037 2750000 7649 0 376
cpu 8 156511 0 57218 2750666 6025 0 335
mem 1 99033092 97102648 1930444 295720 994012 160 0 1099980 71548 189868 3992 0 0 174544 0 0 0
mem 0 97636988 54122220 43514768 709696 41691260 224 0 41912680 9429060 491940 32596 0 0 462952 4096 0 0
net lo 0 0 2394970 0 0 0 0 0 0 0 0 0 19956 0 2394970 0 0 0 0 0 0 19956 0
net eno1 0 148245 40323885613 0 0 341 0 0 0 0 0 0 30126575 0 1192690748 0 0 0 0 0 0 5938721 0
net vnet32 0 0 387736 0 0 0 0 0 0 0 0 0 1949 0 323651 0 0 0 0 0 0 1723 0
net virbr0 0 701 9960077256 0 0 0 0 0 0 0 0 0 39713645 0 38379272961 0 0 0 0 0 0 23506487 0
numa 1 96931579 18781169 10118603 29535 96887324 18825411
numa 0 99245237 10118603 18781169 29710 99244032 10119818
ps - 485228858 171509 495 307 188 2 700
sysv_shm - 0 0
tmpfs /run/lock 0 6
tmpfs /run 2080768 1098
tmpfs /run/user/20029 0 20
tmpfs /run/qemu 0 1
tmpfs /dev/shm 37615398912 105369
vfs - 133589 5784 183668
vm - 2 18821352 434209884 251913 1617408 223604467 267449630 72248750 6430895 163734704 52862 0 0 0 0 0 1811072 0 311878 5997 0 1616826 68 0 3 0 0

1778475040.040691 0 node0.mimesys-workload.ldos-ut-pg0.wisc.cloudlab.us
block sda 459511 208101 37635332 270547 2607513 17761072 868425032 12864895 0 2161204 13397209
block sdb 479 0 7540 438 4 0 0 0 0 556 439
cpu 11 166645 0 50918 2747342 6807 0 5
cpu 10 193049 0 45656 2727417 8878 0 4
cpu 13 161672 0 45956 2757553 6486 0 3
cpu 12 164960 0 44980 2756021 6936 0 1
cpu 15 163871 0 43999 2757684 6465 0 2
cpu 14 157706 0 45248 2763501 6447 0 3
cpu 17 149347 0 44126 2772239 6647 0 1
cpu 16 158768 0 42710 2765896 5872 0 1
cpu 19 130082 0 30127 2806726 6196 0 0
cpu 18 175919 0 30414 2761323 5740 0 2
cpu 1 157364 0 34407 2767743 8039 0 709
cpu 0 153932 45 33142 2747929 9703 0 1149
cpu 3 178625 0 51263 2733471 7374 0 596
cpu 2 173012 0 46997 2741786 9180 0 189
cpu 5 178600 0 51843 2734548 7264 0 454
cpu 4 172738 1 52008 2739062 7679 0 112
cpu 7 169699 0 51133 2744414 6432 0 540
cpu 6 192818 0 51202 2720687 7700 0 325
cpu 9 161235 0 51037 2750101 7649 0 376
cpu 8 156514 0 57222 2750763 6025 0 335
mem 1 99033092 97125964 1907128 295704 991324 160 0 1099980 70460 187148 3752 0 0 175120 0 0 0
mem 0 97636988 54107860 43529128 709728 41693480 240 0 41913400 9429816 493252 32792 0 0 462952 4096 0 0
net lo 0 0 2397038 0 0 0 0 0 0 0 0 0 19984 0 2397038 0 0 0 0 0 0 19984 0
net eno1 0 148245 40323893895 0 0 341 0 0 0 0 0 0 30126703 0 1192692370 0 0 0 0 0 0 5938729 0
net vnet32 0 0 388300 0 0 0 0 0 0 0 0 0 1955 0 324077 0 0 0 0 0 0 1728 0
net virbr0 0 701 9960077736 0 0 0 0 0 0 0 0 0 39713651 0 38379273387 0 0 0 0 0 0 23506492 0
numa 1 96946366 18781169 10118603 29535 96902111 18825411
numa 0 99250690 10118603 18781169 29710 99249485 10119818
ps - 485243563 171670 495 307 188 3 703
sysv_shm - 0 0
tmpfs /run/lock 0 6
tmpfs /run 2080768 1098
tmpfs /run/user/20029 0 20
tmpfs /run/qemu 0 1
tmpfs /dev/shm 37615415296 105370
vfs - 133592 4664 183679
vm - 2 18821402 434212516 251913 1617408 223624755 267470107 72249574 6430895 163759615 52862 0 0 0 0 0 1811072 0 311878 5997 0 1616826 68 0 3 0 0
