$hpcperfstats 2.4
$hostname node0.mimesys-workload.ldos-ut-pg0.wisc.cloudlab.us
$uname Linux x86_64 5.15.0-168-generic #178-Ubuntu SMP Fri Jan 9 19:05:03 UTC 2026
$uptime 52614
!block rd_ios,E rd_merges,E rd_sectors,E,U=512B rd_ticks,E,U=ms wr_ios,E wr_merges,E wr_sectors,E,U=512B wr_ticks,E,U=ms in_flight io_ticks,E,U=ms time_in_queue,E,U=ms
!cpu user,E,U=cs nice,E,U=cs system,E,U=cs idle,E,U=cs iowait,E,U=cs irq,E,U=cs softirq,E,U=cs
!ib excessive_buffer_overrun_errors,E,W=32 link_downed,E,W=32 link_error_recovery,E,W=32 local_link_integrity_errors,E,W=32 port_rcv_constraint_errors,E,W=32 port_rcv_data,E,U=4B,W=32 port_rcv_errors,E,W=32 port_rcv_packets,E,W=32 port_rcv_remote_physical_errors,E,W=32 port_rcv_switch_relay_errors,E,W=32 port_xmit_constraint_errors,E,W=32 port_xmit_data,E,U=4B,W=32 port_xmit_discards,E,W=32 port_xmit_packets,E,W=32 port_xmit_wait,E,U=ms,W=32 symbol_error,E,W=32 VL15_dropped,E,W=32
!ib_ext port_select,C counter_select,C port_xmit_data,E,U=4B port_rcv_data,E,U=4B port_xmit_pkts,E port_rcv_pkts,E port_unicast_xmit_pkts,E port_unicast_rcv_pkts,E port_multicast_xmit_pkts,E port_multicast_rcv_pkts,E
!ib_sw rx_bytes,E,U=4B rx_packets,E tx_bytes,E,U=4B tx_packets,E
!mem MemTotal,U=KB MemFree,U=KB MemUsed,U=KB Active,U=KB Inactive,U=KB Dirty,U=KB Writeback,U=KB FilePages,U=KB Mapped,U=KB AnonPages,U=KB PageTables,U=KB NFS_Unstable,U=KB Bounce,U=KB Slab,U=KB AnonHugePages,U=KB HugePages_Total HugePages_Free
!net collisions,E multicast,E rx_bytes,E,U=B rx_compressed,E rx_crc_errors,E rx_dropped,E rx_errors,E rx_fifo_errors,E rx_frame_errors,E rx_length_errors,E rx_missed_errors,E rx_over_errors,E rx_packets,E tx_aborted_errors,E tx_bytes,E,U=B tx_carrier_errors,E tx_compressed,E tx_dropped,E tx_errors,E tx_fifo_errors,E tx_heartbeat_errors,E tx_packets,E tx_window_errors,E
!numa numa_hit,E numa_miss,E numa_foreign,E interleave_hit,E local_node,E other_node,E
!ps ctxt,E processes,E load_1 load_5 load_15 nr_running nr_threads
!sysv_shm mem_used,U=B segs_used
!tmpfs bytes_used,U=B files_used
!vfs dentry_use file_use inode_use
!vm nr_anon_transparent_hugepages pgpgin,E,U=KB pgpgout,E,U=KB pswpin,E pswpout,E pgalloc_normal,E pgfree,E pgactivate,E pgdeactivate,E pgfault,E pgmajfault,E pgrefill_normal,E pgsteal_normal,E pgscan_kswapd_normal,E pgscan_direct_normal,E pginodesteal,E slabs_scanned,E kswapd_steal,E kswapd_inodesteal,E pageoutrun,E allocstall,E pgrotated,E thp_fault_alloc,E thp_fault_fallback,E thp_collapse_alloc,E thp_collapse_alloc_failed,E thp_split,E

1778497832.778955 0 node0.mimesys-workload.ldos-ut-pg0.wisc.cloudlab.us
%begin -
block sda 5914107 680222 1972836125 26454038 3850600 20294790 1132578026 21572607 0 7344620 48354847
block sdb 674 0 7540 666 4 0 0 0 0 828 667
cpu 11 636875 0 171675 4330784 101012 0 17
cpu 10 675452 2 154719 4312756 100627 0 22
cpu 13 595686 0 139242 4405330 99992 0 16
cpu 12 600333 0 136078 4404468 100692 0 13
cpu 15 549392 2 131932 4458043 99954 0 11
cpu 14 576459 0 139429 4425537 98804 0 17
cpu 17 349292 0 112790 4764949 16129 0 9
cpu 16 419864 0 124424 4686382 14342 0 10
cpu 19 425410 0 123699 4680702 16299 0 10
cpu 18 473144 5 125696 4632035 15090 0 10
cpu 1 592462 0 205253 4371889 63243 0 2129
cpu 0 596636 45 163456 4374951 65723 0 1244
cpu 3 638269 0 218935 4321007 62096 0 622
cpu 2 627220 0 218103 4330014 64518 0 216
cpu 5 563870 0 174381 4441383 61692 0 488
cpu 4 560643 1 175448 4441403 62410 0 143
cpu 7 505855 0 171152 4502561 61174 0 573
cpu 6 545514 0 175040 4459252 61806 0 355
cpu 9 600932 0 163886 4391045 83491 0 398
cpu 8 651759 0 167864 4335129 83385 0 369
mem 1 99033092 85387564 13645528 1652000 11098680 108 0 12379608 10522648 371368 33536 0 0 186440 12288 0 0
mem 0 97636988 59821200 37815788 1128064 35448180 188 0 36005128 2316840 574188 14180 0 0 466560 8192 0 0
net vnet169 0 0 33690 0 0 0 0 0 0 0 0 0 200 0 40741 0 0 0 0 0 0 255 0
net vnet168 0 0 36218 0 0 0 0 0 0 0 0 0 220 0 45081 0 0 0 0 0 0 323 0
net eno1 0 267883 40596062775 0 0 712 0 0 0 0 0 0 32409607 0 1437535717 0 0 0 0 0 0 6199834 0
net lo 0 0 21430145 0 0 0 0 0 0 0 0 0 158511 0 21430145 0 0 0 0 0 0 158511 0
net virbr0 0 2113 9997196596 0 0 0 0 0 0 0 0 0 39929340 0 38536739572 0 0 0 0 0 0 23685074 0
net vnet165 0 0 33942 0 0 0 0 0 0 0 0 0 204 0 53125 0 0 0 0 0 0 447 0
net vnet167 0 0 81956 0 0 0 0 0 0 0 0 0 333 0 56751 0 0 0 0 0 0 485 0
net vnet166 0 0 33828 0 0 0 0 0 0 0 0 0 201 0 49977 0 0 0 0 0 0 396 0
numa 1 400746505 18781169 10118603 29535 400679819 18826678
numa 0 429189921 10118603 18781169 29710 429136778 10121161
ps - 728000030 4553541 438 487 538 5 908
sysv_shm - 0 0
tmpfs /run/lock 0 6
tmpfs /run 2285568 1138
tmpfs /run/user/20029 0 20
tmpfs /run/qemu 0 1
tmpfs /dev/shm 37622738944 105469
vfs - 135016 7224 187013
vm - 10 986421779 566289013 738014 1617408 857832520 900178335 195379436 8069301 1054460593 73026 0 0 0 0 0 1811072 0 311878 5997 0 1623853 318 0 3 0 0

1778497832.821999 0 node0.mimesys-workload.ldos-ut-pg0.wisc.cloudlab.us
block sda 5914107 680222 1972836125 26454038 3850600 20294790 1132578026 21572607 0 7344620 48354847
block sdb 674 0 7540 666 4 0 0 0 0 828 667
cpu 11 636875 0 171675 4330789 101012 0 17
cpu 10 675452 2 154719 4312760 100627 0 22
cpu 13 595686 0 139242 4405334 99992 0 16
cpu 12 600333 0 136078 4404472 100692 0 13
cpu 15 549392 2 131932 4458047 99954 0 11
cpu 14 576459 0 139429 4425542 98804 0 17
cpu 17 349292 0 112790 4764954 16129 0 9
cpu 16 419864 0 124424 4686386 14342 0 10
cpu 19 425414 0 123699 4680702 16299 0 10
cpu 18 473144 5 125696 4632039 15090 0 10
cpu 1 592462 0 205253 4371893 63243 0 2129
cpu 0 596636 45 163456 4374955 65723 0 1244
cpu 3 638270 0 218936 4321010 62096 0 622
cpu 2 627222 0 218103 4330018 64518 0 216
cpu 5 563870 0 174382 4441386 61692 0 488
cpu 4 560643 1 175448 4441406 62410 0 143
cpu 7 505856 0 171154 4502562 61174 0 573
cpu 6 545514 0 175041 4459255 61806 0 355
cpu 9 600932 0 163886 4391049 83491 0 398
cpu 8 651759 0 167864 4335133 83385 0 369
mem 1 99033092 85386808 13646284 1652000 11099264 108 0 12379608 10523148 371916 33564 0 0 186492 12288 0 0
mem 0 97636988 59821200 37815788 1127680 35448492 184 0 36005056 2317284 575076 14180 0 0 466560 8192 0 0
net vnet169 0 0 33690 0 0 0 0 0 0 0 0 0 200 0 40741 0 0 0 0 0 0 255 0
net vnet168 0 0 36218 0 0 0 0 0 0 0 0 0 220 0 45081 0 0 0 0 0 0 323 0
net eno1 0 267883 40596063297 0 0 712 0 0 0 0 0 0 32409611 0 1437536020 0 0 0 0 0 0 6199837 0
net lo 0 0 21431975 0 0 0 0 0 0 0 0 0 158523 0 21431975 0 0 0 0 0 0 158523 0
net virbr0 0 2113 9997196596 0 0 0 0 0 0 0 0 0 39929340 0 38536739572 0 0 0 0 0 0 23685074 0
net vnet165 0 0 33942 0 0 0 0 0 0 0 0 0 204 0 53125 0 0 0 0 0 0 447 0
net vnet167 0 0 81956 0 0 0 0 0 0 0 0 0 333 0 56751 0 0 0 0 0 0 485 0
net vnet166 0 0 33828 0 0 0 0 0 0 0 0 0 201 0 49977 0 0 0 0 0 0 396 0
numa 1 400746662 18781169 10118603 29535 400679976 18826678
numa 0 429191314 10118603 18781169 29710 429138171 10121161
ps - 728001453 4553550 438 487 538 6 915
sysv_shm - 0 0
tmpfs /run/lock 0 6
tmpfs /run 2285568 1138
tmpfs /run/user/20029 0 20
tmpfs /run/qemu 0 1
tmpfs /dev/shm 37622738944 105469
vfs - 135030 7264 187046
vm - 10 986421779 566289013 738014 1617408 857834119 900179071 195379436 8069301 1054463007 73026 0 0 0 0 0 1811072 0 311878 5997 0 1623853 318 0 3 0 0

1778497833.504412 0 node0.mimesys-workload.ldos-ut-pg0.wisc.cloudlab.us
block sda 5914107 680222 1972836125 26454038 3850808 20294793 1132580738 21572624 0 7344644 48354864
block sdb 674 0 7540 666 4 0 0 0 0 828 667
cpu 11 636879 0 171678 4330850 101012 0 17
cpu 10 675454 2 154722 4312823 100627 0 22
cpu 13 595690 0 139246 4405396 99992 0 16
cpu 12 600336 0 136080 4404534 100692 0 13
cpu 15 549395 2 131936 4458108 99954 0 11
cpu 14 576461 0 139432 4425604 98804 0 17
cpu 17 349293 0 112793 4765017 16129 0 9
cpu 16 419868 0 124427 4686446 14342 0 10
cpu 19 425422 0 123705 4680756 16299 0 10
cpu 18 473145 5 125700 4632101 15090 0 10
cpu 1 592498 0 205258 4371920 63243 0 2129
cpu 0 596680 45 163457 4374977 65723 0 1244
cpu 3 638273 0 218940 4321072 62096 0 622
cpu 2 627224 0 218108 4330080 64518 0 216
cpu 5 563872 0 174386 4441448 61692 0 488
cpu 4 560649 1 175452 4441464 62410 0 143
cpu 7 505858 0 171158 4502625 61174 0 573
cpu 6 545516 0 175045 4459318 61806 0 355
cpu 9 600936 0 163890 4391111 83491 0 398
cpu 8 651762 0 167868 4335195 83385 0 369
mem 1 99033092 85392572 13640520 1652156 11103560 212 0 12379560 10523896 375948 34368 0 0 186664 12288 0 0
mem 0 97636988 59815916 37821072 1127656 35447900 212 0 36004876 2317724 573756 13328 0 0 466688 8192 0 0
net vnet169 0 0 33690 0 0 0 0 0 0 0 0 0 200 0 40741 0 0 0 0 0 0 255 0
net vnet168 0 0 36218 0 0 0 0 0 0 0 0 0 220 0 45081 0 0 0 0 0 0 323 0
net eno1 0 267883 40596067434 0 0 712 0 0 0 0 0 0 32409672 0 1437536365 0 0 0 0 0 0 6199840 0
net lo 0 0 21432532 0 0 0 0 0 0 0 0 0 158527 0 21432532 0 0 0 0 0 0 158527 0
net virbr0 0 2113 9997199494 0 0 0 0 0 0 0 0 0 39929357 0 38536743262 0 0 0 0 0 0 23685086 0
net vnet165 0 0 37078 0 0 0 0 0 0 0 0 0 221 0 56815 0 0 0 0 0 0 459 0
net vnet167 0 0 81956 0 0 0 0 0 0 0 0 0 333 0 56751 0 0 0 0 0 0 485 0
net vnet166 0 0 33828 0 0 0 0 0 0 0 0 0 201 0 49977 0 0 0 0 0 0 396 0
numa 1 400763112 18781169 10118603 29535 400696426 18826678
numa 0 429205694 10118603 18781169 29710 429152551 10121161
ps - 728007265 4553831 438 487 538 3 916
sysv_shm - 0 0
tmpfs /run/lock 0 6
tmpfs /run 2285568 1138
tmpfs /run/user/20029 0 20
tmpfs /run/qemu 0 1
tmpfs /dev/shm 37622738944 105469
vfs - 135022 7264 187029
vm - 10 986421779 566290369 738014 1617408 857864902 900209740 195379440 8069301 1054511727 73026 0 0 0 0 0 1811072 0 311878 5997 0 1623853 318 0 3 0 0

1778497833.864065 0 node0.mimesys-workload.ldos-ut-pg0.wisc.cloudlab.us
block sda 5914107 680222 1972836125 26454038 3850809 20294793 1132580746 21572624 0 7344648 48354864
block sdb 674 0 7540 666 4 0 0 0 0 828 667
cpu 11 636880 0 171678 4330886 101012 0 17
cpu 10 675454 2 154722 4312858 100627 0 22
cpu 13 595690 0 139246 4405431 99992 0 16
cpu 12 600336 0 136080 4404570 100692 0 13
cpu 15 549396 2 131938 4458141 99954 0 11
cpu 14 576461 0 139432 4425639 98804 0 17
cpu 17 349293 0 112793 4765052 16129 0 9
cpu 16 419869 0 124427 4686481 14342 0 10
cpu 19 425424 0 123706 4680790 16299 0 10
cpu 18 473145 5 125701 4632135 15090 0 10
cpu 1 592507 0 205258 4371948 63243 0 2129
cpu 0 596711 45 163459 4374980 65723 0 1244
cpu 3 638274 0 218940 4321107 62096 0 622
cpu 2 627224 0 218108 4330115 64518 0 216
cpu 5 563872 0 174386 4441483 61692 0 488
cpu 4 560649 1 175453 4441500 62410 0 143
cpu 7 505858 0 171158 4502661 61174 0 573
cpu 6 545516 0 175045 4459354 61806 0 355
cpu 9 600936 0 163890 4391147 83491 0 398
cpu 8 651762 0 167868 4335231 83385 0 369
mem 1 99033092 85391088 13642004 1652204 11103560 236 0 12379564 10522656 376368 34568 0 0 186744 12288 0 0
mem 0 97636988 59814908 37822080 1127608 35445888 220 0 36004988 2316980 572076 13400 0 0 466512 8192 0 0
net vnet169 0 0 33690 0 0 0 0 0 0 0 0 0 200 0 40741 0 0 0 0 0 0 255 0
net vnet168 0 0 36218 0 0 0 0 0 0 0 0 0 220 0 45081 0 0 0 0 0 0 323 0
net eno1 0 267894 40596069208 0 0 712 0 0 0 0 0 0 32409700 0 1437536466 0 0 0 0 0 0 6199841 0
net lo 0 0 21433142 0 0 0 0 0 0 0 0 0 158531 0 21433142 0 0 0 0 0 0 158531 0
net virbr0 0 2113 9997199494 0 0 0 0 0 0 0 0 0 39929357 0 38536743262 0 0 0 0 0 0 23685086 0
net vnet165 0 0 37078 0 0 0 0 0 0 0 0 0 221 0 56815 0 0 0 0 0 0 459 0
net vnet167 0 0 81956 0 0 0 0 0 0 0 0 0 333 0 56751 0 0 0 0 0 0 485 0
net vnet166 0 0 33828 0 0 0 0 0 0 0 0 0 201 0 49977 0 0 0 0 0 0 396 0
numa 1 400763951 18781169 10118603 29535 400697265 18826678
numa 0 429206066 10118603 18781169 29710 429152923 10121161
ps - 728008474 4553839 438 487 538 3 916
sysv_shm - 0 0
tmpfs /run/lock 0 6
tmpfs /run 2285568 1138
tmpfs /run/user/20029 0 20
tmpfs /run/qemu 0 1
tmpfs /dev/shm 37622738944 105469
vfs - 135066 7304 187387
vm - 10 986421779 566290373 738014 1617408 857866129 900210948 195379440 8069301 1054513291 73026 0 0 0 0 0 1811072 0 311878 5997 0 1623853 318 0 3 0 0

1778497834.534688 0 node0.mimesys-workload.ldos-ut-pg0.wisc.cloudlab.us
block sda 5914448 680222 1972895373 26454283 3850814 20294794 1132580802 21572629 0 7345012 48355114
block sdb 674 0 7540 666 4 0 0 0 0 828 667
cpu 11 636882 0 171682 4330946 101012 0 17
cpu 10 675457 2 154726 4312918 100627 0 22
cpu 13 595692 0 139252 4405491 99992 0 16
cpu 12 600339 0 136084 4404630 100692 0 13
cpu 15 549405 2 131944 4458193 99954 0 11
cpu 14 576464 0 139436 4425699 98804 0 17
cpu 17 349295 0 112797 4765113 16129 0 9
cpu 16 419872 0 124430 4686541 14342 0 10
cpu 19 425427 0 123710 4680849 16299 0 10
cpu 18 473148 5 125706 4632192 15090 0 10
cpu 1 592530 0 205263 4371976 63252 0 2129
cpu 0 596740 45 163463 4375003 65731 0 1244
cpu 3 638280 0 218944 4321162 62096 0 622
cpu 2 627230 0 218110 4330173 64518 0 216
cpu 5 563877 0 174389 4441542 61692 0 488
cpu 4 560659 1 175458 4441552 62410 0 143
cpu 7 505866 0 171161 4502716 61174 0 573
cpu 6 545521 0 175048 4459413 61806 0 355
cpu 9 600940 0 163894 4391204 83491 0 398
cpu 8 651778 0 167868 4335283 83385 0 369
mem 1 99033092 85383028 13650064 1652232 11104612 280 0 12379564 10523340 377560 34820 0 0 186816 12288 0 0
mem 0 97636988 59822436 37814552 1127576 35451012 160 0 36009092 2321708 572564 12916 0 0 466648 8192 0 0
net vnet169 0 0 33690 0 0 0 0 0 0 0 0 0 200 0 40793 0 0 0 0 0 0 256 0
net vnet168 0 0 36218 0 0 0 0 0 0 0 0 0 220 0 45133 0 0 0 0 0 0 324 0
net eno1 0 267894 40596074399 0 0 712 0 0 0 0 0 0 32409777 0 1437536912 0 0 0 0 0 0 6199845 0
net lo 0 0 21434309 0 0 0 0 0 0 0 0 0 158539 0 21434309 0 0 0 0 0 0 158539 0
net virbr0 0 2113 9997204076 0 0 0 0 0 0 0 0 0 39929384 0 38536748254 0 0 0 0 0 0 23685107 0
net vnet165 0 0 38902 0 0 0 0 0 0 0 0 0 231 0 58169 0 0 0 0 0 0 469 0
net vnet167 0 0 81956 0 0 0 0 0 0 0 0 0 333 0 56803 0 0 0 0 0 0 486 0
net vnet166 0 0 36964 0 0 0 0 0 0 0 0 0 218 0 53719 0 0 0 0 0 0 409 0
numa 1 400783123 18781169 10118603 29535 400716437 18826678
numa 0 429220058 10118603 18781169 29710 429166915 10121161
ps - 728017423 4554119 438 487 538 3 919
sysv_shm - 0 0
tmpfs /run/lock 0 6
tmpfs /run 2285568 1138
tmpfs /run/user/20029 0 20
tmpfs /run/qemu 0 1
tmpfs /dev/shm 37622738944 105469
vfs - 135025 7384 187067
vm - 10 986451467 566290401 738014 1617408 857899278 900242908 195379486 8069301 1054563459 73026 0 0 0 0 0 1811072 0 311878 5997 0 1623853 318 0 3 0 0

1778497834.907062 0 node0.mimesys-workload.ldos-ut-pg0.wisc.cloudlab.us
block sda 5914470 680222 1972895709 26454287 3850815 20294794 1132580866 21572629 0 7345052 48355118
block sdb 674 0 7540 666 4 0 0 0 0 828 667
cpu 11 636882 0 171682 4330983 101012 0 17
cpu 10 675457 2 154726 4312954 100627 0 22
cpu 13 595692 0 139252 4405528 99992 0 16
cpu 12 600340 0 136085 4404666 100692 0 13
cpu 15 549406 2 131945 4458229 99954 0 11
cpu 14 576464 0 139436 4425736 98804 0 17
cpu 17 349295 0 112797 4765150 16129 0 9
cpu 16 419872 0 124430 4686578 14342 0 10
cpu 19 425430 0 123710 4680883 16299 0 10
cpu 18 473149 5 125706 4632228 15090 0 10
cpu 1 592534 0 205263 4372007 63252 0 2129
cpu 0 596748 45 163463 4375032 65731 0 1244
cpu 3 638283 0 218946 4321195 62096 0 622
cpu 2 627232 0 218111 4330208 64518 0 216
cpu 5 563879 0 174389 4441576 61692 0 488
cpu 4 560662 1 175458 4441586 62410 0 143
cpu 7 505868 0 171162 4502750 61174 0 573
cpu 6 545524 0 175048 4459447 61806 0 355
cpu 9 600945 0 163894 4391237 83491 0 398
cpu 8 651810 0 167868 4335288 83385 0 369
mem 1 99033092 85381264 13651828 1652256 11104312 288 0 12379568 10523112 377192 34828 0 0 186856 12288 0 0
mem 0 97636988 59820336 37816652 1127712 35450380 164 0 36010948 2323360 570840 13216 0 0 466624 8192 0 0
net vnet169 0 0 33690 0 0 0 0 0 0 0 0 0 200 0 40793 0 0 0 0 0 0 256 0
net vnet168 0 0 36218 0 0 0 0 0 0 0 0 0 220 0 45133 0 0 0 0 0 0 324 0
net eno1 0 267894 40596076651 0 0 712 0 0 0 0 0 0 32409808 0 1437537013 0 0 0 0 0 0 6199846 0
net lo 0 0 21434919 0 0 0 0 0 0 0 0 0 158543 0 21434919 0 0 0 0 0 0 158543 0
net virbr0 0 2113 9997204076 0 0 0 0 0 0 0 0 0 39929384 0 38536748254 0 0 0 0 0 0 23685107 0
net vnet165 0 0 38902 0 0 0 0 0 0 0 0 0 231 0 58169 0 0 0 0 0 0 469 0
net vnet167 0 0 81956 0 0 0 0 0 0 0 0 0 333 0 56803 0 0 0 0 0 0 486 0
net vnet166 0 0 36964 0 0 0 0 0 0 0 0 0 218 0 53719 0 0 0 0 0 0 409 0
numa 1 400784011 18781169 10118603 29535 400717325 18826678
numa 0 429221048 10118603 18781169 29710 429167905 10121161
ps - 728019554 4554129 438 487 538 2 919
sysv_shm - 0 0
tmpfs /run/lock 0 6
tmpfs /run 2285568 1138
tmpfs /run/user/20029 0 20
tmpfs /run/qemu 0 1
tmpfs /dev/shm 37622738944 105469
vfs - 135025 7384 187067
vm - 10 986451571 566290433 738014 1617408 857901154 900244412 195379487 8069301 1054565906 73026 0 0 0 0 0 1811072 0 311878 5997 0 1623853 318 0 3 0 0

1778497835.562702 0 node0.mimesys-workload.ldos-ut-pg0.wisc.cloudlab.us
block sda 5914470 680222 1972895709 26454287 3850821 20294794 1132580922 21572632 0 7345060 48355121
block sdb 674 0 7540 666 4 0 0 0 0 828 667
cpu 11 636884 0 171686 4331042 101012 0 17
cpu 10 675459 2 154730 4313014 100627 0 22
cpu 13 595692 0 139256 4405587 99992 0 16
cpu 12 600342 0 136090 4404726 100692 0 13
cpu 15 549408 2 131950 4458288 99954 0 11
cpu 14 576465 0 139441 4425796 98804 0 17
cpu 17 349297 0 112801 4765209 16129 0 9
cpu 16 419876 0 124434 4686637 14342 0 10
cpu 19 425434 0 123714 4680940 16299 0 10
cpu 18 473152 5 125709 4632286 15090 0 10
cpu 1 592538 0 205266 4372065 63252 0 2129
cpu 0 596751 45 163468 4375089 65731 0 1244
cpu 3 638301 0 218946 4321242 62096 0 622
cpu 2 627237 0 218117 4330263 64518 0 216
cpu 5 563885 0 174392 4441630 61692 0 488
cpu 4 560666 1 175460 4441643 62410 0 143
cpu 7 505876 0 171164 4502805 61174 0 573
cpu 6 545529 0 175053 4459503 61806 0 355
cpu 9 600952 0 163897 4391293 83491 0 398
cpu 8 651838 0 167871 4335321 83385 0 369
mem 1 99033092 85377496 13655596 1652248 11104200 296 0 12379568 10522788 376676 34732 0 0 186992 12288 0 0
mem 0 97636988 59816056 37820932 1127728 35453188 152 0 36011116 2322600 573848 13484 0 0 466528 8192 0 0
net vnet169 0 0 33780 0 0 0 0 0 0 0 0 0 201 0 40883 0 0 0 0 0 0 257 0
net vnet168 0 0 36218 0 0 0 0 0 0 0 0 0 220 0 45133 0 0 0 0 0 0 324 0
net eno1 0 267894 40596080818 0 0 712 0 0 0 0 0 0 32409869 0 1437537448 0 0 0 0 0 0 6199850 0
net lo 0 0 21435476 0 0 0 0 0 0 0 0 0 158547 0 21435476 0 0 0 0 0 0 158547 0
net virbr0 0 2113 9997205452 0 0 0 0 0 0 0 0 0 39929390 0 38536749220 0 0 0 0 0 0 23685112 0
net vnet165 0 0 38902 0 0 0 0 0 0 0 0 0 231 0 58169 0 0 0 0 0 0 469 0
net vnet167 0 0 81956 0 0 0 0 0 0 0 0 0 333 0 56803 0 0 0 0 0 0 486 0
net vnet166 0 0 38334 0 0 0 0 0 0 0 0 0 223 0 54595 0 0 0 0 0 0 413 0
numa 1 400800273 18781169 10118603 29535 400733587 18826678
numa 0 429233514 10118603 18781169 29710 429180371 10121161
ps - 728024783 4554399 438 487 538 2 920
sysv_shm - 0 0
tmpfs /run/lock 0 6
tmpfs /run 2285568 1138
tmpfs /run/user/20029 0 20
tmpfs /run/qemu 0 1
tmpfs /dev/shm 37622738944 105469
vfs - 135028 7304 187115
vm - 10 986451571 566290461 738014 1617408 857929883 900273062 195379498 8069301 1054611755 73026 0 0 0 0 0 1811072 0 311878 5997 0 1623853 318 0 3 0 0

1778497835.949684 0 node0.mimesys-workload.ldos-ut-pg0.wisc.cloudlab.us
block sda 5914477 680222 1972896442 26454291 3850821 20294794 1132580922 21572632 0 7345072 48355125
block sdb 674 0 7540 666 4 0 0 0 0 828 667
cpu 11 636890 0 171686 4331075 101012 0 17
cpu 10 675467 2 154732 4313042 100627 0 22
cpu 13 595694 0 139256 4405623 99992 0 16
cpu 12 600346 0 136090 4404760 100692 0 13
cpu 15 549415 2 131950 4458319 99954 0 11
cpu 14 576470 0 139441 4425828 98804 0 17
cpu 17 349300 0 112801 4765244 16129 0 9
cpu 16 419880 0 124434 4686670 14342 0 10
cpu 19 425439 0 123716 4680971 16299 0 10
cpu 18 473152 5 125710 4632323 15090 0 10
cpu 1 592541 0 205266 4372101 63252 0 2129
cpu 0 596752 45 163468 4375126 65731 0 1244
cpu 3 638303 0 218947 4321277 62096 0 622
cpu 2 627241 0 218118 4330296 64518 0 216
cpu 5 563888 0 174393 4441665 61692 0 488
cpu 4 560668 1 175461 4441678 62410 0 143
cpu 7 505884 0 171165 4502835 61174 0 573
cpu 6 545531 0 175053 4459538 61806 0 355
cpu 9 600954 0 163898 4391327 83491 0 398
cpu 8 651841 0 167871 4335357 83385 0 369
mem 1 99033092 85374976 13658116 1652228 11102816 340 0 12379568 10522664 375624 34516 0 0 186872 12288 0 0
mem 0 97636988 59813788 37823200 1127736 35452268 176 0 36011212 2323164 572908 13652 0 0 466464 8192 0 0
net vnet169 0 0 33780 0 0 0 0 0 0 0 0 0 201 0 40883 0 0 0 0 0 0 257 0
net vnet168 0 0 36218 0 0 0 0 0 0 0 0 0 220 0 45133 0 0 0 0 0 0 324 0
net eno1 0 267906 40596083288 0 0 712 0 0 0 0 0 0 32409907 0 1437537704 0 0 0 0 0 0 6199853 0
net lo 0 0 21436696 0 0 0 0 0 0 0 0 0 158555 0 21436696 0 0 0 0 0 0 158555 0
net virbr0 0 2113 9997208734 0 0 0 0 0 0 0 0 0 39929412 0 38536753336 0 0 0 0 0 0 23685129 0
net vnet165 0 0 38902 0 0 0 0 0 0 0 0 0 231 0 58169 0 0 0 0 0 0 469 0
net vnet167 0 0 85092 0 0 0 0 0 0 0 0 0 350 0 60493 0 0 0 0 0 0 498 0
net vnet166 0 0 38788 0 0 0 0 0 0 0 0 0 228 0 55021 0 0 0 0 0 0 418 0
numa 1 400801716 18781169 10118603 29535 400735030 18826678
numa 0 429235343 10118603 18781169 29710 429182200 10121161
ps - 728028072 4554416 438 487 538 2 921
sysv_shm - 0 0
tmpfs /run/lock 0 6
tmpfs /run 2285568 1138
tmpfs /run/user/20029 0 20
tmpfs /run/qemu 0 1
tmpfs /dev/shm 37622738944 105469
vfs - 135025 7344 187092
vm - 10 986451937 566290461 738014 1617408 857933154 900276256 195379499 8069301 1054616602 73026 0 0 0 0 0 1811072 0 311878 5997 0 1623853 318 0 3 0 0

1778497836.591375 0 node0.mimesys-workload.ldos-ut-pg0.wisc.cloudlab.us
block sda 5914477 680222 1972896442 26454291 3850929 20294794 1132581962 21572650 0 7345080 48355143
block sdb 674 0 7540 666 4 0 0 0 0 828 667
cpu 11 636893 0 171691 4331132 101012 0 17
cpu 10 675474 2 154736 4313096 100627 0 22
cpu 13 595699 0 139260 4405680 99992 0 16
cpu 12 600348 0 136093 4404817 100692 0 13
cpu 15 549466 2 131950 4458332 99954 0 11
cpu 14 576472 0 139445 4425886 98804 0 17
cpu 17 349310 0 112806 4765294 16129 0 9
cpu 16 419882 0 124438 4686727 14342 0 10
cpu 19 425442 0 123719 4681029 16299 0 10
cpu 18 473154 5 125714 4632381 15090 0 10
cpu 1 592542 0 205272 4372159 63252 0 2129
cpu 0 596755 45 163471 4375183 65731 0 1244
cpu 3 638305 0 218950 4321335 62096 0 622
cpu 2 627242 0 218123 4330354 64518 0 216
cpu 5 563890 0 174397 4441723 61692 0 488
cpu 4 560671 1 175464 4441736 62410 0 143
cpu 7 505886 0 171168 4502894 61174 0 573
cpu 6 545532 0 175057 4459597 61806 0 355
cpu 9 600954 0 163903 4391387 83491 0 398
cpu 8 651842 0 167875 4335416 83385 0 369
mem 1 99033092 85373468 13659624 1652192 11102852 8 0 12380052 10524376 375664 34096 0 0 186864 12288 0 0
mem 0 97636988 59807752 37829236 1127776 35454936 20 0 36011220 2324428 575160 14188 0 0 466552 8192 0 0
net vnet169 0 0 33780 0 0 0 0 0 0 0 0 0 201 0 40935 0 0 0 0 0 0 258 0
net vnet168 0 0 36218 0 0 0 0 0 0 0 0 0 220 0 45185 0 0 0 0 0 0 325 0
net eno1 0 267906 40596087425 0 0 712 0 0 0 0 0 0 32409968 0 1437538049 0 0 0 0 0 0 6199856 0
net lo 0 0 21437253 0 0 0 0 0 0 0 0 0 158559 0 21437253 0 0 0 0 0 0 158559 0
net virbr0 0 2113 9997208734 0 0 0 0 0 0 0 0 0 39929412 0 38536753336 0 0 0 0 0 0 23685129 0
net vnet165 0 0 38902 0 0 0 0 0 0 0 0 0 231 0 58221 0 0 0 0 0 0 470 0
net vnet167 0 0 85092 0 0 0 0 0 0 0 0 0 350 0 60545 0 0 0 0 0 0 499 0
net vnet166 0 0 38788 0 0 0 0 0 0 0 0 0 228 0 55073 0 0 0 0 0 0 419 0
numa 1 400814752 18781169 10118603 29535 400748066 18826678
numa 0 429250893 10118603 18781169 29710 429197750 10121161
ps - 728032359 4554685 438 487 538 9 921
sysv_shm - 0 0
tmpfs /run/lock 0 6
tmpfs /run 2285568 1138
tmpfs /run/user/20029 0 20
tmpfs /run/qemu 0 1
tmpfs /dev/shm 37622738944 105469
vfs - 135025 7224 187092
vm - 10 986451937 566290981 738014 1617408 857961740 900304812 195379506 8069301 1054662415 73026 0 0 0 0 0 1811072 0 311878 5997 0 1623853 318 0 3 0 0

1778497836.992152 0 node0.mimesys-workload.ldos-ut-pg0.wisc.cloudlab.us
block sda 5914477 680222 1972896442 26454291 3850929 20294794 1132581962 21572650 0 7345080 48355143
block sdb 674 0 7540 666 4 0 0 0 0 828 667
cpu 11 636897 0 171692 4331166 101012 0 17
cpu 10 675484 2 154736 4313126 100627 0 22
cpu 13 595710 0 139260 4405708 99992 0 16
cpu 12 600354 0 136094 4404851 100692 0 13
cpu 15 549470 2 131951 4458366 99954 0 11
cpu 14 576475 0 139445 4425923 98804 0 17
cpu 17 349314 0 112806 4765328 16129 0 9
cpu 16 419886 0 124438 4686763 14342 0 10
cpu 19 425446 0 123720 4681063 16299 0 10
cpu 18 473158 5 125714 4632417 15090 0 10
cpu 1 592545 0 205272 4372196 63252 0 2129
cpu 0 596758 45 163475 4375217 65731 0 1244
cpu 3 638305 0 218950 4321375 62096 0 622
cpu 2 627242 0 218123 4330393 64518 0 216
cpu 5 563892 0 174399 4441759 61692 0 488
cpu 4 560672 1 175464 4441775 62410 0 143
cpu 7 505887 0 171168 4502932 61174 0 573
cpu 6 545533 0 175058 4459635 61806 0 355
cpu 9 600956 0 163904 4391424 83491 0 398
cpu 8 651844 0 167876 4335453 83385 0 369
mem 1 99033092 85371736 13661356 1652200 11100704 72 0 12380216 10523308 372924 34180 0 0 186800 12288 0 0
mem 0 97636988 59805232 37831756 1127776 35455552 112 0 36011220 2323164 574864 14052 0 0 466528 8192 0 0
net vnet169 0 0 33780 0 0 0 0 0 0 0 0 0 201 0 40935 0 0 0 0 0 0 258 0
net vnet168 0 0 37678 0 0 0 0 0 0 0 0 0 225 0 47101 0 0 0 0 0 0 330 0
net eno1 0 267906 40596089773 0 0 712 0 0 0 0 0 0 32410004 0 1437538251 0 0 0 0 0 0 6199858 0
net lo 0 0 21438473 0 0 0 0 0 0 0 0 0 158567 0 21438473 0 0 0 0 0 0 158567 0
net virbr0 0 2113 9997211860 0 0 0 0 0 0 0 0 0 39929428 0 38536756668 0 0 0 0 0 0 23685144 0
net vnet165 0 0 38902 0 0 0 0 0 0 0 0 0 231 0 58221 0 0 0 0 0 0 470 0
net vnet167 0 0 86916 0 0 0 0 0 0 0 0 0 360 0 61847 0 0 0 0 0 0 508 0
net vnet166 0 0 38788 0 0 0 0 0 0 0 0 0 228 0 55073 0 0 0 0 0 0 419 0
numa 1 400815482 18781169 10118603 29535 400748796 18826678
numa 0 429253452 10118603 18781169 29710 429200309 10121161
ps - 728035698 4554701 411 481 535 5 921
sysv_shm - 0 0
tmpfs /run/lock 0 6
tmpfs /run 2285568 1138
tmpfs /run/user/20029 0 20
tmpfs /run/qemu 0 1
tmpfs /dev/shm 37622738944 105469
vfs - 135064 7264 187411
vm - 10 986451937 566290981 738014 1617408 857965031 900308061 195379511 8069301 1054667197 73026 0 0 0 0 0 1811072 0 311878 5997 0 1623853 318 0 3 0 0

1778497837.616038 0 node0.mimesys-workload.ldos-ut-pg0.wisc.cloudlab.us
block sda 5914477 680222 1972896442 26454291 3850967 20294854 1132583010 21572655 0 7345108 48355149
block sdb 674 0 7540 666 4 0 0 0 0 828 667
cpu 11 636920 0 171700 4331197 101012 0 17
cpu 10 675501 2 154740 4313166 100627 0 22
cpu 13 595715 0 139265 4405760 99992 0 16
cpu 12 600358 0 136098 4404904 100692 0 13
cpu 15 549483 2 131954 4458414 99954 0 11
cpu 14 576481 0 139451 4425973 98804 0 17
cpu 17 349320 0 112812 4765379 16129 0 9
cpu 16 419908 0 124442 4686798 14342 0 10
cpu 19 425454 0 123723 4681113 16299 0 10
cpu 18 473210 5 125714 4632425 15090 0 10
cpu 1 592548 0 205278 4372251 63252 0 2129
cpu 0 596760 45 163479 4375272 65731 0 1244
cpu 3 638307 0 218954 4321431 62096 0 622
cpu 2 627244 0 218127 4330450 64518 0 216
cpu 5 563896 0 174402 4441814 61692 0 488
cpu 4 560676 1 175467 4441831 62410 0 143
cpu 7 505887 0 171174 4502989 61174 0 573
cpu 6 545535 0 175061 4459692 61806 0 355
cpu 9 600960 0 163908 4391480 83491 0 398
cpu 8 651848 0 167881 4335507 83385 0 369
mem 1 99033092 85370980 13662112 1652260 11101808 232 0 12380636 10524288 373360 34112 0 0 186784 12288 0 0
mem 0 97636988 59800196 37836792 1127800 35456100 240 0 36011236 2323940 575852 14296 0 0 466648 8192 0 0
net vnet169 0 0 36160 0 0 0 0 0 0 0 0 0 212 0 43729 0 0 0 0 0 0 268 0
net vnet168 0 0 41178 0 0 0 0 0 0 0 0 0 247 0 50177 0 0 0 0 0 0 346 0
net eno1 0 267906 40596094424 0 0 712 0 0 0 0 0 0 32410072 0 1437538697 0 0 0 0 0 0 6199862 0
net lo 0 0 21439640 0 0 0 0 0 0 0 0 0 158575 0 21439640 0 0 0 0 0 0 158575 0
net virbr0 0 2113 9997217226 0 0 0 0 0 0 0 0 0 39929460 0 38536762424 0 0 0 0 0 0 23685169 0
net vnet165 0 0 38902 0 0 0 0 0 0 0 0 0 231 0 58221 0 0 0 0 0 0 470 0
net vnet167 0 0 86916 0 0 0 0 0 0 0 0 0 360 0 61847 0 0 0 0 0 0 508 0
net vnet166 0 0 38788 0 0 0 0 0 0 0 0 0 228 0 55073 0 0 0 0 0 0 419 0
numa 1 400829020 18781169 10118603 29535 400762334 18826678
numa 0 429270503 10118603 18781169 29710 429217360 10121161
ps - 728045018 4554976 411 481 535 7 921
sysv_shm - 0 0
tmpfs /run/lock 0 6
tmpfs /run 2285568 1138
tmpfs /run/user/20029 0 20
tmpfs /run/qemu 0 1
tmpfs /dev/shm 37622738944 105469
vfs - 135025 7264 187102
vm - 10 986451937 566291505 738014 1617408 857995618 900338498 195379541 8069301 1054715748 73026 0 0 0 0 0 1811072 0 311878 5997 0 1623853 318 0 3 0 0

1778497838.033901 0 node0.mimesys-workload.ldos-ut-pg0.wisc.cloudlab.us
block sda 5914477 680222 1972896442 26454291 3850971 20294854 1132583130 21572655 0 7345116 48355149
block sdb 674 0 7540 666 4 0 0 0 0 828 667
cpu 11 636955 0 171705 4331199 101012 0 17
cpu 10 675505 2 154742 4313201 100627 0 22
cpu 13 595740 0 139265 4405776 99992 0 16
cpu 12 600380 0 136099 4404924 100692 0 13
cpu 15 549500 2 131954 4458439 99954 0 11
cpu 14 576482 0 139453 4426009 98804 0 17
cpu 17 349339 0 112812 4765400 16129 0 9
cpu 16 419910 0 124442 4686838 14342 0 10
cpu 19 425494 0 123723 4681115 16299 0 10
cpu 18 473252 5 125714 4632425 15090 0 10
cpu 1 592553 0 205278 4372289 63252 0 2129
cpu 0 596764 45 163479 4375309 65731 0 1244
cpu 3 638307 0 218955 4321472 62096 0 622
cpu 2 627244 0 218127 4330490 64518 0 216
cpu 5 563897 0 174403 4441854 61692 0 488
cpu 4 560676 1 175467 4441872 62410 0 143
cpu 7 505888 0 171174 4503030 61174 0 573
cpu 6 545535 0 175061 4459734 61806 0 355
cpu 9 600961 0 163910 4391519 83491 0 398
cpu 8 651848 0 167882 4335548 83385 0 369
mem 1 99033092 85369972 13663120 1652256 11101140 252 0 12380636 10523664 373008 34324 0 0 186784 12288 0 0
mem 0 97636988 59799188 37837800 1127812 35455384 244 0 36011236 2323056 575512 14356 0 0 466536 8192 0 0
net vnet169 0 0 36718 0 0 0 0 0 0 0 0 0 215 0 44625 0 0 0 0 0 0 270 0
net vnet168 0 0 41178 0 0 0 0 0 0 0 0 0 247 0 50177 0 0 0 0 0 0 346 0
net eno1 0 267920 40596097158 0 0 712 0 0 0 0 0 0 32410116 0 1437538798 0 0 0 0 0 0 6199863 0
net lo 0 0 21440250 0 0 0 0 0 0 0 0 0 158579 0 21440250 0 0 0 0 0 0 158579 0
net virbr0 0 2113 9997217742 0 0 0 0 0 0 0 0 0 39929463 0 38536763320 0 0 0 0 0 0 23685171 0
net vnet165 0 0 38902 0 0 0 0 0 0 0 0 0 231 0 58221 0 0 0 0 0 0 470 0
net vnet167 0 0 86916 0 0 0 0 0 0 0 0 0 360 0 61847 0 0 0 0 0 0 508 0
net vnet166 0 0 38788 0 0 0 0 0 0 0 0 0 228 0 55073 0 0 0 0 0 0 419 0
numa 1 400829326 18781169 10118603 29535 400762640 18826678
numa 0 429271916 10118603 18781169 29710 429218773 10121161
ps - 728052120 4554986 411 481 535 7 921
sysv_shm - 0 0
tmpfs /run/lock 0 6
tmpfs /run 2285568 1138
tmpfs /run/user/20029 0 20
tmpfs /run/qemu 0 1
tmpfs /dev/shm 37622738944 105469
vfs - 135025 7344 187102
vm - 10 986451937 566291565 738014 1617408 857997339 900339954 195379541 8069301 1054718225 73026 0 0 0 0 0 1811072 0 311878 5997 0 1623853 318 0 3 0 0

1778497838.635387 0 node0.mimesys-workload.ldos-ut-pg0.wisc.cloudlab.us
block sda 5914586 680222 1972901780 26454339 3850975 20294854 1132583346 21572656 0 7345264 48355199
block sdb 674 0 7540 666 4 0 0 0 0 828 667
cpu 11 636973 0 171709 4331237 101012 0 17
cpu 10 675532 2 154744 4313232 100627 0 22
cpu 13 595777 0 139273 4405791 99992 0 16
cpu 12 600409 0 136104 4404949 100692 0 13
cpu 15 549536 2 131954 4458462 99954 0 11
cpu 14 576490 0 139459 4426055 98804 0 17
cpu 17 349376 0 112814 4765422 16129 0 9
cpu 16 419926 0 124448 4686876 14342 0 10
cpu 19 425545 0 123725 4681119 16301 0 10
cpu 18 473310 5 125716 4632425 15090 0 10
cpu 1 592569 0 205282 4372328 63252 0 2129
cpu 0 596782 45 163481 4375350 65731 0 1244
cpu 3 638315 0 218960 4321520 62096 0 622
cpu 2 627248 0 218132 4330541 64518 0 216
cpu 5 563899 0 174406 4441908 61692 0 488
cpu 4 560678 1 175472 4441925 62410 0 143
cpu 7 505890 0 171177 4503084 61174 0 573
cpu 6 545537 0 175067 4459786 61806 0 355
cpu 9 600965 0 163914 4391569 83491 0 398
cpu 8 651850 0 167886 4335602 83385 0 369
mem 1 99033092 85352084 13681008 1652300 11116272 296 0 12392844 10535612 375660 35240 0 0 186848 12288 0 0
mem 0 97636988 59791412 37845576 1127788 35455940 256 0 36011464 2323696 575748 13928 0 0 466744 8192 0 0
net vnet169 0 0 38476 0 0 0 0 0 0 0 0 0 224 0 45913 0 0 0 0 0 0 279 0
net vnet168 0 0 41178 0 0 0 0 0 0 0 0 0 247 0 50229 0 0 0 0 0 0 347 0
net eno1 0 267920 40596101389 0 0 712 0 0 0 0 0 0 32410177 0 1437539244 0 0 0 0 0 0 6199867 0
net lo 0 0 21441417 0 0 0 0 0 0 0 0 0 158587 0 21441417 0 0 0 0 0 0 158587 0
net virbr0 0 2113 9997222272 0 0 0 0 0 0 0 0 0 39929489 0 38536768246 0 0 0 0 0 0 23685191 0
net vnet165 0 0 42038 0 0 0 0 0 0 0 0 0 248 0 61963 0 0 0 0 0 0 483 0
net vnet167 0 0 86916 0 0 0 0 0 0 0 0 0 360 0 61899 0 0 0 0 0 0 509 0
net vnet166 0 0 38788 0 0 0 0 0 0 0 0 0 228 0 55125 0 0 0 0 0 0 420 0
numa 1 400844445 18781169 10118603 29535 400777759 18826678
numa 0 429290798 10118603 18781169 29710 429237655 10121161
ps - 728062834 4555262 411 481 535 7 921
sysv_shm - 0 0
tmpfs /run/lock 0 6
tmpfs /run 2285568 1138
tmpfs /run/user/20029 0 20
tmpfs /run/qemu 0 1
tmpfs /dev/shm 37622738944 105469
vfs - 135029 7424 187130
vm - 10 986454606 566291673 738014 1617408 858031340 900370829 195379555 8069301 1054770299 73026 0 0 0 0 0 1811072 0 311878 5997 0 1623853 318 0 3 0 0

1778497839.076029 0 node0.mimesys-workload.ldos-ut-pg0.wisc.cloudlab.us
block sda 5914597 680222 1972902274 26454343 3850976 20294854 1132583354 21572656 0 7345284 48355202
block sdb 674 0 7540 666 4 0 0 0 0 828 667
cpu 11 636988 0 171710 4331265 101012 0 17
cpu 10 675538 2 154744 4313268 100627 0 22
cpu 13 595789 0 139273 4405823 99992 0 16
cpu 12 600421 0 136104 4404983 100692 0 13
cpu 15 549544 2 131954 4458498 99954 0 11
cpu 14 576499 0 139459 4426090 98804 0 17
cpu 17 349400 0 112822 4765434 16129 0 9
cpu 16 419931 0 124449 4686913 14342 0 10
cpu 19 425571 0 123728 4681132 16301 0 10
cpu 18 473354 5 125716 4632425 15090 0 10
cpu 1 592584 0 205282 4372356 63252 0 2129
cpu 0 596792 45 163481 4375382 65731 0 1244
cpu 3 638321 0 218960 4321557 62096 0 622
cpu 2 627248 0 218134 4330582 64518 0 216
cpu 5 563903 0 174408 4441946 61692 0 488
cpu 4 560680 1 175473 4441966 62410 0 143
cpu 7 505893 0 171178 4503124 61174 0 573
cpu 6 545540 0 175070 4459824 61806 0 355
cpu 9 600967 0 163915 4391611 83491 0 398
cpu 8 651852 0 167886 4335644 83385 0 369
mem 1 99033092 85350828 13682264 1652300 11114884 336 0 12393732 10536632 373644 35396 0 0 186880 12288 0 0
mem 0 97636988 59785872 37851116 1127788 35454908 264 0 36011528 2323716 574708 13908 0 0 466592 8192 0 0
net vnet169 0 0 38476 0 0 0 0 0 0 0 0 0 224 0 45913 0 0 0 0 0 0 279 0
net vnet168 0 0 41178 0 0 0 0 0 0 0 0 0 247 0 50229 0 0 0 0 0 0 347 0
net eno1 0 267920 40596104277 0 0 712 0 0 0 0 0 0 32410222 0 1437539446 0 0 0 0 0 0 6199869 0
net lo 0 0 21442637 0 0 0 0 0 0 0 0 0 158595 0 21442637 0 0 0 0 0 0 158595 0
net virbr0 0 2113 9997226646 0 0 0 0 0 0 0 0 0 39929512 0 38536772934 0 0 0 0 0 0 23685212 0
net vnet165 0 0 43862 0 0 0 0 0 0 0 0 0 258 0 62961 0 0 0 0 0 0 492 0
net vnet167 0 0 86916 0 0 0 0 0 0 0 0 0 360 0 61899 0 0 0 0 0 0 509 0
net vnet166 0 0 41660 0 0 0 0 0 0 0 0 0 241 0 58815 0 0 0 0 0 0 432 0
numa 1 400845022 18781169 10118603 29535 400778336 18826678
numa 0 429293912 10118603 18781169 29710 429240769 10121161
ps - 728072336 4555278 411 481 535 12 921
sysv_shm - 0 0
tmpfs /run/lock 0 6
tmpfs /run 2285568 1138
tmpfs /run/user/20029 0 20
tmpfs /run/qemu 0 1
tmpfs /dev/shm 37622738944 105469
vfs - 135026 8304 187121
vm - 10 986454853 566291677 738014 1617408 858035029 900374089 195379571 8069301 1054776328 73026 0 0 0 0 0 1811072 0 311878 5997 0 1623853 318 0 3 0 0

1778497839.661019 0 node0.mimesys-workload.ldos-ut-pg0.wisc.cloudlab.us
block sda 5914614 680222 1972903114 26454348 3851168 20294869 1132585738 21572690 0 7345340 48355242
block sdb 674 0 7540 666 4 0 0 0 0 828 667
cpu 11 636999 0 171712 4331308 101012 0 17
cpu 10 675568 2 154746 4313294 100627 0 22
cpu 13 595804 0 139276 4405862 99992 0 16
cpu 12 600428 0 136106 4405031 100692 0 13
cpu 15 549561 2 131958 4458537 99954 0 11
cpu 14 576517 0 139462 4426127 98804 0 17
cpu 17 349439 0 112831 4765446 16129 0 9
cpu 16 419940 0 124454 4686956 14342 0 10
cpu 19 425613 0 123736 4681140 16301 0 10
cpu 18 473412 5 125717 4632425 15090 0 10
cpu 1 592589 0 205286 4372404 63252 0 2129
cpu 0 596794 45 163486 4375433 65731 0 1244
cpu 3 638330 0 218965 4321603 62096 0 622
cpu 2 627263 0 218139 4330622 64518 0 216
cpu 5 563915 0 174412 4441989 61692 0 488
cpu 4 560696 1 175478 4442004 62410 0 143
cpu 7 505905 0 171184 4503164 61174 0 573
cpu 6 545545 0 175076 4459870 61806 0 355
cpu 9 600977 0 163919 4391654 83491 0 398
cpu 8 651862 0 167892 4335686 83385 0 369
mem 1 99033092 85343044 13690048 1652612 11116424 272 0 12394776 10538412 374468 36240 0 0 187312 12288 0 0
mem 0 97636988 59793092 37843896 1127828 35458132 156 0 36011700 2324076 577832 14232 0 0 466736 8192 0 0
net vnet169 0 0 38476 0 0 0 0 0 0 0 0 0 224 0 45913 0 0 0 0 0 0 279 0
net vnet168 0 0 41178 0 0 0 0 0 0 0 0 0 247 0 50229 0 0 0 0 0 0 347 0
net eno1 0 267920 40596107848 0 0 712 0 0 0 0 0 0 32410272 0 1437539892 0 0 0 0 0 0 6199873 0
net lo 0 0 21443804 0 0 0 0 0 0 0 0 0 158603 0 21443804 0 0 0 0 0 0 158603 0
net virbr0 0 2113 9997230312 0 0 0 0 0 0 0 0 0 39929530 0 38536776044 0 0 0 0 0 0 23685228 0
net vnet165 0 0 43862 0 0 0 0 0 0 0 0 0 258 0 62961 0 0 0 0 0 0 492 0
net vnet167 0 0 88944 0 0 0 0 0 0 0 0 0 367 0 64011 0 0 0 0 0 0 516 0
net vnet166 0 0 43550 0 0 0 0 0 0 0 0 0 252 0 59813 0 0 0 0 0 0 441 0
numa 1 400854814 18781169 10118603 29535 400788128 18826678
numa 0 429315184 10118603 18781169 29710 429262041 10121161
ps - 728090478 4555559 411 481 535 9 898
sysv_shm - 0 0
tmpfs /run/lock 0 6
tmpfs /run 2285568 1138
tmpfs /run/user/20029 0 20
tmpfs /run/qemu 0 1
tmpfs /dev/shm 37622738944 105469
vfs - 135026 10384 186970
vm - 10 986455273 566292869 738014 1617408 858066093 900404818 195379728 8069301 1054826127 73026 0 0 0 0 0 1811072 0 311878 5997 0 1623853 318 0 3 0 0

1778497840.119323 0 node0.mimesys-workload.ldos-ut-pg0.wisc.cloudlab.us
block sda 5914614 680222 1972903114 26454348 3851168 20294869 1132585738 21572690 0 7345340 48355242
block sdb 674 0 7540 666 4 0 0 0 0 828 667
cpu 11 637010 0 171713 4331343 101012 0 17
cpu 10 675580 2 154746 4313328 100627 0 22
cpu 13 595808 0 139277 4405902 99992 0 16
cpu 12 600448 0 136106 4405057 100692 0 13
cpu 15 549569 2 131958 4458572 99954 0 11
cpu 14 576535 0 139462 4426155 98804 0 17
cpu 17 349444 0 112832 4765485 16129 0 9
cpu 16 419955 0 124455 4686985 14342 0 10
cpu 19 425630 0 123737 4681168 16301 0 10
cpu 18 473458 5 125717 4632425 15090 0 10
cpu 1 592592 0 205286 4372449 63252 0 2129
cpu 0 596795 45 163487 4375477 65731 0 1244
cpu 3 638330 0 218966 4321648 62096 0 622
cpu 2 627265 0 218142 4330662 64518 0 216
cpu 5 563915 0 174412 4442034 61692 0 488
cpu 4 560696 1 175478 4442049 62410 0 143
cpu 7 505906 0 171185 4503208 61174 0 573
cpu 6 545547 0 175078 4459912 61806 0 355
cpu 9 600977 0 163919 4391700 83491 0 398
cpu 8 651862 0 167892 4335732 83385 0 369
mem 1 99033092 85342288 13690804 1652588 11114472 292 0 12394908 10538004 372280 35572 0 0 187296 12288 0 0
mem 0 97636988 59791588 37845400 1128128 35457100 168 0 36011708 2324104 577088 14604 0 0 466776 8192 0 0
net vnet169 0 0 38476 0 0 0 0 0 0 0 0 0 224 0 45913 0 0 0 0 0 0 279 0
net vnet168 0 0 41178 0 0 0 0 0 0 0 0 0 247 0 50229 0 0 0 0 0 0 347 0
net eno1 0 267931 40596110764 0 0 712 0 0 0 0 0 0 32410319 0 1437540047 0 0 0 0 0 0 6199875 0
net lo 0 0 21444414 0 0 0 0 0 0 0 0 0 158607 0 21444414 0 0 0 0 0 0 158607 0
net virbr0 0 2113 9997231280 0 0 0 0 0 0 0 0 0 39929540 0 38536777622 0 0 0 0 0 0 23685233 0
net vnet165 0 0 43862 0 0 0 0 0 0 0 0 0 258 0 62961 0 0 0 0 0 0 492 0
net vnet167 0 0 90052 0 0 0 0 0 0 0 0 0 377 0 65589 0 0 0 0 0 0 521 0
net vnet166 0 0 43550 0 0 0 0 0 0 0 0 0 252 0 59813 0 0 0 0 0 0 441 0
numa 1 400855086 18781169 10118603 29535 400788400 18826678
numa 0 429316619 10118603 18781169 29710 429263476 10121161
ps - 728095812 4555569 411 481 535 5 898
sysv_shm - 0 0
tmpfs /run/lock 0 6
tmpfs /run 2285568 1138
tmpfs /run/user/20029 0 20
tmpfs /run/qemu 0 1
tmpfs /dev/shm 37622738944 105469
vfs - 135066 10384 187326
vm - 10 986455273 566292869 738014 1617408 858067836 900406414 195379729 8069301 1054828415 73026 0 0 0 0 0 1811072 0 311878 5997 0 1623853 318 0 3 0 0

1778497840.688736 0 node0.mimesys-workload.ldos-ut-pg0.wisc.cloudlab.us
block sda 5914617 680222 1972903230 26454349 3851169 20294869 1132585802 21572690 0 7345348 48355243
block sdb 674 0 7540 666 4 0 0 0 0 828 667
cpu 11 637018 0 171716 4331388 101012 0 17
cpu 10 675590 2 154752 4313368 100627 0 22
cpu 13 595816 0 139278 4405949 99992 0 16
cpu 12 600459 0 136110 4405098 100692 0 13
cpu 15 549574 2 131962 4458619 99954 0 11
cpu 14 576554 0 139466 4426188 98804 0 17
cpu 17 349450 0 112837 4765531 16129 0 9
cpu 16 419972 0 124460 4687018 14342 0 10
cpu 19 425632 0 123740 4681218 16301 0 10
cpu 18 473515 5 125717 4632425 15090 0 10
cpu 1 592594 0 205290 4372500 63252 0 2129
cpu 0 596797 45 163491 4375527 65731 0 1244
cpu 3 638331 0 218970 4321700 62096 0 622
cpu 2 627267 0 218146 4330714 64518 0 216
cpu 5 563917 0 174415 4442086 61692 0 488
cpu 4 560698 1 175481 4442101 62410 0 143
cpu 7 505909 0 171187 4503259 61174 0 573
cpu 6 545550 0 175080 4459963 61806 0 355
cpu 9 600978 0 163924 4391750 83491 0 398
cpu 8 651864 0 167896 4335782 83385 0 369
mem 1 99033092 85338760 13694332 1652616 11116824 316 0 12395236 10539240 374456 35572 0 0 187168 12288 0 0
mem 0 97636988 59788316 37848672 1128128 35455040 172 0 36011708 2324096 574552 14400 0 0 466696 8192 0 0
net vnet169 0 0 38476 0 0 0 0 0 0 0 0 0 224 0 45965 0 0 0 0 0 0 280 0
net vnet168 0 0 41178 0 0 0 0 0 0 0 0 0 247 0 50281 0 0 0 0 0 0 348 0
net eno1 0 267931 40596114361 0 0 712 0 0 0 0 0 0 32410371 0 1437540392 0 0 0 0 0 0 6199878 0
net lo 0 0 21444971 0 0 0 0 0 0 0 0 0 158611 0 21444971 0 0 0 0 0 0 158611 0
net virbr0 0 2113 9997233060 0 0 0 0 0 0 0 0 0 39929551 0 38536778620 0 0 0 0 0 0 23685242 0
net vnet165 0 0 43862 0 0 0 0 0 0 0 0 0 258 0 63013 0 0 0 0 0 0 493 0
net vnet167 0 0 91986 0 0 0 0 0 0 0 0 0 388 0 66639 0 0 0 0 0 0 531 0
net vnet166 0 0 43550 0 0 0 0 0 0 0 0 0 252 0 59865 0 0 0 0 0 0 442 0
numa 1 400868206 18781169 10118603 29535 400801519 18826679
numa 0 429332290 10118603 18781169 29710 429279147 10121161
ps - 728103214 4555840 411 481 535 5 899
sysv_shm - 0 0
tmpfs /run/lock 0 6
tmpfs /run 2285568 1138
tmpfs /run/user/20029 0 20
tmpfs /run/qemu 0 1
tmpfs /dev/shm 37622738944 105469
vfs - 135024 10144 187004
vm - 10 986455331 566292901 738014 1617408 858096591 900435544 195379741 8069301 1054874266 73026 0 0 0 0 0 1811072 0 311878 5997 0 1623853 318 0 3 0 0

1778497841.160994 0 node0.mimesys-workload.ldos-ut-pg0.wisc.cloudlab.us
block sda 5914719 680222 1972927550 26454398 3851176 20294869 1132585858 21572696 0 7345500 48355298
block sdb 674 0 7540 666 4 0 0 0 0 828 667
cpu 11 637044 0 171726 4331399 101012 0 17
cpu 10 675610 2 154752 4313395 100627 0 22
cpu 13 595817 0 139278 4405995 99992 0 16
cpu 12 600485 0 136111 4405117 100692 0 13
cpu 15 549595 2 131962 4458644 99954 0 11
cpu 14 576560 0 139469 4426225 98804 0 17
cpu 17 349461 0 112839 4765565 16129 0 9
cpu 16 419987 0 124462 4687047 14342 0 10
cpu 19 425634 0 123740 4681264 16301 0 10
cpu 18 473560 5 125720 4632425 15090 0 10
cpu 1 592595 0 205291 4372544 63252 0 2129
cpu 0 596797 45 163491 4375573 65731 0 1244
cpu 3 638332 0 218971 4321744 62096 0 622
cpu 2 627267 0 218146 4330760 64518 0 216
cpu 5 563917 0 174416 4442132 61692 0 488
cpu 4 560698 1 175481 4442147 62410 0 143
cpu 7 505909 0 171187 4503306 61174 0 573
cpu 6 545550 0 175080 4460010 61806 0 355
cpu 9 600978 0 163924 4391797 83491 0 398
cpu 8 651864 0 167896 4335828 83385 0 369
mem 1 99033092 85311796 13721296 1652648 11141768 324 0 12421020 10564084 373568 36172 0 0 187072 12288 0 0
mem 0 97636988 59787812 37849176 1128096 35453596 156 0 36011712 2323684 573528 13904 0 0 466620 8192 0 0
net vnet169 0 0 38476 0 0 0 0 0 0 0 0 0 224 0 45965 0 0 0 0 0 0 280 0
net vnet168 0 0 41178 0 0 0 0 0 0 0 0 0 247 0 50281 0 0 0 0 0 0 348 0
net eno1 0 267931 40596116375 0 0 712 0 0 0 0 0 0 32410403 0 1437540493 0 0 0 0 0 0 6199879 0
net lo 0 0 21445581 0 0 0 0 0 0 0 0 0 158615 0 21445581 0 0 0 0 0 0 158615 0
net virbr0 0 2113 9997233060 0 0 0 0 0 0 0 0 0 39929551 0 38536778620 0 0 0 0 0 0 23685242 0
net vnet165 0 0 43862 0 0 0 0 0 0 0 0 0 258 0 63013 0 0 0 0 0 0 493 0
net vnet167 0 0 91986 0 0 0 0 0 0 0 0 0 388 0 66639 0 0 0 0 0 0 531 0
net vnet166 0 0 43550 0 0 0 0 0 0 0 0 0 252 0 59865 0 0 0 0 0 0 442 0
numa 1 400875694 18781169 10118603 29535 400809007 18826679
numa 0 429333622 10118603 18781169 29710 429280479 10121161
ps - 728111474 4555850 411 481 535 6 895
sysv_shm - 0 0
tmpfs /run/lock 0 6
tmpfs /run 2285568 1138
tmpfs /run/user/20029 0 20
tmpfs /run/qemu 0 1
tmpfs /dev/shm 37622738944 105469
vfs - 135024 10344 186980
vm - 10 986468387 566292929 738014 1617408 858105462 900437462 195379742 8069301 1054883410 73026 0 0 0 0 0 1811072 0 311878 5997 0 1623853 318 0 3 0 0

1778497841.716535 0 node0.mimesys-workload.ldos-ut-pg0.wisc.cloudlab.us
block sda 5914895 680222 1972970822 26455005 3851292 20294869 1132820274 21574613 14 7346052 48357822
block sdb 674 0 7540 666 4 0 0 0 0 828 667
cpu 11 637065 0 171730 4331429 101014 0 17
cpu 10 675628 2 154754 4313421 100636 0 22
cpu 13 595839 0 139280 4406023 99995 0 16
cpu 12 600517 0 136113 4405136 100693 0 13
cpu 15 549618 2 131965 4458665 99961 0 11
cpu 14 576574 0 139476 4426258 98806 0 17
cpu 17 349502 0 112843 4765574 16129 0 9
cpu 16 420018 0 124466 4687064 14346 0 10
cpu 19 425642 0 123743 4681308 16301 0 10
cpu 18 473584 5 125729 4632425 15111 0 10
cpu 1 592597 0 205295 4372594 63252 0 2129
cpu 0 596802 45 163496 4375618 65731 0 1244
cpu 3 638334 0 218976 4321793 62096 0 622
cpu 2 627270 0 218152 4330807 64518 0 216
cpu 5 563920 0 174420 4442180 61692 0 488
cpu 4 560700 1 175485 4442196 62410 0 143
cpu 7 505912 0 171192 4503354 61174 0 573
cpu 6 545553 0 175085 4460057 61806 0 355
cpu 9 600981 0 163929 4391844 83491 0 398
cpu 8 651866 0 167900 4335878 83385 0 369
mem 1 99033092 85289168 13743924 1652636 11176380 360 0 12454044 10598376 374744 36416 0 0 187288 12288 0 0
mem 0 97636988 59783536 37853452 1128100 35456476 172 0 36011716 2325404 576392 14048 0 0 466724 8192 0 0
net vnet169 0 0 38476 0 0 0 0 0 0 0 0 0 224 0 45965 0 0 0 0 0 0 280 0
net vnet168 0 0 41178 0 0 0 0 0 0 0 0 0 247 0 50281 0 0 0 0 0 0 348 0
net eno1 0 267931 40596120246 0 0 712 0 0 0 0 0 0 32410458 0 1437540939 0 0 0 0 0 0 6199883 0
net lo 0 0 21446748 0 0 0 0 0 0 0 0 0 158623 0 21446748 0 0 0 0 0 0 158623 0
net virbr0 0 2113 9997235958 0 0 0 0 0 0 0 0 0 39929568 0 38536782310 0 0 0 0 0 0 23685254 0
net vnet165 0 0 43862 0 0 0 0 0 0 0 0 0 258 0 63013 0 0 0 0 0 0 493 0
net vnet167 0 0 95122 0 0 0 0 0 0 0 0 0 405 0 70329 0 0 0 0 0 0 543 0
net vnet166 0 0 43550 0 0 0 0 0 0 0 0 0 252 0 59865 0 0 0 0 0 0 442 0
numa 1 400895987 18781169 10118603 29535 400829300 18826679
numa 0 429352659 10118603 18781169 29710 429299516 10121161
ps - 728120887 4556135 411 481 535 6 905
sysv_shm - 0 0
tmpfs /run/lock 0 6
tmpfs /run 2285568 1138
tmpfs /run/user/20029 0 20
tmpfs /run/qemu 0 1
tmpfs /dev/shm 37622738944 105469
vfs - 135034 10504 187112
vm - 10 986489383 566425241 738014 1617408 858144744 900468343 195379755 8069301 1054939993 73026 0 0 0 0 0 1811072 0 311878 5997 0 1623853 318 0 3 0 0

1778497842.203263 0 node0.mimesys-workload.ldos-ut-pg0.wisc.cloudlab.us
block sda 5915204 680222 1973046342 26455237 3851413 20294869 1132851546 21575100 0 7346540 48358541
block sdb 674 0 7540 666 4 0 0 0 0 828 667
cpu 11 637071 0 171731 4331467 101016 0 17
cpu 10 675646 2 154755 4313450 100636 0 22
cpu 13 595864 0 139280 4406048 99995 0 16
cpu 12 600540 0 136113 4405161 100693 0 13
cpu 15 549632 2 131966 4458699 99961 0 11
cpu 14 576614 0 139478 4426263 98807 0 17
cpu 17 349518 0 112844 4765606 16129 0 9
cpu 16 420034 0 124466 4687095 14347 0 10
cpu 19 425643 0 123744 4681355 16301 0 10
cpu 18 473618 5 125741 4632425 15115 0 10
cpu 1 592602 0 205296 4372637 63252 0 2129
cpu 0 596805 45 163496 4375663 65731 0 1244
cpu 3 638334 0 218977 4321841 62096 0 622
cpu 2 627271 0 218152 4330854 64519 0 216
cpu 5 563921 0 174421 4442228 61692 0 488
cpu 4 560702 1 175486 4442242 62410 0 143
cpu 7 505913 0 171192 4503402 61174 0 573
cpu 6 545553 0 175085 4460106 61806 0 355
cpu 9 600981 0 163929 4391892 83491 0 398
cpu 8 651867 0 167900 4335925 83385 0 369
mem 1 99033092 85204904 13828188 1652640 11257188 4 0 12536804 10679940 372888 36356 0 0 187288 12288 0 0
mem 0 97636988 59796016 37840972 1128104 35454260 16 0 36011716 2323688 574196 14284 0 0 466660 8192 0 0
net vnet169 0 0 38476 0 0 0 0 0 0 0 0 0 224 0 45965 0 0 0 0 0 0 280 0
net vnet168 0 0 41178 0 0 0 0 0 0 0 0 0 247 0 50281 0 0 0 0 0 0 348 0
net eno1 0 267944 40596122920 0 0 712 0 0 0 0 0 0 32410500 0 1437541040 0 0 0 0 0 0 6199884 0
net lo 0 0 21447358 0 0 0 0 0 0 0 0 0 158627 0 21447358 0 0 0 0 0 0 158627 0
net virbr0 0 2113 9997237686 0 0 0 0 0 0 0 0 0 39929578 0 38536783308 0 0 0 0 0 0 23685263 0
net vnet165 0 0 43862 0 0 0 0 0 0 0 0 0 258 0 63013 0 0 0 0 0 0 493 0
net vnet167 0 0 96990 0 0 0 0 0 0 0 0 0 415 0 71327 0 0 0 0 0 0 552 0
net vnet166 0 0 43550 0 0 0 0 0 0 0 0 0 252 0 59865 0 0 0 0 0 0 442 0
numa 1 400918678 18781169 10118603 29535 400851991 18826679
numa 0 429354006 10118603 18781169 29710 429300863 10121161
ps - 728128523 4556146 418 481 535 5 905
sysv_shm - 0 0
tmpfs /run/lock 0 6
tmpfs /run 2285568 1138
tmpfs /run/user/20029 0 20
tmpfs /run/qemu 0 1
tmpfs /dev/shm 37622738944 105469
vfs - 135029 10504 187086
vm - 10 986527655 566425773 738014 1617408 858168815 900471589 195379756 8069301 1054963977 73026 0 0 0 0 0 1811072 0 311878 5997 0 1623853 318 0 3 0 0

1778497842.741936 0 node0.mimesys-workload.ldos-ut-pg0.wisc.cloudlab.us
block sda 5915635 680222 1973135686 26455505 3851424 20294894 1132852058 21575102 0 7347076 48358812
block sdb 674 0 7540 666 4 0 0 0 0 828 667
cpu 11 637081 0 171734 4331506 101016 0 17
cpu 10 675654 2 154758 4313491 100636 0 22
cpu 13 595882 0 139288 4406075 99995 0 16
cpu 12 600552 0 136120 4405195 100693 0 13
cpu 15 549647 2 131970 4458731 99961 0 11
cpu 14 576623 0 139480 4426305 98807 0 17
cpu 17 349535 0 112849 4765638 16129 0 9
cpu 16 420039 0 124470 4687139 14347 0 10
cpu 19 425646 0 123748 4681402 16301 0 10
cpu 18 473658 5 125755 4632425 15115 0 10
cpu 1 592605 0 205299 4372685 63252 0 2130
cpu 0 596806 45 163501 4375710 65731 0 1244
cpu 3 638336 0 218981 4321888 62096 0 622
cpu 2 627272 0 218156 4330901 64519 0 216
cpu 5 563925 0 174423 4442276 61692 0 488
cpu 4 560704 1 175490 4442289 62410 0 143
cpu 7 505915 0 171196 4503449 61174 0 573
cpu 6 545555 0 175090 4460151 61806 0 355
cpu 9 600983 0 163933 4391938 83491 0 398
cpu 8 651871 0 167903 4335973 83385 0 369
mem 1 99033092 85115756 13917336 1652652 11356888 76 0 12634764 10778592 375000 36968 0 0 187552 12288 0 0
mem 0 97636988 59792240 37844748 1128124 35454884 192 0 36011732 2324828 574832 14184 0 0 466588 8192 0 0
net vnet169 0 0 38476 0 0 0 0 0 0 0 0 0 224 0 46017 0 0 0 0 0 0 281 0
net vnet168 0 0 41178 0 0 0 0 0 0 0 0 0 247 0 50333 0 0 0 0 0 0 349 0
net eno1 0 267944 40596126997 0 0 712 0 0 0 0 0 0 32410561 0 1437541385 0 0 0 0 0 0 6199887 0
net lo 0 0 21447915 0 0 0 0 0 0 0 0 0 158631 0 21447915 0 0 0 0 0 0 158631 0
net virbr0 0 2113 9997237686 0 0 0 0 0 0 0 0 0 39929578 0 38536783308 0 0 0 0 0 0 23685263 0
net vnet165 0 0 43862 0 0 0 0 0 0 0 0 0 258 0 63065 0 0 0 0 0 0 494 0
net vnet167 0 0 96990 0 0 0 0 0 0 0 0 0 415 0 71379 0 0 0 0 0 0 553 0
net vnet166 0 0 43550 0 0 0 0 0 0 0 0 0 252 0 59917 0 0 0 0 0 0 443 0
numa 1 400957466 18781169 10118603 29535 400890779 18826679
numa 0 429369900 10118603 18781169 29710 429316757 10121161
ps - 728140370 4556415 418 481 535 5 905
sysv_shm - 0 0
tmpfs /run/lock 0 6
tmpfs /run 2285568 1138
tmpfs /run/user/20029 0 20
tmpfs /run/qemu 0 1
tmpfs /dev/shm 37622738944 105469
vfs - 135024 10464 187046
vm - 10 986572071 566426029 738014 1617408 858223492 900501794 195379771 8069301 1055034831 73026 0 0 0 0 0 1811072 0 311878 5997 0 1623853 318 0 3 0 0

1778497843.244884 0 node0.mimesys-workload.ldos-ut-pg0.wisc.cloudlab.us
block sda 5916100 680222 1973218630 26455817 3851501 20294894 1132852994 21575116 1 7347580 48359138
block sdb 674 0 7540 666 4 0 0 0 0 828 667
cpu 11 637105 0 171734 4331533 101016 0 17
cpu 10 675688 2 154764 4313502 100636 0 22
cpu 13 595894 0 139288 4406113 99995 0 16
cpu 12 600561 0 136121 4405236 100693 0 13
cpu 15 549654 2 131972 4458771 99961 0 11
cpu 14 576633 0 139481 4426344 98807 0 17
cpu 17 349547 0 112850 4765674 16129 0 9
cpu 16 420053 0 124470 4687174 14347 0 10
cpu 19 425647 0 123748 4681450 16301 0 10
cpu 18 473693 5 125770 4632425 15115 0 10
cpu 1 592610 0 205300 4372731 63252 0 2130
cpu 0 596807 45 163502 4375758 65731 0 1244
cpu 3 638337 0 218982 4321934 62096 0 622
cpu 2 627274 0 218157 4330948 64519 0 216
cpu 5 563925 0 174424 4442325 61692 0 488
cpu 4 560704 1 175491 4442338 62410 0 143
cpu 7 505917 0 171197 4503496 61174 0 573
cpu 6 545556 0 175092 4460199 61806 0 355
cpu 9 600986 0 163935 4391983 83491 0 398
cpu 8 651871 0 167903 4336022 83385 0 369
mem 1 99033092 85022668 14010424 1652636 11446308 116 0 12726228 10869404 372908 36816 0 0 187584 12288 0 0
mem 0 97636988 59787452 37849536 1128128 35455356 216 0 36011736 2323748 575272 14240 0 0 466484 8192 0 0
net vnet169 0 0 38476 0 0 0 0 0 0 0 0 0 224 0 46017 0 0 0 0 0 0 281 0
net vnet168 0 0 41178 0 0 0 0 0 0 0 0 0 247 0 50333 0 0 0 0 0 0 349 0
net eno1 0 267944 40596130385 0 0 712 0 0 0 0 0 0 32410609 0 1437541587 0 0 0 0 0 0 6199889 0
net lo 0 0 21449135 0 0 0 0 0 0 0 0 0 158639 0 21449135 0 0 0 0 0 0 158639 0
net virbr0 0 2113 9997240584 0 0 0 0 0 0 0 0 0 39929595 0 38536786998 0 0 0 0 0 0 23685275 0
net vnet165 0 0 43862 0 0 0 0 0 0 0 0 0 258 0 63065 0 0 0 0 0 0 494 0
net vnet167 0 0 100126 0 0 0 0 0 0 0 0 0 432 0 75069 0 0 0 0 0 0 565 0
net vnet166 0 0 43550 0 0 0 0 0 0 0 0 0 252 0 59917 0 0 0 0 0 0 443 0
numa 1 400982377 18781169 10118603 29535 400915690 18826679
numa 0 429372993 10118603 18781169 29710 429319850 10121161
ps - 728149687 4556432 418 481 535 4 906
sysv_shm - 0 0
tmpfs /run/lock 0 6
tmpfs /run 2285568 1138
tmpfs /run/user/20029 0 20
tmpfs /run/qemu 0 1
tmpfs /dev/shm 37622738944 105469
vfs - 135066 10464 187368
vm - 10 986613931 566426577 738014 1617408 858251521 900506368 195379771 8069301 1055062743 73026 0 0 0 0 0 1811072 0 311878 5997 0 1623853 318 0 3 0 0

1778497843.767125 0 node0.mimesys-workload.ldos-ut-pg0.wisc.cloudlab.us
block sda 5916474 680222 1973284014 26456073 3851530 20294895 1132853442 21575121 0 7348036 48359400
block sdb 674 0 7540 666 4 0 0 0 0 828 667
cpu 11 637112 0 171738 4331575 101016 0 17
cpu 10 675705 2 154770 4313532 100636 0 22
cpu 13 595908 0 139290 4406147 99995 0 16
cpu 12 600571 0 136124 4405274 100693 0 13
cpu 15 549670 2 131974 4458805 99961 0 11
cpu 14 576645 0 139484 4426381 98807 0 17
cpu 17 349560 0 112854 4765706 16129 0 9
cpu 16 420059 0 124474 4687216 14347 0 10
cpu 19 425652 0 123751 4681493 16301 0 10
cpu 18 473730 5 125782 4632428 15115 0 10
cpu 1 592613 0 205304 4372777 63252 0 2130
cpu 0 596809 45 163506 4375804 65731 0 1244
cpu 3 638340 0 218985 4321981 62096 0 622
cpu 2 627275 0 218161 4330995 64519 0 216
cpu 5 563927 0 174428 4442371 61692 0 488
cpu 4 560706 1 175495 4442385 62410 0 143
cpu 7 505918 0 171202 4503543 61174 0 573
cpu 6 545557 0 175096 4460246 61806 0 355
cpu 9 600987 0 163938 4392030 83491 0 398
cpu 8 651873 0 167907 4336068 83385 0 369
mem 1 99033092 84946828 14086264 1652632 11520072 132 0 12798056 10942088 375356 36980 0 0 188032 12288 0 0
mem 0 97636988 59797260 37839728 1128148 35456348 224 0 36011744 2323884 576312 14388 0 0 466540 8192 0 0
net vnet169 0 0 38476 0 0 0 0 0 0 0 0 0 224 0 46017 0 0 0 0 0 0 281 0
net vnet168 0 0 41178 0 0 0 0 0 0 0 0 0 247 0 50333 0 0 0 0 0 0 349 0
net eno1 0 267944 40596133982 0 0 712 0 0 0 0 0 0 32410661 0 1437541932 0 0 0 0 0 0 6199892 0
net lo 0 0 21449692 0 0 0 0 0 0 0 0 0 158643 0 21449692 0 0 0 0 0 0 158643 0
net virbr0 0 2113 9997242364 0 0 0 0 0 0 0 0 0 39929606 0 38536787996 0 0 0 0 0 0 23685284 0
net vnet165 0 0 43862 0 0 0 0 0 0 0 0 0 258 0 63065 0 0 0 0 0 0 494 0
net vnet167 0 0 102060 0 0 0 0 0 0 0 0 0 443 0 76067 0 0 0 0 0 0 574 0
net vnet166 0 0 43550 0 0 0 0 0 0 0 0 0 252 0 59917 0 0 0 0 0 0 443 0
numa 1 401013767 18781169 10118603 29535 400947080 18826679
numa 0 429389448 10118603 18781169 29710 429336305 10121161
ps - 728158944 4556702 418 481 535 2 906
sysv_shm - 0 0
tmpfs /run/lock 0 6
tmpfs /run 2285568 1138
tmpfs /run/user/20029 0 20
tmpfs /run/qemu 0 1
tmpfs /dev/shm 37622738944 105469
vfs - 135024 10264 187047
vm - 10 986645723 566426721 738014 1617408 858299310 900536765 195379782 8069301 1055126383 73026 0 0 0 0 0 1811072 0 311878 5997 0 1623853 318 0 3 0 0

1778497844.287964 0 node0.mimesys-workload.ldos-ut-pg0.wisc.cloudlab.us
block sda 5916474 680222 1973284014 26456073 3851531 20294895 1132853506 21575121 0 7348040 48359400
block sdb 674 0 7540 666 4 0 0 0 0 828 667
cpu 11 637121 0 171740 4331614 101016 0 17
cpu 10 675721 2 154770 4313566 100636 0 22
cpu 13 595923 0 139295 4406178 99995 0 16
cpu 12 600582 0 136125 4405315 100693 0 13
cpu 15 549696 2 131980 4458825 99961 0 11
cpu 14 576656 0 139486 4426421 98807 0 17
cpu 17 349578 0 112855 4765740 16129 0 9
cpu 16 420078 0 124475 4687248 14347 0 10
cpu 19 425654 0 123751 4681544 16301 0 10
cpu 18 473730 5 125782 4632479 15115 0 10
cpu 1 592615 0 205305 4372826 63252 0 2130
cpu 0 596810 45 163506 4375855 65731 0 1244
cpu 3 638340 0 218985 4322032 62096 0 622
cpu 2 627275 0 218161 4331046 64519 0 216
cpu 5 563927 0 174428 4442422 61692 0 488
cpu 4 560706 1 175496 4442436 62410 0 143
cpu 7 505918 0 171202 4503593 61174 0 573
cpu 6 545558 0 175097 4460296 61806 0 355
cpu 9 600988 0 163939 4392081 83491 0 398
cpu 8 651874 0 167907 4336120 83385 0 369
mem 1 99033092 84945820 14087272 1652624 11518372 148 0 12798480 10941680 373160 37168 0 0 188120 12288 0 0
mem 0 97636988 59796916 37840072 1128152 35454408 228 0 36011744 2323868 574784 14308 0 0 466508 8192 0 0
net vnet169 0 0 38476 0 0 0 0 0 0 0 0 0 224 0 46017 0 0 0 0 0 0 281 0
net vnet168 0 0 41178 0 0 0 0 0 0 0 0 0 247 0 50333 0 0 0 0 0 0 349 0
net eno1 0 267958 40596137256 0 0 712 0 0 0 0 0 0 32410714 0 1437542033 0 0 0 0 0 0 6199893 0
net lo 0 0 21450302 0 0 0 0 0 0 0 0 0 158647 0 21450302 0 0 0 0 0 0 158647 0
net virbr0 0 2113 9997242364 0 0 0 0 0 0 0 0 0 39929606 0 38536787996 0 0 0 0 0 0 23685284 0
net vnet165 0 0 43862 0 0 0 0 0 0 0 0 0 258 0 63065 0 0 0 0 0 0 494 0
net vnet167 0 0 102060 0 0 0 0 0 0 0 0 0 443 0 76137 0 0 0 0 0 0 575 0
net vnet166 0 0 43550 0 0 0 0 0 0 0 0 0 252 0 59917 0 0 0 0 0 0 443 0
numa 1 401013964 18781169 10118603 29535 400947277 18826679
numa 0 429390815 10118603 18781169 29710 429337672 10121161
ps - 728165101 4556712 418 481 535 2 906
sysv_shm - 0 0
tmpfs /run/lock 0 6
tmpfs /run 2285568 1138
tmpfs /run/user/20029 0 20
tmpfs /run/qemu 0 1
tmpfs /dev/shm 37622738944 105469
vfs - 135024 10224 187048
vm - 10 986645723 566426753 738014 1617408 858300875 900538265 195379782 8069301 1055128515 73026 0 0 0 0 0 1811072 0 311878 5997 0 1623853 318 0 3 0 0

1778497844.792067 0 node0.mimesys-workload.ldos-ut-pg0.wisc.cloudlab.us
block sda 5916474 680222 1973284014 26456073 3851538 20294895 1132853882 21575122 0 7348048 48359401
block sdb 674 0 7540 666 4 0 0 0 0 828 667
cpu 11 637133 0 171747 4331642 101016 0 17
cpu 10 675728 2 154774 4313605 100636 0 22
cpu 13 595948 0 139297 4406201 99995 0 16
cpu 12 600600 0 136128 4405341 100693 0 13
cpu 15 549732 2 131986 4458833 99961 0 11
cpu 14 576698 0 139486 4426428 98807 0 17
cpu 17 349592 0 112858 4765774 16129 0 9
cpu 16 420092 0 124479 4687282 14347 0 10
cpu 19 425659 0 123753 4681588 16301 0 10
cpu 18 473734 5 125785 4632521 15115 0 10
cpu 1 592619 0 205308 4372869 63252 0 2130
cpu 0 596813 45 163512 4375896 65731 0 1244
cpu 3 638343 0 218991 4322074 62096 0 622
cpu 2 627277 0 218164 4331091 64519 0 216
cpu 5 563929 0 174432 4442467 61692 0 488
cpu 4 560709 1 175499 4442479 62410 0 143
cpu 7 505920 0 171206 4503637 61174 0 573
cpu 6 545561 0 175102 4460339 61806 0 355
cpu 9 600990 0 163945 4392122 83491 0 398
cpu 8 651875 0 167912 4336163 83385 0 369
mem 1 99033092 84956448 14076644 1657580 11517720 172 0 12798700 10942508 376972 37140 0 0 188184 12288 0 0
mem 0 97636988 59785604 37851384 1130556 35462080 232 0 36011748 2324772 585092 14192 0 0 466964 8192 0 0
net vnet169 0 0 38476 0 0 0 0 0 0 0 0 0 224 0 46069 0 0 0 0 0 0 282 0
net vnet168 0 0 41178 0 0 0 0 0 0 0 0 0 247 0 50385 0 0 0 0 0 0 350 0
net eno1 0 267958 40596141434 0 0 712 0 0 0 0 0 0 32410763 0 1437542708 0 0 0 0 0 0 6199900 0
net lo 0 0 21452401 0 0 0 0 0 0 0 0 0 158669 0 21452401 0 0 0 0 0 0 158669 0
net virbr0 0 2113 9997244294 0 0 0 0 0 0 0 0 0 39929613 0 38536790026 0 0 0 0 0 0 23685290 0
net vnet165 0 0 43862 0 0 0 0 0 0 0 0 0 258 0 63117 0 0 0 0 0 0 495 0
net vnet167 0 0 103586 0 0 0 0 0 0 0 0 0 449 0 78219 0 0 0 0 0 0 582 0
net vnet166 0 0 43550 0 0 0 0 0 0 0 0 0 252 0 59969 0 0 0 0 0 0 444 0
numa 1 401026726 18781169 10118603 29535 400960039 18826679
numa 0 429412486 10118603 18781169 29710 429359343 10121161
ps - 728174224 4556996 418 481 535 11 908
sysv_shm - 0 0
tmpfs /run/lock 0 6
tmpfs /run 2285568 1138
tmpfs /run/user/20029 0 20
tmpfs /run/qemu 0 1
tmpfs /dev/shm 37622738944 105469
vfs - 135057 10304 187224
vm - 10 986645723 566426941 738014 1617408 858335509 900568738 195382111 8069301 1055182004 73026 0 0 0 0 0 1811072 0 311878 5997 0 1623853 318 0 3 0 0

1778497845.329849 0 node0.mimesys-workload.ldos-ut-pg0.wisc.cloudlab.us
block sda 5916474 680222 1973284014 26456073 3851545 20294895 1132853946 21575128 0 7348052 48359408
block sdb 674 0 7540 666 4 0 0 0 0 828 667
cpu 11 637155 0 171750 4331671 101016 0 17
cpu 10 675760 2 154778 4313622 100636 0 22
cpu 13 595969 0 139297 4406231 99995 0 16
cpu 12 600620 0 136130 4405374 100693 0 13
cpu 15 549759 2 131990 4458856 99961 0 11
cpu 14 576722 0 139486 4426456 98807 0 17
cpu 17 349606 0 112860 4765808 16129 0 9
cpu 16 420116 0 124483 4687308 14347 0 10
cpu 19 425668 0 123755 4681630 16301 0 10
cpu 18 473736 5 125786 4632571 15115 0 10
cpu 1 592623 0 205310 4372916 63252 0 2130
cpu 0 596820 45 163514 4375938 65731 0 1244
cpu 3 638345 0 218992 4322125 62096 0 622
cpu 2 627279 0 218168 4331140 64519 0 216
cpu 5 563932 0 174433 4442516 61692 0 488
cpu 4 560710 1 175500 4442530 62410 0 143
cpu 7 505922 0 171207 4503688 61174 0 573
cpu 6 545567 0 175104 4460385 61806 0 355
cpu 9 600992 0 163946 4392173 83491 0 398
cpu 8 651878 0 167912 4336213 83385 0 369
mem 1 99033092 84944516 14088576 1668680 11502840 184 0 12798768 10942088 372812 37384 0 0 188160 12288 0 0
mem 0 97636988 59789680 37847308 1136312 35445932 140 0 36011752 2323708 574928 14224 0 0 467012 8192 0 0
net vnet169 0 0 38476 0 0 0 0 0 0 0 0 0 224 0 46069 0 0 0 0 0 0 282 0
net vnet168 0 0 41178 0 0 0 0 0 0 0 0 0 247 0 50385 0 0 0 0 0 0 350 0
net eno1 0 267958 40596144228 0 0 712 0 0 0 0 0 0 32410808 0 1437542809 0 0 0 0 0 0 6199901 0
net lo 0 0 21453590 0 0 0 0 0 0 0 0 0 158683 0 21453590 0 0 0 0 0 0 158683 0
net virbr0 0 2113 9997246990 0 0 0 0 0 0 0 0 0 39929633 0 38536792684 0 0 0 0 0 0 23685305 0
net vnet165 0 0 43862 0 0 0 0 0 0 0 0 0 258 0 63117 0 0 0 0 0 0 495 0
net vnet167 0 0 106998 0 0 0 0 0 0 0 0 0 469 0 80811 0 0 0 0 0 0 596 0
net vnet166 0 0 43550 0 0 0 0 0 0 0 0 0 252 0 59969 0 0 0 0 0 0 444 0
numa 1 401031325 18781169 10118603 29535 400964638 18826679
numa 0 429419254 10118603 18781169 29710 429366111 10121161
ps - 728187093 4557102 418 481 535 4 906
sysv_shm - 0 0
tmpfs /run/lock 0 6
tmpfs /run 2285568 1138
tmpfs /run/user/20029 0 20
tmpfs /run/qemu 0 1
tmpfs /dev/shm 37622738944 105469
vfs - 135042 10464 187198
vm - 10 986645723 566426973 738014 1617408 858346675 900583885 195387220 8069301 1055195425 73026 0 0 0 0 0 1811072 0 311878 5997 0 1623853 318 0 3 0 0

1778497845.817979 0 node0.mimesys-workload.ldos-ut-pg0.wisc.cloudlab.us
block sda 5916478 680222 1973284326 26456075 3851545 20294895 1132853946 21575128 0 7348060 48359409
block sdb 674 0 7540 666 4 0 0 0 0 828 667
cpu 11 637165 0 171754 4331705 101016 0 17
cpu 10 675787 2 154784 4313637 100636 0 22
cpu 13 595986 0 139299 4406262 99995 0 16
cpu 12 600625 0 136133 4405413 100693 0 13
cpu 15 549773 2 131991 4458888 99961 0 11
cpu 14 576739 0 139490 4426483 98807 0 17
cpu 17 349614 0 112862 4765847 16130 0 9
cpu 16 420122 0 124484 4687347 14347 0 10
cpu 19 425671 0 123758 4681672 16301 0 10
cpu 18 473748 5 125788 4632606 15115 0 10
cpu 1 592628 0 205315 4372954 63252 0 2130
cpu 0 596824 45 163517 4375980 65731 0 1244
cpu 3 638346 0 218997 4322168 62096 0 622
cpu 2 627280 0 218173 4331182 64519 0 216
cpu 5 563934 0 174437 4442558 61692 0 488
cpu 4 560712 1 175506 4442572 62410 0 143
cpu 7 505924 0 171211 4503730 61174 0 573
cpu 6 545569 0 175109 4460428 61806 0 355
cpu 9 600994 0 163950 4392216 83491 0 398
cpu 8 651879 0 167917 4336255 83385 0 369
mem 1 99033092 84938980 14094112 1670196 11502724 220 0 12798788 10943048 375592 38168 0 0 188152 12288 0 0
mem 0 97636988 59785900 37851088 1137448 35446540 144 0 36011752 2325364 576668 14016 0 0 466960 8192 0 0
net vnet169 0 0 38476 0 0 0 0 0 0 0 0 0 224 0 46069 0 0 0 0 0 0 282 0
net vnet168 0 0 41178 0 0 0 0 0 0 0 0 0 247 0 50385 0 0 0 0 0 0 350 0
net eno1 0 267958 40596146625 0 0 712 0 0 0 0 0 0 32410840 0 1437543154 0 0 0 0 0 0 6199904 0
net lo 0 0 21454147 0 0 0 0 0 0 0 0 0 158687 0 21454147 0 0 0 0 0 0 158687 0
net virbr0 0 2113 9997247075 0 0 0 0 0 0 0 0 0 39929634 0 38536792800 0 0 0 0 0 0 23685306 0
net vnet165 0 0 43862 0 0 0 0 0 0 0 0 0 258 0 63117 0 0 0 0 0 0 495 0
net vnet167 0 0 107163 0 0 0 0 0 0 0 0 0 471 0 80993 0 0 0 0 0 0 598 0
net vnet166 0 0 43550 0 0 0 0 0 0 0 0 0 252 0 59969 0 0 0 0 0 0 444 0
numa 1 401043832 18781169 10118603 29535 400977145 18826679
numa 0 429435264 10118603 18781169 29710 429382121 10121161
ps - 728194822 4557371 418 481 535 2 906
sysv_shm - 0 0
tmpfs /run/lock 0 6
tmpfs /run 2285568 1138
tmpfs /run/user/20029 0 20
tmpfs /run/qemu 0 1
tmpfs /dev/shm 37622738944 105469
vfs - 135024 10504 187054
vm - 10 986645879 566426973 738014 1617408 858375191 900612497 195387691 8069301 1055241560 73026 0 0 0 0 0 1811072 0 311878 5997 0 1623853 318 0 3 0 0

1778497846.374757 0 node0.mimesys-workload.ldos-ut-pg0.wisc.cloudlab.us
block sda 5916481 680222 1973284470 26456076 3851551 20294896 1132854002 21575134 0 7348072 48359416
block sdb 674 0 7540 666 4 0 0 0 0 828 667
cpu 11 637184 0 171756 4331740 101016 0 17
cpu 10 675813 2 154784 4313666 100636 0 22
cpu 13 596021 0 139302 4406279 99995 0 16
cpu 12 600625 0 136134 4405465 100693 0 13
cpu 15 549799 2 131992 4458917 99961 0 11
cpu 14 576773 0 139492 4426504 98807 0 17
cpu 17 349618 0 112863 4765897 16130 0 9
cpu 16 420126 0 124487 4687396 14347 0 10
cpu 19 425672 0 123758 4681726 16301 0 10
cpu 18 473748 5 125788 4632661 15115 0 10
cpu 1 592630 0 205315 4373009 63252 0 2130
cpu 0 596826 45 163518 4376033 65731 0 1244
cpu 3 638347 0 218998 4322222 62096 0 622
cpu 2 627281 0 218175 4331235 64519 0 216
cpu 5 563936 0 174437 4442612 61692 0 488
cpu 4 560712 1 175507 4442627 62410 0 143
cpu 7 505926 0 171212 4503784 61174 0 573
cpu 6 545570 0 175110 4460483 61806 0 355
cpu 9 600996 0 163953 4392266 83491 0 398
cpu 8 651880 0 167918 4336309 83385 0 369
mem 1 99033092 84938224 14094868 1671352 11502888 220 0 12798816 10944428 376128 38384 0 0 188144 12288 0 0
mem 0 97636988 59783632 37853356 1137952 35446356 144 0 36011752 2325680 576088 14588 0 0 466888 8192 0 0
net vnet169 0 0 38476 0 0 0 0 0 0 0 0 0 224 0 46069 0 0 0 0 0 0 282 0
net vnet168 0 0 41178 0 0 0 0 0 0 0 0 0 247 0 50385 0 0 0 0 0 0 350 0
net eno1 0 267970 40596149753 0 0 712 0 0 0 0 0 0 32410889 0 1437543356 0 0 0 0 0 0 6199906 0
net lo 0 0 21455367 0 0 0 0 0 0 0 0 0 158695 0 21455367 0 0 0 0 0 0 158695 0
net virbr0 0 2113 9997247075 0 0 0 0 0 0 0 0 0 39929634 0 38536792800 0 0 0 0 0 0 23685306 0
net vnet165 0 0 43862 0 0 0 0 0 0 0 0 0 258 0 63117 0 0 0 0 0 0 495 0
net vnet167 0 0 107163 0 0 0 0 0 0 0 0 0 471 0 80993 0 0 0 0 0 0 598 0
net vnet166 0 0 43550 0 0 0 0 0 0 0 0 0 252 0 59969 0 0 0 0 0 0 444 0
numa 1 401044338 18781169 10118603 29535 400977651 18826679
numa 0 429437526 10118603 18781169 29710 429384383 10121161
ps - 728200437 4557386 418 481 535 6 910
sysv_shm - 0 0
tmpfs /run/lock 0 6
tmpfs /run 2285568 1138
tmpfs /run/user/20029 0 20
tmpfs /run/qemu 0 1
tmpfs /dev/shm 37622738944 105469
vfs - 135072 10544 187385
vm - 10 986645951 566427001 738014 1617408 858377981 900614343 195388026 8069301 1055245542 73026 0 0 0 0 0 1811072 0 311878 5997 0 1623853 318 0 3 0 0

1778497846.841882 0 node0.mimesys-workload.ldos-ut-pg0.wisc.cloudlab.us
block sda 5916481 680222 1973284470 26456076 3851819 20294897 1132857226 21575169 0 7348096 48359451
block sdb 674 0 7540 666 4 0 0 0 0 828 667
cpu 11 637213 0 171759 4331753 101016 0 17
cpu 10 675835 2 154788 4313686 100637 0 22
cpu 13 596048 0 139302 4406299 99995 0 16
cpu 12 600646 0 136137 4405486 100693 0 13
cpu 15 549824 2 131993 4458938 99961 0 11
cpu 14 576787 0 139496 4426531 98808 0 17
cpu 17 349642 0 112867 4765914 16130 0 9
cpu 16 420163 0 124490 4687404 14347 0 10
cpu 19 425677 0 123761 4681766 16301 0 10
cpu 18 473750 5 125792 4632701 15115 0 10
cpu 1 592631 0 205319 4373049 63252 0 2130
cpu 0 596828 45 163522 4376073 65731 0 1244
cpu 3 638348 0 219001 4322264 62096 0 622
cpu 2 627284 0 218178 4331275 64519 0 216
cpu 5 563938 0 174441 4442652 61692 0 488
cpu 4 560718 1 175512 4442662 62410 0 143
cpu 7 505928 0 171217 4503823 61174 0 573
cpu 6 545571 0 175113 4460524 61806 0 355
cpu 9 600998 0 163957 4392307 83491 0 398
cpu 8 651882 0 167922 4336349 83385 0 369
mem 1 99033092 84932940 14100152 1672384 11500208 280 0 12798832 10943120 374816 37576 0 0 188080 12288 0 0
mem 0 97636988 59778592 37858396 1138492 35447792 136 0 36011756 2323764 578048 14328 0 0 466708 8192 0 0
net vnet169 0 0 38476 0 0 0 0 0 0 0 0 0 224 0 46121 0 0 0 0 0 0 283 0
net vnet168 0 0 41178 0 0 0 0 0 0 0 0 0 247 0 50437 0 0 0 0 0 0 351 0
net eno1 0 267970 40596153530 0 0 712 0 0 0 0 0 0 32410944 0 1437543701 0 0 0 0 0 0 6199909 0
net lo 0 0 21455924 0 0 0 0 0 0 0 0 0 158699 0 21455924 0 0 0 0 0 0 158699 0
net virbr0 0 2113 9997250645 0 0 0 0 0 0 0 0 0 39929649 0 38536796490 0 0 0 0 0 0 23685318 0
net vnet165 0 0 43862 0 0 0 0 0 0 0 0 0 258 0 63169 0 0 0 0 0 0 496 0
net vnet167 0 0 110943 0 0 0 0 0 0 0 0 0 486 0 84735 0 0 0 0 0 0 611 0
net vnet166 0 0 43550 0 0 0 0 0 0 0 0 0 252 0 60021 0 0 0 0 0 0 445 0
numa 1 401056655 18781169 10118603 29535 400989968 18826679
numa 0 429454563 10118603 18781169 29710 429401420 10121161
ps - 728209480 4557659 418 481 535 2 909
sysv_shm - 0 0
tmpfs /run/lock 0 6
tmpfs /run 2285568 1138
tmpfs /run/user/20029 0 20
tmpfs /run/qemu 0 1
tmpfs /dev/shm 37622738944 105469
vfs - 135026 10504 187057
vm - 10 986645951 566428613 738014 1617408 858407316 900644076 195388405 8069301 1055293819 73026 0 0 0 0 0 1811072 0 311878 5997 0 1623853 318 0 3 0 0

1778497847.417571 0 node0.mimesys-workload.ldos-ut-pg0.wisc.cloudlab.us
block sda 5916481 680222 1973284470 26456076 3851907 20294897 1132858074 21575187 0 7348100 48359469
block sdb 674 0 7540 666 4 0 0 0 0 828 667
cpu 11 637226 0 171760 4331795 101016 0 17
cpu 10 675862 2 154791 4313714 100637 0 22
cpu 13 596074 0 139302 4406329 99995 0 16
cpu 12 600661 0 136138 4405528 100693 0 13
cpu 15 549835 2 131993 4458983 99961 0 11
cpu 14 576802 0 139498 4426570 98808 0 17
cpu 17 349670 0 112872 4765938 16130 0 9
cpu 16 420192 0 124490 4687432 14347 0 10
cpu 19 425678 0 123761 4681823 16301 0 10
cpu 18 473751 5 125792 4632757 15115 0 10
cpu 1 592632 0 205320 4373106 63252 0 2130
cpu 0 596830 45 163523 4376128 65731 0 1244
cpu 3 638350 0 219002 4322319 62096 0 622
cpu 2 627284 0 218180 4331330 64519 0 216
cpu 5 563939 0 174441 4442709 61692 0 488
cpu 4 560718 1 175512 4442718 62410 0 143
cpu 7 505928 0 171217 4503880 61174 0 573
cpu 6 545571 0 175113 4460581 61806 0 355
cpu 9 600998 0 163958 4392363 83491 0 398
cpu 8 651884 0 167924 4336405 83385 0 369
mem 1 99033092 84931936 14101156 1674288 11497160 8 0 12798920 10942224 372760 37448 0 0 188176 12288 0 0
mem 0 97636988 59776328 37860660 1139248 35444372 16 0 36011760 2323892 575368 14504 0 0 466636 8192 0 0
net vnet169 0 0 38476 0 0 0 0 0 0 0 0 0 224 0 46121 0 0 0 0 0 0 283 0
net vnet168 0 0 41178 0 0 0 0 0 0 0 0 0 247 0 50437 0 0 0 0 0 0 351 0
net eno1 0 267970 40596155964 0 0 712 0 0 0 0 0 0 32410983 0 1437543802 0 0 0 0 0 0 6199910 0
net lo 0 0 21456534 0 0 0 0 0 0 0 0 0 158703 0 21456534 0 0 0 0 0 0 158703 0
net virbr0 0 2113 9997251597 0 0 0 0 0 0 0 0 0 39929659 0 38536797488 0 0 0 0 0 0 23685327 0
net vnet165 0 0 43862 0 0 0 0 0 0 0 0 0 258 0 63169 0 0 0 0 0 0 496 0
net vnet167 0 0 112035 0 0 0 0 0 0 0 0 0 496 0 85733 0 0 0 0 0 0 620 0
net vnet166 0 0 43550 0 0 0 0 0 0 0 0 0 252 0 60021 0 0 0 0 0 0 445 0
numa 1 401056803 18781169 10118603 29535 400990116 18826679
numa 0 429456012 10118603 18781169 29710 429402869 10121161
ps - 728216060 4557670 425 481 535 5 909
sysv_shm - 0 0
tmpfs /run/lock 0 6
tmpfs /run 2285568 1138
tmpfs /run/user/20029 0 20
tmpfs /run/qemu 0 1
tmpfs /dev/shm 37622738944 105469
vfs - 135024 10504 187055
vm - 10 986645951 566429037 738014 1617408 858408911 900646062 195388946 8069301 1055296789 73026 0 0 0 0 0 1811072 0 311878 5997 0 1623853 318 0 3 0 0

1778497847.878007 0 node0.mimesys-workload.ldos-ut-pg0.wisc.cloudlab.us
block sda 5916481 680222 1973284470 26456076 3851914 20294919 1132858306 21575188 0 7348104 48359470
block sdb 674 0 7540 666 4 0 0 0 0 828 667
cpu 11 637237 0 171763 4331828 101016 0 17
cpu 10 675882 2 154794 4313737 100637 0 22
cpu 13 596100 0 139303 4406350 99995 0 16
cpu 12 600673 0 136141 4405558 100693 0 13
cpu 15 549840 2 132000 4459018 99961 0 11
cpu 14 576810 0 139502 4426602 98808 0 17
cpu 17 349694 0 112878 4765953 16130 0 9
cpu 16 420208 0 124494 4687458 14347 0 10
cpu 19 425682 0 123765 4681860 16301 0 10
cpu 18 473753 5 125796 4632797 15115 0 10
cpu 1 592634 0 205324 4373146 63252 0 2130
cpu 0 596831 45 163527 4376168 65731 0 1244
cpu 3 638352 0 219006 4322359 62096 0 622
cpu 2 627286 0 218184 4331371 64519 0 216
cpu 5 563939 0 174446 4442749 61692 0 488
cpu 4 560721 1 175516 4442757 62410 0 143
cpu 7 505929 0 171221 4503921 61174 0 573
cpu 6 545572 0 175118 4460621 61806 0 355
cpu 9 601000 0 163964 4392400 83491 0 398
cpu 8 651884 0 167929 4336445 83385 0 369
mem 1 99033092 84930908 14102184 1675788 11498764 72 0 12799008 10943460 375348 38192 0 0 188208 12288 0 0
mem 0 97636988 59788172 37848816 1139664 35444612 104 0 36011760 2324764 576008 14240 0 0 467132 8192 0 0
net vnet169 0 0 38476 0 0 0 0 0 0 0 0 0 224 0 46191 0 0 0 0 0 0 284 0
net vnet168 0 0 41178 0 0 0 0 0 0 0 0 0 247 0 50507 0 0 0 0 0 0 352 0
net eno1 0 267982 40596159021 0 0 712 0 0 0 0 0 0 32411026 0 1437544147 0 0 0 0 0 0 6199913 0
net lo 0 0 21457091 0 0 0 0 0 0 0 0 0 158707 0 21457091 0 0 0 0 0 0 158707 0
net virbr0 0 2114 9997251653 0 0 0 0 0 0 0 0 0 39929660 0 38536797488 0 0 0 0 0 0 23685327 0
net vnet165 0 0 43862 0 0 0 0 0 0 0 0 0 258 0 63239 0 0 0 0 0 0 497 0
net vnet167 0 0 112035 0 0 0 0 0 0 0 0 0 496 0 85803 0 0 0 0 0 0 621 0
net vnet166 0 0 43620 0 0 0 0 0 0 0 0 0 253 0 60021 0 0 0 0 0 0 445 0
numa 1 401070200 18781169 10118603 29535 401003513 18826679
numa 0 429471315 10118603 18781169 29710 429418172 10121161
ps - 728223823 4557939 425 481 535 3 909
sysv_shm - 0 0
tmpfs /run/lock 0 6
tmpfs /run 2285568 1138
tmpfs /run/user/20029 0 20
tmpfs /run/qemu 0 1
tmpfs /dev/shm 37622738944 105469
vfs - 135046 10504 187249
vm - 10 986645951 566429153 738014 1617408 858437611 900674801 195389455 8069301 1055343344 73026 0 0 0 0 0 1811072 0 311878 5997 0 1623853 318 0 3 0 0

1778497848.459308 0 node0.mimesys-workload.ldos-ut-pg0.wisc.cloudlab.us
block sda 5916482 680222 1973284534 26456076 3851918 20294919 1132858370 21575188 0 7348116 48359471
block sdb 674 0 7540 666 4 0 0 0 0 828 667
cpu 11 637267 0 171764 4331853 101016 0 17
cpu 10 675898 2 154794 4313777 100637 0 22
cpu 13 596144 0 139303 4406365 99995 0 16
cpu 12 600695 0 136142 4405593 100693 0 13
cpu 15 549866 2 132000 4459049 99961 0 11
cpu 14 576858 0 139504 4426611 98808 0 17
cpu 17 349741 0 112883 4765959 16130 0 9
cpu 16 420219 0 124496 4687501 14347 0 10
cpu 19 425685 0 123765 4681916 16301 0 10
cpu 18 473753 5 125796 4632853 15115 0 10
cpu 1 592635 0 205324 4373203 63252 0 2130
cpu 0 596832 45 163527 4376224 65731 0 1244
cpu 3 638353 0 219008 4322415 62096 0 622
cpu 2 627288 0 218185 4331426 64519 0 216
cpu 5 563944 0 174448 4442799 61692 0 488
cpu 4 560721 1 175516 4442814 62410 0 143
cpu 7 505930 0 171224 4503975 61174 0 573
cpu 6 545575 0 175119 4460675 61806 0 355
cpu 9 601001 0 163964 4392457 83491 0 398
cpu 8 651885 0 167930 4336502 83385 0 369
mem 1 99033092 84930152 14102940 1675936 11497408 116 0 12799028 10943332 374552 37972 0 0 188224 12288 0 0
mem 0 97636988 59785316 37851672 1139916 35444900 180 0 36011768 2325012 576920 13504 0 0 467196 8192 0 0
net vnet169 0 0 38476 0 0 0 0 0 0 0 0 0 224 0 46191 0 0 0 0 0 0 284 0
net vnet168 0 0 41178 0 0 0 0 0 0 0 0 0 247 0 50507 0 0 0 0 0 0 352 0
net eno1 0 267982 40596162950 0 0 712 0 0 0 0 0 0 32411083 0 1437544349 0 0 0 0 0 0 6199915 0
net lo 0 0 21458311 0 0 0 0 0 0 0 0 0 158715 0 21458311 0 0 0 0 0 0 158715 0
net virbr0 0 2114 9997254551 0 0 0 0 0 0 0 0 0 39929677 0 38536801178 0 0 0 0 0 0 23685339 0
net vnet165 0 0 43862 0 0 0 0 0 0 0 0 0 258 0 63239 0 0 0 0 0 0 497 0
net vnet167 0 0 115171 0 0 0 0 0 0 0 0 0 513 0 89493 0 0 0 0 0 0 633 0
net vnet166 0 0 43620 0 0 0 0 0 0 0 0 0 253 0 60021 0 0 0 0 0 0 445 0
numa 1 401070390 18781169 10118603 29535 401003703 18826679
numa 0 429474436 10118603 18781169 29710 429421293 10121161
ps - 728230277 4557956 425 481 535 6 909
sysv_shm - 0 0
tmpfs /run/lock 0 6
tmpfs /run 2285568 1138
tmpfs /run/user/20029 0 20
tmpfs /run/qemu 0 1
tmpfs /dev/shm 37622738944 105469
vfs - 135045 10544 187227
vm - 10 986645983 566429185 738014 1617408 858440921 900677708 195389486 8069301 1055348853 73026 0 0 0 0 0 1811072 0 311878 5997 0 1623853 318 0 3 0 0

1778497848.919525 0 node0.mimesys-workload.ldos-ut-pg0.wisc.cloudlab.us
block sda 5916482 680222 1973284534 26456076 3851918 20294919 1132858370 21575188 0 7348116 48359471
block sdb 674 0 7540 666 4 0 0 0 0 828 667
cpu 11 637285 0 171766 4331878 101016 0 17
cpu 10 675925 2 154798 4313794 100637 0 22
cpu 13 596172 0 139306 4406380 99995 0 16
cpu 12 600703 0 136145 4405627 100693 0 13
cpu 15 549879 2 132004 4459078 99961 0 11
cpu 14 576903 0 139504 4426612 98808 0 17
cpu 17 349755 0 112889 4765985 16130 0 9
cpu 16 420235 0 124499 4687527 14347 0 10
cpu 19 425687 0 123768 4681956 16301 0 10
cpu 18 473755 5 125799 4632893 15115 0 10
cpu 1 592637 0 205328 4373243 63252 0 2130
cpu 0 596833 45 163532 4376264 65731 0 1244
cpu 3 638356 0 219013 4322453 62096 0 622
cpu 2 627290 0 218189 4331466 64519 0 216
cpu 5 563947 0 174452 4442839 61692 0 488
cpu 4 560723 1 175521 4442854 62410 0 143
cpu 7 505932 0 171228 4504014 61174 0 573
cpu 6 545577 0 175122 4460716 61806 0 355
cpu 9 601003 0 163968 4392496 83491 0 398
cpu 8 651888 0 167933 4336542 83385 0 369
mem 1 99033092 84926908 14106184 1676080 11496680 132 0 12799196 10942608 373832 37556 0 0 188152 12288 0 0
mem 0 97636988 59781824 37855164 1140004 35443896 204 0 36011780 2324860 575684 14608 0 0 466636 8192 0 0
net vnet169 0 0 38476 0 0 0 0 0 0 0 0 0 224 0 46313 0 0 0 0 0 0 286 0
net vnet168 0 0 41178 0 0 0 0 0 0 0 0 0 247 0 50629 0 0 0 0 0 0 354 0
net eno1 0 267982 40596165407 0 0 712 0 0 0 0 0 0 32411116 0 1437544694 0 0 0 0 0 0 6199918 0
net lo 0 0 21458868 0 0 0 0 0 0 0 0 0 158719 0 21458868 0 0 0 0 0 0 158719 0
net virbr0 0 2115 9997256335 0 0 0 0 0 0 0 0 0 39929688 0 38536802176 0 0 0 0 0 0 23685348 0
net vnet165 0 0 43862 0 0 0 0 0 0 0 0 0 258 0 63361 0 0 0 0 0 0 499 0
net vnet167 0 0 117109 0 0 0 0 0 0 0 0 0 524 0 90543 0 0 0 0 0 0 643 0
net vnet166 0 0 43620 0 0 0 0 0 0 0 0 0 253 0 60143 0 0 0 0 0 0 447 0
numa 1 401082171 18781169 10118603 29535 401015484 18826679
numa 0 429491341 10118603 18781169 29710 429438198 10121161
ps - 728237784 4558226 425 481 535 4 909
sysv_shm - 0 0
tmpfs /run/lock 0 6
tmpfs /run 2285568 1138
tmpfs /run/user/20029 0 20
tmpfs /run/qemu 0 1
tmpfs /dev/shm 37622738944 105469
vfs - 135024 10544 187073
vm - 10 986645983 566429185 738014 1617408 858469607 900706747 195389531 8069301 1055395756 73026 0 0 0 0 0 1811072 0 311878 5997 0 1623853 318 0 3 0 0

1778497849.501365 0 node0.mimesys-workload.ldos-ut-pg0.wisc.cloudlab.us
block sda 5916482 680222 1973284534 26456076 3851918 20294919 1132858370 21575188 0 7348116 48359471
block sdb 674 0 7540 666 4 0 0 0 0 828 667
cpu 11 637325 0 171767 4331896 101016 0 17
cpu 10 675951 2 154799 4313825 100637 0 22
cpu 13 596213 0 139314 4406389 99995 0 16
cpu 12 600713 0 136148 4405673 100693 0 13
cpu 15 549917 2 132004 4459098 99961 0 11
cpu 14 576934 0 139504 4426640 98808 0 17
cpu 17 349767 0 112889 4766030 16130 0 9
cpu 16 420242 0 124501 4687577 14347 0 10
cpu 19 425689 0 123768 4682012 16301 0 10
cpu 18 473761 5 125799 4632945 15115 0 10
cpu 1 592648 0 205328 4373292 63252 0 2130
cpu 0 596843 45 163533 4376311 65731 0 1244
cpu 3 638356 0 219014 4322510 62096 0 622
cpu 2 627291 0 218190 4331521 64519 0 216
cpu 5 563948 0 174452 4442896 61692 0 488
cpu 4 560723 1 175521 4442912 62410 0 143
cpu 7 505932 0 171229 4504072 61174 0 573
cpu 6 545577 0 175123 4460773 61806 0 355
cpu 9 601006 0 163970 4392549 83491 0 398
cpu 8 651888 0 167933 4336600 83385 0 369
mem 1 99033092 84925648 14107444 1676176 11496004 148 0 12799212 10942884 373232 37652 0 0 188264 12288 0 0
mem 0 97636988 59780312 37856676 1140048 35443008 204 0 36011780 2324244 575280 14180 0 0 466636 8192 0 0
net vnet169 0 0 38476 0 0 0 0 0 0 0 0 0 224 0 46313 0 0 0 0 0 0 286 0
net vnet168 0 0 41178 0 0 0 0 0 0 0 0 0 247 0 50629 0 0 0 0 0 0 354 0
net eno1 0 267982 40596168321 0 0 712 0 0 0 0 0 0 32411163 0 1437544795 0 0 0 0 0 0 6199919 0
net lo 0 0 21459478 0 0 0 0 0 0 0 0 0 158723 0 21459478 0 0 0 0 0 0 158723 0
net virbr0 0 2115 9997256335 0 0 0 0 0 0 0 0 0 39929688 0 38536802176 0 0 0 0 0 0 23685348 0
net vnet165 0 0 43862 0 0 0 0 0 0 0 0 0 258 0 63361 0 0 0 0 0 0 499 0
net vnet167 0 0 117109 0 0 0 0 0 0 0 0 0 524 0 90543 0 0 0 0 0 0 643 0
net vnet166 0 0 43620 0 0 0 0 0 0 0 0 0 253 0 60143 0 0 0 0 0 0 447 0
numa 1 401082314 18781169 10118603 29535 401015627 18826679
numa 0 429492823 10118603 18781169 29710 429439680 10121161
ps - 728242275 4558236 425 481 535 2 909
sysv_shm - 0 0
tmpfs /run/lock 0 6
tmpfs /run 2285568 1138
tmpfs /run/user/20029 0 20
tmpfs /run/qemu 0 1
tmpfs /dev/shm 37622738944 105469
vfs - 135064 10544 187393
vm - 10 986645983 566429185 738014 1617408 858471232 900708337 195389531 8069301 1055398424 73026 0 0 0 0 0 1811072 0 311878 5997 0 1623853 318 0 3 0 0

1778497849.960983 0 node0.mimesys-workload.ldos-ut-pg0.wisc.cloudlab.us
block sda 5916486 680222 1973284622 26456077 3851928 20294919 1132858522 21575190 0 7348136 48359474
block sdb 674 0 7540 666 4 0 0 0 0 828 667
cpu 11 637335 0 171768 4331930 101016 0 17
cpu 10 675962 2 154802 4313856 100637 0 22
cpu 13 596251 0 139318 4406392 99995 0 16
cpu 12 600718 0 136151 4405711 100693 0 13
cpu 15 549926 2 132006 4459133 99962 0 11
cpu 14 576937 0 139509 4426677 98808 0 17
cpu 17 349781 0 112890 4766060 16130 0 9
cpu 16 420254 0 124504 4687607 14347 0 10
cpu 19 425702 0 123772 4682041 16301 0 10
cpu 18 473762 5 125801 4632986 15115 0 10
cpu 1 592652 0 205334 4373328 63252 0 2130
cpu 0 596845 45 163538 4376349 65731 0 1244
cpu 3 638364 0 219017 4322544 62096 0 622
cpu 2 627298 0 218195 4331556 64519 0 216
cpu 5 563955 0 174457 4442930 61692 0 488
cpu 4 560731 1 175525 4442943 62410 0 143
cpu 7 505935 0 171235 4504108 61174 0 573
cpu 6 545586 0 175126 4460807 61806 0 355
cpu 9 601014 0 163975 4392581 83491 0 398
cpu 8 651894 0 167936 4336636 83385 0 369
mem 1 99033092 84923160 14109932 1678532 11494632 168 0 12799212 10943648 374208 37872 0 0 188328 12288 0 0
mem 0 97636988 59776280 37860708 1141480 35443400 212 0 36011784 2324884 577136 14592 0 0 466764 8192 0 0
net vnet169 0 0 38476 0 0 0 0 0 0 0 0 0 224 0 46313 0 0 0 0 0 0 286 0
net vnet168 0 0 41178 0 0 0 0 0 0 0 0 0 247 0 50629 0 0 0 0 0 0 354 0
net eno1 0 267993 40596171924 0 0 712 0 0 0 0 0 0 32411209 0 1437545241 0 0 0 0 0 0 6199923 0
net lo 0 0 21460645 0 0 0 0 0 0 0 0 0 158731 0 21460645 0 0 0 0 0 0 158731 0
net virbr0 0 2115 9997259077 0 0 0 0 0 0 0 0 0 39929702 0 38536805866 0 0 0 0 0 0 23685360 0
net vnet165 0 0 43862 0 0 0 0 0 0 0 0 0 258 0 63361 0 0 0 0 0 0 499 0
net vnet167 0 0 120047 0 0 0 0 0 0 0 0 0 538 0 94233 0 0 0 0 0 0 655 0
net vnet166 0 0 43620 0 0 0 0 0 0 0 0 0 253 0 60143 0 0 0 0 0 0 447 0
numa 1 401091433 18781169 10118603 29535 401024746 18826679
numa 0 429514211 10118603 18781169 29710 429461068 10121161
ps - 728250758 4558511 425 481 535 11 908
sysv_shm - 0 0
tmpfs /run/lock 0 6
tmpfs /run 2285568 1138
tmpfs /run/user/20029 0 20
tmpfs /run/qemu 0 1
tmpfs /dev/shm 37622738944 105469
vfs - 135026 10584 187069
vm - 10 986646027 566429261 738014 1617408 858501740 900738325 195390886 8069301 1055451701 73026 0 0 0 0 0 1811072 0 311878 5997 0 1623853 318 0 3 0 0

1778497850.542991 0 node0.mimesys-workload.ldos-ut-pg0.wisc.cloudlab.us
block sda 5916486 680222 1973284622 26456077 3851928 20294919 1132858522 21575190 0 7348136 48359474
block sdb 674 0 7540 666 4 0 0 0 0 828 667
cpu 11 637343 0 171768 4331978 101016 0 17
cpu 10 675964 2 154805 4313905 100637 0 22
cpu 13 596280 0 139322 4406420 99995 0 16
cpu 12 600732 0 136153 4405753 100693 0 13
cpu 15 549942 2 132006 4459174 99962 0 11
cpu 14 576964 0 139510 4426708 98808 0 17
cpu 17 349798 0 112892 4766099 16130 0 9
cpu 16 420259 0 124504 4687658 14347 0 10
cpu 19 425712 0 123772 4682089 16301 0 10
cpu 18 473762 5 125801 4633042 15115 0 10
cpu 1 592653 0 205334 4373385 63252 0 2130
cpu 0 596846 45 163539 4376405 65731 0 1244
cpu 3 638364 0 219018 4322602 62096 0 622
cpu 2 627298 0 218197 4331611 64519 0 216
cpu 5 563956 0 174458 4442987 61692 0 488
cpu 4 560732 1 175526 4443000 62410 0 143
cpu 7 505935 0 171235 4504166 61174 0 573
cpu 6 545586 0 175126 4460865 61806 0 355
cpu 9 601014 0 163976 4392639 83491 0 398
cpu 8 651894 0 167936 4336693 83385 0 369
mem 1 99033092 84922152 14110940 1679304 11493808 200 0 12800040 10943248 373184 37604 0 0 188284 12288 0 0
mem 0 97636988 59774016 37862972 1141704 35441392 224 0 36011796 2323912 576216 14656 0 0 466836 8192 0 0
net vnet169 0 0 38476 0 0 0 0 0 0 0 0 0 224 0 46365 0 0 0 0 0 0 287 0
net vnet168 0 0 41178 0 0 0 0 0 0 0 0 0 247 0 50681 0 0 0 0 0 0 355 0
net eno1 0 267993 40596175018 0 0 712 0 0 0 0 0 0 32411259 0 1437545342 0 0 0 0 0 0 6199924 0
net lo 0 0 21461255 0 0 0 0 0 0 0 0 0 158735 0 21461255 0 0 0 0 0 0 158735 0
net virbr0 0 2115 9997260805 0 0 0 0 0 0 0 0 0 39929712 0 38536806864 0 0 0 0 0 0 23685369 0
net vnet165 0 0 43862 0 0 0 0 0 0 0 0 0 258 0 63413 0 0 0 0 0 0 500 0
net vnet167 0 0 121915 0 0 0 0 0 0 0 0 0 548 0 95283 0 0 0 0 0 0 665 0
net vnet166 0 0 43620 0 0 0 0 0 0 0 0 0 253 0 60195 0 0 0 0 0 0 448 0
numa 1 401091826 18781169 10118603 29535 401025139 18826679
numa 0 429515628 10118603 18781169 29710 429462485 10121161
ps - 728257340 4558522 425 481 535 3 897
sysv_shm - 0 0
tmpfs /run/lock 0 6
tmpfs /run 2285568 1138
tmpfs /run/user/20029 0 20
tmpfs /run/qemu 0 1
tmpfs /dev/shm 37622738944 105469
vfs - 135013 10584 186990
vm - 10 986646027 566429261 738014 1617408 858503550 900740386 195391187 8069301 1055464940 73026 0 0 0 0 0 1811072 0 311878 5997 0 1623853 318 0 3 0 0

1778497851.002460 0 node0.mimesys-workload.ldos-ut-pg0.wisc.cloudlab.us
block sda 5916486 680222 1973284622 26456077 3851936 20294921 1132858602 21575197 0 7348140 48359481
block sdb 674 0 7540 666 4 0 0 0 0 828 667
cpu 11 637344 0 171773 4332019 101016 0 17
cpu 10 675968 2 154809 4313943 100637 0 22
cpu 13 596316 0 139322 4406429 99995 0 16
cpu 12 600733 0 136159 4405790 100693 0 13
cpu 15 549944 2 132011 4459213 99962 0 11
cpu 14 576969 0 139514 4426747 98808 0 17
cpu 17 349808 0 112896 4766130 16130 0 9
cpu 16 420262 0 124508 4687698 14347 0 10
cpu 19 425716 0 123776 4682129 16301 0 10
cpu 18 473764 5 125805 4633082 15115 0 10
cpu 1 592655 0 205338 4373425 63252 0 2130
cpu 0 596849 45 163542 4376445 65731 0 1244
cpu 3 638366 0 219020 4322642 62096 0 622
cpu 2 627301 0 218200 4331651 64519 0 216
cpu 5 563958 0 174462 4443026 61692 0 488
cpu 4 560734 1 175530 4443040 62410 0 143
cpu 7 505936 0 171239 4504207 61174 0 573
cpu 6 545589 0 175130 4460903 61806 0 355
cpu 9 601019 0 163981 4392674 83491 0 398
cpu 8 651896 0 167940 4336734 83385 0 369
mem 1 99033092 84918120 14114972 1683808 11491144 212 0 12800336 10944008 374396 37520 0 0 188332 12288 0 0
mem 0 97636988 59772504 37864484 1143540 35440236 144 0 36011800 2323720 576016 14544 0 0 467164 8192 0 0
net vnet169 0 0 38476 0 0 0 0 0 0 0 0 0 224 0 46365 0 0 0 0 0 0 287 0
net vnet168 0 0 41178 0 0 0 0 0 0 0 0 0 247 0 50681 0 0 0 0 0 0 355 0
net eno1 0 267993 40596178375 0 0 712 0 0 0 0 0 0 32411307 0 1437545687 0 0 0 0 0 0 6199927 0
net lo 0 0 21461812 0 0 0 0 0 0 0 0 0 158739 0 21461812 0 0 0 0 0 0 158739 0
net virbr0 0 2115 9997260805 0 0 0 0 0 0 0 0 0 39929712 0 38536806864 0 0 0 0 0 0 23685369 0
net vnet165 0 0 43862 0 0 0 0 0 0 0 0 0 258 0 63413 0 0 0 0 0 0 500 0
net vnet167 0 0 121915 0 0 0 0 0 0 0 0 0 548 0 95283 0 0 0 0 0 0 665 0
net vnet166 0 0 43620 0 0 0 0 0 0 0 0 0 253 0 60195 0 0 0 0 0 0 448 0
numa 1 401104789 18781169 10118603 29535 401038102 18826679
numa 0 429531250 10118603 18781169 29710 429478107 10121161
ps - 728262629 4558791 425 481 535 2 897
sysv_shm - 0 0
tmpfs /run/lock 0 6
tmpfs /run 2285568 1138
tmpfs /run/user/20029 0 20
tmpfs /run/qemu 0 1
tmpfs /dev/shm 37622738944 105469
vfs - 135035 10504 187166
vm - 10 986646027 566429301 738014 1617408 858532134 900768996 195392482 8069301 1055519616 73026 0 0 0 0 0 1811072 0 311878 5997 0 1623853 318 0 3 0 0

1778497851.584631 0 node0.mimesys-workload.ldos-ut-pg0.wisc.cloudlab.us
block sda 5916486 680222 1973284622 26456077 3851948 20294921 1132858882 21575204 0 7348152 48359489
block sdb 674 0 7540 666 4 0 0 0 0 828 667
cpu 11 637348 0 171776 4332068 101016 0 17
cpu 10 675973 2 154810 4313996 100637 0 22
cpu 13 596373 0 139323 4406429 99995 0 16
cpu 12 600735 0 136162 4405843 100693 0 13
cpu 15 549946 2 132011 4459268 99962 0 11
cpu 14 576975 0 139516 4426797 98808 0 17
cpu 17 349813 0 112896 4766182 16130 0 9
cpu 16 420265 0 124508 4687753 14347 0 10
cpu 19 425718 0 123776 4682186 16301 0 10
cpu 18 473764 5 125805 4633138 15115 0 10
cpu 1 592655 0 205338 4373482 63252 0 2130
cpu 0 596850 45 163542 4376501 65731 0 1244
cpu 3 638367 0 219020 4322699 62096 0 622
cpu 2 627304 0 218203 4331702 64519 0 216
cpu 5 563958 0 174462 4443083 61692 0 488
cpu 4 560734 1 175532 4443095 62410 0 143
cpu 7 505936 0 171239 4504264 61174 0 573
cpu 6 545591 0 175132 4460958 61806 0 355
cpu 9 601020 0 163981 4392731 83491 0 398
cpu 8 651896 0 167940 4336791 83385 0 369
mem 1 99033092 84917112 14115980 1686368 11488060 248 0 12800336 10943948 374140 37952 0 0 188292 12288 0 0
mem 0 97636988 59769480 37867508 1144664 35439372 132 0 36011804 2323672 576216 14320 0 0 466956 8192 0 0
net vnet169 0 0 38476 0 0 0 0 0 0 0 0 0 224 0 46365 0 0 0 0 0 0 287 0
net vnet168 0 0 41178 0 0 0 0 0 0 0 0 0 247 0 50681 0 0 0 0 0 0 355 0
net eno1 0 267993 40596182043 0 0 712 0 0 0 0 0 0 32411365 0 1437545889 0 0 0 0 0 0 6199929 0
net lo 0 0 21463032 0 0 0 0 0 0 0 0 0 158747 0 21463032 0 0 0 0 0 0 158747 0
net virbr0 0 2115 9997263495 0 0 0 0 0 0 0 0 0 39929725 0 38536810554 0 0 0 0 0 0 23685381 0
net vnet165 0 0 43862 0 0 0 0 0 0 0 0 0 258 0 63413 0 0 0 0 0 0 500 0
net vnet167 0 0 124787 0 0 0 0 0 0 0 0 0 561 0 98973 0 0 0 0 0 0 677 0
net vnet166 0 0 43620 0 0 0 0 0 0 0 0 0 253 0 60195 0 0 0 0 0 0 448 0
numa 1 401105004 18781169 10118603 29535 401038317 18826679
numa 0 429534260 10118603 18781169 29710 429481117 10121161
ps - 728267819 4558807 425 481 535 5 897
sysv_shm - 0 0
tmpfs /run/lock 0 6
tmpfs /run 2285568 1138
tmpfs /run/user/20029 0 20
tmpfs /run/qemu 0 1
tmpfs /dev/shm 37622738944 105469
vfs - 135034 10504 187144
vm - 10 986646027 566429441 738014 1617408 858535360 900771822 195393264 8069301 1055536533 73026 0 0 0 0 0 1811072 0 311878 5997 0 1623853 318 0 3 0 0

1778497852.045773 0 node0.mimesys-workload.ldos-ut-pg0.wisc.cloudlab.us
block sda 5916486 680222 1973284622 26456077 3851948 20294921 1132858882 21575204 0 7348152 48359489
block sdb 674 0 7540 666 4 0 0 0 0 828 667
cpu 11 637356 0 171780 4332100 101016 0 17
cpu 10 675984 2 154811 4314030 100637 0 22
cpu 13 596416 0 139326 4406430 99995 0 16
cpu 12 600746 0 136166 4405873 100693 0 13
cpu 15 549954 2 132017 4459301 99962 0 11
cpu 14 576984 0 139520 4426827 98808 0 17
cpu 17 349821 0 112901 4766215 16130 0 9
cpu 16 420284 0 124512 4687778 14347 0 10
cpu 19 425721 0 123779 4682225 16301 0 10
cpu 18 473766 5 125809 4633178 15115 0 10
cpu 1 592657 0 205342 4373522 63252 0 2130
cpu 0 596852 45 163546 4376541 65731 0 1244
cpu 3 638368 0 219025 4322739 62096 0 622
cpu 2 627308 0 218208 4331740 64519 0 216
cpu 5 563961 0 174466 4443123 61692 0 488
cpu 4 560736 1 175536 4443135 62410 0 143
cpu 7 505938 0 171244 4504304 61174 0 573
cpu 6 545594 0 175136 4460997 61806 0 355
cpu 9 601022 0 163984 4392772 83491 0 398
cpu 8 651898 0 167943 4336831 83385 0 369
mem 1 99033092 84928136 14104956 1686372 11490220 264 0 12801256 10944852 375968 37240 0 0 188228 12288 0 0
mem 0 97636988 59767720 37869268 1144644 35439640 148 0 36011804 2324320 576912 14588 0 0 466564 8192 0 0
net vnet169 0 0 38476 0 0 0 0 0 0 0 0 0 224 0 46365 0 0 0 0 0 0 287 0
net vnet168 0 0 41178 0 0 0 0 0 0 0 0 0 247 0 50681 0 0 0 0 0 0 355 0
net eno1 0 268008 40596185400 0 0 712 0 0 0 0 0 0 32411413 0 1437546234 0 0 0 0 0 0 6199932 0
net lo 0 0 21463589 0 0 0 0 0 0 0 0 0 158751 0 21463589 0 0 0 0 0 0 158751 0
net virbr0 0 2115 9997264847 0 0 0 0 0 0 0 0 0 39929731 0 38536811126 0 0 0 0 0 0 23685385 0
net vnet165 0 0 43862 0 0 0 0 0 0 0 0 0 258 0 63413 0 0 0 0 0 0 500 0
net vnet167 0 0 126223 0 0 0 0 0 0 0 0 0 567 0 99545 0 0 0 0 0 0 681 0
net vnet166 0 0 43620 0 0 0 0 0 0 0 0 0 253 0 60195 0 0 0 0 0 0 448 0
numa 1 401117488 18781169 10118603 29535 401050801 18826679
numa 0 429550679 10118603 18781169 29710 429497536 10121161
ps - 728274701 4559076 407 477 533 3 897
sysv_shm - 0 0
tmpfs /run/lock 0 6
tmpfs /run 2285568 1138
tmpfs /run/user/20029 0 20
tmpfs /run/qemu 0 1
tmpfs /dev/shm 37622738944 105469
vfs - 135015 10384 186992
vm - 10 986646027 566429441 738014 1617408 858564262 900800392 195393444 8069301 1055592174 73026 0 0 0 0 0 1811072 0 311878 5997 0 1623853 318 0 3 0 0

1778497852.628668 0 node0.mimesys-workload.ldos-ut-pg0.wisc.cloudlab.us
block sda 5916489 680222 1973284670 26456086 3852170 20294922 1133161282 21578663 32 7348588 48362957
block sdb 674 0 7540 666 4 0 0 0 0 828 667
cpu 11 637358 0 171780 4332153 101017 0 17
cpu 10 675988 2 154812 4314069 100652 0 22
cpu 13 596434 0 139328 4406466 99995 0 16
cpu 12 600752 0 136168 4405907 100708 0 13
cpu 15 549956 2 132018 4459341 99977 0 11
cpu 14 576986 0 139523 4426870 98818 0 17
cpu 17 349831 0 112901 4766263 16131 0 9
cpu 16 420286 0 124512 4687821 14359 0 10
cpu 19 425724 0 123779 4682281 16301 0 10
cpu 18 473767 5 125809 4633235 15115 0 10
cpu 1 592658 0 205342 4373577 63254 0 2130
cpu 0 596852 45 163546 4376597 65731 0 1244
cpu 3 638368 0 219025 4322796 62096 0 622
cpu 2 627308 0 218208 4331798 64519 0 216
cpu 5 563961 0 174467 4443180 61692 0 488
cpu 4 560736 1 175536 4443193 62410 0 143
cpu 7 505938 0 171244 4504362 61174 0 573
cpu 6 545594 0 175136 4461055 61806 0 355
cpu 9 601023 0 163988 4392825 83491 0 398
cpu 8 651898 0 167943 4336889 83385 0 369
mem 1 99033092 84924860 14108232 1687124 11489316 4 0 12801888 10944944 374800 38116 0 0 188212 12288 0 0
mem 0 97636988 59766968 37870020 1144968 35436056 20 0 36011812 2323760 572724 13788 0 0 466564 8192 0 0
net vnet169 0 0 38476 0 0 0 0 0 0 0 0 0 224 0 46417 0 0 0 0 0 0 288 0
net vnet168 0 0 41178 0 0 0 0 0 0 0 0 0 247 0 50733 0 0 0 0 0 0 356 0
net eno1 0 268008 40596188680 0 0 712 0 0 0 0 0 0 32411466 0 1437546389 0 0 0 0 0 0 6199934 0
net lo 0 0 21464199 0 0 0 0 0 0 0 0 0 158755 0 21464199 0 0 0 0 0 0 158755 0
net virbr0 0 2115 9997265327 0 0 0 0 0 0 0 0 0 39929737 0 38536811552 0 0 0 0 0 0 23685390 0
net vnet165 0 0 43862 0 0 0 0 0 0 0 0 0 258 0 63465 0 0 0 0 0 0 501 0
net vnet167 0 0 126787 0 0 0 0 0 0 0 0 0 573 0 100023 0 0 0 0 0 0 687 0
net vnet166 0 0 43620 0 0 0 0 0 0 0 0 0 253 0 60247 0 0 0 0 0 0 449 0
numa 1 401118808 18781169 10118603 29535 401052121 18826679
numa 0 429551290 10118603 18781169 29710 429498147 10121161
ps - 728277727 4559087 407 477 533 1 897
sysv_shm - 0 0
tmpfs /run/lock 0 6
tmpfs /run 2285568 1138
tmpfs /run/user/20029 0 20
tmpfs /run/qemu 0 1
tmpfs /dev/shm 37622738944 105469
vfs - 135053 10424 187310
vm - 10 986646055 566634657 738014 1617408 858566194 900802657 195393535 8069301 1055595774 73026 0 0 0 0 0 1811072 0 311878 5997 0 1623853 318 0 3 0 0

1778497853.088546 0 node0.mimesys-workload.ldos-ut-pg0.wisc.cloudlab.us
block sda 5916490 680222 1973284678 26456188 3852252 20294940 1133320962 21582972 0 7348832 48367368
block sdb 674 0 7540 666 4 0 0 0 0 828 667
cpu 11 637363 0 171785 4332180 101027 0 17
cpu 10 675994 2 154815 4314093 100665 0 22
cpu 13 596449 0 139332 4406495 99996 0 16
cpu 12 600755 0 136172 4405944 100710 0 13
cpu 15 549974 2 132022 4459357 99985 0 11
cpu 14 576993 0 139528 4426893 98830 0 17
cpu 17 349836 0 112904 4766287 16145 0 9
cpu 16 420293 0 124515 4687846 14369 0 10
cpu 19 425726 0 123782 4682321 16301 0 10
cpu 18 473768 5 125813 4633275 15115 0 10
cpu 1 592662 0 205345 4373615 63254 0 2130
cpu 0 596858 45 163550 4376634 65731 0 1244
cpu 3 638370 0 219028 4322836 62096 0 622
cpu 2 627308 0 218213 4331839 64519 0 216
cpu 5 563964 0 174471 4443219 61692 0 488
cpu 4 560737 1 175540 4443233 62410 0 143
cpu 7 505940 0 171248 4504402 61174 0 573
cpu 6 545595 0 175139 4461090 61811 0 355
cpu 9 601024 0 163992 4392866 83491 0 398
cpu 8 651901 0 167948 4336928 83385 0 369
mem 1 99033092 84920080 14113012 1687180 11490532 4 0 12801892 10946140 375988 38748 0 0 188204 12288 0 0
mem 0 97636988 59792684 37844304 1144952 35437708 24 0 36011812 2324456 574756 13496 0 0 466476 8192 0 0
net vnet169 0 0 38476 0 0 0 0 0 0 0 0 0 224 0 46417 0 0 0 0 0 0 288 0
net vnet168 0 0 41178 0 0 0 0 0 0 0 0 0 247 0 50733 0 0 0 0 0 0 356 0
net eno1 0 268008 40596192251 0 0 712 0 0 0 0 0 0 32411516 0 1437546835 0 0 0 0 0 0 6199938 0
net lo 0 0 21464756 0 0 0 0 0 0 0 0 0 158759 0 21464756 0 0 0 0 0 0 158759 0
net virbr0 0 2115 9997265327 0 0 0 0 0 0 0 0 0 39929737 0 38536811552 0 0 0 0 0 0 23685390 0
net vnet165 0 0 43862 0 0 0 0 0 0 0 0 0 258 0 63465 0 0 0 0 0 0 501 0
net vnet167 0 0 126787 0 0 0 0 0 0 0 0 0 573 0 100023 0 0 0 0 0 0 687 0
net vnet166 0 0 43620 0 0 0 0 0 0 0 0 0 253 0 60247 0 0 0 0 0 0 449 0
numa 1 401131110 18781169 10118603 29535 401064423 18826679
numa 0 429568052 10118603 18781169 29710 429514909 10121161
ps - 728282711 4559360 407 477 533 4 900
sysv_shm - 0 0
tmpfs /run/lock 0 6
tmpfs /run 2285568 1138
tmpfs /run/user/20029 0 20
tmpfs /run/qemu 0 1
tmpfs /dev/shm 37622738944 105469
vfs - 135019 10384 186998
vm - 10 986646055 566660481 738014 1617408 858595267 900831437 195393553 8069301 1055642177 73026 0 0 0 0 0 1811072 0 311878 5997 0 1623853 318 0 3 0 0

1778497853.671460 0 node0.mimesys-workload.ldos-ut-pg0.wisc.cloudlab.us
block sda 5916490 680222 1973284678 26456188 3852344 20294943 1133322346 21582979 0 7348844 48367375
block sdb 674 0 7540 666 4 0 0 0 0 828 667
cpu 11 637400 0 171790 4332195 101027 0 17
cpu 10 676025 2 154819 4314116 100665 0 22
cpu 13 596487 0 139341 4406507 99996 0 16
cpu 12 600794 0 136180 4405955 100710 0 13
cpu 15 550020 2 132026 4459365 99985 0 11
cpu 14 577030 0 139529 4426915 98830 0 17
cpu 17 349885 0 112904 4766296 16145 0 9
cpu 16 420331 0 124524 4687862 14369 0 10
cpu 19 425734 0 123784 4682369 16301 0 10
cpu 18 473768 5 125813 4633331 15115 0 10
cpu 1 592663 0 205345 4373672 63254 0 2130
cpu 0 596861 45 163551 4376688 65731 0 1244
cpu 3 638370 0 219028 4322893 62096 0 622
cpu 2 627309 0 218215 4331895 64519 0 216
cpu 5 563964 0 174472 4443276 61692 0 488
cpu 4 560737 1 175540 4443291 62410 0 143
cpu 7 505940 0 171249 4504458 61174 0 573
cpu 6 545596 0 175140 4461146 61811 0 355
cpu 9 601025 0 163992 4392923 83491 0 398
cpu 8 651901 0 167948 4336985 83385 0 369
mem 1 99033092 84885560 14147532 1687148 11522872 112 0 12836332 10979420 373896 37960 0 0 188212 12288 0 0
mem 0 97636988 59788904 37848084 1145008 35438476 180 0 36011824 2323912 575668 14020 0 0 466500 8192 0 0
net vnet169 0 0 38476 0 0 0 0 0 0 0 0 0 224 0 46417 0 0 0 0 0 0 288 0
net vnet168 0 0 41178 0 0 0 0 0 0 0 0 0 247 0 50733 0 0 0 0 0 0 356 0
net eno1 0 268008 40596195705 0 0 713 0 0 0 0 0 0 32411572 0 1437546936 0 0 0 0 0 0 6199939 0
net lo 0 0 21465976 0 0 0 0 0 0 0 0 0 158767 0 21465976 0 0 0 0 0 0 158767 0
net virbr0 0 2115 9997269369 0 0 0 0 0 0 0 0 0 39929756 0 38536815814 0 0 0 0 0 0 23685406 0
net vnet165 0 0 43862 0 0 0 0 0 0 0 0 0 258 0 63465 0 0 0 0 0 0 501 0
net vnet167 0 0 130825 0 0 0 0 0 0 0 0 0 589 0 104183 0 0 0 0 0 0 701 0
net vnet166 0 0 43620 0 0 0 0 0 0 0 0 0 253 0 60247 0 0 0 0 0 0 449 0
numa 1 401141568 18781169 10118603 29535 401074881 18826679
numa 0 429570353 10118603 18781169 29710 429517210 10121161
ps - 728288126 4559385 407 477 533 8 891
sysv_shm - 0 0
tmpfs /run/lock 0 6
tmpfs /run 2285568 1138
tmpfs /run/user/20029 0 20
tmpfs /run/qemu 0 1
tmpfs /dev/shm 37622738944 105469
vfs - 135015 10464 186872
vm - 10 986646055 566661173 738014 1617408 858608068 900834211 195393554 8069301 1055656121 73026 0 0 0 0 0 1811072 0 311878 5997 0 1623853 318 0 3 0 0

1778497854.131402 0 node0.mimesys-workload.ldos-ut-pg0.wisc.cloudlab.us
block sda 5916490 680222 1973284678 26456188 3852348 20294943 1133322362 21582979 0 7348852 48367376
block sdb 674 0 7540 666 4 0 0 0 0 828 667
cpu 11 637424 0 171792 4332215 101027 0 17
cpu 10 676040 2 154827 4314137 100665 0 22
cpu 13 596526 0 139344 4406510 99996 0 16
cpu 12 600821 0 136186 4405969 100710 0 13
cpu 15 550051 2 132030 4459375 99985 0 11
cpu 14 577059 0 139530 4426931 98830 0 17
cpu 17 349916 0 112909 4766307 16145 0 9
cpu 16 420377 0 124524 4687862 14369 0 10
cpu 19 425737 0 123787 4682408 16301 0 10
cpu 18 473770 5 125817 4633369 15115 0 10
cpu 1 592665 0 205349 4373712 63254 0 2130
cpu 0 596864 45 163555 4376727 65731 0 1244
cpu 3 638373 0 219033 4322932 62096 0 622
cpu 2 627312 0 218218 4331934 64519 0 216
cpu 5 563968 0 174477 4443312 61692 0 488
cpu 4 560740 1 175544 4443330 62410 0 143
cpu 7 505943 0 171254 4504497 61174 0 573
cpu 6 545600 0 175144 4461184 61811 0 355
cpu 9 601031 0 163999 4392955 83491 0 398
cpu 8 651902 0 167953 4337025 83385 0 369
mem 1 99033092 84818544 14214548 1687100 11584772 128 0 12899616 11044164 372488 37196 0 0 188188 12288 0 0
mem 0 97636988 59800128 37836860 1145036 35439008 184 0 36011824 2324456 575784 14332 0 0 466952 8192 0 0
net vnet169 0 0 38476 0 0 0 0 0 0 0 0 0 224 0 46417 0 0 0 0 0 0 288 0
net vnet168 0 0 41178 0 0 0 0 0 0 0 0 0 247 0 50733 0 0 0 0 0 0 356 0
net eno1 0 268021 40596199422 0 0 713 0 0 0 0 0 0 32411626 0 1437547335 0 0 0 0 0 0 6199943 0
net lo 0 0 21466533 0 0 0 0 0 0 0 0 0 158771 0 21466533 0 0 0 0 0 0 158771 0
net virbr0 0 2115 9997269849 0 0 0 0 0 0 0 0 0 39929762 0 38536816240 0 0 0 0 0 0 23685411 0
net vnet165 0 0 43862 0 0 0 0 0 0 0 0 0 258 0 63465 0 0 0 0 0 0 501 0
net vnet167 0 0 131659 0 0 0 0 0 0 0 0 0 598 0 104711 0 0 0 0 0 0 708 0
net vnet166 0 0 43620 0 0 0 0 0 0 0 0 0 253 0 60247 0 0 0 0 0 0 449 0
numa 1 401165032 18781169 10118603 29535 401098345 18826679
numa 0 429590696 10118603 18781169 29710 429537553 10121161
ps - 728293759 4559656 407 477 533 5 876
sysv_shm - 0 0
tmpfs /run/lock 0 6
tmpfs /run 2285568 1138
tmpfs /run/user/20029 0 20
tmpfs /run/qemu 0 1
tmpfs /dev/shm 37622738944 105469
vfs - 135036 10424 187055
vm - 10 986646055 566661181 738014 1617408 858651829 900863564 195393568 8069301 1055716920 73026 0 0 0 0 0 1811072 0 311878 5997 0 1623853 318 0 3 0 0

1778497854.713441 0 node0.mimesys-workload.ldos-ut-pg0.wisc.cloudlab.us
block sda 5916490 680222 1973284678 26456188 3852363 20294943 1133322850 21582982 0 7348880 48367379
block sdb 674 0 7540 666 4 0 0 0 0 828 667
cpu 11 637471 0 171798 4332220 101027 0 17
cpu 10 676048 2 154828 4314185 100665 0 22
cpu 13 596563 0 139345 4406531 99996 0 16
cpu 12 600832 0 136186 4406013 100710 0 13
cpu 15 550064 2 132031 4459419 99985 0 11
cpu 14 577088 0 139531 4426958 98830 0 17
cpu 17 349918 0 112910 4766361 16145 0 9
cpu 16 420400 0 124524 4687896 14369 0 10
cpu 19 425739 0 123787 4682464 16301 0 10
cpu 18 473771 5 125817 4633426 15115 0 10
cpu 1 592666 0 205350 4373769 63254 0 2130
cpu 0 596864 45 163556 4376784 65731 0 1244
cpu 3 638373 0 219033 4322990 62096 0 622
cpu 2 627313 0 218220 4331989 64519 0 216
cpu 5 563969 0 174477 4443369 61692 0 488
cpu 4 560740 1 175544 4443388 62410 0 143
cpu 7 505944 0 171254 4504554 61174 0 573
cpu 6 545601 0 175144 4461241 61811 0 355
cpu 9 601032 0 164000 4393012 83491 0 398
cpu 8 651902 0 167953 4337082 83385 0 369
mem 1 99033092 84817788 14215304 1687120 11586092 148 0 12901248 11044300 372196 37668 0 0 188340 12288 0 0
mem 0 97636988 59798868 37838120 1145044 35438208 192 0 36011828 2323764 574992 14348 0 0 466552 8192 0 0
net vnet169 0 0 38476 0 0 0 0 0 0 0 0 0 224 0 46469 0 0 0 0 0 0 289 0
net vnet168 0 0 41178 0 0 0 0 0 0 0 0 0 247 0 50785 0 0 0 0 0 0 357 0
net eno1 0 268021 40596202456 0 0 713 0 0 0 0 0 0 32411674 0 1437547436 0 0 0 0 0 0 6199944 0
net lo 0 0 21467143 0 0 0 0 0 0 0 0 0 158775 0 21467143 0 0 0 0 0 0 158775 0
net virbr0 0 2115 9997269849 0 0 0 0 0 0 0 0 0 39929762 0 38536816240 0 0 0 0 0 0 23685411 0
net vnet165 0 0 43862 0 0 0 0 0 0 0 0 0 258 0 63517 0 0 0 0 0 0 502 0
net vnet167 0 0 131659 0 0 0 0 0 0 0 0 0 598 0 104763 0 0 0 0 0 0 709 0
net vnet166 0 0 43620 0 0 0 0 0 0 0 0 0 253 0 60299 0 0 0 0 0 0 450 0
numa 1 401165422 18781169 10118603 29535 401098735 18826679
numa 0 429591966 10118603 18781169 29710 429538823 10121161
ps - 728299768 4559667 407 477 533 3 870
sysv_shm - 0 0
tmpfs /run/lock 0 6
tmpfs /run 2285568 1138
tmpfs /run/user/20029 0 20
tmpfs /run/qemu 0 1
tmpfs /dev/shm 37622738944 105469
vfs - 135034 10464 186997
vm - 10 986646055 566661425 738014 1617408 858653483 900865123 195393569 8069301 1055719053 73026 0 0 0 0 0 1811072 0 311878 5997 0 1623853 318 0 3 0 0

1778497855.172323 0 node0.mimesys-workload.ldos-ut-pg0.wisc.cloudlab.us
block sda 5916490 680222 1973284678 26456188 3852363 20294943 1133322850 21582982 0 7348880 48367379
block sdb 674 0 7540 666 4 0 0 0 0 828 667
cpu 11 637497 0 171803 4332234 101027 0 17
cpu 10 676065 2 154832 4314209 100665 0 22
cpu 13 596581 0 139350 4406555 99996 0 16
cpu 12 600848 0 136189 4406038 100710 0 13
cpu 15 550077 2 132033 4459449 99985 0 11
cpu 14 577099 0 139533 4426989 98830 0 17
cpu 17 349933 0 112912 4766387 16145 0 9
cpu 16 420411 0 124526 4687928 14369 0 10
cpu 19 425742 0 123792 4682503 16301 0 10
cpu 18 473772 5 125821 4633466 15115 0 10
cpu 1 592668 0 205353 4373809 63254 0 2130
cpu 0 596866 45 163560 4376823 65731 0 1244
cpu 3 638375 0 219037 4323029 62096 0 622
cpu 2 627315 0 218224 4332029 64519 0 216
cpu 5 563971 0 174480 4443410 61692 0 488
cpu 4 560743 1 175548 4443426 62410 0 143
cpu 7 505945 0 171258 4504594 61174 0 573
cpu 6 545604 0 175150 4461279 61811 0 355
cpu 9 601035 0 164004 4393050 83491 0 398
cpu 8 651904 0 167957 4337121 83385 0 369
mem 1 99033092 84827044 14206048 1687112 11589280 180 0 12901248 11043592 375312 37184 0 0 188332 12288 0 0
mem 0 97636988 59820984 37816004 1145044 35440228 204 0 36011832 2324404 576636 14704 0 0 466504 8192 0 0
net vnet169 0 0 38476 0 0 0 0 0 0 0 0 0 224 0 46469 0 0 0 0 0 0 289 0
net vnet168 0 0 41178 0 0 0 0 0 0 0 0 0 247 0 50785 0 0 0 0 0 0 357 0
net eno1 0 268021 40596205487 0 0 713 0 0 0 0 0 0 32411716 0 1437547882 0 0 0 0 0 0 6199948 0
net lo 0 0 21468310 0 0 0 0 0 0 0 0 0 158783 0 21468310 0 0 0 0 0 0 158783 0
net virbr0 0 2115 9997272747 0 0 0 0 0 0 0 0 0 39929779 0 38536819930 0 0 0 0 0 0 23685423 0
net vnet165 0 0 43862 0 0 0 0 0 0 0 0 0 258 0 63517 0 0 0 0 0 0 502 0
net vnet167 0 0 134795 0 0 0 0 0 0 0 0 0 615 0 108453 0 0 0 0 0 0 721 0
net vnet166 0 0 43620 0 0 0 0 0 0 0 0 0 253 0 60299 0 0 0 0 0 0 450 0
numa 1 401177864 18781169 10118603 29535 401111177 18826679
numa 0 429609731 10118603 18781169 29710 429556588 10121161
ps - 728307459 4559942 407 477 533 6 870
sysv_shm - 0 0
tmpfs /run/lock 0 6
tmpfs /run 2285568 1138
tmpfs /run/user/20029 0 20
tmpfs /run/qemu 0 1
tmpfs /dev/shm 37622738944 105469
vfs - 135016 10384 186839
vm - 10 986646055 566661425 738014 1617408 858683692 900894999 195393580 8069301 1055767473 73026 0 0 0 0 0 1811072 0 311878 5997 0 1623853 318 0 3 0 0

1778497855.756302 0 node0.mimesys-workload.ldos-ut-pg0.wisc.cloudlab.us
block sda 5916491 680222 1973284686 26456200 3852851 20294944 1133490770 21584862 0 7349132 48369287
block sdb 674 0 7540 666 4 0 0 0 0 828 667
cpu 11 637507 0 171803 4332283 101027 0 17
cpu 10 676094 2 154833 4314238 100665 0 22
cpu 13 596602 0 139351 4406591 99996 0 16
cpu 12 600862 0 136192 4406078 100710 0 13
cpu 15 550106 2 132035 4459476 99985 0 11
cpu 14 577108 0 139533 4427037 98831 0 17
cpu 17 349962 0 112914 4766413 16145 0 9
cpu 16 420438 0 124527 4687957 14369 0 10
cpu 19 425742 0 123794 4682555 16306 0 10
cpu 18 473779 5 125823 4633495 15133 0 10
cpu 1 592668 0 205354 4373867 63254 0 2130
cpu 0 596868 45 163560 4376879 65731 0 1244
cpu 3 638376 0 219038 4323086 62096 0 622
cpu 2 627317 0 218224 4332085 64519 0 216
cpu 5 563971 0 174481 4443467 61692 0 488
cpu 4 560743 1 175549 4443484 62410 0 143
cpu 7 505946 0 171259 4504650 61174 0 573
cpu 6 545604 0 175150 4461336 61811 0 355
cpu 9 601037 0 164007 4393103 83491 0 398
cpu 8 651904 0 167957 4337178 83385 0 369
mem 1 99033092 84826036 14207056 1687152 11587204 200 0 12901324 11044376 373284 37852 0 0 188252 12288 0 0
mem 0 97636988 59820312 37816676 1145020 35437228 204 0 36011832 2323764 573948 14216 0 0 466440 8192 0 0
net vnet169 0 0 38476 0 0 0 0 0 0 0 0 0 224 0 46469 0 0 0 0 0 0 289 0
net vnet168 0 0 41178 0 0 0 0 0 0 0 0 0 247 0 50785 0 0 0 0 0 0 357 0
net eno1 0 268021 40596208881 0 0 713 0 0 0 0 0 0 32411771 0 1437547983 0 0 0 0 0 0 6199949 0
net lo 0 0 21468920 0 0 0 0 0 0 0 0 0 158787 0 21468920 0 0 0 0 0 0 158787 0
net virbr0 0 2115 9997274475 0 0 0 0 0 0 0 0 0 39929789 0 38536820928 0 0 0 0 0 0 23685432 0
net vnet165 0 0 43862 0 0 0 0 0 0 0 0 0 258 0 63517 0 0 0 0 0 0 502 0
net vnet167 0 0 136663 0 0 0 0 0 0 0 0 0 625 0 109451 0 0 0 0 0 0 730 0
net vnet166 0 0 43620 0 0 0 0 0 0 0 0 0 253 0 60299 0 0 0 0 0 0 450 0
numa 1 401178828 18781169 10118603 29535 401112141 18826679
numa 0 429611267 10118603 18781169 29710 429558124 10121161
ps - 728315057 4559971 407 477 533 3 888
sysv_shm - 0 0
tmpfs /run/lock 0 6
tmpfs /run 2285568 1138
tmpfs /run/user/20029 0 20
tmpfs /run/qemu 0 1
tmpfs /dev/shm 37622738944 105469
vfs - 135053 10424 187197
vm - 10 986646059 566745385 738014 1617408 858686190 900897701 195393580 8069301 1055769780 73026 0 0 0 0 0 1811072 0 311878 5997 0 1623853 318 0 3 0 0

1778497856.215195 0 node0.mimesys-workload.ldos-ut-pg0.wisc.cloudlab.us
block sda 5916491 680222 1973284686 26456200 3852861 20294944 1133490866 21584868 0 7349144 48369293
block sdb 674 0 7540 666 4 0 0 0 0 828 667
cpu 11 637516 0 171806 4332315 101027 0 17
cpu 10 676102 2 154836 4314272 100665 0 22
cpu 13 596619 0 139354 4406616 99996 0 16
cpu 12 600864 0 136194 4406118 100710 0 13
cpu 15 550132 2 132042 4459488 99985 0 11
cpu 14 577111 0 139536 4427075 98831 0 17
cpu 17 349980 0 112916 4766440 16145 0 9
cpu 16 420453 0 124532 4687982 14369 0 10
cpu 19 425746 0 123795 4682594 16306 0 10
cpu 18 473792 5 125827 4633523 15133 0 10
cpu 1 592670 0 205358 4373907 63254 0 2130
cpu 0 596869 45 163566 4376919 65731 0 1244
cpu 3 638378 0 219041 4323127 62096 0 622
cpu 2 627320 0 218227 4332126 64519 0 216
cpu 5 563973 0 174485 4443508 61692 0 488
cpu 4 560745 1 175554 4443522 62410 0 143
cpu 7 505948 0 171264 4504690 61174 0 573
cpu 6 545605 0 175153 4461377 61811 0 355
cpu 9 601039 0 164010 4393144 83491 0 398
cpu 8 651907 0 167960 4337218 83385 0 369
mem 1 99033092 84825564 14207528 1687344 11587496 204 0 12901324 11044540 374160 38224 0 0 188340 12288 0 0
mem 0 97636988 59830860 37806128 1145152 35437740 216 0 36011840 2324152 574212 14268 0 0 466480 8192 0 0
net vnet169 0 0 38476 0 0 0 0 0 0 0 0 0 224 0 46469 0 0 0 0 0 0 289 0
net vnet168 0 0 41178 0 0 0 0 0 0 0 0 0 247 0 50785 0 0 0 0 0 0 357 0
net eno1 0 268034 40596212238 0 0 713 0 0 0 0 0 0 32411819 0 1437548328 0 0 0 0 0 0 6199952 0
net lo 0 0 21469477 0 0 0 0 0 0 0 0 0 158791 0 21469477 0 0 0 0 0 0 158791 0
net virbr0 0 2115 9997274475 0 0 0 0 0 0 0 0 0 39929789 0 38536820928 0 0 0 0 0 0 23685432 0
net vnet165 0 0 43862 0 0 0 0 0 0 0 0 0 258 0 63517 0 0 0 0 0 0 502 0
net vnet167 0 0 136663 0 0 0 0 0 0 0 0 0 625 0 109451 0 0 0 0 0 0 730 0
net vnet166 0 0 43620 0 0 0 0 0 0 0 0 0 253 0 60299 0 0 0 0 0 0 450 0
numa 1 401192635 18781169 10118603 29535 401125948 18826679
numa 0 429626047 10118603 18781169 29710 429572904 10121161
ps - 728322309 4560241 407 477 533 5 889
sysv_shm - 0 0
tmpfs /run/lock 0 6
tmpfs /run 2285568 1138
tmpfs /run/user/20029 0 20
tmpfs /run/qemu 0 1
tmpfs /dev/shm 37622743040 105469
vfs - 135014 10464 186885
vm - 10 986646059 566745433 738014 1617408 858714779 900926302 195393767 8069301 1055815819 73026 0 0 0 0 0 1811072 0 311878 5997 0 1623853 318 0 3 0 0

1778497856.798160 0 node0.mimesys-workload.ldos-ut-pg0.wisc.cloudlab.us
block sda 5916491 680222 1973284686 26456200 3852873 20294944 1133491154 21584875 0 7349152 48369300
block sdb 674 0 7540 666 4 0 0 0 0 828 667
cpu 11 637539 0 171807 4332349 101027 0 17
cpu 10 676119 2 154836 4314314 100665 0 22
cpu 13 596634 0 139355 4406658 99996 0 16
cpu 12 600875 0 136195 4406163 100710 0 13
cpu 15 550143 2 132042 4459532 99985 0 11
cpu 14 577131 0 139537 4427112 98831 0 17
cpu 17 349998 0 112918 4766480 16145 0 9
cpu 16 420469 0 124534 4688022 14369 0 10
cpu 19 425746 0 123796 4682651 16306 0 10
cpu 18 473794 5 125827 4633579 15133 0 10
cpu 1 592672 0 205358 4373963 63254 0 2130
cpu 0 596869 45 163566 4376975 65731 0 1244
cpu 3 638379 0 219043 4323182 62096 0 622
cpu 2 627320 0 218228 4332183 64519 0 216
cpu 5 563974 0 174486 4443563 61692 0 488
cpu 4 560746 1 175555 4443580 62410 0 143
cpu 7 505950 0 171265 4504745 61174 0 573
cpu 6 545606 0 175154 4461433 61811 0 355
cpu 9 601039 0 164010 4393202 83491 0 398
cpu 8 651910 0 167961 4337273 83385 0 369
mem 1 99033092 84825060 14208032 1687936 11587356 236 0 12901328 11044400 374080 38136 0 0 188372 12288 0 0
mem 0 97636988 59826744 37810244 1145496 35437404 140 0 36011840 2323808 574968 13988 0 0 466416 8192 0 0
net vnet169 0 0 38476 0 0 0 0 0 0 0 0 0 224 0 46521 0 0 0 0 0 0 290 0
net vnet168 0 0 41178 0 0 0 0 0 0 0 0 0 247 0 50837 0 0 0 0 0 0 358 0
net eno1 0 268034 40596215837 0 0 713 0 0 0 0 0 0 32411870 0 1437548620 0 0 0 0 0 0 6199955 0
net lo 0 0 21470697 0 0 0 0 0 0 0 0 0 158799 0 21470697 0 0 0 0 0 0 158799 0
net virbr0 0 2115 9997277449 0 0 0 0 0 0 0 0 0 39929807 0 38536824708 0 0 0 0 0 0 23685445 0
net vnet165 0 0 43862 0 0 0 0 0 0 0 0 0 258 0 63569 0 0 0 0 0 0 503 0
net vnet167 0 0 139799 0 0 0 0 0 0 0 0 0 642 0 113193 0 0 0 0 0 0 743 0
net vnet166 0 0 43710 0 0 0 0 0 0 0 0 0 254 0 60441 0 0 0 0 0 0 452 0
numa 1 401192823 18781169 10118603 29535 401126136 18826679
numa 0 429629066 10118603 18781169 29710 429575923 10121161
ps - 728327242 4560257 407 477 533 3 889
sysv_shm - 0 0
tmpfs /run/lock 0 6
tmpfs /run 2285568 1138
tmpfs /run/user/20029 0 20
tmpfs /run/qemu 0 1
tmpfs /dev/shm 37622743040 105469
vfs - 135016 10464 186887
vm - 10 986646059 566745577 738014 1617408 858717987 900929121 195393902 8069301 1055820726 73026 0 0 0 0 0 1811072 0 311878 5997 0 1623853 318 0 3 0 0

1778497857.258174 0 node0.mimesys-workload.ldos-ut-pg0.wisc.cloudlab.us
block sda 5916493 680222 1973284702 26456200 3852873 20294944 1133491154 21584875 0 7349160 48369301
block sdb 674 0 7540 666 4 0 0 0 0 828 667
cpu 11 637550 0 171809 4332382 101027 0 17
cpu 10 676124 2 154841 4314349 100665 0 22
cpu 13 596643 0 139359 4406689 99996 0 16
cpu 12 600884 0 136198 4406197 100710 0 13
cpu 15 550155 2 132045 4459563 99985 0 11
cpu 14 577145 0 139541 4427139 98831 0 17
cpu 17 350012 0 112922 4766510 16145 0 9
cpu 16 420479 0 124537 4688054 14369 0 10
cpu 19 425751 0 123799 4682690 16306 0 10
cpu 18 473798 5 125828 4633619 15133 0 10
cpu 1 592675 0 205361 4374003 63254 0 2130
cpu 0 596871 45 163570 4377014 65731 0 1244
cpu 3 638380 0 219047 4323223 62096 0 622
cpu 2 627322 0 218231 4332223 64519 0 216
cpu 5 563978 0 174491 4443601 61692 0 488
cpu 4 560746 1 175558 4443620 62410 0 143
cpu 7 505953 0 171269 4504784 61174 0 573
cpu 6 545608 0 175158 4461473 61811 0 355
cpu 9 601042 0 164016 4393237 83491 0 398
cpu 8 651912 0 167965 4337313 83385 0 369
mem 1 99033092 84828560 14204532 1687920 11587556 252 0 12901332 11044844 374224 37672 0 0 188436 12288 0 0
mem 0 97636988 59822720 37814268 1145524 35438072 148 0 36011844 2324736 575316 14524 0 0 466440 8192 0 0
net vnet169 0 0 38476 0 0 0 0 0 0 0 0 0 224 0 46521 0 0 0 0 0 0 290 0
net vnet168 0 0 41178 0 0 0 0 0 0 0 0 0 247 0 50837 0 0 0 0 0 0 358 0
net eno1 0 268034 40596219254 0 0 713 0 0 0 0 0 0 32411919 0 1437548965 0 0 0 0 0 0 6199958 0
net lo 0 0 21471254 0 0 0 0 0 0 0 0 0 158803 0 21471254 0 0 0 0 0 0 158803 0
net virbr0 0 2115 9997279177 0 0 0 0 0 0 0 0 0 39929817 0 38536825706 0 0 0 0 0 0 23685454 0
net vnet165 0 0 43862 0 0 0 0 0 0 0 0 0 258 0 63569 0 0 0 0 0 0 503 0
net vnet167 0 0 141667 0 0 0 0 0 0 0 0 0 652 0 114191 0 0 0 0 0 0 752 0
net vnet166 0 0 43710 0 0 0 0 0 0 0 0 0 254 0 60441 0 0 0 0 0 0 452 0
numa 1 401206232 18781169 10118603 29535 401139545 18826679
numa 0 429644525 10118603 18781169 29710 429591382 10121161
ps - 728333022 4560527 390 472 531 5 889
sysv_shm - 0 0
tmpfs /run/lock 0 6
tmpfs /run 2285568 1138
tmpfs /run/user/20029 0 20
tmpfs /run/qemu 0 1
tmpfs /dev/shm 37622747136 105469
vfs - 135035 10504 187131
vm - 10 986646067 566745577 738014 1617408 858746852 900958371 195393977 8069301 1055866849 73026 0 0 0 0 0 1811072 0 311878 5997 0 1623853 318 0 3 0 0

1778497857.839975 0 node0.mimesys-workload.ldos-ut-pg0.wisc.cloudlab.us
block sda 5916500 680222 1973285166 26456203 3852968 20294963 1133492162 21584890 0 7349184 48369319
block sdb 674 0 7540 666 4 0 0 0 0 828 667
cpu 11 637558 0 171810 4332431 101027 0 17
cpu 10 676144 2 154841 4314388 100665 0 22
cpu 13 596664 0 139359 4406726 99996 0 16
cpu 12 600911 0 136199 4406226 100710 0 13
cpu 15 550179 2 132050 4459594 99985 0 11
cpu 14 577153 0 139543 4427187 98831 0 17
cpu 17 350028 0 112922 4766550 16145 0 9
cpu 16 420491 0 124538 4688100 14369 0 10
cpu 19 425751 0 123800 4682746 16306 0 10
cpu 18 473798 5 125828 4633676 15133 0 10
cpu 1 592676 0 205361 4374060 63254 0 2130
cpu 0 596872 45 163570 4377071 65731 0 1244
cpu 3 638382 0 219047 4323278 62096 0 622
cpu 2 627322 0 218231 4332281 64519 0 216
cpu 5 563978 0 174491 4443658 61692 0 488
cpu 4 560747 1 175559 4443678 62410 0 143
cpu 7 505953 0 171270 4504841 61174 0 573
cpu 6 545608 0 175158 4461530 61811 0 355
cpu 9 601042 0 164017 4393295 83491 0 398
cpu 8 651913 0 167965 4337369 83385 0 369
mem 1 99033092 84828128 14204964 1688204 11586392 4 0 12901340 11044384 373448 37984 0 0 188508 12288 0 0
mem 0 97636988 59821712 37815276 1145676 35436404 20 0 36011848 2323784 574192 14044 0 0 466376 8192 0 0
net vnet169 0 0 38476 0 0 0 0 0 0 0 0 0 224 0 46521 0 0 0 0 0 0 290 0
net vnet168 0 0 41178 0 0 0 0 0 0 0 0 0 247 0 50837 0 0 0 0 0 0 358 0
net eno1 0 268034 40596223074 0 0 713 0 0 0 0 0 0 32411981 0 1437549276 0 0 0 0 0 0 6199962 0
net lo 0 0 21471864 0 0 0 0 0 0 0 0 0 158807 0 21471864 0 0 0 0 0 0 158807 0
net virbr0 0 2115 9997279177 0 0 0 0 0 0 0 0 0 39929817 0 38536825706 0 0 0 0 0 0 23685454 0
net vnet165 0 0 43862 0 0 0 0 0 0 0 0 0 258 0 63569 0 0 0 0 0 0 503 0
net vnet167 0 0 141667 0 0 0 0 0 0 0 0 0 652 0 114191 0 0 0 0 0 0 752 0
net vnet166 0 0 43710 0 0 0 0 0 0 0 0 0 254 0 60441 0 0 0 0 0 0 452 0
numa 1 401206386 18781169 10118603 29535 401139699 18826679
numa 0 429645872 10118603 18781169 29710 429592729 10121161
ps - 728338150 4560537 390 472 531 5 889
sysv_shm - 0 0
tmpfs /run/lock 0 6
tmpfs /run 2285568 1138
tmpfs /run/user/20029 0 20
tmpfs /run/qemu 0 1
tmpfs /dev/shm 37622747136 105469
vfs - 135032 10504 187114
vm - 10 986646299 566746081 738014 1617408 858748353 900959864 195394022 8069301 1055869195 73026 0 0 0 0 0 1811072 0 311878 5997 0 1623853 318 0 3 0 0

1778497858.299453 0 node0.mimesys-workload.ldos-ut-pg0.wisc.cloudlab.us
block sda 5916500 680222 1973285166 26456203 3852968 20294963 1133492162 21584890 0 7349184 48369319
block sdb 674 0 7540 666 4 0 0 0 0 828 667
cpu 11 637571 0 171815 4332455 101027 0 17
cpu 10 676155 2 154843 4314419 100665 0 22
cpu 13 596673 0 139362 4406761 99996 0 16
cpu 12 600921 0 136204 4406256 100710 0 13
cpu 15 550189 2 132056 4459624 99985 0 11
cpu 14 577158 0 139547 4427222 98831 0 17
cpu 17 350036 0 112927 4766584 16145 0 9
cpu 16 420510 0 124542 4688122 14369 0 10
cpu 19 425758 0 123803 4682783 16306 0 10
cpu 18 473800 5 125831 4633715 15133 0 10
cpu 1 592678 0 205365 4374099 63254 0 2130
cpu 0 596876 45 163574 4377108 65731 0 1244
cpu 3 638385 0 219050 4323319 62096 0 622
cpu 2 627324 0 218234 4332321 64519 0 216
cpu 5 563980 0 174497 4443697 61692 0 488
cpu 4 560748 1 175563 4443718 62410 0 143
cpu 7 505955 0 171276 4504879 61174 0 573
cpu 6 545610 0 175161 4461569 61811 0 355
cpu 9 601044 0 164021 4393335 83491 0 398
cpu 8 651914 0 167974 4337405 83385 0 369
mem 1 99033092 84840512 14192580 1688280 11587296 92 0 12901340 11045084 374752 37736 0 0 188524 12288 0 0
mem 0 97636988 59816932 37820056 1145736 35439348 196 0 36011860 2323828 577096 14236 0 0 466344 8192 0 0
net vnet169 0 0 38476 0 0 0 0 0 0 0 0 0 224 0 46521 0 0 0 0 0 0 290 0
net vnet168 0 0 41178 0 0 0 0 0 0 0 0 0 247 0 50837 0 0 0 0 0 0 358 0
net eno1 0 268046 40596226765 0 0 713 0 0 0 0 0 0 32412033 0 1437549722 0 0 0 0 0 0 6199966 0
net lo 0 0 21473031 0 0 0 0 0 0 0 0 0 158815 0 21473031 0 0 0 0 0 0 158815 0
net virbr0 0 2115 9997281891 0 0 0 0 0 0 0 0 0 39929831 0 38536828500 0 0 0 0 0 0 23685464 0
net vnet165 0 0 43862 0 0 0 0 0 0 0 0 0 258 0 63569 0 0 0 0 0 0 503 0
net vnet167 0 0 144577 0 0 0 0 0 0 0 0 0 666 0 116985 0 0 0 0 0 0 762 0
net vnet166 0 0 43710 0 0 0 0 0 0 0 0 0 254 0 60441 0 0 0 0 0 0 452 0
numa 1 401218825 18781169 10118603 29535 401152138 18826679
numa 0 429663711 10118603 18781169 29710 429610568 10121161
ps - 728346417 4560813 390 472 531 3 889
sysv_shm - 0 0
tmpfs /run/lock 0 6
tmpfs /run 2285568 1138
tmpfs /run/user/20029 0 20
tmpfs /run/qemu 0 1
tmpfs /dev/shm 37622751232 105469
vfs - 135015 10584 186964
vm - 10 986646299 566746081 738014 1617408 858778631 900989817 195394159 8069301 1055917913 73026 0 0 0 0 0 1811072 0 311878 5997 0 1623853 318 0 3 0 0

1778497858.882080 0 node0.mimesys-workload.ldos-ut-pg0.wisc.cloudlab.us
block sda 5916500 680222 1973285166 26456203 3852968 20294963 1133492162 21584890 0 7349184 48369319
block sdb 674 0 7540 666 4 0 0 0 0 828 667
cpu 11 637586 0 171816 4332497 101027 0 17
cpu 10 676189 2 154848 4314439 100665 0 22
cpu 13 596692 0 139362 4406798 99996 0 16
cpu 12 600940 0 136206 4406295 100710 0 13
cpu 15 550206 2 132057 4459663 99985 0 11
cpu 14 577170 0 139550 4427265 98831 0 17
cpu 17 350051 0 112928 4766623 16145 0 9
cpu 16 420533 0 124544 4688153 14369 0 10
cpu 19 425760 0 123803 4682838 16306 0 10
cpu 18 473801 5 125831 4633772 15133 0 10
cpu 1 592680 0 205366 4374155 63254 0 2130
cpu 0 596877 45 163574 4377165 65731 0 1244
cpu 3 638385 0 219050 4323376 62096 0 622
cpu 2 627326 0 218235 4332377 64519 0 216
cpu 5 563981 0 174498 4443754 61692 0 488
cpu 4 560748 1 175563 4443776 62410 0 143
cpu 7 505956 0 171276 4504936 61174 0 573
cpu 6 545611 0 175161 4461626 61811 0 355
cpu 9 601045 0 164025 4393388 83491 0 398
cpu 8 651915 0 167974 4337462 83385 0 369
mem 1 99033092 84839156 14193936 1688596 11586896 108 0 12901372 11044420 374356 38188 0 0 188420 12288 0 0
mem 0 97636988 59816176 37820812 1145924 35436976 200 0 36011864 2323784 574992 13868 0 0 466352 8192 0 0
net vnet169 0 0 38476 0 0 0 0 0 0 0 0 0 224 0 46573 0 0 0 0 0 0 291 0
net vnet168 0 0 41178 0 0 0 0 0 0 0 0 0 247 0 50889 0 0 0 0 0 0 359 0
net eno1 0 268046 40596230639 0 0 713 0 0 0 0 0 0 32412096 0 1437549823 0 0 0 0 0 0 6199967 0
net lo 0 0 21473641 0 0 0 0 0 0 0 0 0 158819 0 21473641 0 0 0 0 0 0 158819 0
net virbr0 0 2115 9997283803 0 0 0 0 0 0 0 0 0 39929844 0 38536830328 0 0 0 0 0 0 23685474 0
net vnet165 0 0 43862 0 0 0 0 0 0 0 0 0 258 0 63621 0 0 0 0 0 0 504 0
net vnet167 0 0 146671 0 0 0 0 0 0 0 0 0 679 0 118865 0 0 0 0 0 0 773 0
net vnet166 0 0 43710 0 0 0 0 0 0 0 0 0 254 0 60493 0 0 0 0 0 0 453 0
numa 1 401219088 18781169 10118603 29535 401152401 18826679
numa 0 429665223 10118603 18781169 29710 429612080 10121161
ps - 728352838 4560824 390 472 531 6 889
sysv_shm - 0 0
tmpfs /run/lock 0 6
tmpfs /run 2285568 1138
tmpfs /run/user/20029 0 20
tmpfs /run/qemu 0 1
tmpfs /dev/shm 37622751232 105470
vfs - 135053 10584 187276
vm - 10 986646299 566746081 738014 1617408 858780406 900991929 195394189 8069301 1055920244 73026 0 0 0 0 0 1811072 0 311878 5997 0 1623853 318 0 3 0 0

1778497859.341124 0 node0.mimesys-workload.ldos-ut-pg0.wisc.cloudlab.us
block sda 5916500 680222 1973285166 26456203 3852968 20294963 1133492162 21584890 0 7349184 48369319
block sdb 674 0 7540 666 4 0 0 0 0 828 667
cpu 11 637608 0 171823 4332514 101027 0 17
cpu 10 676217 2 154852 4314452 100665 0 22
cpu 13 596698 0 139367 4406834 99996 0 16
cpu 12 600946 0 136208 4406332 100710 0 13
cpu 15 550226 2 132060 4459686 99985 0 11
cpu 14 577176 0 139554 4427300 98831 0 17
cpu 17 350057 0 112930 4766660 16145 0 9
cpu 16 420539 0 124548 4688189 14369 0 10
cpu 19 425764 0 123805 4682878 16306 0 10
cpu 18 473807 5 125834 4633808 15133 0 10
cpu 1 592683 0 205372 4374193 63254 0 2130
cpu 0 596880 45 163578 4377205 65731 0 1244
cpu 3 638386 0 219055 4323417 62096 0 622
cpu 2 627328 0 218239 4332417 64519 0 216
cpu 5 563982 0 174502 4443795 61692 0 488
cpu 4 560750 1 175566 4443816 62410 0 143
cpu 7 505957 0 171281 4504976 61174 0 573
cpu 6 545612 0 175166 4461666 61811 0 355
cpu 9 601046 0 164028 4393428 83491 0 398
cpu 8 651918 0 167976 4337503 83385 0 369
mem 1 99033092 84833868 14199224 1688620 11587088 124 0 12901372 11044860 373816 37900 0 0 188380 12288 0 0
mem 0 97636988 59812152 37824836 1145956 35436772 204 0 36011864 2324140 574516 14476 0 0 466328 8192 0 0
net vnet169 0 0 38476 0 0 0 0 0 0 0 0 0 224 0 46573 0 0 0 0 0 0 291 0
net vnet168 0 0 41178 0 0 0 0 0 0 0 0 0 247 0 50889 0 0 0 0 0 0 359 0
net eno1 0 268046 40596233396 0 0 713 0 0 0 0 0 0 32412134 0 1437550168 0 0 0 0 0 0 6199970 0
net lo 0 0 21474198 0 0 0 0 0 0 0 0 0 158823 0 21474198 0 0 0 0 0 0 158823 0
net virbr0 0 2115 9997283855 0 0 0 0 0 0 0 0 0 39929845 0 38536830394 0 0 0 0 0 0 23685475 0
net vnet165 0 0 43862 0 0 0 0 0 0 0 0 0 258 0 63621 0 0 0 0 0 0 504 0
net vnet167 0 0 146737 0 0 0 0 0 0 0 0 0 680 0 118931 0 0 0 0 0 0 774 0
net vnet166 0 0 43710 0 0 0 0 0 0 0 0 0 254 0 60493 0 0 0 0 0 0 453 0
numa 1 401232075 18781169 10118603 29535 401165388 18826679
numa 0 429680771 10118603 18781169 29710 429627627 10121162
ps - 728359378 4561093 390 472 531 2 889
sysv_shm - 0 0
tmpfs /run/lock 0 6
tmpfs /run 2285568 1138
tmpfs /run/user/20029 0 20
tmpfs /run/qemu 0 1
tmpfs /dev/shm 37622751232 105470
vfs - 135014 10584 186964
vm - 10 986646299 566746081 738014 1617408 858808941 901020478 195394212 8069301 1055966009 73026 0 0 0 0 0 1811072 0 311878 5997 0 1623853 318 0 3 0 0

1778497859.916719 0 node0.mimesys-workload.ldos-ut-pg0.wisc.cloudlab.us
block sda 5916503 680222 1973285454 26456205 3852968 20294963 1133492162 21584890 0 7349192 48369321
block sdb 674 0 7540 666 4 0 0 0 0 828 667
cpu 11 637628 0 171827 4332549 101027 0 17
cpu 10 676228 2 154852 4314498 100665 0 22
cpu 13 596700 0 139368 4406888 99996 0 16
cpu 12 600981 0 136209 4406354 100710 0 13
cpu 15 550245 2 132061 4459722 99985 0 11
cpu 14 577186 0 139554 4427347 98831 0 17
cpu 17 350078 0 112930 4766695 16145 0 9
cpu 16 420554 0 124548 4688230 14369 0 10
cpu 19 425765 0 123806 4682933 16306 0 10
cpu 18 473808 5 125835 4633863 15133 0 10
cpu 1 592684 0 205373 4374249 63254 0 2130
cpu 0 596880 45 163580 4377260 65731 0 1244
cpu 3 638386 0 219055 4323473 62096 0 622
cpu 2 627328 0 218240 4332473 64519 0 216
cpu 5 563984 0 174503 4443850 61692 0 488
cpu 4 560750 1 175566 4443872 62410 0 143
cpu 7 505957 0 171282 4505032 61174 0 573
cpu 6 545612 0 175166 4461723 61811 0 355
cpu 9 601046 0 164028 4393486 83491 0 398
cpu 8 651918 0 167976 4337559 83385 0 369
mem 1 99033092 84832356 14200736 1688620 11587268 144 0 12901372 11044856 374716 37916 0 0 188348 12288 0 0
mem 0 97636988 59810892 37826096 1145964 35436400 208 0 36011868 2324212 574032 14216 0 0 466328 8192 0 0
net vnet169 0 0 38476 0 0 0 0 0 0 0 0 0 224 0 46573 0 0 0 0 0 0 291 0
net vnet168 0 0 41178 0 0 0 0 0 0 0 0 0 247 0 50889 0 0 0 0 0 0 359 0
net eno1 0 268046 40596237030 0 0 713 0 0 0 0 0 0 32412193 0 1437550429 0 0 0 0 0 0 6199972 0
net lo 0 0 21475418 0 0 0 0 0 0 0 0 0 158831 0 21475418 0 0 0 0 0 0 158831 0
net virbr0 0 2115 9997283855 0 0 0 0 0 0 0 0 0 39929845 0 38536830394 0 0 0 0 0 0 23685475 0
net vnet165 0 0 43862 0 0 0 0 0 0 0 0 0 258 0 63621 0 0 0 0 0 0 504 0
net vnet167 0 0 146737 0 0 0 0 0 0 0 0 0 680 0 118931 0 0 0 0 0 0 774 0
net vnet166 0 0 43710 0 0 0 0 0 0 0 0 0 254 0 60493 0 0 0 0 0 0 453 0
numa 1 401232791 18781169 10118603 29535 401166104 18826679
numa 0 429682384 10118603 18781169 29710 429629240 10121162
ps - 728364107 4561108 390 472 531 5 893
sysv_shm - 0 0
tmpfs /run/lock 0 6
tmpfs /run 2285568 1138
tmpfs /run/user/20029 0 20
tmpfs /run/qemu 0 1
tmpfs /dev/shm 37622751232 105470
vfs - 135023 10624 186983
vm - 10 986646443 566746081 738014 1617408 858811286 901022204 195394215 8069301 1055969332 73026 0 0 0 0 0 1811072 0 311878 5997 0 1623853 318 0 3 0 0

1778497860.382600 0 node0.mimesys-workload.ldos-ut-pg0.wisc.cloudlab.us
block sda 5916503 680222 1973285454 26456205 3852988 20294963 1133492370 21584891 0 7349200 48369322
block sdb 674 0 7540 666 4 0 0 0 0 828 667
cpu 11 637643 0 171829 4332579 101027 0 17
cpu 10 676241 2 154855 4314529 100665 0 22
cpu 13 596715 0 139372 4406915 99996 0 16
cpu 12 601028 0 136209 4406354 100710 0 13
cpu 15 550264 2 132064 4459748 99985 0 11
cpu 14 577199 0 139557 4427376 98831 0 17
cpu 17 350091 0 112935 4766724 16145 0 9
cpu 16 420568 0 124550 4688260 14369 0 10
cpu 19 425767 0 123810 4682974 16306 0 10
cpu 18 473811 5 125839 4633903 15133 0 10
cpu 1 592687 0 205377 4374289 63254 0 2130
cpu 0 596883 45 163583 4377300 65731 0 1244
cpu 3 638392 0 219060 4323509 62096 0 622
cpu 2 627331 0 218246 4332511 64519 0 216
cpu 5 563985 0 174508 4443891 61692 0 488
cpu 4 560750 1 175570 4443913 62410 0 143
cpu 7 505958 0 171288 4505073 61174 0 573
cpu 6 545615 0 175171 4461761 61811 0 355
cpu 9 601050 0 164034 4393522 83491 0 398
cpu 8 651919 0 167981 4337600 83385 0 369
mem 1 99033092 84830592 14202500 1688632 11586952 164 0 12901372 11045152 374360 37664 0 0 188380 12288 0 0
mem 0 97636988 59806636 37830352 1145968 35438988 212 0 36011872 2323784 576612 14528 0 0 466496 8192 0 0
net vnet169 0 0 38476 0 0 0 0 0 0 0 0 0 224 0 46573 0 0 0 0 0 0 291 0
net vnet168 0 0 41178 0 0 0 0 0 0 0 0 0 247 0 50889 0 0 0 0 0 0 359 0
net eno1 0 268058 40596240087 0 0 713 0 0 0 0 0 0 32412236 0 1437550774 0 0 0 0 0 0 6199975 0
net lo 0 0 21475975 0 0 0 0 0 0 0 0 0 158835 0 21475975 0 0 0 0 0 0 158835 0
net virbr0 0 2115 9997286597 0 0 0 0 0 0 0 0 0 39929859 0 38536834084 0 0 0 0 0 0 23685487 0
net vnet165 0 0 43862 0 0 0 0 0 0 0 0 0 258 0 63621 0 0 0 0 0 0 504 0
net vnet167 0 0 149675 0 0 0 0 0 0 0 0 0 694 0 122621 0 0 0 0 0 0 786 0
net vnet166 0 0 43710 0 0 0 0 0 0 0 0 0 254 0 60493 0 0 0 0 0 0 453 0
numa 1 401244181 18781169 10118603 29535 401177494 18826679
numa 0 429700620 10118603 18781169 29710 429647476 10121162
ps - 728369270 4561390 390 472 531 4 901
sysv_shm - 0 0
tmpfs /run/lock 0 6
tmpfs /run 2285568 1138
tmpfs /run/user/20029 0 20
tmpfs /run/qemu 0 1
tmpfs /dev/shm 37622751232 105470
vfs - 135038 10544 187214
vm - 10 986646443 566746185 738014 1617408 858840896 901051930 195394233 8069301 1056016536 73026 0 0 0 0 0 1811072 0 311878 5997 0 1623853 318 0 3 0 0

1778497860.957952 0 node0.mimesys-workload.ldos-ut-pg0.wisc.cloudlab.us
block sda 5916503 680222 1973285454 26456205 3853049 20294964 1133493203 21584897 0 7349208 48369328
block sdb 674 0 7540 666 4 0 0 0 0 828 667
cpu 11 637656 0 171829 4332623 101027 0 17
cpu 10 676253 2 154855 4314574 100665 0 22
cpu 13 596725 0 139373 4406960 99996 0 16
cpu 12 601079 0 136214 4406354 100710 0 13
cpu 15 550274 2 132064 4459794 99985 0 11
cpu 14 577212 0 139558 4427420 98831 0 17
cpu 17 350101 0 112935 4766770 16145 0 9
cpu 16 420575 0 124550 4688309 14369 0 10
cpu 19 425769 0 123810 4683029 16306 0 10
cpu 18 473812 5 125839 4633958 15133 0 10
cpu 1 592689 0 205378 4374345 63254 0 2130
cpu 0 596883 45 163584 4377356 65731 0 1244
cpu 3 638393 0 219060 4323566 62096 0 622
cpu 2 627332 0 218249 4332564 64519 0 216
cpu 5 563987 0 174508 4443947 61692 0 488
cpu 4 560751 1 175571 4443970 62410 0 143
cpu 7 505958 0 171288 4505128 61174 0 573
cpu 6 545618 0 175171 4461815 61811 0 355
cpu 9 601050 0 164034 4393579 83491 0 398
cpu 8 651919 0 167981 4337657 83385 0 369
mem 1 99033092 84786000 14247092 1688644 11628980 204 0 12945248 11088416 372660 37888 0 0 188428 12288 0 0
mem 0 97636988 59805376 37831612 1145992 35438916 224 0 36011876 2323920 577036 14360 0 0 466392 8192 0 0
net vnet169 0 0 38476 0 0 0 0 0 0 0 0 0 224 0 46625 0 0 0 0 0 0 292 0
net vnet168 0 0 41178 0 0 0 0 0 0 0 0 0 247 0 50941 0 0 0 0 0 0 360 0
net eno1 0 268058 40596244515 0 0 713 0 0 0 0 0 0 32412282 0 1437552301 0 0 0 0 0 0 6199980 0
net lo 0 0 21476585 0 0 0 0 0 0 0 0 0 158839 0 21476585 0 0 0 0 0 0 158839 0
net virbr0 0 2115 9997288325 0 0 0 0 0 0 0 0 0 39929869 0 38536835082 0 0 0 0 0 0 23685496 0
net vnet165 0 0 43862 0 0 0 0 0 0 0 0 0 258 0 63673 0 0 0 0 0 0 505 0
net vnet167 0 0 151543 0 0 0 0 0 0 0 0 0 704 0 123671 0 0 0 0 0 0 796 0
net vnet166 0 0 43710 0 0 0 0 0 0 0 0 0 254 0 60545 0 0 0 0 0 0 454 0
numa 1 401255544 18781169 10118603 29535 401188857 18826679
numa 0 429702761 10118603 18781169 29710 429649617 10121162
ps - 728372961 4561403 390 472 531 3 903
sysv_shm - 0 0
tmpfs /run/lock 0 6
tmpfs /run 2285568 1138
tmpfs /run/user/20029 0 20
tmpfs /run/qemu 0 1
tmpfs /dev/shm 37622751232 105470
vfs - 135039 10544 187195
vm - 10 986646443 566746601 738014 1617408 858854419 901053999 195394234 8069301 1056030870 73026 0 0 0 0 0 1811072 0 311878 5997 0 1623853 318 0 3 0 0

1778497861.425631 0 node0.mimesys-workload.ldos-ut-pg0.wisc.cloudlab.us
block sda 5916503 680222 1973285454 26456205 3853057 20294964 1133493283 21584904 0 7349212 48369335
block sdb 674 0 7540 666 4 0 0 0 0 828 667
cpu 11 637662 0 171834 4332660 101027 0 17
cpu 10 676255 2 154860 4314614 100665 0 22
cpu 13 596728 0 139377 4407000 99996 0 16
cpu 12 601124 0 136217 4406354 100710 0 13
cpu 15 550276 2 132068 4459836 99985 0 11
cpu 14 577217 0 139562 4427457 98831 0 17
cpu 17 350117 0 112937 4766799 16145 0 9
cpu 16 420579 0 124553 4688349 14369 0 10
cpu 19 425772 0 123813 4683070 16306 0 10
cpu 18 473814 5 125842 4633999 15133 0 10
cpu 1 592691 0 205381 4374387 63254 0 2130
cpu 0 596886 45 163587 4377397 65731 0 1244
cpu 3 638394 0 219064 4323607 62096 0 622
cpu 2 627334 0 218253 4332605 64519 0 216
cpu 5 563990 0 174511 4443988 61692 0 488
cpu 4 560753 1 175574 4444011 62410 0 143
cpu 7 505964 0 171291 4505167 61174 0 573
cpu 6 545619 0 175174 4461857 61811 0 355
cpu 9 601052 0 164039 4393619 83491 0 398
cpu 8 651921 0 167984 4337698 83385 0 369
mem 1 99033092 84743192 14289900 1688632 11667560 204 0 12983432 11127332 373180 37616 0 0 188508 12288 0 0
mem 0 97636988 59801604 37835384 1145972 35440128 148 0 36011884 2324268 577696 14628 0 0 466376 8192 0 0
net vnet169 0 0 38476 0 0 0 0 0 0 0 0 0 224 0 46625 0 0 0 0 0 0 292 0
net vnet168 0 0 41178 0 0 0 0 0 0 0 0 0 247 0 50941 0 0 0 0 0 0 360 0
net eno1 0 268058 40596247764 0 0 713 0 0 0 0 0 0 32412326 0 1437553418 0 0 0 0 0 0 6199985 0
net lo 0 0 21477142 0 0 0 0 0 0 0 0 0 158843 0 21477142 0 0 0 0 0 0 158843 0
net virbr0 0 2115 9997288325 0 0 0 0 0 0 0 0 0 39929869 0 38536835082 0 0 0 0 0 0 23685496 0
net vnet165 0 0 43862 0 0 0 0 0 0 0 0 0 258 0 63673 0 0 0 0 0 0 505 0
net vnet167 0 0 151543 0 0 0 0 0 0 0 0 0 704 0 123671 0 0 0 0 0 0 796 0
net vnet166 0 0 43710 0 0 0 0 0 0 0 0 0 254 0 60545 0 0 0 0 0 0 454 0
numa 1 401278180 18781169 10118603 29535 401211493 18826679
numa 0 429718169 10118603 18781169 29710 429665025 10121162
ps - 728376701 4561672 390 472 531 2 903
sysv_shm - 0 0
tmpfs /run/lock 0 6
tmpfs /run 2285568 1138
tmpfs /run/user/20029 0 20
tmpfs /run/qemu 0 1
tmpfs /dev/shm 37622751232 105470
vfs - 135020 10504 187043
vm - 10 986646443 566746641 738014 1617408 858892460 901082538 195394241 8069301 1056086129 73026 0 0 0 0 0 1811072 0 311878 5997 0 1623853 318 0 3 0 0

1778497861.999269 0 node0.mimesys-workload.ldos-ut-pg0.wisc.cloudlab.us
block sda 5916503 680222 1973285454 26456205 3853074 20294964 1133493715 21584911 0 7349228 48369342
block sdb 674 0 7540 666 4 0 0 0 0 828 667
cpu 11 637672 0 171834 4332707 101027 0 17
cpu 10 676268 2 154862 4314655 100665 0 22
cpu 13 596730 0 139377 4407053 99996 0 16
cpu 12 601178 0 136220 4406354 100710 0 13
cpu 15 550284 2 132068 4459886 99985 0 11
cpu 14 577227 0 139562 4427503 98831 0 17
cpu 17 350125 0 112937 4766849 16145 0 9
cpu 16 420594 0 124554 4688392 14369 0 10
cpu 19 425774 0 123813 4683125 16306 0 10
cpu 18 473815 5 125842 4634055 15133 0 10
cpu 1 592697 0 205382 4374436 63254 0 2130
cpu 0 596888 45 163587 4377451 65731 0 1244
cpu 3 638395 0 219066 4323662 62096 0 622
cpu 2 627334 0 218254 4332660 64519 0 216
cpu 5 563990 0 174512 4444043 61692 0 488
cpu 4 560754 1 175575 4444065 62410 0 143
cpu 7 505965 0 171292 4505223 61174 0 573
cpu 6 545620 0 175176 4461912 61811 0 355
cpu 9 601055 0 164042 4393670 83491 0 398
cpu 8 651923 0 167986 4337752 83385 0 369
mem 1 99033092 84690800 14342292 1688644 11718728 280 0 13034928 11178004 372620 37896 0 0 188676 12288 0 0
mem 0 97636988 59797572 37839416 1145984 35438196 160 0 36011884 2323832 576256 14340 0 0 466408 8192 0 0
net vnet169 0 0 38476 0 0 0 0 0 0 0 0 0 224 0 46625 0 0 0 0 0 0 292 0
net vnet168 0 0 41178 0 0 0 0 0 0 0 0 0 247 0 50941 0 0 0 0 0 0 360 0
net eno1 0 268070 40596252000 0 0 713 0 0 0 0 0 0 32412392 0 1437553862 0 0 0 0 0 0 6199990 0
net lo 0 0 21478362 0 0 0 0 0 0 0 0 0 158851 0 21478362 0 0 0 0 0 0 158851 0
net virbr0 0 2115 9997291067 0 0 0 0 0 0 0 0 0 39929883 0 38536838772 0 0 0 0 0 0 23685508 0
net vnet165 0 0 43862 0 0 0 0 0 0 0 0 0 258 0 63673 0 0 0 0 0 0 505 0
net vnet167 0 0 154481 0 0 0 0 0 0 0 0 0 718 0 127361 0 0 0 0 0 0 808 0
net vnet166 0 0 43710 0 0 0 0 0 0 0 0 0 254 0 60545 0 0 0 0 0 0 454 0
numa 1 401291435 18781169 10118603 29535 401224748 18826679
numa 0 429721279 10118603 18781169 29710 429668135 10121162
ps - 728380633 4561688 391 471 531 3 901
sysv_shm - 0 0
tmpfs /run/lock 0 6
tmpfs /run 2285568 1138
tmpfs /run/user/20029 0 20
tmpfs /run/qemu 0 1
tmpfs /dev/shm 37622751232 105470
vfs - 135057 10624 187366
vm - 10 986646443 566746857 738014 1617408 858908809 901086138 195394243 8069301 1056103888 73026 0 0 0 0 0 1811072 0 311878 5997 0 1623853 318 0 3 0 0

1778497862.467938 0 node0.mimesys-workload.ldos-ut-pg0.wisc.cloudlab.us
block sda 5916503 680222 1973285454 26456205 3853074 20294964 1133493715 21584911 0 7349228 48369342
block sdb 674 0 7540 666 4 0 0 0 0 828 667
cpu 11 637683 0 171836 4332740 101027 0 17
cpu 10 676283 2 154866 4314683 100665 0 22
cpu 13 596746 0 139378 4407081 99996 0 16
cpu 12 601220 0 136223 4406356 100710 0 13
cpu 15 550305 2 132069 4459911 99985 0 11
cpu 14 577237 0 139566 4427535 98831 0 17
cpu 17 350138 0 112942 4766879 16145 0 9
cpu 16 420603 0 124556 4688425 14369 0 10
cpu 19 425776 0 123818 4683166 16306 0 10
cpu 18 473816 5 125845 4634095 15133 0 10
cpu 1 592701 0 205385 4374476 63254 0 2130
cpu 0 596890 45 163591 4377491 65731 0 1244
cpu 3 638398 0 219068 4323703 62096 0 622
cpu 2 627337 0 218257 4332701 64519 0 216
cpu 5 563994 0 174514 4444084 61692 0 488
cpu 4 560756 1 175579 4444106 62410 0 143
cpu 7 505967 0 171295 4505265 61174 0 573
cpu 6 545623 0 175182 4461950 61811 0 355
cpu 9 601058 0 164046 4393711 83491 0 398
cpu 8 651924 0 167990 4337794 83385 0 369
mem 1 99033092 84674352 14358740 1688624 11748672 296 0 13064492 11208408 372500 37640 0 0 188748 12288 0 0
mem 0 97636988 59809304 37827684 1146008 35437988 168 0 36011888 2324176 575672 14592 0 0 466504 8192 0 0
net vnet169 0 0 38476 0 0 0 0 0 0 0 0 0 224 0 46625 0 0 0 0 0 0 292 0
net vnet168 0 0 41178 0 0 0 0 0 0 0 0 0 247 0 50993 0 0 0 0 0 0 361 0
net eno1 0 268070 40596254997 0 0 713 0 0 0 0 0 0 32412434 0 1437554207 0 0 0 0 0 0 6199993 0
net lo 0 0 21478919 0 0 0 0 0 0 0 0 0 158855 0 21478919 0 0 0 0 0 0 158855 0
net virbr0 0 2115 9997292795 0 0 0 0 0 0 0 0 0 39929893 0 38536839770 0 0 0 0 0 0 23685517 0
net vnet165 0 0 43862 0 0 0 0 0 0 0 0 0 258 0 63725 0 0 0 0 0 0 506 0
net vnet167 0 0 156349 0 0 0 0 0 0 0 0 0 728 0 128411 0 0 0 0 0 0 818 0
net vnet166 0 0 43710 0 0 0 0 0 0 0 0 0 254 0 60597 0 0 0 0 0 0 455 0
numa 1 401309564 18781169 10118603 29535 401242877 18826679
numa 0 429739190 10118603 18781169 29710 429686046 10121162
ps - 728385991 4561958 391 471 531 4 901
sysv_shm - 0 0
tmpfs /run/lock 0 6
tmpfs /run 2285568 1138
tmpfs /run/user/20029 0 20
tmpfs /run/qemu 0 1
tmpfs /dev/shm 37622751232 105470
vfs - 135015 10504 187044
vm - 10 986646443 566746857 738014 1617408 858944850 901115125 195394248 8069301 1056157216 73026 0 0 0 0 0 1811072 0 311878 5997 0 1623853 318 0 3 0 0

1778497863.041317 0 node0.mimesys-workload.ldos-ut-pg0.wisc.cloudlab.us
block sda 5916509 680222 1973285756 26456207 3853181 20294984 1133494843 21584920 0 7349244 48369354
block sdb 674 0 7540 666 4 0 0 0 0 828 667
cpu 11 637696 0 171842 4332777 101027 0 17
cpu 10 676296 2 154870 4314723 100665 0 22
cpu 13 596759 0 139380 4407124 99996 0 16
cpu 12 601228 0 136223 4406404 100710 0 13
cpu 15 550314 2 132071 4459956 99985 0 11
cpu 14 577255 0 139567 4427573 98831 0 17
cpu 17 350160 0 112947 4766908 16145 0 9
cpu 16 420614 0 124556 4688470 14369 0 10
cpu 19 425778 0 123818 4683221 16306 0 10
cpu 18 473818 5 125845 4634151 15133 0 10
cpu 1 592702 0 205385 4374532 63254 0 2130
cpu 0 596890 45 163591 4377547 65731 0 1244
cpu 3 638400 0 219069 4323758 62096 0 622
cpu 2 627338 0 218257 4332757 64519 0 216
cpu 5 563996 0 174514 4444140 61692 0 488
cpu 4 560756 1 175579 4444163 62410 0 143
cpu 7 505967 0 171295 4505321 61174 0 573
cpu 6 545623 0 175182 4462006 61811 0 355
cpu 9 601058 0 164047 4393766 83491 0 398
cpu 8 651925 0 167990 4337850 83385 0 369
mem 1 99033092 84665784 14367308 1688660 11756724 312 0 13072992 11215988 372704 38152 0 0 188772 12288 0 0
mem 0 97636988 59808296 37828692 1146004 35436984 172 0 36011888 2323832 575080 14308 0 0 466608 8192 0 0
net vnet169 0 0 38476 0 0 0 0 0 0 0 0 0 224 0 46677 0 0 0 0 0 0 293 0
net vnet168 0 0 41178 0 0 0 0 0 0 0 0 0 247 0 50993 0 0 0 0 0 0 361 0
net eno1 0 268070 40596257311 0 0 713 0 0 0 0 0 0 32412471 0 1437554362 0 0 0 0 0 0 6199995 0
net lo 0 0 21479529 0 0 0 0 0 0 0 0 0 158859 0 21479529 0 0 0 0 0 0 158859 0
net virbr0 0 2115 9997292795 0 0 0 0 0 0 0 0 0 39929893 0 38536839770 0 0 0 0 0 0 23685517 0
net vnet165 0 0 43862 0 0 0 0 0 0 0 0 0 258 0 63725 0 0 0 0 0 0 506 0
net vnet167 0 0 156349 0 0 0 0 0 0 0 0 0 728 0 128411 0 0 0 0 0 0 818 0
net vnet166 0 0 43710 0 0 0 0 0 0 0 0 0 254 0 60597 0 0 0 0 0 0 455 0
numa 1 401312397 18781169 10118603 29535 401245710 18826679
numa 0 429741123 10118603 18781169 29710 429687979 10121162
ps - 728394540 4561983 391 471 531 20 900
sysv_shm - 0 0
tmpfs /run/lock 0 6
tmpfs /run 2285568 1138
tmpfs /run/user/20029 0 20
tmpfs /run/qemu 0 1
tmpfs /dev/shm 37622800384 105477
vfs - 135033 10544 187059
vm - 10 986646594 566747421 738014 1617408 858949894 901118134 195394249 8069301 1056163499 73026 0 0 0 0 0 1811072 0 311878 5997 0 1623853 318 0 3 0 0

1778497863.510625 0 node0.mimesys-workload.ldos-ut-pg0.wisc.cloudlab.us
block sda 5916509 680222 1973285756 26456207 3853389 20295044 1133497939 21584945 0 7349260 48369380
block sdb 674 0 7540 666 4 0 0 0 0 828 667
cpu 11 637700 0 171846 4332816 101027 0 17
cpu 10 676310 2 154872 4314754 100665 0 22
cpu 13 596786 0 139382 4407142 99996 0 16
cpu 12 601244 0 136227 4406431 100710 0 13
cpu 15 550326 2 132075 4459987 99985 0 11
cpu 14 577268 0 139571 4427602 98831 0 17
cpu 17 350180 0 112949 4766933 16145 0 9
cpu 16 420622 0 124560 4688503 14369 0 10
cpu 19 425780 0 123822 4683262 16306 0 10
cpu 18 473819 5 125849 4634192 15133 0 10
cpu 1 592706 0 205388 4374572 63254 0 2130
cpu 0 596894 45 163595 4377587 65731 0 1244
cpu 3 638406 0 219073 4323795 62096 0 622
cpu 2 627339 0 218263 4332795 64519 0 216
cpu 5 563998 0 174517 4444181 61692 0 488
cpu 4 560758 1 175581 4444204 62410 0 143
cpu 7 505969 0 171297 4505363 61175 0 573
cpu 6 545625 0 175185 4462049 61811 0 355
cpu 9 601060 0 164054 4393804 83491 0 398
cpu 8 651927 0 167995 4337891 83385 0 369
mem 1 99033092 84646572 14386520 1688716 11784896 408 0 13098660 11241324 375184 38708 0 0 188844 12288 0 0
mem 0 97636988 59818760 37818228 1146000 35438860 336 0 36011908 2323340 576084 13832 0 0 466472 8192 0 0
net vnet169 0 0 38476 0 0 0 0 0 0 0 0 0 224 0 46677 0 0 0 0 0 0 293 0
net vnet168 0 0 41178 0 0 0 0 0 0 0 0 0 247 0 50993 0 0 0 0 0 0 361 0
net eno1 0 268070 40596260942 0 0 713 0 0 0 0 0 0 32412522 0 1437554808 0 0 0 0 0 0 6199999 0
net lo 0 0 21480696 0 0 0 0 0 0 0 0 0 158867 0 21480696 0 0 0 0 0 0 158867 0
net virbr0 0 2115 9997294977 0 0 0 0 0 0 0 0 0 39929904 0 38536842126 0 0 0 0 0 0 23685526 0
net vnet165 0 0 43862 0 0 0 0 0 0 0 0 0 258 0 63725 0 0 0 0 0 0 506 0
net vnet167 0 0 158685 0 0 0 0 0 0 0 0 0 739 0 130767 0 0 0 0 0 0 827 0
net vnet166 0 0 43710 0 0 0 0 0 0 0 0 0 254 0 60597 0 0 0 0 0 0 455 0
numa 1 401332090 18781169 10118603 29535 401265403 18826679
numa 0 429757528 10118603 18781169 29710 429704384 10121162
ps - 728400547 4562244 391 471 531 3 889
sysv_shm - 0 0
tmpfs /run/lock 0 6
tmpfs /run 2285568 1138
tmpfs /run/user/20029 0 20
tmpfs /run/qemu 0 1
tmpfs /dev/shm 37622800384 105477
vfs - 135044 10504 187138
vm - 10 986646594 566748969 738014 1617408 858985744 901146836 195394272 8069301 1056216449 73026 0 0 0 0 0 1811072 0 311878 5997 0 1623853 318 0 3 0 0

1778497864.084560 0 node0.mimesys-workload.ldos-ut-pg0.wisc.cloudlab.us
block sda 5916509 680222 1973285756 26456207 3853389 20295044 1133497939 21584945 0 7349260 48369380
block sdb 674 0 7540 666 4 0 0 0 0 828 667
cpu 11 637724 0 171847 4332848 101027 0 17
cpu 10 676350 2 154880 4314765 100665 0 22
cpu 13 596807 0 139387 4407172 99996 0 16
cpu 12 601262 0 136228 4406469 100710 0 13
cpu 15 550355 2 132082 4460007 99985 0 11
cpu 14 577285 0 139575 4427640 98831 0 17
cpu 17 350202 0 112950 4766965 16145 0 9
cpu 16 420644 0 124564 4688533 14369 0 10
cpu 19 425782 0 123824 4683316 16306 0 10
cpu 18 473821 5 125849 4634246 15133 0 10
cpu 1 592706 0 205389 4374627 63254 0 2130
cpu 0 596897 45 163596 4377641 65731 0 1244
cpu 3 638408 0 219074 4323849 62096 0 622
cpu 2 627340 0 218264 4332849 64519 0 216
cpu 5 564000 0 174519 4444235 61692 0 488
cpu 4 560759 1 175582 4444259 62410 0 143
cpu 7 505969 0 171299 4505419 61175 0 573
cpu 6 545626 0 175186 4462104 61811 0 355
cpu 9 601061 0 164054 4393860 83491 0 398
cpu 8 651928 0 167996 4337946 83385 0 369
mem 1 99033092 84599448 14433644 1688700 11830280 116 0 13145240 11288232 374144 38576 0 0 188916 12288 0 0
mem 0 97636988 59817252 37819736 1146052 35435900 204 0 36011912 2323832 574004 14016 0 0 466408 8192 0 0
net vnet169 0 0 38476 0 0 0 0 0 0 0 0 0 224 0 46747 0 0 0 0 0 0 294 0
net vnet168 0 0 41178 0 0 0 0 0 0 0 0 0 247 0 51063 0 0 0 0 0 0 362 0
net eno1 0 268085 40596264216 0 0 713 0 0 0 0 0 0 32412575 0 1437554909 0 0 0 0 0 0 6200000 0
net lo 0 0 21481306 0 0 0 0 0 0 0 0 0 158871 0 21481306 0 0 0 0 0 0 158871 0
net virbr0 0 2116 9997297477 0 0 0 0 0 0 0 0 0 39929921 0 38536844458 0 0 0 0 0 0 23685538 0
net vnet165 0 0 43932 0 0 0 0 0 0 0 0 0 259 0 63725 0 0 0 0 0 0 506 0
net vnet167 0 0 161353 0 0 0 0 0 0 0 0 0 755 0 133169 0 0 0 0 0 0 840 0
net vnet166 0 0 43710 0 0 0 0 0 0 0 0 0 254 0 60667 0 0 0 0 0 0 456 0
numa 1 401349064 18781169 10118603 29535 401282377 18826679
numa 0 429763841 10118603 18781169 29710 429710697 10121162
ps - 728407536 4562362 391 471 531 25 889
sysv_shm - 0 0
tmpfs /run/lock 0 6
tmpfs /run 2285568 1138
tmpfs /run/user/20029 0 20
tmpfs /run/qemu 0 1
tmpfs /dev/shm 37622800384 105477
vfs - 135040 10664 186989
vm - 10 986646594 566748969 738014 1617408 859009381 901159396 195394276 8069301 1056247035 73026 0 0 0 0 0 1811072 0 311878 5997 0 1623853 318 0 3 0 0

1778497864.553395 0 node0.mimesys-workload.ldos-ut-pg0.wisc.cloudlab.us
block sda 5916509 680222 1973285756 26456207 3853389 20295044 1133497939 21584945 0 7349260 48369380
block sdb 674 0 7540 666 4 0 0 0 0 828 667
cpu 11 637730 0 171849 4332886 101027 0 17
cpu 10 676361 2 154883 4314798 100665 0 22
cpu 13 596826 0 139389 4407197 99996 0 16
cpu 12 601280 0 136230 4406494 100710 0 13
cpu 15 550374 2 132083 4460034 99985 0 11
cpu 14 577294 0 139578 4427675 98831 0 17
cpu 17 350237 0 112954 4766973 16145 0 9
cpu 16 420668 0 124567 4688554 14369 0 10
cpu 19 425786 0 123825 4683357 16306 0 10
cpu 18 473824 5 125852 4634287 15133 0 10
cpu 1 592708 0 205392 4374670 63254 0 2130
cpu 0 596899 45 163599 4377682 65731 0 1244
cpu 3 638410 0 219076 4323892 62096 0 622
cpu 2 627340 0 218268 4332892 64519 0 216
cpu 5 564001 0 174523 4444277 61692 0 488
cpu 4 560761 1 175584 4444301 62410 0 143
cpu 7 505970 0 171302 4505461 61175 0 573
cpu 6 545628 0 175191 4462144 61811 0 355
cpu 9 601062 0 164056 4393903 83491 0 398
cpu 8 651930 0 167998 4337989 83385 0 369
mem 1 99033092 84575508 14457584 1688676 11852716 136 0 13168304 11312116 373372 38592 0 0 188908 12288 0 0
mem 0 97636988 59816748 37820240 1146076 35437196 212 0 36011916 2324468 575400 14164 0 0 466456 8192 0 0
net vnet169 0 0 38476 0 0 0 0 0 0 0 0 0 224 0 46799 0 0 0 0 0 0 295 0
net vnet168 0 0 41178 0 0 0 0 0 0 0 0 0 247 0 51115 0 0 0 0 0 0 363 0
net eno1 0 268085 40596267453 0 0 713 0 0 0 0 0 0 32412621 0 1437555308 0 0 0 0 0 0 6200004 0
net lo 0 0 21481863 0 0 0 0 0 0 0 0 0 158875 0 21481863 0 0 0 0 0 0 158875 0
net virbr0 0 2116 9997297647 0 0 0 0 0 0 0 0 0 39929923 0 38536844690 0 0 0 0 0 0 23685540 0
net vnet165 0 0 43932 0 0 0 0 0 0 0 0 0 259 0 63777 0 0 0 0 0 0 507 0
net vnet167 0 0 161551 0 0 0 0 0 0 0 0 0 757 0 133453 0 0 0 0 0 0 843 0
net vnet166 0 0 43710 0 0 0 0 0 0 0 0 0 254 0 60719 0 0 0 0 0 0 457 0
numa 1 401361113 18781169 10118603 29535 401294426 18826679
numa 0 429775819 10118603 18781169 29710 429722675 10121162
ps - 728412348 4562524 391 471 531 5 889
sysv_shm - 0 0
tmpfs /run/lock 0 6
tmpfs /run 2285568 1138
tmpfs /run/user/20029 0 20
tmpfs /run/qemu 0 1
tmpfs /dev/shm 37622808576 105477
vfs - 135021 10704 186968
vm - 10 986646594 566748969 738014 1617408 859033027 901177375 195394286 8069301 1056281588 73026 0 0 0 0 0 1811072 0 311878 5997 0 1623853 318 0 3 0 0

1778497865.119208 0 node0.mimesys-workload.ldos-ut-pg0.wisc.cloudlab.us
block sda 5916509 680222 1973285756 26456207 3853389 20295044 1133497939 21584945 0 7349260 48369380
block sdb 674 0 7540 666 4 0 0 0 0 828 667
cpu 11 637733 0 171851 4332937 101027 0 17
cpu 10 676364 2 154886 4314849 100665 0 22
cpu 13 596854 0 139391 4407223 99996 0 16
cpu 12 601309 0 136230 4406522 100710 0 13
cpu 15 550387 2 132083 4460077 99985 0 11
cpu 14 577316 0 139580 4427709 98831 0 17
cpu 17 350290 0 112956 4766975 16145 0 9
cpu 16 420695 0 124569 4688580 14369 0 10
cpu 19 425788 0 123828 4683410 16306 0 10
cpu 18 473825 5 125853 4634340 15133 0 10
cpu 1 592710 0 205394 4374722 63254 0 2130
cpu 0 596900 45 163601 4377735 65731 0 1244
cpu 3 638412 0 219078 4323943 62096 0 622
cpu 2 627342 0 218270 4332946 64519 0 216
cpu 5 564003 0 174525 4444330 61692 0 488
cpu 4 560764 1 175585 4444354 62410 0 143
cpu 7 505972 0 171305 4505513 61175 0 573
cpu 6 545631 0 175192 4462197 61811 0 355
cpu 9 601066 0 164060 4393951 83491 0 398
cpu 8 651930 0 168000 4338042 83385 0 369
mem 1 99033092 84571656 14461436 1688680 11862180 152 0 13176684 11321000 374424 38460 0 0 188940 12288 0 0
mem 0 97636988 59813976 37823012 1146084 35440152 220 0 36011920 2324276 577860 14324 0 0 466496 8192 0 0
net vnet169 0 0 38476 0 0 0 0 0 0 0 0 0 224 0 46799 0 0 0 0 0 0 295 0
net vnet168 0 0 41178 0 0 0 0 0 0 0 0 0 247 0 51115 0 0 0 0 0 0 363 0
net eno1 0 268085 40596271781 0 0 713 0 0 0 0 0 0 32412690 0 1437555510 0 0 0 0 0 0 6200006 0
net lo 0 0 21483083 0 0 0 0 0 0 0 0 0 158883 0 21483083 0 0 0 0 0 0 158883 0
net virbr0 0 2116 9997297647 0 0 0 0 0 0 0 0 0 39929923 0 38536844690 0 0 0 0 0 0 23685540 0
net vnet165 0 0 43932 0 0 0 0 0 0 0 0 0 259 0 63777 0 0 0 0 0 0 507 0
net vnet167 0 0 161551 0 0 0 0 0 0 0 0 0 757 0 133453 0 0 0 0 0 0 843 0
net vnet166 0 0 43710 0 0 0 0 0 0 0 0 0 254 0 60719 0 0 0 0 0 0 457 0
numa 1 401369868 18781169 10118603 29535 401303181 18826679
numa 0 429786060 10118603 18781169 29710 429732916 10121162
ps - 728416572 4562673 391 471 531 6 892
sysv_shm - 0 0
tmpfs /run/lock 0 6
tmpfs /run 2285568 1138
tmpfs /run/user/20029 0 20
tmpfs /run/qemu 0 1
tmpfs /dev/shm 37622808576 105477
vfs - 135050 10784 187160
vm - 10 986646594 566748969 738014 1617408 859052029 901193666 195394299 8069301 1056310355 73026 0 0 0 0 0 1811072 0 311878 5997 0 1623853 318 0 3 0 0

1778497865.595634 0 node0.mimesys-workload.ldos-ut-pg0.wisc.cloudlab.us
block sda 5916509 680222 1973285756 26456207 3853392 20295045 1133497971 21584945 0 7349264 48369380
block sdb 674 0 7540 666 4 0 0 0 0 828 667
cpu 11 637758 0 171854 4332957 101027 0 17
cpu 10 676401 2 154887 4314858 100665 0 22
cpu 13 596878 0 139393 4407246 99996 0 16
cpu 12 601342 0 136232 4406536 100710 0 13
cpu 15 550415 2 132084 4460097 99985 0 11
cpu 14 577345 0 139583 4427724 98831 0 17
cpu 17 350329 0 112958 4766982 16145 0 9
cpu 16 420707 0 124572 4688612 14369 0 10
cpu 19 425789 0 123832 4683453 16306 0 10
cpu 18 473827 5 125854 4634383 15133 0 10
cpu 1 592712 0 205396 4374766 63254 0 2130
cpu 0 596907 45 163604 4377773 65731 0 1244
cpu 3 638415 0 219080 4323986 62096 0 622
cpu 2 627342 0 218272 4332990 64519 0 216
cpu 5 564004 0 174527 4444374 61692 0 488
cpu 4 560765 1 175588 4444397 62410 0 143
cpu 7 505972 0 171307 4505558 61175 0 573
cpu 6 545632 0 175195 4462241 61811 0 355
cpu 9 601067 0 164063 4393996 83491 0 398
cpu 8 651932 0 168001 4338087 83385 0 369
mem 1 99033092 84552840 14480252 1688696 11877532 168 0 13192616 11336276 373832 38236 0 0 189052 12288 0 0
mem 0 97636988 59811204 37825784 1146116 35439328 224 0 36011920 2324300 576636 14576 0 0 466536 8192 0 0
net vnet169 0 0 38476 0 0 0 0 0 0 0 0 0 224 0 46799 0 0 0 0 0 0 295 0
net vnet168 0 0 41178 0 0 0 0 0 0 0 0 0 247 0 51115 0 0 0 0 0 0 363 0
net eno1 0 268085 40596275318 0 0 713 0 0 0 0 0 0 32412741 0 1437555855 0 0 0 0 0 0 6200009 0
net lo 0 0 21483640 0 0 0 0 0 0 0 0 0 158887 0 21483640 0 0 0 0 0 0 158887 0
net virbr0 0 2116 9997300545 0 0 0 0 0 0 0 0 0 39929940 0 38536848380 0 0 0 0 0 0 23685552 0
net vnet165 0 0 43932 0 0 0 0 0 0 0 0 0 259 0 63777 0 0 0 0 0 0 507 0
net vnet167 0 0 164687 0 0 0 0 0 0 0 0 0 774 0 137143 0 0 0 0 0 0 855 0
net vnet166 0 0 43710 0 0 0 0 0 0 0 0 0 254 0 60719 0 0 0 0 0 0 457 0
numa 1 401380411 18781169 10118603 29535 401313724 18826679
numa 0 429794477 10118603 18781169 29710 429741333 10121162
ps - 728420506 4562809 391 471 531 3 885
sysv_shm - 0 0
tmpfs /run/lock 0 6
tmpfs /run 2285568 1138
tmpfs /run/user/20029 0 20
tmpfs /run/qemu 0 1
tmpfs /dev/shm 37622808576 105477
vfs - 135024 10744 186960
vm - 10 986646594 566748985 738014 1617408 859070983 901208832 195394306 8069301 1056338147 73026 0 0 0 0 0 1811072 0 311878 5997 0 1623853 318 0 3 0 0

1778497866.147512 0 node0.mimesys-workload.ldos-ut-pg0.wisc.cloudlab.us
block sda 5916509 680222 1973285756 26456207 3853392 20295045 1133497971 21584945 0 7349264 48369380
block sdb 674 0 7540 666 4 0 0 0 0 828 667
cpu 11 637768 0 171856 4332999 101027 0 17
cpu 10 676448 2 154892 4314861 100665 0 22
cpu 13 596885 0 139394 4407293 99996 0 16
cpu 12 601362 0 136234 4406569 100710 0 13
cpu 15 550429 2 132084 4460137 99985 0 11
cpu 14 577351 0 139585 4427772 98831 0 17
cpu 17 350340 0 112960 4767023 16145 0 9
cpu 16 420724 0 124573 4688650 14369 0 10
cpu 19 425792 0 123833 4683504 16306 0 10
cpu 18 473828 5 125856 4634435 15133 0 10
cpu 1 592713 0 205398 4374818 63254 0 2130
cpu 0 596909 45 163606 4377823 65731 0 1244
cpu 3 638418 0 219082 4324037 62096 0 622
cpu 2 627343 0 218274 4333042 64519 0 216
cpu 5 564006 0 174529 4444426 61692 0 488
cpu 4 560767 1 175590 4444449 62410 0 143
cpu 7 505973 0 171309 4505610 61175 0 573
cpu 6 545634 0 175196 4462292 61811 0 355
cpu 9 601068 0 164065 4394048 83491 0 398
cpu 8 651933 0 168003 4338139 83385 0 369
mem 1 99033092 84495412 14537680 1688696 11934312 204 0 13248276 11392148 374120 38460 0 0 189148 12288 0 0
mem 0 97636988 59809440 37827548 1146112 35438656 240 0 36011928 2325172 575996 14456 0 0 466592 8192 0 0
net vnet169 0 0 38476 0 0 0 0 0 0 0 0 0 224 0 46799 0 0 0 0 0 0 295 0
net vnet168 0 0 41178 0 0 0 0 0 0 0 0 0 247 0 51115 0 0 0 0 0 0 363 0
net eno1 0 268100 40596278652 0 0 713 0 0 0 0 0 0 32412795 0 1437555956 0 0 0 0 0 0 6200010 0
net lo 0 0 21484250 0 0 0 0 0 0 0 0 0 158891 0 21484250 0 0 0 0 0 0 158891 0
net virbr0 0 2116 9997302325 0 0 0 0 0 0 0 0 0 39929951 0 38536849378 0 0 0 0 0 0 23685561 0
net vnet165 0 0 43932 0 0 0 0 0 0 0 0 0 259 0 63777 0 0 0 0 0 0 507 0
net vnet167 0 0 166621 0 0 0 0 0 0 0 0 0 785 0 138141 0 0 0 0 0 0 864 0
net vnet166 0 0 43710 0 0 0 0 0 0 0 0 0 254 0 60719 0 0 0 0 0 0 457 0
numa 1 401401029 18781169 10118603 29535 401334342 18826679
numa 0 429803724 10118603 18781169 29710 429750580 10121162
ps - 728424150 4562953 391 471 531 7 885
sysv_shm - 0 0
tmpfs /run/lock 0 6
tmpfs /run 2285568 1138
tmpfs /run/user/20029 0 20
tmpfs /run/qemu 0 1
tmpfs /dev/shm 37622808576 105477
vfs - 135021 10664 186950
vm - 10 986646594 566748985 738014 1617408 859100906 901224774 195394312 8069301 1056377145 73026 0 0 0 0 0 1811072 0 311878 5997 0 1623853 318 0 3 0 0

1778497866.638810 0 node0.mimesys-workload.ldos-ut-pg0.wisc.cloudlab.us
block sda 5916509 680222 1973285756 26456207 3853396 20295045 1133497995 21584946 0 7349268 48369381
block sdb 674 0 7540 666 4 0 0 0 0 828 667
cpu 11 637770 0 171859 4333043 101027 0 17
cpu 10 676464 2 154892 4314893 100665 0 22
cpu 13 596888 0 139395 4407337 99996 0 16
cpu 12 601371 0 136236 4406606 100710 0 13
cpu 15 550452 2 132086 4460163 99985 0 11
cpu 14 577399 0 139586 4427773 98831 0 17
cpu 17 350361 0 112960 4767049 16145 0 9
cpu 16 420740 0 124575 4688681 14369 0 10
cpu 19 425794 0 123836 4683549 16306 0 10
cpu 18 473829 5 125858 4634479 15133 0 10
cpu 1 592715 0 205401 4374863 63254 0 2130
cpu 0 596909 45 163609 4377868 65731 0 1244
cpu 3 638418 0 219085 4324082 62096 0 622
cpu 2 627345 0 218277 4333087 64519 0 216
cpu 5 564007 0 174531 4444472 61692 0 488
cpu 4 560769 1 175592 4444494 62410 0 143
cpu 7 505973 0 171311 4505656 61175 0 573
cpu 6 545635 0 175198 4462338 61811 0 355
cpu 9 601069 0 164070 4394091 83491 0 398
cpu 8 651934 0 168005 4338185 83385 0 369
mem 1 99033092 84475032 14558060 1688732 11950872 224 0 13266516 11409500 373336 38780 0 0 189260 12288 0 0
mem 0 97636988 59807200 37829788 1146080 35436208 244 0 36011932 2323908 573936 14084 0 0 466584 8192 0 0
net vnet169 0 0 38476 0 0 0 0 0 0 0 0 0 224 0 46851 0 0 0 0 0 0 296 0
net vnet168 0 0 41178 0 0 0 0 0 0 0 0 0 247 0 51167 0 0 0 0 0 0 364 0
net eno1 0 268100 40596282011 0 0 713 0 0 0 0 0 0 32412843 0 1437556355 0 0 0 0 0 0 6200014 0
net lo 0 0 21484807 0 0 0 0 0 0 0 0 0 158895 0 21484807 0 0 0 0 0 0 158895 0
net virbr0 0 2116 9997302325 0 0 0 0 0 0 0 0 0 39929951 0 38536849378 0 0 0 0 0 0 23685561 0
net vnet165 0 0 43932 0 0 0 0 0 0 0 0 0 259 0 63829 0 0 0 0 0 0 508 0
net vnet167 0 0 166621 0 0 0 0 0 0 0 0 0 785 0 138193 0 0 0 0 0 0 865 0
net vnet166 0 0 43710 0 0 0 0 0 0 0 0 0 254 0 60771 0 0 0 0 0 0 458 0
numa 1 401410498 18781169 10118603 29535 401343811 18826679
numa 0 429813219 10118603 18781169 29710 429760075 10121162
ps - 728426962 4563089 391 471 531 6 885
sysv_shm - 0 0
tmpfs /run/lock 0 6
tmpfs /run 2285568 1138
tmpfs /run/user/20029 0 20
tmpfs /run/qemu 0 1
tmpfs /dev/shm 37622808576 105477
vfs - 135043 10664 187126
vm - 10 986646594 566748997 738014 1617408 859119813 901239517 195394317 8069301 1056404604 73026 0 0 0 0 0 1811072 0 311878 5997 0 1623853 318 0 3 0 0

1778497867.174357 0 node0.mimesys-workload.ldos-ut-pg0.wisc.cloudlab.us
block sda 5916509 680222 1973285756 26456207 3853422 20295046 1133498643 21584959 0 7349284 48369394
block sdb 674 0 7540 666 4 0 0 0 0 828 667
cpu 11 637785 0 171862 4333080 101027 0 17
cpu 10 676492 2 154895 4314915 100665 0 22
cpu 13 596904 0 139397 4407374 99996 0 16
cpu 12 601391 0 136238 4406637 100710 0 13
cpu 15 550504 2 132088 4460163 99985 0 11
cpu 14 577436 0 139587 4427787 98831 0 17
cpu 17 350379 0 112962 4767083 16145 0 9
cpu 16 420762 0 124576 4688711 14369 0 10
cpu 19 425796 0 123837 4683599 16306 0 10
cpu 18 473830 5 125859 4634529 15133 0 10
cpu 1 592718 0 205403 4374912 63254 0 2130
cpu 0 596910 45 163611 4377918 65731 0 1244
cpu 3 638419 0 219087 4324131 62096 0 622
cpu 2 627346 0 218280 4333136 64519 0 216
cpu 5 564011 0 174532 4444520 61692 0 488
cpu 4 560772 1 175596 4444541 62410 0 143
cpu 7 505976 0 171313 4505704 61175 0 573
cpu 6 545636 0 175201 4462388 61811 0 355
cpu 9 601075 0 164073 4394135 83491 0 398
cpu 8 651936 0 168008 4338235 83385 0 369
mem 1 99033092 84421872 14611220 1688732 12001776 236 0 13316140 11459592 374220 39240 0 0 189276 12288 0 0
mem 0 97636988 59816000 37820988 1146076 35438864 124 0 36011932 2324372 576580 14380 0 0 466616 8192 0 0
net vnet169 0 0 38476 0 0 0 0 0 0 0 0 0 224 0 46851 0 0 0 0 0 0 296 0
net vnet168 0 0 41178 0 0 0 0 0 0 0 0 0 247 0 51167 0 0 0 0 0 0 364 0
net eno1 0 268100 40596286177 0 0 713 0 0 0 0 0 0 32412904 0 1437556557 0 0 0 0 0 0 6200016 0
net lo 0 0 21486027 0 0 0 0 0 0 0 0 0 158903 0 21486027 0 0 0 0 0 0 158903 0
net virbr0 0 2116 9997305171 0 0 0 0 0 0 0 0 0 39929967 0 38536853068 0 0 0 0 0 0 23685573 0
net vnet165 0 0 43932 0 0 0 0 0 0 0 0 0 259 0 63829 0 0 0 0 0 0 508 0
net vnet167 0 0 169691 0 0 0 0 0 0 0 0 0 801 0 141883 0 0 0 0 0 0 877 0
net vnet166 0 0 43710 0 0 0 0 0 0 0 0 0 254 0 60771 0 0 0 0 0 0 458 0
numa 1 401429481 18781169 10118603 29535 401362794 18826679
numa 0 429824449 10118603 18781169 29710 429771305 10121162
ps - 728431301 4563238 392 469 530 7 885
sysv_shm - 0 0
tmpfs /run/lock 0 6
tmpfs /run 2285568 1138
tmpfs /run/user/20029 0 20
tmpfs /run/qemu 0 1
tmpfs /dev/shm 37622808576 105477
vfs - 135023 10824 186952
vm - 10 986646594 566749321 738014 1617408 859150039 901256283 195394353 8069301 1056444829 73026 0 0 0 0 0 1811072 0 311878 5997 0 1623853 318 0 3 0 0

1778497867.681910 0 node0.mimesys-workload.ldos-ut-pg0.wisc.cloudlab.us
block sda 5916511 680222 1973285772 26456207 3853424 20295047 1133498691 21584959 0 7349292 48369394
block sdb 674 0 7540 666 4 0 0 0 0 828 667
cpu 11 637825 0 171864 4333088 101027 0 17
cpu 10 676529 2 154896 4314928 100665 0 22
cpu 13 596931 0 139398 4407396 99996 0 16
cpu 12 601424 0 136240 4406654 100710 0 13
cpu 15 550538 2 132088 4460179 99985 0 11
cpu 14 577459 0 139588 4427813 98831 0 17
cpu 17 350401 0 112964 4767109 16145 0 9
cpu 16 420784 0 124580 4688735 14369 0 10
cpu 19 425799 0 123839 4683645 16306 0 10
cpu 18 473832 5 125862 4634576 15133 0 10
cpu 1 592719 0 205405 4374959 63254 0 2130
cpu 0 596912 45 163613 4377964 65731 0 1244
cpu 3 638420 0 219089 4324179 62096 0 622
cpu 2 627347 0 218281 4333184 64519 0 216
cpu 5 564013 0 174534 4444567 61692 0 488
cpu 4 560772 1 175598 4444589 62410 0 143
cpu 7 505977 0 171316 4505751 61175 0 573
cpu 6 545636 0 175204 4462435 61811 0 355
cpu 9 601078 0 164076 4394180 83491 0 398
cpu 8 651937 0 168009 4338283 83385 0 369
mem 1 99033092 84382824 14650268 1688764 12038792 260 0 13355040 11498024 372944 38888 0 0 189340 12288 0 0
mem 0 97636988 59813648 37823340 1146160 35436656 140 0 36011936 2324032 574884 14180 0 0 466656 8192 0 0
net vnet169 0 0 38476 0 0 0 0 0 0 0 0 0 224 0 46851 0 0 0 0 0 0 296 0
net vnet168 0 0 41178 0 0 0 0 0 0 0 0 0 247 0 51167 0 0 0 0 0 0 364 0
net eno1 0 268100 40596289536 0 0 713 0 0 0 0 0 0 32412952 0 1437556956 0 0 0 0 0 0 6200020 0
net lo 0 0 21486584 0 0 0 0 0 0 0 0 0 158907 0 21486584 0 0 0 0 0 0 158907 0
net virbr0 0 2116 9997306951 0 0 0 0 0 0 0 0 0 39929978 0 38536854066 0 0 0 0 0 0 23685582 0
net vnet165 0 0 43932 0 0 0 0 0 0 0 0 0 259 0 63829 0 0 0 0 0 0 508 0
net vnet167 0 0 171625 0 0 0 0 0 0 0 0 0 812 0 142881 0 0 0 0 0 0 886 0
net vnet166 0 0 43710 0 0 0 0 0 0 0 0 0 254 0 60771 0 0 0 0 0 0 458 0
numa 1 401443963 18781169 10118603 29535 401377276 18826679
numa 0 429834055 10118603 18781169 29710 429780911 10121162
ps - 728435675 4563375 392 469 530 8 885
sysv_shm - 0 0
tmpfs /run/lock 0 6
tmpfs /run 2285568 1138
tmpfs /run/user/20029 0 20
tmpfs /run/qemu 0 1
tmpfs /dev/shm 37622808576 105477
vfs - 135021 10744 186950
vm - 10 986646602 566749345 738014 1617408 859174118 901271414 195394355 8069301 1056477547 73026 0 0 0 0 0 1811072 0 311878 5997 0 1623853 318 0 3 0 0

1778497868.201754 0 node0.mimesys-workload.ldos-ut-pg0.wisc.cloudlab.us
block sda 5916511 680222 1973285772 26456207 3853511 20295047 1133499531 21584973 0 7349296 48369408
block sdb 674 0 7540 666 4 0 0 0 0 828 667
cpu 11 637862 0 171866 4333100 101027 0 17
cpu 10 676553 2 154900 4314952 100665 0 22
cpu 13 596970 0 139400 4407408 99996 0 16
cpu 12 601462 0 136243 4406666 100710 0 13
cpu 15 550559 2 132091 4460206 99985 0 11
cpu 14 577480 0 139591 4427842 98831 0 17
cpu 17 350426 0 112965 4767135 16145 0 9
cpu 16 420815 0 124582 4688755 14369 0 10
cpu 19 425800 0 123841 4683693 16306 0 10
cpu 18 473832 5 125864 4634624 15133 0 10
cpu 1 592720 0 205408 4375007 63254 0 2130
cpu 0 596914 45 163616 4378011 65731 0 1244
cpu 3 638420 0 219091 4324228 62096 0 622
cpu 2 627348 0 218282 4333233 64519 0 216
cpu 5 564015 0 174535 4444615 61692 0 488
cpu 4 560773 1 175600 4444638 62410 0 143
cpu 7 505978 0 171319 4505799 61175 0 573
cpu 6 545639 0 175205 4462483 61811 0 355
cpu 9 601080 0 164082 4394224 83491 0 398
cpu 8 651939 0 168012 4338331 83385 0 369
mem 1 99033092 84344280 14688812 1688764 12076052 276 0 13390820 11534692 374276 38964 0 0 189436 12288 0 0
mem 0 97636988 59811912 37825076 1146160 35437156 144 0 36011940 2324280 574816 14348 0 0 467024 8192 0 0
net vnet169 0 0 38476 0 0 0 0 0 0 0 0 0 224 0 46851 0 0 0 0 0 0 296 0
net vnet168 0 0 41178 0 0 0 0 0 0 0 0 0 247 0 51167 0 0 0 0 0 0 364 0
net eno1 0 268112 40596292270 0 0 713 0 0 0 0 0 0 32412996 0 1437557057 0 0 0 0 0 0 6200021 0
net lo 0 0 21487194 0 0 0 0 0 0 0 0 0 158911 0 21487194 0 0 0 0 0 0 158911 0
net virbr0 0 2116 9997306951 0 0 0 0 0 0 0 0 0 39929978 0 38536854066 0 0 0 0 0 0 23685582 0
net vnet165 0 0 43932 0 0 0 0 0 0 0 0 0 259 0 63829 0 0 0 0 0 0 508 0
net vnet167 0 0 171625 0 0 0 0 0 0 0 0 0 812 0 142881 0 0 0 0 0 0 886 0
net vnet166 0 0 43710 0 0 0 0 0 0 0 0 0 254 0 60771 0 0 0 0 0 0 458 0
numa 1 401459715 18781169 10118603 29535 401393028 18826679
numa 0 429842680 10118603 18781169 29710 429789536 10121162
ps - 728440060 4563518 392 469 530 2 885
sysv_shm - 0 0
tmpfs /run/lock 0 6
tmpfs /run 2285568 1138
tmpfs /run/user/20029 0 20
tmpfs /run/qemu 0 1
tmpfs /dev/shm 37622808576 105477
vfs - 135043 10744 187126
vm - 10 986646602 566749765 738014 1617408 859198490 901286927 195394357 8069301 1056510878 73026 0 0 0 0 0 1811072 0 311878 5997 0 1623853 318 0 3 0 0

1778497868.724996 0 node0.mimesys-workload.ldos-ut-pg0.wisc.cloudlab.us
block sda 5916512 680222 1973285820 26456208 3853518 20295063 1133499715 21584974 0 7349308 48369410
block sdb 674 0 7540 666 4 0 0 0 0 828 667
cpu 11 637886 0 171869 4333126 101027 0 17
cpu 10 676594 2 154901 4314962 100665 0 22
cpu 13 596983 0 139402 4407443 99996 0 16
cpu 12 601473 0 136247 4406704 100710 0 13
cpu 15 550582 2 132096 4460231 99985 0 11
cpu 14 577506 0 139593 4427864 98831 0 17
cpu 17 350438 0 112967 4767173 16145 0 9
cpu 16 420832 0 124585 4688788 14369 0 10
cpu 19 425803 0 123843 4683741 16306 0 10
cpu 18 473834 5 125865 4634672 15133 0 10
cpu 1 592722 0 205412 4375053 63254 0 2130
cpu 0 596917 45 163619 4378059 65731 0 1244
cpu 3 638420 0 219093 4324278 62096 0 622
cpu 2 627350 0 218284 4333281 64519 0 216
cpu 5 564016 0 174536 4444665 61692 0 488
cpu 4 560774 1 175603 4444687 62410 0 143
cpu 7 505980 0 171322 4505848 61175 0 573
cpu 6 545642 0 175209 4462530 61811 0 355
cpu 9 601082 0 164084 4394271 83491 0 398
cpu 8 651946 0 168014 4338375 83385 0 369
mem 1 99033092 84328912 14704180 1688776 12087580 76 0 13403216 11545776 372984 38944 0 0 189452 12288 0 0
mem 0 97636988 59807880 37829108 1146152 35437976 148 0 36011952 2323852 576144 14260 0 0 466924 8192 0 0
net vnet169 0 0 38476 0 0 0 0 0 0 0 0 0 224 0 46903 0 0 0 0 0 0 297 0
net vnet168 0 0 41178 0 0 0 0 0 0 0 0 0 247 0 51219 0 0 0 0 0 0 365 0
net eno1 0 268112 40596295421 0 0 713 0 0 0 0 0 0 32413039 0 1437557503 0 0 0 0 0 0 6200025 0
net lo 0 0 21488361 0 0 0 0 0 0 0 0 0 158919 0 21488361 0 0 0 0 0 0 158919 0
net virbr0 0 2116 9997309849 0 0 0 0 0 0 0 0 0 39929995 0 38536857756 0 0 0 0 0 0 23685594 0
net vnet165 0 0 43932 0 0 0 0 0 0 0 0 0 259 0 63881 0 0 0 0 0 0 509 0
net vnet167 0 0 174761 0 0 0 0 0 0 0 0 0 829 0 146623 0 0 0 0 0 0 899 0
net vnet166 0 0 43710 0 0 0 0 0 0 0 0 0 254 0 60823 0 0 0 0 0 0 459 0
numa 1 401469835 18781169 10118603 29535 401403148 18826679
numa 0 429852802 10118603 18781169 29710 429799658 10121162
ps - 728445225 4563661 392 469 530 5 885
sysv_shm - 0 0
tmpfs /run/lock 0 6
tmpfs /run 2285568 1138
tmpfs /run/user/20029 0 20
tmpfs /run/qemu 0 1
tmpfs /dev/shm 37622861824 105484
vfs - 135031 10824 186970
vm - 10 986646626 566749857 738014 1617408 859218744 901302955 195394360 8069301 1056540825 73026 0 0 0 0 0 1811072 0 311878 5997 0 1623853 318 0 3 0 0

1778497869.229394 0 node0.mimesys-workload.ldos-ut-pg0.wisc.cloudlab.us
block sda 5916512 680222 1973285820 26456208 3853518 20295063 1133499715 21584974 0 7349308 48369410
block sdb 674 0 7540 666 4 0 0 0 0 828 667
cpu 11 637912 0 171871 4333149 101027 0 17
cpu 10 676608 2 154902 4314997 100665 0 22
cpu 13 597022 0 139404 4407453 99996 0 16
cpu 12 601490 0 136250 4406734 100710 0 13
cpu 15 550602 2 132099 4460256 99985 0 11
cpu 14 577545 0 139594 4427874 98831 0 17
cpu 17 350470 0 112971 4767186 16145 0 9
cpu 16 420848 0 124586 4688822 14369 0 10
cpu 19 425804 0 123846 4683787 16306 0 10
cpu 18 473834 5 125867 4634719 15133 0 10
cpu 1 592724 0 205413 4375099 63254 0 2130
cpu 0 596919 45 163620 4378105 65731 0 1244
cpu 3 638422 0 219096 4324324 62096 0 622
cpu 2 627350 0 218287 4333329 64519 0 216
cpu 5 564017 0 174538 4444712 61692 0 488
cpu 4 560775 1 175605 4444735 62410 0 143
cpu 7 505981 0 171323 4505895 61175 0 573
cpu 6 545642 0 175210 4462577 61811 0 355
cpu 9 601083 0 164086 4394318 83491 0 398
cpu 8 651947 0 168016 4338421 83385 0 369
mem 1 99033092 84304724 14728368 1688800 12111364 92 0 13424300 11567260 375776 38996 0 0 189484 12288 0 0
mem 0 97636988 59806372 37830616 1146152 35437072 160 0 36011952 2323852 574860 14436 0 0 466940 8192 0 0
net vnet169 0 0 38476 0 0 0 0 0 0 0 0 0 224 0 46903 0 0 0 0 0 0 297 0
net vnet168 0 0 41178 0 0 0 0 0 0 0 0 0 247 0 51219 0 0 0 0 0 0 365 0
net eno1 0 268112 40596297615 0 0 713 0 0 0 0 0 0 32413074 0 1437557604 0 0 0 0 0 0 6200026 0
net lo 0 0 21488971 0 0 0 0 0 0 0 0 0 158923 0 21488971 0 0 0 0 0 0 158923 0
net virbr0 0 2116 9997311629 0 0 0 0 0 0 0 0 0 39930006 0 38536858754 0 0 0 0 0 0 23685603 0
net vnet165 0 0 43932 0 0 0 0 0 0 0 0 0 259 0 63881 0 0 0 0 0 0 509 0
net vnet167 0 0 176695 0 0 0 0 0 0 0 0 0 840 0 147621 0 0 0 0 0 0 908 0
net vnet166 0 0 43710 0 0 0 0 0 0 0 0 0 254 0 60823 0 0 0 0 0 0 459 0
numa 1 401482056 18781169 10118603 29535 401415369 18826679
numa 0 429860990 10118603 18781169 29710 429807846 10121162
ps - 728449343 4563805 392 469 530 3 885
sysv_shm - 0 0
tmpfs /run/lock 0 6
tmpfs /run 2285568 1138
tmpfs /run/user/20029 0 20
tmpfs /run/qemu 0 1
tmpfs /dev/shm 37622861824 105484
vfs - 135028 10784 186960
vm - 10 986646626 566749857 738014 1617408 859239149 901318863 195394368 8069301 1056570344 73026 0 0 0 0 0 1811072 0 311878 5997 0 1623853 318 0 3 0 0

1778497869.767734 0 node0.mimesys-workload.ldos-ut-pg0.wisc.cloudlab.us
block sda 5916512 680222 1973285820 26456208 3853518 20295063 1133499715 21584974 0 7349308 48369410
block sdb 674 0 7540 666 4 0 0 0 0 828 667
cpu 11 637918 0 171872 4333196 101027 0 17
cpu 10 676630 2 154906 4315026 100665 0 22
cpu 13 597055 0 139405 4407472 99996 0 16
cpu 12 601497 0 136253 4406777 100710 0 13
cpu 15 550649 2 132105 4460257 99985 0 11
cpu 14 577574 0 139595 4427898 98831 0 17
cpu 17 350493 0 112972 4767217 16145 0 9
cpu 16 420854 0 124588 4688867 14369 0 10
cpu 19 425807 0 123848 4683836 16306 0 10
cpu 18 473836 5 125868 4634769 15133 0 10
cpu 1 592724 0 205416 4375150 63254 0 2130
cpu 0 596922 45 163622 4378153 65731 0 1244
cpu 3 638423 0 219098 4324375 62096 0 622
cpu 2 627351 0 218289 4333379 64519 0 216
cpu 5 564018 0 174540 4444763 61692 0 488
cpu 4 560777 1 175607 4444784 62410 0 143
cpu 7 505982 0 171325 4505946 61175 0 573
cpu 6 545642 0 175214 4462627 61811 0 355
cpu 9 601085 0 164089 4394366 83491 0 398
cpu 8 651948 0 168019 4338472 83385 0 369
mem 1 99033092 84241996 14791096 1688836 12168468 112 0 13483968 11626896 374080 39372 0 0 189700 12288 0 0
mem 0 97636988 59803860 37833128 1146140 35435524 172 0 36011960 2323892 573648 13884 0 0 467108 8192 0 0
net vnet169 0 0 38476 0 0 0 0 0 0 0 0 0 224 0 46903 0 0 0 0 0 0 297 0
net vnet168 0 0 41178 0 0 0 0 0 0 0 0 0 247 0 51219 0 0 0 0 0 0 365 0
net eno1 0 268112 40596301152 0 0 713 0 0 0 0 0 0 32413125 0 1437557949 0 0 0 0 0 0 6200029 0
net lo 0 0 21489528 0 0 0 0 0 0 0 0 0 158927 0 21489528 0 0 0 0 0 0 158927 0
net virbr0 0 2116 9997311629 0 0 0 0 0 0 0 0 0 39930006 0 38536858754 0 0 0 0 0 0 23685603 0
net vnet165 0 0 43932 0 0 0 0 0 0 0 0 0 259 0 63881 0 0 0 0 0 0 509 0
net vnet167 0 0 176695 0 0 0 0 0 0 0 0 0 840 0 147621 0 0 0 0 0 0 908 0
net vnet166 0 0 43710 0 0 0 0 0 0 0 0 0 254 0 60823 0 0 0 0 0 0 459 0
numa 1 401503545 18781169 10118603 29535 401436858 18826679
numa 0 429869110 10118603 18781169 29710 429815966 10121162
ps - 728453765 4563941 392 469 530 3 885
sysv_shm - 0 0
tmpfs /run/lock 0 6
tmpfs /run 2285568 1138
tmpfs /run/user/20029 0 20
tmpfs /run/qemu 0 1
tmpfs /dev/shm 37622870016 105487
vfs - 135053 10784 187140
vm - 10 986646626 566749857 738014 1617408 859268750 901333561 195394373 8069301 1056608419 73026 0 0 0 0 0 1811072 0 311878 5997 0 1623853 318 0 3 0 0

1778497870.256720 0 node0.mimesys-workload.ldos-ut-pg0.wisc.cloudlab.us
block sda 5916512 680222 1973285820 26456208 3853568 20295078 1133500579 21584978 0 7349316 48369414
block sdb 674 0 7540 666 4 0 0 0 0 828 667
cpu 11 637935 0 171878 4333221 101027 0 17
cpu 10 676645 2 154911 4315055 100665 0 22
cpu 13 597064 0 139408 4407508 99996 0 16
cpu 12 601526 0 136254 4406795 100710 0 13
cpu 15 550686 2 132114 4460260 99985 0 11
cpu 14 577595 0 139596 4427926 98831 0 17
cpu 17 350511 0 112973 4767245 16145 0 9
cpu 16 420868 0 124590 4688901 14369 0 10
cpu 19 425808 0 123849 4683881 16306 0 10
cpu 18 473837 5 125871 4634814 15133 0 10
cpu 1 592727 0 205417 4375195 63254 0 2130
cpu 0 596925 45 163625 4378197 65731 0 1244
cpu 3 638426 0 219101 4324418 62096 0 622
cpu 2 627352 0 218294 4333423 64519 0 216
cpu 5 564020 0 174542 4444808 61692 0 488
cpu 4 560778 1 175610 4444827 62410 0 143
cpu 7 505982 0 171330 4505989 61175 0 573
cpu 6 545643 0 175216 4462672 61811 0 355
cpu 9 601087 0 164092 4394411 83491 0 398
cpu 8 651949 0 168022 4338517 83385 0 369
mem 1 99033092 84200668 14832424 1688860 12209040 128 0 13522376 11667036 374972 39460 0 0 189700 12288 0 0
mem 0 97636988 59801340 37835648 1146132 35438552 176 0 36011960 2325612 577144 13740 0 0 467092 8192 0 0
net vnet169 0 0 38476 0 0 0 0 0 0 0 0 0 224 0 46903 0 0 0 0 0 0 297 0
net vnet168 0 0 41178 0 0 0 0 0 0 0 0 0 247 0 51219 0 0 0 0 0 0 365 0
net eno1 0 268127 40596303560 0 0 713 0 0 0 0 0 0 32413161 0 1437558205 0 0 0 0 0 0 6200032 0
net lo 0 0 21490748 0 0 0 0 0 0 0 0 0 158935 0 21490748 0 0 0 0 0 0 158935 0
net virbr0 0 2116 9997313559 0 0 0 0 0 0 0 0 0 39930013 0 38536860784 0 0 0 0 0 0 23685609 0
net vnet165 0 0 43932 0 0 0 0 0 0 0 0 0 259 0 63881 0 0 0 0 0 0 509 0
net vnet167 0 0 178723 0 0 0 0 0 0 0 0 0 847 0 149651 0 0 0 0 0 0 914 0
net vnet166 0 0 43710 0 0 0 0 0 0 0 0 0 254 0 60823 0 0 0 0 0 0 459 0
numa 1 401518797 18781169 10118603 29535 401452109 18826680
numa 0 429880850 10118603 18781169 29710 429827706 10121162
ps - 728462503 4564097 392 469 530 9 892
sysv_shm - 0 0
tmpfs /run/lock 0 6
tmpfs /run 2285568 1138
tmpfs /run/user/20029 0 20
tmpfs /run/qemu 0 1
tmpfs /dev/shm 37622919168 105491
vfs - 135037 11024 186972
vm - 10 986646626 566750617 738014 1617408 859295750 901350370 195394381 8069301 1056645613 73026 0 0 0 0 0 1811072 0 311878 5997 0 1623853 318 0 3 0 0

1778497870.810062 0 node0.mimesys-workload.ldos-ut-pg0.wisc.cloudlab.us
block sda 5916512 680222 1973285820 26456208 3853619 20295079 1133501299 21584984 0 7349328 48369420
block sdb 674 0 7540 666 4 0 0 0 0 828 667
cpu 11 637972 0 171879 4333237 101027 0 17
cpu 10 676682 2 154913 4315072 100665 0 22
cpu 13 597111 0 139411 4407513 99996 0 16
cpu 12 601563 0 136257 4406810 100710 0 13
cpu 15 550722 2 132115 4460279 99985 0 11
cpu 14 577632 0 139598 4427944 98831 0 17
cpu 17 350558 0 112974 4767253 16145 0 9
cpu 16 420905 0 124592 4688916 14369 0 10
cpu 19 425810 0 123852 4683932 16306 0 10
cpu 18 473838 5 125872 4634865 15133 0 10
cpu 1 592728 0 205419 4375247 63254 0 2130
cpu 0 596927 45 163628 4378247 65731 0 1244
cpu 3 638427 0 219103 4324470 62096 0 622
cpu 2 627353 0 218297 4333475 64519 0 216
cpu 5 564022 0 174544 4444860 61692 0 488
cpu 4 560781 1 175612 4444877 62411 0 143
cpu 7 505984 0 171331 4506042 61175 0 573
cpu 6 545644 0 175219 4462723 61811 0 355
cpu 9 601089 0 164094 4394462 83491 0 398
cpu 8 651950 0 168024 4338569 83385 0 369
mem 1 99033092 84128360 14904732 1688836 12277724 180 0 13594416 11737288 372944 39124 0 0 189804 12288 0 0
mem 0 97636988 59798572 37838416 1146180 35438180 184 0 36011964 2323900 575944 14416 0 0 467172 8192 0 0
net vnet169 0 0 38476 0 0 0 0 0 0 0 0 0 224 0 46955 0 0 0 0 0 0 298 0
net vnet168 0 0 41178 0 0 0 0 0 0 0 0 0 247 0 51271 0 0 0 0 0 0 366 0
net eno1 0 268127 40596307817 0 0 713 0 0 0 0 0 0 32413225 0 1437558550 0 0 0 0 0 0 6200035 0
net lo 0 0 21491305 0 0 0 0 0 0 0 0 0 158939 0 21491305 0 0 0 0 0 0 158939 0
net virbr0 0 2116 9997315945 0 0 0 0 0 0 0 0 0 39930029 0 38536863248 0 0 0 0 0 0 23685621 0
net vnet165 0 0 43932 0 0 0 0 0 0 0 0 0 259 0 63933 0 0 0 0 0 0 510 0
net vnet167 0 0 181333 0 0 0 0 0 0 0 0 0 863 0 152167 0 0 0 0 0 0 927 0
net vnet166 0 0 43710 0 0 0 0 0 0 0 0 0 254 0 60875 0 0 0 0 0 0 460 0
numa 1 401543014 18781169 10118603 29535 401476326 18826680
numa 0 429889458 10118603 18781169 29710 429836314 10121162
ps - 728466758 4564233 392 469 530 7 874
sysv_shm - 0 0
tmpfs /run/lock 0 6
tmpfs /run 2285568 1138
tmpfs /run/user/20029 0 20
tmpfs /run/qemu 0 1
tmpfs /dev/shm 37622919168 105491
vfs - 135037 11024 186864
vm - 10 986646626 566750649 738014 1617408 859328596 901365087 195394390 8069301 1056686977 73026 0 0 0 0 0 1811072 0 311878 5997 0 1623853 318 0 3 0 0

1778497871.282518 0 node0.mimesys-workload.ldos-ut-pg0.wisc.cloudlab.us
block sda 5916512 680222 1973285820 26456208 3853881 20295083 1133723051 21588365 32 7349652 48372801
block sdb 674 0 7540 666 4 0 0 0 0 828 667
cpu 11 638008 0 171881 4333247 101027 0 17
cpu 10 676708 2 154916 4315090 100665 0 22
cpu 13 597144 0 139421 4407517 99996 0 16
cpu 12 601589 0 136258 4406829 100710 0 13
cpu 15 550743 2 132117 4460299 99985 0 11
cpu 14 577668 0 139599 4427955 98831 0 17
cpu 17 350590 0 112975 4767268 16145 0 9
cpu 16 420934 0 124596 4688931 14369 0 10
cpu 19 425813 0 123854 4683974 16306 0 10
cpu 18 473845 5 125875 4634879 15157 0 10
cpu 1 592729 0 205421 4375290 63254 0 2130
cpu 0 596928 45 163631 4378290 65731 0 1244
cpu 3 638428 0 219106 4324513 62096 0 622
cpu 2 627354 0 218298 4333518 64519 0 216
cpu 5 564023 0 174547 4444903 61692 0 488
cpu 4 560782 1 175616 4444921 62411 0 143
cpu 7 505984 0 171334 4506085 61175 0 573
cpu 6 545646 0 175225 4462762 61811 0 355
cpu 9 601090 0 164096 4394506 83491 0 398
cpu 8 651951 0 168028 4338613 83385 0 369
mem 1 99033092 84076700 14956392 1688836 12328520 184 0 13642040 11786244 374852 39220 0 0 189868 12288 0 0
mem 0 97636988 59796340 37840648 1146180 35438292 188 0 36011968 2325176 575608 14552 0 0 467404 8192 0 0
net vnet169 0 0 38476 0 0 0 0 0 0 0 0 0 224 0 46955 0 0 0 0 0 0 298 0
net vnet168 0 0 41178 0 0 0 0 0 0 0 0 0 247 0 51271 0 0 0 0 0 0 366 0
net eno1 0 268127 40596310311 0 0 713 0 0 0 0 0 0 32413265 0 1437558705 0 0 0 0 0 0 6200037 0
net lo 0 0 21491915 0 0 0 0 0 0 0 0 0 158943 0 21491915 0 0 0 0 0 0 158943 0
net virbr0 0 2116 9997316425 0 0 0 0 0 0 0 0 0 39930035 0 38536863674 0 0 0 0 0 0 23685626 0
net vnet165 0 0 43932 0 0 0 0 0 0 0 0 0 259 0 63933 0 0 0 0 0 0 510 0
net vnet167 0 0 181897 0 0 0 0 0 0 0 0 0 869 0 152593 0 0 0 0 0 0 932 0
net vnet166 0 0 43710 0 0 0 0 0 0 0 0 0 254 0 60875 0 0 0 0 0 0 460 0
numa 1 401560759 18781169 10118603 29535 401494071 18826680
numa 0 429900332 10118603 18781169 29710 429847188 10121162
ps - 728475494 4564411 392 469 530 6 907
sysv_shm - 0 0
tmpfs /run/lock 0 6
tmpfs /run 2285568 1138
tmpfs /run/user/20029 0 20
tmpfs /run/qemu 0 1
tmpfs /dev/shm 37622919168 105491
vfs - 135056 11184 187074
vm - 10 986646626 566886349 738014 1617408 859357220 901381592 195394396 8069301 1056724252 73026 0 0 0 0 0 1811072 0 311878 5997 0 1623853 318 0 3 0 0

1778497871.851755 0 node0.mimesys-workload.ldos-ut-pg0.wisc.cloudlab.us
block sda 5916512 680222 1973285820 26456208 3854275 20295115 1134122907 21598787 7 7350208 48383224
block sdb 674 0 7540 666 4 0 0 0 0 828 667
cpu 11 638050 0 171882 4333262 101027 0 17
cpu 10 676748 2 154918 4315105 100665 0 22
cpu 13 597168 0 139422 4407549 99996 0 16
cpu 12 601616 0 136260 4406856 100710 0 13
cpu 15 550767 2 132119 4460329 99985 0 11
cpu 14 577695 0 139600 4427983 98831 0 17
cpu 17 350612 0 112976 4767301 16145 0 9
cpu 16 420948 0 124596 4688974 14369 0 10
cpu 19 425815 0 123856 4684027 16306 0 10
cpu 18 473854 5 125878 4634879 15201 0 10
cpu 1 592732 0 205422 4375343 63254 0 2130
cpu 0 596930 45 163634 4378341 65731 0 1244
cpu 3 638430 0 219108 4324567 62096 0 622
cpu 2 627356 0 218300 4333571 64519 0 216
cpu 5 564024 0 174550 4444957 61692 0 488
cpu 4 560784 1 175619 4444972 62411 0 143
cpu 7 505986 0 171334 4506140 61175 0 573
cpu 6 545648 0 175227 4462815 61811 0 355
cpu 9 601093 0 164098 4394559 83491 0 398
cpu 8 651952 0 168029 4338667 83385 0 369
mem 1 99033092 84037140 14995952 1688832 12362060 204 0 13678816 11822124 372808 39468 0 0 190340 12288 0 0
mem 0 97636988 59792812 37844176 1146196 35437032 192 0 36011968 2324280 574804 14536 0 0 467396 8192 0 0
net vnet169 0 0 38476 0 0 0 0 0 0 0 0 0 224 0 46955 0 0 0 0 0 0 298 0
net vnet168 0 0 41178 0 0 0 0 0 0 0 0 0 247 0 51271 0 0 0 0 0 0 366 0
net eno1 0 268127 40596314482 0 0 713 0 0 0 0 0 0 32413325 0 1437559151 0 0 0 0 0 0 6200041 0
net lo 0 0 21493082 0 0 0 0 0 0 0 0 0 158951 0 21493082 0 0 0 0 0 0 158951 0
net virbr0 0 2116 9997316510 0 0 0 0 0 0 0 0 0 39930036 0 38536863790 0 0 0 0 0 0 23685627 0
net vnet165 0 0 43932 0 0 0 0 0 0 0 0 0 259 0 63933 0 0 0 0 0 0 510 0
net vnet167 0 0 181996 0 0 0 0 0 0 0 0 0 870 0 152709 0 0 0 0 0 0 933 0
net vnet166 0 0 43710 0 0 0 0 0 0 0 0 0 254 0 60875 0 0 0 0 0 0 460 0
numa 1 401576347 18781169 10118603 29535 401509659 18826680
numa 0 429909254 10118603 18781169 29710 429856110 10121162
ps - 728480627 4564570 392 469 530 6 928
sysv_shm - 0 0
tmpfs /run/lock 0 6
tmpfs /run 2285568 1138
tmpfs /run/user/20029 0 20
tmpfs /run/qemu 0 1
tmpfs /dev/shm 37622927360 105491
vfs - 135041 11224 186907
vm - 10 986646626 567068013 738014 1617408 859381736 901396953 195394405 8069301 1056757057 73026 0 0 0 0 0 1811072 0 311878 5997 0 1623853 318 0 3 0 0

1778497872.320192 0 node0.mimesys-workload.ldos-ut-pg0.wisc.cloudlab.us
block sda 5916512 680222 1973285820 26456208 3854517 20295133 1134438411 21609713 32 7350680 48394153
block sdb 674 0 7540 666 4 0 0 0 0 828 667
cpu 11 638087 0 171883 4333269 101027 0 17
cpu 10 676777 2 154920 4315120 100665 0 22
cpu 13 597204 0 139425 4407559 99996 0 16
cpu 12 601650 0 136262 4406868 100710 0 13
cpu 15 550804 2 132120 4460337 99985 0 11
cpu 14 577729 0 139602 4427993 98831 0 17
cpu 17 350652 0 112978 4767306 16145 0 9
cpu 16 420976 0 124598 4688991 14370 0 10
cpu 19 425822 0 123858 4684065 16306 0 10
cpu 18 473861 5 125882 4634879 15235 0 10
cpu 1 592734 0 205426 4375385 63254 0 2130
cpu 0 596930 45 163638 4378383 65731 0 1244
cpu 3 638431 0 219110 4324610 62096 0 622
cpu 2 627358 0 218304 4333613 64519 0 216
cpu 5 564026 0 174552 4444999 61692 0 488
cpu 4 560787 1 175621 4445013 62411 0 143
cpu 7 505988 0 171336 4506182 61175 0 573
cpu 6 545649 0 175229 4462858 61811 0 355
cpu 9 601095 0 164100 4394602 83491 0 398
cpu 8 651953 0 168033 4338708 83385 0 369
mem 1 99033092 83979408 15053684 1688828 12431496 232 0 13744788 11889524 374520 39512 0 0 190524 12288 0 0
mem 0 97636988 59791048 37845940 1146204 35439632 196 0 36011968 2324828 577876 14720 0 0 467388 8192 0 0
net vnet169 0 0 38476 0 0 0 0 0 0 0 0 0 224 0 46955 0 0 0 0 0 0 298 0
net vnet168 0 0 41178 0 0 0 0 0 0 0 0 0 247 0 51271 0 0 0 0 0 0 366 0
net eno1 0 268138 40596317396 0 0 713 0 0 0 0 0 0 32413372 0 1437559252 0 0 0 0 0 0 6200042 0
net lo 0 0 21493692 0 0 0 0 0 0 0 0 0 158955 0 21493692 0 0 0 0 0 0 158955 0
net virbr0 0 2116 9997319408 0 0 0 0 0 0 0 0 0 39930053 0 38536867480 0 0 0 0 0 0 23685639 0
net vnet165 0 0 43932 0 0 0 0 0 0 0 0 0 259 0 63933 0 0 0 0 0 0 510 0
net vnet167 0 0 185132 0 0 0 0 0 0 0 0 0 887 0 156399 0 0 0 0 0 0 945 0
net vnet166 0 0 43710 0 0 0 0 0 0 0 0 0 254 0 60875 0 0 0 0 0 0 460 0
numa 1 401598261 18781169 10118603 29535 401531573 18826680
numa 0 429921562 10118603 18781169 29710 429868418 10121162
ps - 728486725 4564722 432 477 532 9 933
sysv_shm - 0 0
tmpfs /run/lock 0 6
tmpfs /run 2285568 1138
tmpfs /run/user/20029 0 20
tmpfs /run/qemu 0 1
tmpfs /dev/shm 37622927360 105491
vfs - 135036 11144 186900
vm - 10 986646626 567246741 738014 1617408 859415932 901414215 195394413 8069301 1056800108 73026 0 0 0 0 0 1811072 0 311878 5997 0 1623853 318 0 3 0 0

1778497872.895094 0 node0.mimesys-workload.ldos-ut-pg0.wisc.cloudlab.us
block sda 5916513 680222 1973285948 26456228 3855966 20295136 1134684131 21623260 0 7351044 48407720
block sdb 674 0 7540 666 4 0 0 0 0 828 667
cpu 11 638129 0 171884 4333284 101027 0 17
cpu 10 676811 2 154921 4315143 100665 0 22
cpu 13 597248 0 139427 4407571 99996 0 16
cpu 12 601693 0 136264 4406881 100710 0 13
cpu 15 550844 2 132121 4460353 99985 0 11
cpu 14 577772 0 139604 4428005 98831 0 17
cpu 17 350687 0 112981 4767326 16145 0 9
cpu 16 421015 0 124603 4689003 14370 0 10
cpu 19 425823 0 123861 4684117 16306 0 10
cpu 18 473868 5 125889 4634899 15256 0 10
cpu 1 592734 0 205428 4375439 63254 0 2130
cpu 0 596933 45 163642 4378435 65731 0 1244
cpu 3 638432 0 219112 4324664 62096 0 622
cpu 2 627358 0 218306 4333666 64519 0 216
cpu 5 564027 0 174556 4445051 61692 0 488
cpu 4 560789 1 175623 4445067 62411 0 143
cpu 7 505990 0 171340 4506234 61175 0 573
cpu 6 545651 0 175233 4462909 61811 0 355
cpu 9 601098 0 164102 4394655 83491 0 398
cpu 8 651954 0 168036 4338761 83385 0 369
mem 1 99033092 83896128 15136964 1688848 12539328 256 0 13854888 11997752 372780 40072 0 0 190740 12288 0 0
mem 0 97636988 59787832 37849156 1146184 35437212 132 0 36011972 2323836 575424 14308 0 0 467584 8192 0 0
net vnet169 0 0 38476 0 0 0 0 0 0 0 0 0 224 0 47007 0 0 0 0 0 0 299 0
net vnet168 0 0 41178 0 0 0 0 0 0 0 0 0 247 0 51323 0 0 0 0 0 0 367 0
net eno1 0 268138 40596320693 0 0 713 0 0 0 0 0 0 32413419 0 1437559597 0 0 0 0 0 0 6200045 0
net lo 0 0 21494249 0 0 0 0 0 0 0 0 0 158959 0 21494249 0 0 0 0 0 0 158959 0
net virbr0 0 2116 9997321136 0 0 0 0 0 0 0 0 0 39930063 0 38536868478 0 0 0 0 0 0 23685648 0
net vnet165 0 0 43932 0 0 0 0 0 0 0 0 0 259 0 63985 0 0 0 0 0 0 511 0
net vnet167 0 0 187000 0 0 0 0 0 0 0 0 0 897 0 157449 0 0 0 0 0 0 955 0
net vnet166 0 0 43710 0 0 0 0 0 0 0 0 0 254 0 60927 0 0 0 0 0 0 461 0
numa 1 401631946 18781169 10118603 29535 401565258 18826680
numa 0 429932210 10118603 18781169 29710 429879066 10121162
ps - 728499732 4564864 432 477 532 6 932
sysv_shm - 0 0
tmpfs /run/lock 0 6
tmpfs /run 2285568 1138
tmpfs /run/user/20029 0 20
tmpfs /run/qemu 0 1
tmpfs /dev/shm 37622927360 105491
vfs - 135055 11184 187419
vm - 10 986646690 567342065 738014 1617408 859460298 901431341 195394420 8069301 1056851956 73026 0 0 0 0 0 1811072 0 311878 5997 0 1623853 318 0 3 0 0

1778497873.362327 0 node0.mimesys-workload.ldos-ut-pg0.wisc.cloudlab.us
block sda 5916513 680222 1973285948 26456228 3856046 20295136 1134684899 21623274 0 7351048 48407734
block sdb 674 0 7540 666 4 0 0 0 0 828 667
cpu 11 638152 0 171887 4333305 101027 0 17
cpu 10 676828 2 154922 4315172 100665 0 22
cpu 13 597294 0 139427 4407571 99996 0 16
cpu 12 601716 0 136266 4406902 100710 0 13
cpu 15 550863 2 132122 4460380 99985 0 11
cpu 14 577794 0 139606 4428028 98831 0 17
cpu 17 350712 0 112982 4767346 16145 0 9
cpu 16 421039 0 124606 4689023 14370 0 10
cpu 19 425825 0 123863 4684160 16306 0 10
cpu 18 473869 5 125891 4634942 15256 0 10
cpu 1 592735 0 205431 4375482 63254 0 2130
cpu 0 596938 45 163644 4378475 65731 0 1244
cpu 3 638432 0 219114 4324708 62096 0 622
cpu 2 627360 0 218308 4333709 64519 0 216
cpu 5 564027 0 174558 4445095 61692 0 488
cpu 4 560789 1 175625 4445111 62411 0 143
cpu 7 505992 0 171341 4506278 61175 0 573
cpu 6 545651 0 175235 4462953 61811 0 355
cpu 9 601100 0 164105 4394697 83491 0 398
cpu 8 651955 0 168038 4338805 83385 0 369
mem 1 99033092 83833384 15199708 1688848 12600504 268 0 13914704 12058456 374112 40144 0 0 190844 12288 0 0
mem 0 97636988 59787076 37849912 1146188 35438152 140 0 36011976 2324724 575896 14348 0 0 467584 8192 0 0
net vnet169 0 0 38476 0 0 0 0 0 0 0 0 0 224 0 47007 0 0 0 0 0 0 299 0
net vnet168 0 0 41178 0 0 0 0 0 0 0 0 0 247 0 51323 0 0 0 0 0 0 367 0
net eno1 0 268138 40596323487 0 0 713 0 0 0 0 0 0 32413464 0 1437559698 0 0 0 0 0 0 6200046 0
net lo 0 0 21494859 0 0 0 0 0 0 0 0 0 158963 0 21494859 0 0 0 0 0 0 158963 0
net virbr0 0 2116 9997321136 0 0 0 0 0 0 0 0 0 39930063 0 38536868478 0 0 0 0 0 0 23685648 0
net vnet165 0 0 43932 0 0 0 0 0 0 0 0 0 259 0 63985 0 0 0 0 0 0 511 0
net vnet167 0 0 187000 0 0 0 0 0 0 0 0 0 897 0 157449 0 0 0 0 0 0 955 0
net vnet166 0 0 43710 0 0 0 0 0 0 0 0 0 254 0 60927 0 0 0 0 0 0 461 0
numa 1 401653034 18781169 10118603 29535 401586346 18826680
numa 0 429940843 10118603 18781169 29710 429887699 10121162
ps - 728502855 4565002 432 477 532 4 933
sysv_shm - 0 0
tmpfs /run/lock 0 6
tmpfs /run 2285568 1138
tmpfs /run/user/20029 0 20
tmpfs /run/qemu 0 1
tmpfs /dev/shm 37622927360 105491
vfs - 135034 11184 187258
vm - 10 986646690 567342449 738014 1617408 859490012 901446223 195394425 8069301 1056890433 73026 0 0 0 0 0 1811072 0 311878 5997 0 1623853 318 0 3 0 0

1778497873.938156 0 node0.mimesys-workload.ldos-ut-pg0.wisc.cloudlab.us
block sda 5916513 680222 1973285948 26456228 3856054 20295157 1134685131 21623275 0 7351056 48407735
block sdb 674 0 7540 666 4 0 0 0 0 828 667
cpu 11 638173 0 171888 4333340 101027 0 17
cpu 10 676845 2 154924 4315208 100665 0 22
cpu 13 597323 0 139428 4407598 99996 0 16
cpu 12 601739 0 136266 4406937 100710 0 13
cpu 15 550903 2 132125 4460396 99985 0 11
cpu 14 577828 0 139609 4428049 98831 0 17
cpu 17 350738 0 112984 4767377 16145 0 9
cpu 16 421070 0 124607 4689048 14370 0 10
cpu 19 425831 0 123866 4684209 16306 0 10
cpu 18 473870 5 125892 4634995 15256 0 10
cpu 1 592738 0 205433 4375535 63254 0 2130
cpu 0 596939 45 163646 4378527 65731 0 1244
cpu 3 638435 0 219116 4324762 62096 0 622
cpu 2 627363 0 218310 4333761 64519 0 216
cpu 5 564029 0 174561 4445148 61692 0 488
cpu 4 560789 1 175627 4445165 62411 0 143
cpu 7 505995 0 171345 4506330 61175 0 573
cpu 6 545656 0 175237 4463004 61811 0 355
cpu 9 601102 0 164109 4394749 83491 0 398
cpu 8 651958 0 168040 4338857 83385 0 369
mem 1 99033092 83800624 15232468 1688860 12630108 92 0 13946052 12088948 373588 40328 0 0 190964 12288 0 0
mem 0 97636988 59782548 37854440 1146188 35437832 184 0 36011996 2323904 575556 14236 0 0 467392 8192 0 0
net vnet169 0 0 38476 0 0 0 0 0 0 0 0 0 224 0 47007 0 0 0 0 0 0 299 0
net vnet168 0 0 41178 0 0 0 0 0 0 0 0 0 247 0 51323 0 0 0 0 0 0 367 0
net eno1 0 268138 40596327118 0 0 713 0 0 0 0 0 0 32413515 0 1437560144 0 0 0 0 0 0 6200050 0
net lo 0 0 21496026 0 0 0 0 0 0 0 0 0 158971 0 21496026 0 0 0 0 0 0 158971 0
net virbr0 0 2116 9997323878 0 0 0 0 0 0 0 0 0 39930077 0 38536872168 0 0 0 0 0 0 23685660 0
net vnet165 0 0 43932 0 0 0 0 0 0 0 0 0 259 0 63985 0 0 0 0 0 0 511 0
net vnet167 0 0 189938 0 0 0 0 0 0 0 0 0 911 0 161139 0 0 0 0 0 0 967 0
net vnet166 0 0 43710 0 0 0 0 0 0 0 0 0 254 0 60927 0 0 0 0 0 0 461 0
numa 1 401666178 18781169 10118603 29535 401599490 18826680
numa 0 429952630 10118603 18781169 29710 429899486 10121162
ps - 728507531 4565151 432 477 532 5 926
sysv_shm - 0 0
tmpfs /run/lock 0 6
tmpfs /run 2285568 1138
tmpfs /run/user/20029 0 20
tmpfs /run/qemu 0 1
tmpfs /dev/shm 37622927360 105491
vfs - 135036 11224 187218
vm - 10 986646690 567342565 738014 1617408 859514910 901462955 195394428 8069301 1056925242 73026 0 0 0 0 0 1811072 0 311878 5997 0 1623853 318 0 3 0 0

1778497874.405294 0 node0.mimesys-workload.ldos-ut-pg0.wisc.cloudlab.us
block sda 5916513 680222 1973285948 26456228 3856054 20295157 1134685131 21623275 0 7351056 48407735
block sdb 674 0 7540 666 4 0 0 0 0 828 667
cpu 11 638201 0 171893 4333354 101027 0 17
cpu 10 676866 2 154925 4315232 100665 0 22
cpu 13 597339 0 139431 4407625 99996 0 16
cpu 12 601758 0 136270 4406961 100710 0 13
cpu 15 550932 2 132128 4460411 99985 0 11
cpu 14 577843 0 139610 4428079 98831 0 17
cpu 17 350779 0 112986 4767380 16145 0 9
cpu 16 421092 0 124610 4689071 14370 0 10
cpu 19 425833 0 123869 4684251 16306 0 10
cpu 18 473872 5 125894 4635039 15256 0 10
cpu 1 592738 0 205436 4375578 63254 0 2130
cpu 0 596943 45 163650 4378567 65731 0 1244
cpu 3 638435 0 219119 4324805 62096 0 622
cpu 2 627363 0 218312 4333805 64519 0 216
cpu 5 564030 0 174563 4445191 61692 0 488
cpu 4 560790 1 175629 4445209 62411 0 143
cpu 7 505996 0 171347 4506373 61175 0 573
cpu 6 545658 0 175242 4463044 61811 0 355
cpu 9 601104 0 164111 4394792 83491 0 398
cpu 8 651958 0 168043 4338901 83385 0 369
mem 1 99033092 83770640 15262452 1688860 12658660 108 0 13972452 12117036 374448 40464 0 0 191004 12288 0 0
mem 0 97636988 59783304 37853684 1146180 35437808 188 0 36011996 2324448 575960 14228 0 0 467416 8192 0 0
net vnet169 0 0 38476 0 0 0 0 0 0 0 0 0 224 0 47007 0 0 0 0 0 0 299 0
net vnet168 0 0 41178 0 0 0 0 0 0 0 0 0 247 0 51323 0 0 0 0 0 0 367 0
net eno1 0 268149 40596330092 0 0 713 0 0 0 0 0 0 32413563 0 1437560245 0 0 0 0 0 0 6200051 0
net lo 0 0 21496636 0 0 0 0 0 0 0 0 0 158975 0 21496636 0 0 0 0 0 0 158975 0
net virbr0 0 2116 9997325606 0 0 0 0 0 0 0 0 0 39930087 0 38536873166 0 0 0 0 0 0 23685669 0
net vnet165 0 0 43932 0 0 0 0 0 0 0 0 0 259 0 63985 0 0 0 0 0 0 511 0
net vnet167 0 0 191806 0 0 0 0 0 0 0 0 0 921 0 162137 0 0 0 0 0 0 976 0
net vnet166 0 0 43710 0 0 0 0 0 0 0 0 0 254 0 60927 0 0 0 0 0 0 461 0
numa 1 401680879 18781169 10118603 29535 401614191 18826680
numa 0 429961389 10118603 18781169 29710 429908245 10121162
ps - 728513098 4565288 432 477 532 8 926
sysv_shm - 0 0
tmpfs /run/lock 0 6
tmpfs /run 2285568 1138
tmpfs /run/user/20029 0 20
tmpfs /run/qemu 0 1
tmpfs /dev/shm 37622927360 105491
vfs - 135055 11224 187384
vm - 10 986646690 567342565 738014 1617408 859538563 901478267 195394437 8069301 1056957514 73026 0 0 0 0 0 1811072 0 311878 5997 0 1623853 318 0 3 0 0

1778497874.980359 0 node0.mimesys-workload.ldos-ut-pg0.wisc.cloudlab.us
block sda 5916523 680222 1973286796 26456232 3856055 20295157 1134685251 21623275 0 7351080 48407740
block sdb 674 0 7540 666 4 0 0 0 0 828 667
cpu 11 638214 0 171894 4333397 101027 0 17
cpu 10 676876 2 154927 4315276 100665 0 22
cpu 13 597360 0 139433 4407658 99996 0 16
cpu 12 601798 0 136273 4406974 100710 0 13
cpu 15 550950 2 132132 4460443 99985 0 11
cpu 14 577870 0 139611 4428108 98831 0 17
cpu 17 350798 0 112988 4767417 16145 0 9
cpu 16 421145 0 124611 4689073 14370 0 10
cpu 19 425835 0 123871 4684304 16306 0 10
cpu 18 473873 5 125896 4635092 15256 0 10
cpu 1 592740 0 205438 4375632 63254 0 2130
cpu 0 596946 45 163652 4378619 65731 0 1244
cpu 3 638435 0 219122 4324859 62096 0 622
cpu 2 627364 0 218314 4333859 64519 0 216
cpu 5 564031 0 174565 4445246 61692 0 488
cpu 4 560791 1 175632 4445264 62411 0 143
cpu 7 505998 0 171351 4506425 61175 0 573
cpu 6 545658 0 175244 4463098 61811 0 355
cpu 9 601108 0 164112 4394845 83491 0 398
cpu 8 651959 0 168046 4338955 83385 0 369
mem 1 99033092 83700876 15332216 1688848 12724936 128 0 14040404 12183272 373308 40428 0 0 191340 12288 0 0
mem 0 97636988 59782300 37854688 1146204 35436672 208 0 36012004 2323904 574420 14360 0 0 467248 8192 0 0
net vnet169 0 0 38476 0 0 0 0 0 0 0 0 0 224 0 47059 0 0 0 0 0 0 300 0
net vnet168 0 0 41178 0 0 0 0 0 0 0 0 0 247 0 51375 0 0 0 0 0 0 368 0
net eno1 0 268149 40596333209 0 0 713 0 0 0 0 0 0 32413607 0 1437560590 0 0 0 0 0 0 6200054 0
net lo 0 0 21497193 0 0 0 0 0 0 0 0 0 158979 0 21497193 0 0 0 0 0 0 158979 0
net virbr0 0 2116 9997325606 0 0 0 0 0 0 0 0 0 39930087 0 38536873166 0 0 0 0 0 0 23685669 0
net vnet165 0 0 43932 0 0 0 0 0 0 0 0 0 259 0 64037 0 0 0 0 0 0 512 0
net vnet167 0 0 191806 0 0 0 0 0 0 0 0 0 921 0 162189 0 0 0 0 0 0 977 0
net vnet166 0 0 43710 0 0 0 0 0 0 0 0 0 254 0 60979 0 0 0 0 0 0 462 0
numa 1 401702648 18781169 10118603 29535 401635960 18826680
numa 0 429970036 10118603 18781169 29710 429916892 10121162
ps - 728517515 4565431 432 477 532 3 926
sysv_shm - 0 0
tmpfs /run/lock 0 6
tmpfs /run 2285568 1138
tmpfs /run/user/20029 0 20
tmpfs /run/qemu 0 1
tmpfs /dev/shm 37622927360 105491
vfs - 135034 11264 187216
vm - 10 986647114 567342625 738014 1617408 859568784 901493617 195394446 8069301 1056996806 73026 0 0 0 0 0 1811072 0 311878 5997 0 1623853 318 0 3 0 0

1778497875.446280 0 node0.mimesys-workload.ldos-ut-pg0.wisc.cloudlab.us
block sda 5916526 680222 1973286900 26456233 3856065 20295157 1134685331 21623276 0 7351088 48407742
block sdb 674 0 7540 666 4 0 0 0 0 828 667
cpu 11 638230 0 171896 4333425 101027 0 17
cpu 10 676903 2 154930 4315292 100665 0 22
cpu 13 597390 0 139435 4407674 99996 0 16
cpu 12 601824 0 136275 4406992 100710 0 13
cpu 15 550966 2 132135 4460471 99985 0 11
cpu 14 577882 0 139614 4428140 98831 0 17
cpu 17 350818 0 112988 4767442 16145 0 9
cpu 16 421164 0 124614 4689099 14370 0 10
cpu 19 425837 0 123874 4684346 16306 0 10
cpu 18 473873 5 125898 4635135 15256 0 10
cpu 1 592741 0 205440 4375674 63254 0 2130
cpu 0 596949 45 163654 4378659 65731 0 1244
cpu 3 638437 0 219124 4324902 62096 0 622
cpu 2 627366 0 218314 4333902 64519 0 216
cpu 5 564032 0 174570 4445287 61692 0 488
cpu 4 560793 1 175633 4445307 62411 0 143
cpu 7 506002 0 171355 4506463 61175 0 573
cpu 6 545660 0 175246 4463140 61811 0 355
cpu 9 601109 0 164114 4394888 83491 0 398
cpu 8 651959 0 168049 4338998 83385 0 369
mem 1 99033092 83668628 15364464 1688888 12755300 148 0 14069544 12213576 375436 40952 0 0 191356 12288 0 0
mem 0 97636988 59780536 37856452 1146200 35439228 208 0 36012004 2324728 576520 14228 0 0 467184 8192 0 0
net vnet169 0 0 38476 0 0 0 0 0 0 0 0 0 224 0 47059 0 0 0 0 0 0 300 0
net vnet168 0 0 41178 0 0 0 0 0 0 0 0 0 247 0 51375 0 0 0 0 0 0 368 0
net eno1 0 268149 40596335617 0 0 713 0 0 0 0 0 0 32413644 0 1437560792 0 0 0 0 0 0 6200056 0
net lo 0 0 21498413 0 0 0 0 0 0 0 0 0 158987 0 21498413 0 0 0 0 0 0 158987 0
net virbr0 0 2116 9997328296 0 0 0 0 0 0 0 0 0 39930100 0 38536876856 0 0 0 0 0 0 23685681 0
net vnet165 0 0 43932 0 0 0 0 0 0 0 0 0 259 0 64037 0 0 0 0 0 0 512 0
net vnet167 0 0 194678 0 0 0 0 0 0 0 0 0 934 0 165879 0 0 0 0 0 0 989 0
net vnet166 0 0 43710 0 0 0 0 0 0 0 0 0 254 0 60979 0 0 0 0 0 0 462 0
numa 1 401715711 18781169 10118603 29535 401649023 18826680
numa 0 429981220 10118603 18781169 29710 429928076 10121162
ps - 728522704 4565573 432 477 532 9 923
sysv_shm - 0 0
tmpfs /run/lock 0 6
tmpfs /run 2285568 1138
tmpfs /run/user/20029 0 20
tmpfs /run/qemu 0 1
tmpfs /dev/shm 37622927360 105491
vfs - 135036 11304 187200
vm - 10 986647166 567342665 738014 1617408 859593121 901509624 195394451 8069301 1057030673 73026 0 0 0 0 0 1811072 0 311878 5997 0 1623853 318 0 3 0 0

1778497876.024417 0 node0.mimesys-workload.ldos-ut-pg0.wisc.cloudlab.us
block sda 5916526 680222 1973286900 26456233 3856115 20295157 1134771699 21623727 7 7351232 48408194
block sdb 674 0 7540 666 4 0 0 0 0 828 667
cpu 11 638268 0 171902 4333440 101027 0 17
cpu 10 676936 2 154939 4315303 100667 0 22
cpu 13 597424 0 139441 4407689 99997 0 16
cpu 12 601857 0 136289 4407004 100710 0 13
cpu 15 551002 2 132145 4460483 99985 0 11
cpu 14 577915 0 139626 4428147 98836 0 17
cpu 17 350849 0 112992 4767459 16151 0 9
cpu 16 421198 0 124620 4689113 14374 0 10
cpu 19 425840 0 123876 4684399 16306 0 10
cpu 18 473876 5 125900 4635188 15256 0 10
cpu 1 592751 0 205443 4375720 63254 0 2130
cpu 0 596961 45 163658 4378701 65731 0 1244
cpu 3 638440 0 219126 4324955 62096 0 622
cpu 2 627368 0 218316 4333956 64519 0 216
cpu 5 564033 0 174573 4445341 61692 0 488
cpu 4 560796 1 175635 4445360 62411 0 143
cpu 7 506003 0 171358 4506516 61175 0 573
cpu 6 545663 0 175250 4463192 61811 0 355
cpu 9 601110 0 164116 4394942 83491 0 398
cpu 8 651962 0 168051 4339052 83385 0 369
mem 1 99033092 83390192 15642900 1693336 13023468 184 0 14343576 12486272 373052 40700 0 0 191444 12288 0 0
mem 0 97636988 59777772 37859216 1146200 35437072 220 0 36012008 2324268 574792 14488 0 0 467396 8192 0 0
net vnet169 0 0 38476 0 0 0 0 0 0 0 0 0 224 0 47059 0 0 0 0 0 0 300 0
net vnet168 0 0 41178 0 0 0 0 0 0 0 0 0 247 0 51375 0 0 0 0 0 0 368 0
net eno1 0 268149 40596339454 0 0 713 0 0 0 0 0 0 32413700 0 1437561137 0 0 0 0 0 0 6200059 0
net lo 0 0 21498970 0 0 0 0 0 0 0 0 0 158991 0 21498970 0 0 0 0 0 0 158991 0
net virbr0 0 2116 9997330076 0 0 0 0 0 0 0 0 0 39930111 0 38536877854 0 0 0 0 0 0 23685690 0
net vnet165 0 0 43932 0 0 0 0 0 0 0 0 0 259 0 64037 0 0 0 0 0 0 512 0
net vnet167 0 0 196612 0 0 0 0 0 0 0 0 0 945 0 166877 0 0 0 0 0 0 998 0
net vnet166 0 0 43710 0 0 0 0 0 0 0 0 0 254 0 60979 0 0 0 0 0 0 462 0
numa 1 401788175 18781169 10118603 29535 401721487 18826680
numa 0 429992917 10118603 18781169 29710 429939773 10121162
ps - 728528782 4565717 432 477 532 2 923
sysv_shm - 0 0
tmpfs /run/lock 0 6
tmpfs /run 2285568 1138
tmpfs /run/user/20029 0 20
tmpfs /run/qemu 0 1
tmpfs /dev/shm 37622935552 105491
vfs - 135056 11304 187374
vm - 10 986647170 567391993 738014 1617408 859677187 901525683 195395695 8069301 1057141608 73026 0 0 0 0 0 1811072 0 311878 5997 0 1623853 318 0 3 0 0

1778497876.488227 0 node0.mimesys-workload.ldos-ut-pg0.wisc.cloudlab.us
block sda 5916529 680222 1973287044 26456383 3856211 20295157 1134992179 21626312 0 7351548 48410928
block sdb 674 0 7540 666 4 0 0 0 0 828 667
cpu 11 638287 0 171909 4333458 101030 0 17
cpu 10 676942 2 154943 4315336 100671 0 22
cpu 13 597427 0 139444 4407721 100006 0 16
cpu 12 601864 0 136292 4407035 100716 0 13
cpu 15 551007 2 132147 4460515 99993 0 11
cpu 14 577921 0 139628 4428169 98852 0 17
cpu 17 350867 0 113004 4767470 16155 0 9
cpu 16 421199 0 124623 4689137 14391 0 10
cpu 19 425842 0 123878 4684441 16306 0 10
cpu 18 473878 5 125902 4635230 15256 0 10
cpu 1 592752 0 205445 4375763 63254 0 2130
cpu 0 596964 45 163660 4378742 65731 0 1244
cpu 3 638441 0 219128 4324999 62096 0 622
cpu 2 627369 0 218319 4333999 64519 0 216
cpu 5 564033 0 174575 4445384 61692 0 488
cpu 4 560799 1 175637 4445403 62411 0 143
cpu 7 506005 0 171360 4506558 61175 0 573
cpu 6 545664 0 175251 4463236 61811 0 355
cpu 9 601112 0 164118 4394985 83491 0 398
cpu 8 651962 0 168054 4339095 83385 0 369
mem 1 99033092 83235256 15797836 1693884 13175308 204 0 14495584 12639032 374428 42368 0 0 192244 12288 0 0
mem 0 97636988 59777016 37859972 1146176 35437552 224 0 36012008 2324448 575232 13696 0 0 467364 8192 0 0
net vnet169 0 0 38476 0 0 0 0 0 0 0 0 0 224 0 47059 0 0 0 0 0 0 300 0
net vnet168 0 0 41178 0 0 0 0 0 0 0 0 0 247 0 51427 0 0 0 0 0 0 369 0
net eno1 0 268161 40596342308 0 0 713 0 0 0 0 0 0 32413746 0 1437561238 0 0 0 0 0 0 6200060 0
net lo 0 0 21499580 0 0 0 0 0 0 0 0 0 158995 0 21499580 0 0 0 0 0 0 158995 0
net virbr0 0 2116 9997330076 0 0 0 0 0 0 0 0 0 39930111 0 38536877854 0 0 0 0 0 0 23685690 0
net vnet165 0 0 43932 0 0 0 0 0 0 0 0 0 259 0 64089 0 0 0 0 0 0 513 0
net vnet167 0 0 196612 0 0 0 0 0 0 0 0 0 945 0 166929 0 0 0 0 0 0 999 0
net vnet166 0 0 43710 0 0 0 0 0 0 0 0 0 254 0 61031 0 0 0 0 0 0 463 0
numa 1 401832757 18781169 10118603 29535 401766069 18826680
numa 0 430001789 10118603 18781169 29710 429948645 10121162
ps - 728532264 4565853 432 477 532 7 923
sysv_shm - 0 0
tmpfs /run/lock 0 6
tmpfs /run 2285568 1138
tmpfs /run/user/20029 0 20
tmpfs /run/qemu 0 1
tmpfs /dev/shm 37622935552 105491
vfs - 135036 11304 187214
vm - 10 986647238 567496089 738014 1617408 859730643 901540458 195395714 8069301 1057203448 73026 0 0 0 0 0 1811072 0 311878 5997 0 1623853 318 0 3 0 0

1778497877.068185 0 node0.mimesys-workload.ldos-ut-pg0.wisc.cloudlab.us
block sda 5916531 680222 1973287116 26456383 3856225 20295157 1134992531 21626316 0 7351568 48410933
block sdb 674 0 7540 666 4 0 0 0 0 828 667
cpu 11 638313 0 171912 4333484 101030 0 17
cpu 10 676978 2 154946 4315358 100671 0 22
cpu 13 597460 0 139446 4407745 100006 0 16
cpu 12 601901 0 136294 4407054 100716 0 13
cpu 15 551038 2 132148 4460539 99993 0 11
cpu 14 577966 0 139630 4428180 98852 0 17
cpu 17 350900 0 113005 4767494 16155 0 9
cpu 16 421229 0 124624 4689164 14391 0 10
cpu 19 425844 0 123881 4684495 16306 0 10
cpu 18 473880 5 125903 4635284 15256 0 10
cpu 1 592753 0 205447 4375817 63254 0 2130
cpu 0 596966 45 163662 4378795 65731 0 1244
cpu 3 638443 0 219130 4325052 62096 0 622
cpu 2 627370 0 218324 4334051 64519 0 216
cpu 5 564034 0 174579 4445437 61692 0 488
cpu 4 560800 1 175639 4445456 62411 0 143
cpu 7 506008 0 171365 4506607 61175 0 573
cpu 6 545667 0 175253 4463290 61811 0 355
cpu 9 601113 0 164120 4395040 83491 0 398
cpu 8 651964 0 168057 4339149 83385 0 369
mem 1 99033092 83205960 15827132 1693892 13216464 220 0 14537092 12679948 373492 41964 0 0 192380 12288 0 0
mem 0 97636988 59776268 37860720 1146200 35438448 208 0 36012016 2323908 576120 14352 0 0 467264 8192 0 0
net vnet169 0 0 38476 0 0 0 0 0 0 0 0 0 224 0 47111 0 0 0 0 0 0 301 0
net vnet168 0 0 41178 0 0 0 0 0 0 0 0 0 247 0 51427 0 0 0 0 0 0 369 0
net eno1 0 268161 40596345999 0 0 713 0 0 0 0 0 0 32413798 0 1437561684 0 0 0 0 0 0 6200064 0
net lo 0 0 21500747 0 0 0 0 0 0 0 0 0 159003 0 21500747 0 0 0 0 0 0 159003 0
net virbr0 0 2116 9997330188 0 0 0 0 0 0 0 0 0 39930113 0 38536878168 0 0 0 0 0 0 23685693 0
net vnet165 0 0 43932 0 0 0 0 0 0 0 0 0 259 0 64089 0 0 0 0 0 0 513 0
net vnet167 0 0 196752 0 0 0 0 0 0 0 0 0 947 0 167177 0 0 0 0 0 0 1002 0
net vnet166 0 0 43710 0 0 0 0 0 0 0 0 0 254 0 61031 0 0 0 0 0 0 463 0
numa 1 401849852 18781169 10118603 29535 401783163 18826681
numa 0 430012185 10118603 18781169 29710 429959041 10121162
ps - 728537597 4566002 454 480 533 9 923
sysv_shm - 0 0
tmpfs /run/lock 0 6
tmpfs /run 2285568 1138
tmpfs /run/user/20029 0 20
tmpfs /run/qemu 0 1
tmpfs /dev/shm 37622935552 105491
vfs - 135036 11264 187241
vm - 10 986647274 567496265 738014 1617408 859758177 901557229 195395723 8069301 1057240752 73026 0 0 0 0 0 1811072 0 311878 5997 0 1623853 318 0 3 0 0

1778497877.530116 0 node0.mimesys-workload.ldos-ut-pg0.wisc.cloudlab.us
block sda 5916531 680222 1973287116 26456383 3856689 20295158 1134998467 21626581 0 7351600 48411199
block sdb 674 0 7540 666 4 0 0 0 0 828 667
cpu 11 638349 0 171915 4333492 101030 0 17
cpu 10 677019 2 154948 4315361 100671 0 22
cpu 13 597486 0 139449 4407761 100006 0 16
cpu 12 601918 0 136294 4407081 100716 0 13
cpu 15 551078 2 132152 4460542 99993 0 11
cpu 14 577992 0 139633 4428198 98852 0 17
cpu 17 350944 0 113008 4767494 16155 0 9
cpu 16 421249 0 124627 4689186 14392 0 10
cpu 19 425848 0 123883 4684534 16306 0 10
cpu 18 473880 5 125906 4635326 15256 0 10
cpu 1 592755 0 205448 4375860 63254 0 2130
cpu 0 596968 45 163665 4378837 65731 0 1244
cpu 3 638444 0 219132 4325095 62096 0 622
cpu 2 627371 0 218326 4334094 64519 0 216
cpu 5 564036 0 174580 4445480 61692 0 488
cpu 4 560804 1 175642 4445496 62411 0 143
cpu 7 506010 0 171369 4506648 61175 0 573
cpu 6 545667 0 175256 4463333 61811 0 355
cpu 9 601115 0 164121 4395083 83491 0 398
cpu 8 651966 0 168059 4339191 83385 0 369
mem 1 99033092 83111220 15921872 1693884 13309516 256 0 14629732 12772736 373976 42268 0 0 192556 12288 0 0
mem 0 97636988 59773504 37863484 1146212 35438096 220 0 36012016 2324592 575740 14108 0 0 467480 8192 0 0
net vnet169 0 0 38476 0 0 0 0 0 0 0 0 0 224 0 47111 0 0 0 0 0 0 301 0
net vnet168 0 0 41178 0 0 0 0 0 0 0 0 0 247 0 51427 0 0 0 0 0 0 369 0
net eno1 0 268161 40596348253 0 0 713 0 0 0 0 0 0 32413834 0 1437561785 0 0 0 0 0 0 6200065 0
net lo 0 0 21501357 0 0 0 0 0 0 0 0 0 159007 0 21501357 0 0 0 0 0 0 159007 0
net virbr0 0 2116 9997332974 0 0 0 0 0 0 0 0 0 39930128 0 38536881544 0 0 0 0 0 0 23685702 0
net vnet165 0 0 43932 0 0 0 0 0 0 0 0 0 259 0 64089 0 0 0 0 0 0 513 0
net vnet167 0 0 199748 0 0 0 0 0 0 0 0 0 962 0 170619 0 0 0 0 0 0 1011 0
net vnet166 0 0 43710 0 0 0 0 0 0 0 0 0 254 0 61031 0 0 0 0 0 0 463 0
numa 1 401877902 18781169 10118603 29535 401811213 18826681
numa 0 430022446 10118603 18781169 29710 429969302 10121162
ps - 728542951 4566187 454 480 533 8 972
sysv_shm - 0 0
tmpfs /run/lock 0 6
tmpfs /run 2285568 1138
tmpfs /run/user/20029 0 20
tmpfs /run/qemu 0 1
tmpfs /dev/shm 37622935552 105491
vfs - 135057 11304 187368
vm - 10 986647274 567499233 738014 1617408 859796454 901572176 195395727 8069301 1057287185 73026 0 0 0 0 0 1811072 0 311878 5997 0 1623853 318 0 3 0 0

1778497878.110237 0 node0.mimesys-workload.ldos-ut-pg0.wisc.cloudlab.us
block sda 5916531 680222 1973287116 26456383 3856689 20295158 1134998467 21626581 0 7351600 48411199
block sdb 674 0 7540 666 4 0 0 0 0 828 667
cpu 11 638388 0 171916 4333509 101030 0 17
cpu 10 677061 2 154950 4315375 100671 0 22
cpu 13 597519 0 139452 4407782 100006 0 16
cpu 12 601963 0 136300 4407089 100716 0 13
cpu 15 551127 2 132156 4460547 99993 0 11
cpu 14 578029 0 139638 4428213 98852 0 17
cpu 17 350976 0 113011 4767516 16155 0 9
cpu 16 421292 0 124630 4689198 14392 0 10
cpu 19 425851 0 123885 4684587 16306 0 10
cpu 18 473881 5 125908 4635380 15256 0 10
cpu 1 592756 0 205450 4375914 63254 0 2131
cpu 0 596969 45 163668 4378890 65731 0 1244
cpu 3 638446 0 219135 4325147 62096 0 622
cpu 2 627371 0 218329 4334148 64519 0 216
cpu 5 564039 0 174582 4445534 61692 0 488
cpu 4 560805 1 175645 4445551 62411 0 143
cpu 7 506012 0 171371 4506702 61175 0 573
cpu 6 545668 0 175258 4463387 61811 0 355
cpu 9 601117 0 164122 4395138 83491 0 398
cpu 8 651968 0 168060 4339246 83385 0 369
mem 1 99033092 82943916 16089176 1693864 13475532 264 0 14796744 12939600 372968 42408 0 0 193228 12288 0 0
mem 0 97636988 59770536 37866452 1146232 35437392 152 0 36012020 2323908 575108 14416 0 0 467744 8192 0 0
net vnet169 0 0 38476 0 0 0 0 0 0 0 0 0 224 0 47111 0 0 0 0 0 0 301 0
net vnet168 0 0 41178 0 0 0 0 0 0 0 0 0 247 0 51427 0 0 0 0 0 0 369 0
net eno1 0 268173 40596352030 0 0 713 0 0 0 0 0 0 32413889 0 1437562130 0 0 0 0 0 0 6200068 0
net lo 0 0 21501914 0 0 0 0 0 0 0 0 0 159011 0 21501914 0 0 0 0 0 0 159011 0
net virbr0 0 2116 9997334754 0 0 0 0 0 0 0 0 0 39930139 0 38536882542 0 0 0 0 0 0 23685711 0
net vnet165 0 0 43932 0 0 0 0 0 0 0 0 0 259 0 64089 0 0 0 0 0 0 513 0
net vnet167 0 0 201682 0 0 0 0 0 0 0 0 0 973 0 171617 0 0 0 0 0 0 1020 0
net vnet166 0 0 43710 0 0 0 0 0 0 0 0 0 254 0 61031 0 0 0 0 0 0 463 0
numa 1 401924603 18781169 10118603 29535 401857914 18826681
numa 0 430033149 10118603 18781169 29710 429980005 10121162
ps - 728545839 4566331 454 480 533 5 972
sysv_shm - 0 0
tmpfs /run/lock 0 6
tmpfs /run 2285568 1138
tmpfs /run/user/20029 0 20
tmpfs /run/qemu 0 1
tmpfs /dev/shm 37622935552 105491
vfs - 135034 11344 187198
vm - 10 986647274 567499233 738014 1617408 859853851 901588051 195395738 8069301 1057353446 73026 0 0 0 0 0 1811072 0 311878 5997 0 1623853 318 0 3 0 0

1778497878.571926 0 node0.mimesys-workload.ldos-ut-pg0.wisc.cloudlab.us
block sda 5916531 680222 1973287116 26456383 3856785 20295176 1134999499 21626597 0 7351608 48411214
block sdb 674 0 7540 666 4 0 0 0 0 828 667
cpu 11 638434 0 171916 4333509 101030 0 17
cpu 10 677096 2 154952 4315387 100671 0 22
cpu 13 597549 0 139453 4407798 100006 0 16
cpu 12 602006 0 136302 4407091 100716 0 13
cpu 15 551162 2 132158 4460557 99993 0 11
cpu 14 578065 0 139640 4428222 98852 0 17
cpu 17 351014 0 113012 4767523 16155 0 9
cpu 16 421335 0 124630 4689201 14392 0 10
cpu 19 425853 0 123886 4684629 16306 0 10
cpu 18 473883 5 125910 4635422 15256 0 10
cpu 1 592758 0 205452 4375956 63254 0 2131
cpu 0 596971 45 163671 4378931 65731 0 1244
cpu 3 638447 0 219138 4325189 62096 0 622
cpu 2 627373 0 218332 4334191 64519 0 216
cpu 5 564043 0 174584 4445575 61692 0 488
cpu 4 560806 1 175648 4445593 62411 0 143
cpu 7 506015 0 171375 4506742 61175 0 573
cpu 6 545669 0 175261 4463429 61811 0 355
cpu 9 601119 0 164124 4395180 83491 0 398
cpu 8 651972 0 168062 4339285 83385 0 369
mem 1 99033092 82923000 16110092 1693848 13494572 8 0 14816044 12958900 372676 42164 0 0 193148 12288 0 0
mem 0 97636988 59769024 37867964 1146232 35438004 76 0 36012036 2323920 575784 14736 0 0 467652 8192 0 0
net vnet169 0 0 38476 0 0 0 0 0 0 0 0 0 224 0 47163 0 0 0 0 0 0 302 0
net vnet168 0 0 41178 0 0 0 0 0 0 0 0 0 247 0 51479 0 0 0 0 0 0 370 0
net eno1 0 268173 40596354644 0 0 713 0 0 0 0 0 0 32413931 0 1437562231 0 0 0 0 0 0 6200069 0
net lo 0 0 21502524 0 0 0 0 0 0 0 0 0 159015 0 21502524 0 0 0 0 0 0 159015 0
net virbr0 0 2116 9997334754 0 0 0 0 0 0 0 0 0 39930139 0 38536882542 0 0 0 0 0 0 23685711 0
net vnet165 0 0 43932 0 0 0 0 0 0 0 0 0 259 0 64141 0 0 0 0 0 0 514 0
net vnet167 0 0 201682 0 0 0 0 0 0 0 0 0 973 0 171669 0 0 0 0 0 0 1021 0
net vnet166 0 0 43710 0 0 0 0 0 0 0 0 0 254 0 61083 0 0 0 0 0 0 464 0
numa 1 401933443 18781169 10118603 29535 401866754 18826681
numa 0 430047171 10118603 18781169 29710 429994027 10121162
ps - 728549502 4566508 454 480 533 28 968
sysv_shm - 0 0
tmpfs /run/lock 0 6
tmpfs /run 2285568 1138
tmpfs /run/user/20029 0 20
tmpfs /run/qemu 0 1
tmpfs /dev/shm 37622935552 105491
vfs - 135051 11304 187215
vm - 10 986647274 567499749 738014 1617408 859876973 901606453 195395747 8069301 1057387275 73026 0 0 0 0 0 1811072 0 311878 5997 0 1623853 318 0 3 0 0

1778497879.151843 0 node0.mimesys-workload.ldos-ut-pg0.wisc.cloudlab.us
block sda 5916531 680222 1973287116 26456383 3856785 20295176 1134999499 21626597 0 7351608 48411214
block sdb 674 0 7540 666 4 0 0 0 0 828 667
cpu 11 638483 0 171918 4333517 101030 0 17
cpu 10 677144 2 154957 4315392 100671 0 22
cpu 13 597594 0 139460 4407803 100006 0 16
cpu 12 602057 0 136305 4407094 100716 0 13
cpu 15 551209 2 132158 4460566 99993 0 11
cpu 14 578116 0 139640 4428228 98852 0 17
cpu 17 351065 0 113017 4767526 16155 0 9
cpu 16 421382 0 124630 4689214 14392 0 10
cpu 19 425859 0 123889 4684679 16306 0 10
cpu 18 473884 5 125913 4635475 15256 0 10
cpu 1 592762 0 205456 4376006 63254 0 2131
cpu 0 596978 45 163674 4378979 65731 0 1244
cpu 3 638448 0 219142 4325241 62096 0 622
cpu 2 627374 0 218334 4334244 64519 0 216
cpu 5 564046 0 174587 4445628 61692 0 488
cpu 4 560808 1 175650 4445647 62411 0 143
cpu 7 506019 0 171379 4506791 61175 0 573
cpu 6 545670 0 175264 4463483 61811 0 355
cpu 9 601120 0 164126 4395234 83491 0 398
cpu 8 651974 0 168065 4339339 83385 0 369
mem 1 99033092 82711584 16321508 1693840 13704232 84 0 15026204 13169060 372068 42496 0 0 193392 12288 0 0
mem 0 97636988 59764244 37872744 1146260 35440208 184 0 36012036 2323920 577984 15252 0 0 467824 8192 0 0
net vnet169 0 0 38476 0 0 0 0 0 0 0 0 0 224 0 47163 0 0 0 0 0 0 302 0
net vnet168 0 0 41178 0 0 0 0 0 0 0 0 0 247 0 51479 0 0 0 0 0 0 370 0
net eno1 0 268173 40596359055 0 0 713 0 0 0 0 0 0 32413995 0 1437562677 0 0 0 0 0 0 6200073 0
net lo 0 0 21503691 0 0 0 0 0 0 0 0 0 159023 0 21503691 0 0 0 0 0 0 159023 0
net virbr0 0 2116 9997337496 0 0 0 0 0 0 0 0 0 39930153 0 38536886232 0 0 0 0 0 0 23685723 0
net vnet165 0 0 43932 0 0 0 0 0 0 0 0 0 259 0 64141 0 0 0 0 0 0 514 0
net vnet167 0 0 204620 0 0 0 0 0 0 0 0 0 987 0 175359 0 0 0 0 0 0 1033 0
net vnet166 0 0 43710 0 0 0 0 0 0 0 0 0 254 0 61083 0 0 0 0 0 0 464 0
numa 1 401988258 18781169 10118603 29535 401921569 18826681
numa 0 430059216 10118603 18781169 29710 430006072 10121162
ps - 728552537 4566617 454 480 533 8 972
sysv_shm - 0 0
tmpfs /run/lock 0 6
tmpfs /run 2285568 1138
tmpfs /run/user/20029 0 20
tmpfs /run/qemu 0 1
tmpfs /dev/shm 37622935552 105491
vfs - 135062 11384 187702
vm - 10 986647274 567499749 738014 1617408 859943570 901619558 195395752 8069301 1057461605 73026 0 0 0 0 0 1811072 0 311878 5997 0 1623853 318 0 3 0 0

1778497879.613782 0 node0.mimesys-workload.ldos-ut-pg0.wisc.cloudlab.us
block sda 5916531 680222 1973287116 26456383 3856785 20295176 1134999499 21626597 0 7351608 48411214
block sdb 674 0 7540 666 4 0 0 0 0 828 667
cpu 11 638518 0 171924 4333521 101030 0 17
cpu 10 677187 2 154959 4315394 100671 0 22
cpu 13 597630 0 139460 4407813 100006 0 16
cpu 12 602086 0 136309 4407107 100716 0 13
cpu 15 551250 2 132164 4460566 99993 0 11
cpu 14 578154 0 139644 4428233 98852 0 17
cpu 17 351100 0 113019 4767535 16155 0 9
cpu 16 421419 0 124634 4689219 14392 0 10
cpu 19 425861 0 123893 4684719 16306 0 10
cpu 18 473885 5 125916 4635516 15256 0 10
cpu 1 592766 0 205459 4376046 63254 0 2131
cpu 0 596980 45 163677 4379019 65731 0 1244
cpu 3 638450 0 219145 4325282 62096 0 622
cpu 2 627376 0 218338 4334285 64519 0 216
cpu 5 564047 0 174591 4445668 61692 0 488
cpu 4 560810 1 175654 4445687 62411 0 143
cpu 7 506021 0 171383 4506832 61175 0 573
cpu 6 545672 0 175268 4463524 61811 0 355
cpu 9 601121 0 164130 4395276 83491 0 398
cpu 8 651975 0 168069 4339379 83385 0 369
mem 1 99033092 82535964 16497128 1693848 13877568 104 0 15197672 13340884 372296 42728 0 0 193920 12288 0 0
mem 0 97636988 59762732 37874256 1146248 35438776 196 0 36012040 2323428 576524 14864 0 0 467728 8192 0 0
net vnet169 0 0 38476 0 0 0 0 0 0 0 0 0 224 0 47163 0 0 0 0 0 0 302 0
net vnet168 0 0 41178 0 0 0 0 0 0 0 0 0 247 0 51479 0 0 0 0 0 0 370 0
net eno1 0 268173 40596361189 0 0 713 0 0 0 0 0 0 32414029 0 1437562778 0 0 0 0 0 0 6200074 0
net lo 0 0 21504301 0 0 0 0 0 0 0 0 0 159027 0 21504301 0 0 0 0 0 0 159027 0
net virbr0 0 2116 9997339276 0 0 0 0 0 0 0 0 0 39930164 0 38536887230 0 0 0 0 0 0 23685732 0
net vnet165 0 0 43932 0 0 0 0 0 0 0 0 0 259 0 64141 0 0 0 0 0 0 514 0
net vnet167 0 0 206554 0 0 0 0 0 0 0 0 0 998 0 176357 0 0 0 0 0 0 1042 0
net vnet166 0 0 43710 0 0 0 0 0 0 0 0 0 254 0 61083 0 0 0 0 0 0 464 0
numa 1 402038905 18781169 10118603 29535 401972216 18826681
numa 0 430076450 10118603 18781169 29710 430023306 10121162
ps - 728555763 4566854 454 480 533 26 970
sysv_shm - 0 0
tmpfs /run/lock 0 6
tmpfs /run 2285568 1138
tmpfs /run/user/20029 0 20
tmpfs /run/qemu 0 1
tmpfs /dev/shm 37622935552 105491
vfs - 135053 11344 187513
vm - 10 986647274 567499749 738014 1617408 860011818 901644225 195395764 8069301 1057544148 73026 0 0 0 0 0 1811072 0 311878 5997 0 1623853 318 0 3 0 0

1778497880.194799 0 node0.mimesys-workload.ldos-ut-pg0.wisc.cloudlab.us
block sda 5916531 680222 1973287116 26456383 3856785 20295176 1134999499 21626597 0 7351608 48411214
block sdb 674 0 7540 666 4 0 0 0 0 828 667
cpu 11 638566 0 171924 4333531 101030 0 17
cpu 10 677240 2 154959 4315398 100671 0 22
cpu 13 597680 0 139463 4407821 100006 0 16
cpu 12 602139 0 136311 4407111 100716 0 13
cpu 15 551296 2 132164 4460576 99993 0 11
cpu 14 578202 0 139646 4428241 98852 0 17
cpu 17 351150 0 113020 4767543 16155 0 9
cpu 16 421471 0 124634 4689226 14392 0 10
cpu 19 425864 0 123894 4684774 16306 0 10
cpu 18 473886 5 125918 4635572 15256 0 10
cpu 1 592768 0 205460 4376102 63254 0 2131
cpu 0 596981 45 163678 4379075 65731 0 1244
cpu 3 638452 0 219148 4325336 62096 0 622
cpu 2 627377 0 218338 4334341 64519 0 216
cpu 5 564047 0 174593 4445725 61692 0 488
cpu 4 560811 1 175655 4445743 62411 0 143
cpu 7 506022 0 171387 4506884 61175 0 573
cpu 6 545675 0 175268 4463579 61811 0 355
cpu 9 601122 0 164131 4395332 83491 0 398
cpu 8 651976 0 168070 4339435 83385 0 369
mem 1 99033092 82497664 16535428 1693888 13914532 120 0 15236604 13379240 373028 43156 0 0 194152 12288 0 0
mem 0 97636988 59762236 37874752 1146224 35438328 200 0 36012044 2323576 576172 14840 0 0 468288 8192 0 0
net vnet169 0 0 38476 0 0 0 0 0 0 0 0 0 224 0 47163 0 0 0 0 0 0 302 0
net vnet168 0 0 41178 0 0 0 0 0 0 0 0 0 247 0 51479 0 0 0 0 0 0 370 0
net eno1 0 268185 40596364758 0 0 713 0 0 0 0 0 0 32414076 0 1437563123 0 0 0 0 0 0 6200077 0
net lo 0 0 21504858 0 0 0 0 0 0 0 0 0 159031 0 21504858 0 0 0 0 0 0 159031 0
net virbr0 0 2116 9997339276 0 0 0 0 0 0 0 0 0 39930164 0 38536887230 0 0 0 0 0 0 23685732 0
net vnet165 0 0 43932 0 0 0 0 0 0 0 0 0 259 0 64141 0 0 0 0 0 0 514 0
net vnet167 0 0 206554 0 0 0 0 0 0 0 0 0 998 0 176357 0 0 0 0 0 0 1042 0
net vnet166 0 0 43710 0 0 0 0 0 0 0 0 0 254 0 61083 0 0 0 0 0 0 464 0
numa 1 402048881 18781169 10118603 29535 401982192 18826681
numa 0 430081419 10118603 18781169 29710 430028275 10121162
ps - 728558657 4566897 454 480 533 9 972
sysv_shm - 0 0
tmpfs /run/lock 0 6
tmpfs /run 2285568 1138
tmpfs /run/user/20029 0 20
tmpfs /run/qemu 0 1
tmpfs /dev/shm 37622935552 105491
vfs - 135075 11304 187820
vm - 10 986647274 567499749 738014 1617408 860026395 901650213 195395767 8069301 1057561759 73026 0 0 0 0 0 1811072 0 311878 5997 0 1623853 318 0 3 0 0

1778497880.649215 0 node0.mimesys-workload.ldos-ut-pg0.wisc.cloudlab.us
block sda 5916531 680222 1973287116 26456383 3856785 20295176 1134999499 21626597 0 7351608 48411214
block sdb 674 0 7540 666 4 0 0 0 0 828 667
cpu 11 638593 0 171927 4333548 101030 0 17
cpu 10 677280 2 154960 4315403 100671 0 22
cpu 13 597718 0 139463 4407828 100006 0 16
cpu 12 602177 0 136312 4407117 100716 0 13
cpu 15 551332 2 132166 4460584 99993 0 11
cpu 14 578234 0 139647 4428255 98852 0 17
cpu 17 351190 0 113024 4767545 16155 0 9
cpu 16 421510 0 124638 4689228 14392 0 10
cpu 19 425867 0 123899 4684811 16306 0 10
cpu 18 473888 5 125922 4635610 15256 0 10
cpu 1 592770 0 205465 4376140 63254 0 2131
cpu 0 596984 45 163682 4379112 65731 0 1244
cpu 3 638455 0 219152 4325375 62096 0 622
cpu 2 627379 0 218342 4334380 64519 0 216
cpu 5 564050 0 174597 4445762 61692 0 488
cpu 4 560815 1 175661 4445779 62411 0 143
cpu 7 506026 0 171391 4506922 61175 0 573
cpu 6 545677 0 175272 4463617 61811 0 355
cpu 9 601126 0 164133 4395371 83491 0 398
cpu 8 651978 0 168074 4339474 83385 0 369
mem 1 99033092 82409480 16623612 1693880 14001160 160 0 15320588 13464472 373448 43424 0 0 194200 12288 0 0
mem 0 97636988 59757732 37879256 1146228 35439064 208 0 36012048 2324564 576792 14316 0 0 468048 8192 0 0
net vnet169 0 0 38476 0 0 0 0 0 0 0 0 0 224 0 47215 0 0 0 0 0 0 303 0
net vnet168 0 0 41178 0 0 0 0 0 0 0 0 0 247 0 51531 0 0 0 0 0 0 371 0
net eno1 0 268185 40596368066 0 0 713 0 0 0 0 0 0 32414128 0 1437563325 0 0 0 0 0 0 6200079 0
net lo 0 0 21506078 0 0 0 0 0 0 0 0 0 159039 0 21506078 0 0 0 0 0 0 159039 0
net virbr0 0 2116 9997342174 0 0 0 0 0 0 0 0 0 39930181 0 38536890920 0 0 0 0 0 0 23685744 0
net vnet165 0 0 43932 0 0 0 0 0 0 0 0 0 259 0 64193 0 0 0 0 0 0 515 0
net vnet167 0 0 209690 0 0 0 0 0 0 0 0 0 1015 0 180099 0 0 0 0 0 0 1055 0
net vnet166 0 0 43710 0 0 0 0 0 0 0 0 0 254 0 61135 0 0 0 0 0 0 465 0
numa 1 402078363 18781169 10118603 29535 402011674 18826681
numa 0 430103585 10118603 18781169 29710 430050441 10121162
ps - 728563235 4567169 454 480 533 14 972
sysv_shm - 0 0
tmpfs /run/lock 0 6
tmpfs /run 2285568 1138
tmpfs /run/user/20029 0 20
tmpfs /run/qemu 0 1
tmpfs /dev/shm 37622935552 105491
vfs - 135043 11304 187509
vm - 10 986647274 567499749 738014 1617408 860078224 901679501 195395780 8069301 1057631420 73026 0 0 0 0 0 1811072 0 311878 5997 0 1623853 318 0 3 0 0

1778497881.237613 0 node0.mimesys-workload.ldos-ut-pg0.wisc.cloudlab.us
block sda 5916531 680222 1973287116 26456383 3856789 20295176 1134999515 21626597 0 7351616 48411215
block sdb 674 0 7540 666 4 0 0 0 0 828 667
cpu 11 638625 0 171929 4333573 101030 0 17
cpu 10 677320 2 154966 4315415 100671 0 22
cpu 13 597753 0 139466 4407851 100006 0 16
cpu 12 602207 0 136314 4407144 100716 0 13
cpu 15 551364 2 132167 4460608 99993 0 11
cpu 14 578264 0 139649 4428282 98852 0 17
cpu 17 351219 0 113033 4767567 16155 0 9
cpu 16 421546 0 124647 4689242 14392 0 10
cpu 19 425870 0 123899 4684867 16306 0 10
cpu 18 473888 5 125922 4635667 15256 0 10
cpu 1 592772 0 205466 4376197 63254 0 2131
cpu 0 596986 45 163683 4379168 65731 0 1244
cpu 3 638457 0 219154 4325430 62096 0 622
cpu 2 627380 0 218343 4334437 64519 0 216
cpu 5 564050 0 174598 4445820 61692 0 488
cpu 4 560815 1 175661 4445837 62411 0 143
cpu 7 506028 0 171392 4506979 61175 0 573
cpu 6 545677 0 175273 4463675 61811 0 355
cpu 9 601126 0 164134 4395428 83491 0 398
cpu 8 651978 0 168075 4339531 83385 0 369
mem 1 99033092 82191788 16841304 1693888 14216208 172 0 15536992 13679768 373460 43932 0 0 194824 12288 0 0
mem 0 97636988 59755972 37881016 1146236 35437268 216 0 36012052 2324044 574948 14140 0 0 467964 8192 0 0
net vnet169 0 0 38476 0 0 0 0 0 0 0 0 0 224 0 47215 0 0 0 0 0 0 303 0
net vnet168 0 0 41178 0 0 0 0 0 0 0 0 0 247 0 51531 0 0 0 0 0 0 371 0
net eno1 0 268185 40596371723 0 0 713 0 0 0 0 0 0 32414181 0 1437563670 0 0 0 0 0 0 6200082 0
net lo 0 0 21506635 0 0 0 0 0 0 0 0 0 159043 0 21506635 0 0 0 0 0 0 159043 0
net virbr0 0 2116 9997343902 0 0 0 0 0 0 0 0 0 39930191 0 38536891918 0 0 0 0 0 0 23685753 0
net vnet165 0 0 43932 0 0 0 0 0 0 0 0 0 259 0 64193 0 0 0 0 0 0 515 0
net vnet167 0 0 211558 0 0 0 0 0 0 0 0 0 1025 0 181097 0 0 0 0 0 0 1064 0
net vnet166 0 0 43710 0 0 0 0 0 0 0 0 0 254 0 61135 0 0 0 0 0 0 465 0
numa 1 402132376 18781169 10118603 29535 402065687 18826681
numa 0 430105468 10118603 18781169 29710 430052324 10121162
ps - 728567259 4567184 454 480 533 8 973
sysv_shm - 0 0
tmpfs /run/lock 0 6
tmpfs /run 2285568 1138
tmpfs /run/user/20029 0 20
tmpfs /run/qemu 0 1
tmpfs /dev/shm 37622939648 105491
vfs - 135035 11304 187492
vm - 10 986647274 567499757 738014 1617408 860133960 901682060 195395781 8069301 1057687738 73026 0 0 0 0 0 1811072 0 311878 5997 0 1623853 318 0 3 0 0

1778497881.681324 0 node0.mimesys-workload.ldos-ut-pg0.wisc.cloudlab.us
block sda 5916532 680222 1973287156 26456384 3856793 20295176 1134999659 21626598 0 7351628 48411216
block sdb 674 0 7540 666 4 0 0 0 0 828 667
cpu 11 638665 0 171932 4333576 101030 0 17
cpu 10 677341 2 154967 4315437 100671 0 22
cpu 13 597777 0 139467 4407871 100006 0 16
cpu 12 602224 0 136316 4407168 100716 0 13
cpu 15 551388 2 132170 4460624 99993 0 11
cpu 14 578284 0 139649 4428306 98852 0 17
cpu 17 351236 0 113035 4767591 16155 0 9
cpu 16 421582 0 124654 4689244 14392 0 10
cpu 19 425873 0 123902 4684905 16306 0 10
cpu 18 473890 5 125926 4635705 15256 0 10
cpu 1 592773 0 205471 4376235 63254 0 2131
cpu 0 596986 45 163688 4379206 65731 0 1244
cpu 3 638459 0 219158 4325468 62096 0 622
cpu 2 627381 0 218348 4334476 64519 0 216
cpu 5 564053 0 174602 4445857 61692 0 488
cpu 4 560818 1 175664 4445876 62411 0 143
cpu 7 506032 0 171394 4507017 61175 0 573
cpu 6 545678 0 175278 4463714 61811 0 355
cpu 9 601128 0 164137 4395467 83491 0 398
cpu 8 651980 0 168080 4339569 83385 0 369
mem 1 99033092 82122744 16910348 1693892 14281648 192 0 15601180 13744040 374764 44760 0 0 195072 12288 0 0
mem 0 97636988 59761196 37875792 1146204 35438156 216 0 36012052 2325224 575836 14308 0 0 467868 8192 0 0
net vnet169 0 0 38476 0 0 0 0 0 0 0 0 0 224 0 47215 0 0 0 0 0 0 303 0
net vnet168 0 0 41178 0 0 0 0 0 0 0 0 0 247 0 51531 0 0 0 0 0 0 371 0
net eno1 0 268185 40596374217 0 0 713 0 0 0 0 0 0 32414221 0 1437563771 0 0 0 0 0 0 6200083 0
net lo 0 0 21507245 0 0 0 0 0 0 0 0 0 159047 0 21507245 0 0 0 0 0 0 159047 0
net virbr0 0 2116 9997343902 0 0 0 0 0 0 0 0 0 39930191 0 38536891918 0 0 0 0 0 0 23685753 0
net vnet165 0 0 43932 0 0 0 0 0 0 0 0 0 259 0 64193 0 0 0 0 0 0 515 0
net vnet167 0 0 211558 0 0 0 0 0 0 0 0 0 1025 0 181097 0 0 0 0 0 0 1064 0
net vnet166 0 0 43710 0 0 0 0 0 0 0 0 0 254 0 61135 0 0 0 0 0 0 465 0
numa 1 402158441 18781169 10118603 29535 402091752 18826681
numa 0 430123690 10118603 18781169 29710 430070546 10121162
ps - 728572248 4567451 454 480 533 11 973
sysv_shm - 0 0
tmpfs /run/lock 0 6
tmpfs /run 2285568 1138
tmpfs /run/user/20029 0 20
tmpfs /run/qemu 0 1
tmpfs /dev/shm 37622943744 105491
vfs - 135038 11224 187525
vm - 10 986647294 567499829 738014 1617408 860178271 901710266 195395792 8069301 1057749052 73026 0 0 0 0 0 1811072 0 311878 5997 0 1623853 318 0 3 0 0

1778497882.280668 0 node0.mimesys-workload.ldos-ut-pg0.wisc.cloudlab.us
block sda 5916532 680222 1973287156 26456384 3856805 20295176 1135000283 21626603 0 7351636 48411221
block sdb 674 0 7540 666 4 0 0 0 0 828 667
cpu 11 638700 0 171933 4333599 101030 0 17
cpu 10 677376 2 154970 4315459 100671 0 22
cpu 13 597813 0 139470 4407891 100006 0 16
cpu 12 602280 0 136319 4407169 100716 0 13
cpu 15 551428 2 132175 4460639 99993 0 11
cpu 14 578324 0 139651 4428324 98852 0 17
cpu 17 351282 0 113040 4767599 16155 0 9
cpu 16 421631 0 124658 4689251 14392 0 10
cpu 19 425875 0 123903 4684963 16306 0 10
cpu 18 473890 5 125927 4635763 15256 0 10
cpu 1 592773 0 205472 4376293 63254 0 2131
cpu 0 596988 45 163688 4379263 65731 0 1244
cpu 3 638460 0 219159 4325526 62096 0 622
cpu 2 627383 0 218349 4334532 64519 0 216
cpu 5 564054 0 174602 4445916 61692 0 488
cpu 4 560824 1 175665 4445929 62411 0 143
cpu 7 506034 0 171398 4507071 61175 0 573
cpu 6 545679 0 175279 4463772 61811 0 355
cpu 9 601131 0 164139 4395522 83491 0 398
cpu 8 651982 0 168081 4339627 83385 0 369
mem 1 99033092 82003824 17029268 1693896 14398320 224 0 15718608 13861520 373440 44540 0 0 195192 12288 0 0
mem 0 97636988 59757012 37879976 1146232 35438936 200 0 36012056 2324216 576680 14656 0 0 467892 8192 0 0
net vnet169 0 0 38476 0 0 0 0 0 0 0 0 0 224 0 47215 0 0 0 0 0 0 303 0
net vnet168 0 0 41178 0 0 0 0 0 0 0 0 0 247 0 51531 0 0 0 0 0 0 371 0
net eno1 0 268196 40596378388 0 0 713 0 0 0 0 0 0 32414281 0 1437564217 0 0 0 0 0 0 6200087 0
net lo 0 0 21508412 0 0 0 0 0 0 0 0 0 159055 0 21508412 0 0 0 0 0 0 159055 0
net virbr0 0 2116 9997346800 0 0 0 0 0 0 0 0 0 39930208 0 38536895608 0 0 0 0 0 0 23685765 0
net vnet165 0 0 43932 0 0 0 0 0 0 0 0 0 259 0 64193 0 0 0 0 0 0 515 0
net vnet167 0 0 214694 0 0 0 0 0 0 0 0 0 1042 0 184787 0 0 0 0 0 0 1076 0
net vnet166 0 0 43710 0 0 0 0 0 0 0 0 0 254 0 61135 0 0 0 0 0 0 465 0
numa 1 402188612 18781169 10118603 29535 402121923 18826681
numa 0 430127132 10118603 18781169 29710 430073988 10121162
ps - 728575235 4567469 450 479 532 6 973
sysv_shm - 0 0
tmpfs /run/lock 0 6
tmpfs /run 2285568 1138
tmpfs /run/user/20029 0 20
tmpfs /run/qemu 0 1
tmpfs /dev/shm 37622943744 105491
vfs - 135063 11304 187708
vm - 10 986647294 567500141 738014 1617408 860211860 901713581 195395796 8069301 1057783981 73026 0 0 0 0 0 1811072 0 311878 5997 0 1623853 318 0 3 0 0

1778497882.711506 0 node0.mimesys-workload.ldos-ut-pg0.wisc.cloudlab.us
block sda 5916532 680222 1973287156 26456384 3856833 20295176 1135001331 21626611 0 7351644 48411229
block sdb 674 0 7540 666 4 0 0 0 0 828 667
cpu 11 638720 0 171936 4333620 101030 0 17
cpu 10 677417 2 154973 4315459 100671 0 22
cpu 13 597831 0 139474 4407914 100006 0 16
cpu 12 602321 0 136321 4407169 100716 0 13
cpu 15 551450 2 132179 4460655 99994 0 11
cpu 14 578351 0 139654 4428337 98852 0 17
cpu 17 351324 0 113042 4767599 16155 0 9
cpu 16 421653 0 124661 4689271 14392 0 10
cpu 19 425879 0 123906 4685000 16306 0 10
cpu 18 473892 5 125930 4635799 15256 0 10
cpu 1 592776 0 205476 4376329 63254 0 2131
cpu 0 596989 45 163694 4379299 65731 0 1244
cpu 3 638461 0 219165 4325562 62096 0 622
cpu 2 627386 0 218353 4334569 64519 0 216
cpu 5 564055 0 174607 4445953 61692 0 488
cpu 4 560826 1 175669 4445966 62411 0 143
cpu 7 506036 0 171403 4507107 61175 0 573
cpu 6 545680 0 175284 4463809 61811 0 355
cpu 9 601133 0 164144 4395559 83491 0 398
cpu 8 651987 0 168084 4339663 83385 0 369
mem 1 99033092 81936792 17096300 1693880 14464068 240 0 15784412 13928056 373404 44264 0 0 195512 12288 0 0
mem 0 97636988 59754244 37882744 1146256 35441156 212 0 36012060 2323852 578916 14792 0 0 467924 8192 0 0
net vnet169 0 0 38476 0 0 0 0 0 0 0 0 0 224 0 47267 0 0 0 0 0 0 304 0
net vnet168 0 0 41178 0 0 0 0 0 0 0 0 0 247 0 51583 0 0 0 0 0 0 372 0
net eno1 0 268196 40596381380 0 0 713 0 0 0 0 0 0 32414324 0 1437564318 0 0 0 0 0 0 6200088 0
net lo 0 0 21509022 0 0 0 0 0 0 0 0 0 159059 0 21509022 0 0 0 0 0 0 159059 0
net virbr0 0 2116 9997348100 0 0 0 0 0 0 0 0 0 39930213 0 38536896180 0 0 0 0 0 0 23685769 0
net vnet165 0 0 43932 0 0 0 0 0 0 0 0 0 259 0 64245 0 0 0 0 0 0 516 0
net vnet167 0 0 216064 0 0 0 0 0 0 0 0 0 1047 0 185411 0 0 0 0 0 0 1081 0
net vnet166 0 0 43710 0 0 0 0 0 0 0 0 0 254 0 61187 0 0 0 0 0 0 466 0
numa 1 402212905 18781169 10118603 29535 402146216 18826681
numa 0 430147762 10118603 18781169 29710 430094618 10121162
ps - 728579930 4567738 450 479 532 7 913
sysv_shm - 0 0
tmpfs /run/lock 0 6
tmpfs /run 2285568 1138
tmpfs /run/user/20029 0 20
tmpfs /run/qemu 0 1
tmpfs /dev/shm 37622943744 105491
vfs - 135037 11344 187140
vm - 10 986647294 567500665 738014 1617408 860256772 901742477 195395803 8069301 1057845988 73026 0 0 0 0 0 1811072 0 311878 5997 0 1623853 318 0 3 0 0

1778497883.323669 0 node0.mimesys-workload.ldos-ut-pg0.wisc.cloudlab.us
block sda 5916532 680222 1973287156 26456384 3856839 20295177 1135001395 21626617 0 7351648 48411235
block sdb 674 0 7540 666 4 0 0 0 0 828 667
cpu 11 638734 0 171936 4333667 101030 0 17
cpu 10 677476 2 154975 4315459 100671 0 22
cpu 13 597870 0 139475 4407935 100006 0 16
cpu 12 602376 0 136325 4407172 100716 0 13
cpu 15 551468 2 132180 4460698 99994 0 11
cpu 14 578380 0 139655 4428367 98852 0 17
cpu 17 351376 0 113044 4767606 16155 0 9
cpu 16 421669 0 124661 4689315 14392 0 10
cpu 19 425881 0 123906 4685059 16306 0 10
cpu 18 473893 5 125930 4635859 15256 0 10
cpu 1 592778 0 205477 4376388 63254 0 2131
cpu 0 596989 45 163694 4379359 65731 0 1244
cpu 3 638462 0 219166 4325622 62096 0 622
cpu 2 627388 0 218354 4334626 64519 0 216
cpu 5 564055 0 174607 4446014 61692 0 488
cpu 4 560826 1 175670 4446026 62411 0 143
cpu 7 506038 0 171406 4507164 61175 0 573
cpu 6 545680 0 175284 4463870 61811 0 355
cpu 9 601133 0 164144 4395619 83491 0 398
cpu 8 651988 0 168084 4339723 83385 0 369
mem 1 99033092 81838272 17194820 1693864 14559632 248 0 15881900 14024708 371844 44148 0 0 195448 12288 0 0
mem 0 97636988 59752988 37884000 1146268 35438744 136 0 36012064 2323856 576440 14772 0 0 468264 8192 0 0
net vnet169 0 0 38476 0 0 0 0 0 0 0 0 0 224 0 47267 0 0 0 0 0 0 304 0
net vnet168 0 0 41178 0 0 0 0 0 0 0 0 0 247 0 51583 0 0 0 0 0 0 372 0
net eno1 0 268196 40596384557 0 0 713 0 0 0 0 0 0 32414369 0 1437564663 0 0 0 0 0 0 6200091 0
net lo 0 0 21509579 0 0 0 0 0 0 0 0 0 159063 0 21509579 0 0 0 0 0 0 159063 0
net virbr0 0 2116 9997348580 0 0 0 0 0 0 0 0 0 39930219 0 38536896606 0 0 0 0 0 0 23685774 0
net vnet165 0 0 43932 0 0 0 0 0 0 0 0 0 259 0 64245 0 0 0 0 0 0 516 0
net vnet167 0 0 216628 0 0 0 0 0 0 0 0 0 1053 0 185837 0 0 0 0 0 0 1086 0
net vnet166 0 0 43710 0 0 0 0 0 0 0 0 0 254 0 61187 0 0 0 0 0 0 466 0
numa 1 402237595 18781169 10118603 29535 402170906 18826681
numa 0 430149321 10118603 18781169 29710 430096177 10121162
ps - 728583216 4567749 450 479 532 6 912
sysv_shm - 0 0
tmpfs /run/lock 0 6
tmpfs /run 2285568 1138
tmpfs /run/user/20029 0 20
tmpfs /run/qemu 0 1
tmpfs /dev/shm 37622943744 105491
vfs - 135075 11344 187459
vm - 10 986647294 567500697 738014 1617408 860283039 901744629 195395804 8069301 1057872632 73026 0 0 0 0 0 1811072 0 311878 5997 0 1623853 318 0 3 0 0

1778497883.737901 0 node0.mimesys-workload.ldos-ut-pg0.wisc.cloudlab.us
block sda 5916532 680222 1973287156 26456384 3856931 20295193 1135002355 21626638 0 7351656 48411256
block sdb 674 0 7540 666 4 0 0 0 0 828 667
cpu 11 638766 0 171939 4333674 101030 0 17
cpu 10 677495 2 154978 4315477 100671 0 22
cpu 13 597889 0 139477 4407956 100006 0 16
cpu 12 602416 0 136326 4407172 100716 0 13
cpu 15 551480 2 132183 4460724 99994 0 11
cpu 14 578402 0 139656 4428384 98852 0 17
cpu 17 351411 0 113050 4767606 16155 0 9
cpu 16 421673 0 124665 4689348 14392 0 10
cpu 19 425884 0 123909 4685095 16306 0 10
cpu 18 473896 5 125934 4635894 15256 0 10
cpu 1 592781 0 205480 4376423 63254 0 2131
cpu 0 596992 45 163698 4379394 65731 0 1244
cpu 3 638464 0 219170 4325657 62096 0 622
cpu 2 627389 0 218358 4334662 64519 0 216
cpu 5 564057 0 174613 4446048 61692 0 488
cpu 4 560828 1 175674 4446062 62411 0 143
cpu 7 506040 0 171410 4507199 61175 0 573
cpu 6 545682 0 175288 4463906 61811 0 355
cpu 9 601137 0 164147 4395654 83491 0 398
cpu 8 651990 0 168089 4339757 83385 0 369
mem 1 99033092 81770748 17262344 1693864 14624700 8 0 15945444 14089320 373452 44352 0 0 195664 12288 0 0
mem 0 97636988 59749964 37887024 1146268 35439600 64 0 36012072 2324824 577336 14740 0 0 467644 8192 0 0
net vnet169 0 0 38476 0 0 0 0 0 0 0 0 0 224 0 47267 0 0 0 0 0 0 304 0
net vnet168 0 0 41178 0 0 0 0 0 0 0 0 0 247 0 51583 0 0 0 0 0 0 372 0
net eno1 0 268196 40596386931 0 0 713 0 0 0 0 0 0 32414407 0 1437564764 0 0 0 0 0 0 6200092 0
net lo 0 0 21510189 0 0 0 0 0 0 0 0 0 159067 0 21510189 0 0 0 0 0 0 159067 0
net virbr0 0 2116 9997348580 0 0 0 0 0 0 0 0 0 39930219 0 38536896606 0 0 0 0 0 0 23685774 0
net vnet165 0 0 43932 0 0 0 0 0 0 0 0 0 259 0 64245 0 0 0 0 0 0 516 0
net vnet167 0 0 216628 0 0 0 0 0 0 0 0 0 1053 0 185837 0 0 0 0 0 0 1086 0
net vnet166 0 0 43710 0 0 0 0 0 0 0 0 0 254 0 61187 0 0 0 0 0 0 466 0
numa 1 402262578 18781169 10118603 29535 402195889 18826681
numa 0 430168633 10118603 18781169 29710 430115489 10121162
ps - 728587070 4568022 450 479 532 10 915
sysv_shm - 0 0
tmpfs /run/lock 0 6
tmpfs /run 2285568 1138
tmpfs /run/user/20029 0 20
tmpfs /run/qemu 0 1
tmpfs /dev/shm 37622943744 105491
vfs - 135038 11304 187142
vm - 10 986647294 567501177 738014 1617408 860327366 901773303 195395816 8069301 1057934266 73026 0 0 0 0 0 1811072 0 311878 5997 0 1623853 318 0 3 0 0

1778497884.366696 0 node0.mimesys-workload.ldos-ut-pg0.wisc.cloudlab.us
block sda 5916532 680222 1973287156 26456384 3856931 20295193 1135002355 21626638 0 7351656 48411256
block sdb 674 0 7540 666 4 0 0 0 0 828 667
cpu 11 638802 0 171941 4333698 101030 0 17
cpu 10 677548 2 154979 4315487 100671 0 22
cpu 13 597944 0 139480 4407962 100006 0 16
cpu 12 602456 0 136328 4407192 100716 0 13
cpu 15 551510 2 132183 4460756 99994 0 11
cpu 14 578448 0 139658 4428400 98852 0 17
cpu 17 351466 0 113052 4767613 16155 0 9
cpu 16 421725 0 124667 4689356 14392 0 10
cpu 19 425885 0 123909 4685156 16306 0 10
cpu 18 473897 5 125934 4635955 15256 0 10
cpu 1 592782 0 205481 4376485 63254 0 2131
cpu 0 596994 45 163699 4379454 65731 0 1244
cpu 3 638465 0 219171 4325717 62096 0 622
cpu 2 627392 0 218360 4334721 64519 0 216
cpu 5 564058 0 174614 4446109 61692 0 488
cpu 4 560829 1 175674 4446123 62411 0 143
cpu 7 506041 0 171410 4507261 61175 0 573
cpu 6 545682 0 175290 4463968 61811 0 355
cpu 9 601137 0 164148 4395715 83491 0 398
cpu 8 651996 0 168090 4339813 83385 0 369
mem 1 99033092 81702456 17330636 1693864 14696028 88 0 16017724 14160636 372456 44384 0 0 195584 12288 0 0
mem 0 97636988 59744928 37892060 1146252 35439764 184 0 36012076 2323816 577912 14568 0 0 467660 8192 0 0
net vnet169 0 0 38476 0 0 0 0 0 0 0 0 0 224 0 47267 0 0 0 0 0 0 304 0
net vnet168 0 0 41178 0 0 0 0 0 0 0 0 0 247 0 51583 0 0 0 0 0 0 372 0
net eno1 0 268210 40596390862 0 0 713 0 0 0 0 0 0 32414463 0 1437565210 0 0 0 0 0 0 6200096 0
net lo 0 0 21511356 0 0 0 0 0 0 0 0 0 159075 0 21511356 0 0 0 0 0 0 159075 0
net virbr0 0 2116 9997352622 0 0 0 0 0 0 0 0 0 39930238 0 38536900868 0 0 0 0 0 0 23685790 0
net vnet165 0 0 43932 0 0 0 0 0 0 0 0 0 259 0 64245 0 0 0 0 0 0 516 0
net vnet167 0 0 220936 0 0 0 0 0 0 0 0 0 1072 0 190099 0 0 0 0 0 0 1102 0
net vnet166 0 0 43710 0 0 0 0 0 0 0 0 0 254 0 61187 0 0 0 0 0 0 466 0
numa 1 402281165 18781169 10118603 29535 402214476 18826681
numa 0 430171512 10118603 18781169 29710 430118368 10121162
ps - 728590725 4568034 450 479 532 6 912
sysv_shm - 0 0
tmpfs /run/lock 0 6
tmpfs /run 2285568 1138
tmpfs /run/user/20029 0 20
tmpfs /run/qemu 0 1
tmpfs /dev/shm 37622947840 105491
vfs - 135036 11344 187133
vm - 10 986647294 567501177 738014 1617408 860348802 901776001 195395817 8069301 1057957008 73026 0 0 0 0 0 1811072 0 311878 5997 0 1623853 318 0 3 0 0

1778497884.766709 0 node0.mimesys-workload.ldos-ut-pg0.wisc.cloudlab.us
block sda 5916532 680222 1973287156 26456384 3856931 20295193 1135002355 21626638 0 7351656 48411256
block sdb 674 0 7540 666 4 0 0 0 0 828 667
cpu 11 638815 0 171945 4333720 101030 0 17
cpu 10 677560 2 154983 4315511 100671 0 22
cpu 13 597982 0 139482 4407962 100006 0 16
cpu 12 602473 0 136332 4407211 100716 0 13
cpu 15 551544 2 132185 4460761 99994 0 11
cpu 14 578488 0 139658 4428400 98852 0 17
cpu 17 351502 0 113054 4767615 16155 0 9
cpu 16 421730 0 124672 4689385 14392 0 10
cpu 19 425888 0 123912 4685189 16306 0 10
cpu 18 473899 5 125938 4635988 15256 0 10
cpu 1 592783 0 205486 4376518 63254 0 2131
cpu 0 596998 45 163702 4379487 65731 0 1244
cpu 3 638466 0 219176 4325750 62096 0 622
cpu 2 627394 0 218365 4334754 64519 0 216
cpu 5 564060 0 174617 4446143 61692 0 488
cpu 4 560829 1 175680 4446157 62411 0 143
cpu 7 506044 0 171413 4507295 61175 0 573
cpu 6 545682 0 175295 4464002 61811 0 355
cpu 9 601140 0 164152 4395748 83491 0 398
cpu 8 651998 0 168093 4339847 83385 0 369
mem 1 99033092 81642996 17390096 1693892 14753856 108 0 16073656 14217656 374024 44656 0 0 195784 12288 0 0
mem 0 97636988 59744200 37892788 1146252 35437376 188 0 36012080 2324352 575068 14332 0 0 467656 8192 0 0
net vnet169 0 0 38476 0 0 0 0 0 0 0 0 0 224 0 47319 0 0 0 0 0 0 305 0
net vnet168 0 0 41178 0 0 0 0 0 0 0 0 0 247 0 51635 0 0 0 0 0 0 373 0
net eno1 0 268210 40596393476 0 0 713 0 0 0 0 0 0 32414505 0 1437565311 0 0 0 0 0 0 6200097 0
net lo 0 0 21511966 0 0 0 0 0 0 0 0 0 159079 0 21511966 0 0 0 0 0 0 159079 0
net virbr0 0 2116 9997353102 0 0 0 0 0 0 0 0 0 39930244 0 38536901294 0 0 0 0 0 0 23685795 0
net vnet165 0 0 43932 0 0 0 0 0 0 0 0 0 259 0 64297 0 0 0 0 0 0 517 0
net vnet167 0 0 221500 0 0 0 0 0 0 0 0 0 1078 0 190577 0 0 0 0 0 0 1108 0
net vnet166 0 0 43710 0 0 0 0 0 0 0 0 0 254 0 61239 0 0 0 0 0 0 467 0
numa 1 402305148 18781169 10118603 29535 402238459 18826681
numa 0 430189953 10118603 18781169 29710 430136809 10121162
ps - 728594056 4568304 450 479 532 7 912
sysv_shm - 0 0
tmpfs /run/lock 0 6
tmpfs /run 2285568 1138
tmpfs /run/user/20029 0 20
tmpfs /run/qemu 0 1
tmpfs /dev/shm 37622947840 105491
vfs - 135034 11424 187159
vm - 10 986647294 567501177 738014 1617408 860391220 901805025 195395827 8069301 1058016692 73026 0 0 0 0 0 1811072 0 311878 5997 0 1623853 318 0 3 0 0

1778497885.408590 0 node0.mimesys-workload.ldos-ut-pg0.wisc.cloudlab.us
block sda 5916532 680222 1973287156 26456384 3856931 20295193 1135002355 21626638 0 7351656 48411256
block sdb 674 0 7540 666 4 0 0 0 0 828 667
cpu 11 638831 0 171947 4333766 101030 0 17
cpu 10 677568 2 154984 4315567 100671 0 22
cpu 13 597998 0 139485 4408006 100006 0 16
cpu 12 602526 0 136334 4407219 100716 0 13
cpu 15 551590 2 132188 4460774 99994 0 11
cpu 14 578514 0 139659 4428437 98852 0 17
cpu 17 351552 0 113058 4767625 16155 0 9
cpu 16 421772 0 124674 4689405 14392 0 10
cpu 19 425891 0 123912 4685251 16306 0 10
cpu 18 473901 5 125938 4636051 15256 0 10
cpu 1 592784 0 205486 4376581 63254 0 2131
cpu 0 597000 45 163702 4379550 65731 0 1244
cpu 3 638469 0 219176 4325813 62096 0 622
cpu 2 627395 0 218366 4334815 64519 0 216
cpu 5 564061 0 174618 4446206 61692 0 488
cpu 4 560830 1 175681 4446220 62411 0 143
cpu 7 506046 0 171414 4507356 61175 0 573
cpu 6 545683 0 175296 4464065 61811 0 355
cpu 9 601140 0 164153 4395811 83491 0 398
cpu 8 651999 0 168093 4339910 83385 0 369
mem 1 99033092 81517284 17515808 1693884 14877704 124 0 16199508 14342348 372836 44864 0 0 196016 12288 0 0
mem 0 97636988 59743192 37893796 1146260 35437384 192 0 36012080 2323912 575108 14436 0 0 467792 8192 0 0
net vnet169 0 0 38476 0 0 0 0 0 0 0 0 0 224 0 47319 0 0 0 0 0 0 305 0
net vnet168 0 0 41178 0 0 0 0 0 0 0 0 0 247 0 51635 0 0 0 0 0 0 373 0
net eno1 0 268210 40596397253 0 0 713 0 0 0 0 0 0 32414560 0 1437565656 0 0 0 0 0 0 6200100 0
net lo 0 0 21512523 0 0 0 0 0 0 0 0 0 159083 0 21512523 0 0 0 0 0 0 159083 0
net virbr0 0 2116 9997353102 0 0 0 0 0 0 0 0 0 39930244 0 38536901294 0 0 0 0 0 0 23685795 0
net vnet165 0 0 43932 0 0 0 0 0 0 0 0 0 259 0 64297 0 0 0 0 0 0 517 0
net vnet167 0 0 221500 0 0 0 0 0 0 0 0 0 1078 0 190577 0 0 0 0 0 0 1108 0
net vnet166 0 0 43710 0 0 0 0 0 0 0 0 0 254 0 61239 0 0 0 0 0 0 467 0
numa 1 402337114 18781169 10118603 29535 402270425 18826681
numa 0 430191383 10118603 18781169 29710 430138239 10121162
ps - 728597087 4568314 450 479 532 7 911
sysv_shm - 0 0
tmpfs /run/lock 0 6
tmpfs /run 2285568 1138
tmpfs /run/user/20029 0 20
tmpfs /run/qemu 0 1
tmpfs /dev/shm 37622947840 105491
vfs - 135060 11424 187333
vm - 10 986647294 567501177 738014 1617408 860424616 901806644 195395828 8069301 1058050306 73026 0 0 0 0 0 1811072 0 311878 5997 0 1623853 318 0 3 0 0

1778497885.792576 0 node0.mimesys-workload.ldos-ut-pg0.wisc.cloudlab.us
block sda 5916532 680222 1973287156 26456384 3856946 20295193 1135029275 21626779 5 7351696 48411398
block sdb 674 0 7540 666 4 0 0 0 0 828 667
cpu 11 638861 0 171950 4333771 101030 0 17
cpu 10 677588 2 154985 4315583 100671 0 22
cpu 13 598016 0 139487 4408024 100006 0 16
cpu 12 602561 0 136337 4407221 100716 0 13
cpu 15 551598 2 132193 4460799 99995 0 11
cpu 14 578552 0 139660 4428437 98852 0 17
cpu 17 351565 0 113061 4767648 16155 0 9
cpu 16 421806 0 124677 4689406 14392 0 10
cpu 19 425893 0 123916 4685283 16306 0 10
cpu 18 473903 5 125944 4636083 15256 0 10
cpu 1 592785 0 205490 4376613 63254 0 2131
cpu 0 597003 45 163706 4379581 65731 0 1244
cpu 3 638472 0 219180 4325845 62096 0 622
cpu 2 627402 0 218369 4334843 64519 0 216
cpu 5 564063 0 174622 4446238 61692 0 488
cpu 4 560833 1 175685 4446252 62411 0 143
cpu 7 506048 0 171419 4507387 61175 0 573
cpu 6 545688 0 175302 4464093 61811 0 355
cpu 9 601142 0 164158 4395843 83491 0 398
cpu 8 652002 0 168098 4339940 83385 0 369
mem 1 99033092 81449752 17583340 1693880 14942048 156 0 16260624 14405236 373472 44972 0 0 196200 12288 0 0
mem 0 97636988 59755516 37881472 1146256 35439892 200 0 36012084 2323852 577584 14508 0 0 467516 8192 0 0
net vnet169 0 0 38476 0 0 0 0 0 0 0 0 0 224 0 47319 0 0 0 0 0 0 305 0
net vnet168 0 0 41178 0 0 0 0 0 0 0 0 0 247 0 51635 0 0 0 0 0 0 373 0
net eno1 0 268210 40596399481 0 0 713 0 0 0 0 0 0 32414594 0 1437565858 0 0 0 0 0 0 6200102 0
net lo 0 0 21513743 0 0 0 0 0 0 0 0 0 159091 0 21513743 0 0 0 0 0 0 159091 0
net virbr0 0 2116 9997356000 0 0 0 0 0 0 0 0 0 39930261 0 38536904984 0 0 0 0 0 0 23685807 0
net vnet165 0 0 43932 0 0 0 0 0 0 0 0 0 259 0 64297 0 0 0 0 0 0 517 0
net vnet167 0 0 224636 0 0 0 0 0 0 0 0 0 1095 0 194267 0 0 0 0 0 0 1120 0
net vnet166 0 0 43710 0 0 0 0 0 0 0 0 0 254 0 61239 0 0 0 0 0 0 467 0
numa 1 402362167 18781169 10118603 29535 402295478 18826681
numa 0 430211993 10118603 18781169 29710 430158849 10121162
ps - 728601525 4568589 450 479 532 8 911
sysv_shm - 0 0
tmpfs /run/lock 0 6
tmpfs /run 2285568 1138
tmpfs /run/user/20029 0 20
tmpfs /run/qemu 0 1
tmpfs /dev/shm 37622947840 105491
vfs - 135036 11344 187127
vm - 10 986647294 567520121 738014 1617408 860470260 901836495 195395843 8069301 1058114129 73026 0 0 0 0 0 1811072 0 311878 5997 0 1623853 318 0 3 0 0

1778497886.451618 0 node0.mimesys-workload.ldos-ut-pg0.wisc.cloudlab.us
block sda 5916533 680222 1973287164 26456409 3857033 20295193 1135215411 21628619 0 7351968 48413263
block sdb 674 0 7540 666 4 0 0 0 0 828 667
cpu 11 638898 0 171951 4333794 101036 0 17
cpu 10 677630 2 154986 4315604 100673 0 22
cpu 13 598067 0 139488 4408040 100006 0 16
cpu 12 602617 0 136338 4407231 100717 0 13
cpu 15 551653 2 132196 4460808 99995 0 11
cpu 14 578602 0 139662 4428451 98852 0 17
cpu 17 351618 0 113064 4767658 16156 0 9
cpu 16 421831 0 124677 4689435 14402 0 10
cpu 19 425896 0 123916 4685346 16306 0 10
cpu 18 473904 5 125944 4636147 15256 0 10
cpu 1 592788 0 205490 4376677 63254 0 2131
cpu 0 597004 45 163706 4379645 65731 0 1244
cpu 3 638472 0 219181 4325909 62096 0 622
cpu 2 627403 0 218371 4334907 64519 0 216
cpu 5 564063 0 174623 4446303 61692 0 488
cpu 4 560834 1 175685 4446317 62411 0 143
cpu 7 506050 0 171421 4507448 61175 0 573
cpu 6 545689 0 175302 4464158 61811 0 355
cpu 9 601146 0 164158 4395907 83491 0 398
cpu 8 652003 0 168098 4340004 83385 0 369
mem 1 99033092 81356020 17677072 1693920 15035192 172 0 16356200 14499040 373308 45656 0 0 196480 12288 0 0
mem 0 97636988 59754672 37882316 1146228 35436856 200 0 36012084 2323912 574528 14040 0 0 467556 8192 0 0
net vnet169 0 0 38476 0 0 0 0 0 0 0 0 0 224 0 47319 0 0 0 0 0 0 305 0
net vnet168 0 0 41178 0 0 0 0 0 0 0 0 0 247 0 51635 0 0 0 0 0 0 373 0
net eno1 0 268222 40596403558 0 0 713 0 0 0 0 0 0 32414654 0 1437566203 0 0 0 0 0 0 6200105 0
net lo 0 0 21514300 0 0 0 0 0 0 0 0 0 159095 0 21514300 0 0 0 0 0 0 159095 0
net virbr0 0 2116 9997357780 0 0 0 0 0 0 0 0 0 39930272 0 38536905982 0 0 0 0 0 0 23685816 0
net vnet165 0 0 43932 0 0 0 0 0 0 0 0 0 259 0 64297 0 0 0 0 0 0 517 0
net vnet167 0 0 226570 0 0 0 0 0 0 0 0 0 1106 0 195265 0 0 0 0 0 0 1129 0
net vnet166 0 0 43710 0 0 0 0 0 0 0 0 0 254 0 61239 0 0 0 0 0 0 467 0
numa 1 402386046 18781169 10118603 29535 402319357 18826681
numa 0 430213551 10118603 18781169 29710 430160407 10121162
ps - 728605041 4568606 450 479 532 8 910
sysv_shm - 0 0
tmpfs /run/lock 0 6
tmpfs /run 2285568 1138
tmpfs /run/user/20029 0 20
tmpfs /run/qemu 0 1
tmpfs /dev/shm 37622947840 105491
vfs - 135075 11344 187447
vm - 10 986647298 567607705 738014 1617408 860495692 901838854 195395844 8069301 1058139740 73026 0 0 0 0 0 1811072 0 311878 5997 0 1623853 318 0 3 0 0

1778497886.818818 0 node0.mimesys-workload.ldos-ut-pg0.wisc.cloudlab.us
block sda 5916533 680222 1973287164 26456409 3857074 20295196 1135298363 21629559 32 7352076 48414203
block sdb 674 0 7540 666 4 0 0 0 0 828 667
cpu 11 638918 0 171954 4333806 101036 0 17
cpu 10 677662 2 154988 4315607 100673 0 22
cpu 13 598102 0 139489 4408040 100006 0 16
cpu 12 602650 0 136340 4407233 100717 0 13
cpu 15 551671 2 132199 4460820 99998 0 11
cpu 14 578616 0 139663 4428466 98858 0 17
cpu 17 351638 0 113068 4767671 16157 0 9
cpu 16 421846 0 124680 4689454 14402 0 10
cpu 19 425899 0 123919 4685376 16306 0 10
cpu 18 473908 5 125947 4636177 15256 0 10
cpu 1 592790 0 205493 4376708 63254 0 2131
cpu 0 597007 45 163709 4379675 65731 0 1244
cpu 3 638474 0 219186 4325939 62096 0 622
cpu 2 627404 0 218375 4334937 64519 0 216
cpu 5 564066 0 174626 4446333 61692 0 488
cpu 4 560835 1 175690 4446348 62411 0 143
cpu 7 506051 0 171426 4507479 61175 0 573
cpu 6 545691 0 175306 4464189 61811 0 355
cpu 9 601146 0 164163 4395938 83491 0 398
cpu 8 652004 0 168103 4340034 83385 0 369
mem 1 99033092 81321248 17711844 1693888 15069416 192 0 16389816 14533936 373304 45396 0 0 196456 12288 0 0
mem 0 97636988 59751652 37885336 1146256 35438620 208 0 36012088 2324072 576332 14500 0 0 467640 8192 0 0
net vnet169 0 0 38476 0 0 0 0 0 0 0 0 0 224 0 47371 0 0 0 0 0 0 306 0
net vnet168 0 0 41178 0 0 0 0 0 0 0 0 0 247 0 51687 0 0 0 0 0 0 374 0
net eno1 0 268222 40596405212 0 0 713 0 0 0 0 0 0 32414680 0 1437566304 0 0 0 0 0 0 6200106 0
net lo 0 0 21514910 0 0 0 0 0 0 0 0 0 159099 0 21514910 0 0 0 0 0 0 159099 0
net virbr0 0 2116 9997357780 0 0 0 0 0 0 0 0 0 39930272 0 38536905982 0 0 0 0 0 0 23685816 0
net vnet165 0 0 43932 0 0 0 0 0 0 0 0 0 259 0 64349 0 0 0 0 0 0 518 0
net vnet167 0 0 226570 0 0 0 0 0 0 0 0 0 1106 0 195317 0 0 0 0 0 0 1130 0
net vnet166 0 0 43710 0 0 0 0 0 0 0 0 0 254 0 61291 0 0 0 0 0 0 468 0
numa 1 402403652 18781169 10118603 29535 402336963 18826681
numa 0 430233161 10118603 18781169 29710 430180017 10121162
ps - 728609076 4568875 450 479 532 5 910
sysv_shm - 0 0
tmpfs /run/lock 0 6
tmpfs /run 2285568 1138
tmpfs /run/user/20029 0 20
tmpfs /run/qemu 0 1
tmpfs /dev/shm 37622947840 105491
vfs - 135036 11344 187135
vm - 10 986647298 567708177 738014 1617408 860532927 901867409 195395855 8069301 1058194130 73026 0 0 0 0 0 1811072 0 311878 5997 0 1623853 318 0 3 0 0

1778497887.494654 0 node0.mimesys-workload.ldos-ut-pg0.wisc.cloudlab.us
block sda 5916534 680222 1973287172 26456412 3857172 20295197 1135475083 21634547 32 7352332 48419194
block sdb 674 0 7540 666 4 0 0 0 0 828 667
cpu 11 638931 0 171955 4333840 101055 0 17
cpu 10 677699 2 154991 4315635 100673 0 22
cpu 13 598167 0 139492 4408040 100006 0 16
cpu 12 602716 0 136342 4407233 100717 0 13
cpu 15 551694 2 132201 4460864 99998 0 11
cpu 14 578629 0 139663 4428505 98871 0 17
cpu 17 351692 0 113071 4767678 16160 0 9
cpu 16 421895 0 124681 4689457 14417 0 10
cpu 19 425901 0 123919 4685442 16306 0 10
cpu 18 473909 5 125947 4636243 15256 0 10
cpu 1 592792 0 205493 4376774 63254 0 2131
cpu 0 597009 45 163710 4379739 65731 0 1244
cpu 3 638474 0 219187 4326005 62096 0 622
cpu 2 627406 0 218376 4335003 64519 0 216
cpu 5 564068 0 174626 4446399 61692 0 488
cpu 4 560837 1 175691 4446412 62411 0 143
cpu 7 506053 0 171429 4507541 61175 0 573
cpu 6 545692 0 175306 4464255 61811 0 355
cpu 9 601147 0 164163 4396004 83491 0 398
cpu 8 652005 0 168104 4340101 83385 0 369
mem 1 99033092 81210884 17822208 1693884 15177404 224 0 16499104 14641944 372544 45540 0 0 196736 12288 0 0
mem 0 97636988 59748880 37888108 1146268 35439120 192 0 36012096 2323992 577200 14448 0 0 467548 8192 0 0
net vnet169 0 0 38476 0 0 0 0 0 0 0 0 0 224 0 47371 0 0 0 0 0 0 306 0
net vnet168 0 0 41178 0 0 0 0 0 0 0 0 0 247 0 51687 0 0 0 0 0 0 374 0
net eno1 0 268222 40596409893 0 0 713 0 0 0 0 0 0 32414748 0 1437566840 0 0 0 0 0 0 6200111 0
net lo 0 0 21516077 0 0 0 0 0 0 0 0 0 159107 0 21516077 0 0 0 0 0 0 159107 0
net virbr0 0 2116 9997360754 0 0 0 0 0 0 0 0 0 39930290 0 38536909762 0 0 0 0 0 0 23685829 0
net vnet165 0 0 43932 0 0 0 0 0 0 0 0 0 259 0 64349 0 0 0 0 0 0 518 0
net vnet167 0 0 229796 0 0 0 0 0 0 0 0 0 1124 0 199097 0 0 0 0 0 0 1143 0
net vnet166 0 0 43710 0 0 0 0 0 0 0 0 0 254 0 61291 0 0 0 0 0 0 468 0
numa 1 402431354 18781169 10118603 29535 402364665 18826681
numa 0 430236179 10118603 18781169 29710 430183035 10121162
ps - 728613812 4568891 502 489 535 7 906
sysv_shm - 0 0
tmpfs /run/lock 0 6
tmpfs /run 2285568 1138
tmpfs /run/user/20029 0 20
tmpfs /run/qemu 0 1
tmpfs /dev/shm 37622947840 105491
vfs - 135036 11344 187097
vm - 10 986647302 567766589 738014 1617408 860563631 901870442 195395855 8069301 1058226088 73026 0 0 0 0 0 1811072 0 311878 5997 0 1623853 318 0 3 0 0

1778497887.845185 0 node0.mimesys-workload.ldos-ut-pg0.wisc.cloudlab.us
block sda 5916534 680222 1973287172 26456412 3857212 20295197 1135547835 21637623 0 7352436 48422270
block sdb 674 0 7540 666 4 0 0 0 0 828 667
cpu 11 638944 0 171956 4333856 101060 0 17
cpu 10 677720 2 154993 4315648 100673 0 22
cpu 13 598200 0 139493 4408040 100006 0 16
cpu 12 602750 0 136342 4407233 100717 0 13
cpu 15 551724 2 132204 4460866 99998 0 11
cpu 14 578642 0 139664 4428518 98878 0 17
cpu 17 351720 0 113073 4767682 16160 0 9
cpu 16 421904 0 124686 4689475 14419 0 10
cpu 19 425904 0 123922 4685470 16306 0 10
cpu 18 473911 5 125950 4636271 15256 0 10
cpu 1 592794 0 205496 4376803 63254 0 2131
cpu 0 597010 45 163716 4379767 65731 0 1244
cpu 3 638476 0 219191 4326034 62096 0 622
cpu 2 627408 0 218379 4335032 64519 0 216
cpu 5 564071 0 174629 4446428 61692 0 488
cpu 4 560839 1 175695 4446440 62411 0 143
cpu 7 506055 0 171433 4507569 61175 0 573
cpu 6 545694 0 175310 4464284 61811 0 355
cpu 9 601150 0 164166 4396033 83491 0 398
cpu 8 652006 0 168108 4340130 83385 0 369
mem 1 99033092 81158476 17874616 1693888 15228576 240 0 16546504 14690792 375052 45636 0 0 196800 12288 0 0
mem 0 97636988 59788108 37848880 1146284 35438344 200 0 36012100 2325344 575560 14568 0 0 467588 8192 0 0
net vnet169 0 0 38476 0 0 0 0 0 0 0 0 0 224 0 47371 0 0 0 0 0 0 306 0
net vnet168 0 0 41178 0 0 0 0 0 0 0 0 0 247 0 51687 0 0 0 0 0 0 374 0
net eno1 0 268222 40596411847 0 0 713 0 0 0 0 0 0 32414779 0 1437566941 0 0 0 0 0 0 6200112 0
net lo 0 0 21516687 0 0 0 0 0 0 0 0 0 159111 0 21516687 0 0 0 0 0 0 159111 0
net virbr0 0 2116 9997362534 0 0 0 0 0 0 0 0 0 39930301 0 38536910760 0 0 0 0 0 0 23685838 0
net vnet165 0 0 43932 0 0 0 0 0 0 0 0 0 259 0 64349 0 0 0 0 0 0 518 0
net vnet167 0 0 231730 0 0 0 0 0 0 0 0 0 1135 0 200095 0 0 0 0 0 0 1152 0
net vnet166 0 0 43710 0 0 0 0 0 0 0 0 0 254 0 61291 0 0 0 0 0 0 468 0
numa 1 402452804 18781169 10118603 29535 402386115 18826681
numa 0 430255698 10118603 18781169 29710 430202553 10121163
ps - 728617635 4569161 502 489 535 6 906
sysv_shm - 0 0
tmpfs /run/lock 0 6
tmpfs /run 2285568 1138
tmpfs /run/user/20029 0 20
tmpfs /run/qemu 0 1
tmpfs /dev/shm 37622947840 105491
vfs - 135034 11344 187130
vm - 10 986647302 567773917 738014 1617408 860604612 901899482 195395866 8069301 1058284273 73026 0 0 0 0 0 1811072 0 311878 5997 0 1623853 318 0 3 0 0

1778497888.537372 0 node0.mimesys-workload.ldos-ut-pg0.wisc.cloudlab.us
block sda 5916536 680222 1973287188 26456587 3857503 20295205 1135991499 21656903 19 7353060 48441725
block sdb 674 0 7540 666 4 0 0 0 0 828 667
cpu 11 638967 0 171957 4333866 101094 0 17
cpu 10 677782 2 154997 4315651 100673 0 22
cpu 13 598218 0 139494 4408055 100039 0 16
cpu 12 602767 0 136344 4407258 100741 0 13
cpu 15 551784 2 132206 4460871 100000 0 11
cpu 14 578670 0 139668 4428523 98908 0 17
cpu 17 351778 0 113076 4767689 16161 0 9
cpu 16 421967 0 124688 4689480 14419 0 10
cpu 19 425906 0 123922 4685538 16306 0 10
cpu 18 473912 5 125951 4636313 15281 0 10
cpu 1 592795 0 205496 4376870 63254 0 2131
cpu 0 597012 45 163716 4379834 65731 0 1244
cpu 3 638476 0 219192 4326102 62096 0 622
cpu 2 627409 0 218379 4335100 64519 0 216
cpu 5 564071 0 174630 4446496 61692 0 488
cpu 4 560840 1 175696 4446508 62411 0 143
cpu 7 506058 0 171436 4507633 61175 0 573
cpu 6 545695 0 175310 4464353 61811 0 355
cpu 9 601151 0 164167 4396101 83491 0 398
cpu 8 652010 0 168108 4340197 83385 0 369
mem 1 99033092 81050872 17982220 1693900 15335424 256 0 16655928 14798536 373912 46388 0 0 197128 12288 0 0
mem 0 97636988 59789600 37847388 1146276 35437452 204 0 36012100 2324692 574532 13636 0 0 467700 8192 0 0
net vnet169 0 0 38476 0 0 0 0 0 0 0 0 0 224 0 47423 0 0 0 0 0 0 307 0
net vnet168 0 0 41178 0 0 0 0 0 0 0 0 0 247 0 51739 0 0 0 0 0 0 375 0
net eno1 0 268234 40596417411 0 0 713 0 0 0 0 0 0 32414858 0 1437567376 0 0 0 0 0 0 6200116 0
net lo 0 0 21517244 0 0 0 0 0 0 0 0 0 159115 0 21517244 0 0 0 0 0 0 159115 0
net virbr0 0 2116 9997362534 0 0 0 0 0 0 0 0 0 39930301 0 38536910760 0 0 0 0 0 0 23685838 0
net vnet165 0 0 43932 0 0 0 0 0 0 0 0 0 259 0 64401 0 0 0 0 0 0 519 0
net vnet167 0 0 231730 0 0 0 0 0 0 0 0 0 1135 0 200147 0 0 0 0 0 0 1153 0
net vnet166 0 0 43710 0 0 0 0 0 0 0 0 0 254 0 61343 0 0 0 0 0 0 469 0
numa 1 402481114 18781169 10118603 29535 402414425 18826681
numa 0 430257253 10118603 18781169 29710 430204108 10121163
ps - 728622180 4569181 502 489 535 6 915
sysv_shm - 0 0
tmpfs /run/lock 0 6
tmpfs /run 2285568 1138
tmpfs /run/user/20029 0 20
tmpfs /run/qemu 0 1
tmpfs /dev/shm 37622947840 105491
vfs - 135067 11344 187359
vm - 10 986647310 568017765 738014 1617408 860634462 901901601 195395866 8069301 1058313922 73026 0 0 0 0 0 1811072 0 311878 5997 0 1623853 318 0 3 0 0

1778497888.871473 0 node0.mimesys-workload.ldos-ut-pg0.wisc.cloudlab.us
block sda 5916536 680222 1973287188 26456587 3857889 20295223 1136226475 21659755 9 7353396 48444585
block sdb 674 0 7540 666 4 0 0 0 0 828 667
cpu 11 638992 0 171959 4333868 101099 0 17
cpu 10 677813 2 154998 4315653 100673 0 22
cpu 13 598236 0 139498 4408059 100046 0 16
cpu 12 602795 0 136345 4407263 100741 0 13
cpu 15 551808 2 132210 4460874 100003 0 11
cpu 14 578700 0 139669 4428525 98908 0 17
cpu 17 351810 0 113077 4767690 16161 0 9
cpu 16 421999 0 124688 4689482 14419 0 10
cpu 19 425910 0 123926 4685564 16306 0 10
cpu 18 473915 5 125956 4636340 15281 0 10
cpu 1 592797 0 205501 4376896 63254 0 2131
cpu 0 597016 45 163719 4379860 65731 0 1244
cpu 3 638479 0 219195 4326130 62096 0 622
cpu 2 627412 0 218382 4335127 64519 0 216
cpu 5 564074 0 174634 4446523 61692 0 488
cpu 4 560843 1 175699 4446535 62411 0 143
cpu 7 506063 0 171440 4507657 61176 0 573
cpu 6 545697 0 175314 4464380 61811 0 355
cpu 9 601152 0 164173 4396127 83491 0 398
cpu 8 652012 0 168112 4340224 83385 0 369
mem 1 99033092 81031052 18002040 1693884 15355868 268 0 16676052 14820028 373204 45612 0 0 197128 12288 0 0
mem 0 97636988 59786580 37850408 1146272 35440128 140 0 36012112 2324228 577868 14760 0 0 467812 8192 0 0
net vnet169 0 0 38476 0 0 0 0 0 0 0 0 0 224 0 47423 0 0 0 0 0 0 307 0
net vnet168 0 0 41178 0 0 0 0 0 0 0 0 0 247 0 51739 0 0 0 0 0 0 375 0
net eno1 0 268234 40596419339 0 0 713 0 0 0 0 0 0 32414887 0 1437567578 0 0 0 0 0 0 6200118 0
net lo 0 0 21518464 0 0 0 0 0 0 0 0 0 159123 0 21518464 0 0 0 0 0 0 159123 0
net virbr0 0 2116 9997362534 0 0 0 0 0 0 0 0 0 39930301 0 38536910760 0 0 0 0 0 0 23685838 0
net vnet165 0 0 43932 0 0 0 0 0 0 0 0 0 259 0 64401 0 0 0 0 0 0 519 0
net vnet167 0 0 231730 0 0 0 0 0 0 0 0 0 1135 0 200147 0 0 0 0 0 0 1153 0
net vnet166 0 0 43710 0 0 0 0 0 0 0 0 0 254 0 61343 0 0 0 0 0 0 469 0
numa 1 402493999 18781169 10118603 29535 402427310 18826681
numa 0 430279223 10118603 18781169 29710 430226078 10121163
ps - 728626456 4569456 502 489 535 9 915
sysv_shm - 0 0
tmpfs /run/lock 0 6
tmpfs /run 2285568 1138
tmpfs /run/user/20029 0 20
tmpfs /run/qemu 0 1
tmpfs /dev/shm 37622947840 105491
vfs - 135035 11384 187096
vm - 10 986647314 568119269 738014 1617408 860669343 901931456 195395880 8069301 1058366864 73026 0 0 0 0 0 1811072 0 311878 5997 0 1623853 318 0 3 0 0

1778497889.579718 0 node0.mimesys-workload.ldos-ut-pg0.wisc.cloudlab.us
block sda 5916538 680222 1973287204 26456622 3858297 20295228 1136720603 21684957 1 7354104 48469822
block sdb 674 0 7540 666 4 0 0 0 0 828 667
cpu 11 639052 0 171962 4333873 101100 0 17
cpu 10 677839 2 154998 4315662 100708 0 22
cpu 13 598283 0 139501 4408077 100049 0 16
cpu 12 602858 0 136346 4407270 100741 0 13
cpu 15 551846 2 132212 4460880 100027 0 11
cpu 14 578766 0 139674 4428526 98908 0 17
cpu 17 351855 0 113082 4767704 16169 0 9
cpu 16 422047 0 124691 4689497 14424 0 10
cpu 19 425912 0 123926 4685633 16306 0 10
cpu 18 473917 5 125957 4636408 15281 0 10
cpu 1 592798 0 205502 4376965 63254 0 2131
cpu 0 597023 45 163720 4379895 65760 0 1244
cpu 3 638481 0 219197 4326197 62096 0 622
cpu 2 627412 0 218383 4335197 64519 0 216
cpu 5 564074 0 174634 4446593 61692 0 488
cpu 4 560844 1 175701 4446604 62411 0 143
cpu 7 506065 0 171444 4507723 61176 0 573
cpu 6 545698 0 175314 4464450 61811 0 355
cpu 9 601155 0 164173 4396196 83491 0 398
cpu 8 652013 0 168113 4340293 83385 0 369
mem 1 99033092 80933396 18099696 1693872 15463108 0 0 16784968 14928212 372388 45436 0 0 197408 12288 0 0
mem 0 97636988 59786076 37850912 1146296 35438972 8 0 36012116 2324348 576688 14712 0 0 468092 8192 0 0
net vnet169 0 0 38476 0 0 0 0 0 0 0 0 0 224 0 47423 0 0 0 0 0 0 307 0
net vnet168 0 0 41178 0 0 0 0 0 0 0 0 0 247 0 51739 0 0 0 0 0 0 375 0
net eno1 0 268234 40596424136 0 0 713 0 0 0 0 0 0 32414959 0 1437567923 0 0 0 0 0 0 6200121 0
net lo 0 0 21519021 0 0 0 0 0 0 0 0 0 159127 0 21519021 0 0 0 0 0 0 159127 0
net virbr0 0 2116 9997367212 0 0 0 0 0 0 0 0 0 39930329 0 38536915448 0 0 0 0 0 0 23685859 0
net vnet165 0 0 43932 0 0 0 0 0 0 0 0 0 259 0 64401 0 0 0 0 0 0 519 0
net vnet167 0 0 236800 0 0 0 0 0 0 0 0 0 1163 0 204835 0 0 0 0 0 0 1174 0
net vnet166 0 0 43710 0 0 0 0 0 0 0 0 0 254 0 61343 0 0 0 0 0 0 469 0
numa 1 402522061 18781169 10118603 29535 402455372 18826681
numa 0 430281105 10118603 18781169 29710 430227960 10121163
ps - 728631303 4569467 502 489 535 5 915
sysv_shm - 0 0
tmpfs /run/lock 0 6
tmpfs /run 2285568 1138
tmpfs /run/user/20029 0 20
tmpfs /run/qemu 0 1
tmpfs /dev/shm 37622947840 105491
vfs - 135074 11344 187469
vm - 10 986647318 568364229 738014 1617408 860699303 901934091 195395881 8069301 1058396744 73026 0 0 0 0 0 1811072 0 311878 5997 0 1623853 318 0 3 0 0

1778497889.899214 0 node0.mimesys-workload.ldos-ut-pg0.wisc.cloudlab.us
block sda 5916539 680222 1973287332 26456626 3858336 20295228 1136792011 21685851 0 7354204 48470720
block sdb 674 0 7540 666 4 0 0 0 0 828 667
cpu 11 639083 0 171964 4333873 101100 0 17
cpu 10 677843 2 155002 4315679 100714 0 22
cpu 13 598296 0 139504 4408090 100052 0 16
cpu 12 602889 0 136347 4407270 100741 0 13
cpu 15 551866 2 132214 4460889 100029 0 11
cpu 14 578782 0 139676 4428539 98908 0 17
cpu 17 351878 0 113084 4767710 16169 0 9
cpu 16 422052 0 124696 4689515 14429 0 10
cpu 19 425915 0 123928 4685658 16306 0 10
cpu 18 473918 5 125960 4636434 15281 0 10
cpu 1 592801 0 205504 4376991 63254 0 2131
cpu 0 597024 45 163725 4379921 65760 0 1244
cpu 3 638482 0 219201 4326223 62096 0 622
cpu 2 627416 0 218385 4335223 64519 0 216
cpu 5 564074 0 174639 4446619 61692 0 488
cpu 4 560845 1 175707 4446629 62411 0 143
cpu 7 506066 0 171447 4507749 61176 0 573
cpu 6 545699 0 175319 4464476 61811 0 355
cpu 9 601158 0 164176 4396221 83491 0 398
cpu 8 652014 0 168117 4340320 83385 0 369
mem 1 99033092 80878968 18154124 1693864 15514200 60 0 16834344 14977896 373964 46004 0 0 197544 12288 0 0
mem 0 97636988 59787084 37849904 1146296 35437736 112 0 36012116 2325096 575924 14460 0 0 467988 8192 0 0
net vnet169 0 0 38476 0 0 0 0 0 0 0 0 0 224 0 47423 0 0 0 0 0 0 307 0
net vnet168 0 0 41178 0 0 0 0 0 0 0 0 0 247 0 51739 0 0 0 0 0 0 375 0
net eno1 0 268234 40596426270 0 0 713 0 0 0 0 0 0 32414993 0 1437568024 0 0 0 0 0 0 6200122 0
net lo 0 0 21519631 0 0 0 0 0 0 0 0 0 159131 0 21519631 0 0 0 0 0 0 159131 0
net virbr0 0 2116 9997367212 0 0 0 0 0 0 0 0 0 39930329 0 38536915448 0 0 0 0 0 0 23685859 0
net vnet165 0 0 43932 0 0 0 0 0 0 0 0 0 259 0 64401 0 0 0 0 0 0 519 0
net vnet167 0 0 236800 0 0 0 0 0 0 0 0 0 1163 0 204835 0 0 0 0 0 0 1174 0
net vnet166 0 0 43710 0 0 0 0 0 0 0 0 0 254 0 61343 0 0 0 0 0 0 469 0
numa 1 402544846 18781169 10118603 29535 402478157 18826681
numa 0 430298944 10118603 18781169 29710 430245799 10121163
ps - 728634771 4569736 502 489 535 4 915
sysv_shm - 0 0
tmpfs /run/lock 0 6
tmpfs /run 2285568 1138
tmpfs /run/user/20029 0 20
tmpfs /run/qemu 0 1
tmpfs /dev/shm 37622947840 105491
vfs - 135035 11264 187157
vm - 10 986647382 568396005 738014 1617408 860739895 901962618 195395896 8069301 1058454503 73026 0 0 0 0 0 1811072 0 311878 5997 0 1623853 318 0 3 0 0

1778497890.621573 0 node0.mimesys-workload.ldos-ut-pg0.wisc.cloudlab.us
block sda 5916539 680222 1973287332 26456626 3858336 20295228 1136792011 21685851 0 7354204 48470720
block sdb 674 0 7540 666 4 0 0 0 0 828 667
cpu 11 639146 0 171968 4333879 101100 0 17
cpu 10 677857 2 155002 4315735 100714 0 22
cpu 13 598356 0 139506 4408099 100052 0 16
cpu 12 602927 0 136348 4407304 100741 0 13
cpu 15 551934 2 132216 4460890 100029 0 11
cpu 14 578809 0 139678 4428582 98908 0 17
cpu 17 351918 0 113085 4767740 16169 0 9
cpu 16 422076 0 124698 4689561 14429 0 10
cpu 19 425917 0 123928 4685728 16306 0 10
cpu 18 473919 5 125961 4636505 15281 0 10
cpu 1 592804 0 205504 4377060 63254 0 2131
cpu 0 597025 45 163725 4379991 65760 0 1244
cpu 3 638483 0 219203 4326292 62096 0 622
cpu 2 627418 0 218387 4335292 64519 0 216
cpu 5 564076 0 174639 4446690 61692 0 488
cpu 4 560846 1 175707 4446700 62411 0 143
cpu 7 506069 0 171448 4507818 61176 0 573
cpu 6 545700 0 175320 4464545 61811 0 355
cpu 9 601159 0 164177 4396292 83491 0 398
cpu 8 652020 0 168118 4340385 83385 0 369
mem 1 99033092 80772144 18260948 1693928 15620268 108 0 16940188 15083632 374388 47164 0 0 197840 12288 0 0
mem 0 97636988 59784564 37852424 1146292 35437720 124 0 36012120 2324772 575396 14296 0 0 467676 8192 0 0
net vnet169 0 0 38476 0 0 0 0 0 0 0 0 0 224 0 47475 0 0 0 0 0 0 308 0
net vnet168 0 0 41178 0 0 0 0 0 0 0 0 0 247 0 51791 0 0 0 0 0 0 376 0
net eno1 0 268247 40596431821 0 0 713 0 0 0 0 0 0 32415076 0 1437568470 0 0 0 0 0 0 6200126 0
net lo 0 0 21520798 0 0 0 0 0 0 0 0 0 159139 0 21520798 0 0 0 0 0 0 159139 0
net virbr0 0 2116 9997370058 0 0 0 0 0 0 0 0 0 39930345 0 38536919138 0 0 0 0 0 0 23685871 0
net vnet165 0 0 43932 0 0 0 0 0 0 0 0 0 259 0 64453 0 0 0 0 0 0 520 0
net vnet167 0 0 239870 0 0 0 0 0 0 0 0 0 1179 0 208577 0 0 0 0 0 0 1187 0
net vnet166 0 0 43710 0 0 0 0 0 0 0 0 0 254 0 61395 0 0 0 0 0 0 470 0
numa 1 402572791 18781169 10118603 29535 402506102 18826681
numa 0 430302011 10118603 18781169 29710 430248866 10121163
ps - 728639200 4569752 502 489 535 9 915
sysv_shm - 0 0
tmpfs /run/lock 0 6
tmpfs /run 2285568 1138
tmpfs /run/user/20029 0 20
tmpfs /run/qemu 0 1
tmpfs /dev/shm 37622947840 105491
vfs - 135036 11264 187151
vm - 10 986647382 568396005 738014 1617408 860770914 901965493 195395897 8069301 1058486887 73026 0 0 0 0 0 1811072 0 311878 5997 0 1623853 318 0 3 0 0

1778497890.926018 0 node0.mimesys-workload.ldos-ut-pg0.wisc.cloudlab.us
block sda 5916539 680222 1973287332 26456626 3858336 20295228 1136792011 21685851 0 7354204 48470720
block sdb 674 0 7540 666 4 0 0 0 0 828 667
cpu 11 639168 0 171971 4333885 101100 0 17
cpu 10 677867 2 155006 4315750 100714 0 22
cpu 13 598378 0 139508 4408104 100052 0 16
cpu 12 602943 0 136350 4407317 100741 0 13
cpu 15 551961 2 132220 4460890 100029 0 11
cpu 14 578838 0 139680 4428582 98908 0 17
cpu 17 351934 0 113088 4767752 16169 0 9
cpu 16 422105 0 124698 4689562 14429 0 10
cpu 19 425920 0 123933 4685752 16306 0 10
cpu 18 473921 5 125966 4636528 15281 0 10
cpu 1 592808 0 205508 4377084 63254 0 2131
cpu 0 597028 45 163728 4380015 65760 0 1244
cpu 3 638484 0 219208 4326316 62096 0 622
cpu 2 627419 0 218392 4335316 64519 0 216
cpu 5 564077 0 174644 4446714 61692 0 488
cpu 4 560847 1 175713 4446724 62411 0 143
cpu 7 506071 0 171452 4507842 61176 0 573
cpu 6 545703 0 175324 4464568 61811 0 355
cpu 9 601160 0 164181 4396316 83491 0 398
cpu 8 652023 0 168121 4340409 83385 0 369
mem 1 99033092 80720752 18312340 1693912 15668024 124 0 16987264 15132096 374096 46536 0 0 197840 12288 0 0
mem 0 97636988 59783556 37853432 1146252 35440464 132 0 36012124 2325192 578168 14088 0 0 467660 8192 0 0
net vnet169 0 0 38476 0 0 0 0 0 0 0 0 0 224 0 47475 0 0 0 0 0 0 308 0
net vnet168 0 0 41178 0 0 0 0 0 0 0 0 0 247 0 51791 0 0 0 0 0 0 376 0
net eno1 0 268247 40596433235 0 0 713 0 0 0 0 0 0 32415098 0 1437568571 0 0 0 0 0 0 6200127 0
net lo 0 0 21521408 0 0 0 0 0 0 0 0 0 159143 0 21521408 0 0 0 0 0 0 159143 0
net virbr0 0 2116 9997370110 0 0 0 0 0 0 0 0 0 39930346 0 38536919138 0 0 0 0 0 0 23685871 0
net vnet165 0 0 43932 0 0 0 0 0 0 0 0 0 259 0 64453 0 0 0 0 0 0 520 0
net vnet167 0 0 239936 0 0 0 0 0 0 0 0 0 1180 0 208577 0 0 0 0 0 0 1187 0
net vnet166 0 0 43710 0 0 0 0 0 0 0 0 0 254 0 61395 0 0 0 0 0 0 470 0
numa 1 402592856 18781169 10118603 29535 402526167 18826681
numa 0 430321107 10118603 18781169 29710 430267962 10121163
ps - 728642642 4570021 502 489 535 9 915
sysv_shm - 0 0
tmpfs /run/lock 0 6
tmpfs /run 2285568 1138
tmpfs /run/user/20029 0 20
tmpfs /run/qemu 0 1
tmpfs /dev/shm 37622947840 105491
vfs - 135036 11264 187175
vm - 10 986647382 568396005 738014 1617408 860810060 901993909 195395901 8069301 1058543166 73026 0 0 0 0 0 1811072 0 311878 5997 0 1623853 318 0 3 0 0

1778497891.665467 0 node0.mimesys-workload.ldos-ut-pg0.wisc.cloudlab.us
block sda 5916539 680222 1973287332 26456626 3858336 20295228 1136792011 21685851 0 7354204 48470720
block sdb 674 0 7540 666 4 0 0 0 0 828 667
cpu 11 639238 0 171974 4333886 101100 0 17
cpu 10 677935 2 155009 4315753 100714 0 22
cpu 13 598396 0 139508 4408158 100052 0 16
cpu 12 602966 0 136350 4407368 100741 0 13
cpu 15 552029 2 132222 4460895 100029 0 11
cpu 14 578860 0 139680 4428634 98908 0 17
cpu 17 351953 0 113088 4767807 16169 0 9
cpu 16 422170 0 124702 4689568 14429 0 10
cpu 19 425922 0 123933 4685824 16306 0 10
cpu 18 473923 5 125966 4636600 15281 0 10
cpu 1 592810 0 205508 4377156 63254 0 2131
cpu 0 597031 45 163728 4380086 65760 0 1244
cpu 3 638484 0 219208 4326389 62096 0 622
cpu 2 627420 0 218394 4335387 64519 0 216
cpu 5 564080 0 174644 4446786 61692 0 488
cpu 4 560848 1 175714 4446798 62411 0 143
cpu 7 506071 0 171455 4507914 61176 0 573
cpu 6 545704 0 175324 4464642 61811 0 355
cpu 9 601161 0 164181 4396389 83491 0 398
cpu 8 652024 0 168122 4340481 83385 0 369
mem 1 99033092 80626756 18406336 1693896 15761460 140 0 17082120 15224956 373180 46900 0 0 198168 12288 0 0
mem 0 97636988 59782800 37854188 1146276 35437060 136 0 36012128 2324040 574752 14236 0 0 467636 8192 0 0
net vnet169 0 0 38476 0 0 0 0 0 0 0 0 0 224 0 47475 0 0 0 0 0 0 308 0
net vnet168 0 0 41178 0 0 0 0 0 0 0 0 0 247 0 51791 0 0 0 0 0 0 376 0
net eno1 0 268247 40596438226 0 0 713 0 0 0 0 0 0 32415173 0 1437568990 0 0 0 0 0 0 6200131 0
net lo 0 0 21521965 0 0 0 0 0 0 0 0 0 159147 0 21521965 0 0 0 0 0 0 159147 0
net virbr0 0 2116 9997371890 0 0 0 0 0 0 0 0 0 39930357 0 38536920136 0 0 0 0 0 0 23685880 0
net vnet165 0 0 43932 0 0 0 0 0 0 0 0 0 259 0 64453 0 0 0 0 0 0 520 0
net vnet167 0 0 241870 0 0 0 0 0 0 0 0 0 1191 0 209575 0 0 0 0 0 0 1196 0
net vnet166 0 0 43710 0 0 0 0 0 0 0 0 0 254 0 61395 0 0 0 0 0 0 470 0
numa 1 402616898 18781169 10118603 29535 402550209 18826681
numa 0 430322725 10118603 18781169 29710 430269580 10121163
ps - 728646419 4570032 502 489 535 5 911
sysv_shm - 0 0
tmpfs /run/lock 0 6
tmpfs /run 2285568 1138
tmpfs /run/user/20029 0 20
tmpfs /run/qemu 0 1
tmpfs /dev/shm 37622947840 105491
vfs - 135055 11264 187293
vm - 10 986647382 568396005 738014 1617408 860835754 901996115 195395902 8069301 1058569202 73026 0 0 0 0 0 1811072 0 311878 5997 0 1623853 318 0 3 0 0

1778497891.950517 0 node0.mimesys-workload.ldos-ut-pg0.wisc.cloudlab.us
block sda 5916539 680222 1973287332 26456626 3858336 20295228 1136792011 21685851 0 7354204 48470720
block sdb 674 0 7540 666 4 0 0 0 0 828 667
cpu 11 639259 0 171977 4333891 101100 0 17
cpu 10 677940 2 155013 4315772 100714 0 22
cpu 13 598418 0 139510 4408163 100052 0 16
cpu 12 602980 0 136353 4407381 100741 0 13
cpu 15 552035 2 132225 4460913 100029 0 11
cpu 14 578868 0 139685 4428648 98908 0 17
cpu 17 351977 0 113090 4767810 16169 0 9
cpu 16 422196 0 124704 4689569 14429 0 10
cpu 19 425925 0 123936 4685846 16306 0 10
cpu 18 473926 5 125970 4636622 15281 0 10
cpu 1 592813 0 205510 4377177 63254 0 2131
cpu 0 597032 45 163733 4380108 65760 0 1244
cpu 3 638487 0 219210 4326412 62096 0 622
cpu 2 627423 0 218398 4335409 64519 0 216
cpu 5 564082 0 174648 4446809 61692 0 488
cpu 4 560849 1 175720 4446819 62411 0 143
cpu 7 506074 0 171458 4507936 61176 0 573
cpu 6 545705 0 175328 4464664 61811 0 355
cpu 9 601161 0 164187 4396412 83491 0 398
cpu 8 652025 0 168126 4340504 83385 0 369
mem 1 99033092 80595564 18437528 1693904 15805856 140 0 17124408 15268628 374828 47112 0 0 198184 12288 0 0
mem 0 97636988 59780532 37856456 1146264 35439392 136 0 36012128 2325516 577128 14524 0 0 467572 8192 0 0
net vnet169 0 0 38476 0 0 0 0 0 0 0 0 0 224 0 47475 0 0 0 0 0 0 308 0
net vnet168 0 0 41178 0 0 0 0 0 0 0 0 0 247 0 51791 0 0 0 0 0 0 376 0
net eno1 0 268247 40596441626 0 0 713 0 0 0 0 0 0 32415202 0 1437570509 0 0 0 0 0 0 6200136 0
net lo 0 0 21522575 0 0 0 0 0 0 0 0 0 159151 0 21522575 0 0 0 0 0 0 159151 0
net virbr0 0 2116 9997371890 0 0 0 0 0 0 0 0 0 39930357 0 38536920136 0 0 0 0 0 0 23685880 0
net vnet165 0 0 43932 0 0 0 0 0 0 0 0 0 259 0 64453 0 0 0 0 0 0 520 0
net vnet167 0 0 241870 0 0 0 0 0 0 0 0 0 1191 0 209575 0 0 0 0 0 0 1196 0
net vnet166 0 0 43710 0 0 0 0 0 0 0 0 0 254 0 61395 0 0 0 0 0 0 470 0
numa 1 402637738 18781169 10118603 29535 402571049 18826681
numa 0 430341481 10118603 18781169 29710 430288335 10121164
ps - 728649658 4570303 501 490 535 6 913
sysv_shm - 0 0
tmpfs /run/lock 0 6
tmpfs /run 2285568 1138
tmpfs /run/user/20029 0 20
tmpfs /run/qemu 0 1
tmpfs /dev/shm 37622947840 105491
vfs - 135040 11344 187132
vm - 10 986647382 568396005 738014 1617408 860875327 902024590 195395917 8069301 1058626301 73026 0 0 0 0 0 1811072 0 311878 5997 0 1623853 318 0 3 0 0

1778497892.708569 0 node0.mimesys-workload.ldos-ut-pg0.wisc.cloudlab.us
block sda 5916539 680222 1973287332 26456626 3858409 20295230 1136893915 21687927 18 7354352 48472797
block sdb 674 0 7540 666 4 0 0 0 0 828 667
cpu 11 639298 0 171980 4333924 101102 0 17
cpu 10 677990 2 155016 4315795 100714 0 22
cpu 13 598476 0 139511 4408174 100058 0 16
cpu 12 603047 0 136356 4407386 100741 0 13
cpu 15 552060 2 132226 4460958 100033 0 11
cpu 14 578918 0 139686 4428673 98908 0 17
cpu 17 352036 0 113094 4767824 16169 0 9
cpu 16 422234 0 124706 4689599 14433 0 10
cpu 19 425927 0 123936 4685919 16306 0 10
cpu 18 473928 5 125970 4636696 15281 0 10
cpu 1 592822 0 205512 4377243 63254 0 2131
cpu 0 597033 45 163736 4380179 65760 0 1244
cpu 3 638487 0 219211 4326486 62096 0 622
cpu 2 627425 0 218400 4335481 64519 0 216
cpu 5 564086 0 174648 4446882 61692 0 488
cpu 4 560849 1 175720 4446894 62411 0 143
cpu 7 506076 0 171462 4508006 61176 0 573
cpu 6 545708 0 175328 4464737 61811 0 355
cpu 9 601163 0 164188 4396484 83491 0 398
cpu 8 652025 0 168127 4340578 83385 0 369
mem 1 99033092 80486364 18546728 1693904 15911060 224 0 17232236 15375072 373052 47132 0 0 198520 12288 0 0
mem 0 97636988 59777008 37859980 1146276 35438680 148 0 36012132 2324100 576732 14272 0 0 467740 8192 0 0
net vnet169 0 0 38476 0 0 0 0 0 0 0 0 0 224 0 47527 0 0 0 0 0 0 309 0
net vnet168 0 0 41178 0 0 0 0 0 0 0 0 0 247 0 51843 0 0 0 0 0 0 377 0
net eno1 0 268261 40596447031 0 0 713 0 0 0 0 0 0 32415279 0 1437571903 0 0 0 0 0 0 6200144 0
net lo 0 0 21523742 0 0 0 0 0 0 0 0 0 159159 0 21523742 0 0 0 0 0 0 159159 0
net virbr0 0 2116 9997376088 0 0 0 0 0 0 0 0 0 39930379 0 38536924398 0 0 0 0 0 0 23685896 0
net vnet165 0 0 43932 0 0 0 0 0 0 0 0 0 259 0 64505 0 0 0 0 0 0 521 0
net vnet167 0 0 246376 0 0 0 0 0 0 0 0 0 1213 0 213889 0 0 0 0 0 0 1213 0
net vnet166 0 0 43710 0 0 0 0 0 0 0 0 0 254 0 61447 0 0 0 0 0 0 471 0
numa 1 402664996 18781169 10118603 29535 402598307 18826681
numa 0 430344860 10118603 18781169 29710 430291714 10121164
ps - 728654439 4570319 501 490 535 6 911
sysv_shm - 0 0
tmpfs /run/lock 0 6
tmpfs /run 2285568 1138
tmpfs /run/user/20029 0 20
tmpfs /run/qemu 0 1
tmpfs /dev/shm 37622947840 105491
vfs - 135077 11344 187455
vm - 10 986647382 568463341 738014 1617408 860905963 902028366 195395917 8069301 1058658189 73026 0 0 0 0 0 1811072 0 311878 5997 0 1623853 318 0 3 0 0

1778497892.976558 0 node0.mimesys-workload.ldos-ut-pg0.wisc.cloudlab.us
block sda 5916539 680222 1973287332 26456626 3858433 20295230 1136936315 21688422 0 7354404 48473292
block sdb 674 0 7540 666 4 0 0 0 0 828 667
cpu 11 639313 0 171982 4333934 101102 0 17
cpu 10 678000 2 155019 4315809 100714 0 22
cpu 13 598488 0 139516 4408183 100060 0 16
cpu 12 603072 0 136357 4407387 100741 0 13
cpu 15 552070 2 132230 4460969 100033 0 11
cpu 14 578938 0 139688 4428679 98908 0 17
cpu 17 352062 0 113094 4767824 16169 0 9
cpu 16 422253 0 124707 4689605 14434 0 10
cpu 19 425930 0 123939 4685940 16306 0 10
cpu 18 473929 5 125976 4636716 15281 0 10
cpu 1 592824 0 205516 4377264 63254 0 2131
cpu 0 597036 45 163739 4380199 65760 0 1244
cpu 3 638488 0 219215 4326508 62096 0 622
cpu 2 627426 0 218405 4335502 64519 0 216
cpu 5 564088 0 174652 4446903 61692 0 488
cpu 4 560851 1 175723 4446915 62411 0 143
cpu 7 506076 0 171467 4508028 61176 0 573
cpu 6 545709 0 175333 4464758 61811 0 355
cpu 9 601164 0 164193 4396505 83491 0 398
cpu 8 652028 0 168129 4340600 83385 0 369
mem 1 99033092 80450868 18582224 1693892 15943708 240 0 17263136 15406468 374360 46884 0 0 198560 12288 0 0
mem 0 97636988 59777008 37859980 1146280 35438016 156 0 36012136 2325676 575664 14640 0 0 467540 8192 0 0
net vnet169 0 0 38476 0 0 0 0 0 0 0 0 0 224 0 47527 0 0 0 0 0 0 309 0
net vnet168 0 0 41178 0 0 0 0 0 0 0 0 0 247 0 51843 0 0 0 0 0 0 377 0
net eno1 0 268261 40596448151 0 0 713 0 0 0 0 0 0 32415296 0 1437572004 0 0 0 0 0 0 6200145 0
net lo 0 0 21524352 0 0 0 0 0 0 0 0 0 159163 0 21524352 0 0 0 0 0 0 159163 0
net virbr0 0 2116 9997376568 0 0 0 0 0 0 0 0 0 39930385 0 38536924824 0 0 0 0 0 0 23685901 0
net vnet165 0 0 43932 0 0 0 0 0 0 0 0 0 259 0 64505 0 0 0 0 0 0 521 0
net vnet167 0 0 246940 0 0 0 0 0 0 0 0 0 1219 0 214315 0 0 0 0 0 0 1218 0
net vnet166 0 0 43710 0 0 0 0 0 0 0 0 0 254 0 61447 0 0 0 0 0 0 471 0
numa 1 402683586 18781169 10118603 29535 402616897 18826681
numa 0 430362648 10118603 18781169 29710 430309502 10121164
ps - 728657815 4570589 501 490 535 5 911
sysv_shm - 0 0
tmpfs /run/lock 0 6
tmpfs /run 2285568 1138
tmpfs /run/user/20029 0 20
tmpfs /run/qemu 0 1
tmpfs /dev/shm 37622951936 105491
vfs - 135035 11344 187133
vm - 10 986647382 568468157 738014 1617408 860942341 902057332 195395927 8069301 1058711903 73026 0 0 0 0 0 1811072 0 311878 5997 0 1623853 318 0 3 0 0

1778497893.750922 0 node0.mimesys-workload.ldos-ut-pg0.wisc.cloudlab.us
block sda 5916541 680222 1973287348 26456673 3858813 20295247 1137413171 21705249 13 7355048 48490199
block sdb 674 0 7540 666 4 0 0 0 0 828 667
cpu 11 639347 0 171983 4333963 101116 0 17
cpu 10 678027 2 155020 4315842 100730 0 22
cpu 13 598540 0 139519 4408200 100067 0 16
cpu 12 603132 0 136360 4407395 100748 0 13
cpu 15 552098 2 132232 4460983 100065 0 11
cpu 14 578958 0 139689 4428728 98915 0 17
cpu 17 352124 0 113096 4767829 16177 0 9
cpu 16 422325 0 124709 4689608 14434 0 10
cpu 19 425932 0 123939 4686014 16306 0 10
cpu 18 473931 5 125976 4636782 15290 0 10
cpu 1 592827 0 205516 4377339 63254 0 2131
cpu 0 597038 45 163740 4380274 65760 0 1244
cpu 3 638490 0 219216 4326583 62096 0 622
cpu 2 627427 0 218407 4335576 64519 0 216
cpu 5 564090 0 174652 4446979 61692 0 488
cpu 4 560852 1 175724 4446992 62411 0 143
cpu 7 506076 0 171467 4508100 61181 0 573
cpu 6 545710 0 175334 4464835 61811 0 355
cpu 9 601164 0 164195 4396581 83491 0 398
cpu 8 652028 0 168130 4340676 83385 0 369
mem 1 99033092 80347548 18685544 1693888 16044816 260 0 17366224 15509056 372824 47252 0 0 198960 12288 0 0
mem 0 97636988 59776504 37860484 1146304 35437524 196 0 36012144 2324140 575660 14412 0 0 467444 8192 0 0
net vnet169 0 0 38476 0 0 0 0 0 0 0 0 0 224 0 47527 0 0 0 0 0 0 309 0
net vnet168 0 0 41178 0 0 0 0 0 0 0 0 0 247 0 51843 0 0 0 0 0 0 377 0
net eno1 0 268261 40596453368 0 0 713 0 0 0 0 0 0 32415375 0 1437572349 0 0 0 0 0 0 6200148 0
net lo 0 0 21524909 0 0 0 0 0 0 0 0 0 159167 0 21524909 0 0 0 0 0 0 159167 0
net virbr0 0 2116 9997376568 0 0 0 0 0 0 0 0 0 39930385 0 38536924824 0 0 0 0 0 0 23685901 0
net vnet165 0 0 43932 0 0 0 0 0 0 0 0 0 259 0 64505 0 0 0 0 0 0 521 0
net vnet167 0 0 246940 0 0 0 0 0 0 0 0 0 1219 0 214315 0 0 0 0 0 0 1218 0
net vnet166 0 0 43710 0 0 0 0 0 0 0 0 0 254 0 61447 0 0 0 0 0 0 471 0
numa 1 402710410 18781169 10118603 29535 402643721 18826681
numa 0 430364029 10118603 18781169 29710 430310883 10121164
ps - 728662154 4570601 501 490 535 9 913
sysv_shm - 0 0
tmpfs /run/lock 0 6
tmpfs /run 2285568 1138
tmpfs /run/user/20029 0 20
tmpfs /run/qemu 0 1
tmpfs /dev/shm 37622951936 105491
vfs - 135034 11384 187125
vm - 10 986647390 568730469 738014 1617408 860970559 902059396 195395928 8069301 1058739881 73026 0 0 0 0 0 1811072 0 311878 5997 0 1623853 318 0 3 0 0

1778497894.003482 0 node0.mimesys-workload.ldos-ut-pg0.wisc.cloudlab.us
block sda 5916542 680222 1973287356 26456738 3858933 20295250 1137589531 21710555 32 7355292 48495638
block sdb 674 0 7540 666 4 0 0 0 0 828 667
cpu 11 639354 0 171986 4333972 101121 0 17
cpu 10 678036 2 155023 4315844 100740 0 22
cpu 13 598562 0 139521 4408201 100067 0 16
cpu 12 603157 0 136360 4407395 100748 0 13
cpu 15 552106 2 132235 4460990 100072 0 11
cpu 14 578965 0 139692 4428734 98924 0 17
cpu 17 352146 0 113098 4767829 16178 0 9
cpu 16 422347 0 124710 4689610 14434 0 10
cpu 19 425934 0 123944 4686033 16306 0 10
cpu 18 473933 5 125980 4636791 15300 0 10
cpu 1 592830 0 205520 4377358 63254 0 2131
cpu 0 597040 45 163744 4380293 65760 0 1244
cpu 3 638493 0 219220 4326602 62096 0 622
cpu 2 627428 0 218413 4335595 64519 0 216
cpu 5 564092 0 174656 4446997 61692 0 488
cpu 4 560860 1 175728 4447005 62411 0 143
cpu 7 506078 0 171472 4508118 61181 0 573
cpu 6 545712 0 175338 4464853 61811 0 355
cpu 9 601166 0 164199 4396600 83491 0 398
cpu 8 652032 0 168135 4340693 83385 0 369
mem 1 99033092 80302188 18730904 1693884 16087060 260 0 17407516 15553200 373312 47032 0 0 198928 12288 0 0
mem 0 97636988 59785296 37851692 1146328 35441060 208 0 36012152 2325520 579232 14904 0 0 467476 8192 0 0
net vnet169 0 0 38476 0 0 0 0 0 0 0 0 0 224 0 47527 0 0 0 0 0 0 309 0
net vnet168 0 0 41178 0 0 0 0 0 0 0 0 0 247 0 51843 0 0 0 0 0 0 377 0
net eno1 0 268261 40596454636 0 0 713 0 0 0 0 0 0 32415393 0 1437572551 0 0 0 0 0 0 6200150 0
net lo 0 0 21526129 0 0 0 0 0 0 0 0 0 159175 0 21526129 0 0 0 0 0 0 159175 0
net virbr0 0 2116 9997379466 0 0 0 0 0 0 0 0 0 39930402 0 38536928514 0 0 0 0 0 0 23685913 0
net vnet165 0 0 43932 0 0 0 0 0 0 0 0 0 259 0 64505 0 0 0 0 0 0 521 0
net vnet167 0 0 250076 0 0 0 0 0 0 0 0 0 1236 0 218005 0 0 0 0 0 0 1230 0
net vnet166 0 0 43710 0 0 0 0 0 0 0 0 0 254 0 61447 0 0 0 0 0 0 471 0
numa 1 402730525 18781169 10118603 29535 402663835 18826682
numa 0 430384540 10118603 18781169 29710 430331394 10121164
ps - 728665701 4570876 501 490 535 9 913
sysv_shm - 0 0
tmpfs /run/lock 0 6
tmpfs /run 2285568 1138
tmpfs /run/user/20029 0 20
tmpfs /run/qemu 0 1
tmpfs /dev/shm 37622951936 105491
vfs - 135036 11384 187149
vm - 10 986647394 568822993 738014 1617408 861011203 902089330 195395942 8069301 1058798522 73026 0 0 0 0 0 1811072 0 311878 5997 0 1623853 318 0 3 0 0

1778497894.794542 0 node0.mimesys-workload.ldos-ut-pg0.wisc.cloudlab.us
block sda 5916545 680222 1973287500 26456872 3859485 20295256 1138139507 21727292 32 7356064 48512509
block sdb 674 0 7540 666 4 0 0 0 0 828 667
cpu 11 639378 0 171988 4333988 101155 0 17
cpu 10 678085 2 155027 4315853 100757 0 22
cpu 13 598638 0 139524 4408201 100067 0 16
cpu 12 603228 0 136364 4407397 100750 0 13
cpu 15 552161 2 132236 4460995 100090 0 11
cpu 14 579007 0 139694 4428754 98938 0 17
cpu 17 352182 0 113104 4767832 16212 0 9
cpu 16 422370 0 124712 4689653 14444 0 10
cpu 19 425937 0 123944 4686110 16306 0 10
cpu 18 473936 5 125980 4636867 15300 0 10
cpu 1 592831 0 205520 4377435 63254 0 2131
cpu 0 597042 45 163745 4380369 65760 0 1244
cpu 3 638494 0 219220 4326678 62096 0 622
cpu 2 627429 0 218414 4335671 64519 0 216
cpu 5 564092 0 174657 4447076 61692 0 488
cpu 4 560860 1 175730 4447083 62411 0 143
cpu 7 506080 0 171473 4508194 61181 0 573
cpu 6 545713 0 175338 4464931 61811 0 355
cpu 9 601166 0 164200 4396678 83491 0 398
cpu 8 652033 0 168135 4340771 83385 0 369
mem 1 99033092 80176224 18856868 1693880 16211796 312 0 17533576 15676408 372528 47576 0 0 199344 12288 0 0
mem 0 97636988 59784956 37852032 1146316 35437924 168 0 36012156 2324040 575604 14424 0 0 467384 8192 0 0
net vnet169 0 0 38476 0 0 0 0 0 0 0 0 0 224 0 47579 0 0 0 0 0 0 310 0
net vnet168 0 0 41178 0 0 0 0 0 0 0 0 0 247 0 51895 0 0 0 0 0 0 378 0
net eno1 0 268275 40596459433 0 0 713 0 0 0 0 0 0 32415465 0 1437572896 0 0 0 0 0 0 6200153 0
net lo 0 0 21526686 0 0 0 0 0 0 0 0 0 159179 0 21526686 0 0 0 0 0 0 159179 0
net virbr0 0 2116 9997381246 0 0 0 0 0 0 0 0 0 39930413 0 38536929512 0 0 0 0 0 0 23685922 0
net vnet165 0 0 43932 0 0 0 0 0 0 0 0 0 259 0 64557 0 0 0 0 0 0 522 0
net vnet167 0 0 252010 0 0 0 0 0 0 0 0 0 1247 0 219055 0 0 0 0 0 0 1240 0
net vnet166 0 0 43710 0 0 0 0 0 0 0 0 0 254 0 61499 0 0 0 0 0 0 472 0
numa 1 402762684 18781169 10118603 29535 402695994 18826682
numa 0 430386235 10118603 18781169 29710 430333089 10121164
ps - 728671740 4570887 501 490 535 5 913
sysv_shm - 0 0
tmpfs /run/lock 0 6
tmpfs /run 2285568 1138
tmpfs /run/user/20029 0 20
tmpfs /run/qemu 0 1
tmpfs /dev/shm 37622951936 105491
vfs - 135053 11344 187289
vm - 10 986647470 569121705 738014 1617408 861045014 902092051 195395943 8069301 1058832213 73026 0 0 0 0 0 1811072 0 311878 5997 0 1623853 318 0 3 0 0

1778497895.031652 0 node0.mimesys-workload.ldos-ut-pg0.wisc.cloudlab.us
block sda 5916546 680222 1973287508 26456913 3859702 20295258 1138312995 21735938 28 7356304 48521196
block sdb 674 0 7540 666 4 0 0 0 0 828 667
cpu 11 639381 0 171991 4333988 101172 0 17
cpu 10 678106 2 155029 4315854 100757 0 22
cpu 13 598662 0 139524 4408201 100067 0 16
cpu 12 603232 0 136368 4407406 100758 0 13
cpu 15 552184 2 132236 4460995 100090 0 11
cpu 14 579016 0 139696 4428764 98940 0 17
cpu 17 352186 0 113108 4767840 16219 0 9
cpu 16 422383 0 124713 4689661 14445 0 10
cpu 19 425938 0 123948 4686128 16306 0 10
cpu 18 473939 5 125984 4636885 15300 0 10
cpu 1 592831 0 205525 4377443 63264 0 2131
cpu 0 597044 45 163748 4380387 65760 0 1244
cpu 3 638496 0 219224 4326690 62103 0 622
cpu 2 627431 0 218419 4335689 64519 0 216
cpu 5 564094 0 174662 4447092 61692 0 488
cpu 4 560861 1 175734 4447101 62411 0 143
cpu 7 506081 0 171478 4508212 61181 0 573
cpu 6 545715 0 175343 4464949 61811 0 355
cpu 9 601169 0 164204 4396694 83493 0 398
cpu 8 652036 0 168138 4340789 83385 0 369
mem 1 99033092 80161396 18871696 1693896 16235340 8 0 17555636 15699612 373408 47792 0 0 199448 12288 0 0
mem 0 97636988 59784688 37852300 1146304 35438732 20 0 36012156 2324880 575572 14540 0 0 467624 8192 0 0
net vnet169 0 0 38476 0 0 0 0 0 0 0 0 0 224 0 47579 0 0 0 0 0 0 310 0
net vnet168 0 0 41178 0 0 0 0 0 0 0 0 0 247 0 51895 0 0 0 0 0 0 378 0
net eno1 0 268275 40596460487 0 0 713 0 0 0 0 0 0 32415481 0 1437572997 0 0 0 0 0 0 6200154 0
net lo 0 0 21527296 0 0 0 0 0 0 0 0 0 159183 0 21527296 0 0 0 0 0 0 159183 0
net virbr0 0 2116 9997381246 0 0 0 0 0 0 0 0 0 39930413 0 38536929512 0 0 0 0 0 0 23685922 0
net vnet165 0 0 43932 0 0 0 0 0 0 0 0 0 259 0 64557 0 0 0 0 0 0 522 0
net vnet167 0 0 252010 0 0 0 0 0 0 0 0 0 1247 0 219055 0 0 0 0 0 0 1240 0
net vnet166 0 0 43710 0 0 0 0 0 0 0 0 0 254 0 61499 0 0 0 0 0 0 472 0
numa 1 402778839 18781169 10118603 29535 402712149 18826682
numa 0 430403843 10118603 18781169 29710 430350697 10121164
ps - 728675263 4571158 501 490 535 4 915
sysv_shm - 0 0
tmpfs /run/lock 0 6
tmpfs /run 2285568 1138
tmpfs /run/user/20029 0 20
tmpfs /run/qemu 0 1
tmpfs /dev/shm 37622951936 105491
vfs - 135034 11424 187137
vm - 10 986647470 569178685 738014 1617408 861078780 902120586 195395955 8069301 1058883192 73026 0 0 0 0 0 1811072 0 311878 5997 0 1623853 318 0 3 0 0

1778497895.837281 0 node0.mimesys-workload.ldos-ut-pg0.wisc.cloudlab.us
block sda 5916550 680222 1973287660 26456977 3859933 20295262 1138657075 21747620 0 7356780 48533031
block sdb 674 0 7540 666 4 0 0 0 0 828 667
cpu 11 639406 0 171994 4334024 101189 0 17
cpu 10 678132 2 155030 4315883 100781 0 22
cpu 13 598718 0 139530 4408217 100071 0 16
cpu 12 603270 0 136368 4407431 100772 0 13
cpu 15 552249 2 132239 4461009 100090 0 11
cpu 14 579053 0 139698 4428783 98961 0 17
cpu 17 352258 0 113108 4767846 16221 0 9
cpu 16 422431 0 124714 4689682 14455 0 10
cpu 19 425940 0 123948 4686205 16306 0 10
cpu 18 473940 5 125984 4636963 15300 0 10
cpu 1 592833 0 205526 4377521 63264 0 2131
cpu 0 597045 45 163750 4380464 65760 0 1244
cpu 3 638498 0 219226 4326751 62118 0 622
cpu 2 627433 0 218422 4335764 64519 0 216
cpu 5 564100 0 174664 4447165 61692 0 488
cpu 4 560864 1 175734 4447178 62411 0 143
cpu 7 506083 0 171481 4508287 61181 0 573
cpu 6 545715 0 175343 4465028 61811 0 355
cpu 9 601170 0 164204 4396773 83493 0 398
cpu 8 652036 0 168138 4340869 83385 0 369
mem 1 99033092 80070676 18962416 1693924 16324364 88 0 17645392 15788236 373580 48028 0 0 199488 12288 0 0
mem 0 97636988 59781980 37855008 1146272 35438368 136 0 36012164 2324044 575956 14188 0 0 467652 8192 0 0
net vnet169 0 0 38476 0 0 0 0 0 0 0 0 0 224 0 47579 0 0 0 0 0 0 310 0
net vnet168 0 0 41178 0 0 0 0 0 0 0 0 0 247 0 51895 0 0 0 0 0 0 378 0
net eno1 0 268275 40596465258 0 0 713 0 0 0 0 0 0 32415551 0 1437573443 0 0 0 0 0 0 6200158 0
net lo 0 0 21528463 0 0 0 0 0 0 0 0 0 159191 0 21528463 0 0 0 0 0 0 159191 0
net virbr0 0 2116 9997383988 0 0 0 0 0 0 0 0 0 39930427 0 38536933202 0 0 0 0 0 0 23685934 0
net vnet165 0 0 43932 0 0 0 0 0 0 0 0 0 259 0 64557 0 0 0 0 0 0 522 0
net vnet167 0 0 254948 0 0 0 0 0 0 0 0 0 1261 0 222745 0 0 0 0 0 0 1252 0
net vnet166 0 0 43710 0 0 0 0 0 0 0 0 0 254 0 61499 0 0 0 0 0 0 472 0
numa 1 402803032 18781169 10118603 29535 402736342 18826682
numa 0 430407071 10118603 18781169 29710 430353925 10121164
ps - 728680082 4571174 501 490 535 10 915
sysv_shm - 0 0
tmpfs /run/lock 0 6
tmpfs /run 2285568 1138
tmpfs /run/user/20029 0 20
tmpfs /run/qemu 0 1
tmpfs /dev/shm 37622956032 105491
vfs - 135077 11464 187479
vm - 10 986647546 569328537 738014 1617408 861106324 902123922 195395956 8069301 1058911655 73026 0 0 0 0 0 1811072 0 311878 5997 0 1623853 318 0 3 0 0

1778497896.059826 0 node0.mimesys-workload.ldos-ut-pg0.wisc.cloudlab.us
block sda 5916550 680222 1973287660 26456977 3859953 20295262 1138657251 21747622 0 7356788 48533032
block sdb 674 0 7540 666 4 0 0 0 0 828 667
cpu 11 639428 0 171995 4334025 101189 0 17
cpu 10 678149 2 155036 4315883 100781 0 22
cpu 13 598738 0 139532 4408217 100071 0 16
cpu 12 603292 0 136369 4407431 100772 0 13
cpu 15 552271 2 132239 4461009 100090 0 11
cpu 14 579075 0 139698 4428784 98961 0 17
cpu 17 352280 0 113108 4767846 16221 0 9
cpu 16 422454 0 124714 4689682 14455 0 10
cpu 19 425943 0 123953 4686221 16306 0 10
cpu 18 473942 5 125989 4636979 15300 0 10
cpu 1 592836 0 205531 4377537 63264 0 2131
cpu 0 597046 45 163756 4380480 65760 0 1244
cpu 3 638499 0 219230 4326767 62118 0 622
cpu 2 627436 0 218426 4335779 64519 0 216
cpu 5 564103 0 174669 4447179 61692 0 488
cpu 4 560866 1 175739 4447194 62411 0 143
cpu 7 506085 0 171485 4508303 61181 0 573
cpu 6 545718 0 175347 4465044 61811 0 355
cpu 9 601172 0 164208 4396788 83493 0 398
cpu 8 652037 0 168144 4340884 83385 0 369
mem 1 99033092 79983488 19049604 1693924 16412208 88 0 17732416 15876044 374400 47984 0 0 199488 12288 0 0
mem 0 97636988 59794048 37842940 1146280 35441236 136 0 36012164 2325356 578860 14232 0 0 467652 8192 0 0
net vnet169 0 0 38476 0 0 0 0 0 0 0 0 0 224 0 47579 0 0 0 0 0 0 310 0
net vnet168 0 0 41178 0 0 0 0 0 0 0 0 0 247 0 51895 0 0 0 0 0 0 378 0
net eno1 0 268275 40596467032 0 0 713 0 0 0 0 0 0 32415579 0 1437573544 0 0 0 0 0 0 6200159 0
net lo 0 0 21529073 0 0 0 0 0 0 0 0 0 159195 0 21529073 0 0 0 0 0 0 159195 0
net virbr0 0 2116 9997383988 0 0 0 0 0 0 0 0 0 39930427 0 38536933202 0 0 0 0 0 0 23685934 0
net vnet165 0 0 43932 0 0 0 0 0 0 0 0 0 259 0 64557 0 0 0 0 0 0 522 0
net vnet167 0 0 254948 0 0 0 0 0 0 0 0 0 1261 0 222745 0 0 0 0 0 0 1252 0
net vnet166 0 0 43710 0 0 0 0 0 0 0 0 0 254 0 61499 0 0 0 0 0 0 472 0
numa 1 402828603 18781169 10118603 29535 402761913 18826682
numa 0 430431278 10118603 18781169 29710 430378132 10121164
ps - 728682505 4571458 501 490 535 9 930
sysv_shm - 0 0
tmpfs /run/lock 0 6
tmpfs /run 2285568 1138
tmpfs /run/user/20029 0 20
tmpfs /run/qemu 0 1
tmpfs /dev/shm 37622956032 105491
vfs - 135038 11464 187167
vm - 10 986647546 569328625 738014 1617408 861156013 902152380 195395967 8069301 1058978422 73026 0 0 0 0 0 1811072 0 311878 5997 0 1623853 318 0 3 0 0

1778497896.878625 0 node0.mimesys-workload.ldos-ut-pg0.wisc.cloudlab.us
block sda 5916550 680222 1973287660 26456977 3859953 20295262 1138657251 21747622 0 7356788 48533032
block sdb 674 0 7540 666 4 0 0 0 0 828 667
cpu 11 639492 0 171996 4334042 101189 0 17
cpu 10 678201 2 155039 4315908 100781 0 22
cpu 13 598820 0 139532 4408217 100071 0 16
cpu 12 603370 0 136372 4407432 100772 0 13
cpu 15 552334 2 132242 4461025 100090 0 11
cpu 14 579156 0 139699 4428784 98961 0 17
cpu 17 352354 0 113110 4767853 16221 0 9
cpu 16 422510 0 124717 4689703 14455 0 10
cpu 19 425946 0 123953 4686300 16306 0 10
cpu 18 473944 5 125989 4637058 15300 0 10
cpu 1 592836 0 205532 4377617 63264 0 2131
cpu 0 597049 45 163756 4380559 65760 0 1244
cpu 3 638501 0 219231 4326847 62118 0 622
cpu 2 627438 0 218428 4335857 64519 0 216
cpu 5 564104 0 174670 4447260 61692 0 488
cpu 4 560868 1 175739 4447274 62411 0 143
cpu 7 506085 0 171486 4508384 61181 0 573
cpu 6 545719 0 175348 4465125 61811 0 355
cpu 9 601173 0 164208 4396869 83493 0 398
cpu 8 652037 0 168144 4340965 83385 0 369
mem 1 99033092 79842140 19190952 1693872 16550120 124 0 17872680 16015508 371692 48080 0 0 200072 12288 0 0
mem 0 97636988 59793956 37843032 1146340 35438768 152 0 36012168 2324040 576932 14652 0 0 468012 8192 0 0
net vnet169 0 0 38476 0 0 0 0 0 0 0 0 0 224 0 47631 0 0 0 0 0 0 311 0
net vnet168 0 0 41178 0 0 0 0 0 0 0 0 0 247 0 51947 0 0 0 0 0 0 379 0
net eno1 0 268288 40596471769 0 0 713 0 0 0 0 0 0 32415650 0 1437573889 0 0 0 0 0 0 6200162 0
net lo 0 0 21529630 0 0 0 0 0 0 0 0 0 159199 0 21529630 0 0 0 0 0 0 159199 0
net virbr0 0 2116 9997385768 0 0 0 0 0 0 0 0 0 39930438 0 38536934200 0 0 0 0 0 0 23685943 0
net vnet165 0 0 43932 0 0 0 0 0 0 0 0 0 259 0 64609 0 0 0 0 0 0 523 0
net vnet167 0 0 256882 0 0 0 0 0 0 0 0 0 1272 0 223795 0 0 0 0 0 0 1262 0
net vnet166 0 0 43710 0 0 0 0 0 0 0 0 0 254 0 61551 0 0 0 0 0 0 473 0
numa 1 402863371 18781169 10118603 29535 402796681 18826682
numa 0 430433015 10118603 18781169 29710 430379869 10121164
ps - 728684579 4571471 501 490 535 7 923
sysv_shm - 0 0
tmpfs /run/lock 0 6
tmpfs /run 2285568 1138
tmpfs /run/user/20029 0 20
tmpfs /run/qemu 0 1
tmpfs /dev/shm 37622956032 105491
vfs - 135036 11424 187115
vm - 10 986647546 569328625 738014 1617408 861192539 902154761 195395968 8069301 1059015412 73026 0 0 0 0 0 1811072 0 311878 5997 0 1623853 318 0 3 0 0

1778497897.090551 0 node0.mimesys-workload.ldos-ut-pg0.wisc.cloudlab.us
block sda 5916550 680222 1973287660 26456977 3859953 20295262 1138657251 21747622 0 7356788 48533032
block sdb 674 0 7540 666 4 0 0 0 0 828 667
cpu 11 639506 0 172002 4334044 101189 0 17
cpu 10 678212 2 155045 4315912 100781 0 22
cpu 13 598835 0 139538 4408217 100071 0 16
cpu 12 603384 0 136376 4407435 100772 0 13
cpu 15 552346 2 132249 4461027 100090 0 11
cpu 14 579177 0 139699 4428784 98961 0 17
cpu 17 352372 0 113112 4767854 16221 0 9
cpu 16 422524 0 124724 4689705 14455 0 10
cpu 19 425948 0 123957 4686315 16306 0 10
cpu 18 473948 5 125992 4637073 15300 0 10
cpu 1 592838 0 205536 4377631 63264 0 2131
cpu 0 597052 45 163759 4380573 65760 0 1244
cpu 3 638502 0 219235 4326862 62118 0 622
cpu 2 627440 0 218433 4335872 64519 0 216
cpu 5 564106 0 174675 4447274 61692 0 488
cpu 4 560869 1 175743 4447289 62411 0 143
cpu 7 506087 0 171490 4508399 61181 0 573
cpu 6 545722 0 175350 4465139 61811 0 355
cpu 9 601175 0 164213 4396884 83493 0 398
cpu 8 652038 0 168150 4340980 83385 0 369
mem 1 99033092 79584124 19448968 1693864 16805464 124 0 18125336 16268308 373892 47848 0 0 200160 12288 0 0
mem 0 97636988 59792700 37844288 1146324 35439980 156 0 36012172 2325480 577656 14888 0 0 467808 8192 0 0
net vnet169 0 0 38476 0 0 0 0 0 0 0 0 0 224 0 47631 0 0 0 0 0 0 311 0
net vnet168 0 0 41178 0 0 0 0 0 0 0 0 0 247 0 51947 0 0 0 0 0 0 379 0
net eno1 0 268288 40596473723 0 0 713 0 0 0 0 0 0 32415681 0 1437573990 0 0 0 0 0 0 6200163 0
net lo 0 0 21530240 0 0 0 0 0 0 0 0 0 159203 0 21530240 0 0 0 0 0 0 159203 0
net virbr0 0 2116 9997385768 0 0 0 0 0 0 0 0 0 39930438 0 38536934200 0 0 0 0 0 0 23685943 0
net vnet165 0 0 43932 0 0 0 0 0 0 0 0 0 259 0 64609 0 0 0 0 0 0 523 0
net vnet167 0 0 256882 0 0 0 0 0 0 0 0 0 1272 0 223795 0 0 0 0 0 0 1262 0
net vnet166 0 0 43710 0 0 0 0 0 0 0 0 0 254 0 61551 0 0 0 0 0 0 473 0
numa 1 402935889 18781169 10118603 29535 402869199 18826682
numa 0 430453510 10118603 18781169 29710 430400364 10121164
ps - 728686871 4571738 557 501 539 11 924
sysv_shm - 0 0
tmpfs /run/lock 0 6
tmpfs /run 2285568 1138
tmpfs /run/user/20029 0 20
tmpfs /run/qemu 0 1
tmpfs /dev/shm 37622956032 105491
vfs - 135033 11384 187225
vm - 10 986647546 569328625 738014 1617408 861285694 902182917 195395979 8069301 1059125369 73026 0 0 0 0 0 1811072 0 311878 5997 0 1623853 318 0 3 0 0

1778497897.925215 0 node0.mimesys-workload.ldos-ut-pg0.wisc.cloudlab.us
block sda 5916550 680222 1973287660 26456977 3859966 20295262 1138658275 21747631 0 7356800 48533042
block sdb 674 0 7540 666 4 0 0 0 0 828 667
cpu 11 639578 0 172008 4334048 101189 0 17
cpu 10 678280 2 155055 4315918 100781 0 22
cpu 13 598906 0 139546 4408223 100071 0 16
cpu 12 603451 0 136383 4407444 100772 0 13
cpu 15 552415 2 132259 4461033 100090 0 11
cpu 14 579250 0 139704 4428790 98961 0 17
cpu 17 352445 0 113118 4767860 16221 0 9
cpu 16 422598 0 124728 4689709 14455 0 10
cpu 19 425950 0 123958 4686395 16306 0 10
cpu 18 473950 5 125992 4637153 15300 0 10
cpu 1 592841 0 205537 4377711 63264 0 2131
cpu 0 597053 45 163759 4380654 65760 0 1244
cpu 3 638504 0 219238 4326939 62118 0 622
cpu 2 627441 0 218435 4335953 64519 0 216
cpu 5 564113 0 174675 4447349 61692 0 488
cpu 4 560870 1 175744 4447370 62411 0 143
cpu 7 506090 0 171491 4508479 61181 0 573
cpu 6 545724 0 175352 4465221 61811 0 355
cpu 9 601176 0 164215 4396965 83493 0 398
cpu 8 652042 0 168153 4341056 83385 0 369
mem 1 99033092 79135612 19897480 1693900 17248832 172 4 18570508 16713340 372924 49592 0 0 201496 12288 0 0
mem 0 97636988 59791448 37845540 1146320 35439436 136 32 36012176 2324052 577076 14356 0 0 468048 8192 0 0
net vnet169 0 0 38476 0 0 0 0 0 0 0 0 0 224 0 47631 0 0 0 0 0 0 311 0
net vnet168 0 0 41178 0 0 0 0 0 0 0 0 0 247 0 51947 0 0 0 0 0 0 379 0
net eno1 0 268288 40596480234 0 0 713 0 0 0 0 0 0 32415780 0 1437574436 0 0 0 0 0 0 6200167 0
net lo 0 0 21531407 0 0 0 0 0 0 0 0 0 159211 0 21531407 0 0 0 0 0 0 159211 0
net virbr0 0 2116 9997388510 0 0 0 0 0 0 0 0 0 39930452 0 38536937890 0 0 0 0 0 0 23685955 0
net vnet165 0 0 43932 0 0 0 0 0 0 0 0 0 259 0 64609 0 0 0 0 0 0 523 0
net vnet167 0 0 259820 0 0 0 0 0 0 0 0 0 1286 0 227485 0 0 0 0 0 0 1274 0
net vnet166 0 0 43710 0 0 0 0 0 0 0 0 0 254 0 61551 0 0 0 0 0 0 473 0
numa 1 403047976 18781169 10118603 29535 402981286 18826682
numa 0 430461675 10118603 18781169 29710 430408529 10121164
ps - 728690365 4571823 557 501 539 28 921
sysv_shm - 0 0
tmpfs /run/lock 0 6
tmpfs /run 2285568 1138
tmpfs /run/user/20029 0 20
tmpfs /run/qemu 0 1
tmpfs /dev/shm 37622956032 105491
vfs - 135054 11344 187223
vm - 10 986647546 569329137 738014 1617408 861406062 902192476 195395985 8069301 1059250310 73026 0 0 0 0 0 1811072 0 311878 5997 0 1623853 318 0 3 0 0

1778497898.118354 0 node0.mimesys-workload.ldos-ut-pg0.wisc.cloudlab.us
block sda 5916550 680222 1973287660 26456977 3859966 20295262 1138658275 21747631 0 7356800 48533042
block sdb 674 0 7540 666 4 0 0 0 0 828 667
cpu 11 639598 0 172008 4334048 101189 0 17
cpu 10 678299 2 155055 4315918 100781 0 22
cpu 13 598926 0 139546 4408223 100071 0 16
cpu 12 603471 0 136383 4407444 100772 0 13
cpu 15 552435 2 132259 4461033 100090 0 11
cpu 14 579270 0 139704 4428790 98961 0 17
cpu 17 352465 0 113118 4767860 16221 0 9
cpu 16 422618 0 124728 4689709 14455 0 10
cpu 19 425953 0 123961 4686408 16306 0 10
cpu 18 473952 5 125996 4637167 15300 0 10
cpu 1 592843 0 205542 4377724 63264 0 2131
cpu 0 597056 45 163762 4380668 65760 0 1244
cpu 3 638505 0 219243 4326953 62118 0 622
cpu 2 627442 0 218440 4335966 64519 0 216
cpu 5 564115 0 174678 4447363 61692 0 488
cpu 4 560871 1 175748 4447384 62411 0 143
cpu 7 506092 0 171494 4508493 61181 0 573
cpu 6 545726 0 175356 4465234 61811 0 355
cpu 9 601178 0 164218 4396979 83493 0 398
cpu 8 652043 0 168157 4341070 83385 0 369
mem 1 99033092 79136668 19896424 1693888 17259824 172 0 18580276 16723796 373740 49832 0 0 201440 12288 0 0
mem 0 97636988 59790192 37846796 1146328 35440580 140 0 36012176 2324320 578708 14264 0 0 468052 8192 0 0
net vnet169 0 0 38476 0 0 0 0 0 0 0 0 0 224 0 47631 0 0 0 0 0 0 311 0
net vnet168 0 0 41178 0 0 0 0 0 0 0 0 0 247 0 51947 0 0 0 0 0 0 379 0
net eno1 0 268288 40596481528 0 0 713 0 0 0 0 0 0 32415800 0 1437574537 0 0 0 0 0 0 6200168 0
net lo 0 0 21532017 0 0 0 0 0 0 0 0 0 159215 0 21532017 0 0 0 0 0 0 159215 0
net virbr0 0 2116 9997388510 0 0 0 0 0 0 0 0 0 39930452 0 38536937890 0 0 0 0 0 0 23685955 0
net vnet165 0 0 43932 0 0 0 0 0 0 0 0 0 259 0 64609 0 0 0 0 0 0 523 0
net vnet167 0 0 259820 0 0 0 0 0 0 0 0 0 1286 0 227485 0 0 0 0 0 0 1274 0
net vnet166 0 0 43710 0 0 0 0 0 0 0 0 0 254 0 61551 0 0 0 0 0 0 473 0
numa 1 403053550 18781169 10118603 29535 402986859 18826683
numa 0 430480852 10118603 18781169 29710 430427740 10121164
ps - 728692104 4572022 557 501 539 11 924
sysv_shm - 0 0
tmpfs /run/lock 0 6
tmpfs /run 2285568 1138
tmpfs /run/user/20029 0 20
tmpfs /run/qemu 0 1
tmpfs /dev/shm 37622956032 105491
vfs - 135038 11344 187208
vm - 10 986647546 569329137 738014 1617408 861430538 902214305 195395999 8069301 1059288254 73026 0 0 0 0 0 1811072 0 311878 5997 0 1623853 318 0 3 0 0

1778497898.967078 0 node0.mimesys-workload.ldos-ut-pg0.wisc.cloudlab.us
block sda 5916550 680222 1973287660 26456977 3859973 20295278 1138658459 21747632 0 7356804 48533043
block sdb 674 0 7540 666 4 0 0 0 0 828 667
cpu 11 639661 0 172008 4334070 101189 0 17
cpu 10 678346 2 155057 4315954 100781 0 22
cpu 13 598978 0 139546 4408256 100071 0 16
cpu 12 603523 0 136384 4407476 100772 0 13
cpu 15 552500 2 132262 4461050 100090 0 11
cpu 14 579316 0 139706 4428827 98961 0 17
cpu 17 352550 0 113118 4767860 16221 0 9
cpu 16 422694 0 124731 4689715 14455 0 10
cpu 19 425957 0 123962 4686488 16306 0 10
cpu 18 473953 5 126000 4637247 15300 0 10
cpu 1 592847 0 205543 4377803 63264 0 2131
cpu 0 597057 45 163764 4380748 65760 0 1244
cpu 3 638506 0 219245 4327035 62118 0 622
cpu 2 627444 0 218442 4336048 64519 0 216
cpu 5 564116 0 174680 4447445 61692 0 488
cpu 4 560872 1 175750 4447466 62411 0 143
cpu 7 506095 0 171497 4508573 61181 0 573
cpu 6 545728 0 175357 4465316 61811 0 355
cpu 9 601179 0 164221 4397060 83493 0 398
cpu 8 652045 0 168165 4341146 83385 0 369
mem 1 99033092 79089948 19943144 1693876 17302884 212 0 18624788 16768064 371832 49564 0 0 201704 12288 0 0
mem 0 97636988 59795952 37841036 1146340 35440528 200 0 36012188 2324940 578188 14664 0 0 468100 8192 0 0
net vnet169 0 0 38476 0 0 0 0 0 0 0 0 0 224 0 47683 0 0 0 0 0 0 312 0
net vnet168 0 0 41178 0 0 0 0 0 0 0 0 0 247 0 51999 0 0 0 0 0 0 380 0
net eno1 0 268305 40596486625 0 0 713 0 0 0 0 0 0 32415877 0 1437574882 0 0 0 0 0 0 6200171 0
net lo 0 0 21532574 0 0 0 0 0 0 0 0 0 159219 0 21532574 0 0 0 0 0 0 159219 0
net virbr0 0 2116 9997388510 0 0 0 0 0 0 0 0 0 39930452 0 38536937890 0 0 0 0 0 0 23685955 0
net vnet165 0 0 43932 0 0 0 0 0 0 0 0 0 259 0 64661 0 0 0 0 0 0 524 0
net vnet167 0 0 259820 0 0 0 0 0 0 0 0 0 1286 0 227537 0 0 0 0 0 0 1275 0
net vnet166 0 0 43710 0 0 0 0 0 0 0 0 0 254 0 61603 0 0 0 0 0 0 474 0
numa 1 403069630 18781169 10118603 29535 403002939 18826683
numa 0 430490958 10118603 18781169 29710 430437846 10121164
ps - 728695172 4572162 557 501 539 12 923
sysv_shm - 0 0
tmpfs /run/lock 0 6
tmpfs /run 2285568 1138
tmpfs /run/user/20029 0 20
tmpfs /run/qemu 0 1
tmpfs /dev/shm 37622956032 105491
vfs - 135064 11344 187388
vm - 10 986647546 569329229 738014 1617408 861456860 902229505 195396006 8069301 1059323142 73026 0 0 0 0 0 1811072 0 311878 5997 0 1623853 318 0 3 0 0

1778497899.146641 0 node0.mimesys-workload.ldos-ut-pg0.wisc.cloudlab.us
block sda 5916550 680222 1973287660 26456977 3859973 20295278 1138658459 21747632 0 7356804 48533043
block sdb 674 0 7540 666 4 0 0 0 0 828 667
cpu 11 639676 0 172008 4334072 101189 0 17
cpu 10 678354 2 155058 4315964 100781 0 22
cpu 13 598983 0 139550 4408266 100071 0 16
cpu 12 603534 0 136386 4407481 100772 0 13
cpu 15 552508 2 132263 4461058 100090 0 11
cpu 14 579333 0 139706 4428828 98961 0 17
cpu 17 352568 0 113118 4767860 16221 0 9
cpu 16 422704 0 124732 4689722 14455 0 10
cpu 19 425958 0 123964 4686502 16306 0 10
cpu 18 473954 5 126002 4637261 15300 0 10
cpu 1 592848 0 205547 4377817 63264 0 2131
cpu 0 597058 45 163767 4380762 65760 0 1244
cpu 3 638507 0 219248 4327049 62118 0 622
cpu 2 627446 0 218442 4336062 64519 0 216
cpu 5 564117 0 174682 4447460 61692 0 488
cpu 4 560874 1 175752 4447480 62411 0 143
cpu 7 506096 0 171500 4508587 61181 0 573
cpu 6 545728 0 175360 4465330 61811 0 355
cpu 9 601180 0 164222 4397074 83493 0 398
cpu 8 652046 0 168168 4341161 83385 0 369
mem 1 99033092 79084688 19948404 1693880 17306448 228 0 18625572 16768800 375040 49476 0 0 201736 12288 0 0
mem 0 97636988 59808020 37828968 1146340 35440060 212 0 36012192 2324284 577780 14688 0 0 467996 8192 0 0
net vnet169 0 0 38476 0 0 0 0 0 0 0 0 0 224 0 47683 0 0 0 0 0 0 312 0
net vnet168 0 0 41178 0 0 0 0 0 0 0 0 0 247 0 51999 0 0 0 0 0 0 380 0
net eno1 0 268305 40596487979 0 0 713 0 0 0 0 0 0 32415898 0 1437574983 0 0 0 0 0 0 6200172 0
net lo 0 0 21533184 0 0 0 0 0 0 0 0 0 159223 0 21533184 0 0 0 0 0 0 159223 0
net virbr0 0 2116 9997388510 0 0 0 0 0 0 0 0 0 39930452 0 38536937890 0 0 0 0 0 0 23685955 0
net vnet165 0 0 43932 0 0 0 0 0 0 0 0 0 259 0 64661 0 0 0 0 0 0 524 0
net vnet167 0 0 259820 0 0 0 0 0 0 0 0 0 1286 0 227537 0 0 0 0 0 0 1275 0
net vnet166 0 0 43710 0 0 0 0 0 0 0 0 0 254 0 61603 0 0 0 0 0 0 474 0
numa 1 403075263 18781169 10118603 29535 403008572 18826683
numa 0 430500518 10118603 18781169 29710 430447406 10121164
ps - 728696817 4572303 557 501 539 6 924
sysv_shm - 0 0
tmpfs /run/lock 0 6
tmpfs /run 2285568 1138
tmpfs /run/user/20029 0 20
tmpfs /run/qemu 0 1
tmpfs /dev/shm 37622956032 105491
vfs - 135038 11264 187221
vm - 10 986647546 569329229 738014 1617408 861471876 902244488 195396016 8069301 1059347272 73026 0 0 0 0 0 1811072 0 311878 5997 0 1623853 318 0 3 0 0

1778497900.001397 0 node0.mimesys-workload.ldos-ut-pg0.wisc.cloudlab.us
block sda 5916550 680222 1973287660 26456977 3859981 20295280 1138658539 21747639 0 7356808 48533051
block sdb 674 0 7540 666 4 0 0 0 0 828 667
cpu 11 639734 0 172018 4334091 101189 0 17
cpu 10 678400 2 155068 4315992 100781 0 22
cpu 13 599056 0 139559 4408269 100071 0 16
cpu 12 603603 0 136394 4407488 100772 0 13
cpu 15 552567 2 132273 4461074 100090 0 11
cpu 14 579404 0 139718 4428831 98961 0 17
cpu 17 352613 0 113130 4767888 16221 0 9
cpu 16 422752 0 124738 4689752 14455 0 10
cpu 19 425962 0 123966 4686582 16306 0 10
cpu 18 473958 5 126004 4637341 15300 0 10
cpu 1 592850 0 205549 4377898 63264 0 2132
cpu 0 597062 45 163769 4380842 65760 0 1244
cpu 3 638508 0 219250 4327131 62118 0 622
cpu 2 627447 0 218446 4336143 64519 0 216
cpu 5 564119 0 174685 4447541 61692 0 488
cpu 4 560875 1 175756 4447561 62411 0 143
cpu 7 506100 0 171502 4508667 61181 0 573
cpu 6 545729 0 175362 4465412 61811 0 355
cpu 9 601182 0 164224 4397155 83493 0 398
cpu 8 652047 0 168170 4341243 83385 0 369
mem 1 99033092 78438888 20594204 1693896 17946316 236 0 19266808 17410080 373332 51116 0 0 203280 12288 0 0
mem 0 97636988 59808004 37828984 1146332 35439440 152 0 36012192 2324932 577072 14308 0 0 467876 8192 0 0
net vnet169 0 0 38476 0 0 0 0 0 0 0 0 0 224 0 47683 0 0 0 0 0 0 312 0
net vnet168 0 0 41178 0 0 0 0 0 0 0 0 0 247 0 51999 0 0 0 0 0 0 380 0
net eno1 0 268305 40596493316 0 0 713 0 0 0 0 0 0 32415979 0 1437575328 0 0 0 0 0 0 6200175 0
net lo 0 0 21533741 0 0 0 0 0 0 0 0 0 159227 0 21533741 0 0 0 0 0 0 159227 0
net virbr0 0 2116 9997390238 0 0 0 0 0 0 0 0 0 39930462 0 38536938888 0 0 0 0 0 0 23685964 0
net vnet165 0 0 43932 0 0 0 0 0 0 0 0 0 259 0 64661 0 0 0 0 0 0 524 0
net vnet167 0 0 261688 0 0 0 0 0 0 0 0 0 1296 0 228535 0 0 0 0 0 0 1284 0
net vnet166 0 0 43710 0 0 0 0 0 0 0 0 0 254 0 61603 0 0 0 0 0 0 474 0
numa 1 403240347 18781169 10118603 29535 403173656 18826683
numa 0 430512973 10118603 18781169 29710 430459861 10121164
ps - 728700455 4572447 557 501 539 10 924
sysv_shm - 0 0
tmpfs /run/lock 0 6
tmpfs /run 2285568 1138
tmpfs /run/user/20029 0 20
tmpfs /run/qemu 0 1
tmpfs /dev/shm 37622956032 105491
vfs - 135034 11264 187203
vm - 10 986647546 569329269 738014 1617408 861649481 902260570 195396022 8069301 1059533172 73026 0 0 0 0 0 1811072 0 311878 5997 0 1623853 318 0 3 0 0

1778497900.174138 0 node0.mimesys-workload.ldos-ut-pg0.wisc.cloudlab.us
block sda 5916550 680222 1973287660 26456977 3859981 20295280 1138658539 21747639 0 7356808 48533051
block sdb 674 0 7540 666 4 0 0 0 0 828 667
cpu 11 639751 0 172018 4334091 101189 0 17
cpu 10 678418 2 155068 4315992 100781 0 22
cpu 13 599073 0 139559 4408269 100071 0 16
cpu 12 603620 0 136394 4407488 100772 0 13
cpu 15 552582 2 132275 4461074 100090 0 11
cpu 14 579418 0 139720 4428831 98961 0 17
cpu 17 352630 0 113130 4767888 16221 0 9
cpu 16 422769 0 124738 4689752 14455 0 10
cpu 19 425964 0 123968 4686596 16306 0 10
cpu 18 473959 5 126007 4637355 15300 0 10
cpu 1 592851 0 205552 4377911 63264 0 2132
cpu 0 597063 45 163772 4380855 65760 0 1244
cpu 3 638510 0 219252 4327145 62118 0 622
cpu 2 627448 0 218448 4336157 64519 0 216
cpu 5 564120 0 174687 4447554 61692 0 488
cpu 4 560876 1 175758 4447575 62411 0 143
cpu 7 506102 0 171504 4508680 61181 0 573
cpu 6 545730 0 175364 4465426 61811 0 355
cpu 9 601184 0 164226 4397169 83493 0 398
cpu 8 652048 0 168172 4341257 83385 0 369
mem 1 99033092 78394032 20639060 1693872 17990428 252 0 19311208 17455292 373000 51000 0 0 203216 12288 0 0
mem 0 97636988 59807248 37829740 1146356 35439204 160 0 36012196 2325468 576892 14376 0 0 467828 8192 0 0
net vnet169 0 0 38476 0 0 0 0 0 0 0 0 0 224 0 47683 0 0 0 0 0 0 312 0
net vnet168 0 0 41178 0 0 0 0 0 0 0 0 0 247 0 51999 0 0 0 0 0 0 380 0
net eno1 0 268305 40596493950 0 0 713 0 0 0 0 0 0 32415988 0 1437575429 0 0 0 0 0 0 6200176 0
net lo 0 0 21534351 0 0 0 0 0 0 0 0 0 159231 0 21534351 0 0 0 0 0 0 159231 0
net virbr0 0 2116 9997390238 0 0 0 0 0 0 0 0 0 39930462 0 38536938888 0 0 0 0 0 0 23685964 0
net vnet165 0 0 43932 0 0 0 0 0 0 0 0 0 259 0 64661 0 0 0 0 0 0 524 0
net vnet167 0 0 261688 0 0 0 0 0 0 0 0 0 1296 0 228535 0 0 0 0 0 0 1284 0
net vnet166 0 0 43710 0 0 0 0 0 0 0 0 0 254 0 61603 0 0 0 0 0 0 474 0
numa 1 403252898 18781169 10118603 29535 403186207 18826683
numa 0 430524798 10118603 18781169 29710 430471686 10121164
ps - 728701662 4572578 557 501 539 15 922
sysv_shm - 0 0
tmpfs /run/lock 0 6
tmpfs /run 2285568 1138
tmpfs /run/user/20029 0 20
tmpfs /run/qemu 0 1
tmpfs /dev/shm 37622956032 105491
vfs - 135035 11264 187227
vm - 10 986647546 569329269 738014 1617408 861673953 902274536 195396025 8069301 1059565924 73026 0 0 0 0 0 1811072 0 311878 5997 0 1623853 318 0 3 0 0

1778497901.029230 0 node0.mimesys-workload.ldos-ut-pg0.wisc.cloudlab.us
block sda 5916550 680222 1973287660 26456977 3860066 20295280 1138659371 21747658 0 7356812 48533069
block sdb 674 0 7540 666 4 0 0 0 0 828 667
cpu 11 639836 0 172018 4334091 101189 0 17
cpu 10 678503 2 155068 4315992 100781 0 22
cpu 13 599157 0 139560 4408269 100071 0 16
cpu 12 603705 0 136395 4407488 100772 0 13
cpu 15 552668 2 132275 4461074 100090 0 11
cpu 14 579504 0 139720 4428831 98961 0 17
cpu 17 352716 0 113130 4767888 16221 0 9
cpu 16 422854 0 124738 4689752 14455 0 10
cpu 19 425967 0 123970 4686676 16306 0 10
cpu 18 473961 5 126009 4637435 15300 0 10
cpu 1 592855 0 205555 4377991 63264 0 2132
cpu 0 597064 45 163774 4380935 65760 0 1244
cpu 3 638512 0 219256 4327226 62118 0 622
cpu 2 627450 0 218452 4336237 64519 0 216
cpu 5 564127 0 174691 4447629 61692 0 488
cpu 4 560878 1 175761 4447656 62411 0 143
cpu 7 506105 0 171507 4508761 61181 0 573
cpu 6 545733 0 175368 4465504 61811 0 355
cpu 9 601186 0 164231 4397247 83493 0 398
cpu 8 652053 0 168174 4341335 83385 0 369
mem 1 99033092 78364300 20668792 1693872 18017016 60 0 19338172 17481924 373088 50884 0 0 203368 12288 0 0
mem 0 97636988 59801988 37835000 1146360 35440232 136 0 36012208 2325396 577860 14720 0 0 468080 8192 0 0
net vnet169 0 0 38476 0 0 0 0 0 0 0 0 0 224 0 47735 0 0 0 0 0 0 313 0
net vnet168 0 0 41178 0 0 0 0 0 0 0 0 0 247 0 52051 0 0 0 0 0 0 381 0
net eno1 0 268319 40596498841 0 0 713 0 0 0 0 0 0 32416060 0 1437575875 0 0 0 0 0 0 6200180 0
net lo 0 0 21535518 0 0 0 0 0 0 0 0 0 159239 0 21535518 0 0 0 0 0 0 159239 0
net virbr0 0 2116 9997393136 0 0 0 0 0 0 0 0 0 39930479 0 38536942578 0 0 0 0 0 0 23685976 0
net vnet165 0 0 43932 0 0 0 0 0 0 0 0 0 259 0 64713 0 0 0 0 0 0 525 0
net vnet167 0 0 264824 0 0 0 0 0 0 0 0 0 1313 0 232277 0 0 0 0 0 0 1297 0
net vnet166 0 0 43710 0 0 0 0 0 0 0 0 0 254 0 61655 0 0 0 0 0 0 475 0
numa 1 403261609 18781169 10118603 29535 403194918 18826683
numa 0 430540503 10118603 18781169 29710 430487391 10121164
ps - 728704678 4572729 557 501 539 13 921
sysv_shm - 0 0
tmpfs /run/lock 0 6
tmpfs /run 2285568 1138
tmpfs /run/user/20029 0 20
tmpfs /run/qemu 0 1
tmpfs /dev/shm 37622956032 105491
vfs - 135035 11344 187199
vm - 10 986647546 569329685 738014 1617408 861698339 902291980 195396030 8069301 1059600442 73026 0 0 0 0 0 1811072 0 311878 5997 0 1623853 318 0 3 0 0

1778497901.203038 0 node0.mimesys-workload.ldos-ut-pg0.wisc.cloudlab.us
block sda 5916550 680222 1973287660 26456977 3860066 20295280 1138659371 21747658 0 7356812 48533069
block sdb 674 0 7540 666 4 0 0 0 0 828 667
cpu 11 639854 0 172018 4334091 101189 0 17
cpu 10 678519 2 155069 4315993 100781 0 22
cpu 13 599175 0 139560 4408269 100071 0 16
cpu 12 603723 0 136395 4407488 100772 0 13
cpu 15 552685 2 132275 4461074 100090 0 11
cpu 14 579521 0 139720 4428831 98961 0 17
cpu 17 352733 0 113130 4767888 16221 0 9
cpu 16 422872 0 124738 4689752 14455 0 10
cpu 19 425968 0 123973 4686690 16306 0 10
cpu 18 473962 5 126011 4637449 15300 0 10
cpu 1 592857 0 205558 4378004 63264 0 2132
cpu 0 597065 45 163777 4380949 65760 0 1244
cpu 3 638512 0 219258 4327240 62118 0 622
cpu 2 627450 0 218455 4336251 64519 0 216
cpu 5 564128 0 174694 4447643 61692 0 488
cpu 4 560878 1 175764 4447670 62411 0 143
cpu 7 506106 0 171509 4508775 61181 0 573
cpu 6 545733 0 175371 4465518 61811 0 355
cpu 9 601186 0 164234 4397261 83493 0 398
cpu 8 652054 0 168176 4341349 83385 0 369
mem 1 99033092 78362536 20670556 1693872 18017492 80 0 19339044 17483432 372664 51112 0 0 203368 12288 0 0
mem 0 97636988 59800256 37836732 1146360 35440648 144 0 36012208 2325464 578348 14772 0 0 468208 8192 0 0
net vnet169 0 0 38476 0 0 0 0 0 0 0 0 0 224 0 47735 0 0 0 0 0 0 313 0
net vnet168 0 0 41178 0 0 0 0 0 0 0 0 0 247 0 52051 0 0 0 0 0 0 381 0
net eno1 0 268319 40596499895 0 0 713 0 0 0 0 0 0 32416076 0 1437575976 0 0 0 0 0 0 6200181 0
net lo 0 0 21536128 0 0 0 0 0 0 0 0 0 159243 0 21536128 0 0 0 0 0 0 159243 0
net virbr0 0 2116 9997393136 0 0 0 0 0 0 0 0 0 39930479 0 38536942578 0 0 0 0 0 0 23685976 0
net vnet165 0 0 43932 0 0 0 0 0 0 0 0 0 259 0 64713 0 0 0 0 0 0 525 0
net vnet167 0 0 264824 0 0 0 0 0 0 0 0 0 1313 0 232277 0 0 0 0 0 0 1297 0
net vnet166 0 0 43710 0 0 0 0 0 0 0 0 0 254 0 61655 0 0 0 0 0 0 475 0
numa 1 403263911 18781169 10118603 29535 403197220 18826683
numa 0 430552172 10118603 18781169 29710 430499060 10121164
ps - 728705886 4572860 557 501 539 18 923
sysv_shm - 0 0
tmpfs /run/lock 0 6
tmpfs /run 2285568 1138
tmpfs /run/user/20029 0 20
tmpfs /run/qemu 0 1
tmpfs /dev/shm 37622956032 105491
vfs - 135048 11344 187216
vm - 10 986647546 569329685 738014 1617408 861712364 902305620 195396037 8069301 1059622879 73026 0 0 0 0 0 1811072 0 311878 5997 0 1623853 318 0 3 0 0

1778497902.059225 0 node0.mimesys-workload.ldos-ut-pg0.wisc.cloudlab.us
block sda 5916550 680222 1973287660 26456977 3860066 20295280 1138659371 21747658 0 7356812 48533069
block sdb 674 0 7540 666 4 0 0 0 0 828 667
cpu 11 639903 0 172020 4334127 101189 0 17
cpu 10 678590 2 155069 4316008 100781 0 22
cpu 13 599220 0 139562 4408308 100071 0 16
cpu 12 603790 0 136397 4407504 100772 0 13
cpu 15 552746 2 132277 4461097 100090 0 11
cpu 14 579573 0 139721 4428863 98961 0 17
cpu 17 352786 0 113132 4767918 16221 0 9
cpu 16 422934 0 124740 4689773 14455 0 10
cpu 19 425972 0 123975 4686769 16306 0 10
cpu 18 473964 5 126012 4637530 15300 0 10
cpu 1 592860 0 205560 4378084 63264 0 2132
cpu 0 597068 45 163778 4381029 65760 0 1244
cpu 3 638514 0 219262 4327322 62118 0 622
cpu 2 627452 0 218458 4336332 64519 0 216
cpu 5 564129 0 174697 4447724 61692 0 488
cpu 4 560879 1 175766 4447751 62411 0 143
cpu 7 506108 0 171512 4508857 61181 0 573
cpu 6 545734 0 175375 4465599 61811 0 355
cpu 9 601189 0 164237 4397342 83493 0 398
cpu 8 652058 0 168181 4341426 83385 0 369
mem 1 99033092 78334064 20699028 1693868 18042748 96 0 19362984 17506700 374016 50980 0 0 203432 12288 0 0
mem 0 97636988 59799500 37837488 1146360 35438988 152 0 36012212 2325444 577076 14460 0 0 468600 8192 0 0
net vnet169 0 0 38476 0 0 0 0 0 0 0 0 0 224 0 47735 0 0 0 0 0 0 313 0
net vnet168 0 0 41178 0 0 0 0 0 0 0 0 0 247 0 52051 0 0 0 0 0 0 381 0
net eno1 0 268319 40596505606 0 0 713 0 0 0 0 0 0 32416163 0 1437576375 0 0 0 0 0 0 6200185 0
net lo 0 0 21536685 0 0 0 0 0 0 0 0 0 159247 0 21536685 0 0 0 0 0 0 159247 0
net virbr0 0 2116 9997394916 0 0 0 0 0 0 0 0 0 39930490 0 38536943576 0 0 0 0 0 0 23685985 0
net vnet165 0 0 43932 0 0 0 0 0 0 0 0 0 259 0 64713 0 0 0 0 0 0 525 0
net vnet167 0 0 266758 0 0 0 0 0 0 0 0 0 1324 0 233275 0 0 0 0 0 0 1306 0
net vnet166 0 0 43710 0 0 0 0 0 0 0 0 0 254 0 61655 0 0 0 0 0 0 475 0
numa 1 403275869 18781169 10118603 29535 403209178 18826683
numa 0 430562820 10118603 18781169 29710 430509692 10121164
ps - 728709555 4573012 537 498 537 4 923
sysv_shm - 0 0
tmpfs /run/lock 0 6
tmpfs /run 2285568 1138
tmpfs /run/user/20029 0 20
tmpfs /run/qemu 0 1
tmpfs /dev/shm 37622956032 105491
vfs - 135054 11304 187365
vm - 10 986647546 569329685 738014 1617408 861734769 902322689 195396042 8069301 1059654658 73026 0 0 0 0 0 1811072 0 311878 5997 0 1623853 318 0 3 0 0

1778497902.234778 0 node0.mimesys-workload.ldos-ut-pg0.wisc.cloudlab.us
block sda 5916550 680222 1973287660 26456977 3860066 20295280 1138659371 21747658 0 7356812 48533069
block sdb 674 0 7540 666 4 0 0 0 0 828 667
cpu 11 639914 0 172020 4334133 101189 0 17
cpu 10 678604 2 155069 4316011 100781 0 22
cpu 13 599228 0 139562 4408318 100071 0 16
cpu 12 603806 0 136398 4407506 100772 0 13
cpu 15 552756 2 132277 4461105 100090 0 11
cpu 14 579590 0 139721 4428863 98961 0 17
cpu 17 352797 0 113132 4767925 16221 0 9
cpu 16 422946 0 124741 4689779 14455 0 10
cpu 19 425974 0 123977 4686784 16306 0 10
cpu 18 473966 5 126014 4637544 15300 0 10
cpu 1 592863 0 205561 4378098 63264 0 2132
cpu 0 597069 45 163781 4381043 65760 0 1244
cpu 3 638516 0 219263 4327336 62118 0 622
cpu 2 627453 0 218460 4336346 64519 0 216
cpu 5 564130 0 174699 4447739 61692 0 488
cpu 4 560880 1 175769 4447765 62411 0 143
cpu 7 506108 0 171514 4508871 61181 0 573
cpu 6 545736 0 175377 4465613 61811 0 355
cpu 9 601190 0 164239 4397356 83493 0 398
cpu 8 652058 0 168184 4341441 83385 0 369
mem 1 99033092 78326756 20706336 1693872 18049604 96 0 19369580 17512956 374176 51012 0 0 203424 12288 0 0
mem 0 97636988 59798744 37838244 1146360 35438864 152 0 36012212 2324556 577008 14540 0 0 468012 8192 0 0
net vnet169 0 0 38476 0 0 0 0 0 0 0 0 0 224 0 47735 0 0 0 0 0 0 313 0
net vnet168 0 0 41178 0 0 0 0 0 0 0 0 0 247 0 52051 0 0 0 0 0 0 381 0
net eno1 0 268319 40596506780 0 0 713 0 0 0 0 0 0 32416181 0 1437576476 0 0 0 0 0 0 6200186 0
net lo 0 0 21537295 0 0 0 0 0 0 0 0 0 159251 0 21537295 0 0 0 0 0 0 159251 0
net virbr0 0 2116 9997394916 0 0 0 0 0 0 0 0 0 39930490 0 38536943576 0 0 0 0 0 0 23685985 0
net vnet165 0 0 43932 0 0 0 0 0 0 0 0 0 259 0 64713 0 0 0 0 0 0 525 0
net vnet167 0 0 266758 0 0 0 0 0 0 0 0 0 1324 0 233275 0 0 0 0 0 0 1306 0
net vnet166 0 0 43710 0 0 0 0 0 0 0 0 0 254 0 61655 0 0 0 0 0 0 475 0
numa 1 403279452 18781169 10118603 29535 403212761 18826683
numa 0 430575297 10118603 18781169 29710 430522169 10121164
ps - 728710957 4573147 537 498 537 12 923
sysv_shm - 0 0
tmpfs /run/lock 0 6
tmpfs /run 2285568 1138
tmpfs /run/user/20029 0 20
tmpfs /run/qemu 0 1
tmpfs /dev/shm 37622956032 105491
vfs - 135036 11304 187208
vm - 10 986647546 569329685 738014 1617408 861750916 902337001 195396047 8069301 1059679450 73026 0 0 0 0 0 1811072 0 311878 5997 0 1623853 318 0 3 0 0

1778497903.087574 0 node0.mimesys-workload.ldos-ut-pg0.wisc.cloudlab.us
block sda 5916550 680222 1973287660 26456977 3860078 20295280 1138659579 21747665 0 7356820 48533077
block sdb 674 0 7540 666 4 0 0 0 0 828 667
cpu 11 639997 0 172021 4334135 101189 0 17
cpu 10 678680 2 155074 4316016 100781 0 22
cpu 13 599304 0 139566 4408323 100071 0 16
cpu 12 603884 0 136403 4407508 100772 0 13
cpu 15 552833 2 132280 4461110 100090 0 11
cpu 14 579666 0 139725 4428869 98961 0 17
cpu 17 352866 0 113142 4767933 16221 0 9
cpu 16 423020 0 124745 4689786 14455 0 10
cpu 19 425977 0 123979 4686863 16306 0 10
cpu 18 473969 5 126016 4637624 15300 0 10
cpu 1 592868 0 205564 4378177 63264 0 2132
cpu 0 597074 45 163784 4381119 65760 0 1244
cpu 3 638518 0 219266 4327417 62118 0 622
cpu 2 627456 0 218462 4336427 64519 0 216
cpu 5 564132 0 174703 4447819 61692 0 488
cpu 4 560887 1 175773 4447840 62411 0 143
cpu 7 506109 0 171516 4508952 61181 0 573
cpu 6 545737 0 175380 4465694 61811 0 355
cpu 9 601192 0 164242 4397436 83493 0 398
cpu 8 652062 0 168186 4341520 83385 0 369
mem 1 99033092 78089684 20943408 1693892 18283412 152 0 19602956 17746696 374288 51432 0 0 203688 12288 0 0
mem 0 97636988 59798244 37838744 1146344 35441264 128 32 36012216 2325444 578436 14472 0 0 467848 8192 0 0
net vnet169 0 0 38476 0 0 0 0 0 0 0 0 0 224 0 47787 0 0 0 0 0 0 314 0
net vnet168 0 0 41178 0 0 0 0 0 0 0 0 0 247 0 52103 0 0 0 0 0 0 382 0
net eno1 0 268332 40596512871 0 0 713 0 0 0 0 0 0 32416273 0 1437576922 0 0 0 0 0 0 6200190 0
net lo 0 0 21538462 0 0 0 0 0 0 0 0 0 159259 0 21538462 0 0 0 0 0 0 159259 0
net virbr0 0 2116 9997397658 0 0 0 0 0 0 0 0 0 39930504 0 38536947266 0 0 0 0 0 0 23685997 0
net vnet165 0 0 43932 0 0 0 0 0 0 0 0 0 259 0 64765 0 0 0 0 0 0 526 0
net vnet167 0 0 269696 0 0 0 0 0 0 0 0 0 1338 0 237017 0 0 0 0 0 0 1319 0
net vnet166 0 0 43710 0 0 0 0 0 0 0 0 0 254 0 61707 0 0 0 0 0 0 476 0
numa 1 403343152 18781169 10118603 29535 403276461 18826683
numa 0 430587898 10118603 18781169 29710 430534770 10121164
ps - 728714457 4573297 537 498 537 9 923
sysv_shm - 0 0
tmpfs /run/lock 0 6
tmpfs /run 2285568 1138
tmpfs /run/user/20029 0 20
tmpfs /run/qemu 0 1
tmpfs /dev/shm 37622956032 105491
vfs - 135035 11264 187199
vm - 10 986647546 569329789 738014 1617408 861827129 902354019 195396057 8069301 1059765365 73026 0 0 0 0 0 1811072 0 311878 5997 0 1623853 318 0 3 0 0

1778497903.264764 0 node0.mimesys-workload.ldos-ut-pg0.wisc.cloudlab.us
block sda 5916550 680222 1973287660 26456977 3860078 20295280 1138659579 21747665 0 7356820 48533077
block sdb 674 0 7540 666 4 0 0 0 0 828 667
cpu 11 640014 0 172021 4334135 101189 0 17
cpu 10 678694 2 155074 4316020 100781 0 22
cpu 13 599319 0 139566 4408325 100071 0 16
cpu 12 603901 0 136403 4407508 100772 0 13
cpu 15 552850 2 132280 4461110 100090 0 11
cpu 14 579680 0 139726 4428872 98961 0 17
cpu 17 352882 0 113142 4767935 16221 0 9
cpu 16 423032 0 124746 4689790 14455 0 10
cpu 19 425979 0 123981 4686877 16306 0 10
cpu 18 473970 5 126018 4637639 15300 0 10
cpu 1 592870 0 205565 4378191 63264 0 2132
cpu 0 597075 45 163786 4381133 65760 0 1244
cpu 3 638519 0 219268 4327431 62118 0 622
cpu 2 627458 0 218463 4336441 64519 0 216
cpu 5 564133 0 174705 4447833 61692 0 488
cpu 4 560888 1 175774 4447855 62411 0 143
cpu 7 506110 0 171518 4508967 61181 0 573
cpu 6 545739 0 175380 4465708 61811 0 355
cpu 9 601193 0 164243 4397451 83493 0 398
cpu 8 652063 0 168188 4341534 83385 0 369
mem 1 99033092 78081380 20951712 1693896 18286712 172 0 19607292 17751192 373144 51320 0 0 203704 12288 0 0
mem 0 97636988 59797992 37838996 1146388 35440324 144 0 36012216 2325324 577648 15092 0 0 467752 8192 0 0
net vnet169 0 0 38476 0 0 0 0 0 0 0 0 0 224 0 47787 0 0 0 0 0 0 314 0
net vnet168 0 0 41178 0 0 0 0 0 0 0 0 0 247 0 52103 0 0 0 0 0 0 382 0
net eno1 0 268332 40596513865 0 0 713 0 0 0 0 0 0 32416288 0 1437577023 0 0 0 0 0 0 6200191 0
net lo 0 0 21539072 0 0 0 0 0 0 0 0 0 159263 0 21539072 0 0 0 0 0 0 159263 0
net virbr0 0 2116 9997397658 0 0 0 0 0 0 0 0 0 39930504 0 38536947266 0 0 0 0 0 0 23685997 0
net vnet165 0 0 43932 0 0 0 0 0 0 0 0 0 259 0 64765 0 0 0 0 0 0 526 0
net vnet167 0 0 269696 0 0 0 0 0 0 0 0 0 1338 0 237017 0 0 0 0 0 0 1319 0
net vnet166 0 0 43710 0 0 0 0 0 0 0 0 0 254 0 61707 0 0 0 0 0 0 476 0
numa 1 403349382 18781169 10118603 29535 403282691 18826683
numa 0 430597176 10118603 18781169 29710 430544048 10121164
ps - 728715910 4573433 537 498 537 8 923
sysv_shm - 0 0
tmpfs /run/lock 0 6
tmpfs /run 2285568 1138
tmpfs /run/user/20029 0 20
tmpfs /run/qemu 0 1
tmpfs /dev/shm 37622956032 105491
vfs - 135035 11304 187221
vm - 10 986647546 569329789 738014 1617408 861842638 902368425 195396066 8069301 1059789612 73026 0 0 0 0 0 1811072 0 311878 5997 0 1623853 318 0 3 0 0

1778497904.111780 0 node0.mimesys-workload.ldos-ut-pg0.wisc.cloudlab.us
block sda 5916550 680222 1973287660 26456977 3860085 20295294 1138659747 21747666 0 7356824 48533078
block sdb 674 0 7540 666 4 0 0 0 0 828 667
cpu 11 640039 0 172023 4334192 101189 0 17
cpu 10 678726 2 155076 4316070 100781 0 22
cpu 13 599386 0 139566 4408343 100071 0 16
cpu 12 603929 0 136405 4407562 100772 0 13
cpu 15 552935 2 132280 4461110 100090 0 11
cpu 14 579725 0 139726 4428911 98961 0 17
cpu 17 352966 0 113142 4767936 16221 0 9
cpu 16 423041 0 124749 4689863 14455 0 10
cpu 19 425981 0 123983 4686957 16306 0 10
cpu 18 473973 5 126020 4637718 15300 0 10
cpu 1 592870 0 205568 4378271 63264 0 2132
cpu 0 597079 45 163788 4381212 65760 0 1244
cpu 3 638520 0 219270 4327511 62118 0 622
cpu 2 627462 0 218465 4336520 64519 0 216
cpu 5 564134 0 174708 4447914 61692 0 488
cpu 4 560891 1 175777 4447935 62411 0 143
cpu 7 506112 0 171520 4509048 61181 0 573
cpu 6 545742 0 175382 4465789 61811 0 355
cpu 9 601194 0 164246 4397532 83493 0 398
cpu 8 652064 0 168191 4341614 83385 0 369
mem 1 99033092 78077856 20955236 1693888 18288636 192 0 19609228 17752940 373652 51696 0 0 204000 12288 0 0
mem 0 97636988 59796736 37840252 1146356 35438612 148 0 36012220 2325004 576324 14432 0 0 467736 8192 0 0
net vnet169 0 0 38476 0 0 0 0 0 0 0 0 0 224 0 47787 0 0 0 0 0 0 314 0
net vnet168 0 0 41178 0 0 0 0 0 0 0 0 0 247 0 52103 0 0 0 0 0 0 382 0
net eno1 0 268332 40596519382 0 0 713 0 0 0 0 0 0 32416372 0 1437577368 0 0 0 0 0 0 6200194 0
net lo 0 0 21539629 0 0 0 0 0 0 0 0 0 159267 0 21539629 0 0 0 0 0 0 159267 0
net virbr0 0 2116 9997399438 0 0 0 0 0 0 0 0 0 39930515 0 38536948264 0 0 0 0 0 0 23686006 0
net vnet165 0 0 43932 0 0 0 0 0 0 0 0 0 259 0 64765 0 0 0 0 0 0 526 0
net vnet167 0 0 271630 0 0 0 0 0 0 0 0 0 1349 0 238015 0 0 0 0 0 0 1328 0
net vnet166 0 0 43710 0 0 0 0 0 0 0 0 0 254 0 61707 0 0 0 0 0 0 476 0
numa 1 403354338 18781169 10118603 29535 403287646 18826684
numa 0 430608073 10118603 18781169 29710 430554945 10121164
ps - 728719684 4573577 537 498 537 5 912
sysv_shm - 0 0
tmpfs /run/lock 0 6
tmpfs /run 2285568 1138
tmpfs /run/user/20029 0 20
tmpfs /run/qemu 0 1
tmpfs /dev/shm 37622956032 105491
vfs - 135033 11304 187131
vm - 10 986647546 569329873 738014 1617408 861858490 902384625 195396074 8069301 1059814441 73026 0 0 0 0 0 1811072 0 311878 5997 0 1623853 318 0 3 0 0

1778497904.288993 0 node0.mimesys-workload.ldos-ut-pg0.wisc.cloudlab.us
block sda 5916550 680222 1973287660 26456977 3860085 20295294 1138659747 21747666 0 7356824 48533078
block sdb 674 0 7540 666 4 0 0 0 0 828 667
cpu 11 640040 0 172025 4334206 101189 0 17
cpu 10 678726 2 155078 4316085 100781 0 22
cpu 13 599404 0 139566 4408343 100071 0 16
cpu 12 603930 0 136407 4407577 100772 0 13
cpu 15 552953 2 132280 4461110 100090 0 11
cpu 14 579743 0 139726 4428911 98961 0 17
cpu 17 352984 0 113142 4767936 16221 0 9
cpu 16 423043 0 124751 4689877 14455 0 10
cpu 19 425982 0 123985 4686971 16306 0 10
cpu 18 473974 5 126022 4637733 15300 0 10
cpu 1 592872 0 205570 4378285 63264 0 2132
cpu 0 597081 45 163790 4381226 65760 0 1244
cpu 3 638521 0 219272 4327526 62118 0 622
cpu 2 627463 0 218468 4336535 64519 0 216
cpu 5 564136 0 174710 4447928 61692 0 488
cpu 4 560892 1 175778 4447949 62411 0 143
cpu 7 506114 0 171522 4509063 61181 0 573
cpu 6 545743 0 175384 4465803 61811 0 355
cpu 9 601195 0 164249 4397547 83493 0 398
cpu 8 652064 0 168193 4341629 83385 0 369
mem 1 99033092 78077604 20955488 1693896 18290112 192 0 19609228 17752932 375072 51852 0 0 204000 12288 0 0
mem 0 97636988 59795224 37841764 1146368 35438884 148 0 36012220 2324672 576600 14416 0 0 467688 8192 0 0
net vnet169 0 0 38476 0 0 0 0 0 0 0 0 0 224 0 47787 0 0 0 0 0 0 314 0
net vnet168 0 0 41178 0 0 0 0 0 0 0 0 0 247 0 52103 0 0 0 0 0 0 382 0
net eno1 0 268332 40596520376 0 0 713 0 0 0 0 0 0 32416387 0 1437577469 0 0 0 0 0 0 6200195 0
net lo 0 0 21540239 0 0 0 0 0 0 0 0 0 159271 0 21540239 0 0 0 0 0 0 159271 0
net virbr0 0 2116 9997399438 0 0 0 0 0 0 0 0 0 39930515 0 38536948264 0 0 0 0 0 0 23686006 0
net vnet165 0 0 43932 0 0 0 0 0 0 0 0 0 259 0 64765 0 0 0 0 0 0 526 0
net vnet167 0 0 271630 0 0 0 0 0 0 0 0 0 1349 0 238015 0 0 0 0 0 0 1328 0
net vnet166 0 0 43710 0 0 0 0 0 0 0 0 0 254 0 61707 0 0 0 0 0 0 476 0
numa 1 403359399 18781169 10118603 29535 403292707 18826684
numa 0 430617501 10118603 18781169 29710 430564373 10121164
ps - 728721072 4573713 537 498 537 5 912
sysv_shm - 0 0
tmpfs /run/lock 0 6
tmpfs /run 2285568 1138
tmpfs /run/user/20029 0 20
tmpfs /run/qemu 0 1
tmpfs /dev/shm 37622956032 105491
vfs - 135033 11224 187131
vm - 10 986647546 569329873 738014 1617408 861872982 902399117 195396076 8069301 1059837694 73026 0 0 0 0 0 1811072 0 311878 5997 0 1623853 318 0 3 0 0

1778497905.140160 0 node0.mimesys-workload.ldos-ut-pg0.wisc.cloudlab.us
block sda 5916550 680222 1973287660 26456977 3860085 20295294 1138659747 21747666 0 7356824 48533078
block sdb 674 0 7540 666 4 0 0 0 0 828 667
cpu 11 640061 0 172028 4334267 101189 0 17
cpu 10 678751 2 155081 4316143 100781 0 22
cpu 13 599460 0 139568 4408369 100071 0 16
cpu 12 603973 0 136407 4407617 100772 0 13
cpu 15 553036 2 132280 4461112 100090 0 11
cpu 14 579805 0 139727 4428935 98961 0 17
cpu 17 353069 0 113142 4767936 16221 0 9
cpu 16 423094 0 124752 4689911 14455 0 10
cpu 19 425986 0 123987 4687051 16306 0 10
cpu 18 473978 5 126024 4637813 15300 0 10
cpu 1 592877 0 205572 4378364 63264 0 2132
cpu 0 597082 45 163793 4381306 65760 0 1244
cpu 3 638523 0 219275 4327606 62118 0 622
cpu 2 627468 0 218470 4336615 64519 0 216
cpu 5 564139 0 174714 4448006 61692 0 488
cpu 4 560893 1 175782 4448029 62411 0 143
cpu 7 506117 0 171525 4509142 61181 0 573
cpu 6 545751 0 175387 4465878 61811 0 355
cpu 9 601195 0 164252 4397627 83493 0 398
cpu 8 652068 0 168199 4341705 83385 0 369
mem 1 99033092 78057708 20975384 1693912 18309672 248 0 19619040 17762772 384368 51868 0 0 204048 12288 0 0
mem 0 97636988 59791444 37845544 1146332 35439892 204 0 36012236 2324600 577516 14304 0 0 467892 8192 0 0
net vnet169 0 0 38476 0 0 0 0 0 0 0 0 0 224 0 47839 0 0 0 0 0 0 315 0
net vnet168 0 0 41178 0 0 0 0 0 0 0 0 0 247 0 52155 0 0 0 0 0 0 383 0
net eno1 0 268344 40596527108 0 0 713 0 0 0 0 0 0 32416482 0 1437578152 0 0 0 0 0 0 6200202 0
net lo 0 0 21542338 0 0 0 0 0 0 0 0 0 159293 0 21542338 0 0 0 0 0 0 159293 0
net virbr0 0 2116 9997403480 0 0 0 0 0 0 0 0 0 39930534 0 38536952526 0 0 0 0 0 0 23686022 0
net vnet165 0 0 43932 0 0 0 0 0 0 0 0 0 259 0 64817 0 0 0 0 0 0 527 0
net vnet167 0 0 275938 0 0 0 0 0 0 0 0 0 1368 0 242329 0 0 0 0 0 0 1345 0
net vnet166 0 0 43710 0 0 0 0 0 0 0 0 0 254 0 61759 0 0 0 0 0 0 477 0
numa 1 403369240 18781169 10118603 29535 403302548 18826684
numa 0 430631543 10118603 18781169 29710 430578415 10121164
ps - 728725662 4573871 537 498 537 7 913
sysv_shm - 0 0
tmpfs /run/lock 0 6
tmpfs /run 2285568 1138
tmpfs /run/user/20029 0 20
tmpfs /run/qemu 0 1
tmpfs /dev/shm 37622956032 105491
vfs - 135068 11264 187311
vm - 10 986647546 569329873 738014 1617408 861896967 902416571 195396083 8069301 1059871814 73026 0 0 0 0 0 1811072 0 311878 5997 0 1623853 318 0 3 0 0

1778497905.315768 0 node0.mimesys-workload.ldos-ut-pg0.wisc.cloudlab.us
block sda 5916550 680222 1973287660 26456977 3860085 20295294 1138659747 21747666 0 7356824 48533078
block sdb 674 0 7540 666 4 0 0 0 0 828 667
cpu 11 640069 0 172031 4334274 101189 0 17
cpu 10 678755 2 155082 4316154 100781 0 22
cpu 13 599471 0 139568 4408375 100071 0 16
cpu 12 603991 0 136407 4407617 100772 0 13
cpu 15 553054 2 132280 4461112 100090 0 11
cpu 14 579811 0 139728 4428945 98961 0 17
cpu 17 353086 0 113142 4767936 16221 0 9
cpu 16 423100 0 124754 4689921 14455 0 10
cpu 19 425988 0 123988 4687064 16306 0 10
cpu 18 473979 5 126026 4637826 15300 0 10
cpu 1 592878 0 205575 4378377 63264 0 2132
cpu 0 597090 45 163795 4381313 65760 0 1244
cpu 3 638526 0 219278 4327617 62118 0 622
cpu 2 627470 0 218472 4336628 64519 0 216
cpu 5 564141 0 174716 4448019 61692 0 488
cpu 4 560897 1 175783 4448041 62411 0 143
cpu 7 506125 0 171528 4509148 61181 0 573
cpu 6 545761 0 175388 4465885 61811 0 355
cpu 9 601196 0 164255 4397640 83493 0 398
cpu 8 652070 0 168202 4341717 83385 0 369
mem 1 99033092 78047124 20985968 1693900 18317900 268 0 19619340 17763440 392740 51828 0 0 204064 12288 0 0
mem 0 97636988 59769828 37867160 1146352 35466288 204 0 36013796 2326272 602424 14792 0 0 468184 8192 0 0
net vnet169 0 0 38476 0 0 0 0 0 0 0 0 0 224 0 47839 0 0 0 0 0 0 315 0
net vnet168 0 0 41178 0 0 0 0 0 0 0 0 0 247 0 52155 0 0 0 0 0 0 383 0
net eno1 0 268344 40596528582 0 0 713 0 0 0 0 0 0 32416505 0 1437578253 0 0 0 0 0 0 6200203 0
net lo 0 0 21542948 0 0 0 0 0 0 0 0 0 159297 0 21542948 0 0 0 0 0 0 159297 0
net virbr0 0 2116 9997403960 0 0 0 0 0 0 0 0 0 39930540 0 38536952952 0 0 0 0 0 0 23686027 0
net vnet165 0 0 43932 0 0 0 0 0 0 0 0 0 259 0 64817 0 0 0 0 0 0 527 0
net vnet167 0 0 276502 0 0 0 0 0 0 0 0 0 1374 0 242755 0 0 0 0 0 0 1350 0
net vnet166 0 0 43710 0 0 0 0 0 0 0 0 0 254 0 61759 0 0 0 0 0 0 477 0
numa 1 403376343 18781169 10118603 29535 403309650 18826685
numa 0 430648233 10118603 18781169 29710 430595105 10121164
ps - 728729963 4574103 537 498 537 6 987
sysv_shm - 0 0
tmpfs /run/lock 0 6
tmpfs /run 2285568 1138
tmpfs /run/user/20029 0 20
tmpfs /run/qemu 0 1
tmpfs /dev/shm 37622956032 105491
vfs - 135049 11264 187019
vm - 10 986647546 569329873 738014 1617408 861920655 902431935 195396088 8069301 1059905045 73026 0 0 0 0 0 1811072 0 311878 5997 0 1623853 318 0 3 0 0

1778497906.168279 0 node0.mimesys-workload.ldos-ut-pg0.wisc.cloudlab.us
block sda 5916550 680222 1973287660 26456977 3860223 20295294 1138661099 21747684 0 7356836 48533096
block sdb 674 0 7540 666 4 0 0 0 0 828 667
cpu 11 640074 0 172032 4334353 101189 0 17
cpu 10 678760 2 155085 4316233 100781 0 22
cpu 13 599556 0 139568 4408375 100071 0 16
cpu 12 604076 0 136407 4407617 100772 0 13
cpu 15 553139 2 132280 4461112 100090 0 11
cpu 14 579814 0 139732 4429023 98961 0 17
cpu 17 353172 0 113142 4767936 16221 0 9
cpu 16 423103 0 124756 4690001 14455 0 10
cpu 19 425991 0 123991 4687144 16306 0 10
cpu 18 473982 5 126028 4637906 15300 0 10
cpu 1 592892 0 205578 4378447 63264 0 2132
cpu 0 597103 45 163798 4381383 65760 0 1244
cpu 3 638531 0 219281 4327693 62118 0 622
cpu 2 627474 0 218474 4336706 64519 0 216
cpu 5 564144 0 174719 4448099 61692 0 488
cpu 4 560907 1 175786 4448112 62411 0 143
cpu 7 506127 0 171530 4509229 61181 0 573
cpu 6 545764 0 175392 4465965 61811 0 355
cpu 9 601200 0 164258 4397719 83493 0 398
cpu 8 652072 0 168204 4341798 83385 0 369
mem 1 99033092 78054352 20978740 1693900 18300084 4 0 19619756 17763468 374428 51584 0 0 204088 12288 0 0
mem 0 97636988 59794304 37842684 1146360 35439064 12 0 36012240 2325448 576256 14512 0 0 468216 8192 0 0
net vnet169 0 0 38476 0 0 0 0 0 0 0 0 0 224 0 47839 0 0 0 0 0 0 315 0
net vnet168 0 0 41178 0 0 0 0 0 0 0 0 0 247 0 52155 0 0 0 0 0 0 383 0
net eno1 0 268344 40596533533 0 0 713 0 0 0 0 0 0 32416578 0 1437578699 0 0 0 0 0 0 6200207 0
net lo 0 0 21544694 0 0 0 0 0 0 0 0 0 159315 0 21544694 0 0 0 0 0 0 159315 0
net virbr0 0 2116 9997403960 0 0 0 0 0 0 0 0 0 39930540 0 38536952952 0 0 0 0 0 0 23686027 0
net vnet165 0 0 43932 0 0 0 0 0 0 0 0 0 259 0 64817 0 0 0 0 0 0 527 0
net vnet167 0 0 276502 0 0 0 0 0 0 0 0 0 1374 0 242755 0 0 0 0 0 0 1350 0
net vnet166 0 0 43710 0 0 0 0 0 0 0 0 0 254 0 61759 0 0 0 0 0 0 477 0
numa 1 403381366 18781169 10118603 29535 403314673 18826685
numa 0 430660037 10118603 18781169 29710 430606909 10121164
ps - 728736407 4574263 537 498 537 7 856
sysv_shm - 0 0
tmpfs /run/lock 0 6
tmpfs /run 2285568 1138
tmpfs /run/user/20029 0 20
tmpfs /run/qemu 0 1
tmpfs /dev/shm 37622956032 105491
vfs - 135042 11304 186715
vm - 10 986647546 569330549 738014 1617408 861937518 902460944 195396912 8069301 1059931623 73026 0 0 0 0 0 1811072 0 311878 5997 0 1623853 318 0 3 0 0

1778497906.341345 0 node0.mimesys-workload.ldos-ut-pg0.wisc.cloudlab.us
block sda 5916550 680222 1973287660 26456977 3860223 20295294 1138661099 21747684 0 7356836 48533096
block sdb 674 0 7540 666 4 0 0 0 0 828 667
cpu 11 640078 0 172034 4334365 101189 0 17
cpu 10 678762 2 155088 4316246 100781 0 22
cpu 13 599574 0 139568 4408375 100071 0 16
cpu 12 604093 0 136407 4407617 100772 0 13
cpu 15 553156 2 132280 4461112 100090 0 11
cpu 14 579815 0 139735 4429037 98961 0 17
cpu 17 353189 0 113142 4767936 16221 0 9
cpu 16 423110 0 124756 4690011 14455 0 10
cpu 19 425992 0 123993 4687158 16306 0 10
cpu 18 473983 5 126030 4637920 15300 0 10
cpu 1 592895 0 205580 4378460 63264 0 2132
cpu 0 597104 45 163800 4381397 65760 0 1244
cpu 3 638538 0 219282 4327702 62118 0 622
cpu 2 627477 0 218478 4336717 64519 0 216
cpu 5 564145 0 174722 4448113 61692 0 488
cpu 4 560908 1 175788 4448127 62411 0 143
cpu 7 506128 0 171533 4509243 61181 0 573
cpu 6 545765 0 175394 4465979 61811 0 355
cpu 9 601202 0 164260 4397733 83493 0 398
cpu 8 652072 0 168206 4341813 83385 0 369
mem 1 99033092 78052844 20980248 1693916 18299956 84 0 19619756 17763556 373516 52188 0 0 204024 12288 0 0
mem 0 97636988 59790524 37846464 1146344 35440060 120 0 36012240 2325860 577624 14244 0 0 468000 8192 0 0
net vnet169 0 0 38476 0 0 0 0 0 0 0 0 0 224 0 47839 0 0 0 0 0 0 315 0
net vnet168 0 0 41178 0 0 0 0 0 0 0 0 0 247 0 52155 0 0 0 0 0 0 383 0
net eno1 0 268360 40596534107 0 0 713 0 0 0 0 0 0 32416586 0 1437578800 0 0 0 0 0 0 6200208 0
net lo 0 0 21545304 0 0 0 0 0 0 0 0 0 159319 0 21545304 0 0 0 0 0 0 159319 0
net virbr0 0 2116 9997406806 0 0 0 0 0 0 0 0 0 39930556 0 38536956642 0 0 0 0 0 0 23686039 0
net vnet165 0 0 43932 0 0 0 0 0 0 0 0 0 259 0 64817 0 0 0 0 0 0 527 0
net vnet167 0 0 279572 0 0 0 0 0 0 0 0 0 1390 0 246445 0 0 0 0 0 0 1362 0
net vnet166 0 0 43710 0 0 0 0 0 0 0 0 0 254 0 61759 0 0 0 0 0 0 477 0
numa 1 403386182 18781169 10118603 29535 403319489 18826685
numa 0 430670888 10118603 18781169 29710 430617729 10121164
ps - 728738261 4574401 537 498 537 8 853
sysv_shm - 0 0
tmpfs /run/lock 0 6
tmpfs /run 2285568 1138
tmpfs /run/user/20029 0 20
tmpfs /run/qemu 0 1
tmpfs /dev/shm 37622956032 105491
vfs - 135035 11304 186724
vm - 10 986647546 569330549 738014 1617408 861953122 902476627 195396917 8069301 1059956585 73026 0 0 0 0 0 1811072 0 311878 5997 0 1623853 318 0 3 0 0

1778497907.194727 0 node0.mimesys-workload.ldos-ut-pg0.wisc.cloudlab.us
block sda 5916550 680222 1973287660 26456977 3860223 20295294 1138661099 21747684 0 7356836 48533096
block sdb 674 0 7540 666 4 0 0 0 0 828 667
cpu 11 640092 0 172036 4334435 101189 0 17
cpu 10 678814 2 155089 4316279 100781 0 22
cpu 13 599659 0 139568 4408375 100071 0 16
cpu 12 604179 0 136407 4407617 100772 0 13
cpu 15 553173 2 132285 4461176 100090 0 11
cpu 14 579843 0 139737 4429091 98961 0 17
cpu 17 353274 0 113142 4767936 16221 0 9
cpu 16 423154 0 124756 4690051 14455 0 10
cpu 19 425995 0 123995 4687238 16306 0 10
cpu 18 473987 5 126032 4638000 15300 0 10
cpu 1 592898 0 205582 4378540 63264 0 2132
cpu 0 597106 45 163803 4381475 65760 0 1244
cpu 3 638539 0 219285 4327783 62118 0 622
cpu 2 627478 0 218480 4336799 64519 0 216
cpu 5 564146 0 174724 4448194 61692 0 488
cpu 4 560908 1 175792 4448208 62411 0 143
cpu 7 506131 0 171536 4509323 61181 0 573
cpu 6 545766 0 175396 4466060 61811 0 355
cpu 9 601204 0 164263 4397814 83493 0 398
cpu 8 652074 0 168207 4341895 83385 0 369
mem 1 99033092 78052088 20981004 1693896 18299528 104 0 19619932 17763644 373684 51592 0 0 203768 12288 0 0
mem 0 97636988 59787256 37849732 1146360 35438024 132 0 36012248 2324560 576100 14344 0 0 467644 8192 0 0
net vnet169 0 0 38476 0 0 0 0 0 0 0 0 0 224 0 47891 0 0 0 0 0 0 316 0
net vnet168 0 0 41178 0 0 0 0 0 0 0 0 0 247 0 52207 0 0 0 0 0 0 384 0
net eno1 0 268360 40596539086 0 0 713 0 0 0 0 0 0 32416661 0 1437579207 0 0 0 0 0 0 6200212 0
net lo 0 0 21545861 0 0 0 0 0 0 0 0 0 159323 0 21545861 0 0 0 0 0 0 159323 0
net virbr0 0 2116 9997408586 0 0 0 0 0 0 0 0 0 39930567 0 38536957640 0 0 0 0 0 0 23686048 0
net vnet165 0 0 43932 0 0 0 0 0 0 0 0 0 259 0 64869 0 0 0 0 0 0 528 0
net vnet167 0 0 281506 0 0 0 0 0 0 0 0 0 1401 0 247495 0 0 0 0 0 0 1372 0
net vnet166 0 0 43710 0 0 0 0 0 0 0 0 0 254 0 61811 0 0 0 0 0 0 478 0
numa 1 403391554 18781169 10118603 29535 403324860 18826686
numa 0 430681370 10118603 18781169 29710 430628211 10121164
ps - 728742279 4574545 526 496 537 5 853
sysv_shm - 0 0
tmpfs /run/lock 0 6
tmpfs /run 2285568 1138
tmpfs /run/user/20029 0 20
tmpfs /run/qemu 0 1
tmpfs /dev/shm 37622956032 105491
vfs - 135034 11344 186785
vm - 10 986647546 569330549 738014 1617408 861968973 902492850 195396926 8069301 1059981397 73026 0 0 0 0 0 1811072 0 311878 5997 0 1623853 318 0 3 0 0

1778497907.370019 0 node0.mimesys-workload.ldos-ut-pg0.wisc.cloudlab.us
block sda 5916550 680222 1973287660 26456977 3860228 20295294 1138661139 21747685 0 7356840 48533097
block sdb 674 0 7540 666 4 0 0 0 0 828 667
cpu 11 640093 0 172038 4334448 101189 0 17
cpu 10 678814 2 155092 4316293 100781 0 22
cpu 13 599676 0 139568 4408375 100071 0 16
cpu 12 604196 0 136407 4407617 100772 0 13
cpu 15 553174 2 132288 4461190 100090 0 11
cpu 14 579844 0 139739 4429106 98961 0 17
cpu 17 353292 0 113142 4767936 16221 0 9
cpu 16 423171 0 124756 4690051 14455 0 10
cpu 19 425996 0 123998 4687252 16306 0 10
cpu 18 473988 5 126033 4638015 15300 0 10
cpu 1 592900 0 205584 4378553 63264 0 2132
cpu 0 597108 45 163806 4381489 65760 0 1244
cpu 3 638542 0 219287 4327796 62118 0 622
cpu 2 627480 0 218483 4336811 64519 0 216
cpu 5 564150 0 174726 4448207 61692 0 488
cpu 4 560911 1 175794 4448220 62411 0 143
cpu 7 506132 0 171539 4509336 61181 0 573
cpu 6 545770 0 175397 4466072 61811 0 355
cpu 9 601208 0 164266 4397826 83493 0 398
cpu 8 652083 0 168208 4341903 83385 0 369
mem 1 99033092 78049572 20983520 1693908 18300780 104 0 19619932 17763196 374920 51804 0 0 203768 12288 0 0
mem 0 97636988 59799824 37837164 1146352 35437228 132 0 36012248 2324816 574840 14024 0 0 467596 8192 0 0
net vnet169 0 0 38476 0 0 0 0 0 0 0 0 0 224 0 47891 0 0 0 0 0 0 316 0
net vnet168 0 0 41178 0 0 0 0 0 0 0 0 0 247 0 52207 0 0 0 0 0 0 384 0
net eno1 0 268360 40596540680 0 0 713 0 0 0 0 0 0 32416686 0 1437579308 0 0 0 0 0 0 6200213 0
net lo 0 0 21546471 0 0 0 0 0 0 0 0 0 159327 0 21546471 0 0 0 0 0 0 159327 0
net virbr0 0 2116 9997408586 0 0 0 0 0 0 0 0 0 39930567 0 38536957640 0 0 0 0 0 0 23686048 0
net vnet165 0 0 43932 0 0 0 0 0 0 0 0 0 259 0 64869 0 0 0 0 0 0 528 0
net vnet167 0 0 281506 0 0 0 0 0 0 0 0 0 1401 0 247495 0 0 0 0 0 0 1372 0
net vnet166 0 0 43710 0 0 0 0 0 0 0 0 0 254 0 61811 0 0 0 0 0 0 478 0
numa 1 403397457 18781169 10118603 29535 403330763 18826686
numa 0 430689980 10118603 18781169 29710 430636821 10121164
ps - 728744547 4574681 526 496 537 6 853
sysv_shm - 0 0
tmpfs /run/lock 0 6
tmpfs /run 2285568 1138
tmpfs /run/user/20029 0 20
tmpfs /run/qemu 0 1
tmpfs /dev/shm 37622956032 105491
vfs - 135033 11344 186777
vm - 10 986647546 569330569 738014 1617408 861983485 902507355 195396932 8069301 1060004648 73026 0 0 0 0 0 1811072 0 311878 5997 0 1623853 318 0 3 0 0

1778497908.220820 0 node0.mimesys-workload.ldos-ut-pg0.wisc.cloudlab.us
block sda 5916550 680222 1973287660 26456977 3860241 20295294 1138661299 21747693 0 7356848 48533106
block sdb 674 0 7540 666 4 0 0 0 0 828 667
cpu 11 640111 0 172040 4334513 101189 0 17
cpu 10 678880 2 155093 4316311 100781 0 22
cpu 13 599741 0 139569 4408394 100071 0 16
cpu 12 604250 0 136410 4407645 100772 0 13
cpu 15 553191 2 132289 4461259 100090 0 11
cpu 14 579856 0 139742 4429176 98961 0 17
cpu 17 353374 0 113142 4767939 16221 0 9
cpu 16 423246 0 124756 4690061 14455 0 10
cpu 19 425998 0 123999 4687332 16306 0 10
cpu 18 473993 5 126035 4638095 15300 0 10
cpu 1 592901 0 205590 4378630 63264 0 2132
cpu 0 597110 45 163808 4381567 65760 0 1244
cpu 3 638544 0 219290 4327876 62118 0 622
cpu 2 627484 0 218486 4336890 64519 0 216
cpu 5 564156 0 174731 4448281 61692 0 488
cpu 4 560915 1 175798 4448298 62411 0 143
cpu 7 506135 0 171542 4509416 61181 0 573
cpu 6 545773 0 175399 4466152 61811 0 355
cpu 9 601209 0 164268 4397907 83493 0 398
cpu 8 652086 0 168210 4341981 83385 0 369
mem 1 99033092 78031440 21001652 1693920 18320744 148 0 19640528 17783776 374284 51820 0 0 203848 12288 0 0
mem 0 97636988 59797484 37839504 1146336 35438780 120 0 36012252 2324368 576312 14192 0 0 467860 8192 0 0
net vnet169 0 0 38476 0 0 0 0 0 0 0 0 0 224 0 47891 0 0 0 0 0 0 316 0
net vnet168 0 0 41178 0 0 0 0 0 0 0 0 0 247 0 52207 0 0 0 0 0 0 384 0
net eno1 0 268360 40596545831 0 0 713 0 0 0 0 0 0 32416757 0 1437579754 0 0 0 0 0 0 6200217 0
net lo 0 0 21547638 0 0 0 0 0 0 0 0 0 159335 0 21547638 0 0 0 0 0 0 159335 0
net virbr0 0 2116 9997411484 0 0 0 0 0 0 0 0 0 39930584 0 38536961330 0 0 0 0 0 0 23686060 0
net vnet165 0 0 43932 0 0 0 0 0 0 0 0 0 259 0 64869 0 0 0 0 0 0 528 0
net vnet167 0 0 284642 0 0 0 0 0 0 0 0 0 1418 0 251185 0 0 0 0 0 0 1384 0
net vnet166 0 0 43710 0 0 0 0 0 0 0 0 0 254 0 61811 0 0 0 0 0 0 478 0
numa 1 403408306 18781169 10118603 29535 403341612 18826686
numa 0 430701777 10118603 18781169 29710 430648618 10121164
ps - 728748478 4574830 526 496 537 6 849
sysv_shm - 0 0
tmpfs /run/lock 0 6
tmpfs /run 2285568 1138
tmpfs /run/user/20029 0 20
tmpfs /run/qemu 0 1
tmpfs /dev/shm 37622956032 105491
vfs - 135057 11384 186931
vm - 10 986647546 569330649 738014 1617408 862006131 902524394 195396945 8069301 1060037075 73026 0 0 0 0 0 1811072 0 311878 5997 0 1623853 318 0 3 0 0

1778497908.396669 0 node0.mimesys-workload.ldos-ut-pg0.wisc.cloudlab.us
block sda 5916550 680222 1973287660 26456977 3860241 20295294 1138661299 21747693 0 7356848 48533106
block sdb 674 0 7540 666 4 0 0 0 0 828 667
cpu 11 640120 0 172042 4334520 101189 0 17
cpu 10 678896 2 155093 4316313 100781 0 22
cpu 13 599749 0 139571 4408402 100071 0 16
cpu 12 604261 0 136412 4407649 100772 0 13
cpu 15 553197 2 132291 4461267 100090 0 11
cpu 14 579866 0 139742 4429183 98961 0 17
cpu 17 353392 0 113142 4767939 16221 0 9
cpu 16 423262 0 124758 4690061 14455 0 10
cpu 19 426000 0 124000 4687347 16306 0 10
cpu 18 473994 5 126037 4638110 15300 0 10
cpu 1 592902 0 205592 4378644 63264 0 2132
cpu 0 597112 45 163810 4381581 65760 0 1244
cpu 3 638546 0 219290 4327891 62118 0 622
cpu 2 627484 0 218488 4336904 64519 0 216
cpu 5 564158 0 174732 4448295 61692 0 488
cpu 4 560915 1 175800 4448313 62411 0 143
cpu 7 506137 0 171545 4509430 61181 0 573
cpu 6 545774 0 175401 4466166 61811 0 355
cpu 9 601211 0 164270 4397920 83493 0 398
cpu 8 652087 0 168212 4341996 83385 0 369
mem 1 99033092 78023260 21009832 1693904 18331080 164 0 19649852 17793588 374452 51704 0 0 203848 12288 0 0
mem 0 97636988 59794964 37842024 1146332 35440816 124 0 36012252 2324196 578368 14428 0 0 467376 8192 0 0
net vnet169 0 0 38476 0 0 0 0 0 0 0 0 0 224 0 47891 0 0 0 0 0 0 316 0
net vnet168 0 0 41178 0 0 0 0 0 0 0 0 0 247 0 52207 0 0 0 0 0 0 384 0
net eno1 0 268371 40596546705 0 0 713 0 0 0 0 0 0 32416769 0 1437579855 0 0 0 0 0 0 6200218 0
net lo 0 0 21548248 0 0 0 0 0 0 0 0 0 159339 0 21548248 0 0 0 0 0 0 159339 0
net virbr0 0 2116 9997412784 0 0 0 0 0 0 0 0 0 39930588 0 38536961902 0 0 0 0 0 0 23686064 0
net vnet165 0 0 43932 0 0 0 0 0 0 0 0 0 259 0 64869 0 0 0 0 0 0 528 0
net vnet167 0 0 285484 0 0 0 0 0 0 0 0 0 1419 0 251251 0 0 0 0 0 0 1384 0
net vnet166 0 0 43710 0 0 0 0 0 0 0 0 0 254 0 61811 0 0 0 0 0 0 478 0
numa 1 403416334 18781169 10118603 29535 403349640 18826686
numa 0 430710984 10118603 18781169 29710 430657825 10121164
ps - 728750500 4574967 526 496 537 7 849
sysv_shm - 0 0
tmpfs /run/lock 0 6
tmpfs /run 2285568 1138
tmpfs /run/user/20029 0 20
tmpfs /run/qemu 0 1
tmpfs /dev/shm 37622956032 105491
vfs - 135037 11424 186771
vm - 10 986647546 569330649 738014 1617408 862023374 902538967 195396950 8069301 1060063032 73026 0 0 0 0 0 1811072 0 311878 5997 0 1623853 318 0 3 0 0

1778497909.249033 0 node0.mimesys-workload.ldos-ut-pg0.wisc.cloudlab.us
block sda 5916550 680222 1973287660 26456977 3860247 20295311 1138661483 21747694 0 7356852 48533107
block sdb 674 0 7540 666 4 0 0 0 0 828 667
cpu 11 640133 0 172044 4334589 101189 0 17
cpu 10 678936 2 155097 4316354 100781 0 22
cpu 13 599828 0 139576 4408404 100071 0 16
cpu 12 604272 0 136416 4407719 100772 0 13
cpu 15 553245 2 132293 4461303 100090 0 11
cpu 14 579891 0 139743 4429242 98961 0 17
cpu 17 353462 0 113144 4767951 16221 0 9
cpu 16 423345 0 124760 4690061 14455 0 10
cpu 19 426002 0 124003 4687427 16306 0 10
cpu 18 473996 5 126040 4638190 15300 0 10
cpu 1 592908 0 205594 4378722 63264 0 2132
cpu 0 597115 45 163813 4381658 65760 0 1244
cpu 3 638548 0 219292 4327972 62118 0 622
cpu 2 627486 0 218491 4336986 64519 0 216
cpu 5 564160 0 174735 4448376 61692 0 488
cpu 4 560916 1 175802 4448395 62411 0 143
cpu 7 506137 0 171547 4509512 61181 0 573
cpu 6 545776 0 175404 4466248 61811 0 355
cpu 9 601214 0 164273 4398000 83493 0 398
cpu 8 652088 0 168214 4342078 83385 0 369
mem 1 99033092 77884500 21148592 1693904 18475756 184 0 19795576 17939284 373948 51712 0 0 203884 12288 0 0
mem 0 97636988 59793200 37843788 1146360 35437972 140 0 36012260 2324116 575592 14132 0 0 467328 8192 0 0
net vnet169 0 0 38476 0 0 0 0 0 0 0 0 0 224 0 47943 0 0 0 0 0 0 317 0
net vnet168 0 0 41178 0 0 0 0 0 0 0 0 0 247 0 52259 0 0 0 0 0 0 385 0
net eno1 0 268371 40596551562 0 0 713 0 0 0 0 0 0 32416843 0 1437580200 0 0 0 0 0 0 6200221 0
net lo 0 0 21548805 0 0 0 0 0 0 0 0 0 159343 0 21548805 0 0 0 0 0 0 159343 0
net virbr0 0 2116 9997413212 0 0 0 0 0 0 0 0 0 39930594 0 38536962328 0 0 0 0 0 0 23686069 0
net vnet165 0 0 43932 0 0 0 0 0 0 0 0 0 259 0 64921 0 0 0 0 0 0 529 0
net vnet167 0 0 286510 0 0 0 0 0 0 0 0 0 1428 0 252235 0 0 0 0 0 0 1394 0
net vnet166 0 0 43710 0 0 0 0 0 0 0 0 0 254 0 61863 0 0 0 0 0 0 479 0
numa 1 403457690 18781169 10118603 29535 403390996 18826686
numa 0 430722101 10118603 18781169 29710 430668942 10121164
ps - 728753721 4575111 526 496 537 6 849
sysv_shm - 0 0
tmpfs /run/lock 0 6
tmpfs /run 2285568 1138
tmpfs /run/user/20029 0 20
tmpfs /run/qemu 0 1
tmpfs /dev/shm 37622956032 105491
vfs - 135033 11384 186753
vm - 10 986647546 569330741 738014 1617408 862075868 902555049 195396960 8069301 1060124409 73026 0 0 0 0 0 1811072 0 311878 5997 0 1623853 318 0 3 0 0

1778497909.426538 0 node0.mimesys-workload.ldos-ut-pg0.wisc.cloudlab.us
block sda 5916550 680222 1973287660 26456977 3860247 20295311 1138661483 21747694 0 7356852 48533107
block sdb 674 0 7540 666 4 0 0 0 0 828 667
cpu 11 640136 0 172046 4334603 101189 0 17
cpu 10 678940 2 155098 4316367 100781 0 22
cpu 13 599844 0 139578 4408404 100071 0 16
cpu 12 604274 0 136418 4407733 100772 0 13
cpu 15 553262 2 132294 4461303 100090 0 11
cpu 14 579893 0 139745 4429255 98961 0 17
cpu 17 353479 0 113145 4767951 16221 0 9
cpu 16 423362 0 124761 4690061 14455 0 10
cpu 19 426003 0 124005 4687441 16306 0 10
cpu 18 473998 5 126041 4638205 15300 0 10
cpu 1 592912 0 205594 4378736 63264 0 2132
cpu 0 597116 45 163817 4381671 65760 0 1244
cpu 3 638549 0 219295 4327986 62118 0 622
cpu 2 627486 0 218494 4337000 64519 0 216
cpu 5 564160 0 174739 4448391 61692 0 488
cpu 4 560918 1 175804 4448409 62411 0 143
cpu 7 506139 0 171550 4509526 61181 0 573
cpu 6 545778 0 175406 4466262 61811 0 355
cpu 9 601216 0 164275 4398013 83493 0 398
cpu 8 652089 0 168216 4342092 83385 0 369
mem 1 99033092 77852060 21181032 1693892 18520692 204 0 19840776 17984708 373188 51784 0 0 204076 12288 0 0
mem 0 97636988 59804768 37832220 1146388 35438452 188 0 36012268 2324912 576096 14288 0 0 467200 8192 0 0
net vnet169 0 0 38476 0 0 0 0 0 0 0 0 0 224 0 47943 0 0 0 0 0 0 317 0
net vnet168 0 0 41178 0 0 0 0 0 0 0 0 0 247 0 52259 0 0 0 0 0 0 385 0
net eno1 0 268371 40596552856 0 0 713 0 0 0 0 0 0 32416863 0 1437580301 0 0 0 0 0 0 6200222 0
net lo 0 0 21549415 0 0 0 0 0 0 0 0 0 159347 0 21549415 0 0 0 0 0 0 159347 0
net virbr0 0 2116 9997413212 0 0 0 0 0 0 0 0 0 39930594 0 38536962328 0 0 0 0 0 0 23686069 0
net vnet165 0 0 43932 0 0 0 0 0 0 0 0 0 259 0 64921 0 0 0 0 0 0 529 0
net vnet167 0 0 286510 0 0 0 0 0 0 0 0 0 1428 0 252235 0 0 0 0 0 0 1394 0
net vnet166 0 0 43710 0 0 0 0 0 0 0 0 0 254 0 61863 0 0 0 0 0 0 479 0
numa 1 403473921 18781169 10118603 29535 403407227 18826686
numa 0 430732292 10118603 18781169 29710 430679133 10121164
ps - 728755291 4575247 526 496 537 12 849
sysv_shm - 0 0
tmpfs /run/lock 0 6
tmpfs /run 2285568 1138
tmpfs /run/user/20029 0 20
tmpfs /run/qemu 0 1
tmpfs /dev/shm 37622956032 105491
vfs - 135032 11384 186775
vm - 10 986647546 569330741 738014 1617408 862102352 902569520 195396968 8069301 1060159495 73026 0 0 0 0 0 1811072 0 311878 5997 0 1623853 318 0 3 0 0

1778497910.276244 0 node0.mimesys-workload.ldos-ut-pg0.wisc.cloudlab.us
block sda 5916550 680222 1973287660 26456977 3860247 20295311 1138661483 21747694 0 7356852 48533107
block sdb 674 0 7540 666 4 0 0 0 0 828 667
cpu 11 640200 0 172050 4334618 101189 0 17
cpu 10 679016 2 155100 4316374 100781 0 22
cpu 13 599925 0 139581 4408404 100071 0 16
cpu 12 604336 0 136420 4407755 100772 0 13
cpu 15 553330 2 132301 4461312 100090 0 11
cpu 14 579947 0 139753 4429277 98961 0 17
cpu 17 353550 0 113148 4767962 16221 0 9
cpu 16 423438 0 124765 4690066 14455 0 10
cpu 19 426004 0 124008 4687521 16306 0 10
cpu 18 474003 5 126042 4638285 15300 0 10
cpu 1 592914 0 205597 4378815 63264 0 2132
cpu 0 597120 45 163820 4381749 65760 0 1244
cpu 3 638550 0 219297 4328068 62118 0 622
cpu 2 627490 0 218496 4337080 64519 0 216
cpu 5 564163 0 174741 4448471 61692 0 488
cpu 4 560918 1 175807 4448490 62411 0 143
cpu 7 506141 0 171551 4509608 61181 0 573
cpu 6 545784 0 175410 4466337 61811 0 355
cpu 9 601220 0 164278 4398092 83493 0 398
cpu 8 652091 0 168220 4342171 83385 0 369
mem 1 99033092 77591160 21441932 1693888 18776756 236 0 20098208 18241944 372316 52128 0 0 204580 12288 0 0
mem 0 97636988 59814472 37822516 1146392 35440144 200 0 36012272 2324560 577788 14552 0 0 467368 8192 0 0
net vnet169 0 0 38476 0 0 0 0 0 0 0 0 0 224 0 47943 0 0 0 0 0 0 317 0
net vnet168 0 0 41178 0 0 0 0 0 0 0 0 0 247 0 52259 0 0 0 0 0 0 385 0
net eno1 0 268371 40596559161 0 0 713 0 0 0 0 0 0 32416954 0 1437580801 0 0 0 0 0 0 6200227 0
net lo 0 0 21550582 0 0 0 0 0 0 0 0 0 159355 0 21550582 0 0 0 0 0 0 159355 0
net virbr0 0 2116 9997417254 0 0 0 0 0 0 0 0 0 39930613 0 38536966590 0 0 0 0 0 0 23686085 0
net vnet165 0 0 43932 0 0 0 0 0 0 0 0 0 259 0 64921 0 0 0 0 0 0 529 0
net vnet167 0 0 290818 0 0 0 0 0 0 0 0 0 1447 0 256497 0 0 0 0 0 0 1410 0
net vnet166 0 0 43710 0 0 0 0 0 0 0 0 0 254 0 61863 0 0 0 0 0 0 479 0
numa 1 403542544 18781169 10118603 29535 403475850 18826686
numa 0 430745152 10118603 18781169 29710 430691993 10121164
ps - 728758756 4575396 526 496 537 6 849
sysv_shm - 0 0
tmpfs /run/lock 0 6
tmpfs /run 2285568 1138
tmpfs /run/user/20029 0 20
tmpfs /run/qemu 0 1
tmpfs /dev/shm 37622956032 105491
vfs - 135035 11384 186755
vm - 10 986647546 569330741 738014 1617408 862183768 902586479 195396973 8069301 1060250606 73026 0 0 0 0 0 1811072 0 311878 5997 0 1623853 318 0 3 0 0

1778497910.450148 0 node0.mimesys-workload.ldos-ut-pg0.wisc.cloudlab.us
block sda 5916550 680222 1973287660 26456977 3860247 20295311 1138661483 21747694 0 7356852 48533107
block sdb 674 0 7540 666 4 0 0 0 0 828 667
cpu 11 640207 0 172051 4334629 101189 0 17
cpu 10 679031 2 155101 4316374 100781 0 22
cpu 13 599940 0 139583 4408404 100071 0 16
cpu 12 604338 0 136422 4407767 100772 0 13
cpu 15 553338 2 132301 4461320 100090 0 11
cpu 14 579957 0 139753 4429285 98961 0 17
cpu 17 353564 0 113149 4767965 16221 0 9
cpu 16 423455 0 124766 4690066 14455 0 10
cpu 19 426005 0 124010 4687535 16306 0 10
cpu 18 474004 5 126044 4638299 15300 0 10
cpu 1 592917 0 205598 4378829 63264 0 2132
cpu 0 597121 45 163822 4381763 65760 0 1244
cpu 3 638551 0 219299 4328082 62118 0 622
cpu 2 627491 0 218497 4337094 64519 0 216
cpu 5 564164 0 174743 4448485 61692 0 488
cpu 4 560920 1 175809 4448504 62411 0 143
cpu 7 506143 0 171552 4509622 61181 0 573
cpu 6 545784 0 175413 4466351 61811 0 355
cpu 9 601221 0 164280 4398106 83493 0 398
cpu 8 652093 0 168222 4342184 83385 0 369
mem 1 99033092 77557660 21475432 1693884 18809432 252 0 20130060 18273472 373624 52300 0 0 204756 12288 0 0
mem 0 97636988 59813880 37823108 1146392 35438268 212 0 36012280 2324508 575948 14456 0 0 467224 8192 0 0
net vnet169 0 0 38476 0 0 0 0 0 0 0 0 0 224 0 47943 0 0 0 0 0 0 317 0
net vnet168 0 0 41178 0 0 0 0 0 0 0 0 0 247 0 52259 0 0 0 0 0 0 385 0
net eno1 0 268385 40596559975 0 0 713 0 0 0 0 0 0 32416966 0 1437580902 0 0 0 0 0 0 6200228 0
net lo 0 0 21551192 0 0 0 0 0 0 0 0 0 159359 0 21551192 0 0 0 0 0 0 159359 0
net virbr0 0 2116 9997417682 0 0 0 0 0 0 0 0 0 39930618 0 38536967016 0 0 0 0 0 0 23686090 0
net vnet165 0 0 43932 0 0 0 0 0 0 0 0 0 259 0 64921 0 0 0 0 0 0 529 0
net vnet167 0 0 291316 0 0 0 0 0 0 0 0 0 1452 0 256923 0 0 0 0 0 0 1415 0
net vnet166 0 0 43710 0 0 0 0 0 0 0 0 0 254 0 61863 0 0 0 0 0 0 479 0
numa 1 403554750 18781169 10118603 29535 403488056 18826686
numa 0 430755075 10118603 18781169 29710 430701916 10121164
ps - 728760631 4575533 526 496 537 7 849
sysv_shm - 0 0
tmpfs /run/lock 0 6
tmpfs /run 2285568 1138
tmpfs /run/user/20029 0 20
tmpfs /run/qemu 0 1
tmpfs /dev/shm 37622956032 105491
vfs - 135033 11424 186753
vm - 10 986647546 569330741 738014 1617408 862205885 902601442 195396976 8069301 1060281524 73026 0 0 0 0 0 1811072 0 311878 5997 0 1623853 318 0 3 0 0

1778497911.302775 0 node0.mimesys-workload.ldos-ut-pg0.wisc.cloudlab.us
block sda 5916552 680222 1973287796 26456992 3860395 20295318 1138877731 21751595 32 7357188 48537023
block sdb 674 0 7540 666 4 0 0 0 0 828 667
cpu 11 640275 0 172058 4334633 101196 0 17
cpu 10 679077 2 155105 4316402 100790 0 22
cpu 13 599976 0 139589 4408430 100087 0 16
cpu 12 604379 0 136425 4407807 100774 0 13
cpu 15 553389 2 132305 4461349 100092 0 11
cpu 14 580003 0 139757 4429317 98965 0 17
cpu 17 353593 0 113152 4768012 16226 0 9
cpu 16 423510 0 124769 4690087 14461 0 10
cpu 19 426008 0 124012 4687615 16306 0 10
cpu 18 474007 5 126046 4638380 15300 0 10
cpu 1 592920 0 205604 4378901 63268 0 2132
cpu 0 597124 45 163824 4381842 65760 0 1244
cpu 3 638555 0 219301 4328162 62118 0 622
cpu 2 627493 0 218499 4337173 64521 0 216
cpu 5 564167 0 174745 4448565 61692 0 488
cpu 4 560921 1 175812 4448585 62411 0 143
cpu 7 506144 0 171554 4509703 61181 0 573
cpu 6 545786 0 175416 4466432 61811 0 355
cpu 9 601224 0 164282 4398187 83493 0 398
cpu 8 652093 0 168224 4342267 83385 0 369
mem 1 99033092 77381768 21651324 1693908 18982468 236 8 20301152 18444416 375112 52928 0 0 205244 12288 0 0
mem 0 97636988 59812372 37824616 1146368 35437092 172 0 36012280 2324560 574724 14464 0 0 467364 8192 0 0
net vnet169 0 0 38476 0 0 0 0 0 0 0 0 0 224 0 47995 0 0 0 0 0 0 318 0
net vnet168 0 0 41178 0 0 0 0 0 0 0 0 0 247 0 52311 0 0 0 0 0 0 386 0
net eno1 0 268385 40596565432 0 0 713 0 0 0 0 0 0 32417049 0 1437581247 0 0 0 0 0 0 6200231 0
net lo 0 0 21551749 0 0 0 0 0 0 0 0 0 159363 0 21551749 0 0 0 0 0 0 159363 0
net virbr0 0 2116 9997417682 0 0 0 0 0 0 0 0 0 39930618 0 38536967016 0 0 0 0 0 0 23686090 0
net vnet165 0 0 43932 0 0 0 0 0 0 0 0 0 259 0 64973 0 0 0 0 0 0 530 0
net vnet167 0 0 291316 0 0 0 0 0 0 0 0 0 1452 0 256975 0 0 0 0 0 0 1416 0
net vnet166 0 0 43710 0 0 0 0 0 0 0 0 0 254 0 61915 0 0 0 0 0 0 480 0
numa 1 403603094 18781169 10118603 29535 403536400 18826686
numa 0 430765964 10118603 18781169 29710 430712805 10121164
ps - 728764388 4575716 526 496 537 5 889
sysv_shm - 0 0
tmpfs /run/lock 0 6
tmpfs /run 2285568 1138
tmpfs /run/user/20029 0 20
tmpfs /run/qemu 0 1
tmpfs /dev/shm 37622956032 105491
vfs - 135055 11384 186929
vm - 10 986647614 569503797 738014 1617408 862265123 902617352 195396988 8069301 1060348994 73026 0 0 0 0 0 1811072 0 311878 5997 0 1623853 318 0 3 0 0

1778497911.475203 0 node0.mimesys-workload.ldos-ut-pg0.wisc.cloudlab.us
block sda 5916552 680222 1973287796 26456992 3860461 20295318 1138987539 21762898 25 7357360 48548326
block sdb 674 0 7540 666 4 0 0 0 0 828 667
cpu 11 640290 0 172059 4334633 101196 0 17
cpu 10 679081 2 155107 4316402 100802 0 22
cpu 13 599977 0 139591 4408432 100098 0 16
cpu 12 604396 0 136425 4407807 100774 0 13
cpu 15 553406 2 132305 4461349 100092 0 11
cpu 14 580019 0 139758 4429317 98965 0 17
cpu 17 353597 0 113152 4768012 16240 0 9
cpu 16 423511 0 124772 4690087 14475 0 10
cpu 19 426008 0 124014 4687630 16306 0 10
cpu 18 474007 5 126049 4638394 15300 0 10
cpu 1 592922 0 205609 4378912 63268 0 2132
cpu 0 597127 45 163829 4381853 65760 0 1244
cpu 3 638556 0 219304 4328176 62118 0 622
cpu 2 627494 0 218501 4337173 64535 0 216
cpu 5 564168 0 174748 4448579 61692 0 488
cpu 4 560922 1 175815 4448599 62411 0 143
cpu 7 506145 0 171557 4509717 61181 0 573
cpu 6 545788 0 175417 4466445 61811 0 355
cpu 9 601225 0 164285 4398200 83493 0 398
cpu 8 652096 0 168228 4342278 83385 0 369
mem 1 99033092 77347004 21686088 1693932 19016132 240 8 20334832 18479628 374276 53552 0 0 205564 12288 0 0
mem 0 97636988 59809852 37827136 1146360 35439236 172 0 36012280 2326112 576816 13936 0 0 467340 8192 0 0
net vnet169 0 0 38476 0 0 0 0 0 0 0 0 0 224 0 47995 0 0 0 0 0 0 318 0
net vnet168 0 0 41178 0 0 0 0 0 0 0 0 0 247 0 52311 0 0 0 0 0 0 386 0
net eno1 0 268385 40596566700 0 0 713 0 0 0 0 0 0 32417067 0 1437581449 0 0 0 0 0 0 6200233 0
net lo 0 0 21552969 0 0 0 0 0 0 0 0 0 159371 0 21552969 0 0 0 0 0 0 159371 0
net virbr0 0 2116 9997419612 0 0 0 0 0 0 0 0 0 39930625 0 38536969046 0 0 0 0 0 0 23686096 0
net vnet165 0 0 43932 0 0 0 0 0 0 0 0 0 259 0 64973 0 0 0 0 0 0 530 0
net vnet167 0 0 293344 0 0 0 0 0 0 0 0 0 1459 0 259005 0 0 0 0 0 0 1422 0
net vnet166 0 0 43710 0 0 0 0 0 0 0 0 0 254 0 61915 0 0 0 0 0 0 480 0
numa 1 403616196 18781169 10118603 29535 403549502 18826686
numa 0 430777692 10118603 18781169 29710 430724533 10121164
ps - 728766520 4575858 526 496 537 6 889
sysv_shm - 0 0
tmpfs /run/lock 0 6
tmpfs /run 2285568 1138
tmpfs /run/user/20029 0 20
tmpfs /run/qemu 0 1
tmpfs /dev/shm 37622956032 105491
vfs - 135036 11344 186763
vm - 10 986647614 569503813 738014 1617408 862289955 902633184 195396991 8069301 1060383388 73026 0 0 0 0 0 1811072 0 311878 5997 0 1623853 318 0 3 0 0

1778497912.327181 0 node0.mimesys-workload.ldos-ut-pg0.wisc.cloudlab.us
block sda 5916553 680222 1973287804 26457000 3860833 20295322 1139236051 21774792 0 7357712 48560229
block sdb 674 0 7540 666 4 0 0 0 0 828 667
cpu 11 640356 0 172063 4334649 101196 0 17
cpu 10 679129 2 155115 4316427 100806 0 22
cpu 13 600043 0 139595 4408445 100102 0 16
cpu 12 604473 0 136432 4407809 100774 0 13
cpu 15 553471 2 132309 4461366 100092 0 11
cpu 14 580076 0 139760 4429336 98972 0 17
cpu 17 353639 0 113156 4768048 16243 0 9
cpu 16 423573 0 124776 4690097 14485 0 10
cpu 19 426011 0 124016 4687709 16306 0 10
cpu 18 474010 5 126052 4638473 15300 0 10
cpu 1 592922 0 205613 4378992 63268 0 2132
cpu 0 597130 45 163832 4381932 65760 0 1244
cpu 3 638559 0 219307 4328255 62118 0 622
cpu 2 627496 0 218504 4337250 64539 0 216
cpu 5 564170 0 174750 4448658 61692 0 488
cpu 4 560924 1 175819 4448679 62411 0 143
cpu 7 506147 0 171559 4509798 61181 0 573
cpu 6 545790 0 175420 4466527 61811 0 355
cpu 9 601226 0 164287 4398280 83493 0 398
cpu 8 652096 0 168232 4342359 83385 0 369
mem 1 99033092 77087268 21945824 1693908 19271848 4 0 20593272 18736980 373680 53256 0 0 205684 12288 0 0
mem 0 97636988 59807332 37829656 1146376 35438864 28 0 36012284 2325004 576496 14376 0 0 467372 8192 0 0
net vnet169 0 0 38476 0 0 0 0 0 0 0 0 0 224 0 47995 0 0 0 0 0 0 318 0
net vnet168 0 0 41178 0 0 0 0 0 0 0 0 0 247 0 52311 0 0 0 0 0 0 386 0
net eno1 0 268385 40596572538 0 0 713 0 0 0 0 0 0 32417151 0 1437581794 0 0 0 0 0 0 6200236 0
net lo 0 0 21553526 0 0 0 0 0 0 0 0 0 159375 0 21553526 0 0 0 0 0 0 159375 0
net virbr0 0 2116 9997422204 0 0 0 0 0 0 0 0 0 39930643 0 38536971704 0 0 0 0 0 0 23686111 0
net vnet165 0 0 43932 0 0 0 0 0 0 0 0 0 259 0 64973 0 0 0 0 0 0 530 0
net vnet167 0 0 296188 0 0 0 0 0 0 0 0 0 1477 0 261663 0 0 0 0 0 0 1437 0
net vnet166 0 0 43710 0 0 0 0 0 0 0 0 0 254 0 61915 0 0 0 0 0 0 480 0
numa 1 403683511 18781169 10118603 29535 403616817 18826686
numa 0 430791156 10118603 18781169 29710 430737997 10121164
ps - 728771337 4576002 516 495 536 9 889
sysv_shm - 0 0
tmpfs /run/lock 0 6
tmpfs /run 2285568 1138
tmpfs /run/user/20029 0 20
tmpfs /run/qemu 0 1
tmpfs /dev/shm 37622956032 105491
vfs - 135033 11304 186753
vm - 10 986647618 569618025 738014 1617408 862370749 902649496 195396997 8069301 1060472908 73026 0 0 0 0 0 1811072 0 311878 5997 0 1623853 318 0 3 0 0

1778497912.505656 0 node0.mimesys-workload.ldos-ut-pg0.wisc.cloudlab.us
block sda 5916553 680222 1973287804 26457000 3860833 20295322 1139236051 21774792 0 7357712 48560229
block sdb 674 0 7540 666 4 0 0 0 0 828 667
cpu 11 640373 0 172063 4334650 101196 0 17
cpu 10 679146 2 155116 4316427 100806 0 22
cpu 13 600059 0 139596 4408445 100102 0 16
cpu 12 604490 0 136432 4407809 100774 0 13
cpu 15 553487 2 132310 4461366 100092 0 11
cpu 14 580092 0 139761 4429336 98972 0 17
cpu 17 353655 0 113157 4768049 16243 0 9
cpu 16 423590 0 124776 4690097 14485 0 10
cpu 19 426011 0 124019 4687724 16306 0 10
cpu 18 474012 5 126053 4638488 15300 0 10
cpu 1 592923 0 205616 4379006 63268 0 2132
cpu 0 597132 45 163834 4381945 65760 0 1244
cpu 3 638561 0 219310 4328269 62118 0 622
cpu 2 627496 0 218508 4337265 64539 0 216
cpu 5 564171 0 174754 4448672 61692 0 488
cpu 4 560925 1 175821 4448693 62411 0 143
cpu 7 506148 0 171562 4509813 61181 0 573
cpu 6 545792 0 175421 4466541 61811 0 355
cpu 9 601228 0 164289 4398294 83493 0 398
cpu 8 652098 0 168234 4342373 83385 0 369
mem 1 99033092 77033836 21999256 1693892 19325700 60 0 20646244 18790892 373280 53600 0 0 206252 12288 0 0
mem 0 97636988 59805064 37831924 1146384 35438572 128 0 36012288 2325328 576704 14404 0 0 467528 8192 0 0
net vnet169 0 0 38476 0 0 0 0 0 0 0 0 0 224 0 48047 0 0 0 0 0 0 319 0
net vnet168 0 0 41178 0 0 0 0 0 0 0 0 0 247 0 52363 0 0 0 0 0 0 387 0
net eno1 0 268399 40596573832 0 0 713 0 0 0 0 0 0 32417171 0 1437581895 0 0 0 0 0 0 6200237 0
net lo 0 0 21554136 0 0 0 0 0 0 0 0 0 159379 0 21554136 0 0 0 0 0 0 159379 0
net virbr0 0 2116 9997422204 0 0 0 0 0 0 0 0 0 39930643 0 38536971704 0 0 0 0 0 0 23686111 0
net vnet165 0 0 43932 0 0 0 0 0 0 0 0 0 259 0 65025 0 0 0 0 0 0 531 0
net vnet167 0 0 296188 0 0 0 0 0 0 0 0 0 1477 0 261715 0 0 0 0 0 0 1438 0
net vnet166 0 0 43710 0 0 0 0 0 0 0 0 0 254 0 61967 0 0 0 0 0 0 481 0
numa 1 403699026 18781169 10118603 29535 403632332 18826686
numa 0 430803698 10118603 18781169 29710 430750539 10121164
ps - 728772877 4576138 516 495 536 10 889
sysv_shm - 0 0
tmpfs /run/lock 0 6
tmpfs /run 2285568 1138
tmpfs /run/user/20029 0 20
tmpfs /run/qemu 0 1
tmpfs /dev/shm 37622956032 105491
vfs - 135033 11344 186895
vm - 10 986647618 569618025 738014 1617408 862398812 902663951 195397003 8069301 1060509662 73026 0 0 0 0 0 1811072 0 311878 5997 0 1623853 318 0 3 0 0

1778497913.355157 0 node0.mimesys-workload.ldos-ut-pg0.wisc.cloudlab.us
block sda 5916553 680222 1973287804 26457000 3860848 20295322 1139236507 21774799 0 7357724 48560236
block sdb 674 0 7540 666 4 0 0 0 0 828 667
cpu 11 640441 0 172064 4334666 101196 0 17
cpu 10 679210 2 155119 4316443 100806 0 22
cpu 13 600134 0 139598 4408453 100102 0 16
cpu 12 604567 0 136432 4407817 100774 0 13
cpu 15 553560 2 132312 4461376 100092 0 11
cpu 14 580165 0 139762 4429348 98972 0 17
cpu 17 353723 0 113157 4768066 16243 0 9
cpu 16 423664 0 124776 4690108 14485 0 10
cpu 19 426014 0 124022 4687803 16306 0 10
cpu 18 474016 5 126054 4638568 15300 0 10
cpu 1 592929 0 205618 4379084 63268 0 2132
cpu 0 597133 45 163837 4382026 65760 0 1244
cpu 3 638564 0 219313 4328348 62118 0 622
cpu 2 627498 0 218511 4337345 64539 0 216
cpu 5 564173 0 174756 4448753 61692 0 488
cpu 4 560932 1 175825 4448768 62411 0 143
cpu 7 506150 0 171566 4509891 61181 0 573
cpu 6 545793 0 175424 4466622 61811 0 355
cpu 9 601229 0 164292 4398374 83493 0 398
cpu 8 652100 0 168238 4342453 83385 0 369
mem 1 99033092 76957480 22075612 1693884 19399488 100 0 20720468 18865516 372868 53684 0 0 206444 12288 0 0
mem 0 97636988 59800068 37836920 1146400 35441004 112 0 36012288 2325892 578648 14520 0 0 467752 8192 0 0
net vnet169 0 0 38476 0 0 0 0 0 0 0 0 0 224 0 48047 0 0 0 0 0 0 319 0
net vnet168 0 0 41178 0 0 0 0 0 0 0 0 0 247 0 52363 0 0 0 0 0 0 387 0
net eno1 0 268399 40596578423 0 0 713 0 0 0 0 0 0 32417238 0 1437582341 0 0 0 0 0 0 6200241 0
net lo 0 0 21555303 0 0 0 0 0 0 0 0 0 159387 0 21555303 0 0 0 0 0 0 159387 0
net virbr0 0 2116 9997425102 0 0 0 0 0 0 0 0 0 39930660 0 38536975394 0 0 0 0 0 0 23686123 0
net vnet165 0 0 43932 0 0 0 0 0 0 0 0 0 259 0 65025 0 0 0 0 0 0 531 0
net vnet167 0 0 299324 0 0 0 0 0 0 0 0 0 1494 0 265405 0 0 0 0 0 0 1450 0
net vnet166 0 0 43710 0 0 0 0 0 0 0 0 0 254 0 61967 0 0 0 0 0 0 481 0
numa 1 403721041 18781169 10118603 29535 403654347 18826686
numa 0 430817050 10118603 18781169 29710 430763891 10121164
ps - 728776708 4576287 516 495 536 9 889
sysv_shm - 0 0
tmpfs /run/lock 0 6
tmpfs /run 2285568 1138
tmpfs /run/user/20029 0 20
tmpfs /run/qemu 0 1
tmpfs /dev/shm 37622956032 105491
vfs - 135035 11384 186995
vm - 10 986647618 569618253 738014 1617408 862434139 902680973 195397008 8069301 1060554714 73026 0 0 0 0 0 1811072 0 311878 5997 0 1623853 318 0 3 0 0

1778497913.531699 0 node0.mimesys-workload.ldos-ut-pg0.wisc.cloudlab.us
block sda 5916553 680222 1973287804 26457000 3860848 20295322 1139236507 21774799 0 7357724 48560236
block sdb 674 0 7540 666 4 0 0 0 0 828 667
cpu 11 640458 0 172064 4334667 101196 0 17
cpu 10 679225 2 155121 4316444 100806 0 22
cpu 13 600150 0 139598 4408455 100102 0 16
cpu 12 604584 0 136433 4407817 100774 0 13
cpu 15 553576 2 132312 4461376 100092 0 11
cpu 14 580181 0 139764 4429348 98972 0 17
cpu 17 353740 0 113157 4768066 16243 0 9
cpu 16 423679 0 124777 4690109 14485 0 10
cpu 19 426015 0 124023 4687818 16306 0 10
cpu 18 474018 5 126056 4638582 15300 0 10
cpu 1 592931 0 205619 4379098 63268 0 2132
cpu 0 597134 45 163839 4382040 65760 0 1244
cpu 3 638565 0 219315 4328363 62118 0 622
cpu 2 627499 0 218513 4337359 64539 0 216
cpu 5 564175 0 174758 4448767 61692 0 488
cpu 4 560932 1 175827 4448783 62411 0 143
cpu 7 506151 0 171568 4509905 61181 0 573
cpu 6 545794 0 175426 4466637 61811 0 355
cpu 9 601230 0 164294 4398389 83493 0 398
cpu 8 652101 0 168239 4342467 83385 0 369
mem 1 99033092 76968864 22064228 1693896 19399984 116 0 20720804 18864496 372832 53776 0 0 206516 12288 0 0
mem 0 97636988 59800068 37836920 1146392 35439708 132 0 36012296 2325424 577356 14412 0 0 467544 8192 0 0
net vnet169 0 0 38476 0 0 0 0 0 0 0 0 0 224 0 48047 0 0 0 0 0 0 319 0
net vnet168 0 0 41178 0 0 0 0 0 0 0 0 0 247 0 52363 0 0 0 0 0 0 387 0
net eno1 0 268399 40596579417 0 0 713 0 0 0 0 0 0 32417253 0 1437582442 0 0 0 0 0 0 6200242 0
net lo 0 0 21555913 0 0 0 0 0 0 0 0 0 159391 0 21555913 0 0 0 0 0 0 159391 0
net virbr0 0 2116 9997425102 0 0 0 0 0 0 0 0 0 39930660 0 38536975394 0 0 0 0 0 0 23686123 0
net vnet165 0 0 43932 0 0 0 0 0 0 0 0 0 259 0 65025 0 0 0 0 0 0 531 0
net vnet167 0 0 299324 0 0 0 0 0 0 0 0 0 1494 0 265405 0 0 0 0 0 0 1450 0
net vnet166 0 0 43710 0 0 0 0 0 0 0 0 0 254 0 61967 0 0 0 0 0 0 481 0
numa 1 403726020 18781169 10118603 29535 403659326 18826686
numa 0 430826551 10118603 18781169 29710 430773392 10121164
ps - 728778072 4576423 516 495 536 7 889
sysv_shm - 0 0
tmpfs /run/lock 0 6
tmpfs /run 2285568 1138
tmpfs /run/user/20029 0 20
tmpfs /run/qemu 0 1
tmpfs /dev/shm 37622956032 105491
vfs - 135035 11304 186995
vm - 10 986647618 569618253 738014 1617408 862448619 902695448 195397021 8069301 1060577933 73026 0 0 0 0 0 1811072 0 311878 5997 0 1623853 318 0 3 0 0

1778497914.383746 0 node0.mimesys-workload.ldos-ut-pg0.wisc.cloudlab.us
block sda 5916553 680222 1973287804 26457000 3860856 20295338 1139236699 21774801 0 7357732 48560238
block sdb 674 0 7540 666 4 0 0 0 0 828 667
cpu 11 640535 0 172065 4334673 101196 0 17
cpu 10 679306 2 155121 4316448 100806 0 22
cpu 13 600232 0 139598 4408458 100102 0 16
cpu 12 604662 0 136433 4407824 100774 0 13
cpu 15 553660 2 132312 4461378 100092 0 11
cpu 14 580265 0 139764 4429349 98972 0 17
cpu 17 353825 0 113157 4768066 16243 0 9
cpu 16 423756 0 124777 4690117 14485 0 10
cpu 19 426016 0 124027 4687898 16306 0 10
cpu 18 474020 5 126060 4638660 15300 0 10
cpu 1 592936 0 205624 4379174 63268 0 2132
cpu 0 597137 45 163842 4382119 65760 0 1244
cpu 3 638569 0 219317 4328443 62118 0 622
cpu 2 627502 0 218514 4337440 64539 0 216
cpu 5 564178 0 174760 4448848 61692 0 488
cpu 4 560934 1 175830 4448863 62411 0 143
cpu 7 506153 0 171570 4509987 61181 0 573
cpu 6 545796 0 175428 4466717 61811 0 355
cpu 9 601231 0 164297 4398469 83493 0 398
cpu 8 652102 0 168242 4342548 83385 0 369
mem 1 99033092 76968768 22064324 1693908 19400580 132 0 20720808 18864684 373008 54084 0 0 206540 12288 0 0
mem 0 97636988 59798304 37838684 1146376 35439384 136 0 36012300 2325288 576976 14304 0 0 467420 8192 0 0
net vnet169 0 0 38476 0 0 0 0 0 0 0 0 0 224 0 48047 0 0 0 0 0 0 319 0
net vnet168 0 0 41178 0 0 0 0 0 0 0 0 0 247 0 52363 0 0 0 0 0 0 387 0
net eno1 0 268399 40596584574 0 0 713 0 0 0 0 0 0 32417331 0 1437582787 0 0 0 0 0 0 6200245 0
net lo 0 0 21556470 0 0 0 0 0 0 0 0 0 159395 0 21556470 0 0 0 0 0 0 159395 0
net virbr0 0 2116 9997426882 0 0 0 0 0 0 0 0 0 39930671 0 38536976392 0 0 0 0 0 0 23686132 0
net vnet165 0 0 43932 0 0 0 0 0 0 0 0 0 259 0 65025 0 0 0 0 0 0 531 0
net vnet167 0 0 301258 0 0 0 0 0 0 0 0 0 1505 0 266403 0 0 0 0 0 0 1459 0
net vnet166 0 0 43710 0 0 0 0 0 0 0 0 0 254 0 61967 0 0 0 0 0 0 481 0
numa 1 403728145 18781169 10118603 29535 403661451 18826686
numa 0 430840303 10118603 18781169 29710 430787144 10121164
ps - 728781104 4576567 516 495 536 9 889
sysv_shm - 0 0
tmpfs /run/lock 0 6
tmpfs /run 2285568 1138
tmpfs /run/user/20029 0 20
tmpfs /run/qemu 0 1
tmpfs /dev/shm 37622956032 105491
vfs - 135055 11304 187169
vm - 10 986647618 569618349 738014 1617408 862464496 902711640 195397027 8069301 1060602701 73026 0 0 0 0 0 1811072 0 311878 5997 0 1623853 318 0 3 0 0

1778497914.558475 0 node0.mimesys-workload.ldos-ut-pg0.wisc.cloudlab.us
block sda 5916553 680222 1973287804 26457000 3860856 20295338 1139236699 21774801 0 7357732 48560238
block sdb 674 0 7540 666 4 0 0 0 0 828 667
cpu 11 640552 0 172065 4334673 101196 0 17
cpu 10 679323 2 155121 4316448 100806 0 22
cpu 13 600250 0 139598 4408458 100102 0 16
cpu 12 604680 0 136433 4407824 100774 0 13
cpu 15 553677 2 132312 4461378 100092 0 11
cpu 14 580283 0 139764 4429349 98972 0 17
cpu 17 353843 0 113157 4768066 16243 0 9
cpu 16 423772 0 124777 4690118 14485 0 10
cpu 19 426018 0 124028 4687912 16306 0 10
cpu 18 474022 5 126062 4638674 15300 0 10
cpu 1 592938 0 205625 4379188 63268 0 2132
cpu 0 597139 45 163843 4382133 65760 0 1244
cpu 3 638570 0 219320 4328456 62118 0 622
cpu 2 627503 0 218516 4337454 64539 0 216
cpu 5 564179 0 174763 4448862 61692 0 488
cpu 4 560936 1 175832 4448877 62411 0 143
cpu 7 506154 0 171573 4510001 61181 0 573
cpu 6 545797 0 175430 4466732 61811 0 355
cpu 9 601233 0 164298 4398483 83493 0 398
cpu 8 652104 0 168245 4342562 83385 0 369
mem 1 99033092 76967492 22065600 1693900 19399280 164 0 20720996 18864624 372416 53792 0 0 206540 12288 0 0
mem 0 97636988 59797800 37839188 1146404 35438908 180 0 36012308 2324528 576944 14464 0 0 467372 8192 0 0
net vnet169 0 0 38476 0 0 0 0 0 0 0 0 0 224 0 48099 0 0 0 0 0 0 320 0
net vnet168 0 0 41178 0 0 0 0 0 0 0 0 0 247 0 52415 0 0 0 0 0 0 388 0
net eno1 0 268411 40596585388 0 0 713 0 0 0 0 0 0 32417343 0 1437582888 0 0 0 0 0 0 6200246 0
net lo 0 0 21557080 0 0 0 0 0 0 0 0 0 159399 0 21557080 0 0 0 0 0 0 159399 0
net virbr0 0 2116 9997426882 0 0 0 0 0 0 0 0 0 39930671 0 38536976392 0 0 0 0 0 0 23686132 0
net vnet165 0 0 43932 0 0 0 0 0 0 0 0 0 259 0 65077 0 0 0 0 0 0 532 0
net vnet167 0 0 301258 0 0 0 0 0 0 0 0 0 1505 0 266455 0 0 0 0 0 0 1460 0
net vnet166 0 0 43710 0 0 0 0 0 0 0 0 0 254 0 62019 0 0 0 0 0 0 482 0
numa 1 403730153 18781169 10118603 29535 403663459 18826686
numa 0 430852732 10118603 18781169 29710 430799573 10121164
ps - 728782372 4576703 516 495 536 9 889
sysv_shm - 0 0
tmpfs /run/lock 0 6
tmpfs /run 2285568 1138
tmpfs /run/user/20029 0 20
tmpfs /run/qemu 0 1
tmpfs /dev/shm 37622956032 105491
vfs - 135035 11304 187009
vm - 10 986647618 569618349 738014 1617408 862478934 902726075 195397032 8069301 1060625881 73026 0 0 0 0 0 1811072 0 311878 5997 0 1623853 318 0 3 0 0

1778497915.411572 0 node0.mimesys-workload.ldos-ut-pg0.wisc.cloudlab.us
block sda 5916553 680222 1973287804 26457000 3860856 20295338 1139236699 21774801 0 7357732 48560238
block sdb 674 0 7540 666 4 0 0 0 0 828 667
cpu 11 640637 0 172066 4334673 101196 0 17
cpu 10 679408 2 155121 4316448 100806 0 22
cpu 13 600335 0 139598 4408458 100102 0 16
cpu 12 604764 0 136433 4407825 100774 0 13
cpu 15 553762 2 132312 4461378 100092 0 11
cpu 14 580368 0 139764 4429349 98972 0 17
cpu 17 353928 0 113158 4768066 16243 0 9
cpu 16 423858 0 124777 4690118 14485 0 10
cpu 19 426020 0 124030 4687991 16306 0 10
cpu 18 474025 5 126064 4638754 15300 0 10
cpu 1 592940 0 205628 4379268 63268 0 2132
cpu 0 597144 45 163845 4382211 65760 0 1244
cpu 3 638573 0 219324 4328536 62118 0 622
cpu 2 627505 0 218519 4337534 64539 0 216
cpu 5 564187 0 174766 4448938 61692 0 488
cpu 4 560940 1 175834 4448955 62411 0 143
cpu 7 506155 0 171576 4510081 61181 0 573
cpu 6 545798 0 175433 4466812 61811 0 355
cpu 9 601234 0 164301 4398564 83493 0 398
cpu 8 652106 0 168249 4342641 83385 0 369
mem 1 99033092 76965484 22067608 1693896 19399776 196 0 20720996 18864668 372864 53928 0 0 206540 12288 0 0
mem 0 97636988 59809524 37827464 1146420 35440044 192 0 36012312 2324964 577768 14420 0 0 467700 8192 0 0
net vnet169 0 0 38476 0 0 0 0 0 0 0 0 0 224 0 48099 0 0 0 0 0 0 320 0
net vnet168 0 0 41178 0 0 0 0 0 0 0 0 0 247 0 52415 0 0 0 0 0 0 388 0
net eno1 0 268411 40596590579 0 0 714 0 0 0 0 0 0 32417420 0 1437583334 0 0 0 0 0 0 6200250 0
net lo 0 0 21558247 0 0 0 0 0 0 0 0 0 159407 0 21558247 0 0 0 0 0 0 159407 0
net virbr0 0 2116 9997429780 0 0 0 0 0 0 0 0 0 39930688 0 38536980082 0 0 0 0 0 0 23686144 0
net vnet165 0 0 43932 0 0 0 0 0 0 0 0 0 259 0 65077 0 0 0 0 0 0 532 0
net vnet167 0 0 304394 0 0 0 0 0 0 0 0 0 1522 0 270145 0 0 0 0 0 0 1472 0
net vnet166 0 0 43710 0 0 0 0 0 0 0 0 0 254 0 62019 0 0 0 0 0 0 482 0
numa 1 403732328 18781169 10118603 29535 403665634 18826686
numa 0 430867802 10118603 18781169 29710 430814643 10121164
ps - 728785239 4576852 516 495 536 9 889
sysv_shm - 0 0
tmpfs /run/lock 0 6
tmpfs /run 2285568 1138
tmpfs /run/user/20029 0 20
tmpfs /run/qemu 0 1
tmpfs /dev/shm 37622956032 105491
vfs - 135035 11344 186995
vm - 10 986647618 569618349 738014 1617408 862496178 902742959 195397041 8069301 1060653077 73026 0 0 0 0 0 1811072 0 311878 5997 0 1623853 318 0 3 0 0

1778497915.587566 0 node0.mimesys-workload.ldos-ut-pg0.wisc.cloudlab.us
block sda 5916553 680222 1973287804 26457000 3860856 20295338 1139236699 21774801 0 7357732 48560238
block sdb 674 0 7540 666 4 0 0 0 0 828 667
cpu 11 640654 0 172066 4334674 101196 0 17
cpu 10 679423 2 155122 4316451 100806 0 22
cpu 13 600351 0 139598 4408460 100102 0 16
cpu 12 604782 0 136433 4407825 100774 0 13
cpu 15 553778 2 132312 4461381 100092 0 11
cpu 14 580382 0 139764 4429352 98972 0 17
cpu 17 353942 0 113158 4768069 16243 0 9
cpu 16 423873 0 124777 4690121 14485 0 10
cpu 19 426020 0 124033 4688006 16306 0 10
cpu 18 474027 5 126066 4638768 15300 0 10
cpu 1 592942 0 205630 4379282 63268 0 2132
cpu 0 597146 45 163846 4382225 65760 0 1244
cpu 3 638574 0 219326 4328550 62118 0 622
cpu 2 627505 0 218522 4337548 64539 0 216
cpu 5 564188 0 174769 4448951 61692 0 488
cpu 4 560941 1 175836 4448969 62411 0 143
cpu 7 506157 0 171577 4510095 61181 0 573
cpu 6 545800 0 175434 4466827 61811 0 355
cpu 9 601235 0 164304 4398578 83493 0 398
cpu 8 652106 0 168252 4342654 83385 0 369
mem 1 99033092 76964476 22068616 1693892 19398868 216 0 20721016 18865184 372000 53680 0 0 206540 12288 0 0
mem 0 97636988 59809272 37827716 1146396 35439352 192 0 36012312 2325072 577004 14280 0 0 467572 8192 0 0
net vnet169 0 0 38476 0 0 0 0 0 0 0 0 0 224 0 48099 0 0 0 0 0 0 320 0
net vnet168 0 0 41178 0 0 0 0 0 0 0 0 0 247 0 52415 0 0 0 0 0 0 388 0
net eno1 0 268411 40596591513 0 0 714 0 0 0 0 0 0 32417434 0 1437583435 0 0 0 0 0 0 6200251 0
net lo 0 0 21558857 0 0 0 0 0 0 0 0 0 159411 0 21558857 0 0 0 0 0 0 159411 0
net virbr0 0 2116 9997429780 0 0 0 0 0 0 0 0 0 39930688 0 38536980082 0 0 0 0 0 0 23686144 0
net vnet165 0 0 43932 0 0 0 0 0 0 0 0 0 259 0 65077 0 0 0 0 0 0 532 0
net vnet167 0 0 304394 0 0 0 0 0 0 0 0 0 1522 0 270145 0 0 0 0 0 0 1472 0
net vnet166 0 0 43710 0 0 0 0 0 0 0 0 0 254 0 62019 0 0 0 0 0 0 482 0
numa 1 403734905 18781169 10118603 29535 403668211 18826686
numa 0 430878976 10118603 18781169 29710 430825817 10121164
ps - 728786559 4576982 516 495 536 15 888
sysv_shm - 0 0
tmpfs /run/lock 0 6
tmpfs /run 2285568 1138
tmpfs /run/user/20029 0 20
tmpfs /run/qemu 0 1
tmpfs /dev/shm 37622956032 105491
vfs - 135040 11264 187027
vm - 10 986647618 569618349 738014 1617408 862510077 902756625 195397045 8069301 1060675304 73026 0 0 0 0 0 1811072 0 311878 5997 0 1623853 318 0 3 0 0

1778497916.442851 0 node0.mimesys-workload.ldos-ut-pg0.wisc.cloudlab.us
block sda 5916553 680222 1973287804 26457000 3860856 20295338 1139236699 21774801 0 7357732 48560238
block sdb 674 0 7540 666 4 0 0 0 0 828 667
cpu 11 640719 0 172066 4334694 101196 0 17
cpu 10 679496 2 155122 4316463 100806 0 22
cpu 13 600397 0 139598 4408501 100102 0 16
cpu 12 604851 0 136433 4407841 100774 0 13
cpu 15 553813 2 132312 4461430 100092 0 11
cpu 14 580440 0 139764 4429380 98972 0 17
cpu 17 353998 0 113158 4768099 16243 0 9
cpu 16 423901 0 124778 4690177 14485 0 10
cpu 19 426023 0 124035 4688085 16306 0 10
cpu 18 474031 5 126068 4638847 15300 0 10
cpu 1 592946 0 205633 4379362 63268 0 2132
cpu 0 597147 45 163850 4382305 65760 0 1244
cpu 3 638575 0 219329 4328631 62118 0 622
cpu 2 627507 0 218526 4337628 64539 0 216
cpu 5 564190 0 174772 4449032 61692 0 488
cpu 4 560942 1 175840 4449050 62411 0 143
cpu 7 506159 0 171580 4510176 61181 0 573
cpu 6 545802 0 175438 4466908 61811 0 355
cpu 9 601238 0 164306 4398659 83493 0 398
cpu 8 652111 0 168254 4342734 83385 0 369
mem 1 99033092 76962460 22070632 1693892 19399964 232 0 20721084 18864788 372960 53768 0 0 206508 12288 0 0
mem 0 97636988 59808768 37828220 1146412 35438980 200 0 36012316 2324180 576564 14400 0 0 467788 8192 0 0
net vnet169 0 0 38476 0 0 0 0 0 0 0 0 0 224 0 48099 0 0 0 0 0 0 320 0
net vnet168 0 0 41178 0 0 0 0 0 0 0 0 0 247 0 52485 0 0 0 0 0 0 389 0
net eno1 0 268424 40596596670 0 0 714 0 0 0 0 0 0 32417512 0 1437583780 0 0 0 0 0 0 6200254 0
net lo 0 0 21559414 0 0 0 0 0 0 0 0 0 159415 0 21559414 0 0 0 0 0 0 159415 0
net virbr0 0 2116 9997431560 0 0 0 0 0 0 0 0 0 39930699 0 38536981080 0 0 0 0 0 0 23686153 0
net vnet165 0 0 43932 0 0 0 0 0 0 0 0 0 259 0 65077 0 0 0 0 0 0 532 0
net vnet167 0 0 306328 0 0 0 0 0 0 0 0 0 1533 0 271143 0 0 0 0 0 0 1481 0
net vnet166 0 0 43710 0 0 0 0 0 0 0 0 0 254 0 62019 0 0 0 0 0 0 482 0
numa 1 403737418 18781169 10118603 29535 403670724 18826686
numa 0 430892988 10118603 18781169 29710 430839829 10121164
ps - 728790529 4577132 516 495 536 9 883
sysv_shm - 0 0
tmpfs /run/lock 0 6
tmpfs /run 2285568 1138
tmpfs /run/user/20029 0 20
tmpfs /run/qemu 0 1
tmpfs /dev/shm 37622956032 105491
vfs - 135031 11264 186955
vm - 10 986647618 569618349 738014 1617408 862526455 902773580 195397055 8069301 1060700933 73026 0 0 0 0 0 1811072 0 311878 5997 0 1623853 318 0 3 0 0

1778497916.617467 0 node0.mimesys-workload.ldos-ut-pg0.wisc.cloudlab.us
block sda 5916553 680222 1973287804 26457000 3860856 20295338 1139236699 21774801 0 7357732 48560238
block sdb 674 0 7540 666 4 0 0 0 0 828 667
cpu 11 640736 0 172067 4334694 101196 0 17
cpu 10 679513 2 155122 4316463 100806 0 22
cpu 13 600414 0 139598 4408501 100102 0 16
cpu 12 604868 0 136433 4407841 100774 0 13
cpu 15 553830 2 132312 4461430 100092 0 11
cpu 14 580457 0 139764 4429380 98972 0 17
cpu 17 354015 0 113158 4768099 16243 0 9
cpu 16 423918 0 124778 4690177 14485 0 10
cpu 19 426024 0 124037 4688098 16306 0 10
cpu 18 474031 5 126070 4638861 15300 0 10
cpu 1 592946 0 205635 4379376 63268 0 2132
cpu 0 597150 45 163850 4382319 65760 0 1244
cpu 3 638576 0 219331 4328645 62118 0 622
cpu 2 627507 0 218528 4337642 64539 0 216
cpu 5 564191 0 174774 4449046 61692 0 488
cpu 4 560943 1 175842 4449064 62411 0 143
cpu 7 506160 0 171582 4510191 61181 0 573
cpu 6 545804 0 175439 4466922 61811 0 355
cpu 9 601240 0 164307 4398673 83493 0 398
cpu 8 652113 0 168256 4342747 83385 0 369
mem 1 99033092 76976252 22056840 1693876 19399232 252 0 20721088 18864720 372232 53528 0 0 206476 12288 0 0
mem 0 97636988 59807508 37829480 1146412 35438028 204 0 36012320 2324528 575668 14540 0 0 467852 8192 0 0
net vnet169 0 0 38476 0 0 0 0 0 0 0 0 0 224 0 48151 0 0 0 0 0 0 321 0
net vnet168 0 0 41178 0 0 0 0 0 0 0 0 0 247 0 52537 0 0 0 0 0 0 390 0
net eno1 0 268424 40596597844 0 0 714 0 0 0 0 0 0 32417530 0 1437583881 0 0 0 0 0 0 6200255 0
net lo 0 0 21560024 0 0 0 0 0 0 0 0 0 159419 0 21560024 0 0 0 0 0 0 159419 0
net virbr0 0 2116 9997431560 0 0 0 0 0 0 0 0 0 39930699 0 38536981080 0 0 0 0 0 0 23686153 0
net vnet165 0 0 43932 0 0 0 0 0 0 0 0 0 259 0 65129 0 0 0 0 0 0 533 0
net vnet167 0 0 306328 0 0 0 0 0 0 0 0 0 1533 0 271195 0 0 0 0 0 0 1482 0
net vnet166 0 0 43710 0 0 0 0 0 0 0 0 0 254 0 62071 0 0 0 0 0 0 483 0
numa 1 403739453 18781169 10118603 29535 403672759 18826686
numa 0 430905375 10118603 18781169 29710 430852216 10121164
ps - 728791844 4577268 516 495 536 9 883
sysv_shm - 0 0
tmpfs /run/lock 0 6
tmpfs /run 2285568 1138
tmpfs /run/user/20029 0 20
tmpfs /run/qemu 0 1
tmpfs /dev/shm 37622956032 105491
vfs - 135031 11304 186955
vm - 10 986647618 569618349 738014 1617408 862540876 902788011 195397063 8069301 1060724143 73026 0 0 0 0 0 1811072 0 311878 5997 0 1623853 318 0 3 0 0

1778497917.471896 0 node0.mimesys-workload.ldos-ut-pg0.wisc.cloudlab.us
block sda 5916553 680222 1973287804 26457000 3861215 20295340 1139271675 21774963 1 7357800 48560400
block sdb 674 0 7540 666 4 0 0 0 0 828 667
cpu 11 640804 0 172068 4334710 101196 0 17
cpu 10 679576 2 155122 4316485 100806 0 22
cpu 13 600481 0 139599 4408519 100102 0 16
cpu 12 604954 0 136433 4407841 100774 0 13
cpu 15 553890 2 132314 4461455 100092 0 11
cpu 14 580521 0 139766 4429400 98972 0 17
cpu 17 354070 0 113159 4768128 16243 0 9
cpu 16 423958 0 124778 4690221 14486 0 10
cpu 19 426027 0 124038 4688179 16306 0 10
cpu 18 474034 5 126073 4638941 15300 0 10
cpu 1 592948 0 205638 4379457 63268 0 2132
cpu 0 597153 45 163856 4382393 65760 0 1244
cpu 3 638583 0 219334 4328721 62118 0 622
cpu 2 627510 0 218529 4337724 64539 0 216
cpu 5 564195 0 174778 4449124 61692 0 488
cpu 4 560944 1 175846 4449144 62411 0 143
cpu 7 506162 0 171584 4510272 61181 0 573
cpu 6 545804 0 175442 4467003 61811 0 355
cpu 9 601245 0 164310 4398751 83493 0 398
cpu 8 652115 0 168258 4342828 83385 0 369
mem 1 99033092 76974488 22058604 1693880 19401188 64 0 20721116 18864704 373736 53584 0 0 206460 12288 0 0
mem 0 97636988 59806000 37830988 1146420 35441084 120 0 36012320 2325184 579104 14528 0 0 467380 8192 0 0
net vnet169 0 0 38476 0 0 0 0 0 0 0 0 0 224 0 48151 0 0 0 0 0 0 321 0
net vnet168 0 0 41178 0 0 0 0 0 0 0 0 0 247 0 52537 0 0 0 0 0 0 390 0
net eno1 0 268424 40596601715 0 0 714 0 0 0 0 0 0 32417585 0 1437584327 0 0 0 0 0 0 6200259 0
net lo 0 0 21561191 0 0 0 0 0 0 0 0 0 159427 0 21561191 0 0 0 0 0 0 159427 0
net virbr0 0 2116 9997435286 0 0 0 0 0 0 0 0 0 39930717 0 38536984770 0 0 0 0 0 0 23686165 0
net vnet165 0 0 43932 0 0 0 0 0 0 0 0 0 259 0 65129 0 0 0 0 0 0 533 0
net vnet167 0 0 310306 0 0 0 0 0 0 0 0 0 1551 0 274885 0 0 0 0 0 0 1494 0
net vnet166 0 0 43710 0 0 0 0 0 0 0 0 0 254 0 62071 0 0 0 0 0 0 483 0
numa 1 403745601 18781169 10118603 29535 403678907 18826686
numa 0 430916894 10118603 18781169 29710 430863735 10121164
ps - 728797111 4577417 514 495 536 7 882
sysv_shm - 0 0
tmpfs /run/lock 0 6
tmpfs /run 2285568 1138
tmpfs /run/user/20029 0 20
tmpfs /run/qemu 0 1
tmpfs /dev/shm 37622956032 105491
vfs - 135055 11264 187127
vm - 10 986647622 569640833 738014 1617408 862558544 902805228 195397067 8069301 1060751545 73026 0 0 0 0 0 1811072 0 311878 5997 0 1623853 318 0 3 0 0

1778497917.648226 0 node0.mimesys-workload.ldos-ut-pg0.wisc.cloudlab.us
block sda 5916554 680222 1973287812 26457000 3861305 20295343 1139401347 21775840 22 7357976 48561277
block sdb 674 0 7540 666 4 0 0 0 0 828 667
cpu 11 640821 0 172068 4334710 101196 0 17
cpu 10 679593 2 155122 4316485 100806 0 22
cpu 13 600498 0 139599 4408519 100102 0 16
cpu 12 604971 0 136433 4407841 100774 0 13
cpu 15 553900 2 132316 4461462 100092 0 11
cpu 14 580525 0 139766 4429405 98978 0 17
cpu 17 354076 0 113160 4768137 16246 0 9
cpu 16 423965 0 124780 4690224 14491 0 10
cpu 19 426028 0 124040 4688193 16306 0 10
cpu 18 474036 5 126074 4638956 15300 0 10
cpu 1 592949 0 205639 4379471 63268 0 2132
cpu 0 597154 45 163858 4382408 65760 0 1244
cpu 3 638584 0 219336 4328735 62118 0 622
cpu 2 627511 0 218530 4337738 64539 0 216
cpu 5 564197 0 174779 4449139 61692 0 488
cpu 4 560945 1 175849 4449158 62411 0 143
cpu 7 506163 0 171586 4510286 61181 0 573
cpu 6 545805 0 175444 4467017 61811 0 355
cpu 9 601246 0 164312 4398766 83493 0 398
cpu 8 652115 0 168260 4342843 83385 0 369
mem 1 99033092 76972228 22060864 1693908 19400780 88 0 20721324 18865472 373552 53892 0 0 206524 12288 0 0
mem 0 97636988 59803736 37833252 1146404 35437528 140 0 36012328 2325108 575604 14344 0 0 467408 8192 0 0
net vnet169 0 0 38476 0 0 0 0 0 0 0 0 0 224 0 48151 0 0 0 0 0 0 321 0
net vnet168 0 0 41178 0 0 0 0 0 0 0 0 0 247 0 52537 0 0 0 0 0 0 390 0
net eno1 0 268424 40596602769 0 0 714 0 0 0 0 0 0 32417601 0 1437584428 0 0 0 0 0 0 6200260 0
net lo 0 0 21561801 0 0 0 0 0 0 0 0 0 159431 0 21561801 0 0 0 0 0 0 159431 0
net virbr0 0 2116 9997436238 0 0 0 0 0 0 0 0 0 39930727 0 38536985768 0 0 0 0 0 0 23686174 0
net vnet165 0 0 43932 0 0 0 0 0 0 0 0 0 259 0 65129 0 0 0 0 0 0 533 0
net vnet167 0 0 311398 0 0 0 0 0 0 0 0 0 1561 0 275883 0 0 0 0 0 0 1503 0
net vnet166 0 0 43710 0 0 0 0 0 0 0 0 0 254 0 62071 0 0 0 0 0 0 483 0
numa 1 403750727 18781169 10118603 29535 403684033 18826686
numa 0 430926448 10118603 18781169 29710 430873289 10121164
ps - 728799065 4577554 514 495 536 9 882
sysv_shm - 0 0
tmpfs /run/lock 0 6
tmpfs /run 2285568 1138
tmpfs /run/user/20029 0 20
tmpfs /run/qemu 0 1
tmpfs /dev/shm 37622956032 105491
vfs - 135032 11224 186957
vm - 10 986647622 569715777 738014 1617408 862573223 902820302 195397071 8069301 1060774927 73026 0 0 0 0 0 1811072 0 311878 5997 0 1623853 318 0 3 0 0

1778497918.497379 0 node0.mimesys-workload.ldos-ut-pg0.wisc.cloudlab.us
block sda 5916557 680222 1973287836 26457049 3861716 20295346 1140050019 21790621 32 7358820 48576246
block sdb 674 0 7540 666 4 0 0 0 0 828 667
cpu 11 640893 0 172069 4334722 101196 0 17
cpu 10 679678 2 155122 4316485 100806 0 22
cpu 13 600583 0 139599 4408519 100102 0 16
cpu 12 605056 0 136433 4407841 100774 0 13
cpu 15 553904 2 132319 4461512 100117 0 11
cpu 14 580541 0 139768 4429449 99000 0 17
cpu 17 354088 0 113162 4768183 16269 0 9
cpu 16 423967 0 124785 4690238 14555 0 10
cpu 19 426029 0 124042 4688272 16306 0 10
cpu 18 474039 5 126076 4639035 15300 0 10
cpu 1 592950 0 205641 4379552 63268 0 2132
cpu 0 597158 45 163860 4382486 65760 0 1244
cpu 3 638586 0 219339 4328816 62118 0 622
cpu 2 627515 0 218532 4337818 64539 0 216
cpu 5 564198 0 174782 4449220 61692 0 488
cpu 4 560947 1 175851 4449238 62411 0 143
cpu 7 506164 0 171589 4510368 61181 0 573
cpu 6 545806 0 175446 4467099 61811 0 355
cpu 9 601247 0 164315 4398847 83493 0 398
cpu 8 652116 0 168263 4342925 83385 0 369
mem 1 99033092 76973956 22059136 1693928 19401152 92 4 20721356 18865768 373940 54164 0 0 206540 12288 0 0
mem 0 97636988 59802728 37834260 1146404 35438020 120 24 36012332 2325420 575592 14232 0 0 467304 8192 0 0
net vnet169 0 0 38476 0 0 0 0 0 0 0 0 0 224 0 48203 0 0 0 0 0 0 322 0
net vnet168 0 0 41178 0 0 0 0 0 0 0 0 0 247 0 52589 0 0 0 0 0 0 391 0
net eno1 0 268436 40596608706 0 0 714 0 0 0 0 0 0 32417692 0 1437584773 0 0 0 0 0 0 6200263 0
net lo 0 0 21562358 0 0 0 0 0 0 0 0 0 159435 0 21562358 0 0 0 0 0 0 159435 0
net virbr0 0 2116 9997436238 0 0 0 0 0 0 0 0 0 39930727 0 38536985768 0 0 0 0 0 0 23686174 0
net vnet165 0 0 43932 0 0 0 0 0 0 0 0 0 259 0 65181 0 0 0 0 0 0 534 0
net vnet167 0 0 311398 0 0 0 0 0 0 0 0 0 1561 0 275935 0 0 0 0 0 0 1504 0
net vnet166 0 0 43710 0 0 0 0 0 0 0 0 0 254 0 62123 0 0 0 0 0 0 484 0
numa 1 403756597 18781169 10118603 29535 403689903 18826686
numa 0 430936676 10118603 18781169 29710 430883517 10121164
ps - 728803676 4577698 514 495 536 4 882
sysv_shm - 0 0
tmpfs /run/lock 0 6
tmpfs /run 2285568 1138
tmpfs /run/user/20029 0 20
tmpfs /run/qemu 0 1
tmpfs /dev/shm 37622956032 105491
vfs - 135031 11184 186949
vm - 10 986647634 570071089 738014 1617408 862589321 902836422 195397076 8069301 1060799580 73026 0 0 0 0 0 1811072 0 311878 5997 0 1623853 318 0 3 0 0

1778497918.678798 0 node0.mimesys-workload.ldos-ut-pg0.wisc.cloudlab.us
block sda 5916557 680222 1973287836 26457049 3861781 20295346 1140191851 21793848 25 7359000 48579594
block sdb 674 0 7540 666 4 0 0 0 0 828 667
cpu 11 640896 0 172071 4334733 101198 0 17
cpu 10 679696 2 155123 4316485 100806 0 22
cpu 13 600602 0 139599 4408519 100102 0 16
cpu 12 605074 0 136433 4407841 100774 0 13
cpu 15 553904 2 132321 4461527 100117 0 11
cpu 14 580546 0 139769 4429461 99000 0 17
cpu 17 354093 0 113163 4768185 16280 0 9
cpu 16 423971 0 124787 4690238 14568 0 10
cpu 19 426031 0 124044 4688287 16306 0 10
cpu 18 474040 5 126078 4639050 15300 0 10
cpu 1 592952 0 205643 4379567 63268 0 2132
cpu 0 597159 45 163864 4382500 65760 0 1244
cpu 3 638588 0 219340 4328830 62118 0 622
cpu 2 627516 0 218535 4337834 64539 0 216
cpu 5 564200 0 174785 4449233 61692 0 488
cpu 4 560949 1 175854 4449251 62411 0 143
cpu 7 506165 0 171592 4510382 61181 0 573
cpu 6 545808 0 175448 4467114 61811 0 355
cpu 9 601250 0 164318 4398859 83493 0 398
cpu 8 652117 0 168265 4342940 83385 0 369
mem 1 99033092 76972480 22060612 1693916 19400928 120 0 20721356 18865112 373664 53980 0 0 206572 12288 0 0
mem 0 97636988 59800220 37836768 1146404 35440500 136 0 36012336 2324308 578136 14284 0 0 467220 8192 0 0
net vnet169 0 0 38476 0 0 0 0 0 0 0 0 0 224 0 48203 0 0 0 0 0 0 322 0
net vnet168 0 0 41178 0 0 0 0 0 0 0 0 0 247 0 52589 0 0 0 0 0 0 391 0
net eno1 0 268436 40596609674 0 0 714 0 0 0 0 0 0 32417705 0 1437584975 0 0 0 0 0 0 6200265 0
net lo 0 0 21563578 0 0 0 0 0 0 0 0 0 159443 0 21563578 0 0 0 0 0 0 159443 0
net virbr0 0 2116 9997436496 0 0 0 0 0 0 0 0 0 39930731 0 38536987684 0 0 0 0 0 0 23686179 0
net vnet165 0 0 43932 0 0 0 0 0 0 0 0 0 259 0 65181 0 0 0 0 0 0 534 0
net vnet167 0 0 311712 0 0 0 0 0 0 0 0 0 1565 0 277851 0 0 0 0 0 0 1509 0
net vnet166 0 0 43710 0 0 0 0 0 0 0 0 0 254 0 62123 0 0 0 0 0 0 484 0
numa 1 403761910 18781169 10118603 29535 403695216 18826686
numa 0 430947600 10118603 18781169 29710 430894441 10121164
ps - 728805625 4577840 514 495 536 9 882
sysv_shm - 0 0
tmpfs /run/lock 0 6
tmpfs /run 2285568 1138
tmpfs /run/user/20029 0 20
tmpfs /run/qemu 0 1
tmpfs /dev/shm 37622956032 105491
vfs - 135046 11264 187067
vm - 10 986647634 570125621 738014 1617408 862605566 902852261 195397084 8069301 1060825436 73026 0 0 0 0 0 1811072 0 311878 5997 0 1623853 318 0 3 0 0

1778497919.521881 0 node0.mimesys-workload.ldos-ut-pg0.wisc.cloudlab.us
block sda 5916561 680222 1973287988 26457125 3862096 20295361 1140842779 21804630 4 7359840 48590584
block sdb 674 0 7540 666 4 0 0 0 0 828 667
cpu 11 640969 0 172073 4334738 101202 0 17
cpu 10 679767 2 155125 4316488 100812 0 22
cpu 13 600674 0 139601 4408530 100102 0 16
cpu 12 605149 0 136433 4407847 100778 0 13
cpu 15 553979 2 132323 4461530 100121 0 11
cpu 14 580615 0 139772 4429470 99001 0 17
cpu 17 354158 0 113166 4768196 16286 0 9
cpu 16 424036 0 124790 4690241 14579 0 10
cpu 19 426031 0 124047 4688366 16306 0 10
cpu 18 474047 5 126080 4639126 15300 0 10
cpu 1 592954 0 205646 4379647 63268 0 2132
cpu 0 597162 45 163867 4382578 65760 0 1244
cpu 3 638590 0 219342 4328911 62118 0 622
cpu 2 627518 0 218537 4337914 64539 0 216
cpu 5 564201 0 174787 4449313 61692 0 488
cpu 4 560952 1 175856 4449330 62411 0 143
cpu 7 506168 0 171594 4510462 61181 0 573
cpu 6 545809 0 175451 4467183 61823 0 355
cpu 9 601250 0 164320 4398940 83493 0 398
cpu 8 652118 0 168267 4343020 83385 0 369
mem 1 99033092 76966436 22066656 1693908 19403688 152 0 20722852 18866544 375592 53876 0 0 206676 12288 0 0
mem 0 97636988 59797704 37839284 1146400 35439380 132 0 36012344 2325052 576940 14204 0 0 467532 8192 0 0
net vnet169 0 0 38476 0 0 0 0 0 0 0 0 0 224 0 48203 0 0 0 0 0 0 322 0
net vnet168 0 0 41178 0 0 0 0 0 0 0 0 0 247 0 52589 0 0 0 0 0 0 391 0
net eno1 0 268436 40596614591 0 0 714 0 0 0 0 0 0 32417779 0 1437585320 0 0 0 0 0 0 6200268 0
net lo 0 0 21564135 0 0 0 0 0 0 0 0 0 159447 0 21564135 0 0 0 0 0 0 159447 0
net virbr0 0 2116 9997440760 0 0 0 0 0 0 0 0 0 39930752 0 38536990456 0 0 0 0 0 0 23686195 0
net vnet165 0 0 43932 0 0 0 0 0 0 0 0 0 259 0 65181 0 0 0 0 0 0 534 0
net vnet167 0 0 316270 0 0 0 0 0 0 0 0 0 1586 0 280623 0 0 0 0 0 0 1525 0
net vnet166 0 0 43710 0 0 0 0 0 0 0 0 0 254 0 62123 0 0 0 0 0 0 484 0
numa 1 403768338 18781169 10118603 29535 403701644 18826686
numa 0 430958147 10118603 18781169 29710 430904988 10121164
ps - 728814213 4577984 514 495 536 5 882
sysv_shm - 0 0
tmpfs /run/lock 0 6
tmpfs /run 2285568 1138
tmpfs /run/user/20029 0 20
tmpfs /run/qemu 0 1
tmpfs /dev/shm 37622956032 105491
vfs - 135031 11224 186949
vm - 10 986647710 570424465 738014 1617408 862622533 902869235 195397092 8069301 1060850589 73026 0 0 0 0 0 1811072 0 311878 5997 0 1623853 318 0 3 0 0

1778497919.703702 0 node0.mimesys-workload.ldos-ut-pg0.wisc.cloudlab.us
block sda 5916561 680222 1973287988 26457125 3862118 20295361 1140866867 21805353 0 7359880 48591330
block sdb 674 0 7540 666 4 0 0 0 0 828 667
cpu 11 640983 0 172073 4334743 101203 0 17
cpu 10 679784 2 155125 4316489 100812 0 22
cpu 13 600686 0 139601 4408535 100102 0 16
cpu 12 605168 0 136433 4407847 100778 0 13
cpu 15 553997 2 132323 4461530 100121 0 11
cpu 14 580627 0 139773 4429476 99001 0 17
cpu 17 354174 0 113167 4768196 16287 0 9
cpu 16 424049 0 124791 4690245 14580 0 10
cpu 19 426033 0 124049 4688381 16306 0 10
cpu 18 474048 5 126082 4639140 15300 0 10
cpu 1 592955 0 205648 4379661 63268 0 2132
cpu 0 597164 45 163869 4382592 65760 0 1244
cpu 3 638592 0 219343 4328925 62118 0 622
cpu 2 627520 0 218538 4337929 64539 0 216
cpu 5 564203 0 174789 4449328 61692 0 488
cpu 4 560953 1 175858 4449345 62411 0 143
cpu 7 506168 0 171597 4510477 61181 0 573
cpu 6 545811 0 175453 4467197 61823 0 355
cpu 9 601252 0 164323 4398954 83493 0 398
cpu 8 652120 0 168269 4343035 83385 0 369
mem 1 99033092 76965932 22067160 1693868 19401932 176 0 20722852 18866576 373648 53004 0 0 206644 12288 0 0
mem 0 97636988 59796948 37840040 1146432 35439844 172 0 36012348 2324380 577584 14988 0 0 467396 8192 0 0
net vnet169 0 0 38476 0 0 0 0 0 0 0 0 0 224 0 48203 0 0 0 0 0 0 322 0
net vnet168 0 0 41178 0 0 0 0 0 0 0 0 0 247 0 52589 0 0 0 0 0 0 391 0
net eno1 0 268436 40596615645 0 0 714 0 0 0 0 0 0 32417795 0 1437585421 0 0 0 0 0 0 6200269 0
net lo 0 0 21564745 0 0 0 0 0 0 0 0 0 159451 0 21564745 0 0 0 0 0 0 159451 0
net virbr0 0 2116 9997440760 0 0 0 0 0 0 0 0 0 39930752 0 38536990456 0 0 0 0 0 0 23686195 0
net vnet165 0 0 43932 0 0 0 0 0 0 0 0 0 259 0 65181 0 0 0 0 0 0 534 0
net vnet167 0 0 316270 0 0 0 0 0 0 0 0 0 1586 0 280623 0 0 0 0 0 0 1525 0
net vnet166 0 0 43710 0 0 0 0 0 0 0 0 0 254 0 62123 0 0 0 0 0 0 484 0
numa 1 403770393 18781169 10118603 29535 403703699 18826686
numa 0 430970637 10118603 18781169 29710 430917478 10121164
ps - 728816760 4578120 514 495 536 9 882
sysv_shm - 0 0
tmpfs /run/lock 0 6
tmpfs /run 2285568 1138
tmpfs /run/user/20029 0 20
tmpfs /run/qemu 0 1
tmpfs /dev/shm 37622956032 105491
vfs - 135031 11224 186949
vm - 10 986647710 570433433 738014 1617408 862637080 902883745 195397100 8069301 1060873810 73026 0 0 0 0 0 1811072 0 311878 5997 0 1623853 318 0 3 0 0

1778497920.546726 0 node0.mimesys-workload.ldos-ut-pg0.wisc.cloudlab.us
block sda 5916561 680222 1973287988 26457125 3862124 20295361 1140866899 21805354 0 7359888 48591331
block sdb 674 0 7540 666 4 0 0 0 0 828 667
cpu 11 641059 0 172073 4334750 101203 0 17
cpu 10 679862 2 155126 4316494 100812 0 22
cpu 13 600766 0 139601 4408539 100102 0 16
cpu 12 605245 0 136434 4407854 100778 0 13
cpu 15 554078 2 132323 4461534 100121 0 11
cpu 14 580690 0 139781 4429490 99001 0 17
cpu 17 354242 0 113171 4768210 16287 0 9
cpu 16 424123 0 124792 4690252 14580 0 10
cpu 19 426035 0 124052 4688458 16306 0 10
cpu 18 474050 5 126086 4639219 15300 0 10
cpu 1 592957 0 205650 4379741 63268 0 2132
cpu 0 597166 45 163873 4382668 65760 0 1244
cpu 3 638594 0 219346 4329005 62118 0 622
cpu 2 627524 0 218541 4338006 64539 0 216
cpu 5 564206 0 174792 4449407 61692 0 488
cpu 4 560957 1 175863 4449420 62411 0 143
cpu 7 506170 0 171600 4510557 61181 0 573
cpu 6 545814 0 175457 4467274 61823 0 355
cpu 9 601253 0 164326 4399034 83493 0 398
cpu 8 652121 0 168272 4343115 83385 0 369
mem 1 99033092 76967916 22065176 1693904 19402060 188 0 20723004 18866844 373176 53912 0 0 206452 12288 0 0
mem 0 97636988 59793684 37843304 1146428 35440380 188 0 36012352 2324828 578340 14484 0 0 467692 8192 0 0
net vnet169 0 0 38476 0 0 0 0 0 0 0 0 0 224 0 48255 0 0 0 0 0 0 323 0
net vnet168 0 0 41268 0 0 0 0 0 0 0 0 0 248 0 52641 0 0 0 0 0 0 392 0
net eno1 0 268448 40596621256 0 0 714 0 0 0 0 0 0 32417879 0 1437585957 0 0 0 0 0 0 6200274 0
net lo 0 0 21565912 0 0 0 0 0 0 0 0 0 159459 0 21565912 0 0 0 0 0 0 159459 0
net virbr0 0 2116 9997443062 0 0 0 0 0 0 0 0 0 39930764 0 38536993250 0 0 0 0 0 0 23686205 0
net vnet165 0 0 43932 0 0 0 0 0 0 0 0 0 259 0 65233 0 0 0 0 0 0 535 0
net vnet167 0 0 318540 0 0 0 0 0 0 0 0 0 1596 0 283031 0 0 0 0 0 0 1535 0
net vnet166 0 0 43710 0 0 0 0 0 0 0 0 0 254 0 62175 0 0 0 0 0 0 485 0
numa 1 403773730 18781169 10118603 29535 403707036 18826686
numa 0 430984695 10118603 18781169 29710 430931536 10121164
ps - 728824229 4578269 514 495 536 9 882
sysv_shm - 0 0
tmpfs /run/lock 0 6
tmpfs /run 2285568 1138
tmpfs /run/user/20029 0 20
tmpfs /run/qemu 0 1
tmpfs /dev/shm 37622956032 105491
vfs - 135054 11304 187119
vm - 10 986647710 570433449 738014 1617408 862654473 902900736 195397114 8069301 1060900915 73026 0 0 0 0 0 1811072 0 311878 5997 0 1623853 318 0 3 0 0

1778497920.728622 0 node0.mimesys-workload.ldos-ut-pg0.wisc.cloudlab.us
block sda 5916561 680222 1973287988 26457125 3862124 20295361 1140866899 21805354 0 7359888 48591331
block sdb 674 0 7540 666 4 0 0 0 0 828 667
cpu 11 641075 0 172073 4334752 101203 0 17
cpu 10 679877 2 155126 4316499 100812 0 22
cpu 13 600784 0 139601 4408539 100102 0 16
cpu 12 605262 0 136434 4407855 100778 0 13
cpu 15 554094 2 132323 4461536 100121 0 11
cpu 14 580704 0 139783 4429492 99001 0 17
cpu 17 354260 0 113171 4768210 16287 0 9
cpu 16 424138 0 124793 4690253 14580 0 10
cpu 19 426036 0 124054 4688473 16306 0 10
cpu 18 474052 5 126087 4639235 15300 0 10
cpu 1 592958 0 205652 4379756 63268 0 2132
cpu 0 597168 45 163874 4382683 65760 0 1244
cpu 3 638594 0 219348 4329020 62118 0 622
cpu 2 627524 0 218543 4338021 64539 0 216
cpu 5 564207 0 174794 4449422 61692 0 488
cpu 4 560958 1 175865 4449435 62411 0 143
cpu 7 506170 0 171602 4510572 61181 0 573
cpu 6 545815 0 175459 4467289 61823 0 355
cpu 9 601254 0 164329 4399049 83493 0 398
cpu 8 652122 0 168274 4343130 83385 0 369
mem 1 99033092 76966940 22066152 1693892 19400964 224 0 20723004 18866072 372028 53624 0 0 206516 12288 0 0
mem 0 97636988 59793180 37843808 1146444 35441308 196 0 36012356 2325048 578956 14664 0 0 467660 8192 0 0
net vnet169 0 0 38476 0 0 0 0 0 0 0 0 0 224 0 48255 0 0 0 0 0 0 323 0
net vnet168 0 0 41268 0 0 0 0 0 0 0 0 0 248 0 52731 0 0 0 0 0 0 393 0
net eno1 0 268448 40596622700 0 0 714 0 0 0 0 0 0 32417901 0 1437586058 0 0 0 0 0 0 6200275 0
net lo 0 0 21566522 0 0 0 0 0 0 0 0 0 159463 0 21566522 0 0 0 0 0 0 159463 0
net virbr0 0 2116 9997443578 0 0 0 0 0 0 0 0 0 39930767 0 38536994236 0 0 0 0 0 0 23686208 0
net vnet165 0 0 43932 0 0 0 0 0 0 0 0 0 259 0 65233 0 0 0 0 0 0 535 0
net vnet167 0 0 319208 0 0 0 0 0 0 0 0 0 1600 0 284365 0 0 0 0 0 0 1538 0
net vnet166 0 0 43710 0 0 0 0 0 0 0 0 0 254 0 62175 0 0 0 0 0 0 485 0
numa 1 403776870 18781169 10118603 29535 403710176 18826686
numa 0 430996032 10118603 18781169 29710 430942873 10121164
ps - 728826471 4578406 514 495 536 8 883
sysv_shm - 0 0
tmpfs /run/lock 0 6
tmpfs /run 2285568 1138
tmpfs /run/user/20029 0 20
tmpfs /run/qemu 0 1
tmpfs /dev/shm 37622956032 105491
vfs - 135035 11264 186959
vm - 10 986647710 570433449 738014 1617408 862668950 902915199 195397122 8069301 1060924157 73026 0 0 0 0 0 1811072 0 311878 5997 0 1623853 318 0 3 0 0

1778497921.573983 0 node0.mimesys-workload.ldos-ut-pg0.wisc.cloudlab.us
block sda 5916561 680222 1973287988 26457125 3862132 20295361 1140866931 21805355 0 7359896 48591332
block sdb 674 0 7540 666 4 0 0 0 0 828 667
cpu 11 641156 0 172073 4334757 101203 0 17
cpu 10 679941 2 155129 4316513 100812 0 22
cpu 13 600864 0 139601 4408544 100102 0 16
cpu 12 605338 0 136434 4407864 100778 0 13
cpu 15 554174 2 132324 4461540 100121 0 11
cpu 14 580778 0 139783 4429500 99001 0 17
cpu 17 354339 0 113172 4768216 16287 0 9
cpu 16 424208 0 124795 4690266 14580 0 10
cpu 19 426037 0 124056 4688553 16306 0 10
cpu 18 474055 5 126089 4639314 15300 0 10
cpu 1 592962 0 205654 4379835 63268 0 2132
cpu 0 597171 45 163877 4382761 65760 0 1244
cpu 3 638596 0 219352 4329100 62118 0 622
cpu 2 627526 0 218546 4338101 64539 0 216
cpu 5 564208 0 174796 4449502 61692 0 488
cpu 4 560962 1 175867 4449514 62411 0 143
cpu 7 506172 0 171604 4510652 61181 0 573
cpu 6 545816 0 175462 4467369 61823 0 355
cpu 9 601255 0 164332 4399130 83493 0 398
cpu 8 652124 0 168278 4343210 83385 0 369
mem 1 99033092 76973176 22059916 1693880 19401564 248 0 20723508 18866320 372120 53584 0 0 206484 12288 0 0
mem 0 97636988 59792176 37844812 1146452 35439508 204 0 36012360 2324560 577128 14564 0 0 467500 8192 0 0
net vnet169 0 0 38476 0 0 0 0 0 0 0 0 0 224 0 48255 0 0 0 0 0 0 323 0
net vnet168 0 0 41268 0 0 0 0 0 0 0 0 0 248 0 52731 0 0 0 0 0 0 393 0
net eno1 0 268448 40596627578 0 0 714 0 0 0 0 0 0 32417969 0 1437586403 0 0 0 0 0 0 6200278 0
net lo 0 0 21567079 0 0 0 0 0 0 0 0 0 159467 0 21567079 0 0 0 0 0 0 159467 0
net virbr0 0 2116 9997445358 0 0 0 0 0 0 0 0 0 39930778 0 38536995234 0 0 0 0 0 0 23686217 0
net vnet165 0 0 43932 0 0 0 0 0 0 0 0 0 259 0 65233 0 0 0 0 0 0 535 0
net vnet167 0 0 321142 0 0 0 0 0 0 0 0 0 1611 0 285363 0 0 0 0 0 0 1547 0
net vnet166 0 0 43710 0 0 0 0 0 0 0 0 0 254 0 62175 0 0 0 0 0 0 485 0
numa 1 403780552 18781169 10118603 29535 403713858 18826686
numa 0 431008232 10118603 18781169 29710 430955073 10121164
ps - 728833649 4578550 514 495 536 9 879
sysv_shm - 0 0
tmpfs /run/lock 0 6
tmpfs /run 2285568 1138
tmpfs /run/user/20029 0 20
tmpfs /run/qemu 0 1
tmpfs /dev/shm 37622960128 105491
vfs - 135032 11264 186925
vm - 10 986647710 570433465 738014 1617408 862684832 902931347 195397131 8069301 1060949039 73026 0 0 0 0 0 1811072 0 311878 5997 0 1623853 318 0 3 0 0

1778497921.754023 0 node0.mimesys-workload.ldos-ut-pg0.wisc.cloudlab.us
block sda 5916561 680222 1973287988 26457125 3862132 20295361 1140866931 21805355 0 7359896 48591332
block sdb 674 0 7540 666 4 0 0 0 0 828 667
cpu 11 641166 0 172076 4334764 101203 0 17
cpu 10 679955 2 155130 4316515 100812 0 22
cpu 13 600876 0 139603 4408550 100102 0 16
cpu 12 605354 0 136435 4407865 100778 0 13
cpu 15 554192 2 132324 4461540 100121 0 11
cpu 14 580790 0 139783 4429505 99001 0 17
cpu 17 354356 0 113172 4768217 16287 0 9
cpu 16 424221 0 124797 4690269 14580 0 10
cpu 19 426039 0 124057 4688568 16306 0 10
cpu 18 474056 5 126091 4639329 15300 0 10
cpu 1 592963 0 205657 4379849 63268 0 2132
cpu 0 597172 45 163879 4382776 65760 0 1244
cpu 3 638596 0 219354 4329115 62118 0 622
cpu 2 627526 0 218548 4338116 64539 0 216
cpu 5 564211 0 174797 4449517 61692 0 488
cpu 4 560964 1 175869 4449529 62411 0 143
cpu 7 506173 0 171606 4510667 61181 0 573
cpu 6 545818 0 175464 4467384 61823 0 355
cpu 9 601256 0 164333 4399145 83493 0 398
cpu 8 652125 0 168279 4343225 83385 0 369
mem 1 99033092 76970224 22062868 1693880 19401636 268 0 20723508 18867488 372148 53328 0 0 206476 12288 0 0
mem 0 97636988 59791448 37845540 1146452 35439204 212 0 36012360 2326040 577308 14768 0 0 467404 8192 0 0
net vnet169 0 0 38476 0 0 0 0 0 0 0 0 0 224 0 48255 0 0 0 0 0 0 323 0
net vnet168 0 0 41268 0 0 0 0 0 0 0 0 0 248 0 52731 0 0 0 0 0 0 393 0
net eno1 0 268448 40596628692 0 0 714 0 0 0 0 0 0 32417986 0 1437586504 0 0 0 0 0 0 6200279 0
net lo 0 0 21567689 0 0 0 0 0 0 0 0 0 159471 0 21567689 0 0 0 0 0 0 159471 0
net virbr0 0 2116 9997445358 0 0 0 0 0 0 0 0 0 39930778 0 38536995234 0 0 0 0 0 0 23686217 0
net vnet165 0 0 43932 0 0 0 0 0 0 0 0 0 259 0 65233 0 0 0 0 0 0 535 0
net vnet167 0 0 321142 0 0 0 0 0 0 0 0 0 1611 0 285363 0 0 0 0 0 0 1547 0
net vnet166 0 0 43710 0 0 0 0 0 0 0 0 0 254 0 62175 0 0 0 0 0 0 485 0
numa 1 403784587 18781169 10118603 29535 403717893 18826686
numa 0 431018652 10118603 18781169 29710 430965493 10121164
ps - 728836705 4578685 514 495 536 11 878
sysv_shm - 0 0
tmpfs /run/lock 0 6
tmpfs /run 2285568 1138
tmpfs /run/user/20029 0 20
tmpfs /run/qemu 0 1
tmpfs /dev/shm 37622960128 105491
vfs - 135031 11304 186953
vm - 10 986647710 570433465 738014 1617408 862699301 902945804 195397136 8069301 1060972169 73026 0 0 0 0 0 1811072 0 311878 5997 0 1623853 318 0 3 0 0

1778497922.601036 0 node0.mimesys-workload.ldos-ut-pg0.wisc.cloudlab.us
block sda 5916561 680222 1973287988 26457125 3862232 20295361 1140867875 21805380 0 7359912 48591358
block sdb 674 0 7540 666 4 0 0 0 0 828 667
cpu 11 641232 0 172077 4334782 101203 0 17
cpu 10 680019 2 155131 4316535 100812 0 22
cpu 13 600931 0 139608 4408570 100102 0 16
cpu 12 605424 0 136438 4407878 100778 0 13
cpu 15 554262 2 132324 4461556 100121 0 11
cpu 14 580850 0 139786 4429527 99001 0 17
cpu 17 354439 0 113173 4768217 16287 0 9
cpu 16 424276 0 124800 4690294 14580 0 10
cpu 19 426040 0 124060 4688646 16306 0 10
cpu 18 474060 5 126093 4639408 15300 0 10
cpu 1 592964 0 205659 4379928 63268 0 2132
cpu 0 597176 45 163882 4382854 65760 0 1244
cpu 3 638604 0 219357 4329190 62118 0 622
cpu 2 627528 0 218550 4338196 64539 0 216
cpu 5 564213 0 174800 4449597 61692 0 488
cpu 4 560968 1 175871 4449607 62411 0 143
cpu 7 506177 0 171609 4510746 61181 0 573
cpu 6 545822 0 175468 4467462 61823 0 355
cpu 9 601258 0 164336 4399225 83493 0 398
cpu 8 652128 0 168283 4343302 83385 0 369
mem 1 99033092 76965444 22067648 1693892 19405536 68 0 20726380 18870472 372880 53568 0 0 206524 12288 0 0
mem 0 97636988 59786912 37850076 1146448 35441252 128 0 36012364 2325508 577992 14432 0 0 467668 8192 0 0
net vnet169 0 0 38476 0 0 0 0 0 0 0 0 0 224 0 48307 0 0 0 0 0 0 324 0
net vnet168 0 0 41268 0 0 0 0 0 0 0 0 0 248 0 52783 0 0 0 0 0 0 394 0
net eno1 0 268459 40596634003 0 0 714 0 0 0 0 0 0 32418065 0 1437586950 0 0 0 0 0 0 6200283 0
net lo 0 0 21568856 0 0 0 0 0 0 0 0 0 159479 0 21568856 0 0 0 0 0 0 159479 0
net virbr0 0 2116 9997448256 0 0 0 0 0 0 0 0 0 39930795 0 38536998924 0 0 0 0 0 0 23686229 0
net vnet165 0 0 43932 0 0 0 0 0 0 0 0 0 259 0 65285 0 0 0 0 0 0 536 0
net vnet167 0 0 324278 0 0 0 0 0 0 0 0 0 1628 0 289105 0 0 0 0 0 0 1560 0
net vnet166 0 0 43710 0 0 0 0 0 0 0 0 0 254 0 62227 0 0 0 0 0 0 486 0
numa 1 403789779 18781169 10118603 29535 403723084 18826687
numa 0 431031741 10118603 18781169 29710 430978582 10121164
ps - 728850212 4578835 521 497 536 6 879
sysv_shm - 0 0
tmpfs /run/lock 0 6
tmpfs /run 2285568 1138
tmpfs /run/user/20029 0 20
tmpfs /run/qemu 0 1
tmpfs /dev/shm 37622960128 105491
vfs - 135034 11344 186933
vm - 10 986647710 570433937 738014 1617408 862717568 902962843 195397140 8069301 1061000386 73026 0 0 0 0 0 1811072 0 311878 5997 0 1623853 318 0 3 0 0

1778497922.782105 0 node0.mimesys-workload.ldos-ut-pg0.wisc.cloudlab.us
block sda 5916561 680222 1973287988 26457125 3862232 20295361 1140867875 21805380 0 7359912 48591358
block sdb 674 0 7540 666 4 0 0 0 0 828 667
cpu 11 641248 0 172077 4334784 101203 0 17
cpu 10 680032 2 155133 4316538 100812 0 22
cpu 13 600949 0 139608 4408570 100102 0 16
cpu 12 605436 0 136439 4407882 100778 0 13
cpu 15 554278 2 132324 4461558 100121 0 11
cpu 14 580858 0 139790 4429533 99001 0 17
cpu 17 354457 0 113173 4768217 16287 0 9
cpu 16 424288 0 124800 4690298 14580 0 10
cpu 19 426042 0 124061 4688661 16306 0 10
cpu 18 474062 5 126095 4639423 15300 0 10
cpu 1 592966 0 205661 4379943 63268 0 2132
cpu 0 597177 45 163884 4382869 65760 0 1244
cpu 3 638605 0 219359 4329205 62118 0 622
cpu 2 627528 0 218552 4338211 64539 0 216
cpu 5 564214 0 174802 4449611 61692 0 488
cpu 4 560969 1 175872 4449622 62411 0 144
cpu 7 506178 0 171612 4510761 61181 0 573
cpu 6 545822 0 175470 4467477 61823 0 355
cpu 9 601258 0 164338 4399241 83493 0 398
cpu 8 652130 0 168284 4343317 83385 0 369
mem 1 99033092 76961412 22071680 1693892 19407072 84 0 20727076 18871504 373596 53236 0 0 206556 12288 0 0
mem 0 97636988 59784900 37852088 1146448 35440636 136 0 36012364 2325948 578696 14912 0 0 467596 8192 0 0
net vnet169 0 0 38476 0 0 0 0 0 0 0 0 0 224 0 48307 0 0 0 0 0 0 324 0
net vnet168 0 0 41268 0 0 0 0 0 0 0 0 0 248 0 52783 0 0 0 0 0 0 394 0
net eno1 0 268459 40596634651 0 0 714 0 0 0 0 0 0 32418074 0 1437587125 0 0 0 0 0 0 6200285 0
net lo 0 0 21569466 0 0 0 0 0 0 0 0 0 159483 0 21569466 0 0 0 0 0 0 159483 0
net virbr0 0 2116 9997448256 0 0 0 0 0 0 0 0 0 39930795 0 38536998924 0 0 0 0 0 0 23686229 0
net vnet165 0 0 43932 0 0 0 0 0 0 0 0 0 259 0 65285 0 0 0 0 0 0 536 0
net vnet167 0 0 324278 0 0 0 0 0 0 0 0 0 1628 0 289105 0 0 0 0 0 0 1560 0
net vnet166 0 0 43710 0 0 0 0 0 0 0 0 0 254 0 62227 0 0 0 0 0 0 486 0
numa 1 403793873 18781169 10118603 29535 403727178 18826687
numa 0 431042297 10118603 18781169 29710 430989138 10121164
ps - 728853310 4578970 521 497 536 11 875
sysv_shm - 0 0
tmpfs /run/lock 0 6
tmpfs /run 2285568 1138
tmpfs /run/user/20029 0 20
tmpfs /run/qemu 0 1
tmpfs /dev/shm 37622960128 105491
vfs - 135036 11344 186912
vm - 10 986647710 570433937 738014 1617408 862732237 902977351 195397149 8069301 1061023744 73026 0 0 0 0 0 1811072 0 311878 5997 0 1623853 318 0 3 0 0

1778497923.626214 0 node0.mimesys-workload.ldos-ut-pg0.wisc.cloudlab.us
block sda 5916561 680222 1973287988 26457125 3862527 20295363 1140960747 21807720 3 7360056 48593698
block sdb 674 0 7540 666 4 0 0 0 0 828 667
cpu 11 641314 0 172082 4334801 101203 0 17
cpu 10 680075 2 155138 4316574 100812 0 22
cpu 13 601032 0 139608 4408571 100102 0 16
cpu 12 605498 0 136444 4407897 100779 0 13
cpu 15 554335 2 132326 4461582 100121 0 11
cpu 14 580926 0 139792 4429547 99001 0 17
cpu 17 354516 0 113178 4768236 16291 0 9
cpu 16 424351 0 124805 4690308 14585 0 10
cpu 19 426044 0 124062 4688740 16306 0 10
cpu 18 474064 5 126097 4639503 15300 0 10
cpu 1 592972 0 205664 4380019 63268 0 2132
cpu 0 597180 45 163887 4382948 65760 0 1244
cpu 3 638609 0 219362 4329282 62118 0 622
cpu 2 627530 0 218554 4338292 64539 0 216
cpu 5 564214 0 174806 4449691 61692 0 488
cpu 4 560973 1 175877 4449697 62411 0 144
cpu 7 506180 0 171613 4510842 61181 0 573
cpu 6 545824 0 175473 4467558 61823 0 355
cpu 9 601262 0 164340 4399320 83493 0 398
cpu 8 652130 0 168287 4343398 83385 0 369
mem 1 99033092 76895908 22137184 1693908 19468504 96 0 20788448 18932632 373860 53816 0 0 206660 12288 0 0
mem 0 97636988 59780120 37856868 1146444 35440872 116 0 36012368 2325140 578488 14480 0 0 467344 8192 0 0
net vnet169 0 0 38476 0 0 0 0 0 0 0 0 0 224 0 48307 0 0 0 0 0 0 324 0
net vnet168 0 0 41268 0 0 0 0 0 0 0 0 0 248 0 52783 0 0 0 0 0 0 394 0
net eno1 0 268459 40596641380 0 0 714 0 0 0 0 0 0 32418151 0 1437589550 0 0 0 0 0 0 6200293 0
net lo 0 0 21570023 0 0 0 0 0 0 0 0 0 159487 0 21570023 0 0 0 0 0 0 159487 0
net virbr0 0 2116 9997450036 0 0 0 0 0 0 0 0 0 39930806 0 38536999922 0 0 0 0 0 0 23686238 0
net vnet165 0 0 43932 0 0 0 0 0 0 0 0 0 259 0 65285 0 0 0 0 0 0 536 0
net vnet167 0 0 326212 0 0 0 0 0 0 0 0 0 1639 0 290103 0 0 0 0 0 0 1569 0
net vnet166 0 0 43710 0 0 0 0 0 0 0 0 0 254 0 62227 0 0 0 0 0 0 486 0
numa 1 403814686 18781169 10118603 29535 403747991 18826687
numa 0 431053968 10118603 18781169 29710 431000809 10121164
ps - 728868263 4579128 521 497 536 6 888
sysv_shm - 0 0
tmpfs /run/lock 0 6
tmpfs /run 2285568 1138
tmpfs /run/user/20029 0 20
tmpfs /run/qemu 0 1
tmpfs /dev/shm 37622960128 105491
vfs - 135062 11344 187105
vm - 10 986647710 570484049 738014 1617408 862764717 902993830 195397160 8069301 1061065140 73026 0 0 0 0 0 1811072 0 311878 5997 0 1623853 318 0 3 0 0

1778497923.808648 0 node0.mimesys-workload.ldos-ut-pg0.wisc.cloudlab.us
block sda 5916562 680222 1973287996 26457161 3862583 20295363 1141083827 21809792 2 7360232 48595807
block sdb 674 0 7540 666 4 0 0 0 0 828 667
cpu 11 641332 0 172082 4334801 101203 0 17
cpu 10 680084 2 155140 4316579 100814 0 22
cpu 13 601044 0 139610 4408576 100103 0 16
cpu 12 605506 0 136445 4407903 100780 0 13
cpu 15 554342 2 132329 4461590 100121 0 11
cpu 14 580932 0 139794 4429554 99004 0 17
cpu 17 354522 0 113178 4768241 16296 0 9
cpu 16 424362 0 124805 4690314 14585 0 10
cpu 19 426045 0 124064 4688756 16306 0 10
cpu 18 474066 5 126098 4639518 15300 0 10
cpu 1 592972 0 205667 4380034 63268 0 2132
cpu 0 597181 45 163888 4382963 65760 0 1244
cpu 3 638610 0 219364 4329297 62118 0 622
cpu 2 627532 0 218556 4338307 64539 0 216
cpu 5 564215 0 174808 4449706 61692 0 488
cpu 4 560975 1 175879 4449713 62411 0 144
cpu 7 506180 0 171615 4510857 61181 0 573
cpu 6 545826 0 175474 4467573 61823 0 355
cpu 9 601263 0 164342 4399335 83493 0 398
cpu 8 652132 0 168289 4343413 83385 0 369
mem 1 99033092 76885076 22148016 1693896 19476792 112 0 20796208 18940540 373688 53540 0 0 206740 12288 0 0
mem 0 97636988 59792444 37844544 1146440 35440904 128 0 36012372 2325800 578064 14708 0 0 467560 8192 0 0
net vnet169 0 0 38476 0 0 0 0 0 0 0 0 0 224 0 48307 0 0 0 0 0 0 324 0
net vnet168 0 0 41268 0 0 0 0 0 0 0 0 0 248 0 52783 0 0 0 0 0 0 394 0
net eno1 0 268459 40596642680 0 0 714 0 0 0 0 0 0 32418170 0 1437589761 0 0 0 0 0 0 6200295 0
net lo 0 0 21570633 0 0 0 0 0 0 0 0 0 159491 0 21570633 0 0 0 0 0 0 159491 0
net virbr0 0 2116 9997450036 0 0 0 0 0 0 0 0 0 39930806 0 38536999922 0 0 0 0 0 0 23686238 0
net vnet165 0 0 43932 0 0 0 0 0 0 0 0 0 259 0 65285 0 0 0 0 0 0 536 0
net vnet167 0 0 326212 0 0 0 0 0 0 0 0 0 1639 0 290103 0 0 0 0 0 0 1569 0
net vnet166 0 0 43710 0 0 0 0 0 0 0 0 0 254 0 62227 0 0 0 0 0 0 486 0
numa 1 403821919 18781169 10118603 29535 403755224 18826687
numa 0 431063259 10118603 18781169 29710 431010100 10121164
ps - 728872052 4579264 521 497 536 6 888
sysv_shm - 0 0
tmpfs /run/lock 0 6
tmpfs /run 2285568 1138
tmpfs /run/user/20029 0 20
tmpfs /run/qemu 0 1
tmpfs /dev/shm 37622960128 105491
vfs - 135042 11344 186945
vm - 10 986647714 570544473 738014 1617408 862781247 903008323 195397168 8069301 1061090442 73026 0 0 0 0 0 1811072 0 311878 5997 0 1623853 318 0 3 0 0

1778497924.653797 0 node0.mimesys-workload.ldos-ut-pg0.wisc.cloudlab.us
block sda 5916563 680222 1973288004 26457253 3862741 20295381 1141397395 21815616 0 7360644 48601814
block sdb 674 0 7540 666 4 0 0 0 0 828 667
cpu 11 641392 0 172090 4334818 101203 0 17
cpu 10 680136 2 155149 4316599 100819 0 22
cpu 13 601120 0 139611 4408584 100103 0 16
cpu 12 605564 0 136452 4407919 100783 0 13
cpu 15 554397 2 132333 4461607 100131 0 11
cpu 14 581009 0 139796 4429560 99004 0 17
cpu 17 354565 0 113185 4768265 16305 0 9
cpu 16 424432 0 124806 4690316 14593 0 10
cpu 19 426047 0 124066 4688835 16306 0 10
cpu 18 474069 5 126100 4639597 15300 0 10
cpu 1 592975 0 205669 4380113 63268 0 2132
cpu 0 597183 45 163892 4383041 65760 0 1244
cpu 3 638613 0 219366 4329377 62118 0 622
cpu 2 627536 0 218559 4338383 64539 0 216
cpu 5 564218 0 174809 4449787 61692 0 488
cpu 4 560978 1 175882 4449791 62411 0 144
cpu 7 506184 0 171618 4510935 61181 0 573
cpu 6 545827 0 175477 4467653 61824 0 355
cpu 9 601264 0 164346 4399415 83493 0 398
cpu 8 652137 0 168293 4343488 83385 0 369
mem 1 99033092 76732628 22300464 1693940 19628672 180 0 20948228 19092364 374324 54384 0 0 207196 12288 0 0
mem 0 97636988 59789104 37847884 1146420 35439820 200 0 36012384 2325120 577436 14392 0 0 467384 8192 0 0
net vnet169 0 0 38476 0 0 0 0 0 0 0 0 0 224 0 48359 0 0 0 0 0 0 325 0
net vnet168 0 0 41268 0 0 0 0 0 0 0 0 0 248 0 52835 0 0 0 0 0 0 395 0
net eno1 0 268471 40596649897 0 0 714 0 0 0 0 0 0 32418279 0 1437590383 0 0 0 0 0 0 6200301 0
net lo 0 0 21571800 0 0 0 0 0 0 0 0 0 159499 0 21571800 0 0 0 0 0 0 159499 0
net virbr0 0 2116 9997454078 0 0 0 0 0 0 0 0 0 39930825 0 38537004184 0 0 0 0 0 0 23686254 0
net vnet165 0 0 43932 0 0 0 0 0 0 0 0 0 259 0 65337 0 0 0 0 0 0 537 0
net vnet167 0 0 330520 0 0 0 0 0 0 0 0 0 1658 0 294417 0 0 0 0 0 0 1586 0
net vnet166 0 0 43710 0 0 0 0 0 0 0 0 0 254 0 62279 0 0 0 0 0 0 487 0
numa 1 403864525 18781169 10118603 29535 403797830 18826687
numa 0 431076147 10118603 18781169 29710 431022988 10121164
ps - 728885691 4579413 521 497 536 8 886
sysv_shm - 0 0
tmpfs /run/lock 0 6
tmpfs /run 2285568 1138
tmpfs /run/user/20029 0 20
tmpfs /run/qemu 0 1
tmpfs /dev/shm 37622964224 105491
vfs - 135034 11384 186909
vm - 10 986647718 570698697 738014 1617408 862836722 903025994 195397173 8069301 1061155505 73026 0 0 0 0 0 1811072 0 311878 5997 0 1623853 318 0 3 0 0

1778497924.838369 0 node0.mimesys-workload.ldos-ut-pg0.wisc.cloudlab.us
block sda 5916563 680222 1973288004 26457253 3862784 20295383 1141490595 21817162 32 7360776 48603360
block sdb 674 0 7540 666 4 0 0 0 0 828 667
cpu 11 641408 0 172092 4334819 101203 0 17
cpu 10 680145 2 155150 4316606 100819 0 22
cpu 13 601139 0 139611 4408584 100103 0 16
cpu 12 605583 0 136452 4407919 100783 0 13
cpu 15 554412 2 132333 4461609 100131 0 11
cpu 14 581020 0 139798 4429564 99004 0 17
cpu 17 354572 0 113188 4768268 16309 0 9
cpu 16 424445 0 124810 4690319 14594 0 10
cpu 19 426048 0 124068 4688849 16306 0 10
cpu 18 474070 5 126102 4639613 15300 0 10
cpu 1 592976 0 205671 4380128 63268 0 2132
cpu 0 597185 45 163894 4383056 65760 0 1244
cpu 3 638616 0 219368 4329392 62118 0 622
cpu 2 627536 0 218562 4338399 64539 0 216
cpu 5 564219 0 174811 4449802 61692 0 488
cpu 4 560979 1 175885 4449806 62411 0 144
cpu 7 506186 0 171620 4510951 61181 0 573
cpu 6 545829 0 175478 4467668 61824 0 355
cpu 9 601265 0 164348 4399430 83493 0 398
cpu 8 652138 0 168296 4343503 83385 0 369
mem 1 99033092 76687044 22346048 1693944 19672300 188 0 20991036 19135280 374588 54296 0 0 207164 12288 0 0
mem 0 97636988 59788600 37848388 1146436 35439024 204 0 36012384 2325240 576648 14628 0 0 467224 8192 0 0
net vnet169 0 0 38476 0 0 0 0 0 0 0 0 0 224 0 48359 0 0 0 0 0 0 325 0
net vnet168 0 0 41268 0 0 0 0 0 0 0 0 0 248 0 52835 0 0 0 0 0 0 395 0
net eno1 0 268471 40596650831 0 0 714 0 0 0 0 0 0 32418293 0 1437590484 0 0 0 0 0 0 6200302 0
net lo 0 0 21572410 0 0 0 0 0 0 0 0 0 159503 0 21572410 0 0 0 0 0 0 159503 0
net virbr0 0 2116 9997454506 0 0 0 0 0 0 0 0 0 39930830 0 38537004610 0 0 0 0 0 0 23686259 0
net vnet165 0 0 43932 0 0 0 0 0 0 0 0 0 259 0 65337 0 0 0 0 0 0 537 0
net vnet167 0 0 331018 0 0 0 0 0 0 0 0 0 1663 0 294843 0 0 0 0 0 0 1591 0
net vnet166 0 0 43710 0 0 0 0 0 0 0 0 0 254 0 62279 0 0 0 0 0 0 487 0
numa 1 403880158 18781169 10118603 29535 403813463 18826687
numa 0 431086239 10118603 18781169 29710 431033080 10121164
ps - 728889312 4579551 521 497 536 7 887
sysv_shm - 0 0
tmpfs /run/lock 0 6
tmpfs /run 2285568 1138
tmpfs /run/user/20029 0 20
tmpfs /run/qemu 0 1
tmpfs /dev/shm 37622964224 105491
vfs - 135031 11384 186940
vm - 10 986647718 570794961 738014 1617408 862862478 903041044 195397178 8069301 1061189956 73026 0 0 0 0 0 1811072 0 311878 5997 0 1623853 318 0 3 0 0

1778497925.681828 0 node0.mimesys-workload.ldos-ut-pg0.wisc.cloudlab.us
block sda 5916566 680222 1973288148 26457462 3862978 20295384 1141925803 21826164 0 7361364 48612571
block sdb 674 0 7540 666 4 0 0 0 0 828 667
cpu 11 641473 0 172094 4334836 101204 0 17
cpu 10 680207 2 155155 4316615 100827 0 22
cpu 13 601221 0 139612 4408586 100103 0 16
cpu 12 605644 0 136456 4407926 100793 0 13
cpu 15 554476 2 132334 4461625 100136 0 11
cpu 14 581074 0 139804 4429591 99004 0 17
cpu 17 354643 0 113192 4768272 16315 0 9
cpu 16 424490 0 124817 4690340 14601 0 10
cpu 19 426052 0 124069 4688928 16306 0 10
cpu 18 474074 5 126104 4639692 15300 0 10
cpu 1 592978 0 205674 4380208 63268 0 2132
cpu 0 597187 45 163898 4383135 65760 0 1244
cpu 3 638618 0 219370 4329471 62118 0 622
cpu 2 627537 0 218564 4338479 64539 0 216
cpu 5 564223 0 174814 4449880 61692 0 488
cpu 4 560981 1 175889 4449884 62411 0 144
cpu 7 506186 0 171623 4511031 61181 0 573
cpu 6 545830 0 175480 4467749 61824 0 355
cpu 9 601266 0 164351 4399511 83493 0 398
cpu 8 652139 0 168299 4343583 83385 0 369
mem 1 99033092 76590084 22443008 1693920 19778104 208 0 21098240 19241044 373528 54472 0 0 207716 12288 0 0
mem 0 97636988 59787340 37849648 1146456 35439280 216 0 36012388 2324696 576876 14440 0 0 467616 8192 0 0
net vnet169 0 0 38476 0 0 0 0 0 0 0 0 0 224 0 48359 0 0 0 0 0 0 325 0
net vnet168 0 0 41310 0 0 0 0 0 0 0 0 0 249 0 52877 0 0 0 0 0 0 396 0
net eno1 0 268471 40596656168 0 0 714 0 0 0 0 0 0 32418374 0 1437590829 0 0 0 0 0 0 6200305 0
net lo 0 0 21572967 0 0 0 0 0 0 0 0 0 159507 0 21572967 0 0 0 0 0 0 159507 0
net virbr0 0 2116 9997454534 0 0 0 0 0 0 0 0 0 39930831 0 38537004652 0 0 0 0 0 0 23686260 0
net vnet165 0 0 43932 0 0 0 0 0 0 0 0 0 259 0 65337 0 0 0 0 0 0 537 0
net vnet167 0 0 331018 0 0 0 0 0 0 0 0 0 1663 0 294843 0 0 0 0 0 0 1591 0
net vnet166 0 0 43710 0 0 0 0 0 0 0 0 0 254 0 62279 0 0 0 0 0 0 487 0
numa 1 403910666 18781169 10118603 29535 403843972 18826687
numa 0 431098909 10118603 18781169 29710 431045750 10121164
ps - 728903667 4579698 521 497 536 8 890
sysv_shm - 0 0
tmpfs /run/lock 0 6
tmpfs /run 2285568 1138
tmpfs /run/user/20029 0 20
tmpfs /run/qemu 0 1
tmpfs /dev/shm 37622964224 105491
vfs - 135040 11344 186989
vm - 10 986647790 570962901 738014 1617408 862905667 903057026 195397180 8069301 1061242016 73026 0 0 0 0 0 1811072 0 311878 5997 0 1623853 318 0 3 0 0

1778497925.864088 0 node0.mimesys-workload.ldos-ut-pg0.wisc.cloudlab.us
block sda 5916566 680222 1973288148 26457462 3863023 20295384 1142003675 21826845 32 7361492 48613253
block sdb 674 0 7540 666 4 0 0 0 0 828 667
cpu 11 641481 0 172096 4334841 101207 0 17
cpu 10 680219 2 155156 4316620 100828 0 22
cpu 13 601239 0 139612 4408586 100103 0 16
cpu 12 605657 0 136458 4407930 100793 0 13
cpu 15 554491 2 132335 4461627 100137 0 11
cpu 14 581089 0 139805 4429592 99004 0 17
cpu 17 354662 0 113192 4768272 16315 0 9
cpu 16 424507 0 124818 4690341 14602 0 10
cpu 19 426053 0 124071 4688943 16306 0 10
cpu 18 474076 5 126107 4639706 15300 0 10
cpu 1 592980 0 205675 4380222 63268 0 2132
cpu 0 597188 45 163901 4383150 65760 0 1244
cpu 3 638620 0 219373 4329485 62118 0 622
cpu 2 627539 0 218566 4338494 64539 0 216
cpu 5 564225 0 174816 4449894 61692 0 488
cpu 4 560982 1 175892 4449899 62411 0 144
cpu 7 506189 0 171626 4511043 61181 0 573
cpu 6 545832 0 175482 4467763 61824 0 355
cpu 9 601271 0 164354 4399520 83493 0 398
cpu 8 652140 0 168302 4343597 83385 0 369
mem 1 99033092 76561276 22471816 1693900 19803464 224 0 21122216 19266040 373528 54876 0 0 207644 12288 0 0
mem 0 97636988 59783056 37853932 1146472 35440476 220 0 36012392 2325352 578128 14452 0 0 467540 8192 0 0
net vnet169 0 0 38476 0 0 0 0 0 0 0 0 0 224 0 48359 0 0 0 0 0 0 325 0
net vnet168 0 0 41352 0 0 0 0 0 0 0 0 0 250 0 52919 0 0 0 0 0 0 397 0
net eno1 0 268471 40596657796 0 0 714 0 0 0 0 0 0 32418398 0 1437591031 0 0 0 0 0 0 6200307 0
net lo 0 0 21574187 0 0 0 0 0 0 0 0 0 159515 0 21574187 0 0 0 0 0 0 159515 0
net virbr0 0 2116 9997457252 0 0 0 0 0 0 0 0 0 39930845 0 38537008384 0 0 0 0 0 0 23686273 0
net vnet165 0 0 43932 0 0 0 0 0 0 0 0 0 259 0 65337 0 0 0 0 0 0 537 0
net vnet167 0 0 333890 0 0 0 0 0 0 0 0 0 1676 0 298533 0 0 0 0 0 0 1603 0
net vnet166 0 0 43710 0 0 0 0 0 0 0 0 0 254 0 62279 0 0 0 0 0 0 487 0
numa 1 403919909 18781169 10118603 29535 403853214 18826687
numa 0 431111353 10118603 18781169 29710 431058194 10121164
ps - 728906942 4579844 521 497 536 7 895
sysv_shm - 0 0
tmpfs /run/lock 0 6
tmpfs /run 2285568 1138
tmpfs /run/user/20029 0 20
tmpfs /run/qemu 0 1
tmpfs /dev/shm 37622964224 105491
vfs - 135034 11384 186981
vm - 10 986647790 571005297 738014 1617408 862927321 903072729 195397190 8069301 1061272991 73026 0 0 0 0 0 1811072 0 311878 5997 0 1623853 318 0 3 0 0

1778497926.709064 0 node0.mimesys-workload.ldos-ut-pg0.wisc.cloudlab.us
block sda 5916567 680222 1973288156 26457546 3863290 20295386 1142218635 21835412 4 7361828 48622113
block sdb 674 0 7540 666 4 0 0 0 0 828 667
cpu 11 641557 0 172098 4334846 101209 0 17
cpu 10 680292 2 155159 4316625 100833 0 22
cpu 13 601312 0 139612 4408597 100104 0 16
cpu 12 605734 0 136459 4407935 100793 0 13
cpu 15 554561 2 132335 4461629 100149 0 11
cpu 14 581154 0 139805 4429603 99012 0 17
cpu 17 354738 0 113193 4768275 16321 0 9
cpu 16 424584 0 124818 4690344 14605 0 10
cpu 19 426053 0 124074 4689022 16306 0 10
cpu 18 474078 5 126109 4639785 15300 0 10
cpu 1 592982 0 205677 4380302 63268 0 2132
cpu 0 597192 45 163903 4383227 65760 0 1244
cpu 3 638620 0 219377 4329565 62118 0 622
cpu 2 627539 0 218569 4338575 64539 0 216
cpu 5 564227 0 174819 4449974 61692 0 488
cpu 4 560983 1 175899 4449974 62411 0 144
cpu 7 506192 0 171628 4511124 61181 0 573
cpu 6 545836 0 175483 4467843 61824 0 355
cpu 9 601272 0 164357 4399600 83493 0 398
cpu 8 652140 0 168305 4343678 83385 0 369
mem 1 99033092 76559536 22473556 1693920 19804420 260 0 21124856 19268544 373808 54560 0 0 207740 12288 0 0
mem 0 97636988 59795376 37841612 1146448 35438516 236 0 36012400 2325968 576176 14576 0 0 467524 8192 0 0
net vnet169 0 0 38476 0 0 0 0 0 0 0 0 0 224 0 48411 0 0 0 0 0 0 326 0
net vnet168 0 0 41352 0 0 0 0 0 0 0 0 0 250 0 52971 0 0 0 0 0 0 398 0
net eno1 0 268485 40596662535 0 0 714 0 0 0 0 0 0 32418469 0 1437591430 0 0 0 0 0 0 6200311 0
net lo 0 0 21574744 0 0 0 0 0 0 0 0 0 159519 0 21574744 0 0 0 0 0 0 159519 0
net virbr0 0 2116 9997459084 0 0 0 0 0 0 0 0 0 39930857 0 38537009382 0 0 0 0 0 0 23686282 0
net vnet165 0 0 43932 0 0 0 0 0 0 0 0 0 259 0 65389 0 0 0 0 0 0 538 0
net vnet167 0 0 335890 0 0 0 0 0 0 0 0 0 1688 0 299583 0 0 0 0 0 0 1613 0
net vnet166 0 0 43710 0 0 0 0 0 0 0 0 0 254 0 62331 0 0 0 0 0 0 488 0
numa 1 403924297 18781169 10118603 29535 403857601 18826688
numa 0 431123491 10118603 18781169 29710 431070332 10121164
ps - 728914480 4579996 521 497 536 6 903
sysv_shm - 0 0
tmpfs /run/lock 0 6
tmpfs /run 2285568 1138
tmpfs /run/user/20029 0 20
tmpfs /run/qemu 0 1
tmpfs /dev/shm 37622972416 105491
vfs - 135053 11304 187195
vm - 10 986647794 571113029 738014 1617408 862943836 903089319 195397196 8069301 1061297983 73026 0 0 0 0 0 1811072 0 311878 5997 0 1623853 318 0 3 0 0

1778497926.888562 0 node0.mimesys-workload.ldos-ut-pg0.wisc.cloudlab.us
block sda 5916568 680222 1973288164 26457656 3863346 20295387 1142349963 21840077 19 7362008 48626888
block sdb 674 0 7540 666 4 0 0 0 0 828 667
cpu 11 641569 0 172100 4334846 101212 0 17
cpu 10 680306 2 155159 4316626 100836 0 22
cpu 13 601329 0 139612 4408597 100104 0 16
cpu 12 605743 0 136461 4407941 100793 0 13
cpu 15 554579 2 132335 4461629 100149 0 11
cpu 14 581164 0 139807 4429610 99012 0 17
cpu 17 354756 0 113193 4768275 16321 0 9
cpu 16 424591 0 124820 4690344 14614 0 10
cpu 19 426055 0 124076 4689037 16306 0 10
cpu 18 474080 5 126111 4639800 15300 0 10
cpu 1 592986 0 205678 4380317 63268 0 2132
cpu 0 597193 45 163906 4383242 65760 0 1244
cpu 3 638622 0 219379 4329580 62118 0 622
cpu 2 627540 0 218571 4338590 64539 0 216
cpu 5 564228 0 174820 4449989 61692 0 488
cpu 4 560984 1 175901 4449989 62411 0 144
cpu 7 506192 0 171629 4511139 61181 0 573
cpu 6 545838 0 175485 4467858 61824 0 355
cpu 9 601273 0 164360 4399615 83493 0 398
cpu 8 652141 0 168307 4343692 83385 0 369
mem 1 99033092 76579172 22453920 1693928 19805264 280 0 21124860 19267996 375100 54976 0 0 207732 12288 0 0
mem 0 97636988 59794116 37842872 1146440 35439212 240 0 36012400 2324904 576772 14108 0 0 467556 8192 0 0
net vnet169 0 0 38476 0 0 0 0 0 0 0 0 0 224 0 48411 0 0 0 0 0 0 326 0
net vnet168 0 0 41352 0 0 0 0 0 0 0 0 0 250 0 52971 0 0 0 0 0 0 398 0
net eno1 0 268485 40596663349 0 0 714 0 0 0 0 0 0 32418481 0 1437591531 0 0 0 0 0 0 6200312 0
net lo 0 0 21575354 0 0 0 0 0 0 0 0 0 159523 0 21575354 0 0 0 0 0 0 159523 0
net virbr0 0 2116 9997459084 0 0 0 0 0 0 0 0 0 39930857 0 38537009382 0 0 0 0 0 0 23686282 0
net vnet165 0 0 43932 0 0 0 0 0 0 0 0 0 259 0 65389 0 0 0 0 0 0 538 0
net vnet167 0 0 335890 0 0 0 0 0 0 0 0 0 1688 0 299583 0 0 0 0 0 0 1613 0
net vnet166 0 0 43710 0 0 0 0 0 0 0 0 0 254 0 62331 0 0 0 0 0 0 488 0
numa 1 403929493 18781169 10118603 29535 403862797 18826688
numa 0 431132864 10118603 18781169 29710 431079705 10121164
ps - 728917082 4580132 521 497 536 5 903
sysv_shm - 0 0
tmpfs /run/lock 0 6
tmpfs /run 2285568 1138
tmpfs /run/user/20029 0 20
tmpfs /run/qemu 0 1
tmpfs /dev/shm 37622972416 105491
vfs - 135033 11304 187035
vm - 10 986647798 571195461 738014 1617408 862958405 903103907 195397203 8069301 1061321208 73026 0 0 0 0 0 1811072 0 311878 5997 0 1623853 318 0 3 0 0

1778497927.738144 0 node0.mimesys-workload.ldos-ut-pg0.wisc.cloudlab.us
block sda 5916568 680222 1973288164 26457656 3863503 20295387 1142457427 21844220 0 7362192 48631032
block sdb 674 0 7540 666 4 0 0 0 0 828 667
cpu 11 641648 0 172100 4334851 101213 0 17
cpu 10 680377 2 155159 4316639 100836 0 22
cpu 13 601399 0 139613 4408611 100104 0 16
cpu 12 605817 0 136461 4407952 100793 0 13
cpu 15 554645 2 132336 4461648 100150 0 11
cpu 14 581224 0 139808 4429632 99014 0 17
cpu 17 354829 0 113193 4768287 16321 0 9
cpu 16 424642 0 124820 4690370 14619 0 10
cpu 19 426056 0 124078 4689115 16306 0 10
cpu 18 474084 5 126113 4639879 15300 0 10
cpu 1 592990 0 205680 4380396 63268 0 2132
cpu 0 597194 45 163908 4383321 65760 0 1244
cpu 3 638623 0 219382 4329660 62118 0 622
cpu 2 627542 0 218574 4338670 64539 0 216
cpu 5 564233 0 174823 4450066 61692 0 488
cpu 4 560987 1 175906 4450067 62411 0 144
cpu 7 506194 0 171632 4511219 61181 0 573
cpu 6 545842 0 175488 4467937 61824 0 355
cpu 9 601282 0 164362 4399689 83493 0 398
cpu 8 652142 0 168310 4343773 83385 0 369
mem 1 99033092 76578108 22454984 1693936 19805240 60 0 21125164 19268404 374256 54824 0 0 207660 12288 0 0
mem 0 97636988 59791508 37845480 1146444 35439876 124 0 36012408 2325152 576992 14252 0 0 467604 8192 0 0
net vnet169 0 0 38476 0 0 0 0 0 0 0 0 0 224 0 48411 0 0 0 0 0 0 326 0
net vnet168 0 0 41352 0 0 0 0 0 0 0 0 0 250 0 52971 0 0 0 0 0 0 398 0
net eno1 0 268485 40596667670 0 0 714 0 0 0 0 0 0 32418547 0 1437591855 0 0 0 0 0 0 6200315 0
net lo 0 0 21576537 0 0 0 0 0 0 0 0 0 159531 0 21576537 0 0 0 0 0 0 159531 0
net virbr0 0 2116 9997461826 0 0 0 0 0 0 0 0 0 39930871 0 38537013072 0 0 0 0 0 0 23686294 0
net vnet165 0 0 43932 0 0 0 0 0 0 0 0 0 259 0 65389 0 0 0 0 0 0 538 0
net vnet167 0 0 338828 0 0 0 0 0 0 0 0 0 1702 0 303273 0 0 0 0 0 0 1625 0
net vnet166 0 0 43710 0 0 0 0 0 0 0 0 0 254 0 62331 0 0 0 0 0 0 488 0
numa 1 403932165 18781169 10118603 29535 403865469 18826688
numa 0 431147619 10118603 18781169 29710 431094460 10121164
ps - 728922927 4580281 608 515 542 9 903
sysv_shm - 0 0
tmpfs /run/lock 0 6
tmpfs /run 2285568 1138
tmpfs /run/user/20029 0 20
tmpfs /run/qemu 0 1
tmpfs /dev/shm 37622976512 105491
vfs - 135034 11344 187029
vm - 10 986647798 571228713 738014 1617408 862975832 903120924 195397212 8069301 1061348525 73026 0 0 0 0 0 1811072 0 311878 5997 0 1623853 318 0 3 0 0

1778497927.919062 0 node0.mimesys-workload.ldos-ut-pg0.wisc.cloudlab.us
block sda 5916568 680222 1973288164 26457656 3863503 20295387 1142457427 21844220 0 7362192 48631032
block sdb 674 0 7540 666 4 0 0 0 0 828 667
cpu 11 641658 0 172102 4334857 101213 0 17
cpu 10 680393 2 155159 4316640 100836 0 22
cpu 13 601416 0 139613 4408613 100104 0 16
cpu 12 605833 0 136461 4407954 100793 0 13
cpu 15 554663 2 132336 4461648 100150 0 11
cpu 14 581239 0 139809 4429635 99014 0 17
cpu 17 354847 0 113193 4768287 16321 0 9
cpu 16 424657 0 124821 4690372 14619 0 10
cpu 19 426057 0 124081 4689130 16306 0 10
cpu 18 474084 5 126116 4639894 15300 0 10
cpu 1 592991 0 205684 4380410 63268 0 2132
cpu 0 597196 45 163910 4383336 65760 0 1244
cpu 3 638624 0 219384 4329676 62118 0 622
cpu 2 627543 0 218575 4338685 64539 0 216
cpu 5 564234 0 174826 4450080 61692 0 488
cpu 4 560988 1 175908 4450081 62411 0 144
cpu 7 506196 0 171634 4511233 61181 0 573
cpu 6 545843 0 175489 4467952 61824 0 355
cpu 9 601283 0 164364 4399704 83493 0 398
cpu 8 652143 0 168313 4343788 83385 0 369
mem 1 99033092 76577484 22455608 1693924 19805912 68 0 21125608 19268828 374032 55284 0 0 207628 12288 0 0
mem 0 97636988 59803588 37833400 1146460 35439692 124 0 36012408 2325052 577280 14260 0 0 467700 8192 0 0
net vnet169 0 0 38476 0 0 0 0 0 0 0 0 0 224 0 48411 0 0 0 0 0 0 326 0
net vnet168 0 0 41352 0 0 0 0 0 0 0 0 0 250 0 52971 0 0 0 0 0 0 398 0
net eno1 0 268485 40596668544 0 0 714 0 0 0 0 0 0 32418560 0 1437591956 0 0 0 0 0 0 6200316 0
net lo 0 0 21577110 0 0 0 0 0 0 0 0 0 159535 0 21577110 0 0 0 0 0 0 159535 0
net virbr0 0 2116 9997461826 0 0 0 0 0 0 0 0 0 39930871 0 38537013072 0 0 0 0 0 0 23686294 0
net vnet165 0 0 43932 0 0 0 0 0 0 0 0 0 259 0 65389 0 0 0 0 0 0 538 0
net vnet167 0 0 338828 0 0 0 0 0 0 0 0 0 1702 0 303273 0 0 0 0 0 0 1625 0
net vnet166 0 0 43710 0 0 0 0 0 0 0 0 0 254 0 62331 0 0 0 0 0 0 488 0
numa 1 403936535 18781169 10118603 29535 403869839 18826688
numa 0 431157904 10118603 18781169 29710 431104745 10121164
ps - 728924542 4580417 608 515 542 7 903
sysv_shm - 0 0
tmpfs /run/lock 0 6
tmpfs /run 2285568 1138
tmpfs /run/user/20029 0 20
tmpfs /run/qemu 0 1
tmpfs /dev/shm 37622980608 105491
vfs - 135034 11384 187099
vm - 10 986647798 571228713 738014 1617408 862990490 903135383 195397220 8069301 1061371896 73026 0 0 0 0 0 1811072 0 311878 5997 0 1623853 318 0 3 0 0

1778497928.767368 0 node0.mimesys-workload.ldos-ut-pg0.wisc.cloudlab.us
block sda 5916568 680222 1973288164 26457656 3863503 20295387 1142457427 21844220 0 7362192 48631032
block sdb 674 0 7540 666 4 0 0 0 0 828 667
cpu 11 641730 0 172112 4334860 101213 0 17
cpu 10 680461 2 155170 4316646 100836 0 22
cpu 13 601497 0 139617 4408613 100104 0 16
cpu 12 605908 0 136468 4407957 100793 0 13
cpu 15 554736 2 132344 4461652 100150 0 11
cpu 14 581317 0 139812 4429639 99014 0 17
cpu 17 354928 0 113196 4768287 16321 0 9
cpu 16 424734 0 124828 4690373 14619 0 10
cpu 19 426060 0 124084 4689209 16306 0 10
cpu 18 474088 5 126118 4639973 15300 0 10
cpu 1 592994 0 205686 4380490 63268 0 2132
cpu 0 597200 45 163912 4383415 65760 0 1244
cpu 3 638626 0 219387 4329756 62118 0 622
cpu 2 627546 0 218579 4338764 64539 0 216
cpu 5 564237 0 174828 4450160 61692 0 488
cpu 4 560991 1 175911 4450161 62411 0 144
cpu 7 506199 0 171637 4511313 61181 0 573
cpu 6 545844 0 175492 4468032 61824 0 355
cpu 9 601284 0 164368 4399785 83493 0 398
cpu 8 652145 0 168314 4343868 83385 0 369
mem 1 99033092 76134400 22898692 1693928 20243620 96 0 21563744 19707500 373724 55660 0 0 208428 12288 0 0
mem 0 97636988 59801488 37835500 1146468 35439076 148 0 36012412 2323924 576608 14424 0 0 467736 8192 0 0
net vnet169 0 0 38476 0 0 0 0 0 0 0 0 0 224 0 48463 0 0 0 0 0 0 327 0
net vnet168 0 0 41352 0 0 0 0 0 0 0 0 0 250 0 53023 0 0 0 0 0 0 399 0
net eno1 0 268497 40596673887 0 0 714 0 0 0 0 0 0 32418641 0 1437592367 0 0 0 0 0 0 6200320 0
net lo 0 0 21577667 0 0 0 0 0 0 0 0 0 159539 0 21577667 0 0 0 0 0 0 159539 0
net virbr0 0 2116 9997463606 0 0 0 0 0 0 0 0 0 39930882 0 38537014070 0 0 0 0 0 0 23686303 0
net vnet165 0 0 43932 0 0 0 0 0 0 0 0 0 259 0 65441 0 0 0 0 0 0 539 0
net vnet167 0 0 340762 0 0 0 0 0 0 0 0 0 1713 0 304323 0 0 0 0 0 0 1635 0
net vnet166 0 0 43710 0 0 0 0 0 0 0 0 0 254 0 62383 0 0 0 0 0 0 489 0
numa 1 404049791 18781169 10118603 29535 403983095 18826688
numa 0 431171452 10118603 18781169 29710 431118293 10121164
ps - 728927349 4580562 608 515 542 9 903
sysv_shm - 0 0
tmpfs /run/lock 0 6
tmpfs /run 2285568 1138
tmpfs /run/user/20029 0 20
tmpfs /run/qemu 0 1
tmpfs /dev/shm 37622980608 105491
vfs - 135032 11424 187075
vm - 10 986647798 571228713 738014 1617408 863117352 903151616 195397228 8069301 1061507239 73026 0 0 0 0 0 1811072 0 311878 5997 0 1623853 318 0 3 0 0

1778497928.943074 0 node0.mimesys-workload.ldos-ut-pg0.wisc.cloudlab.us
block sda 5916568 680222 1973288164 26457656 3863511 20295387 1142457491 21844225 0 7362196 48631037
block sdb 674 0 7540 666 4 0 0 0 0 828 667
cpu 11 641745 0 172113 4334861 101213 0 17
cpu 10 680478 2 155171 4316646 100836 0 22
cpu 13 601514 0 139618 4408613 100104 0 16
cpu 12 605925 0 136469 4407957 100793 0 13
cpu 15 554752 2 132345 4461652 100150 0 11
cpu 14 581333 0 139813 4429639 99014 0 17
cpu 17 354946 0 113196 4768287 16321 0 9
cpu 16 424751 0 124828 4690373 14619 0 10
cpu 19 426062 0 124085 4689222 16306 0 10
cpu 18 474089 5 126120 4639987 15300 0 10
cpu 1 592994 0 205688 4380504 63268 0 2132
cpu 0 597201 45 163914 4383429 65760 0 1244
cpu 3 638626 0 219390 4329771 62118 0 622
cpu 2 627547 0 218581 4338778 64539 0 216
cpu 5 564237 0 174831 4450174 61692 0 488
cpu 4 560993 1 175913 4450175 62411 0 144
cpu 7 506201 0 171639 4511326 61181 0 573
cpu 6 545844 0 175496 4468046 61824 0 355
cpu 9 601286 0 164370 4399799 83493 0 398
cpu 8 652146 0 168317 4343882 83385 0 369
mem 1 99033092 76090048 22943044 1693932 20286592 96 0 21607256 19750880 373576 55748 0 0 208460 12288 0 0
mem 0 97636988 59799976 37837012 1146480 35439984 116 0 36012412 2325796 577540 14372 0 0 467632 8192 0 0
net vnet169 0 0 38476 0 0 0 0 0 0 0 0 0 224 0 48463 0 0 0 0 0 0 327 0
net vnet168 0 0 41352 0 0 0 0 0 0 0 0 0 250 0 53023 0 0 0 0 0 0 399 0
net eno1 0 268497 40596675181 0 0 714 0 0 0 0 0 0 32418661 0 1437592468 0 0 0 0 0 0 6200321 0
net lo 0 0 21578277 0 0 0 0 0 0 0 0 0 159543 0 21578277 0 0 0 0 0 0 159543 0
net virbr0 0 2116 9997463606 0 0 0 0 0 0 0 0 0 39930882 0 38537014070 0 0 0 0 0 0 23686303 0
net vnet165 0 0 43932 0 0 0 0 0 0 0 0 0 259 0 65441 0 0 0 0 0 0 539 0
net vnet167 0 0 340762 0 0 0 0 0 0 0 0 0 1713 0 304323 0 0 0 0 0 0 1635 0
net vnet166 0 0 43710 0 0 0 0 0 0 0 0 0 254 0 62383 0 0 0 0 0 0 489 0
numa 1 404062263 18781169 10118603 29535 403995567 18826688
numa 0 431183923 10118603 18781169 29710 431130764 10121164
ps - 728928616 4580698 608 515 542 9 903
sysv_shm - 0 0
tmpfs /run/lock 0 6
tmpfs /run 2285568 1138
tmpfs /run/user/20029 0 20
tmpfs /run/qemu 0 1
tmpfs /dev/shm 37622980608 105491
vfs - 135032 11384 187075
vm - 10 986647798 571228745 738014 1617408 863142234 903166056 195397235 8069301 1061540828 73026 0 0 0 0 0 1811072 0 311878 5997 0 1623853 318 0 3 0 0

1778497929.797296 0 node0.mimesys-workload.ldos-ut-pg0.wisc.cloudlab.us
block sda 5916568 680222 1973288164 26457656 3863517 20295402 1142457659 21844226 0 7362200 48631038
block sdb 674 0 7540 666 4 0 0 0 0 828 667
cpu 11 641829 0 172114 4334861 101213 0 17
cpu 10 680563 2 155171 4316646 100836 0 22
cpu 13 601598 0 139618 4408614 100104 0 16
cpu 12 606010 0 136469 4407957 100793 0 13
cpu 15 554838 2 132345 4461652 100150 0 11
cpu 14 581417 0 139813 4429640 99014 0 17
cpu 17 355030 0 113197 4768287 16321 0 9
cpu 16 424836 0 124828 4690373 14619 0 10
cpu 19 426065 0 124087 4689301 16306 0 10
cpu 18 474094 5 126122 4640067 15300 0 10
cpu 1 592995 0 205691 4380585 63268 0 2132
cpu 0 597203 45 163917 4383508 65760 0 1244
cpu 3 638628 0 219392 4329851 62118 0 622
cpu 2 627550 0 218582 4338859 64539 0 216
cpu 5 564240 0 174835 4450253 61692 0 488
cpu 4 560995 1 175921 4450250 62411 0 144
cpu 7 506204 0 171641 4511407 61181 0 573
cpu 6 545846 0 175499 4468128 61824 0 355
cpu 9 601289 0 164374 4399877 83493 0 398
cpu 8 652147 0 168319 4343962 83385 0 369
mem 1 99033092 76086400 22946692 1693912 20290020 144 0 21612392 19756100 371892 55408 0 0 208916 12288 0 0
mem 0 97636988 59797988 37839000 1146488 35440708 136 0 36012416 2325268 578344 14660 0 0 467864 8192 0 0
net vnet169 0 0 38476 0 0 0 0 0 0 0 0 0 224 0 48463 0 0 0 0 0 0 327 0
net vnet168 0 0 41352 0 0 0 0 0 0 0 0 0 250 0 53023 0 0 0 0 0 0 399 0
net eno1 0 268497 40596679532 0 0 714 0 0 0 0 0 0 32418724 0 1437592914 0 0 0 0 0 0 6200325 0
net lo 0 0 21579444 0 0 0 0 0 0 0 0 0 159551 0 21579444 0 0 0 0 0 0 159551 0
net virbr0 0 2116 9997465736 0 0 0 0 0 0 0 0 0 39930892 0 38537016426 0 0 0 0 0 0 23686312 0
net vnet165 0 0 43932 0 0 0 0 0 0 0 0 0 259 0 65441 0 0 0 0 0 0 539 0
net vnet167 0 0 343032 0 0 0 0 0 0 0 0 0 1723 0 306679 0 0 0 0 0 0 1644 0
net vnet166 0 0 43710 0 0 0 0 0 0 0 0 0 254 0 62383 0 0 0 0 0 0 489 0
numa 1 404065116 18781169 10118603 29535 403998420 18826688
numa 0 431198733 10118603 18781169 29710 431145574 10121164
ps - 728931350 4580843 608 515 542 12 903
sysv_shm - 0 0
tmpfs /run/lock 0 6
tmpfs /run 2285568 1138
tmpfs /run/user/20029 0 20
tmpfs /run/qemu 0 1
tmpfs /dev/shm 37622980608 105491
vfs - 135057 11304 187247
vm - 10 986647798 571228829 738014 1617408 863159989 903182509 195397239 8069301 1061568094 73026 0 0 0 0 0 1811072 0 311878 5997 0 1623853 318 0 3 0 0

1778497929.972371 0 node0.mimesys-workload.ldos-ut-pg0.wisc.cloudlab.us
block sda 5916568 680222 1973288164 26457656 3863517 20295402 1142457659 21844226 0 7362200 48631038
block sdb 674 0 7540 666 4 0 0 0 0 828 667
cpu 11 641847 0 172114 4334861 101213 0 17
cpu 10 680581 2 155171 4316646 100836 0 22
cpu 13 601615 0 139618 4408614 100104 0 16
cpu 12 606027 0 136469 4407957 100793 0 13
cpu 15 554855 2 132345 4461652 100150 0 11
cpu 14 581434 0 139814 4429640 99014 0 17
cpu 17 355048 0 113197 4768287 16321 0 9
cpu 16 424854 0 124828 4690373 14619 0 10
cpu 19 426066 0 124090 4689315 16306 0 10
cpu 18 474094 5 126125 4640081 15300 0 10
cpu 1 592996 0 205693 4380599 63268 0 2132
cpu 0 597205 45 163919 4383522 65760 0 1244
cpu 3 638630 0 219395 4329865 62118 0 622
cpu 2 627551 0 218586 4338873 64539 0 216
cpu 5 564241 0 174838 4450266 61692 0 488
cpu 4 560998 1 175924 4450263 62411 0 144
cpu 7 506206 0 171644 4511420 61181 0 573
cpu 6 545847 0 175501 4468142 61824 0 355
cpu 9 601291 0 164376 4399890 83493 0 398
cpu 8 652149 0 168322 4343976 83385 0 369
mem 1 99033092 76082492 22950600 1693912 20291392 160 0 21613280 19756296 372376 55568 0 0 208828 12288 0 0
mem 0 97636988 59796476 37840512 1146516 35440876 148 0 36012420 2324100 578976 14968 0 0 467720 8192 0 0
net vnet169 0 0 38476 0 0 0 0 0 0 0 0 0 224 0 48463 0 0 0 0 0 0 327 0
net vnet168 0 0 41352 0 0 0 0 0 0 0 0 0 250 0 53023 0 0 0 0 0 0 399 0
net eno1 0 268497 40596680646 0 0 714 0 0 0 0 0 0 32418741 0 1437593015 0 0 0 0 0 0 6200326 0
net lo 0 0 21580054 0 0 0 0 0 0 0 0 0 159555 0 21580054 0 0 0 0 0 0 159555 0
net virbr0 0 2116 9997466348 0 0 0 0 0 0 0 0 0 39930896 0 38537017760 0 0 0 0 0 0 23686315 0
net vnet165 0 0 43932 0 0 0 0 0 0 0 0 0 259 0 65441 0 0 0 0 0 0 539 0
net vnet167 0 0 343700 0 0 0 0 0 0 0 0 0 1727 0 308013 0 0 0 0 0 0 1647 0
net vnet166 0 0 43710 0 0 0 0 0 0 0 0 0 254 0 62383 0 0 0 0 0 0 489 0
numa 1 404067617 18781169 10118603 29535 404000921 18826688
numa 0 431211511 10118603 18781169 29710 431158352 10121164
ps - 728932696 4580982 608 515 542 10 903
sysv_shm - 0 0
tmpfs /run/lock 0 6
tmpfs /run 2285568 1138
tmpfs /run/user/20029 0 20
tmpfs /run/qemu 0 1
tmpfs /dev/shm 37622980608 105491
vfs - 135037 11304 187085
vm - 10 986647798 571228829 738014 1617408 863175193 903197418 195397248 8069301 1061592390 73026 0 0 0 0 0 1811072 0 311878 5997 0 1623853 318 0 3 0 0

1778497930.827853 0 node0.mimesys-workload.ldos-ut-pg0.wisc.cloudlab.us
block sda 5916568 680222 1973288164 26457656 3863517 20295402 1142457659 21844226 0 7362200 48631038
block sdb 674 0 7540 666 4 0 0 0 0 828 667
cpu 11 641932 0 172114 4334861 101213 0 17
cpu 10 680656 2 155171 4316656 100836 0 22
cpu 13 601690 0 139618 4408625 100104 0 16
cpu 12 606102 0 136470 4407966 100793 0 13
cpu 15 554929 2 132345 4461663 100150 0 11
cpu 14 581519 0 139814 4429640 99014 0 17
cpu 17 355131 0 113197 4768290 16321 0 9
cpu 16 424928 0 124828 4690384 14619 0 10
cpu 19 426067 0 124092 4689395 16306 0 10
cpu 18 474096 5 126128 4640161 15300 0 10
cpu 1 592998 0 205695 4380680 63268 0 2132
cpu 0 597210 45 163921 4383601 65760 0 1244
cpu 3 638630 0 219397 4329947 62118 0 622
cpu 2 627553 0 218588 4338954 64539 0 216
cpu 5 564244 0 174840 4450348 61692 0 488
cpu 4 560999 1 175927 4450344 62411 0 144
cpu 7 506206 0 171648 4511502 61181 0 573
cpu 6 545849 0 175503 4468223 61824 0 355
cpu 9 601293 0 164378 4399972 83493 0 398
cpu 8 652152 0 168326 4344056 83385 0 369
mem 1 99033092 76074428 22958664 1693908 20297856 176 0 21619940 19763172 372172 55384 0 0 208884 12288 0 0
mem 0 97636988 59797236 37839752 1146504 35441604 196 0 36012428 2324740 579228 14696 0 0 467680 8192 0 0
net vnet169 0 0 38476 0 0 0 0 0 0 0 0 0 224 0 48515 0 0 0 0 0 0 328 0
net vnet168 0 0 41352 0 0 0 0 0 0 0 0 0 250 0 53075 0 0 0 0 0 0 400 0
net eno1 0 268508 40596686163 0 0 714 0 0 0 0 0 0 32418825 0 1437593360 0 0 0 0 0 0 6200329 0
net lo 0 0 21580611 0 0 0 0 0 0 0 0 0 159559 0 21580611 0 0 0 0 0 0 159559 0
net virbr0 0 2116 9997467648 0 0 0 0 0 0 0 0 0 39930901 0 38537018332 0 0 0 0 0 0 23686319 0
net vnet165 0 0 43932 0 0 0 0 0 0 0 0 0 259 0 65493 0 0 0 0 0 0 540 0
net vnet167 0 0 345070 0 0 0 0 0 0 0 0 0 1732 0 308637 0 0 0 0 0 0 1652 0
net vnet166 0 0 43710 0 0 0 0 0 0 0 0 0 254 0 62435 0 0 0 0 0 0 490 0
numa 1 404071885 18781169 10118603 29535 404005189 18826688
numa 0 431224541 10118603 18781169 29710 431171382 10121164
ps - 728935629 4581126 608 515 542 9 903
sysv_shm - 0 0
tmpfs /run/lock 0 6
tmpfs /run 2285568 1138
tmpfs /run/user/20029 0 20
tmpfs /run/qemu 0 1
tmpfs /dev/shm 37622980608 105491
vfs - 135034 11344 187077
vm - 10 986647798 571228829 738014 1617408 863192475 903213007 195397256 8069301 1061618644 73026 0 0 0 0 0 1811072 0 311878 5997 0 1623853 318 0 3 0 0

1778497931.001609 0 node0.mimesys-workload.ldos-ut-pg0.wisc.cloudlab.us
block sda 5916568 680222 1973288164 26457656 3863517 20295402 1142457659 21844226 0 7362200 48631038
block sdb 674 0 7540 666 4 0 0 0 0 828 667
cpu 11 641943 0 172115 4334867 101213 0 17
cpu 10 680661 2 155172 4316667 100836 0 22
cpu 13 601694 0 139620 4408637 100104 0 16
cpu 12 606106 0 136472 4407978 100793 0 13
cpu 15 554938 2 132347 4461670 100150 0 11
cpu 14 581532 0 139814 4429644 99014 0 17
cpu 17 355145 0 113197 4768294 16321 0 9
cpu 16 424945 0 124828 4690384 14619 0 10
cpu 19 426069 0 124094 4689409 16306 0 10
cpu 18 474096 5 126130 4640175 15300 0 10
cpu 1 592999 0 205697 4380694 63268 0 2132
cpu 0 597212 45 163922 4383615 65760 0 1244
cpu 3 638632 0 219400 4329961 62118 0 622
cpu 2 627554 0 218590 4338969 64539 0 216
cpu 5 564244 0 174843 4450361 61692 0 488
cpu 4 561001 1 175929 4450358 62411 0 144
cpu 7 506208 0 171650 4511516 61181 0 573
cpu 6 545850 0 175506 4468237 61824 0 355
cpu 9 601294 0 164381 4399986 83493 0 398
cpu 8 652154 0 168327 4344070 83385 0 369
mem 1 99033092 76070652 22962440 1693908 20300168 176 0 21620384 19765600 373532 55432 0 0 208884 12288 0 0
mem 0 97636988 59810060 37826928 1146520 35439336 196 0 36012428 2326248 577000 15236 0 0 467712 8192 0 0
net vnet169 0 0 38476 0 0 0 0 0 0 0 0 0 224 0 48515 0 0 0 0 0 0 328 0
net vnet168 0 0 41352 0 0 0 0 0 0 0 0 0 250 0 53075 0 0 0 0 0 0 400 0
net eno1 0 268508 40596686737 0 0 714 0 0 0 0 0 0 32418833 0 1437593461 0 0 0 0 0 0 6200330 0
net lo 0 0 21581221 0 0 0 0 0 0 0 0 0 159563 0 21581221 0 0 0 0 0 0 159563 0
net virbr0 0 2116 9997468128 0 0 0 0 0 0 0 0 0 39930907 0 38537018758 0 0 0 0 0 0 23686324 0
net vnet165 0 0 43932 0 0 0 0 0 0 0 0 0 259 0 65493 0 0 0 0 0 0 540 0
net vnet167 0 0 345634 0 0 0 0 0 0 0 0 0 1738 0 309063 0 0 0 0 0 0 1657 0
net vnet166 0 0 43710 0 0 0 0 0 0 0 0 0 254 0 62435 0 0 0 0 0 0 490 0
numa 1 404077491 18781169 10118603 29535 404010795 18826688
numa 0 431233577 10118603 18781169 29710 431180418 10121164
ps - 728937462 4581263 608 515 542 5 903
sysv_shm - 0 0
tmpfs /run/lock 0 6
tmpfs /run 2285568 1138
tmpfs /run/user/20029 0 20
tmpfs /run/qemu 0 1
tmpfs /dev/shm 37622980608 105491
vfs - 135031 11344 187097
vm - 10 986647798 571228829 738014 1617408 863207118 903227979 195397260 8069301 1061642154 73026 0 0 0 0 0 1811072 0 311878 5997 0 1623853 318 0 3 0 0

1778497931.861733 0 node0.mimesys-workload.ldos-ut-pg0.wisc.cloudlab.us
block sda 5916568 680222 1973288164 26457656 3863526 20295402 1142457995 21844228 0 7362212 48631040
block sdb 674 0 7540 666 4 0 0 0 0 828 667
cpu 11 642022 0 172116 4334874 101213 0 17
cpu 10 680724 2 155172 4316690 100836 0 22
cpu 13 601741 0 139622 4408672 100104 0 16
cpu 12 606188 0 136472 4407983 100793 0 13
cpu 15 554985 2 132347 4461708 100150 0 11
cpu 14 581593 0 139814 4429670 99014 0 17
cpu 17 355218 0 113198 4768306 16321 0 9
cpu 16 425002 0 124829 4690413 14619 0 10
cpu 19 426070 0 124096 4689489 16306 0 10
cpu 18 474101 5 126132 4640256 15300 0 10
cpu 1 593001 0 205699 4380775 63268 0 2132
cpu 0 597215 45 163925 4383695 65760 0 1244
cpu 3 638633 0 219403 4330043 62118 0 622
cpu 2 627556 0 218592 4339050 64539 0 216
cpu 5 564247 0 174845 4450442 61692 0 488
cpu 4 561004 1 175932 4450438 62411 0 144
cpu 7 506212 0 171652 4511596 61181 0 573
cpu 6 545853 0 175507 4468319 61824 0 355
cpu 9 601295 0 164385 4400067 83493 0 398
cpu 8 652155 0 168330 4344152 83385 0 369
mem 1 99033092 76043472 22989620 1693928 20325980 208 0 21646172 19789848 374040 55596 0 0 208956 12288 0 0
mem 0 97636988 59810220 37826768 1146480 35438736 212 0 36012440 2325144 575820 14436 0 0 467584 8192 0 0
net vnet169 0 0 38476 0 0 0 0 0 0 0 0 0 224 0 48515 0 0 0 0 0 0 328 0
net vnet168 0 0 41352 0 0 0 0 0 0 0 0 0 250 0 53075 0 0 0 0 0 0 400 0
net eno1 0 268508 40596692992 0 0 714 0 0 0 0 0 0 32418924 0 1437593806 0 0 0 0 0 0 6200333 0
net lo 0 0 21581778 0 0 0 0 0 0 0 0 0 159567 0 21581778 0 0 0 0 0 0 159567 0
net virbr0 0 2116 9997468128 0 0 0 0 0 0 0 0 0 39930907 0 38537018758 0 0 0 0 0 0 23686324 0
net vnet165 0 0 43932 0 0 0 0 0 0 0 0 0 259 0 65493 0 0 0 0 0 0 540 0
net vnet167 0 0 345634 0 0 0 0 0 0 0 0 0 1738 0 309063 0 0 0 0 0 0 1657 0
net vnet166 0 0 43710 0 0 0 0 0 0 0 0 0 254 0 62435 0 0 0 0 0 0 490 0
numa 1 404086423 18781169 10118603 29535 404019727 18826688
numa 0 431246683 10118603 18781169 29710 431193524 10121164
ps - 728940418 4581406 608 515 542 9 903
sysv_shm - 0 0
tmpfs /run/lock 0 6
tmpfs /run 2285568 1138
tmpfs /run/user/20029 0 20
tmpfs /run/qemu 0 1
tmpfs /dev/shm 37622980608 105491
vfs - 135033 11344 187083
vm - 10 986647798 571228997 738014 1617408 863229154 903243593 195397266 8069301 1061673099 73026 0 0 0 0 0 1811072 0 311878 5997 0 1623853 318 0 3 0 0

1778497932.031761 0 node0.mimesys-workload.ldos-ut-pg0.wisc.cloudlab.us
block sda 5916568 680222 1973288164 26457656 3863526 20295402 1142457995 21844228 0 7362212 48631040
block sdb 674 0 7540 666 4 0 0 0 0 828 667
cpu 11 642038 0 172116 4334874 101213 0 17
cpu 10 680740 2 155172 4316691 100836 0 22
cpu 13 601758 0 139622 4408673 100104 0 16
cpu 12 606205 0 136472 4407983 100793 0 13
cpu 15 555002 2 132347 4461709 100150 0 11
cpu 14 581609 0 139814 4429671 99014 0 17
cpu 17 355234 0 113198 4768307 16321 0 9
cpu 16 425019 0 124829 4690413 14619 0 10
cpu 19 426071 0 124099 4689502 16306 0 10
cpu 18 474102 5 126134 4640269 15300 0 10
cpu 1 593002 0 205702 4380789 63268 0 2132
cpu 0 597217 45 163928 4383708 65760 0 1244
cpu 3 638634 0 219406 4330056 62118 0 622
cpu 2 627558 0 218594 4339063 64539 0 216
cpu 5 564248 0 174849 4450455 61692 0 488
cpu 4 561006 1 175935 4450451 62411 0 144
cpu 7 506216 0 171655 4511607 61181 0 573
cpu 6 545855 0 175511 4468330 61824 0 355
cpu 9 601297 0 164388 4400079 83493 0 398
cpu 8 652158 0 168333 4344162 83385 0 369
mem 1 99033092 76042448 22990644 1693944 20326788 208 0 21646396 19790676 374616 55856 0 0 208956 12288 0 0
mem 0 97636988 59806440 37830548 1146480 35440380 212 0 36012440 2324976 577900 14352 0 0 467552 8192 0 0
net vnet169 0 0 38476 0 0 0 0 0 0 0 0 0 224 0 48515 0 0 0 0 0 0 328 0
net vnet168 0 0 41352 0 0 0 0 0 0 0 0 0 250 0 53075 0 0 0 0 0 0 400 0
net eno1 0 268508 40596694620 0 0 714 0 0 0 0 0 0 32418948 0 1437594008 0 0 0 0 0 0 6200335 0
net lo 0 0 21582998 0 0 0 0 0 0 0 0 0 159575 0 21582998 0 0 0 0 0 0 159575 0
net virbr0 0 2116 9997470258 0 0 0 0 0 0 0 0 0 39930917 0 38537021180 0 0 0 0 0 0 23686334 0
net vnet165 0 0 43932 0 0 0 0 0 0 0 0 0 259 0 65493 0 0 0 0 0 0 540 0
net vnet167 0 0 347904 0 0 0 0 0 0 0 0 0 1748 0 311485 0 0 0 0 0 0 1667 0
net vnet166 0 0 43710 0 0 0 0 0 0 0 0 0 254 0 62435 0 0 0 0 0 0 490 0
numa 1 404089023 18781169 10118603 29535 404022327 18826688
numa 0 431260359 10118603 18781169 29710 431207200 10121164
ps - 728942066 4581548 639 523 544 10 903
sysv_shm - 0 0
tmpfs /run/lock 0 6
tmpfs /run 2285568 1138
tmpfs /run/user/20029 0 20
tmpfs /run/qemu 0 1
tmpfs /dev/shm 37622980608 105491
vfs - 135034 11344 187077
vm - 10 986647798 571228997 738014 1617408 863245457 903259385 195397271 8069301 1061699105 73026 0 0 0 0 0 1811072 0 311878 5997 0 1623853 318 0 3 0 0

1778497932.888720 0 node0.mimesys-workload.ldos-ut-pg0.wisc.cloudlab.us
block sda 5916571 680222 1973288308 26457836 3863825 20295405 1142924203 21854759 6 7362840 48641751
block sdb 674 0 7540 666 4 0 0 0 0 828 667
cpu 11 642124 0 172116 4334874 101213 0 17
cpu 10 680825 2 155173 4316691 100836 0 22
cpu 13 601844 0 139622 4408673 100104 0 16
cpu 12 606290 0 136472 4407983 100793 0 13
cpu 15 555087 2 132348 4461709 100150 0 11
cpu 14 581694 0 139814 4429671 99014 0 17
cpu 17 355319 0 113198 4768307 16321 0 9
cpu 16 425104 0 124830 4690413 14619 0 10
cpu 19 426074 0 124100 4689582 16306 0 10
cpu 18 474106 5 126136 4640350 15300 0 10
cpu 1 593004 0 205704 4380870 63268 0 2132
cpu 0 597220 45 163930 4383788 65760 0 1244
cpu 3 638636 0 219408 4330138 62118 0 622
cpu 2 627560 0 218596 4339144 64539 0 216
cpu 5 564250 0 174851 4450521 61707 0 488
cpu 4 561008 1 175940 4450528 62411 0 144
cpu 7 506218 0 171658 4511687 61181 0 573
cpu 6 545858 0 175512 4468411 61824 0 355
cpu 9 601300 0 164390 4400161 83493 0 398
cpu 8 652161 0 168335 4344243 83385 0 369
mem 1 99033092 76034136 22998956 1693920 20332404 136 20 21653412 19797112 373160 55588 0 0 208936 12288 0 0
mem 0 97636988 59803672 37833316 1146496 35439816 208 16 36012444 2326044 577812 14500 0 0 467972 8192 0 0
net vnet169 0 0 38476 0 0 0 0 0 0 0 0 0 224 0 48567 0 0 0 0 0 0 329 0
net vnet168 0 0 41352 0 0 0 0 0 0 0 0 0 250 0 53127 0 0 0 0 0 0 401 0
net eno1 0 268519 40596699657 0 0 714 0 0 0 0 0 0 32419024 0 1437594353 0 0 0 0 0 0 6200338 0
net lo 0 0 21583555 0 0 0 0 0 0 0 0 0 159579 0 21583555 0 0 0 0 0 0 159579 0
net virbr0 0 2116 9997470870 0 0 0 0 0 0 0 0 0 39930921 0 38537022514 0 0 0 0 0 0 23686337 0
net vnet165 0 0 43932 0 0 0 0 0 0 0 0 0 259 0 65545 0 0 0 0 0 0 541 0
net vnet167 0 0 348572 0 0 0 0 0 0 0 0 0 1752 0 312871 0 0 0 0 0 0 1671 0
net vnet166 0 0 43710 0 0 0 0 0 0 0 0 0 254 0 62487 0 0 0 0 0 0 491 0
numa 1 404093236 18781169 10118603 29535 404026540 18826688
numa 0 431273549 10118603 18781169 29710 431220390 10121164
ps - 728945515 4581689 639 523 544 15 903
sysv_shm - 0 0
tmpfs /run/lock 0 6
tmpfs /run 2285568 1138
tmpfs /run/user/20029 0 20
tmpfs /run/qemu 0 1
tmpfs /dev/shm 37622980608 105491
vfs - 135060 11344 187259
vm - 10 986647870 571468017 738014 1617408 863262975 903275142 195397277 8069301 1061724973 73026 0 0 0 0 0 1811072 0 311878 5997 0 1623853 318 0 3 0 0

1778497933.060279 0 node0.mimesys-workload.ldos-ut-pg0.wisc.cloudlab.us
block sda 5916571 680222 1973288308 26457836 3863859 20295406 1142989267 21855452 0 7362928 48642445
block sdb 674 0 7540 666 4 0 0 0 0 828 667
cpu 11 642141 0 172116 4334874 101213 0 17
cpu 10 680842 2 155173 4316691 100836 0 22
cpu 13 601861 0 139622 4408673 100104 0 16
cpu 12 606308 0 136472 4407983 100793 0 13
cpu 15 555104 2 132348 4461709 100150 0 11
cpu 14 581712 0 139814 4429671 99014 0 17
cpu 17 355336 0 113198 4768307 16321 0 9
cpu 16 425121 0 124830 4690413 14619 0 10
cpu 19 426074 0 124103 4689596 16306 0 10
cpu 18 474107 5 126138 4640364 15300 0 10
cpu 1 593005 0 205707 4380883 63268 0 2132
cpu 0 597221 45 163933 4383801 65760 0 1244
cpu 3 638636 0 219411 4330152 62118 0 622
cpu 2 627561 0 218599 4339158 64539 0 216
cpu 5 564252 0 174852 4450535 61707 0 488
cpu 4 561010 1 175942 4450542 62411 0 144
cpu 7 506219 0 171661 4511700 61181 0 573
cpu 6 545859 0 175514 4468425 61824 0 355
cpu 9 601300 0 164393 4400174 83493 0 398
cpu 8 652162 0 168337 4344257 83385 0 369
mem 1 99033092 76032120 23000972 1693912 20332716 52 0 21653412 19796540 373432 56060 0 0 208904 12288 0 0
mem 0 97636988 59802168 37834820 1146532 35440748 128 0 36012448 2325804 578344 14848 0 0 467868 8192 0 0
net vnet169 0 0 38476 0 0 0 0 0 0 0 0 0 224 0 48567 0 0 0 0 0 0 329 0
net vnet168 0 0 41352 0 0 0 0 0 0 0 0 0 250 0 53127 0 0 0 0 0 0 401 0
net eno1 0 268519 40596700711 0 0 714 0 0 0 0 0 0 32419040 0 1437594454 0 0 0 0 0 0 6200339 0
net lo 0 0 21584165 0 0 0 0 0 0 0 0 0 159583 0 21584165 0 0 0 0 0 0 159583 0
net virbr0 0 2116 9997470870 0 0 0 0 0 0 0 0 0 39930921 0 38537022514 0 0 0 0 0 0 23686337 0
net vnet165 0 0 43932 0 0 0 0 0 0 0 0 0 259 0 65545 0 0 0 0 0 0 541 0
net vnet167 0 0 348572 0 0 0 0 0 0 0 0 0 1752 0 312871 0 0 0 0 0 0 1671 0
net vnet166 0 0 43710 0 0 0 0 0 0 0 0 0 254 0 62487 0 0 0 0 0 0 491 0
numa 1 404095359 18781169 10118603 29535 404028663 18826688
numa 0 431285982 10118603 18781169 29710 431232823 10121164
ps - 728946820 4581824 639 523 544 12 901
sysv_shm - 0 0
tmpfs /run/lock 0 6
tmpfs /run 2285568 1138
tmpfs /run/user/20029 0 20
tmpfs /run/qemu 0 1
tmpfs /dev/shm 37622980608 105491
vfs - 135038 11344 187096
vm - 10 986647870 571494633 738014 1617408 863277495 903289696 195397282 8069301 1061748266 73026 0 0 0 0 0 1811072 0 311878 5997 0 1623853 318 0 3 0 0

1778497933.920606 0 node0.mimesys-workload.ldos-ut-pg0.wisc.cloudlab.us
block sda 5916571 680222 1973288308 26457836 3863859 20295406 1142989267 21855452 0 7362928 48642445
block sdb 674 0 7540 666 4 0 0 0 0 828 667
cpu 11 642225 0 172116 4334876 101213 0 17
cpu 10 680921 2 155174 4316696 100836 0 22
cpu 13 601946 0 139622 4408674 100104 0 16
cpu 12 606394 0 136472 4407983 100793 0 13
cpu 15 555182 2 132350 4461715 100150 0 11
cpu 14 581792 0 139815 4429675 99014 0 17
cpu 17 355415 0 113200 4768313 16321 0 9
cpu 16 425201 0 124831 4690417 14619 0 10
cpu 19 426077 0 124104 4689676 16306 0 10
cpu 18 474110 5 126140 4640444 15300 0 10
cpu 1 593009 0 205708 4380965 63268 0 2132
cpu 0 597225 45 163934 4383882 65760 0 1244
cpu 3 638638 0 219413 4330234 62118 0 622
cpu 2 627563 0 218602 4339240 64539 0 216
cpu 5 564253 0 174856 4450618 61707 0 488
cpu 4 561012 1 175944 4450625 62411 0 144
cpu 7 506222 0 171663 4511782 61181 0 573
cpu 6 545860 0 175517 4468507 61824 0 355
cpu 9 601302 0 164395 4400257 83493 0 398
cpu 8 652163 0 168340 4344339 83385 0 369
mem 1 99033092 76027840 23005252 1693912 20334816 76 0 21654076 19797752 374516 55492 0 0 208872 12288 0 0
mem 0 97636988 59800908 37836080 1146508 35439212 140 0 36012452 2324700 576804 14592 0 0 467788 8192 0 0
net vnet169 0 0 38476 0 0 0 0 0 0 0 0 0 224 0 48567 0 0 0 0 0 0 329 0
net vnet168 0 0 41352 0 0 0 0 0 0 0 0 0 250 0 53127 0 0 0 0 0 0 401 0
net eno1 0 268519 40596705568 0 0 714 0 0 0 0 0 0 32419113 0 1437594799 0 0 0 0 0 0 6200342 0
net lo 0 0 21584722 0 0 0 0 0 0 0 0 0 159587 0 21584722 0 0 0 0 0 0 159587 0
net virbr0 0 2116 9997472650 0 0 0 0 0 0 0 0 0 39930932 0 38537023512 0 0 0 0 0 0 23686346 0
net vnet165 0 0 43932 0 0 0 0 0 0 0 0 0 259 0 65545 0 0 0 0 0 0 541 0
net vnet167 0 0 350506 0 0 0 0 0 0 0 0 0 1763 0 313869 0 0 0 0 0 0 1680 0
net vnet166 0 0 43710 0 0 0 0 0 0 0 0 0 254 0 62487 0 0 0 0 0 0 491 0
numa 1 404101913 18781169 10118603 29535 404035217 18826688
numa 0 431295437 10118603 18781169 29710 431242278 10121164
ps - 728949513 4581971 639 523 544 4 903
sysv_shm - 0 0
tmpfs /run/lock 0 6
tmpfs /run 2285568 1138
tmpfs /run/user/20029 0 20
tmpfs /run/qemu 0 1
tmpfs /dev/shm 37622980608 105491
vfs - 135032 11304 187075
vm - 10 986647870 571494633 738014 1617408 863293399 903305974 195397290 8069301 1061773344 73026 0 0 0 0 0 1811072 0 311878 5997 0 1623853 318 0 3 0 0

1778497934.088999 0 node0.mimesys-workload.ldos-ut-pg0.wisc.cloudlab.us
block sda 5916571 680222 1973288308 26457836 3863868 20295406 1142989339 21855455 0 7362932 48642447
block sdb 674 0 7540 666 4 0 0 0 0 828 667
cpu 11 642228 0 172118 4334888 101213 0 17
cpu 10 680922 2 155177 4316710 100836 0 22
cpu 13 601963 0 139622 4408674 100104 0 16
cpu 12 606410 0 136472 4407984 100793 0 13
cpu 15 555182 2 132352 4461729 100150 0 11
cpu 14 581798 0 139817 4429683 99014 0 17
cpu 17 355417 0 113202 4768326 16321 0 9
cpu 16 425203 0 124832 4690431 14619 0 10
cpu 19 426078 0 124105 4689690 16306 0 10
cpu 18 474111 5 126142 4640458 15300 0 10
cpu 1 593011 0 205710 4380978 63268 0 2132
cpu 0 597226 45 163936 4383895 65760 0 1244
cpu 3 638639 0 219414 4330248 62118 0 622
cpu 2 627564 0 218605 4339254 64539 0 216
cpu 5 564255 0 174858 4450631 61707 0 488
cpu 4 561013 1 175946 4450639 62411 0 144
cpu 7 506223 0 171665 4511795 61181 0 573
cpu 6 545861 0 175518 4468521 61824 0 355
cpu 9 601304 0 164396 4400271 83493 0 398
cpu 8 652164 0 168342 4344352 83385 0 369
mem 1 99033092 76026328 23006764 1693940 20335200 92 0 21654076 19797152 375304 56236 0 0 208856 12288 0 0
mem 0 97636988 59800908 37836080 1146472 35438508 112 0 36012456 2325096 576016 13832 0 0 467612 8192 0 0
net vnet169 0 0 38476 0 0 0 0 0 0 0 0 0 224 0 48567 0 0 0 0 0 0 329 0
net vnet168 0 0 41352 0 0 0 0 0 0 0 0 0 250 0 53127 0 0 0 0 0 0 401 0
net eno1 0 268519 40596706142 0 0 714 0 0 0 0 0 0 32419121 0 1437594900 0 0 0 0 0 0 6200343 0
net lo 0 0 21585332 0 0 0 0 0 0 0 0 0 159591 0 21585332 0 0 0 0 0 0 159591 0
net virbr0 0 2116 9997472650 0 0 0 0 0 0 0 0 0 39930932 0 38537023512 0 0 0 0 0 0 23686346 0
net vnet165 0 0 43932 0 0 0 0 0 0 0 0 0 259 0 65545 0 0 0 0 0 0 541 0
net vnet167 0 0 350506 0 0 0 0 0 0 0 0 0 1763 0 313869 0 0 0 0 0 0 1680 0
net vnet166 0 0 43710 0 0 0 0 0 0 0 0 0 254 0 62487 0 0 0 0 0 0 491 0
numa 1 404108551 18781169 10118603 29535 404041855 18826688
numa 0 431303302 10118603 18781169 29710 431250143 10121164
ps - 728950913 4582107 639 523 544 4 903
sysv_shm - 0 0
tmpfs /run/lock 0 6
tmpfs /run 2285568 1138
tmpfs /run/user/20029 0 20
tmpfs /run/qemu 0 1
tmpfs /dev/shm 37622980608 105491
vfs - 135032 11304 187097
vm - 10 986647870 571494669 738014 1617408 863307904 903320419 195397293 8069301 1061796621 73026 0 0 0 0 0 1811072 0 311878 5997 0 1623853 318 0 3 0 0

1778497934.947256 0 node0.mimesys-workload.ldos-ut-pg0.wisc.cloudlab.us
block sda 5916571 680222 1973288308 26457836 3863874 20295421 1142989507 21855455 0 7362936 48642448
block sdb 674 0 7540 666 4 0 0 0 0 828 667
cpu 11 642266 0 172118 4334934 101213 0 17
cpu 10 680971 2 155177 4316747 100836 0 22
cpu 13 602026 0 139625 4408695 100104 0 16
cpu 12 606479 0 136472 4408000 100793 0 13
cpu 15 555224 2 132354 4461773 100150 0 11
cpu 14 581853 0 139817 4429715 99014 0 17
cpu 17 355452 0 113202 4768377 16321 0 9
cpu 16 425236 0 124833 4690482 14619 0 10
cpu 19 426079 0 124107 4689770 16306 0 10
cpu 18 474115 5 126143 4640539 15300 0 10
cpu 1 593016 0 205712 4381057 63268 0 2132
cpu 0 597228 45 163940 4383974 65760 0 1244
cpu 3 638640 0 219418 4330330 62118 0 622
cpu 2 627567 0 218606 4339336 64539 0 216
cpu 5 564264 0 174861 4450705 61707 0 488
cpu 4 561015 1 175949 4450719 62411 0 144
cpu 7 506228 0 171667 4511876 61181 0 573
cpu 6 545864 0 175521 4468602 61824 0 355
cpu 9 601306 0 164400 4400352 83493 0 398
cpu 8 652167 0 168344 4344433 83385 0 369
mem 1 99033092 75995044 23038048 1693960 20368560 132 0 21687636 19831784 374312 55976 0 0 208912 12288 0 0
mem 0 97636988 59797136 37839852 1146464 35439636 136 0 36012460 2325148 577132 14172 0 0 467796 8192 0 0
net vnet169 0 0 38476 0 0 0 0 0 0 0 0 0 224 0 48619 0 0 0 0 0 0 330 0
net vnet168 0 0 41352 0 0 0 0 0 0 0 0 0 250 0 53179 0 0 0 0 0 0 402 0
net eno1 0 268530 40596711693 0 0 714 0 0 0 0 0 0 32419204 0 1437595346 0 0 0 0 0 0 6200347 0
net lo 0 0 21586499 0 0 0 0 0 0 0 0 0 159599 0 21586499 0 0 0 0 0 0 159599 0
net virbr0 0 2116 9997475392 0 0 0 0 0 0 0 0 0 39930946 0 38537027202 0 0 0 0 0 0 23686358 0
net vnet165 0 0 43932 0 0 0 0 0 0 0 0 0 259 0 65597 0 0 0 0 0 0 542 0
net vnet167 0 0 353444 0 0 0 0 0 0 0 0 0 1777 0 317611 0 0 0 0 0 0 1693 0
net vnet166 0 0 43710 0 0 0 0 0 0 0 0 0 254 0 62539 0 0 0 0 0 0 492 0
numa 1 404121677 18781169 10118603 29535 404054981 18826688
numa 0 431316167 10118603 18781169 29710 431263008 10121164
ps - 728955388 4582256 639 523 544 6 903
sysv_shm - 0 0
tmpfs /run/lock 0 6
tmpfs /run 2285568 1138
tmpfs /run/user/20029 0 20
tmpfs /run/qemu 0 1
tmpfs /dev/shm 37622980608 105491
vfs - 135034 11264 187077
vm - 10 986647870 571494753 738014 1617408 863333892 903337380 195397303 8069301 1061832433 73026 0 0 0 0 0 1811072 0 311878 5997 0 1623853 318 0 3 0 0

1778497935.117329 0 node0.mimesys-workload.ldos-ut-pg0.wisc.cloudlab.us
block sda 5916571 680222 1973288308 26457836 3863874 20295421 1142989507 21855455 0 7362936 48642448
block sdb 674 0 7540 666 4 0 0 0 0 828 667
cpu 11 642270 0 172121 4334945 101213 0 17
cpu 10 680982 2 155177 4316753 100836 0 22
cpu 13 602039 0 139625 4408698 100104 0 16
cpu 12 606495 0 136472 4408001 100793 0 13
cpu 15 555238 2 132354 4461776 100150 0 11
cpu 14 581870 0 139817 4429715 99014 0 17
cpu 17 355456 0 113204 4768389 16321 0 9
cpu 16 425240 0 124836 4690491 14619 0 10
cpu 19 426080 0 124108 4689784 16306 0 10
cpu 18 474116 5 126145 4640553 15300 0 10
cpu 1 593017 0 205715 4381071 63268 0 2132
cpu 0 597229 45 163942 4383988 65760 0 1244
cpu 3 638641 0 219420 4330344 62118 0 622
cpu 2 627567 0 218609 4339350 64539 0 216
cpu 5 564265 0 174863 4450719 61707 0 488
cpu 4 561016 1 175951 4450733 62411 0 144
cpu 7 506229 0 171669 4511889 61181 0 573
cpu 6 545865 0 175522 4468616 61824 0 355
cpu 9 601306 0 164403 4400366 83493 0 398
cpu 8 652167 0 168347 4344447 83385 0 369
mem 1 99033092 75991800 23041292 1693948 20370316 144 0 21689428 19832816 373340 55716 0 0 208912 12288 0 0
mem 0 97636988 59795880 37841108 1146476 35441200 152 0 36012460 2324508 578760 14424 0 0 467804 8192 0 0
net vnet169 0 0 38476 0 0 0 0 0 0 0 0 0 224 0 48619 0 0 0 0 0 0 330 0
net vnet168 0 0 41352 0 0 0 0 0 0 0 0 0 250 0 53179 0 0 0 0 0 0 402 0
net eno1 0 268530 40596712387 0 0 714 0 0 0 0 0 0 32419214 0 1437595447 0 0 0 0 0 0 6200348 0
net lo 0 0 21587109 0 0 0 0 0 0 0 0 0 159603 0 21587109 0 0 0 0 0 0 159603 0
net virbr0 0 2116 9997476692 0 0 0 0 0 0 0 0 0 39930951 0 38537027774 0 0 0 0 0 0 23686362 0
net vnet165 0 0 43932 0 0 0 0 0 0 0 0 0 259 0 65597 0 0 0 0 0 0 542 0
net vnet167 0 0 354814 0 0 0 0 0 0 0 0 0 1782 0 318183 0 0 0 0 0 0 1697 0
net vnet166 0 0 43710 0 0 0 0 0 0 0 0 0 254 0 62539 0 0 0 0 0 0 492 0
numa 1 404126100 18781169 10118603 29535 404059404 18826688
numa 0 431326708 10118603 18781169 29710 431273549 10121164
ps - 728957107 4582392 639 523 544 6 903
sysv_shm - 0 0
tmpfs /run/lock 0 6
tmpfs /run 2285568 1138
tmpfs /run/user/20029 0 20
tmpfs /run/qemu 0 1
tmpfs /dev/shm 37622980608 105491
vfs - 135034 11304 187077
vm - 10 986647870 571494753 738014 1617408 863348857 903351831 195397308 8069301 1061856217 73026 0 0 0 0 0 1811072 0 311878 5997 0 1623853 318 0 3 0 0

1778497935.974538 0 node0.mimesys-workload.ldos-ut-pg0.wisc.cloudlab.us
block sda 5916571 680222 1973288308 26457836 3863874 20295421 1142989507 21855455 0 7362936 48642448
block sdb 674 0 7540 666 4 0 0 0 0 828 667
cpu 11 642303 0 172123 4334995 101213 0 17
cpu 10 681012 2 155177 4316808 100836 0 22
cpu 13 602125 0 139625 4408698 100104 0 16
cpu 12 606506 0 136474 4408075 100793 0 13
cpu 15 555324 2 132354 4461776 100150 0 11
cpu 14 581936 0 139819 4429731 99014 0 17
cpu 17 355505 0 113204 4768425 16321 0 9
cpu 16 425244 0 124838 4690571 14619 0 10
cpu 19 426083 0 124110 4689864 16306 0 10
cpu 18 474119 5 126146 4640633 15300 0 10
cpu 1 593021 0 205716 4381151 63268 0 2132
cpu 0 597233 45 163946 4384064 65760 0 1244
cpu 3 638643 0 219422 4330427 62118 0 622
cpu 2 627569 0 218612 4339431 64539 0 216
cpu 5 564267 0 174865 4450801 61707 0 488
cpu 4 561017 1 175954 4450815 62411 0 144
cpu 7 506232 0 171673 4511969 61181 0 573
cpu 6 545867 0 175525 4468698 61824 0 355
cpu 9 601308 0 164405 4400447 83493 0 398
cpu 8 652168 0 168350 4344529 83385 0 369
mem 1 99033092 75989316 23043776 1693940 20369980 168 0 21690596 19833820 373952 55732 0 0 208904 12288 0 0
mem 0 97636988 59795628 37841360 1146496 35438520 200 0 36012468 2323816 576476 14448 0 0 467612 8192 0 0
net vnet169 0 0 38476 0 0 0 0 0 0 0 0 0 224 0 48619 0 0 0 0 0 0 330 0
net vnet168 0 0 41352 0 0 0 0 0 0 0 0 0 250 0 53179 0 0 0 0 0 0 402 0
net eno1 0 268530 40596717006 0 0 714 0 0 0 0 0 0 32419283 0 1437595846 0 0 0 0 0 0 6200352 0
net lo 0 0 21587666 0 0 0 0 0 0 0 0 0 159607 0 21587666 0 0 0 0 0 0 159607 0
net virbr0 0 2116 9997477172 0 0 0 0 0 0 0 0 0 39930957 0 38537028200 0 0 0 0 0 0 23686367 0
net vnet165 0 0 43932 0 0 0 0 0 0 0 0 0 259 0 65597 0 0 0 0 0 0 542 0
net vnet167 0 0 355378 0 0 0 0 0 0 0 0 0 1788 0 318609 0 0 0 0 0 0 1702 0
net vnet166 0 0 43710 0 0 0 0 0 0 0 0 0 254 0 62539 0 0 0 0 0 0 492 0
numa 1 404131111 18781169 10118603 29535 404064415 18826688
numa 0 431337427 10118603 18781169 29710 431284268 10121164
ps - 728960255 4582536 639 523 544 5 902
sysv_shm - 0 0
tmpfs /run/lock 0 6
tmpfs /run 2285568 1138
tmpfs /run/user/20029 0 20
tmpfs /run/qemu 0 1
tmpfs /dev/shm 37622980608 105491
vfs - 135054 11264 187245
vm - 10 986647870 571494753 738014 1617408 863364587 903368011 195397316 8069301 1061880873 73026 0 0 0 0 0 1811072 0 311878 5997 0 1623853 318 0 3 0 0

1778497936.143227 0 node0.mimesys-workload.ldos-ut-pg0.wisc.cloudlab.us
block sda 5916571 680222 1973288308 26457836 3863874 20295421 1142989507 21855455 0 7362936 48642448
block sdb 674 0 7540 666 4 0 0 0 0 828 667
cpu 11 642304 0 172124 4335009 101213 0 17
cpu 10 681028 2 155177 4316808 100836 0 22
cpu 13 602142 0 139625 4408698 100104 0 16
cpu 12 606507 0 136475 4408090 100793 0 13
cpu 15 555340 2 132354 4461776 100150 0 11
cpu 14 581937 0 139821 4429745 99014 0 17
cpu 17 355522 0 113204 4768425 16321 0 9
cpu 16 425244 0 124840 4690585 14619 0 10
cpu 19 426084 0 124113 4689877 16306 0 10
cpu 18 474120 5 126148 4640647 15300 0 10
cpu 1 593023 0 205718 4381165 63268 0 2132
cpu 0 597234 45 163948 4384078 65760 0 1244
cpu 3 638643 0 219424 4330440 62118 0 622
cpu 2 627570 0 218614 4339445 64539 0 216
cpu 5 564268 0 174868 4450815 61707 0 488
cpu 4 561018 1 175956 4450829 62411 0 144
cpu 7 506232 0 171676 4511982 61181 0 573
cpu 6 545868 0 175527 4468711 61824 0 355
cpu 9 601309 0 164408 4400461 83493 0 398
cpu 8 652168 0 168353 4344542 83385 0 369
mem 1 99033092 75987808 23045284 1693940 20371300 184 0 21690596 19833512 375232 55656 0 0 208896 12288 0 0
mem 0 97636988 59794624 37842364 1146488 35438528 208 0 36012472 2324672 576500 14412 0 0 467668 8192 0 0
net vnet169 0 0 38476 0 0 0 0 0 0 0 0 0 224 0 48619 0 0 0 0 0 0 330 0
net vnet168 0 0 41352 0 0 0 0 0 0 0 0 0 250 0 53179 0 0 0 0 0 0 402 0
net eno1 0 268530 40596718274 0 0 714 0 0 0 0 0 0 32419300 0 1437596048 0 0 0 0 0 0 6200354 0
net lo 0 0 21588886 0 0 0 0 0 0 0 0 0 159615 0 21588886 0 0 0 0 0 0 159615 0
net virbr0 0 2116 9997477172 0 0 0 0 0 0 0 0 0 39930957 0 38537028200 0 0 0 0 0 0 23686367 0
net vnet165 0 0 43932 0 0 0 0 0 0 0 0 0 259 0 65597 0 0 0 0 0 0 542 0
net vnet167 0 0 355378 0 0 0 0 0 0 0 0 0 1788 0 318609 0 0 0 0 0 0 1702 0
net vnet166 0 0 43710 0 0 0 0 0 0 0 0 0 254 0 62539 0 0 0 0 0 0 492 0
numa 1 404136331 18781169 10118603 29535 404069635 18826688
numa 0 431347281 10118603 18781169 29710 431294122 10121164
ps - 728961621 4582676 639 523 544 6 905
sysv_shm - 0 0
tmpfs /run/lock 0 6
tmpfs /run 2285568 1138
tmpfs /run/user/20029 0 20
tmpfs /run/qemu 0 1
tmpfs /dev/shm 37622980608 105491
vfs - 135043 11344 187097
vm - 10 986647870 571494753 738014 1617408 863379670 903382620 195397324 8069301 1061905075 73026 0 0 0 0 0 1811072 0 311878 5997 0 1623853 318 0 3 0 0

1778497937.000919 0 node0.mimesys-workload.ldos-ut-pg0.wisc.cloudlab.us
block sda 5916571 680222 1973288308 26457836 3863874 20295421 1142989507 21855455 0 7362936 48642448
block sdb 674 0 7540 666 4 0 0 0 0 828 667
cpu 11 642346 0 172126 4335049 101213 0 17
cpu 10 681092 2 155180 4316827 100836 0 22
cpu 13 602228 0 139625 4408698 100104 0 16
cpu 12 606559 0 136476 4408124 100793 0 13
cpu 15 555422 2 132356 4461778 100150 0 11
cpu 14 582007 0 139822 4429760 99014 0 17
cpu 17 355605 0 113205 4768427 16321 0 9
cpu 16 425292 0 124842 4690622 14619 0 10
cpu 19 426086 0 124116 4689957 16306 0 10
cpu 18 474122 5 126150 4640727 15300 0 10
cpu 1 593030 0 205720 4381239 63268 0 2132
cpu 0 597238 45 163950 4384157 65760 0 1244
cpu 3 638646 0 219426 4330522 62118 0 622
cpu 2 627572 0 218617 4339527 64539 0 216
cpu 5 564270 0 174870 4450897 61707 0 488
cpu 4 561020 1 175958 4450911 62411 0 144
cpu 7 506236 0 171678 4512063 61181 0 573
cpu 6 545872 0 175528 4468792 61824 0 355
cpu 9 601311 0 164412 4400540 83493 0 398
cpu 8 652170 0 168356 4344624 83385 0 369
mem 1 99033092 75941200 23091892 1693944 20416296 220 0 21736368 19880036 374540 55824 0 0 209016 12288 0 0
mem 0 97636988 59791352 37845636 1146488 35440528 216 0 36012472 2325592 577608 14352 0 0 467564 8192 0 0
net vnet169 0 0 38476 0 0 0 0 0 0 0 0 0 224 0 48741 0 0 0 0 0 0 332 0
net vnet168 0 0 41352 0 0 0 0 0 0 0 0 0 250 0 53231 0 0 0 0 0 0 403 0
net eno1 0 268541 40596723941 0 0 714 0 0 0 0 0 0 32419391 0 1437596271 0 0 0 0 0 0 6200356 0
net lo 0 0 21589459 0 0 0 0 0 0 0 0 0 159619 0 21589459 0 0 0 0 0 0 159619 0
net virbr0 0 2116 9997481266 0 0 0 0 0 0 0 0 0 39930977 0 38537032462 0 0 0 0 0 0 23686383 0
net vnet165 0 0 43932 0 0 0 0 0 0 0 0 0 259 0 65649 0 0 0 0 0 0 543 0
net vnet167 0 0 359752 0 0 0 0 0 0 0 0 0 1808 0 322923 0 0 0 0 0 0 1719 0
net vnet166 0 0 43710 0 0 0 0 0 0 0 0 0 254 0 62591 0 0 0 0 0 0 493 0
numa 1 404150310 18781169 10118603 29535 404083614 18826688
numa 0 431361827 10118603 18781169 29710 431308668 10121164
ps - 728965507 4582821 652 528 546 9 898
sysv_shm - 0 0
tmpfs /run/lock 0 6
tmpfs /run 2285568 1138
tmpfs /run/user/20029 0 20
tmpfs /run/qemu 0 1
tmpfs /dev/shm 37622980608 105491
vfs - 135034 11384 187047
vm - 10 986647870 571494753 738014 1617408 863408185 903399338 195397331 8069301 1061943102 73026 0 0 0 0 0 1811072 0 311878 5997 0 1623853 318 0 3 0 0

1778497937.171240 0 node0.mimesys-workload.ldos-ut-pg0.wisc.cloudlab.us
block sda 5916571 680222 1973288308 26457836 3863878 20295421 1142989667 21855456 0 7362940 48642449
block sdb 674 0 7540 666 4 0 0 0 0 828 667
cpu 11 642364 0 172126 4335049 101213 0 17
cpu 10 681109 2 155180 4316827 100836 0 22
cpu 13 602245 0 139625 4408698 100104 0 16
cpu 12 606576 0 136476 4408124 100793 0 13
cpu 15 555439 2 132356 4461778 100150 0 11
cpu 14 582024 0 139822 4429760 99014 0 17
cpu 17 355622 0 113205 4768427 16321 0 9
cpu 16 425309 0 124842 4690622 14619 0 10
cpu 19 426086 0 124119 4689970 16306 0 10
cpu 18 474123 5 126152 4640741 15300 0 10
cpu 1 593031 0 205723 4381253 63268 0 2132
cpu 0 597238 45 163954 4384170 65760 0 1244
cpu 3 638647 0 219429 4330535 62118 0 622
cpu 2 627572 0 218620 4339540 64539 0 216
cpu 5 564271 0 174872 4450911 61707 0 488
cpu 4 561021 1 175960 4450924 62411 0 144
cpu 7 506236 0 171682 4512076 61181 0 573
cpu 6 545873 0 175531 4468805 61824 0 355
cpu 9 601312 0 164414 4400554 83493 0 398
cpu 8 652171 0 168359 4344637 83385 0 369
mem 1 99033092 75938932 23094160 1693932 20416140 240 0 21737256 19881076 373540 55996 0 0 209040 12288 0 0
mem 0 97636988 59791100 37845888 1146524 35440128 216 0 36012472 2325168 577728 14604 0 0 467660 8192 0 0
net vnet169 0 0 38476 0 0 0 0 0 0 0 0 0 224 0 48741 0 0 0 0 0 0 332 0
net vnet168 0 0 41352 0 0 0 0 0 0 0 0 0 250 0 53231 0 0 0 0 0 0 403 0
net eno1 0 268541 40596725115 0 0 714 0 0 0 0 0 0 32419409 0 1437596372 0 0 0 0 0 0 6200357 0
net lo 0 0 21590032 0 0 0 0 0 0 0 0 0 159623 0 21590032 0 0 0 0 0 0 159623 0
net virbr0 0 2116 9997481746 0 0 0 0 0 0 0 0 0 39930983 0 38537032888 0 0 0 0 0 0 23686388 0
net vnet165 0 0 43932 0 0 0 0 0 0 0 0 0 259 0 65649 0 0 0 0 0 0 543 0
net vnet167 0 0 360316 0 0 0 0 0 0 0 0 0 1814 0 323349 0 0 0 0 0 0 1724 0
net vnet166 0 0 43710 0 0 0 0 0 0 0 0 0 254 0 62591 0 0 0 0 0 0 493 0
numa 1 404152767 18781169 10118603 29535 404086071 18826688
numa 0 431374238 10118603 18781169 29710 431321079 10121164
ps - 728966790 4582958 652 528 546 11 898
sysv_shm - 0 0
tmpfs /run/lock 0 6
tmpfs /run 2285568 1138
tmpfs /run/user/20029 0 20
tmpfs /run/qemu 0 1
tmpfs /dev/shm 37622980608 105491
vfs - 135031 11424 187067
vm - 10 986647870 571494833 738014 1617408 863423056 903414297 195397336 8069301 1061966735 73026 0 0 0 0 0 1811072 0 311878 5997 0 1623853 318 0 3 0 0

1778497938.029325 0 node0.mimesys-workload.ldos-ut-pg0.wisc.cloudlab.us
block sda 5916574 680222 1973288452 26457837 3863878 20295421 1142989667 21855456 0 7362948 48642449
block sdb 674 0 7540 666 4 0 0 0 0 828 667
cpu 11 642449 0 172126 4335049 101213 0 17
cpu 10 681194 2 155180 4316827 100836 0 22
cpu 13 602330 0 139625 4408698 100104 0 16
cpu 12 606662 0 136476 4408124 100793 0 13
cpu 15 555525 2 132356 4461778 100150 0 11
cpu 14 582110 0 139822 4429760 99014 0 17
cpu 17 355708 0 113205 4768427 16321 0 9
cpu 16 425394 0 124842 4690622 14619 0 10
cpu 19 426087 0 124122 4690050 16306 0 10
cpu 18 474126 5 126155 4640821 15300 0 10
cpu 1 593032 0 205726 4381333 63268 0 2132
cpu 0 597242 45 163958 4384247 65760 0 1244
cpu 3 638650 0 219431 4330615 62118 0 622
cpu 2 627576 0 218622 4339620 64539 0 216
cpu 5 564274 0 174876 4450991 61707 0 488
cpu 4 561024 1 175962 4451005 62411 0 144
cpu 7 506241 0 171685 4512155 61181 0 573
cpu 6 545878 0 175533 4468885 61824 0 355
cpu 9 601314 0 164417 4400634 83493 0 398
cpu 8 652174 0 168361 4344718 83385 0 369
mem 1 99033092 75935660 23097432 1693912 20417120 256 0 21738712 19882380 372688 55580 0 0 209064 12288 0 0
mem 0 97636988 59788076 37848912 1146524 35439744 228 0 36012480 2324704 577304 14704 0 0 468108 8192 0 0
net vnet169 0 0 38476 0 0 0 0 0 0 0 0 0 224 0 48741 0 0 0 0 0 0 332 0
net vnet168 0 0 41352 0 0 0 0 0 0 0 0 0 250 0 53231 0 0 0 0 0 0 403 0
net eno1 0 268541 40596730152 0 0 714 0 0 0 0 0 0 32419485 0 1437596717 0 0 0 0 0 0 6200360 0
net lo 0 0 21590589 0 0 0 0 0 0 0 0 0 159627 0 21590589 0 0 0 0 0 0 159627 0
net virbr0 0 2116 9997481746 0 0 0 0 0 0 0 0 0 39930983 0 38537032888 0 0 0 0 0 0 23686388 0
net vnet165 0 0 43932 0 0 0 0 0 0 0 0 0 259 0 65649 0 0 0 0 0 0 543 0
net vnet167 0 0 360316 0 0 0 0 0 0 0 0 0 1814 0 323349 0 0 0 0 0 0 1724 0
net vnet166 0 0 43710 0 0 0 0 0 0 0 0 0 254 0 62591 0 0 0 0 0 0 493 0
numa 1 404155253 18781169 10118603 29535 404088557 18826688
numa 0 431387450 10118603 18781169 29710 431334291 10121164
ps - 728969610 4583101 652 528 546 9 898
sysv_shm - 0 0
tmpfs /run/lock 0 6
tmpfs /run 2285568 1138
tmpfs /run/user/20029 0 20
tmpfs /run/qemu 0 1
tmpfs /dev/shm 37622980608 105491
vfs - 135033 11384 187053
vm - 10 986647942 571494833 738014 1617408 863438751 903429946 195397339 8069301 1061991294 73026 0 0 0 0 0 1811072 0 311878 5997 0 1623853 318 0 3 0 0

1778497938.200705 0 node0.mimesys-workload.ldos-ut-pg0.wisc.cloudlab.us
block sda 5916574 680222 1973288452 26457837 3863962 20295421 1142990491 21855469 0 7362952 48642463
block sdb 674 0 7540 666 4 0 0 0 0 828 667
cpu 11 642466 0 172126 4335049 101213 0 17
cpu 10 681212 2 155180 4316827 100836 0 22
cpu 13 602348 0 139625 4408698 100104 0 16
cpu 12 606679 0 136476 4408124 100793 0 13
cpu 15 555542 2 132356 4461778 100150 0 11
cpu 14 582127 0 139822 4429760 99014 0 17
cpu 17 355725 0 113205 4768427 16321 0 9
cpu 16 425412 0 124842 4690622 14619 0 10
cpu 19 426088 0 124125 4690063 16306 0 10
cpu 18 474128 5 126155 4640835 15300 0 10
cpu 1 593034 0 205728 4381346 63268 0 2132
cpu 0 597244 45 163961 4384260 65760 0 1244
cpu 3 638652 0 219432 4330629 62118 0 622
cpu 2 627576 0 218626 4339633 64539 0 216
cpu 5 564276 0 174878 4451005 61707 0 488
cpu 4 561026 1 175965 4451018 62411 0 144
cpu 7 506244 0 171688 4512166 61181 0 573
cpu 6 545881 0 175535 4468898 61824 0 355
cpu 9 601317 0 164421 4400645 83493 0 398
cpu 8 652176 0 168363 4344732 83385 0 369
mem 1 99033092 75932892 23100200 1693920 20418288 276 0 21738712 19883000 373840 56160 0 0 209048 12288 0 0
mem 0 97636988 59785056 37851932 1146524 35440004 232 0 36012484 2325480 578016 14176 0 0 468020 8192 0 0
net vnet169 0 0 38476 0 0 0 0 0 0 0 0 0 224 0 48741 0 0 0 0 0 0 332 0
net vnet168 0 0 41352 0 0 0 0 0 0 0 0 0 250 0 53231 0 0 0 0 0 0 403 0
net eno1 0 268541 40596731300 0 0 714 0 0 0 0 0 0 32419501 0 1437596919 0 0 0 0 0 0 6200362 0
net lo 0 0 21591809 0 0 0 0 0 0 0 0 0 159635 0 21591809 0 0 0 0 0 0 159635 0
net virbr0 0 2116 9997481858 0 0 0 0 0 0 0 0 0 39930985 0 38537033136 0 0 0 0 0 0 23686391 0
net vnet165 0 0 43932 0 0 0 0 0 0 0 0 0 259 0 65649 0 0 0 0 0 0 543 0
net vnet167 0 0 360456 0 0 0 0 0 0 0 0 0 1816 0 323597 0 0 0 0 0 0 1727 0
net vnet166 0 0 43710 0 0 0 0 0 0 0 0 0 254 0 62591 0 0 0 0 0 0 493 0
numa 1 404157260 18781169 10118603 29535 404090564 18826688
numa 0 431401582 10118603 18781169 29710 431348423 10121164
ps - 728971089 4583243 652 528 546 9 898
sysv_shm - 0 0
tmpfs /run/lock 0 6
tmpfs /run 2285568 1138
tmpfs /run/user/20029 0 20
tmpfs /run/qemu 0 1
tmpfs /dev/shm 37622980608 105491
vfs - 135034 11304 187047
vm - 10 986647942 571495245 738014 1617408 863454891 903445767 195397351 8069301 1062017247 73026 0 0 0 0 0 1811072 0 311878 5997 0 1623853 318 0 3 0 0

1778497939.059417 0 node0.mimesys-workload.ldos-ut-pg0.wisc.cloudlab.us
block sda 5916574 680222 1973288452 26457837 3863966 20295421 1142990531 21855472 0 7362956 48642466
block sdb 674 0 7540 666 4 0 0 0 0 828 667
cpu 11 642552 0 172127 4335050 101213 0 17
cpu 10 681292 2 155181 4316831 100836 0 22
cpu 13 602430 0 139625 4408703 100104 0 16
cpu 12 606760 0 136476 4408128 100793 0 13
cpu 15 555627 2 132356 4461778 100150 0 11
cpu 14 582209 0 139823 4429763 99014 0 17
cpu 17 355810 0 113206 4768427 16321 0 9
cpu 16 425492 0 124842 4690627 14619 0 10
cpu 19 426090 0 124126 4690143 16306 0 10
cpu 18 474132 5 126158 4640915 15300 0 10
cpu 1 593040 0 205731 4381423 63268 0 2132
cpu 0 597250 45 163965 4384335 65760 0 1244
cpu 3 638655 0 219434 4330710 62118 0 622
cpu 2 627578 0 218628 4339715 64539 0 216
cpu 5 564278 0 174880 4451086 61707 0 488
cpu 4 561027 1 175968 4451099 62411 0 144
cpu 7 506245 0 171691 4512247 61181 0 573
cpu 6 545886 0 175537 4468978 61824 0 355
cpu 9 601320 0 164422 4400725 83493 0 398
cpu 8 652176 0 168367 4344813 83385 0 369
mem 1 99033092 75880476 23152616 1693912 20467688 76 0 21788448 19931672 372872 55664 0 0 209104 12288 0 0
mem 0 97636988 59784836 37852152 1146532 35440440 144 0 36012484 2324744 578024 14632 0 0 468444 8192 0 0
net vnet169 0 0 38476 0 0 0 0 0 0 0 0 0 224 0 48793 0 0 0 0 0 0 333 0
net vnet168 0 0 41352 0 0 0 0 0 0 0 0 0 250 0 53283 0 0 0 0 0 0 404 0
net eno1 0 268552 40596736877 0 0 714 0 0 0 0 0 0 32419586 0 1437597264 0 0 0 0 0 0 6200365 0
net lo 0 0 21592366 0 0 0 0 0 0 0 0 0 159639 0 21592366 0 0 0 0 0 0 159639 0
net virbr0 0 2116 9997485944 0 0 0 0 0 0 0 0 0 39931005 0 38537037150 0 0 0 0 0 0 23686404 0
net vnet165 0 0 43932 0 0 0 0 0 0 0 0 0 259 0 65701 0 0 0 0 0 0 544 0
net vnet167 0 0 364822 0 0 0 0 0 0 0 0 0 1836 0 327663 0 0 0 0 0 0 1741 0
net vnet166 0 0 43710 0 0 0 0 0 0 0 0 0 254 0 62643 0 0 0 0 0 0 494 0
numa 1 404172183 18781169 10118603 29535 404105487 18826688
numa 0 431415285 10118603 18781169 29710 431362126 10121164
ps - 728974538 4583387 652 528 546 9 898
sysv_shm - 0 0
tmpfs /run/lock 0 6
tmpfs /run 2285568 1138
tmpfs /run/user/20029 0 20
tmpfs /run/qemu 0 1
tmpfs /dev/shm 37622980608 105491
vfs - 135056 11304 187223
vm - 10 986647942 571495265 738014 1617408 863483517 903461487 195397354 8069301 1062054682 73026 0 0 0 0 0 1811072 0 311878 5997 0 1623853 318 0 3 0 0

1778497939.232125 0 node0.mimesys-workload.ldos-ut-pg0.wisc.cloudlab.us
block sda 5916574 680222 1973288452 26457837 3863974 20295421 1142990595 21855478 0 7362960 48642472
block sdb 674 0 7540 666 4 0 0 0 0 828 667
cpu 11 642569 0 172127 4335050 101213 0 17
cpu 10 681309 2 155181 4316831 100836 0 22
cpu 13 602446 0 139625 4408703 100104 0 16
cpu 12 606778 0 136476 4408128 100793 0 13
cpu 15 555644 2 132356 4461778 100150 0 11
cpu 14 582226 0 139823 4429763 99014 0 17
cpu 17 355827 0 113206 4768427 16321 0 9
cpu 16 425508 0 124842 4690628 14619 0 10
cpu 19 426091 0 124128 4690157 16306 0 10
cpu 18 474133 5 126160 4640928 15300 0 10
cpu 1 593040 0 205734 4381436 63268 0 2132
cpu 0 597250 45 163968 4384348 65760 0 1244
cpu 3 638656 0 219437 4330723 62118 0 622
cpu 2 627579 0 218631 4339728 64539 0 216
cpu 5 564278 0 174882 4451099 61707 0 488
cpu 4 561028 1 175971 4451113 62411 0 144
cpu 7 506246 0 171694 4512261 61181 0 573
cpu 6 545888 0 175539 4468991 61824 0 355
cpu 9 601322 0 164424 4400738 83493 0 398
cpu 8 652177 0 168370 4344827 83385 0 369
mem 1 99033092 75877960 23155132 1693912 20468092 92 0 21789336 19933752 372828 55756 0 0 209104 12288 0 0
mem 0 97636988 59784332 37852656 1146524 35439452 120 0 36012484 2324908 577020 14892 0 0 468428 8192 0 0
net vnet169 0 0 38476 0 0 0 0 0 0 0 0 0 224 0 48793 0 0 0 0 0 0 333 0
net vnet168 0 0 41352 0 0 0 0 0 0 0 0 0 250 0 53283 0 0 0 0 0 0 404 0
net eno1 0 268552 40596738171 0 0 714 0 0 0 0 0 0 32419606 0 1437597365 0 0 0 0 0 0 6200366 0
net lo 0 0 21592976 0 0 0 0 0 0 0 0 0 159643 0 21592976 0 0 0 0 0 0 159643 0
net virbr0 0 2116 9997486424 0 0 0 0 0 0 0 0 0 39931011 0 38537037576 0 0 0 0 0 0 23686409 0
net vnet165 0 0 43932 0 0 0 0 0 0 0 0 0 259 0 65701 0 0 0 0 0 0 544 0
net vnet167 0 0 365386 0 0 0 0 0 0 0 0 0 1842 0 328089 0 0 0 0 0 0 1746 0
net vnet166 0 0 43710 0 0 0 0 0 0 0 0 0 254 0 62643 0 0 0 0 0 0 494 0
numa 1 404174670 18781169 10118603 29535 404107973 18826689
numa 0 431427529 10118603 18781169 29710 431374370 10121164
ps - 728975830 4583524 652 528 546 9 898
sysv_shm - 0 0
tmpfs /run/lock 0 6
tmpfs /run 2285568 1138
tmpfs /run/user/20029 0 20
tmpfs /run/qemu 0 1
tmpfs /dev/shm 37622980608 105491
vfs - 135033 11344 187053
vm - 10 986647942 571495297 738014 1617408 863498247 903476469 195397364 8069301 1062078222 73026 0 0 0 0 0 1811072 0 311878 5997 0 1623853 318 0 3 0 0

1778497940.087271 0 node0.mimesys-workload.ldos-ut-pg0.wisc.cloudlab.us
block sda 5916574 680222 1973288452 26457837 3863980 20295435 1142990755 21855479 0 7362964 48642473
block sdb 674 0 7540 666 4 0 0 0 0 828 667
cpu 11 642616 0 172130 4335084 101213 0 17
cpu 10 681338 2 155182 4316886 100836 0 22
cpu 13 602465 0 139626 4408769 100104 0 16
cpu 12 606841 0 136478 4408149 100793 0 13
cpu 15 555702 2 132359 4461804 100150 0 11
cpu 14 582312 0 139823 4429763 99014 0 17
cpu 17 355856 0 113208 4768481 16321 0 9
cpu 16 425540 0 124842 4690682 14619 0 10
cpu 19 426092 0 124130 4690238 16306 0 10
cpu 18 474137 5 126162 4641009 15300 0 10
cpu 1 593044 0 205734 4381517 63268 0 2133
cpu 0 597251 45 163970 4384428 65760 0 1244
cpu 3 638659 0 219438 4330804 62118 0 622
cpu 2 627580 0 218635 4339810 64539 0 216
cpu 5 564280 0 174884 4451181 61707 0 488
cpu 4 561028 1 175973 4451195 62411 0 144
cpu 7 506247 0 171697 4512342 61181 0 573
cpu 6 545890 0 175542 4469072 61824 0 355
cpu 9 601324 0 164426 4400820 83493 0 398
cpu 8 652178 0 168371 4344908 83385 0 369
mem 1 99033092 75855544 23177548 1693920 20489296 120 0 21810248 19953468 373220 55776 0 0 209248 12288 0 0
mem 0 97636988 59795924 37841064 1146524 35438556 128 0 36012488 2324704 576100 14720 0 0 468332 8192 0 0
net vnet169 0 0 38476 0 0 0 0 0 0 0 0 0 224 0 48793 0 0 0 0 0 0 333 0
net vnet168 0 0 41352 0 0 0 0 0 0 0 0 0 250 0 53283 0 0 0 0 0 0 404 0
net eno1 0 268552 40596743840 0 0 714 0 0 0 0 0 0 32419688 0 1437597710 0 0 0 0 0 0 6200369 0
net lo 0 0 21593533 0 0 0 0 0 0 0 0 0 159647 0 21593533 0 0 0 0 0 0 159647 0
net virbr0 0 2116 9997486424 0 0 0 0 0 0 0 0 0 39931011 0 38537037576 0 0 0 0 0 0 23686409 0
net vnet165 0 0 43932 0 0 0 0 0 0 0 0 0 259 0 65701 0 0 0 0 0 0 544 0
net vnet167 0 0 365386 0 0 0 0 0 0 0 0 0 1842 0 328089 0 0 0 0 0 0 1746 0
net vnet166 0 0 43710 0 0 0 0 0 0 0 0 0 254 0 62643 0 0 0 0 0 0 494 0
numa 1 404185279 18781169 10118603 29535 404118582 18826689
numa 0 431437517 10118603 18781169 29710 431384358 10121164
ps - 728978884 4583667 652 528 546 4 897
sysv_shm - 0 0
tmpfs /run/lock 0 6
tmpfs /run 2285568 1138
tmpfs /run/user/20029 0 20
tmpfs /run/qemu 0 1
tmpfs /dev/shm 37622980608 105491
vfs - 135031 11264 187039
vm - 10 986647942 571495377 738014 1617408 863518848 903492083 195397372 8069301 1062107769 73026 0 0 0 0 0 1811072 0 311878 5997 0 1623853 318 0 3 0 0

1778497940.260075 0 node0.mimesys-workload.ldos-ut-pg0.wisc.cloudlab.us
block sda 5916574 680222 1973288452 26457837 3863980 20295435 1142990755 21855479 0 7362964 48642473
block sdb 674 0 7540 666 4 0 0 0 0 828 667
cpu 11 642634 0 172130 4335084 101213 0 17
cpu 10 681339 2 155184 4316900 100836 0 22
cpu 13 602466 0 139628 4408784 100104 0 16
cpu 12 606842 0 136480 4408163 100793 0 13
cpu 15 555703 2 132360 4461819 100150 0 11
cpu 14 582329 0 139823 4429763 99014 0 17
cpu 17 355857 0 113209 4768496 16321 0 9
cpu 16 425557 0 124842 4690682 14619 0 10
cpu 19 426092 0 124133 4690252 16306 0 10
cpu 18 474139 5 126164 4641023 15300 0 10
cpu 1 593045 0 205737 4381530 63268 0 2133
cpu 0 597253 45 163972 4384442 65760 0 1244
cpu 3 638661 0 219441 4330818 62118 0 622
cpu 2 627582 0 218636 4339824 64539 0 216
cpu 5 564283 0 174887 4451193 61707 0 488
cpu 4 561030 1 175974 4451209 62411 0 144
cpu 7 506249 0 171699 4512356 61181 0 573
cpu 6 545893 0 175544 4469084 61824 0 355
cpu 9 601325 0 164428 4400834 83493 0 398
cpu 8 652179 0 168373 4344922 83385 0 369
mem 1 99033092 75844960 23188132 1693928 20499340 120 0 21819128 19962732 374480 55888 0 0 209256 12288 0 0
mem 0 97636988 59793316 37843672 1146516 35440164 132 0 36012488 2324980 577804 14760 0 0 468212 8192 0 0
net vnet169 0 0 38476 0 0 0 0 0 0 0 0 0 224 0 48793 0 0 0 0 0 0 333 0
net vnet168 0 0 41352 0 0 0 0 0 0 0 0 0 250 0 53283 0 0 0 0 0 0 404 0
net eno1 0 268552 40596744928 0 0 714 0 0 0 0 0 0 32419703 0 1437597912 0 0 0 0 0 0 6200371 0
net lo 0 0 21594753 0 0 0 0 0 0 0 0 0 159655 0 21594753 0 0 0 0 0 0 159655 0
net virbr0 0 2116 9997486536 0 0 0 0 0 0 0 0 0 39931013 0 38537037824 0 0 0 0 0 0 23686412 0
net vnet165 0 0 43932 0 0 0 0 0 0 0 0 0 259 0 65701 0 0 0 0 0 0 544 0
net vnet167 0 0 365526 0 0 0 0 0 0 0 0 0 1844 0 328337 0 0 0 0 0 0 1749 0
net vnet166 0 0 43710 0 0 0 0 0 0 0 0 0 254 0 62643 0 0 0 0 0 0 494 0
numa 1 404192544 18781169 10118603 29535 404125847 18826689
numa 0 431448635 10118603 18781169 29710 431395476 10121164
ps - 728980495 4583809 652 528 546 6 897
sysv_shm - 0 0
tmpfs /run/lock 0 6
tmpfs /run 2285568 1138
tmpfs /run/user/20029 0 20
tmpfs /run/qemu 0 1
tmpfs /dev/shm 37622980608 105491
vfs - 135033 11264 187063
vm - 10 986647942 571495377 738014 1617408 863537232 903507889 195397379 8069301 1062135845 73026 0 0 0 0 0 1811072 0 311878 5997 0 1623853 318 0 3 0 0

1778497941.114428 0 node0.mimesys-workload.ldos-ut-pg0.wisc.cloudlab.us
block sda 5916574 680222 1973288452 26457837 3863980 20295435 1142990755 21855479 0 7362964 48642473
block sdb 674 0 7540 666 4 0 0 0 0 828 667
cpu 11 642691 0 172132 4335112 101213 0 17
cpu 10 681370 2 155189 4316947 100836 0 22
cpu 13 602525 0 139633 4408804 100104 0 16
cpu 12 606865 0 136482 4408223 100793 0 13
cpu 15 555757 2 132361 4461848 100150 0 11
cpu 14 582414 0 139823 4429763 99014 0 17
cpu 17 355906 0 113210 4768533 16321 0 9
cpu 16 425611 0 124845 4690711 14619 0 10
cpu 19 426095 0 124135 4690332 16306 0 10
cpu 18 474143 5 126165 4641103 15300 0 10
cpu 1 593048 0 205739 4381610 63268 0 2133
cpu 0 597254 45 163975 4384523 65760 0 1244
cpu 3 638663 0 219442 4330899 62118 0 622
cpu 2 627583 0 218639 4339905 64539 0 216
cpu 5 564286 0 174890 4451273 61707 0 488
cpu 4 561034 1 175976 4451289 62411 0 144
cpu 7 506250 0 171702 4512437 61181 0 573
cpu 6 545896 0 175546 4469165 61824 0 355
cpu 9 601329 0 164430 4400913 83493 0 398
cpu 8 652181 0 168376 4345003 83385 0 369
mem 1 99033092 75778440 23254652 1693960 20564684 180 0 21884560 20027792 373920 56216 0 0 209584 12288 0 0
mem 0 97636988 59791556 37845432 1146500 35438912 200 0 36012504 2324808 576488 14196 0 0 467996 8192 0 0
net vnet169 0 0 38476 0 0 0 0 0 0 0 0 0 224 0 48845 0 0 0 0 0 0 334 0
net vnet168 0 0 41352 0 0 0 0 0 0 0 0 0 250 0 53335 0 0 0 0 0 0 405 0
net eno1 0 268565 40596750145 0 0 714 0 0 0 0 0 0 32419782 0 1437598257 0 0 0 0 0 0 6200374 0
net lo 0 0 21595310 0 0 0 0 0 0 0 0 0 159659 0 21595310 0 0 0 0 0 0 159659 0
net virbr0 0 2116 9997491050 0 0 0 0 0 0 0 0 0 39931038 0 38537042264 0 0 0 0 0 0 23686430 0
net vnet165 0 0 43932 0 0 0 0 0 0 0 0 0 259 0 65753 0 0 0 0 0 0 545 0
net vnet167 0 0 370390 0 0 0 0 0 0 0 0 0 1869 0 332829 0 0 0 0 0 0 1768 0
net vnet166 0 0 43710 0 0 0 0 0 0 0 0 0 254 0 62695 0 0 0 0 0 0 495 0
numa 1 404214413 18781169 10118603 29535 404147716 18826689
numa 0 431459089 10118603 18781169 29710 431405930 10121164
ps - 728985228 4583953 652 528 546 5 897
sysv_shm - 0 0
tmpfs /run/lock 0 6
tmpfs /run 2285568 1138
tmpfs /run/user/20029 0 20
tmpfs /run/qemu 0 1
tmpfs /dev/shm 37622980608 105491
vfs - 135031 11304 187039
vm - 10 986647942 571495377 738014 1617408 863569559 903524051 195397385 8069301 1062177043 73026 0 0 0 0 0 1811072 0 311878 5997 0 1623853 318 0 3 0 0

1778497941.287150 0 node0.mimesys-workload.ldos-ut-pg0.wisc.cloudlab.us
block sda 5916574 680222 1973288452 26457837 3863980 20295435 1142990755 21855479 0 7362964 48642473
block sdb 674 0 7540 666 4 0 0 0 0 828 667
cpu 11 642708 0 172132 4335112 101213 0 17
cpu 10 681372 2 155191 4316961 100836 0 22
cpu 13 602525 0 139635 4408819 100104 0 16
cpu 12 606866 0 136483 4408237 100793 0 13
cpu 15 555759 2 132362 4461862 100150 0 11
cpu 14 582431 0 139824 4429764 99014 0 17
cpu 17 355922 0 113210 4768533 16321 0 9
cpu 16 425627 0 124846 4690711 14619 0 10
cpu 19 426095 0 124137 4690346 16306 0 10
cpu 18 474145 5 126166 4641117 15300 0 10
cpu 1 593049 0 205741 4381625 63268 0 2133
cpu 0 597256 45 163976 4384536 65760 0 1244
cpu 3 638663 0 219444 4330914 62118 0 622
cpu 2 627584 0 218642 4339919 64539 0 216
cpu 5 564287 0 174892 4451287 61707 0 488
cpu 4 561036 1 175978 4451303 62411 0 144
cpu 7 506251 0 171704 4512452 61181 0 573
cpu 6 545898 0 175548 4469179 61824 0 355
cpu 9 601330 0 164432 4400927 83493 0 398
cpu 8 652181 0 168379 4345018 83385 0 369
mem 1 99033092 75763032 23270060 1693940 20580944 180 0 21899656 20042752 375456 56168 0 0 209712 12288 0 0
mem 0 97636988 59791304 37845684 1146520 35438464 204 0 36012508 2324948 576484 14324 0 0 467892 8192 0 0
net vnet169 0 0 38476 0 0 0 0 0 0 0 0 0 224 0 48845 0 0 0 0 0 0 334 0
net vnet168 0 0 41352 0 0 0 0 0 0 0 0 0 250 0 53335 0 0 0 0 0 0 405 0
net eno1 0 268565 40596751379 0 0 714 0 0 0 0 0 0 32419801 0 1437598358 0 0 0 0 0 0 6200375 0
net lo 0 0 21595920 0 0 0 0 0 0 0 0 0 159663 0 21595920 0 0 0 0 0 0 159663 0
net virbr0 0 2116 9997491050 0 0 0 0 0 0 0 0 0 39931038 0 38537042264 0 0 0 0 0 0 23686430 0
net vnet165 0 0 43932 0 0 0 0 0 0 0 0 0 259 0 65753 0 0 0 0 0 0 545 0
net vnet167 0 0 370390 0 0 0 0 0 0 0 0 0 1869 0 332829 0 0 0 0 0 0 1768 0
net vnet166 0 0 43710 0 0 0 0 0 0 0 0 0 254 0 62695 0 0 0 0 0 0 495 0
numa 1 404222745 18781169 10118603 29535 404156048 18826689
numa 0 431469108 10118603 18781169 29710 431415949 10121164
ps - 728986564 4584089 652 528 546 6 897
sysv_shm - 0 0
tmpfs /run/lock 0 6
tmpfs /run 2285568 1138
tmpfs /run/user/20029 0 20
tmpfs /run/qemu 0 1
tmpfs /dev/shm 37622980608 105491
vfs - 135031 11304 187039
vm - 10 986647942 571495377 738014 1617408 863587909 903538588 195397389 8069301 1062204086 73026 0 0 0 0 0 1811072 0 311878 5997 0 1623853 318 0 3 0 0

1778497942.137959 0 node0.mimesys-workload.ldos-ut-pg0.wisc.cloudlab.us
block sda 5916574 680222 1973288452 26457837 3864000 20295435 1142991155 21855481 0 7362980 48642475
block sdb 674 0 7540 666 4 0 0 0 0 828 667
cpu 11 642782 0 172133 4335122 101213 0 17
cpu 10 681457 2 155191 4316961 100836 0 22
cpu 13 602548 0 139639 4408878 100104 0 16
cpu 12 606884 0 136484 4408302 100793 0 13
cpu 15 555774 2 132364 4461931 100150 0 11
cpu 14 582450 0 139826 4429826 99014 0 17
cpu 17 356003 0 113214 4768533 16321 0 9
cpu 16 425688 0 124849 4690730 14619 0 10
cpu 19 426100 0 124140 4690422 16306 0 10
cpu 18 474149 5 126167 4641197 15300 0 10
cpu 1 593050 0 205743 4381705 63268 0 2133
cpu 0 597262 45 163979 4384613 65760 0 1244
cpu 3 638664 0 219447 4330995 62118 0 622
cpu 2 627584 0 218644 4340000 64539 0 216
cpu 5 564288 0 174897 4451366 61707 0 488
cpu 4 561038 1 175980 4451384 62411 0 144
cpu 7 506254 0 171708 4512530 61181 0 573
cpu 6 545900 0 175550 4469259 61824 0 355
cpu 9 601332 0 164438 4401005 83493 0 398
cpu 8 652183 0 168382 4345098 83385 0 369
mem 1 99033092 75676392 23356700 1693924 20664988 236 0 21984204 20128768 374104 56604 0 0 209688 12288 0 0
mem 0 97636988 59788312 37848676 1146540 35440740 212 0 36012512 2324732 578732 14468 0 0 467860 8192 0 0
net vnet169 0 0 38476 0 0 0 0 0 0 0 0 0 224 0 48915 0 0 0 0 0 0 335 0
net vnet168 0 0 41422 0 0 0 0 0 0 0 0 0 251 0 53335 0 0 0 0 0 0 405 0
net eno1 0 268565 40596756870 0 0 714 0 0 0 0 0 0 32419883 0 1437598804 0 0 0 0 0 0 6200379 0
net lo 0 0 21597087 0 0 0 0 0 0 0 0 0 159671 0 21597087 0 0 0 0 0 0 159671 0
net virbr0 0 2117 9997494004 0 0 0 0 0 0 0 0 0 39931056 0 38537045954 0 0 0 0 0 0 23686442 0
net vnet165 0 0 43932 0 0 0 0 0 0 0 0 0 259 0 65823 0 0 0 0 0 0 546 0
net vnet167 0 0 373526 0 0 0 0 0 0 0 0 0 1886 0 336589 0 0 0 0 0 0 1781 0
net vnet166 0 0 43710 0 0 0 0 0 0 0 0 0 254 0 62765 0 0 0 0 0 0 496 0
numa 1 404250075 18781169 10118603 29535 404183378 18826689
numa 0 431480629 10118603 18781169 29710 431427470 10121164
ps - 728990440 4584252 656 531 547 6 907
sysv_shm - 0 0
tmpfs /run/lock 0 6
tmpfs /run 2285568 1138
tmpfs /run/user/20029 0 20
tmpfs /run/qemu 0 1
tmpfs /dev/shm 37622980608 105491
vfs - 135054 11424 187185
vm - 10 986647942 571495577 738014 1617408 863626771 903555578 195397398 8069301 1062252617 73026 0 0 0 0 0 1811072 0 311878 5997 0 1623853 318 0 3 0 0

1778497942.312725 0 node0.mimesys-workload.ldos-ut-pg0.wisc.cloudlab.us
block sda 5916574 680222 1973288452 26457837 3864000 20295435 1142991155 21855481 0 7362980 48642475
block sdb 674 0 7540 666 4 0 0 0 0 828 667
cpu 11 642799 0 172133 4335122 101213 0 17
cpu 10 681463 2 155193 4316970 100836 0 22
cpu 13 602553 0 139642 4408888 100104 0 16
cpu 12 606890 0 136486 4408311 100793 0 13
cpu 15 555779 2 132365 4461942 100150 0 11
cpu 14 582463 0 139826 4429830 99014 0 17
cpu 17 356019 0 113216 4768533 16321 0 9
cpu 16 425706 0 124850 4690730 14619 0 10
cpu 19 426102 0 124141 4690436 16306 0 10
cpu 18 474151 5 126169 4641211 15300 0 10
cpu 1 593052 0 205744 4381720 63268 0 2133
cpu 0 597263 45 163981 4384627 65760 0 1244
cpu 3 638665 0 219450 4331008 62118 0 622
cpu 2 627585 0 218648 4340015 64539 0 216
cpu 5 564288 0 174900 4451380 61707 0 488
cpu 4 561039 1 175982 4451398 62411 0 144
cpu 7 506256 0 171709 4512545 61181 0 573
cpu 6 545902 0 175551 4469273 61824 0 355
cpu 9 601333 0 164440 4401019 83493 0 398
cpu 8 652184 0 168384 4345112 83385 0 369
mem 1 99033092 75651444 23381648 1693928 20688312 256 0 22007736 20151472 374672 56400 0 0 209728 12288 0 0
mem 0 97636988 59787304 37849684 1146532 35440684 220 0 36012516 2324956 578340 14812 0 0 467964 8192 0 0
net vnet169 0 0 38476 0 0 0 0 0 0 0 0 0 224 0 48915 0 0 0 0 0 0 335 0
net vnet168 0 0 41422 0 0 0 0 0 0 0 0 0 251 0 53335 0 0 0 0 0 0 405 0
net eno1 0 268565 40596757924 0 0 714 0 0 0 0 0 0 32419899 0 1437598905 0 0 0 0 0 0 6200380 0
net lo 0 0 21597697 0 0 0 0 0 0 0 0 0 159675 0 21597697 0 0 0 0 0 0 159675 0
net virbr0 0 2117 9997494004 0 0 0 0 0 0 0 0 0 39931056 0 38537045954 0 0 0 0 0 0 23686442 0
net vnet165 0 0 43932 0 0 0 0 0 0 0 0 0 259 0 65823 0 0 0 0 0 0 546 0
net vnet167 0 0 373526 0 0 0 0 0 0 0 0 0 1886 0 336589 0 0 0 0 0 0 1781 0
net vnet166 0 0 43710 0 0 0 0 0 0 0 0 0 254 0 62765 0 0 0 0 0 0 496 0
numa 1 404260464 18781169 10118603 29535 404193767 18826689
numa 0 431490651 10118603 18781169 29710 431437492 10121164
ps - 728992049 4584388 656 531 547 6 907
sysv_shm - 0 0
tmpfs /run/lock 0 6
tmpfs /run 2285568 1138
tmpfs /run/user/20029 0 20
tmpfs /run/qemu 0 1
tmpfs /dev/shm 37622980608 105491
vfs - 135034 11384 187025
vm - 10 986647942 571495577 738014 1617408 863647179 903570061 195397405 8069301 1062281777 73026 0 0 0 0 0 1811072 0 311878 5997 0 1623853 318 0 3 0 0

1778497943.165222 0 node0.mimesys-workload.ldos-ut-pg0.wisc.cloudlab.us
block sda 5916575 680222 1973288460 26457977 3864139 20295439 1143253787 21861299 0 7363376 48648438
block sdb 674 0 7540 666 4 0 0 0 0 828 667
cpu 11 642880 0 172137 4335122 101213 0 17
cpu 10 681490 2 155194 4317010 100853 0 22
cpu 13 602572 0 139647 4408929 100123 0 16
cpu 12 606928 0 136487 4408356 100793 0 13
cpu 15 555849 2 132366 4461951 100153 0 11
cpu 14 582503 0 139830 4429866 99018 0 17
cpu 17 356083 0 113220 4768542 16328 0 9
cpu 16 425786 0 124854 4690730 14619 0 10
cpu 19 426103 0 124144 4690516 16306 0 10
cpu 18 474154 5 126172 4641291 15300 0 10
cpu 1 593056 0 205747 4381799 63268 0 2133
cpu 0 597264 45 163984 4384707 65760 0 1244
cpu 3 638666 0 219454 4331089 62119 0 622
cpu 2 627586 0 218650 4340093 64541 0 216
cpu 5 564288 0 174903 4451461 61707 0 488
cpu 4 561040 1 175984 4451480 62411 0 144
cpu 7 506257 0 171712 4512626 61181 0 573
cpu 6 545904 0 175554 4469354 61824 0 355
cpu 9 601335 0 164444 4401100 83493 0 398
cpu 8 652185 0 168388 4345192 83385 0 369
mem 1 99033092 75448108 23584984 1693960 20889220 272 0 22208940 20353048 374068 56512 0 0 209904 12288 0 0
mem 0 97636988 59786548 37850440 1146500 35439852 224 0 36012516 2324768 577300 14244 0 0 467988 8192 0 0
net vnet169 0 0 38476 0 0 0 0 0 0 0 0 0 224 0 48967 0 0 0 0 0 0 336 0
net vnet168 0 0 41422 0 0 0 0 0 0 0 0 0 251 0 53387 0 0 0 0 0 0 406 0
net eno1 0 268576 40596763531 0 0 714 0 0 0 0 0 0 32419988 0 1437599128 0 0 0 0 0 0 6200382 0
net lo 0 0 21598270 0 0 0 0 0 0 0 0 0 159679 0 21598270 0 0 0 0 0 0 159679 0
net virbr0 0 2117 9997495732 0 0 0 0 0 0 0 0 0 39931066 0 38537046952 0 0 0 0 0 0 23686451 0
net vnet165 0 0 43932 0 0 0 0 0 0 0 0 0 259 0 65875 0 0 0 0 0 0 547 0
net vnet167 0 0 375394 0 0 0 0 0 0 0 0 0 1896 0 337639 0 0 0 0 0 0 1791 0
net vnet166 0 0 43710 0 0 0 0 0 0 0 0 0 254 0 62817 0 0 0 0 0 0 497 0
numa 1 404314115 18781169 10118603 29535 404247418 18826689
numa 0 431504061 10118603 18781169 29710 431450902 10121164
ps - 728996234 4584532 656 531 547 9 905
sysv_shm - 0 0
tmpfs /run/lock 0 6
tmpfs /run 2285568 1138
tmpfs /run/user/20029 0 20
tmpfs /run/qemu 0 1
tmpfs /dev/shm 37622980608 105491
vfs - 135031 11344 187003
vm - 10 986647946 571626893 738014 1617408 863714292 903586295 195397415 8069301 1062357466 73026 0 0 0 0 0 1811072 0 311878 5997 0 1623853 318 0 3 0 0

1778497943.339718 0 node0.mimesys-workload.ldos-ut-pg0.wisc.cloudlab.us
block sda 5916575 680222 1973288460 26457977 3864228 20295439 1143254659 21861322 0 7363380 48648461
block sdb 674 0 7540 666 4 0 0 0 0 828 667
cpu 11 642897 0 172138 4335122 101213 0 17
cpu 10 681507 2 155195 4317010 100853 0 22
cpu 13 602579 0 139650 4408936 100123 0 16
cpu 12 606934 0 136491 4408363 100793 0 13
cpu 15 555862 2 132368 4461955 100153 0 11
cpu 14 582510 0 139834 4429873 99018 0 17
cpu 17 356100 0 113220 4768542 16328 0 9
cpu 16 425802 0 124855 4690731 14619 0 10
cpu 19 426105 0 124146 4690530 16306 0 10
cpu 18 474155 5 126174 4641305 15300 0 10
cpu 1 593057 0 205749 4381813 63268 0 2133
cpu 0 597265 45 163986 4384720 65760 0 1244
cpu 3 638668 0 219456 4331103 62119 0 622
cpu 2 627587 0 218652 4340107 64541 0 216
cpu 5 564289 0 174905 4451475 61707 0 488
cpu 4 561040 1 175987 4451494 62411 0 144
cpu 7 506258 0 171715 4512640 61181 0 573
cpu 6 545905 0 175556 4469368 61824 0 355
cpu 9 601335 0 164447 4401114 83493 0 398
cpu 8 652186 0 168390 4345206 83385 0 369
mem 1 99033092 75380336 23652756 1693956 20954724 296 0 22275136 20417920 373884 56712 0 0 210184 12288 0 0
mem 0 97636988 59785288 37851700 1146512 35439332 236 0 36012520 2322728 576808 14368 0 0 467988 8192 0 0
net vnet169 0 0 38476 0 0 0 0 0 0 0 0 0 224 0 48967 0 0 0 0 0 0 336 0
net vnet168 0 0 41422 0 0 0 0 0 0 0 0 0 251 0 53387 0 0 0 0 0 0 406 0
net eno1 0 268576 40596764885 0 0 714 0 0 0 0 0 0 32420009 0 1437599229 0 0 0 0 0 0 6200383 0
net lo 0 0 21598843 0 0 0 0 0 0 0 0 0 159683 0 21598843 0 0 0 0 0 0 159683 0
net virbr0 0 2117 9997495732 0 0 0 0 0 0 0 0 0 39931066 0 38537046952 0 0 0 0 0 0 23686451 0
net vnet165 0 0 43932 0 0 0 0 0 0 0 0 0 259 0 65875 0 0 0 0 0 0 547 0
net vnet167 0 0 375394 0 0 0 0 0 0 0 0 0 1896 0 337639 0 0 0 0 0 0 1791 0
net vnet166 0 0 43710 0 0 0 0 0 0 0 0 0 254 0 62817 0 0 0 0 0 0 497 0
numa 1 404334930 18781169 10118603 29535 404268232 18826690
numa 0 431513678 10118603 18781169 29710 431460519 10121164
ps - 728997606 4584668 656 531 547 8 905
sysv_shm - 0 0
tmpfs /run/lock 0 6
tmpfs /run 2285568 1138
tmpfs /run/user/20029 0 20
tmpfs /run/qemu 0 1
tmpfs /dev/shm 37622980608 105491
vfs - 135030 11304 187078
vm - 10 986647946 571627329 738014 1617408 863744683 903600771 195397422 8069301 1062396616 73026 0 0 0 0 0 1811072 0 311878 5997 0 1623853 318 0 3 0 0

1778497944.192392 0 node0.mimesys-workload.ldos-ut-pg0.wisc.cloudlab.us
block sda 5916599 680222 1973289475 26458397 3864730 20295444 1143818675 21870774 9 7364168 48658333
block sdb 674 0 7540 666 4 0 0 0 0 828 667
cpu 11 642980 0 172139 4335123 101213 0 17
cpu 10 681540 2 155197 4317041 100871 0 22
cpu 13 602619 0 139652 4408960 100141 0 16
cpu 12 606966 0 136496 4408389 100811 0 13
cpu 15 555921 2 132373 4461963 100168 0 11
cpu 14 582578 0 139836 4429879 99027 0 17
cpu 17 356124 0 113224 4768567 16358 0 9
cpu 16 425874 0 124859 4690738 14621 0 10
cpu 19 426112 0 124147 4690606 16306 0 10
cpu 18 474159 5 126176 4641385 15300 0 10
cpu 1 593060 0 205753 4381892 63268 0 2133
cpu 0 597268 45 163989 4384800 65760 0 1244
cpu 3 638670 0 219458 4331183 62119 0 622
cpu 2 627588 0 218654 4340189 64541 0 216
cpu 5 564290 0 174906 4451557 61707 0 488
cpu 4 561043 1 175990 4451573 62411 0 144
cpu 7 506259 0 171718 4512721 61181 0 573
cpu 6 545907 0 175560 4469448 61824 0 355
cpu 9 601338 0 164452 4401191 83493 0 398
cpu 8 652188 0 168393 4345287 83385 0 369
mem 1 99033092 75290388 23742704 1693936 21041512 76 0 22360444 20504112 374476 56840 0 0 210632 12288 0 0
mem 0 97636988 59781792 37855196 1146528 35439744 144 0 36012520 2324772 577244 14648 0 0 468120 8192 0 0
net vnet169 0 0 38476 0 0 0 0 0 0 0 0 0 224 0 48967 0 0 0 0 0 0 336 0
net vnet168 0 0 41422 0 0 0 0 0 0 0 0 0 251 0 53387 0 0 0 0 0 0 406 0
net eno1 0 268576 40596771276 0 0 714 0 0 0 0 0 0 32420106 0 1437599675 0 0 0 0 0 0 6200387 0
net lo 0 0 21599973 0 0 0 0 0 0 0 0 0 159691 0 21599973 0 0 0 0 0 0 159691 0
net virbr0 0 2117 9997498578 0 0 0 0 0 0 0 0 0 39931082 0 38537050642 0 0 0 0 0 0 23686463 0
net vnet165 0 0 43932 0 0 0 0 0 0 0 0 0 259 0 65875 0 0 0 0 0 0 547 0
net vnet167 0 0 378464 0 0 0 0 0 0 0 0 0 1912 0 341329 0 0 0 0 0 0 1803 0
net vnet166 0 0 43710 0 0 0 0 0 0 0 0 0 254 0 62817 0 0 0 0 0 0 497 0
numa 1 404362292 18781169 10118603 29535 404295594 18826690
numa 0 431525541 10118603 18781169 29710 431472382 10121164
ps - 729003968 4584817 656 531 547 8 905
sysv_shm - 0 0
tmpfs /run/lock 0 6
tmpfs /run 2285568 1138
tmpfs /run/user/20029 0 20
tmpfs /run/qemu 0 1
tmpfs /dev/shm 37622980608 105491
vfs - 135033 11344 187089
vm - 10 986648470 571916625 738014 1617408 863783881 903618292 195397427 8069301 1062445080 73026 0 0 0 0 0 1811072 0 311878 5997 0 1623853 318 0 3 0 0

1778497944.369053 0 node0.mimesys-workload.ldos-ut-pg0.wisc.cloudlab.us
block sda 5916603 680222 1973289661 26458570 3864802 20295444 1143947515 21875479 21 7364344 48663212
block sdb 674 0 7540 666 4 0 0 0 0 828 667
cpu 11 642997 0 172139 4335124 101213 0 17
cpu 10 681554 2 155198 4317044 100871 0 22
cpu 13 602630 0 139652 4408960 100148 0 16
cpu 12 606978 0 136497 4408389 100817 0 13
cpu 15 555934 2 132373 4461964 100170 0 11
cpu 14 582596 0 139836 4429879 99027 0 17
cpu 17 356142 0 113224 4768567 16358 0 9
cpu 16 425888 0 124859 4690741 14621 0 10
cpu 19 426112 0 124150 4690620 16306 0 10
cpu 18 474160 5 126178 4641399 15300 0 10
cpu 1 593061 0 205756 4381906 63268 0 2133
cpu 0 597270 45 163991 4384803 65770 0 1244
cpu 3 638672 0 219461 4331197 62119 0 622
cpu 2 627588 0 218656 4340203 64541 0 216
cpu 5 564292 0 174908 4451572 61707 0 488
cpu 4 561045 1 175992 4451587 62411 0 144
cpu 7 506260 0 171721 4512735 61181 0 573
cpu 6 545908 0 175562 4469462 61824 0 355
cpu 9 601340 0 164454 4401205 83493 0 398
cpu 8 652190 0 168395 4345301 83385 0 369
mem 1 99033092 75301520 23731572 1693932 21043160 92 4 22362656 20506088 374768 56792 0 0 210632 12288 0 0
mem 0 97636988 59781036 37855952 1146496 35440540 128 20 36012524 2325344 578080 14656 0 0 468096 8192 0 0
net vnet169 0 0 38476 0 0 0 0 0 0 0 0 0 224 0 48967 0 0 0 0 0 0 336 0
net vnet168 0 0 41422 0 0 0 0 0 0 0 0 0 251 0 53387 0 0 0 0 0 0 406 0
net eno1 0 268576 40596772390 0 0 714 0 0 0 0 0 0 32420123 0 1437599776 0 0 0 0 0 0 6200388 0
net lo 0 0 21600583 0 0 0 0 0 0 0 0 0 159695 0 21600583 0 0 0 0 0 0 159695 0
net virbr0 0 2117 9997498578 0 0 0 0 0 0 0 0 0 39931082 0 38537050642 0 0 0 0 0 0 23686463 0
net vnet165 0 0 43932 0 0 0 0 0 0 0 0 0 259 0 65875 0 0 0 0 0 0 547 0
net vnet167 0 0 378464 0 0 0 0 0 0 0 0 0 1912 0 341329 0 0 0 0 0 0 1803 0
net vnet166 0 0 43710 0 0 0 0 0 0 0 0 0 254 0 62817 0 0 0 0 0 0 497 0
numa 1 404365152 18781169 10118603 29535 404298454 18826690
numa 0 431537835 10118603 18781169 29710 431484676 10121164
ps - 729005664 4584953 656 531 547 9 905
sysv_shm - 0 0
tmpfs /run/lock 0 6
tmpfs /run 2285568 1138
tmpfs /run/user/20029 0 20
tmpfs /run/qemu 0 1
tmpfs /dev/shm 37622980608 105491
vfs - 135033 11384 187089
vm - 10 986648551 571992181 738014 1617408 863799036 903632863 195397433 8069301 1062468861 73026 0 0 0 0 0 1811072 0 311878 5997 0 1623853 318 0 3 0 0

1778497945.222901 0 node0.mimesys-workload.ldos-ut-pg0.wisc.cloudlab.us
block sda 5916627 680222 1973290325 26459285 3865213 20295463 1144509467 21887656 15 7365196 48676141
block sdb 674 0 7540 666 4 0 0 0 0 828 667
cpu 11 643083 0 172139 4335124 101213 0 17
cpu 10 681639 2 155198 4317044 100871 0 22
cpu 13 602714 0 139653 4408960 100148 0 16
cpu 12 607063 0 136497 4408389 100817 0 13
cpu 15 556019 2 132374 4461964 100170 0 11
cpu 14 582682 0 139836 4429879 99027 0 17
cpu 17 356227 0 113224 4768567 16358 0 9
cpu 16 425973 0 124859 4690741 14621 0 10
cpu 19 426114 0 124152 4690699 16306 0 10
cpu 18 474163 5 126180 4641479 15300 0 10
cpu 1 593064 0 205758 4381976 63278 0 2133
cpu 0 597272 45 163994 4384881 65770 0 1244
cpu 3 638673 0 219463 4331278 62119 0 622
cpu 2 627590 0 218660 4340283 64541 0 216
cpu 5 564293 0 174910 4451653 61707 0 488
cpu 4 561046 1 175995 4451668 62411 0 144
cpu 7 506263 0 171723 4512816 61181 0 573
cpu 6 545911 0 175564 4469543 61824 0 355
cpu 9 601342 0 164461 4401281 83493 0 398
cpu 8 652192 0 168398 4345382 83385 0 369
mem 1 99033092 75313036 23720056 1693944 21045724 116 0 22365064 20509172 374852 57092 0 0 210600 12288 0 0
mem 0 97636988 59780084 37856904 1146520 35440724 128 0 36012528 2325660 578216 14344 0 0 468728 8192 0 0
net vnet169 0 0 38546 0 0 0 0 0 0 0 0 0 225 0 49019 0 0 0 0 0 0 337 0
net vnet168 0 0 41422 0 0 0 0 0 0 0 0 0 251 0 53509 0 0 0 0 0 0 408 0
net eno1 0 268589 40596778269 0 0 714 0 0 0 0 0 0 32420213 0 1437600175 0 0 0 0 0 0 6200392 0
net lo 0 0 21601140 0 0 0 0 0 0 0 0 0 159699 0 21601140 0 0 0 0 0 0 159699 0
net virbr0 0 2118 9997498634 0 0 0 0 0 0 0 0 0 39931083 0 38537050642 0 0 0 0 0 0 23686463 0
net vnet165 0 0 43932 0 0 0 0 0 0 0 0 0 259 0 65997 0 0 0 0 0 0 549 0
net vnet167 0 0 378464 0 0 0 0 0 0 0 0 0 1912 0 341451 0 0 0 0 0 0 1805 0
net vnet166 0 0 43710 0 0 0 0 0 0 0 0 0 254 0 62939 0 0 0 0 0 0 499 0
numa 1 404369077 18781169 10118603 29535 404302379 18826690
numa 0 431551243 10118603 18781169 29710 431498084 10121164
ps - 729010903 4585096 656 531 547 10 905
sysv_shm - 0 0
tmpfs /run/lock 0 6
tmpfs /run 2285568 1138
tmpfs /run/user/20029 0 20
tmpfs /run/qemu 0 1
tmpfs /dev/shm 37622980608 105491
vfs - 135055 11384 187265
vm - 10 986648971 572269837 738014 1617408 863816391 903649636 195397441 8069301 1062493936 73026 0 0 0 0 0 1811072 0 311878 5997 0 1623853 318 0 3 0 0

1778497945.394277 0 node0.mimesys-workload.ldos-ut-pg0.wisc.cloudlab.us
block sda 5916630 680222 1973290567 26459475 3865261 20295463 1144620059 21890243 3 7365368 48678918
block sdb 674 0 7540 666 4 0 0 0 0 828 667
cpu 11 643100 0 172139 4335124 101213 0 17
cpu 10 681656 2 155198 4317044 100871 0 22
cpu 13 602729 0 139654 4408960 100148 0 16
cpu 12 607078 0 136498 4408389 100817 0 13
cpu 15 556034 2 132376 4461964 100171 0 11
cpu 14 582699 0 139836 4429879 99027 0 17
cpu 17 356242 0 113225 4768568 16358 0 9
cpu 16 425989 0 124859 4690742 14621 0 10
cpu 19 426117 0 124152 4690713 16306 0 10
cpu 18 474165 5 126181 4641493 15300 0 10
cpu 1 593064 0 205760 4381990 63278 0 2133
cpu 0 597273 45 163996 4384895 65770 0 1244
cpu 3 638674 0 219466 4331292 62119 0 622
cpu 2 627591 0 218661 4340298 64541 0 216
cpu 5 564294 0 174912 4451668 61707 0 488
cpu 4 561046 1 175997 4451683 62411 0 144
cpu 7 506263 0 171725 4512830 61181 0 573
cpu 6 545912 0 175565 4469557 61824 0 355
cpu 9 601343 0 164464 4401295 83493 0 398
cpu 8 652193 0 168399 4345397 83385 0 369
mem 1 99033092 75308756 23724336 1693964 21048808 116 0 22365508 20509980 376668 57560 0 0 210568 12288 0 0
mem 0 97636988 59777820 37859168 1146524 35439560 128 0 36012528 2326356 577520 14484 0 0 468704 8192 0 0
net vnet169 0 0 38546 0 0 0 0 0 0 0 0 0 225 0 49019 0 0 0 0 0 0 337 0
net vnet168 0 0 41422 0 0 0 0 0 0 0 0 0 251 0 53509 0 0 0 0 0 0 408 0
net eno1 0 268589 40596779563 0 0 714 0 0 0 0 0 0 32420233 0 1437600276 0 0 0 0 0 0 6200393 0
net lo 0 0 21601750 0 0 0 0 0 0 0 0 0 159703 0 21601750 0 0 0 0 0 0 159703 0
net virbr0 0 2118 9997498634 0 0 0 0 0 0 0 0 0 39931083 0 38537050642 0 0 0 0 0 0 23686463 0
net vnet165 0 0 43932 0 0 0 0 0 0 0 0 0 259 0 65997 0 0 0 0 0 0 549 0
net vnet167 0 0 378464 0 0 0 0 0 0 0 0 0 1912 0 341451 0 0 0 0 0 0 1805 0
net vnet166 0 0 43710 0 0 0 0 0 0 0 0 0 254 0 62939 0 0 0 0 0 0 499 0
numa 1 404375770 18781169 10118603 29535 404309072 18826690
numa 0 431559247 10118603 18781169 29710 431506088 10121164
ps - 729012578 4585232 656 531 547 6 905
sysv_shm - 0 0
tmpfs /run/lock 0 6
tmpfs /run 2285568 1138
tmpfs /run/user/20029 0 20
tmpfs /run/qemu 0 1
tmpfs /dev/shm 37622980608 105491
vfs - 135035 11384 187105
vm - 10 986649085 572318477 738014 1617408 863831070 903664244 195397448 8069301 1062517256 73026 0 0 0 0 0 1811072 0 311878 5997 0 1623853 318 0 3 0 0

1778497946.251488 0 node0.mimesys-workload.ldos-ut-pg0.wisc.cloudlab.us
block sda 5916684 680222 1973292820 26460509 3865505 20295466 1145141499 21901483 0 7366220 48691192
block sdb 674 0 7540 666 4 0 0 0 0 828 667
cpu 11 643136 0 172141 4335156 101227 0 17
cpu 10 681705 2 155200 4317065 100885 0 22
cpu 13 602777 0 139655 4408989 100156 0 16
cpu 12 607129 0 136499 4408409 100830 0 13
cpu 15 556108 2 132377 4461968 100178 0 11
cpu 14 582768 0 139838 4429889 99030 0 17
cpu 17 356306 0 113227 4768574 16372 0 9
cpu 16 426042 0 124861 4690756 14639 0 10
cpu 19 426119 0 124154 4690794 16306 0 10
cpu 18 474168 5 126183 4641574 15300 0 10
cpu 1 593067 0 205763 4382071 63278 0 2133
cpu 0 597275 45 163998 4384976 65770 0 1244
cpu 3 638678 0 219468 4331372 62119 0 622
cpu 2 627593 0 218664 4340379 64541 0 216
cpu 5 564294 0 174915 4451751 61707 0 488
cpu 4 561048 1 175998 4451765 62411 0 144
cpu 7 506265 0 171726 4512912 61181 0 573
cpu 6 545914 0 175566 4469639 61824 0 355
cpu 9 601344 0 164466 4401377 83493 0 398
cpu 8 652194 0 168401 4345479 83385 0 369
mem 1 99033092 75304256 23728836 1693980 21049864 156 0 22368012 20511676 376064 57332 0 0 210536 12288 0 0
mem 0 97636988 59777820 37859168 1146508 35439372 192 0 36012544 2324332 576856 14320 0 0 467920 8192 0 0
net vnet169 0 0 38546 0 0 0 0 0 0 0 0 0 225 0 49019 0 0 0 0 0 0 337 0
net vnet168 0 0 41422 0 0 0 0 0 0 0 0 0 251 0 53509 0 0 0 0 0 0 408 0
net eno1 0 268589 40596784960 0 0 714 0 0 0 0 0 0 32420315 0 1437600621 0 0 0 0 0 0 6200396 0
net lo 0 0 21602307 0 0 0 0 0 0 0 0 0 159707 0 21602307 0 0 0 0 0 0 159707 0
net virbr0 0 2118 9997498634 0 0 0 0 0 0 0 0 0 39931083 0 38537050642 0 0 0 0 0 0 23686463 0
net vnet165 0 0 43932 0 0 0 0 0 0 0 0 0 259 0 65997 0 0 0 0 0 0 549 0
net vnet167 0 0 378464 0 0 0 0 0 0 0 0 0 1912 0 341451 0 0 0 0 0 0 1805 0
net vnet166 0 0 43710 0 0 0 0 0 0 0 0 0 254 0 62939 0 0 0 0 0 0 499 0
numa 1 404382852 18781169 10118603 29535 404316154 18826690
numa 0 431568749 10118603 18781169 29710 431515590 10121164
ps - 729017161 4585375 656 531 547 5 905
sysv_shm - 0 0
tmpfs /run/lock 0 6
tmpfs /run 2285568 1138
tmpfs /run/user/20029 0 20
tmpfs /run/qemu 0 1
tmpfs /dev/shm 37622980608 105491
vfs - 135034 11344 187097
vm - 10 986650303 572570749 738014 1617408 863847651 903680364 195397449 8069301 1062542237 73026 0 0 0 0 0 1811072 0 311878 5997 0 1623853 318 0 3 0 0

1778497946.421242 0 node0.mimesys-workload.ldos-ut-pg0.wisc.cloudlab.us
block sda 5916712 680222 1973294257 26460520 3865505 20295466 1145141499 21901483 0 7366264 48691203
block sdb 674 0 7540 666 4 0 0 0 0 828 667
cpu 11 643151 0 172141 4335158 101227 0 17
cpu 10 681721 2 155200 4317065 100885 0 22
cpu 13 602787 0 139657 4408995 100156 0 16
cpu 12 607138 0 136501 4408414 100830 0 13
cpu 15 556125 2 132377 4461968 100178 0 11
cpu 14 582779 0 139838 4429895 99030 0 17
cpu 17 356315 0 113229 4768579 16372 0 9
cpu 16 426058 0 124861 4690756 14639 0 10
cpu 19 426121 0 124156 4690807 16306 0 10
cpu 18 474169 5 126185 4641587 15300 0 10
cpu 1 593070 0 205764 4382085 63278 0 2133
cpu 0 597276 45 164000 4384990 65770 0 1244
cpu 3 638679 0 219469 4331386 62119 0 622
cpu 2 627594 0 218666 4340393 64541 0 216
cpu 5 564295 0 174917 4451764 61707 0 488
cpu 4 561050 1 176000 4451779 62411 0 144
cpu 7 506266 0 171728 4512926 61181 0 573
cpu 6 545915 0 175568 4469653 61824 0 355
cpu 9 601346 0 164469 4401389 83493 0 398
cpu 8 652195 0 168404 4345493 83385 0 369
mem 1 99033092 75302368 23730724 1693972 21050260 176 0 22368012 20511884 376436 57420 0 0 210640 12288 0 0
mem 0 97636988 59776312 37860676 1146488 35438824 192 0 36012544 2326028 576760 14048 0 0 467856 8192 0 0
net vnet169 0 0 38546 0 0 0 0 0 0 0 0 0 225 0 49019 0 0 0 0 0 0 337 0
net vnet168 0 0 41422 0 0 0 0 0 0 0 0 0 251 0 53509 0 0 0 0 0 0 408 0
net eno1 0 268589 40596785714 0 0 714 0 0 0 0 0 0 32420326 0 1437600722 0 0 0 0 0 0 6200397 0
net lo 0 0 21602917 0 0 0 0 0 0 0 0 0 159711 0 21602917 0 0 0 0 0 0 159711 0
net virbr0 0 2118 9997498634 0 0 0 0 0 0 0 0 0 39931083 0 38537050642 0 0 0 0 0 0 23686463 0
net vnet165 0 0 43932 0 0 0 0 0 0 0 0 0 259 0 65997 0 0 0 0 0 0 549 0
net vnet167 0 0 378464 0 0 0 0 0 0 0 0 0 1912 0 341451 0 0 0 0 0 0 1805 0
net vnet166 0 0 43710 0 0 0 0 0 0 0 0 0 254 0 62939 0 0 0 0 0 0 499 0
numa 1 404387748 18781169 10118603 29535 404321050 18826690
numa 0 431578548 10118603 18781169 29710 431525389 10121164
ps - 729018968 4585511 656 531 547 9 905
sysv_shm - 0 0
tmpfs /run/lock 0 6
tmpfs /run 2285568 1138
tmpfs /run/user/20029 0 20
tmpfs /run/qemu 0 1
tmpfs /dev/shm 37622980608 105491
vfs - 135033 11344 187118
vm - 10 986650890 572570749 738014 1617408 863862348 903694955 195397454 8069301 1062565466 73026 0 0 0 0 0 1811072 0 311878 5997 0 1623853 318 0 3 0 0

1778497947.277624 0 node0.mimesys-workload.ldos-ut-pg0.wisc.cloudlab.us
block sda 5916772 680222 1973297203 26460545 3865510 20295466 1145141827 21901484 0 7366352 48691229
block sdb 674 0 7540 666 4 0 0 0 0 828 667
cpu 11 643220 0 172141 4335174 101227 0 17
cpu 10 681775 2 155200 4317095 100885 0 22
cpu 13 602850 0 139659 4409015 100156 0 16
cpu 12 607164 0 136502 4408473 100830 0 13
cpu 15 556139 2 132380 4462036 100178 0 11
cpu 14 582850 0 139838 4429910 99030 0 17
cpu 17 356390 0 113231 4768589 16372 0 9
cpu 16 426094 0 124862 4690805 14639 0 10
cpu 19 426123 0 124158 4690886 16306 0 10
cpu 18 474173 5 126188 4641668 15300 0 10
cpu 1 593073 0 205766 4382166 63278 0 2133
cpu 0 597280 45 164002 4385070 65770 0 1244
cpu 3 638681 0 219470 4331468 62119 0 622
cpu 2 627596 0 218668 4340474 64541 0 216
cpu 5 564296 0 174919 4451846 61707 0 488
cpu 4 561053 1 176001 4451860 62411 0 144
cpu 7 506267 0 171731 4513008 61181 0 573
cpu 6 545917 0 175570 4469735 61824 0 355
cpu 9 601348 0 164472 4401469 83493 0 398
cpu 8 652196 0 168406 4345575 83385 0 369
mem 1 99033092 75300100 23732992 1693956 21049756 192 0 22368012 20511636 375952 57148 0 0 210640 12288 0 0
mem 0 97636988 59789300 37847688 1146536 35437548 216 0 36012548 2326076 575120 14332 0 0 468128 8192 0 0
net vnet169 0 0 38546 0 0 0 0 0 0 0 0 0 225 0 49071 0 0 0 0 0 0 338 0
net vnet168 0 0 41422 0 0 0 0 0 0 0 0 0 251 0 53561 0 0 0 0 0 0 409 0
net eno1 0 268602 40596790709 0 0 714 0 0 0 0 0 0 32420396 0 1437601067 0 0 0 0 0 0 6200400 0
net lo 0 0 21603474 0 0 0 0 0 0 0 0 0 159715 0 21603474 0 0 0 0 0 0 159715 0
net virbr0 0 2118 9997500414 0 0 0 0 0 0 0 0 0 39931094 0 38537051640 0 0 0 0 0 0 23686472 0
net vnet165 0 0 43932 0 0 0 0 0 0 0 0 0 259 0 66049 0 0 0 0 0 0 550 0
net vnet167 0 0 380398 0 0 0 0 0 0 0 0 0 1923 0 342501 0 0 0 0 0 0 1815 0
net vnet166 0 0 43710 0 0 0 0 0 0 0 0 0 254 0 62991 0 0 0 0 0 0 500 0
numa 1 404393556 18781169 10118603 29535 404326858 18826690
numa 0 431588818 10118603 18781169 29710 431535659 10121164
ps - 729023072 4585655 635 528 546 8 905
sysv_shm - 0 0
tmpfs /run/lock 0 6
tmpfs /run 2285568 1138
tmpfs /run/user/20029 0 20
tmpfs /run/qemu 0 1
tmpfs /dev/shm 37622980608 105491
vfs - 135031 11304 187087
vm - 10 986652318 572570913 738014 1617408 863878422 903711411 195397459 8069301 1062590246 73026 0 0 0 0 0 1811072 0 311878 5997 0 1623853 318 0 3 0 0

1778497947.446846 0 node0.mimesys-workload.ldos-ut-pg0.wisc.cloudlab.us
block sda 5916772 680222 1973297203 26460545 3865510 20295466 1145141827 21901484 0 7366352 48691229
block sdb 674 0 7540 666 4 0 0 0 0 828 667
cpu 11 643237 0 172141 4335174 101227 0 17
cpu 10 681792 2 155201 4317095 100885 0 22
cpu 13 602866 0 139660 4409016 100156 0 16
cpu 12 607181 0 136502 4408473 100830 0 13
cpu 15 556155 2 132380 4462036 100178 0 11
cpu 14 582864 0 139838 4429911 99030 0 17
cpu 17 356406 0 113232 4768590 16372 0 9
cpu 16 426111 0 124862 4690805 14639 0 10
cpu 19 426123 0 124160 4690901 16306 0 10
cpu 18 474175 5 126189 4641682 15300 0 10
cpu 1 593073 0 205769 4382179 63278 0 2133
cpu 0 597281 45 164004 4385083 65770 0 1244
cpu 3 638683 0 219472 4331481 62119 0 622
cpu 2 627597 0 218671 4340488 64541 0 216
cpu 5 564297 0 174922 4451860 61707 0 488
cpu 4 561054 1 176004 4451873 62411 0 144
cpu 7 506268 0 171733 4513021 61181 0 573
cpu 6 545918 0 175572 4469749 61824 0 355
cpu 9 601350 0 164473 4401483 83493 0 398
cpu 8 652198 0 168407 4345588 83385 0 369
mem 1 99033092 75298084 23735008 1693956 21051160 212 0 22368360 20513976 376124 57348 0 0 210616 12288 0 0
mem 0 97636988 59786028 37850960 1146528 35438840 220 0 36012548 2326352 576416 14284 0 0 468092 8192 0 0
net vnet169 0 0 38546 0 0 0 0 0 0 0 0 0 225 0 49071 0 0 0 0 0 0 338 0
net vnet168 0 0 41422 0 0 0 0 0 0 0 0 0 251 0 53561 0 0 0 0 0 0 409 0
net eno1 0 268602 40596792123 0 0 714 0 0 0 0 0 0 32420418 0 1437601168 0 0 0 0 0 0 6200401 0
net lo 0 0 21604084 0 0 0 0 0 0 0 0 0 159719 0 21604084 0 0 0 0 0 0 159719 0
net virbr0 0 2118 9997500414 0 0 0 0 0 0 0 0 0 39931094 0 38537051640 0 0 0 0 0 0 23686472 0
net vnet165 0 0 43932 0 0 0 0 0 0 0 0 0 259 0 66049 0 0 0 0 0 0 550 0
net vnet167 0 0 380398 0 0 0 0 0 0 0 0 0 1923 0 342501 0 0 0 0 0 0 1815 0
net vnet166 0 0 43710 0 0 0 0 0 0 0 0 0 254 0 62991 0 0 0 0 0 0 500 0
numa 1 404397062 18781169 10118603 29535 404330364 18826690
numa 0 431600200 10118603 18781169 29710 431547041 10121164
ps - 729024440 4585791 635 528 546 9 905
sysv_shm - 0 0
tmpfs /run/lock 0 6
tmpfs /run 2285568 1138
tmpfs /run/user/20029 0 20
tmpfs /run/qemu 0 1
tmpfs /dev/shm 37622980608 105491
vfs - 135031 11304 187087
vm - 10 986652318 572570913 738014 1617408 863893310 903725882 195397462 8069301 1062613828 73026 0 0 0 0 0 1811072 0 311878 5997 0 1623853 318 0 3 0 0

1778497948.304748 0 node0.mimesys-workload.ldos-ut-pg0.wisc.cloudlab.us
block sda 5916791 680222 1973297766 26460550 3865510 20295466 1145141827 21901484 0 7366408 48691234
block sdb 674 0 7540 666 4 0 0 0 0 828 667
cpu 11 643322 0 172142 4335174 101227 0 17
cpu 10 681878 2 155201 4317095 100885 0 22
cpu 13 602951 0 139660 4409016 100156 0 16
cpu 12 607266 0 136503 4408473 100830 0 13
cpu 15 556241 2 132380 4462036 100178 0 11
cpu 14 582950 0 139838 4429911 99030 0 17
cpu 17 356491 0 113232 4768590 16372 0 9
cpu 16 426197 0 124862 4690805 14639 0 10
cpu 19 426129 0 124163 4690977 16306 0 10
cpu 18 474177 5 126192 4641762 15300 0 10
cpu 1 593076 0 205771 4382259 63278 0 2133
cpu 0 597284 45 164005 4385163 65770 0 1244
cpu 3 638686 0 219475 4331562 62119 0 622
cpu 2 627599 0 218675 4340567 64541 0 216
cpu 5 564300 0 174925 4451939 61707 0 488
cpu 4 561058 1 176006 4451954 62411 0 144
cpu 7 506272 0 171736 4513101 61181 0 573
cpu 6 545921 0 175575 4469828 61824 0 355
cpu 9 601353 0 164480 4401560 83493 0 398
cpu 8 652200 0 168411 4345669 83385 0 369
mem 1 99033092 75297340 23735752 1693940 21050420 248 0 22369512 20514072 374972 57060 0 0 210576 12288 0 0
mem 0 97636988 59783760 37853228 1146556 35440188 236 0 36012552 2326176 577716 14468 0 0 468164 8192 0 0
net vnet169 0 0 38546 0 0 0 0 0 0 0 0 0 225 0 49071 0 0 0 0 0 0 338 0
net vnet168 0 0 41422 0 0 0 0 0 0 0 0 0 251 0 53561 0 0 0 0 0 0 409 0
net eno1 0 268602 40596797014 0 0 714 0 0 0 0 0 0 32420490 0 1437601614 0 0 0 0 0 0 6200405 0
net lo 0 0 21605251 0 0 0 0 0 0 0 0 0 159727 0 21605251 0 0 0 0 0 0 159727 0
net virbr0 0 2118 9997503312 0 0 0 0 0 0 0 0 0 39931111 0 38537055330 0 0 0 0 0 0 23686484 0
net vnet165 0 0 43932 0 0 0 0 0 0 0 0 0 259 0 66049 0 0 0 0 0 0 550 0
net vnet167 0 0 383534 0 0 0 0 0 0 0 0 0 1940 0 346191 0 0 0 0 0 0 1827 0
net vnet166 0 0 43710 0 0 0 0 0 0 0 0 0 254 0 62991 0 0 0 0 0 0 500 0
numa 1 404399626 18781169 10118603 29535 404332928 18826690
numa 0 431615163 10118603 18781169 29710 431562003 10121165
ps - 729027446 4585941 635 528 546 9 905
sysv_shm - 0 0
tmpfs /run/lock 0 6
tmpfs /run 2285568 1138
tmpfs /run/user/20029 0 20
tmpfs /run/qemu 0 1
tmpfs /dev/shm 37622980608 105491
vfs - 135055 11344 187265
vm - 10 986652599 572570913 738014 1617408 863910837 903743008 195397474 8069301 1062641100 73026 0 0 0 0 0 1811072 0 311878 5997 0 1623853 318 0 3 0 0

1778497948.472853 0 node0.mimesys-workload.ldos-ut-pg0.wisc.cloudlab.us
block sda 5916795 680222 1973297880 26460551 3865524 20295466 1145141883 21901486 0 7366432 48691237
block sdb 674 0 7540 666 4 0 0 0 0 828 667
cpu 11 643336 0 172143 4335177 101227 0 17
cpu 10 681893 2 155201 4317097 100885 0 22
cpu 13 602967 0 139660 4409018 100156 0 16
cpu 12 607279 0 136504 4408475 100830 0 13
cpu 15 556255 2 132381 4462038 100178 0 11
cpu 14 582965 0 139838 4429912 99030 0 17
cpu 17 356507 0 113233 4768590 16372 0 9
cpu 16 426210 0 124864 4690808 14639 0 10
cpu 19 426130 0 124165 4690990 16306 0 10
cpu 18 474179 5 126193 4641775 15300 0 10
cpu 1 593077 0 205774 4382273 63278 0 2133
cpu 0 597285 45 164008 4385176 65770 0 1244
cpu 3 638686 0 219478 4331575 62119 0 622
cpu 2 627600 0 218677 4340580 64541 0 216
cpu 5 564301 0 174928 4451952 61707 0 488
cpu 4 561059 1 176008 4451968 62411 0 144
cpu 7 506272 0 171738 4513115 61181 0 573
cpu 6 545922 0 175577 4469842 61824 0 355
cpu 9 601353 0 164482 4401573 83493 0 398
cpu 8 652201 0 168413 4345683 83385 0 369
mem 1 99033092 75307724 23725368 1693924 21052080 264 0 22370556 20515568 375640 56968 0 0 210544 12288 0 0
mem 0 97636988 59782500 37854488 1146580 35441004 240 0 36012552 2325284 578132 14548 0 0 468260 8192 0 0
net vnet169 0 0 38546 0 0 0 0 0 0 0 0 0 225 0 49071 0 0 0 0 0 0 338 0
net vnet168 0 0 41422 0 0 0 0 0 0 0 0 0 251 0 53561 0 0 0 0 0 0 409 0
net eno1 0 268602 40596798188 0 0 714 0 0 0 0 0 0 32420508 0 1437601715 0 0 0 0 0 0 6200406 0
net lo 0 0 21605861 0 0 0 0 0 0 0 0 0 159731 0 21605861 0 0 0 0 0 0 159731 0
net virbr0 0 2118 9997503312 0 0 0 0 0 0 0 0 0 39931111 0 38537055330 0 0 0 0 0 0 23686484 0
net vnet165 0 0 43932 0 0 0 0 0 0 0 0 0 259 0 66049 0 0 0 0 0 0 550 0
net vnet167 0 0 383534 0 0 0 0 0 0 0 0 0 1940 0 346191 0 0 0 0 0 0 1827 0
net vnet166 0 0 43710 0 0 0 0 0 0 0 0 0 254 0 62991 0 0 0 0 0 0 500 0
numa 1 404404810 18781169 10118603 29535 404338112 18826690
numa 0 431624902 10118603 18781169 29710 431571742 10121165
ps - 729029416 4586077 635 528 546 5 905
sysv_shm - 0 0
tmpfs /run/lock 0 6
tmpfs /run 2285568 1138
tmpfs /run/user/20029 0 20
tmpfs /run/qemu 0 1
tmpfs /dev/shm 37622980608 105491
vfs - 135035 11344 187105
vm - 10 986652656 572570941 738014 1617408 863925760 903757554 195397483 8069301 1062664735 73026 0 0 0 0 0 1811072 0 311878 5997 0 1623853 318 0 3 0 0

1778497949.329826 0 node0.mimesys-workload.ldos-ut-pg0.wisc.cloudlab.us
block sda 5916795 680222 1973297880 26460551 3865616 20295467 1145142803 21901509 0 7366440 48691260
block sdb 674 0 7540 666 4 0 0 0 0 828 667
cpu 11 643416 0 172143 4335183 101227 0 17
cpu 10 681950 2 155201 4317125 100885 0 22
cpu 13 603024 0 139665 4409040 100156 0 16
cpu 12 607327 0 136504 4408512 100830 0 13
cpu 15 556326 2 132381 4462052 100178 0 11
cpu 14 583027 0 139838 4429936 99030 0 17
cpu 17 356586 0 113233 4768595 16372 0 9
cpu 16 426269 0 124870 4690828 14639 0 10
cpu 19 426132 0 124166 4691070 16306 0 10
cpu 18 474182 5 126194 4641856 15300 0 10
cpu 1 593079 0 205775 4382354 63278 0 2133
cpu 0 597288 45 164009 4385256 65770 0 1244
cpu 3 638688 0 219480 4331657 62119 0 622
cpu 2 627600 0 218680 4340662 64541 0 216
cpu 5 564303 0 174930 4452034 61707 0 488
cpu 4 561061 1 176010 4452049 62411 0 144
cpu 7 506274 0 171741 4513197 61181 0 573
cpu 6 545924 0 175578 4469924 61824 0 355
cpu 9 601356 0 164484 4401654 83493 0 398
cpu 8 652201 0 168416 4345765 83385 0 369
mem 1 99033092 75319284 23713808 1693948 21053500 8 0 22371048 20515032 376076 56920 0 0 210544 12288 0 0
mem 0 97636988 59780736 37856252 1146556 35437820 24 0 36012556 2325596 575304 14292 0 0 468024 8192 0 0
net vnet169 0 0 38546 0 0 0 0 0 0 0 0 0 225 0 49123 0 0 0 0 0 0 339 0
net vnet168 0 0 41422 0 0 0 0 0 0 0 0 0 251 0 53613 0 0 0 0 0 0 410 0
net eno1 0 268615 40596803435 0 0 714 0 0 0 0 0 0 32420591 0 1437601938 0 0 0 0 0 0 6200408 0
net lo 0 0 21606434 0 0 0 0 0 0 0 0 0 159735 0 21606434 0 0 0 0 0 0 159735 0
net virbr0 0 2118 9997505040 0 0 0 0 0 0 0 0 0 39931121 0 38537056328 0 0 0 0 0 0 23686493 0
net vnet165 0 0 43932 0 0 0 0 0 0 0 0 0 259 0 66101 0 0 0 0 0 0 551 0
net vnet167 0 0 385402 0 0 0 0 0 0 0 0 0 1950 0 347241 0 0 0 0 0 0 1837 0
net vnet166 0 0 43710 0 0 0 0 0 0 0 0 0 254 0 63043 0 0 0 0 0 0 501 0
numa 1 404410361 18781169 10118603 29535 404343663 18826690
numa 0 431635121 10118603 18781169 29710 431581961 10121165
ps - 729038566 4586221 635 528 546 7 905
sysv_shm - 0 0
tmpfs /run/lock 0 6
tmpfs /run 2285568 1138
tmpfs /run/user/20029 0 20
tmpfs /run/qemu 0 1
tmpfs /dev/shm 37622980608 105491
vfs - 135031 11264 187087
vm - 10 986652656 572571401 738014 1617408 863941531 903773604 195397493 8069301 1062689562 73026 0 0 0 0 0 1811072 0 311878 5997 0 1623853 318 0 3 0 0

1778497949.498268 0 node0.mimesys-workload.ldos-ut-pg0.wisc.cloudlab.us
block sda 5916795 680222 1973297880 26460551 3865616 20295467 1145142803 21901509 0 7366440 48691260
block sdb 674 0 7540 666 4 0 0 0 0 828 667
cpu 11 643432 0 172143 4335183 101227 0 17
cpu 10 681967 2 155201 4317125 100885 0 22
cpu 13 603030 0 139668 4409048 100156 0 16
cpu 12 607332 0 136507 4408521 100830 0 13
cpu 15 556342 2 132382 4462053 100178 0 11
cpu 14 583044 0 139838 4429936 99030 0 17
cpu 17 356589 0 113236 4768606 16372 0 9
cpu 16 426280 0 124872 4690834 14639 0 10
cpu 19 426132 0 124169 4691084 16306 0 10
cpu 18 474184 5 126196 4641869 15300 0 10
cpu 1 593081 0 205777 4382367 63278 0 2133
cpu 0 597290 45 164010 4385270 65770 0 1244
cpu 3 638688 0 219482 4331671 62119 0 622
cpu 2 627601 0 218682 4340676 64541 0 216
cpu 5 564305 0 174931 4452047 61707 0 488
cpu 4 561061 1 176012 4452063 62411 0 144
cpu 7 506274 0 171743 4513210 61181 0 573
cpu 6 545925 0 175581 4469938 61824 0 355
cpu 9 601356 0 164486 4401668 83493 0 398
cpu 8 652202 0 168418 4345779 83385 0 369
mem 1 99033092 75316768 23716324 1693984 21053876 8 0 22371464 20514756 376312 57860 0 0 210752 12288 0 0
mem 0 97636988 59780484 37856504 1146536 35438252 24 0 36012556 2325304 575720 13400 0 0 467992 8192 0 0
net vnet169 0 0 38546 0 0 0 0 0 0 0 0 0 225 0 49123 0 0 0 0 0 0 339 0
net vnet168 0 0 41422 0 0 0 0 0 0 0 0 0 251 0 53613 0 0 0 0 0 0 410 0
net eno1 0 268615 40596804249 0 0 714 0 0 0 0 0 0 32420603 0 1437602039 0 0 0 0 0 0 6200409 0
net lo 0 0 21607007 0 0 0 0 0 0 0 0 0 159739 0 21607007 0 0 0 0 0 0 159739 0
net virbr0 0 2118 9997505040 0 0 0 0 0 0 0 0 0 39931121 0 38537056328 0 0 0 0 0 0 23686493 0
net vnet165 0 0 43932 0 0 0 0 0 0 0 0 0 259 0 66101 0 0 0 0 0 0 551 0
net vnet167 0 0 385402 0 0 0 0 0 0 0 0 0 1950 0 347241 0 0 0 0 0 0 1837 0
net vnet166 0 0 43710 0 0 0 0 0 0 0 0 0 254 0 63043 0 0 0 0 0 0 501 0
numa 1 404415530 18781169 10118603 29535 404348832 18826690
numa 0 431644470 10118603 18781169 29710 431591310 10121165
ps - 729041802 4586357 635 528 546 8 905
sysv_shm - 0 0
tmpfs /run/lock 0 6
tmpfs /run 2285568 1138
tmpfs /run/user/20029 0 20
tmpfs /run/qemu 0 1
tmpfs /dev/shm 37622980608 105491
vfs - 135031 11224 187110
vm - 10 986652656 572571401 738014 1617408 863956053 903788085 195397496 8069301 1062712795 73026 0 0 0 0 0 1811072 0 311878 5997 0 1623853 318 0 3 0 0

1778497950.355397 0 node0.mimesys-workload.ldos-ut-pg0.wisc.cloudlab.us
block sda 5916795 680222 1973297880 26460551 3865635 20295481 1145143043 21901517 0 7366460 48691269
block sdb 674 0 7540 666 4 0 0 0 0 828 667
cpu 11 643500 0 172145 4335196 101227 0 17
cpu 10 682038 2 155204 4317138 100885 0 22
cpu 13 603091 0 139668 4409073 100156 0 16
cpu 12 607400 0 136507 4408537 100830 0 13
cpu 15 556395 2 132384 4462083 100178 0 11
cpu 14 583108 0 139840 4429955 99030 0 17
cpu 17 356647 0 113237 4768631 16372 0 9
cpu 16 426355 0 124872 4690844 14639 0 10
cpu 19 426136 0 124171 4691163 16306 0 10
cpu 18 474188 5 126198 4641950 15300 0 10
cpu 1 593084 0 205780 4382447 63278 0 2133
cpu 0 597291 45 164013 4385350 65770 0 1244
cpu 3 638691 0 219485 4331751 62119 0 622
cpu 2 627604 0 218685 4340755 64541 0 216
cpu 5 564307 0 174936 4452127 61707 0 488
cpu 4 561062 1 176015 4452145 62411 0 144
cpu 7 506276 0 171744 4513292 61181 0 573
cpu 6 545929 0 175583 4470017 61824 0 355
cpu 9 601359 0 164490 4401747 83493 0 398
cpu 8 652205 0 168419 4345861 83385 0 369
mem 1 99033092 75314900 23718192 1693972 21053108 100 0 22371464 20514792 375308 57212 0 0 210752 12288 0 0
mem 0 97636988 59780256 37856732 1146544 35439448 116 0 36012564 2325192 576496 14456 0 0 467964 8192 0 0
net vnet169 0 0 38546 0 0 0 0 0 0 0 0 0 225 0 49123 0 0 0 0 0 0 339 0
net vnet168 0 0 41422 0 0 0 0 0 0 0 0 0 251 0 53613 0 0 0 0 0 0 410 0
net eno1 0 268615 40596809830 0 0 714 0 0 0 0 0 0 32420690 0 1437602363 0 0 0 0 0 0 6200412 0
net lo 0 0 21608153 0 0 0 0 0 0 0 0 0 159747 0 21608153 0 0 0 0 0 0 159747 0
net virbr0 0 2118 9997509082 0 0 0 0 0 0 0 0 0 39931140 0 38537060590 0 0 0 0 0 0 23686509 0
net vnet165 0 0 43932 0 0 0 0 0 0 0 0 0 259 0 66101 0 0 0 0 0 0 551 0
net vnet167 0 0 389710 0 0 0 0 0 0 0 0 0 1969 0 351503 0 0 0 0 0 0 1853 0
net vnet166 0 0 43710 0 0 0 0 0 0 0 0 0 254 0 63043 0 0 0 0 0 0 501 0
numa 1 404420353 18781169 10118603 29535 404353654 18826691
numa 0 431657097 10118603 18781169 29710 431603937 10121165
ps - 729053847 4586506 635 528 546 8 905
sysv_shm - 0 0
tmpfs /run/lock 0 6
tmpfs /run 2285568 1138
tmpfs /run/user/20029 0 20
tmpfs /run/qemu 0 1
tmpfs /dev/shm 37622980608 105491
vfs - 135034 11264 187097
vm - 10 986652656 572571521 738014 1617408 863973500 903805098 195397506 8069301 1062740092 73026 0 0 0 0 0 1811072 0 311878 5997 0 1623853 318 0 3 0 0

1778497950.522926 0 node0.mimesys-workload.ldos-ut-pg0.wisc.cloudlab.us
block sda 5916802 680222 1973298088 26460552 3865639 20295481 1145143059 21901517 0 7366472 48691272
block sdb 674 0 7540 666 4 0 0 0 0 828 667
cpu 11 643508 0 172146 4335202 101227 0 17
cpu 10 682054 2 155204 4317138 100885 0 22
cpu 13 603107 0 139669 4409073 100156 0 16
cpu 12 607417 0 136507 4408537 100830 0 13
cpu 15 556406 2 132386 4462087 100178 0 11
cpu 14 583116 0 139841 4429961 99030 0 17
cpu 17 356658 0 113238 4768636 16372 0 9
cpu 16 426371 0 124872 4690844 14639 0 10
cpu 19 426136 0 124174 4691176 16306 0 10
cpu 18 474189 5 126200 4641963 15300 0 10
cpu 1 593086 0 205782 4382460 63278 0 2133
cpu 0 597292 45 164015 4385364 65770 0 1244
cpu 3 638692 0 219488 4331765 62119 0 622
cpu 2 627606 0 218686 4340769 64541 0 216
cpu 5 564308 0 174938 4452141 61707 0 488
cpu 4 561062 1 176018 4452158 62411 0 144
cpu 7 506277 0 171746 4513306 61181 0 573
cpu 6 545929 0 175586 4470031 61824 0 355
cpu 9 601360 0 164492 4401761 83493 0 398
cpu 8 652207 0 168420 4345875 83385 0 369
mem 1 99033092 75316560 23716532 1693964 21053240 104 0 22371804 20515160 375600 57320 0 0 210584 12288 0 0
mem 0 97636988 59778224 37858764 1146544 35438772 160 0 36012564 2325080 576292 14372 0 0 467868 8192 0 0
net vnet169 0 0 38546 0 0 0 0 0 0 0 0 0 225 0 49175 0 0 0 0 0 0 340 0
net vnet168 0 0 41422 0 0 0 0 0 0 0 0 0 251 0 53665 0 0 0 0 0 0 411 0
net eno1 0 268615 40596810944 0 0 714 0 0 0 0 0 0 32420707 0 1437602464 0 0 0 0 0 0 6200413 0
net lo 0 0 21608726 0 0 0 0 0 0 0 0 0 159751 0 21608726 0 0 0 0 0 0 159751 0
net virbr0 0 2118 9997509510 0 0 0 0 0 0 0 0 0 39931145 0 38537061016 0 0 0 0 0 0 23686514 0
net vnet165 0 0 43932 0 0 0 0 0 0 0 0 0 259 0 66153 0 0 0 0 0 0 552 0
net vnet167 0 0 390208 0 0 0 0 0 0 0 0 0 1974 0 351981 0 0 0 0 0 0 1859 0
net vnet166 0 0 43710 0 0 0 0 0 0 0 0 0 254 0 63095 0 0 0 0 0 0 502 0
numa 1 404425479 18781169 10118603 29535 404358780 18826691
numa 0 431666532 10118603 18781169 29710 431613372 10121165
ps - 729057328 4586643 635 528 546 7 905
sysv_shm - 0 0
tmpfs /run/lock 0 6
tmpfs /run 2285568 1138
tmpfs /run/user/20029 0 20
tmpfs /run/qemu 0 1
tmpfs /dev/shm 37622980608 105491
vfs - 135031 11264 187087
vm - 10 986652760 572571529 738014 1617408 863988059 903820078 195397510 8069301 1062763521 73026 0 0 0 0 0 1811072 0 311878 5997 0 1623853 318 0 3 0 0

1778497951.381324 0 node0.mimesys-workload.ldos-ut-pg0.wisc.cloudlab.us
block sda 5916803 680222 1973298096 26460604 3865705 20295484 1145228571 21903307 32 7366616 48693113
block sdb 674 0 7540 666 4 0 0 0 0 828 667
cpu 11 643559 0 172154 4335231 101227 0 17
cpu 10 682130 2 155204 4317147 100885 0 22
cpu 13 603192 0 139669 4409073 100156 0 16
cpu 12 607461 0 136512 4408572 100831 0 13
cpu 15 556462 2 132390 4462105 100183 0 11
cpu 14 583195 0 139842 4429966 99030 0 17
cpu 17 356738 0 113239 4768640 16372 0 9
cpu 16 426417 0 124877 4690879 14639 0 10
cpu 19 426137 0 124176 4691258 16306 0 10
cpu 18 474192 5 126201 4642044 15300 0 10
cpu 1 593089 0 205784 4382541 63278 0 2134
cpu 0 597294 45 164018 4385444 65770 0 1244
cpu 3 638693 0 219490 4331846 62119 0 622
cpu 2 627608 0 218688 4340851 64541 0 216
cpu 5 564309 0 174940 4452223 61707 0 488
cpu 4 561063 1 176021 4452240 62411 0 144
cpu 7 506278 0 171747 4513389 61181 0 573
cpu 6 545931 0 175588 4470113 61824 0 355
cpu 9 601365 0 164497 4401837 83493 0 398
cpu 8 652208 0 168423 4345958 83385 0 369
mem 1 99033092 75314144 23718948 1693948 21053224 136 0 22371876 20515204 374976 56600 0 0 210544 12288 0 0
mem 0 97636988 59776460 37860528 1146568 35439092 176 0 36012568 2325656 576160 14652 0 0 467732 8192 0 0
net vnet169 0 0 38546 0 0 0 0 0 0 0 0 0 225 0 49175 0 0 0 0 0 0 340 0
net vnet168 0 0 41422 0 0 0 0 0 0 0 0 0 251 0 53665 0 0 0 0 0 0 411 0
net eno1 0 268627 40596816881 0 0 714 0 0 0 0 0 0 32420798 0 1437602809 0 0 0 0 0 0 6200416 0
net lo 0 0 21609283 0 0 0 0 0 0 0 0 0 159755 0 21609283 0 0 0 0 0 0 159755 0
net virbr0 0 2118 9997509510 0 0 0 0 0 0 0 0 0 39931145 0 38537061016 0 0 0 0 0 0 23686514 0
net vnet165 0 0 43932 0 0 0 0 0 0 0 0 0 259 0 66153 0 0 0 0 0 0 552 0
net vnet167 0 0 390208 0 0 0 0 0 0 0 0 0 1974 0 351981 0 0 0 0 0 0 1859 0
net vnet166 0 0 43710 0 0 0 0 0 0 0 0 0 254 0 63095 0 0 0 0 0 0 502 0
numa 1 404431097 18781169 10118603 29535 404364398 18826691
numa 0 431676806 10118603 18781169 29710 431623646 10121165
ps - 729071458 4586786 635 528 546 7 905
sysv_shm - 0 0
tmpfs /run/lock 0 6
tmpfs /run 2285568 1138
tmpfs /run/user/20029 0 20
tmpfs /run/qemu 0 1
tmpfs /dev/shm 37622984704 105491
vfs - 135053 11224 187263
vm - 10 986652764 572648697 738014 1617408 864003952 903835867 195397524 8069301 1062788164 73026 0 0 0 0 0 1811072 0 311878 5997 0 1623853 318 0 3 0 0

1778497951.548762 0 node0.mimesys-workload.ldos-ut-pg0.wisc.cloudlab.us
block sda 5916803 680222 1973298096 26460604 3865760 20295486 1145338787 21909011 27 7366780 48698818
block sdb 674 0 7540 666 4 0 0 0 0 828 667
cpu 11 643565 0 172158 4335236 101227 0 17
cpu 10 682146 2 155204 4317148 100885 0 22
cpu 13 603204 0 139670 4409076 100156 0 16
cpu 12 607467 0 136514 4408573 100839 0 13
cpu 15 556475 2 132390 4462106 100185 0 11
cpu 14 583212 0 139842 4429966 99030 0 17
cpu 17 356754 0 113239 4768640 16372 0 9
cpu 16 426426 0 124879 4690882 14640 0 10
cpu 19 426138 0 124176 4691272 16306 0 10
cpu 18 474194 5 126202 4642058 15300 0 10
cpu 1 593090 0 205786 4382555 63278 0 2134
cpu 0 597296 45 164020 4385458 65770 0 1244
cpu 3 638694 0 219492 4331859 62119 0 622
cpu 2 627610 0 218690 4340862 64541 0 216
cpu 5 564312 0 174943 4452234 61707 0 488
cpu 4 561066 1 176022 4452254 62411 0 144
cpu 7 506278 0 171750 4513403 61181 0 573
cpu 6 545935 0 175591 4470124 61824 0 355
cpu 9 601366 0 164498 4401851 83493 0 398
cpu 8 652210 0 168425 4345971 83385 0 369
mem 1 99033092 75316128 23716964 1693968 21052924 140 0 22372184 20516624 374984 57644 0 0 210544 12288 0 0
mem 0 97636988 59771168 37865820 1146536 35441580 176 0 36012568 2325676 579008 14404 0 0 467772 8192 0 0
net vnet169 0 0 38546 0 0 0 0 0 0 0 0 0 225 0 49175 0 0 0 0 0 0 340 0
net vnet168 0 0 41422 0 0 0 0 0 0 0 0 0 251 0 53665 0 0 0 0 0 0 411 0
net eno1 0 268627 40596817789 0 0 714 0 0 0 0 0 0 32420810 0 1437603011 0 0 0 0 0 0 6200418 0
net lo 0 0 21610503 0 0 0 0 0 0 0 0 0 159763 0 21610503 0 0 0 0 0 0 159763 0
net virbr0 0 2118 9997509622 0 0 0 0 0 0 0 0 0 39931147 0 38537061264 0 0 0 0 0 0 23686517 0
net vnet165 0 0 43932 0 0 0 0 0 0 0 0 0 259 0 66153 0 0 0 0 0 0 552 0
net vnet167 0 0 390348 0 0 0 0 0 0 0 0 0 1976 0 352229 0 0 0 0 0 0 1862 0
net vnet166 0 0 43710 0 0 0 0 0 0 0 0 0 254 0 63095 0 0 0 0 0 0 502 0
numa 1 404436415 18781169 10118603 29535 404369716 18826691
numa 0 431687641 10118603 18781169 29710 431634481 10121165
ps - 729075903 4586928 635 528 546 8 905
sysv_shm - 0 0
tmpfs /run/lock 0 6
tmpfs /run 2285568 1138
tmpfs /run/user/20029 0 20
tmpfs /run/qemu 0 1
tmpfs /dev/shm 37622984704 105491
vfs - 135034 11264 187097
vm - 10 986652788 572697169 738014 1617408 864020105 903851700 195397530 8069301 1062813995 73026 0 0 0 0 0 1811072 0 311878 5997 0 1623853 318 0 3 0 0

1778497952.406469 0 node0.mimesys-workload.ldos-ut-pg0.wisc.cloudlab.us
block sda 5916862 680222 1973301007 26461919 3866233 20295492 1145913963 21920522 6 7367636 48711689
block sdb 674 0 7540 666 4 0 0 0 0 828 667
cpu 11 643641 0 172158 4335242 101231 0 17
cpu 10 682196 2 155210 4317161 100899 0 22
cpu 13 603260 0 139676 4409082 100173 0 16
cpu 12 607527 0 136516 4408578 100853 0 13
cpu 15 556518 2 132400 4462122 100199 0 11
cpu 14 583262 0 139847 4429975 99052 0 17
cpu 17 356827 0 113240 4768646 16376 0 9
cpu 16 426508 0 124881 4690884 14640 0 10
cpu 19 426144 0 124179 4691352 16306 0 10
cpu 18 474197 5 126204 4642139 15300 0 10
cpu 1 593093 0 205788 4382636 63278 0 2134
cpu 0 597299 45 164022 4385537 65770 0 1244
cpu 3 638696 0 219495 4331941 62119 0 622
cpu 2 627611 0 218692 4340944 64541 0 216
cpu 5 564315 0 174945 4452317 61707 0 488
cpu 4 561068 1 176024 4452335 62411 0 144
cpu 7 506278 0 171753 4513485 61181 0 573
cpu 6 545940 0 175594 4470201 61824 0 355
cpu 9 601370 0 164499 4401932 83493 0 398
cpu 8 652210 0 168427 4346053 83385 0 369
mem 1 99033092 75313388 23719704 1693936 21053520 184 0 22372184 20516616 375784 57004 0 0 210544 12288 0 0
mem 0 97636988 59771384 37865604 1146560 35439812 192 0 36012576 2325992 577764 14756 0 0 467580 8192 0 0
net vnet169 0 0 38546 0 0 0 0 0 0 0 0 0 225 0 49175 0 0 0 0 0 0 340 0
net vnet168 0 0 41422 0 0 0 0 0 0 0 0 0 251 0 53665 0 0 0 0 0 0 411 0
net eno1 0 268627 40596822903 0 0 714 0 0 0 0 0 0 32420882 0 1437603410 0 0 0 0 0 0 6200422 0
net lo 0 0 21611060 0 0 0 0 0 0 0 0 0 159767 0 21611060 0 0 0 0 0 0 159767 0
net virbr0 0 2118 9997512252 0 0 0 0 0 0 0 0 0 39931159 0 38537064706 0 0 0 0 0 0 23686526 0
net vnet165 0 0 43932 0 0 0 0 0 0 0 0 0 259 0 66153 0 0 0 0 0 0 552 0
net vnet167 0 0 393146 0 0 0 0 0 0 0 0 0 1988 0 355671 0 0 0 0 0 0 1871 0
net vnet166 0 0 43710 0 0 0 0 0 0 0 0 0 254 0 63095 0 0 0 0 0 0 502 0
numa 1 404442567 18781169 10118603 29535 404375868 18826691
numa 0 431697901 10118603 18781169 29710 431644741 10121165
ps - 729090203 4587071 729 549 552 5 893
sysv_shm - 0 0
tmpfs /run/lock 0 6
tmpfs /run 2285568 1138
tmpfs /run/user/20029 0 20
tmpfs /run/qemu 0 1
tmpfs /dev/shm 37622984704 105491
vfs - 135033 11304 187017
vm - 10 986654250 572961381 738014 1617408 864036518 903868121 195397538 8069301 1062838608 73026 0 0 0 0 0 1811072 0 311878 5997 0 1623853 318 0 3 0 0

1778497952.573658 0 node0.mimesys-workload.ldos-ut-pg0.wisc.cloudlab.us
block sda 5916867 680222 1973301229 26462030 3866298 20295493 1146031347 21921895 26 7367804 48713178
block sdb 674 0 7540 666 4 0 0 0 0 828 667
cpu 11 643657 0 172158 4335242 101231 0 17
cpu 10 682201 2 155214 4317162 100906 0 22
cpu 13 603271 0 139678 4409088 100173 0 16
cpu 12 607542 0 136516 4408579 100853 0 13
cpu 15 556525 2 132401 4462128 100201 0 11
cpu 14 583278 0 139847 4429975 99052 0 17
cpu 17 356834 0 113241 4768648 16381 0 9
cpu 16 426514 0 124883 4690891 14643 0 10
cpu 19 426147 0 124180 4691366 16306 0 10
cpu 18 474198 5 126205 4642153 15300 0 10
cpu 1 593094 0 205791 4382649 63278 0 2134
cpu 0 597300 45 164024 4385550 65770 0 1244
cpu 3 638698 0 219496 4331955 62119 0 622
cpu 2 627612 0 218694 4340958 64541 0 216
cpu 5 564316 0 174948 4452330 61707 0 488
cpu 4 561068 1 176027 4452348 62411 0 144
cpu 7 506280 0 171754 4513498 61181 0 573
cpu 6 545940 0 175596 4470215 61824 0 355
cpu 9 601370 0 164501 4401946 83493 0 398
cpu 8 652211 0 168429 4346067 83385 0 369
mem 1 99033092 75310620 23722472 1693964 21054032 200 0 22372192 20515348 375904 57144 0 0 210544 12288 0 0
mem 0 97636988 59770916 37866072 1146552 35440420 192 0 36012576 2325428 578076 14420 0 0 467548 8192 0 0
net vnet169 0 0 38546 0 0 0 0 0 0 0 0 0 225 0 49227 0 0 0 0 0 0 341 0
net vnet168 0 0 41422 0 0 0 0 0 0 0 0 0 251 0 53717 0 0 0 0 0 0 412 0
net eno1 0 268627 40596823777 0 0 714 0 0 0 0 0 0 32420895 0 1437603511 0 0 0 0 0 0 6200423 0
net lo 0 0 21611670 0 0 0 0 0 0 0 0 0 159771 0 21611670 0 0 0 0 0 0 159771 0
net virbr0 0 2118 9997512252 0 0 0 0 0 0 0 0 0 39931159 0 38537064706 0 0 0 0 0 0 23686526 0
net vnet165 0 0 43932 0 0 0 0 0 0 0 0 0 259 0 66205 0 0 0 0 0 0 553 0
net vnet167 0 0 393146 0 0 0 0 0 0 0 0 0 1988 0 355723 0 0 0 0 0 0 1872 0
net vnet166 0 0 43710 0 0 0 0 0 0 0 0 0 254 0 63147 0 0 0 0 0 0 503 0
numa 1 404446996 18781169 10118603 29535 404380297 18826691
numa 0 431708125 10118603 18781169 29710 431654965 10121165
ps - 729094145 4587207 729 549 552 9 893
sysv_shm - 0 0
tmpfs /run/lock 0 6
tmpfs /run 2285568 1138
tmpfs /run/user/20029 0 20
tmpfs /run/qemu 0 1
tmpfs /dev/shm 37622984704 105491
vfs - 135033 11304 187051
vm - 10 986654345 573041777 738014 1617408 864051172 903882735 195397542 8069301 1062861848 73026 0 0 0 0 0 1811072 0 311878 5997 0 1623853 318 0 3 0 0

1778497953.429494 0 node0.mimesys-workload.ldos-ut-pg0.wisc.cloudlab.us
block sda 5916897 680222 1973301994 26463003 3866572 20295496 1146600715 21931685 7 7368660 48723941
block sdb 674 0 7540 666 4 0 0 0 0 828 667
cpu 11 643728 0 172159 4335249 101237 0 17
cpu 10 682247 2 155223 4317178 100925 0 22
cpu 13 603313 0 139684 4409103 100192 0 16
cpu 12 607583 0 136520 4408600 100871 0 13
cpu 15 556597 2 132404 4462135 100203 0 11
cpu 14 583359 0 139847 4429978 99053 0 17
cpu 17 356894 0 113244 4768658 16393 0 9
cpu 16 426594 0 124884 4690896 14643 0 10
cpu 19 426150 0 124183 4691447 16306 0 10
cpu 18 474201 5 126207 4642234 15300 0 10
cpu 1 593095 0 205794 4382730 63278 0 2134
cpu 0 597304 45 164026 4385629 65770 0 1244
cpu 3 638700 0 219497 4332036 62119 0 622
cpu 2 627616 0 218696 4341038 64541 0 216
cpu 5 564318 0 174950 4452412 61707 0 488
cpu 4 561070 1 176030 4452429 62411 0 144
cpu 7 506281 0 171756 4513580 61181 0 573
cpu 6 545942 0 175599 4470296 61824 0 355
cpu 9 601372 0 164506 4402026 83493 0 398
cpu 8 652214 0 168430 4346149 83385 0 369
mem 1 99033092 75309372 23723720 1693940 21054788 216 0 22372192 20516484 376504 57400 0 0 210512 12288 0 0
mem 0 97636988 59768400 37868588 1146576 35440564 200 0 36012580 2326160 578612 14408 0 0 467816 8192 0 0
net vnet169 0 0 38546 0 0 0 0 0 0 0 0 0 225 0 49227 0 0 0 0 0 0 341 0
net vnet168 0 0 41422 0 0 0 0 0 0 0 0 0 251 0 53717 0 0 0 0 0 0 412 0
net eno1 0 268640 40596828034 0 0 714 0 0 0 0 0 0 32420958 0 1437603856 0 0 0 0 0 0 6200426 0
net lo 0 0 21612227 0 0 0 0 0 0 0 0 0 159775 0 21612227 0 0 0 0 0 0 159775 0
net virbr0 0 2118 9997512252 0 0 0 0 0 0 0 0 0 39931159 0 38537064706 0 0 0 0 0 0 23686526 0
net vnet165 0 0 43932 0 0 0 0 0 0 0 0 0 259 0 66205 0 0 0 0 0 0 553 0
net vnet167 0 0 393146 0 0 0 0 0 0 0 0 0 1988 0 355723 0 0 0 0 0 0 1872 0
net vnet166 0 0 43710 0 0 0 0 0 0 0 0 0 254 0 63147 0 0 0 0 0 0 503 0
numa 1 404451607 18781169 10118603 29535 404384908 18826691
numa 0 431719569 10118603 18781169 29710 431666409 10121165
ps - 729110990 4587350 729 549 552 9 891
sysv_shm - 0 0
tmpfs /run/lock 0 6
tmpfs /run 2285568 1138
tmpfs /run/user/20029 0 20
tmpfs /run/qemu 0 1
tmpfs /dev/shm 37622984704 105491
vfs - 135046 11344 187109
vm - 10 986654721 573305989 738014 1617408 864067224 903898829 195397549 8069301 1062886346 73026 0 0 0 0 0 1811072 0 311878 5997 0 1623853 318 0 3 0 0

1778497953.597417 0 node0.mimesys-workload.ldos-ut-pg0.wisc.cloudlab.us
block sda 5916903 680222 1973302203 26463099 3866624 20295500 1146713363 21932779 32 7368828 48725131
block sdb 674 0 7540 666 4 0 0 0 0 828 667
cpu 11 643740 0 172160 4335251 101238 0 17
cpu 10 682259 2 155223 4317180 100928 0 22
cpu 13 603323 0 139686 4409104 100196 0 16
cpu 12 607596 0 136520 4408602 100872 0 13
cpu 15 556609 2 132405 4462138 100204 0 11
cpu 14 583375 0 139847 4429979 99053 0 17
cpu 17 356911 0 113244 4768659 16393 0 9
cpu 16 426603 0 124888 4690900 14645 0 10
cpu 19 426152 0 124184 4691461 16306 0 10
cpu 18 474203 5 126208 4642247 15300 0 10
cpu 1 593097 0 205795 4382743 63278 0 2134
cpu 0 597305 45 164029 4385643 65770 0 1244
cpu 3 638701 0 219499 4332050 62119 0 622
cpu 2 627616 0 218698 4341052 64541 0 216
cpu 5 564319 0 174953 4452425 61707 0 488
cpu 4 561070 1 176033 4452443 62411 0 144
cpu 7 506282 0 171758 4513594 61181 0 573
cpu 6 545943 0 175602 4470309 61824 0 355
cpu 9 601373 0 164508 4402039 83493 0 398
cpu 8 652215 0 168432 4346162 83385 0 369
mem 1 99033092 75321500 23711592 1693952 21053164 232 0 22372196 20516468 374664 56900 0 0 210512 12288 0 0
mem 0 97636988 59765636 37871352 1146564 35440572 200 0 36012580 2326244 578100 14436 0 0 467632 8192 0 0
net vnet169 0 0 38546 0 0 0 0 0 0 0 0 0 225 0 49227 0 0 0 0 0 0 341 0
net vnet168 0 0 41422 0 0 0 0 0 0 0 0 0 251 0 53717 0 0 0 0 0 0 412 0
net eno1 0 268640 40596829448 0 0 714 0 0 0 0 0 0 32420980 0 1437603957 0 0 0 0 0 0 6200427 0
net lo 0 0 21612837 0 0 0 0 0 0 0 0 0 159779 0 21612837 0 0 0 0 0 0 159779 0
net virbr0 0 2118 9997512252 0 0 0 0 0 0 0 0 0 39931159 0 38537064706 0 0 0 0 0 0 23686526 0
net vnet165 0 0 43932 0 0 0 0 0 0 0 0 0 259 0 66205 0 0 0 0 0 0 553 0
net vnet167 0 0 393146 0 0 0 0 0 0 0 0 0 1988 0 355723 0 0 0 0 0 0 1872 0
net vnet166 0 0 43710 0 0 0 0 0 0 0 0 0 254 0 63147 0 0 0 0 0 0 503 0
numa 1 404455238 18781169 10118603 29535 404388539 18826691
numa 0 431730516 10118603 18781169 29710 431677356 10121165
ps - 729114808 4587486 729 549 552 7 891
sysv_shm - 0 0
tmpfs /run/lock 0 6
tmpfs /run 2285568 1138
tmpfs /run/user/20029 0 20
tmpfs /run/qemu 0 1
tmpfs /dev/shm 37622984704 105491
vfs - 135034 11264 187013
vm - 10 986654822 573405065 738014 1617408 864081802 903913407 195397558 8069301 1062909583 73026 0 0 0 0 0 1811072 0 311878 5997 0 1623853 318 0 3 0 0

1778497954.453667 0 node0.mimesys-workload.ldos-ut-pg0.wisc.cloudlab.us
block sda 5916939 680222 1973303679 26464070 3867004 20295507 1147275483 21947593 32 7369684 48740930
block sdb 674 0 7540 666 4 0 0 0 0 828 667
cpu 11 643785 0 172162 4335260 101266 0 17
cpu 10 682304 2 155230 4317191 100951 0 22
cpu 13 603381 0 139690 4409117 100206 0 16
cpu 12 607635 0 136525 4408625 100889 0 13
cpu 15 556639 2 132410 4462153 100237 0 11
cpu 14 583458 0 139847 4429982 99053 0 17
cpu 17 356965 0 113248 4768672 16407 0 9
cpu 16 426674 0 124889 4690901 14655 0 10
cpu 19 426154 0 124187 4691541 16306 0 10
cpu 18 474205 5 126210 4642328 15300 0 10
cpu 1 593098 0 205798 4382825 63278 0 2134
cpu 0 597307 45 164032 4385723 65770 0 1244
cpu 3 638701 0 219502 4332131 62119 0 622
cpu 2 627620 0 218701 4341121 64553 0 216
cpu 5 564323 0 174956 4452505 61707 0 488
cpu 4 561072 1 176036 4452524 62411 0 144
cpu 7 506283 0 171761 4513676 61181 0 573
cpu 6 545945 0 175604 4470390 61824 0 355
cpu 9 601376 0 164512 4402117 83493 0 398
cpu 8 652216 0 168435 4346244 83385 0 369
mem 1 99033092 75319380 23713712 1693948 21054508 16 0 22372288 20515520 376432 57088 0 0 210448 12288 0 0
mem 0 97636988 59762892 37874096 1146580 35442120 84 0 36012588 2326208 579680 14512 0 0 467480 8192 0 0
net vnet169 0 0 38546 0 0 0 0 0 0 0 0 0 225 0 49227 0 0 0 0 0 0 341 0
net vnet168 0 0 41422 0 0 0 0 0 0 0 0 0 251 0 53717 0 0 0 0 0 0 412 0
net eno1 0 268640 40596835327 0 0 714 0 0 0 0 0 0 32421069 0 1437604646 0 0 0 0 0 0 6200435 0
net lo 0 0 21613394 0 0 0 0 0 0 0 0 0 159783 0 21613394 0 0 0 0 0 0 159783 0
net virbr0 0 2118 9997512252 0 0 0 0 0 0 0 0 0 39931159 0 38537064706 0 0 0 0 0 0 23686526 0
net vnet165 0 0 43932 0 0 0 0 0 0 0 0 0 259 0 66205 0 0 0 0 0 0 553 0
net vnet167 0 0 393146 0 0 0 0 0 0 0 0 0 1988 0 355723 0 0 0 0 0 0 1872 0
net vnet166 0 0 43710 0 0 0 0 0 0 0 0 0 254 0 63147 0 0 0 0 0 0 503 0
numa 1 404461171 18781169 10118603 29535 404394472 18826691
numa 0 431741240 10118603 18781169 29710 431688080 10121165
ps - 729131661 4587630 729 549 552 4 892
sysv_shm - 0 0
tmpfs /run/lock 0 6
tmpfs /run 2285568 1138
tmpfs /run/user/20029 0 20
tmpfs /run/qemu 0 1
tmpfs /dev/shm 37622988800 105491
vfs - 135058 11304 187185
vm - 10 986655594 573658121 738014 1617408 864098459 903929579 195397568 8069301 1062934891 73026 0 0 0 0 0 1811072 0 311878 5997 0 1623853 318 0 3 0 0

1778497954.626668 0 node0.mimesys-workload.ldos-ut-pg0.wisc.cloudlab.us
block sda 5916944 680222 1973303852 26464342 3867081 20295507 1147388067 21952233 6 7369856 48745899
block sdb 674 0 7540 666 4 0 0 0 0 828 667
cpu 11 643789 0 172164 4335265 101272 0 17
cpu 10 682308 2 155232 4317196 100957 0 22
cpu 13 603382 0 139692 4409125 100212 0 16
cpu 12 607640 0 136526 4408628 100895 0 13
cpu 15 556642 2 132412 4462156 100247 0 11
cpu 14 583465 0 139850 4429987 99055 0 17
cpu 17 356966 0 113251 4768678 16413 0 9
cpu 16 426675 0 124891 4690907 14662 0 10
cpu 19 426156 0 124188 4691555 16306 0 10
cpu 18 474206 5 126213 4642342 15300 0 10
cpu 1 593100 0 205799 4382838 63278 0 2134
cpu 0 597308 45 164034 4385737 65770 0 1244
cpu 3 638702 0 219504 4332145 62119 0 622
cpu 2 627621 0 218702 4341135 64553 0 216
cpu 5 564324 0 174958 4452519 61707 0 488
cpu 4 561072 1 176038 4452538 62411 0 144
cpu 7 506284 0 171762 4513690 61181 0 573
cpu 6 545946 0 175606 4470405 61824 0 355
cpu 9 601376 0 164514 4402132 83493 0 398
cpu 8 652217 0 168437 4346259 83385 0 369
mem 1 99033092 75313588 23719504 1693960 21055856 72 0 22372348 20515860 377200 57168 0 0 210480 12288 0 0
mem 0 97636988 59759624 37877364 1146556 35441580 184 0 36012592 2325680 579608 14188 0 0 467552 8192 0 0
net vnet169 0 0 38546 0 0 0 0 0 0 0 0 0 225 0 49279 0 0 0 0 0 0 342 0
net vnet168 0 0 41422 0 0 0 0 0 0 0 0 0 251 0 53769 0 0 0 0 0 0 413 0
net eno1 0 268640 40596836477 0 0 714 0 0 0 0 0 0 32421086 0 1437605991 0 0 0 0 0 0 6200438 0
net lo 0 0 21614004 0 0 0 0 0 0 0 0 0 159787 0 21614004 0 0 0 0 0 0 159787 0
net virbr0 0 2118 9997512252 0 0 0 0 0 0 0 0 0 39931159 0 38537064706 0 0 0 0 0 0 23686526 0
net vnet165 0 0 43932 0 0 0 0 0 0 0 0 0 259 0 66257 0 0 0 0 0 0 554 0
net vnet167 0 0 393146 0 0 0 0 0 0 0 0 0 1988 0 355775 0 0 0 0 0 0 1873 0
net vnet166 0 0 43710 0 0 0 0 0 0 0 0 0 254 0 63199 0 0 0 0 0 0 504 0
numa 1 404468450 18781169 10118603 29535 404401751 18826691
numa 0 431748652 10118603 18781169 29710 431695492 10121165
ps - 729133935 4587767 729 549 552 2 893
sysv_shm - 0 0
tmpfs /run/lock 0 6
tmpfs /run 2285568 1138
tmpfs /run/user/20029 0 20
tmpfs /run/qemu 0 1
tmpfs /dev/shm 37622992896 105491
vfs - 135041 11384 187028
vm - 10 986655678 573696529 738014 1617408 864113151 903944202 195397572 8069301 1062958303 73026 0 0 0 0 0 1811072 0 311878 5997 0 1623853 318 0 3 0 0

1778497955.481081 0 node0.mimesys-workload.ldos-ut-pg0.wisc.cloudlab.us
block sda 5917005 680222 1973306693 26465545 3867402 20295527 1147863859 21959793 0 7370652 48754700
block sdb 674 0 7540 666 4 0 0 0 0 828 667
cpu 11 643808 0 172167 4335290 101307 0 17
cpu 10 682331 2 155235 4317235 100976 0 22
cpu 13 603457 0 139692 4409128 100219 0 16
cpu 12 607677 0 136530 4408657 100910 0 13
cpu 15 556653 2 132414 4462186 100283 0 11
cpu 14 583482 0 139852 4430037 99070 0 17
cpu 17 356982 0 113254 4768698 16460 0 9
cpu 16 426686 0 124894 4690954 14687 0 10
cpu 19 426160 0 124192 4691634 16306 0 10
cpu 18 474208 5 126216 4642422 15300 0 10
cpu 1 593102 0 205801 4382919 63278 0 2134
cpu 0 597313 45 164037 4385815 65770 0 1244
cpu 3 638702 0 219506 4332228 62119 0 622
cpu 2 627625 0 218703 4341216 64553 0 216
cpu 5 564325 0 174960 4452602 61707 0 488
cpu 4 561074 1 176041 4452619 62411 0 144
cpu 7 506285 0 171765 4513765 61188 0 573
cpu 6 545948 0 175608 4470486 61824 0 355
cpu 9 601377 0 164516 4402214 83493 0 398
cpu 8 652219 0 168440 4346341 83385 0 369
mem 1 99033092 75314604 23718488 1694036 21056220 76 0 22372364 20516168 378216 57808 0 0 210544 12288 0 0
mem 0 97636988 59758112 37878876 1146512 35440636 144 0 36012592 2325596 578552 13848 0 0 467192 8192 0 0
net vnet169 0 0 38546 0 0 0 0 0 0 0 0 0 225 0 49279 0 0 0 0 0 0 342 0
net vnet168 0 0 41422 0 0 0 0 0 0 0 0 0 251 0 53769 0 0 0 0 0 0 413 0
net eno1 0 268651 40596843896 0 0 714 0 0 0 0 0 0 32421174 0 1437607174 0 0 0 0 0 0 6200444 0
net lo 0 0 21614561 0 0 0 0 0 0 0 0 0 159791 0 21614561 0 0 0 0 0 0 159791 0
net virbr0 0 2118 9997513080 0 0 0 0 0 0 0 0 0 39931160 0 38537064706 0 0 0 0 0 0 23686526 0
net vnet165 0 0 43932 0 0 0 0 0 0 0 0 0 259 0 66257 0 0 0 0 0 0 554 0
net vnet167 0 0 393988 0 0 0 0 0 0 0 0 0 1989 0 355775 0 0 0 0 0 0 1873 0
net vnet166 0 0 43710 0 0 0 0 0 0 0 0 0 254 0 63199 0 0 0 0 0 0 504 0
numa 1 404476268 18781169 10118603 29535 404409569 18826691
numa 0 431756982 10118603 18781169 29710 431703822 10121165
ps - 729143246 4587910 729 549 552 2 893
sysv_shm - 0 0
tmpfs /run/lock 0 6
tmpfs /run 2285568 1138
tmpfs /run/user/20029 0 20
tmpfs /run/qemu 0 1
tmpfs /dev/shm 37622992896 105491
vfs - 135040 11384 187020
vm - 10 986657063 573931929 738014 1617408 864129298 903960251 195397579 8069301 1062982921 73026 0 0 0 0 0 1811072 0 311878 5997 0 1623853 318 0 3 0 0

1778497955.654529 0 node0.mimesys-workload.ldos-ut-pg0.wisc.cloudlab.us
block sda 5917050 680222 1973309129 26465566 3867402 20295527 1147863859 21959793 0 7370716 48754721
block sdb 674 0 7540 666 4 0 0 0 0 828 667
cpu 11 643812 0 172167 4335302 101308 0 17
cpu 10 682336 2 155236 4317245 100977 0 22
cpu 13 603475 0 139692 4409128 100219 0 16
cpu 12 607682 0 136531 4408668 100911 0 13
cpu 15 556655 2 132417 4462199 100283 0 11
cpu 14 583489 0 139854 4430044 99070 0 17
cpu 17 356984 0 113256 4768708 16460 0 9
cpu 16 426689 0 124896 4690966 14688 0 10
cpu 19 426161 0 124194 4691648 16306 0 10
cpu 18 474209 5 126217 4642436 15300 0 10
cpu 1 593104 0 205802 4382934 63278 0 2134
cpu 0 597314 45 164040 4385828 65770 0 1244
cpu 3 638703 0 219507 4332242 62119 0 622
cpu 2 627626 0 218705 4341230 64553 0 216
cpu 5 564326 0 174962 4452615 61707 0 488
cpu 4 561074 1 176044 4452634 62411 0 144
cpu 7 506285 0 171768 4513780 61188 0 573
cpu 6 545948 0 175611 4470500 61824 0 355
cpu 9 601378 0 164518 4402228 83493 0 398
cpu 8 652220 0 168442 4346355 83385 0 369
mem 1 99033092 75312088 23721004 1694024 21055856 100 0 22372364 20516012 377772 57504 0 0 210504 12288 0 0
mem 0 97636988 59756096 37880892 1146528 35439424 152 0 36012596 2325080 576996 14068 0 0 467204 8192 0 0
net vnet169 0 0 38546 0 0 0 0 0 0 0 0 0 225 0 49279 0 0 0 0 0 0 342 0
net vnet168 0 0 41422 0 0 0 0 0 0 0 0 0 251 0 53769 0 0 0 0 0 0 413 0
net eno1 0 268651 40596845550 0 0 714 0 0 0 0 0 0 32421200 0 1437607275 0 0 0 0 0 0 6200445 0
net lo 0 0 21615171 0 0 0 0 0 0 0 0 0 159795 0 21615171 0 0 0 0 0 0 159795 0
net virbr0 0 2118 9997513980 0 0 0 0 0 0 0 0 0 39931169 0 38537065704 0 0 0 0 0 0 23686535 0
net vnet165 0 0 43932 0 0 0 0 0 0 0 0 0 259 0 66257 0 0 0 0 0 0 554 0
net vnet167 0 0 395014 0 0 0 0 0 0 0 0 0 1998 0 356773 0 0 0 0 0 0 1882 0
net vnet166 0 0 43710 0 0 0 0 0 0 0 0 0 254 0 63199 0 0 0 0 0 0 504 0
numa 1 404482812 18781169 10118603 29535 404416113 18826691
numa 0 431765270 10118603 18781169 29710 431712110 10121165
ps - 729146778 4588047 729 549 552 3 893
sysv_shm - 0 0
tmpfs /run/lock 0 6
tmpfs /run 2285568 1138
tmpfs /run/user/20029 0 20
tmpfs /run/qemu 0 1
tmpfs /dev/shm 37622992896 105491
vfs - 135037 11384 187049
vm - 10 986658281 573931929 738014 1617408 864144132 903975435 195397585 8069301 1063006348 73026 0 0 0 0 0 1811072 0 311878 5997 0 1623853 318 0 3 0 0

1778497956.508037 0 node0.mimesys-workload.ldos-ut-pg0.wisc.cloudlab.us
block sda 5917050 680222 1973309129 26465566 3867408 20295527 1147863883 21959794 0 7370732 48754722
block sdb 674 0 7540 666 4 0 0 0 0 828 667
cpu 11 643853 0 172173 4335342 101308 0 17
cpu 10 682345 2 155237 4317320 100977 0 22
cpu 13 603520 0 139695 4409166 100219 0 16
cpu 12 607715 0 136533 4408720 100911 0 13
cpu 15 556666 2 132420 4462268 100283 0 11
cpu 14 583498 0 139856 4430117 99070 0 17
cpu 17 357008 0 113258 4768767 16460 0 9
cpu 16 426704 0 124897 4691033 14688 0 10
cpu 19 426164 0 124196 4691728 16306 0 10
cpu 18 474212 5 126220 4642517 15300 0 10
cpu 1 593106 0 205803 4383015 63278 0 2134
cpu 0 597318 45 164043 4385906 65770 0 1244
cpu 3 638703 0 219510 4332324 62119 0 622
cpu 2 627627 0 218707 4341311 64553 0 216
cpu 5 564329 0 174967 4452694 61707 0 488
cpu 4 561076 1 176047 4452714 62411 0 144
cpu 7 506286 0 171770 4513862 61188 0 573
cpu 6 545949 0 175614 4470581 61824 0 355
cpu 9 601380 0 164519 4402311 83493 0 398
cpu 8 652222 0 168444 4346437 83385 0 369
mem 1 99033092 75310828 23722264 1693996 21055672 164 0 22372364 20515988 377520 57520 0 0 210656 12288 0 0
mem 0 97636988 59752828 37884160 1146524 35436844 180 0 36012596 2324924 574236 13724 0 0 467196 8192 0 0
net vnet169 0 0 38546 0 0 0 0 0 0 0 0 0 225 0 49331 0 0 0 0 0 0 343 0
net vnet168 0 0 41422 0 0 0 0 0 0 0 0 0 251 0 53821 0 0 0 0 0 0 414 0
net eno1 0 268651 40596851827 0 0 714 0 0 0 0 0 0 32421295 0 1437607796 0 0 0 0 0 0 6200450 0
net lo 0 0 21615728 0 0 0 0 0 0 0 0 0 159799 0 21615728 0 0 0 0 0 0 159799 0
net virbr0 0 2118 9997513980 0 0 0 0 0 0 0 0 0 39931169 0 38537065704 0 0 0 0 0 0 23686535 0
net vnet165 0 0 43932 0 0 0 0 0 0 0 0 0 259 0 66309 0 0 0 0 0 0 555 0
net vnet167 0 0 395014 0 0 0 0 0 0 0 0 0 1998 0 356825 0 0 0 0 0 0 1883 0
net vnet166 0 0 43710 0 0 0 0 0 0 0 0 0 254 0 63251 0 0 0 0 0 0 505 0
numa 1 404489535 18781169 10118603 29535 404422836 18826691
numa 0 431774320 10118603 18781169 29710 431721160 10121165
ps - 729158775 4588190 729 549 552 3 891
sysv_shm - 0 0
tmpfs /run/lock 0 6
tmpfs /run 2285568 1138
tmpfs /run/user/20029 0 20
tmpfs /run/qemu 0 1
tmpfs /dev/shm 37622992896 105491
vfs - 135048 11264 187139
vm - 10 986658281 573931945 738014 1617408 864159903 903991797 195397591 8069301 1063031063 73026 0 0 0 0 0 1811072 0 311878 5997 0 1623853 318 0 3 0 0

1778497956.679851 0 node0.mimesys-workload.ldos-ut-pg0.wisc.cloudlab.us
block sda 5917052 680222 1973309193 26465567 3867428 20295527 1147863963 21959796 0 7370776 48754727
block sdb 674 0 7540 666 4 0 0 0 0 828 667
cpu 11 643862 0 172174 4335351 101308 0 17
cpu 10 682351 2 155240 4317329 100977 0 22
cpu 13 603523 0 139696 4409178 100219 0 16
cpu 12 607719 0 136534 4408731 100911 0 13
cpu 15 556672 2 132423 4462276 100283 0 11
cpu 14 583508 0 139856 4430125 99070 0 17
cpu 17 357012 0 113260 4768778 16460 0 9
cpu 16 426706 0 124900 4691046 14688 0 10
cpu 19 426164 0 124199 4691742 16306 0 10
cpu 18 474214 5 126221 4642531 15300 0 10
cpu 1 593106 0 205805 4383029 63278 0 2134
cpu 0 597319 45 164044 4385920 65770 0 1244
cpu 3 638704 0 219512 4332338 62119 0 622
cpu 2 627629 0 218711 4341323 64553 0 216
cpu 5 564330 0 174970 4452707 61707 0 488
cpu 4 561077 1 176050 4452728 62411 0 144
cpu 7 506287 0 171772 4513876 61188 0 573
cpu 6 545950 0 175615 4470596 61824 0 355
cpu 9 601380 0 164521 4402325 83493 0 398
cpu 8 652223 0 168447 4346451 83385 0 369
mem 1 99033092 75306796 23726296 1694000 21055640 180 0 22372364 20515100 376984 57632 0 0 210704 12288 0 0
mem 0 97636988 59749332 37887656 1146540 35437996 188 0 36012600 2324456 575544 13908 0 0 467180 8192 0 0
net vnet169 0 0 38546 0 0 0 0 0 0 0 0 0 225 0 49331 0 0 0 0 0 0 343 0
net vnet168 0 0 41422 0 0 0 0 0 0 0 0 0 251 0 53821 0 0 0 0 0 0 414 0
net eno1 0 268651 40596853155 0 0 714 0 0 0 0 0 0 32421314 0 1437607998 0 0 0 0 0 0 6200452 0
net lo 0 0 21616948 0 0 0 0 0 0 0 0 0 159807 0 21616948 0 0 0 0 0 0 159807 0
net virbr0 0 2118 9997513980 0 0 0 0 0 0 0 0 0 39931169 0 38537065704 0 0 0 0 0 0 23686535 0
net vnet165 0 0 43932 0 0 0 0 0 0 0 0 0 259 0 66309 0 0 0 0 0 0 555 0
net vnet167 0 0 395014 0 0 0 0 0 0 0 0 0 1998 0 356825 0 0 0 0 0 0 1883 0
net vnet166 0 0 43710 0 0 0 0 0 0 0 0 0 254 0 63251 0 0 0 0 0 0 505 0
numa 1 404496023 18781169 10118603 29535 404429324 18826691
numa 0 431783927 10118603 18781169 29710 431730767 10121165
ps - 729161947 4588332 729 549 552 5 891
sysv_shm - 0 0
tmpfs /run/lock 0 6
tmpfs /run 2285568 1138
tmpfs /run/user/20029 0 20
tmpfs /run/qemu 0 1
tmpfs /dev/shm 37622992896 105491
vfs - 135032 11304 187004
vm - 10 986658313 573931981 738014 1617408 864176000 904007683 195397597 8069301 1063056751 73026 0 0 0 0 0 1811072 0 311878 5997 0 1623853 318 0 3 0 0

1778497957.533388 0 node0.mimesys-workload.ldos-ut-pg0.wisc.cloudlab.us
block sda 5917108 680222 1973310447 26465580 3867442 20295527 1147864787 21959799 0 7370916 48754744
block sdb 674 0 7540 666 4 0 0 0 0 828 667
cpu 11 643889 0 172178 4335401 101308 0 17
cpu 10 682387 2 155244 4317372 100977 0 22
cpu 13 603548 0 139700 4409232 100219 0 16
cpu 12 607752 0 136538 4408777 100911 0 13
cpu 15 556710 2 132426 4462319 100283 0 11
cpu 14 583548 0 139860 4430166 99070 0 17
cpu 17 357039 0 113260 4768833 16460 0 9
cpu 16 426748 0 124906 4691080 14688 0 10
cpu 19 426167 0 124202 4691822 16306 0 10
cpu 18 474217 5 126224 4642610 15300 0 10
cpu 1 593107 0 205808 4383111 63278 0 2134
cpu 0 597322 45 164048 4385999 65770 0 1244
cpu 3 638705 0 219515 4332420 62119 0 622
cpu 2 627631 0 218712 4341405 64553 0 216
cpu 5 564332 0 174976 4452784 61707 0 488
cpu 4 561078 1 176052 4452810 62411 0 144
cpu 7 506288 0 171775 4513957 61188 0 573
cpu 6 545955 0 175617 4470675 61824 0 355
cpu 9 601381 0 164523 4402408 83493 0 398
cpu 8 652226 0 168450 4346531 83385 0 369
mem 1 99033092 75304780 23728312 1694056 21055320 216 0 22372372 20516496 377604 57696 0 0 210608 12288 0 0
mem 0 97636988 59767704 37869284 1146560 35438048 200 0 36012600 2325364 575964 14100 0 0 467320 8192 0 0
net vnet169 0 0 38546 0 0 0 0 0 0 0 0 0 225 0 49331 0 0 0 0 0 0 343 0
net vnet168 0 0 41422 0 0 0 0 0 0 0 0 0 251 0 53821 0 0 0 0 0 0 414 0
net eno1 0 268664 40596858312 0 0 714 0 0 0 0 0 0 32421392 0 1437608343 0 0 0 0 0 0 6200455 0
net lo 0 0 21617505 0 0 0 0 0 0 0 0 0 159811 0 21617505 0 0 0 0 0 0 159811 0
net virbr0 0 2118 9997518691 0 0 0 0 0 0 0 0 0 39931197 0 38537070508 0 0 0 0 0 0 23686557 0
net vnet165 0 0 43932 0 0 0 0 0 0 0 0 0 259 0 66309 0 0 0 0 0 0 555 0
net vnet167 0 0 400117 0 0 0 0 0 0 0 0 0 2026 0 361629 0 0 0 0 0 0 1905 0
net vnet166 0 0 43710 0 0 0 0 0 0 0 0 0 254 0 63251 0 0 0 0 0 0 505 0
numa 1 404502165 18781169 10118603 29535 404435466 18826691
numa 0 431794149 10118603 18781169 29710 431740989 10121165
ps - 729176832 4588478 718 550 553 4 893
sysv_shm - 0 0
tmpfs /run/lock 0 6
tmpfs /run 2285568 1138
tmpfs /run/user/20029 0 20
tmpfs /run/qemu 0 1
tmpfs /dev/shm 37623005184 105492
vfs - 135053 10864 187173
vm - 10 986658940 573932393 738014 1617408 864192363 904024193 195397630 8069301 1063081895 73026 0 0 0 0 0 1811072 0 311878 5997 0 1623853 318 0 3 0 0

1778497957.702664 0 node0.mimesys-workload.ldos-ut-pg0.wisc.cloudlab.us
block sda 5917112 680222 1973310479 26465581 3867442 20295527 1147864787 21959799 0 7370932 48754745
block sdb 674 0 7540 666 4 0 0 0 0 828 667
cpu 11 643892 0 172183 4335409 101308 0 17
cpu 10 682397 2 155247 4317377 100977 0 22
cpu 13 603554 0 139702 4409242 100219 0 16
cpu 12 607758 0 136540 4408786 100911 0 13
cpu 15 556714 2 132428 4462329 100283 0 11
cpu 14 583555 0 139864 4430174 99070 0 17
cpu 17 357047 0 113265 4768837 16460 0 9
cpu 16 426753 0 124907 4691090 14688 0 10
cpu 19 426167 0 124204 4691836 16306 0 10
cpu 18 474218 5 126226 4642623 15300 0 10
cpu 1 593108 0 205809 4383125 63278 0 2134
cpu 0 597323 45 164051 4386013 65770 0 1244
cpu 3 638706 0 219516 4332434 62119 0 622
cpu 2 627631 0 218714 4341419 64553 0 216
cpu 5 564333 0 174978 4452799 61707 0 488
cpu 4 561079 1 176054 4452824 62411 0 144
cpu 7 506288 0 171778 4513971 61188 0 573
cpu 6 545957 0 175619 4470688 61824 0 355
cpu 9 601383 0 164524 4402422 83493 0 398
cpu 8 652226 0 168452 4346545 83385 0 369
mem 1 99033092 75305756 23727336 1694044 21054384 236 0 22372380 20515516 376956 56996 0 0 210608 12288 0 0
mem 0 97636988 59780180 37856808 1146624 35439552 204 0 36012604 2325880 576756 14724 0 0 467436 8192 0 0
net vnet169 0 0 38546 0 0 0 0 0 0 0 0 0 225 0 49331 0 0 0 0 0 0 343 0
net vnet168 0 0 41422 0 0 0 0 0 0 0 0 0 251 0 53821 0 0 0 0 0 0 414 0
net eno1 0 268664 40596859666 0 0 714 0 0 0 0 0 0 32421413 0 1437608444 0 0 0 0 0 0 6200456 0
net lo 0 0 21618115 0 0 0 0 0 0 0 0 0 159815 0 21618115 0 0 0 0 0 0 159815 0
net virbr0 0 2118 9997518691 0 0 0 0 0 0 0 0 0 39931197 0 38537070508 0 0 0 0 0 0 23686557 0
net vnet165 0 0 43932 0 0 0 0 0 0 0 0 0 259 0 66309 0 0 0 0 0 0 555 0
net vnet167 0 0 400117 0 0 0 0 0 0 0 0 0 2026 0 361629 0 0 0 0 0 0 1905 0
net vnet166 0 0 43710 0 0 0 0 0 0 0 0 0 254 0 63251 0 0 0 0 0 0 505 0
numa 1 404508533 18781169 10118603 29535 404441834 18826691
numa 0 431802306 10118603 18781169 29710 431749146 10121165
ps - 729181671 4588614 718 550 553 1 893
sysv_shm - 0 0
tmpfs /run/lock 0 6
tmpfs /run 2285568 1138
tmpfs /run/user/20029 0 20
tmpfs /run/qemu 0 1
tmpfs /dev/shm 37623013376 105492
vfs - 135033 10344 187013
vm - 10 986658956 573932393 738014 1617408 864206887 904038725 195397664 8069301 1063105210 73026 0 0 0 0 0 1811072 0 311878 5997 0 1623853 318 0 3 0 0

1778497958.561658 0 node0.mimesys-workload.ldos-ut-pg0.wisc.cloudlab.us
block sda 5917112 680222 1973310479 26465581 3867442 20295527 1147864787 21959799 0 7370932 48754745
block sdb 674 0 7540 666 4 0 0 0 0 828 667
cpu 11 643897 0 172184 4335489 101308 0 17
cpu 10 682410 2 155248 4317449 100977 0 22
cpu 13 603559 0 139704 4409320 100219 0 16
cpu 12 607766 0 136541 4408862 100911 0 13
cpu 15 556723 2 132430 4462403 100283 0 11
cpu 14 583561 0 139867 4430250 99070 0 17
cpu 17 357053 0 113270 4768912 16460 0 9
cpu 16 426763 0 124912 4691159 14688 0 10
cpu 19 426170 0 124206 4691915 16306 0 10
cpu 18 474226 5 126228 4642699 15300 0 10
cpu 1 593109 0 205813 4383205 63278 0 2134
cpu 0 597330 45 164055 4386087 65770 0 1244
cpu 3 638711 0 219519 4332513 62119 0 622
cpu 2 627636 0 218718 4341497 64553 0 216
cpu 5 564338 0 174981 4452877 61707 0 488
cpu 4 561083 1 176057 4452903 62411 0 144
cpu 7 506293 0 171780 4514050 61188 0 573
cpu 6 545960 0 175622 4470768 61824 0 355
cpu 9 601384 0 164526 4402505 83493 0 398
cpu 8 652233 0 168454 4346624 83385 0 369
mem 1 99033092 75310656 23722436 1694132 21056980 272 0 22372388 20515964 378908 57292 0 0 210520 12288 0 0
mem 0 97636988 59789640 37847348 1146640 35438464 208 0 36012604 2325280 576144 14216 0 0 467160 8192 0 0
net vnet169 0 0 38546 0 0 0 0 0 0 0 0 0 225 0 49383 0 0 0 0 0 0 344 0
net vnet168 0 0 41422 0 0 0 0 0 0 0 0 0 251 0 53873 0 0 0 0 0 0 415 0
net eno1 0 268664 40596865247 0 0 714 0 0 0 0 0 0 32421500 0 1437608768 0 0 0 0 0 0 6200459 0
net lo 0 0 21619298 0 0 0 0 0 0 0 0 0 159823 0 21619298 0 0 0 0 0 0 159823 0
net virbr0 0 2118 9997521433 0 0 0 0 0 0 0 0 0 39931211 0 38537074198 0 0 0 0 0 0 23686569 0
net vnet165 0 0 43932 0 0 0 0 0 0 0 0 0 259 0 66361 0 0 0 0 0 0 556 0
net vnet167 0 0 403055 0 0 0 0 0 0 0 0 0 2040 0 365371 0 0 0 0 0 0 1918 0
net vnet166 0 0 43710 0 0 0 0 0 0 0 0 0 254 0 63303 0 0 0 0 0 0 506 0
numa 1 404515975 18781169 10118603 29535 404449276 18826691
numa 0 431812538 10118603 18781169 29710 431759378 10121165
ps - 729187979 4588764 718 550 553 2 893
sysv_shm - 0 0
tmpfs /run/lock 0 6
tmpfs /run 2285568 1138
tmpfs /run/user/20029 0 20
tmpfs /run/qemu 0 1
tmpfs /dev/shm 37623013376 105492
vfs - 135034 10384 187007
vm - 10 986658956 573932393 738014 1617408 864224561 904055769 195397671 8069301 1063132783 73026 0 0 0 0 0 1811072 0 311878 5997 0 1623853 318 0 3 0 0

1778497958.728769 0 node0.mimesys-workload.ldos-ut-pg0.wisc.cloudlab.us
block sda 5917112 680222 1973310479 26465581 3867442 20295527 1147864787 21959799 0 7370932 48754745
block sdb 674 0 7540 666 4 0 0 0 0 828 667
cpu 11 643899 0 172186 4335501 101308 0 17
cpu 10 682418 2 155250 4317455 100977 0 22
cpu 13 603563 0 139706 4409331 100219 0 16
cpu 12 607769 0 136544 4408874 100911 0 13
cpu 15 556726 2 132432 4462415 100283 0 11
cpu 14 583562 0 139868 4430263 99070 0 17
cpu 17 357055 0 113272 4768925 16460 0 9
cpu 16 426765 0 124914 4691171 14688 0 10
cpu 19 426172 0 124208 4691929 16306 0 10
cpu 18 474228 5 126229 4642712 15300 0 10
cpu 1 593111 0 205815 4383218 63278 0 2134
cpu 0 597332 45 164058 4386100 65770 0 1244
cpu 3 638712 0 219521 4332526 62119 0 622
cpu 2 627637 0 218720 4341511 64553 0 216
cpu 5 564339 0 174984 4452890 61707 0 488
cpu 4 561084 1 176058 4452916 62411 0 144
cpu 7 506295 0 171781 4514063 61188 0 573
cpu 6 545960 0 175624 4470782 61824 0 355
cpu 9 601386 0 164527 4402518 83493 0 398
cpu 8 652235 0 168456 4346637 83385 0 369
mem 1 99033092 75316024 23717068 1694116 21056420 288 0 22372388 20515544 378312 57060 0 0 210488 12288 0 0
mem 0 97636988 59788132 37848856 1146680 35438324 220 0 36012608 2324452 575932 14464 0 0 467128 8192 0 0
net vnet169 0 0 38546 0 0 0 0 0 0 0 0 0 225 0 49383 0 0 0 0 0 0 344 0
net vnet168 0 0 41422 0 0 0 0 0 0 0 0 0 251 0 53873 0 0 0 0 0 0 415 0
net eno1 0 268664 40596866001 0 0 714 0 0 0 0 0 0 32421511 0 1437608869 0 0 0 0 0 0 6200460 0
net lo 0 0 21619871 0 0 0 0 0 0 0 0 0 159827 0 21619871 0 0 0 0 0 0 159827 0
net virbr0 0 2118 9997521433 0 0 0 0 0 0 0 0 0 39931211 0 38537074198 0 0 0 0 0 0 23686569 0
net vnet165 0 0 43932 0 0 0 0 0 0 0 0 0 259 0 66361 0 0 0 0 0 0 556 0
net vnet167 0 0 403055 0 0 0 0 0 0 0 0 0 2040 0 365371 0 0 0 0 0 0 1918 0
net vnet166 0 0 43710 0 0 0 0 0 0 0 0 0 254 0 63303 0 0 0 0 0 0 506 0
numa 1 404522902 18781169 10118603 29535 404456203 18826691
numa 0 431820122 10118603 18781169 29710 431766962 10121165
ps - 729190248 4588900 718 550 553 4 893
sysv_shm - 0 0
tmpfs /run/lock 0 6
tmpfs /run 2285568 1138
tmpfs /run/user/20029 0 20
tmpfs /run/qemu 0 1
tmpfs /dev/shm 37623013376 105492
vfs - 135034 10344 187048
vm - 10 986658956 573932393 738014 1617408 864239074 904070358 195397677 8069301 1063156057 73026 0 0 0 0 0 1811072 0 311878 5997 0 1623853 318 0 3 0 0

1778497959.588769 0 node0.mimesys-workload.ldos-ut-pg0.wisc.cloudlab.us
block sda 5917113 680222 1973310487 26465581 3867452 20295527 1147864883 21959800 0 7370948 48754746
block sdb 674 0 7540 666 4 0 0 0 0 828 667
cpu 11 643903 0 172189 4335580 101308 0 17
cpu 10 682427 2 155252 4317529 100977 0 22
cpu 13 603571 0 139710 4409407 100219 0 16
cpu 12 607776 0 136546 4408950 100911 0 13
cpu 15 556733 2 132434 4462492 100283 0 11
cpu 14 583569 0 139870 4430339 99070 0 17
cpu 17 357062 0 113276 4769000 16460 0 9
cpu 16 426782 0 124918 4691236 14688 0 10
cpu 19 426174 0 124210 4692009 16306 0 10
cpu 18 474276 5 126229 4642750 15300 0 10
cpu 1 593114 0 205818 4383299 63278 0 2134
cpu 0 597334 45 164059 4386181 65770 0 1244
cpu 3 638714 0 219524 4332608 62119 0 622
cpu 2 627640 0 218722 4341593 64553 0 216
cpu 5 564341 0 174988 4452969 61707 0 488
cpu 4 561088 1 176062 4452995 62411 0 144
cpu 7 506296 0 171784 4514145 61188 0 573
cpu 6 545962 0 175627 4470863 61824 0 355
cpu 9 601393 0 164529 4402595 83493 0 398
cpu 8 652236 0 168458 4346720 83385 0 369
mem 1 99033092 75311308 23721784 1694164 21055812 336 0 22372396 20515760 377340 57712 0 0 210608 12288 0 0
mem 0 97636988 59786792 37850196 1146640 35435768 236 0 36012612 2324688 573308 13744 0 0 467224 8192 0 0
net vnet169 0 0 38546 0 0 0 0 0 0 0 0 0 225 0 49383 0 0 0 0 0 0 344 0
net vnet168 0 0 44360 0 0 0 0 0 0 0 0 0 265 0 57563 0 0 0 0 0 0 427 0
net eno1 0 268677 40596871742 0 0 714 0 0 0 0 0 0 32421583 0 1437609315 0 0 0 0 0 0 6200464 0
net lo 0 0 21621001 0 0 0 0 0 0 0 0 0 159835 0 21621001 0 0 0 0 0 0 159835 0
net virbr0 0 2118 9997525859 0 0 0 0 0 0 0 0 0 39931235 0 38537078886 0 0 0 0 0 0 23686590 0
net vnet165 0 0 43932 0 0 0 0 0 0 0 0 0 259 0 66361 0 0 0 0 0 0 556 0
net vnet167 0 0 404879 0 0 0 0 0 0 0 0 0 2050 0 366369 0 0 0 0 0 0 1927 0
net vnet166 0 0 43710 0 0 0 0 0 0 0 0 0 254 0 63303 0 0 0 0 0 0 506 0
numa 1 404530571 18781169 10118603 29535 404463872 18826691
numa 0 431829934 10118603 18781169 29710 431776774 10121165
ps - 729196161 4589049 718 550 553 2 893
sysv_shm - 0 0
tmpfs /run/lock 0 6
tmpfs /run 2285568 1138
tmpfs /run/user/20029 0 20
tmpfs /run/qemu 0 1
tmpfs /dev/shm 37623017472 105492
vfs - 135053 10384 187171
vm - 10 986658960 573932441 738014 1617408 864256553 904088383 195397684 8069301 1063183400 73026 0 0 0 0 0 1811072 0 311878 5997 0 1623853 318 0 3 0 0

1778497959.754623 0 node0.mimesys-workload.ldos-ut-pg0.wisc.cloudlab.us
block sda 5917113 680222 1973310487 26465581 3867554 20295527 1147865883 21959825 0 7370952 48754771
block sdb 674 0 7540 666 4 0 0 0 0 828 667
cpu 11 643904 0 172191 4335594 101308 0 17
cpu 10 682428 2 155254 4317542 100977 0 22
cpu 13 603572 0 139713 4409421 100219 0 16
cpu 12 607779 0 136546 4408963 100911 0 13
cpu 15 556735 2 132435 4462504 100283 0 11
cpu 14 583570 0 139872 4430353 99070 0 17
cpu 17 357064 0 113277 4769013 16460 0 9
cpu 16 426783 0 124919 4691250 14688 0 10
cpu 19 426175 0 124212 4692023 16306 0 10
cpu 18 474293 5 126229 4642750 15300 0 10
cpu 1 593114 0 205820 4383312 63278 0 2134
cpu 0 597334 45 164062 4386194 65770 0 1244
cpu 3 638715 0 219526 4332621 62119 0 622
cpu 2 627641 0 218725 4341606 64553 0 216
cpu 5 564342 0 174990 4452982 61707 0 488
cpu 4 561088 1 176065 4453009 62411 0 144
cpu 7 506296 0 171786 4514159 61188 0 573
cpu 6 545964 0 175628 4470876 61824 0 355
cpu 9 601394 0 164530 4402609 83493 0 398
cpu 8 652237 0 168458 4346734 83385 0 369
mem 1 99033092 75307792 23725300 1694188 21056260 20 0 22372420 20515092 378292 57744 0 0 210672 12288 0 0
mem 0 97636988 59785028 37851960 1146640 35436120 76 0 36012612 2324468 573676 13988 0 0 467128 8192 0 0
net vnet169 0 0 38546 0 0 0 0 0 0 0 0 0 225 0 49383 0 0 0 0 0 0 344 0
net vnet168 0 0 44360 0 0 0 0 0 0 0 0 0 265 0 57563 0 0 0 0 0 0 427 0
net eno1 0 268677 40596872916 0 0 714 0 0 0 0 0 0 32421601 0 1437609416 0 0 0 0 0 0 6200465 0
net lo 0 0 21621611 0 0 0 0 0 0 0 0 0 159839 0 21621611 0 0 0 0 0 0 159839 0
net virbr0 0 2118 9997525859 0 0 0 0 0 0 0 0 0 39931235 0 38537078886 0 0 0 0 0 0 23686590 0
net vnet165 0 0 43932 0 0 0 0 0 0 0 0 0 259 0 66361 0 0 0 0 0 0 556 0
net vnet167 0 0 404879 0 0 0 0 0 0 0 0 0 2050 0 366369 0 0 0 0 0 0 1927 0
net vnet166 0 0 43710 0 0 0 0 0 0 0 0 0 254 0 63303 0 0 0 0 0 0 506 0
numa 1 404537322 18781169 10118603 29535 404470623 18826691
numa 0 431837664 10118603 18781169 29710 431784504 10121165
ps - 729197893 4589185 718 550 553 2 893
sysv_shm - 0 0
tmpfs /run/lock 0 6
tmpfs /run 2285568 1138
tmpfs /run/user/20029 0 20
tmpfs /run/qemu 0 1
tmpfs /dev/shm 37623017472 105492
vfs - 135034 10344 187019
vm - 10 986658960 573932941 738014 1617408 864271034 904102857 195397690 8069301 1063206733 73026 0 0 0 0 0 1811072 0 311878 5997 0 1623853 318 0 3 0 0

1778497960.614780 0 node0.mimesys-workload.ldos-ut-pg0.wisc.cloudlab.us
block sda 5917121 680222 1973310791 26465596 3867650 20295545 1147997939 21960980 11 7371196 48755942
block sdb 674 0 7540 666 4 0 0 0 0 828 667
cpu 11 643905 0 172191 4335676 101312 0 17
cpu 10 682431 2 155254 4317623 100982 0 22
cpu 13 603575 0 139714 4409504 100222 0 16
cpu 12 607782 0 136548 4409043 100915 0 13
cpu 15 556740 2 132435 4462586 100286 0 11
cpu 14 583570 0 139872 4430438 99073 0 17
cpu 17 357065 0 113278 4769089 16472 0 9
cpu 16 426784 0 124920 4691332 14693 0 10
cpu 19 426195 0 124214 4692090 16306 0 10
cpu 18 474351 5 126230 4642779 15301 0 10
cpu 1 593117 0 205822 4383396 63278 0 2134
cpu 0 597336 45 164065 4386277 65770 0 1244
cpu 3 638716 0 219529 4332705 62119 0 622
cpu 2 627644 0 218728 4341689 64553 0 216
cpu 5 564345 0 174995 4453062 61707 0 488
cpu 4 561092 1 176070 4453086 62413 0 144
cpu 7 506298 0 171790 4514241 61188 0 574
cpu 6 545966 0 175630 4470960 61824 0 355
cpu 9 601398 0 164534 4402690 83493 0 398
cpu 8 652240 0 168463 4346817 83385 0 369
mem 1 99033092 75313620 23719472 1694148 21053132 80 12 22372460 20516264 375172 57764 0 0 210600 12288 0 0
mem 0 97636988 59781500 37855488 1146632 35438224 116 36 36012616 2325368 575836 13996 0 0 466964 8192 0 0
net vnet169 0 0 41562 0 0 0 0 0 0 0 0 0 240 0 53279 0 0 0 0 0 0 358 0
net vnet168 0 0 46184 0 0 0 0 0 0 0 0 0 275 0 58613 0 0 0 0 0 0 437 0
net eno1 0 268677 40596878242 0 0 714 0 0 0 0 0 0 32421680 0 1437609965 0 0 0 0 0 0 6200470 0
net lo 0 0 21622778 0 0 0 0 0 0 0 0 0 159847 0 21622778 0 0 0 0 0 0 159847 0
net virbr0 0 2118 9997530349 0 0 0 0 0 0 0 0 0 39931260 0 38537083728 0 0 0 0 0 0 23686612 0
net vnet165 0 0 43932 0 0 0 0 0 0 0 0 0 259 0 66413 0 0 0 0 0 0 557 0
net vnet167 0 0 404879 0 0 0 0 0 0 0 0 0 2050 0 366421 0 0 0 0 0 0 1928 0
net vnet166 0 0 43710 0 0 0 0 0 0 0 0 0 254 0 63355 0 0 0 0 0 0 507 0
numa 1 404538971 18781169 10118603 29535 404472272 18826691
numa 0 431853679 10118603 18781169 29710 431800519 10121165
ps - 729202865 4589335 718 550 553 9 894
sysv_shm - 0 0
tmpfs /run/lock 0 6
tmpfs /run 2285568 1138
tmpfs /run/user/20029 0 20
tmpfs /run/qemu 0 1
tmpfs /dev/shm 37623017472 105492
vfs - 135056 10424 187187
vm - 10 986659112 574010425 738014 1617408 864288700 904120507 195397699 8069301 1063233999 73026 0 0 0 0 0 1811072 0 311878 5997 0 1623853 318 0 3 0 0

1778497960.779948 0 node0.mimesys-workload.ldos-ut-pg0.wisc.cloudlab.us
block sda 5917121 680222 1973310791 26465596 3867667 20295545 1148032115 21961468 0 7371248 48756430
block sdb 674 0 7540 666 4 0 0 0 0 828 667
cpu 11 643906 0 172192 4335689 101312 0 17
cpu 10 682431 2 155255 4317634 100983 0 22
cpu 13 603576 0 139714 4409516 100222 0 16
cpu 12 607783 0 136548 4409053 100919 0 13
cpu 15 556741 2 132436 4462598 100286 0 11
cpu 14 583571 0 139873 4430451 99073 0 17
cpu 17 357065 0 113278 4769101 16473 0 9
cpu 16 426784 0 124921 4691345 14693 0 10
cpu 19 426208 0 124216 4692090 16306 0 10
cpu 18 474351 5 126230 4642792 15301 0 10
cpu 1 593119 0 205824 4383406 63278 0 2134
cpu 0 597337 45 164068 4386287 65770 0 1244
cpu 3 638718 0 219531 4332715 62119 0 622
cpu 2 627644 0 218732 4341700 64553 0 216
cpu 5 564346 0 174997 4453073 61707 0 488
cpu 4 561092 1 176074 4453095 62413 0 144
cpu 7 506300 0 171792 4514251 61188 0 574
cpu 6 545967 0 175633 4470969 61824 0 355
cpu 9 601400 0 164535 4402700 83493 0 398
cpu 8 652241 0 168466 4346827 83385 0 369
mem 1 99033092 75308328 23724764 1694148 21054676 84 0 22372460 20516372 376112 58056 0 0 210560 12288 0 0
mem 0 97636988 59779512 37857476 1146664 35440076 116 0 36012616 2324336 577668 14252 0 0 467076 8192 0 0
net vnet169 0 0 41562 0 0 0 0 0 0 0 0 0 240 0 53279 0 0 0 0 0 0 358 0
net vnet168 0 0 46184 0 0 0 0 0 0 0 0 0 275 0 58613 0 0 0 0 0 0 437 0
net eno1 0 268690 40596879176 0 0 714 0 0 0 0 0 0 32421694 0 1437610066 0 0 0 0 0 0 6200471 0
net lo 0 0 21623388 0 0 0 0 0 0 0 0 0 159851 0 21623388 0 0 0 0 0 0 159851 0
net virbr0 0 2118 9997530349 0 0 0 0 0 0 0 0 0 39931260 0 38537083728 0 0 0 0 0 0 23686612 0
net vnet165 0 0 43932 0 0 0 0 0 0 0 0 0 259 0 66413 0 0 0 0 0 0 557 0
net vnet167 0 0 404879 0 0 0 0 0 0 0 0 0 2050 0 366421 0 0 0 0 0 0 1928 0
net vnet166 0 0 43710 0 0 0 0 0 0 0 0 0 254 0 63355 0 0 0 0 0 0 507 0
numa 1 404541332 18781169 10118603 29535 404474633 18826691
numa 0 431865932 10118603 18781169 29710 431812772 10121165
ps - 729206786 4589471 718 550 553 4 894
sysv_shm - 0 0
tmpfs /run/lock 0 6
tmpfs /run 2285568 1138
tmpfs /run/user/20029 0 20
tmpfs /run/qemu 0 1
tmpfs /dev/shm 37623017472 105492
vfs - 135036 10424 187027
vm - 10 986659112 574016057 738014 1617408 864303312 904135137 195397708 8069301 1063257233 73026 0 0 0 0 0 1811072 0 311878 5997 0 1623853 318 0 3 0 0

1778497961.684184 0 node0.mimesys-workload.ldos-ut-pg0.wisc.cloudlab.us
block sda 5917121 680222 1973310791 26465596 3867668 20295545 1148032123 21961469 0 7371252 48756430
block sdb 674 0 7540 666 4 0 0 0 0 828 667
cpu 11 643910 0 172192 4335776 101312 0 17
cpu 10 682432 2 155257 4317721 100983 0 22
cpu 13 603578 0 139716 4409603 100222 0 16
cpu 12 607783 0 136550 4409141 100919 0 13
cpu 15 556742 2 132438 4462686 100286 0 11
cpu 14 583572 0 139874 4430538 99073 0 17
cpu 17 357065 0 113280 4769188 16473 0 9
cpu 16 426786 0 124923 4691431 14693 0 10
cpu 19 426296 0 124218 4692090 16306 0 10
cpu 18 474355 5 126232 4642877 15301 0 10
cpu 1 593123 0 205825 4383492 63278 0 2134
cpu 0 597338 45 164070 4386373 65770 0 1244
cpu 3 638718 0 219534 4332802 62119 0 622
cpu 2 627644 0 218734 4341787 64553 0 216
cpu 5 564347 0 175000 4453159 61707 0 488
cpu 4 561094 1 176077 4453180 62413 0 144
cpu 7 506302 0 171794 4514338 61188 0 574
cpu 6 545969 0 175636 4471055 61824 0 355
cpu 9 601400 0 164537 4402788 83493 0 398
cpu 8 652242 0 168468 4346914 83385 0 369
mem 1 99033092 75322228 23710864 1694120 21053644 112 0 22372684 20515896 375012 57008 0 0 210520 12288 0 0
mem 0 97636988 59778252 37858736 1146700 35439408 132 0 36012624 2324992 577004 14524 0 0 467108 8192 0 0
net vnet169 0 0 41562 0 0 0 0 0 0 0 0 0 240 0 53279 0 0 0 0 0 0 358 0
net vnet168 0 0 46184 0 0 0 0 0 0 0 0 0 275 0 58613 0 0 0 0 0 0 437 0
net eno1 0 268690 40596883613 0 0 714 0 0 0 0 0 0 32421760 0 1437610411 0 0 0 0 0 0 6200474 0
net lo 0 0 21623945 0 0 0 0 0 0 0 0 0 159855 0 21623945 0 0 0 0 0 0 159855 0
net virbr0 0 2118 9997530349 0 0 0 0 0 0 0 0 0 39931260 0 38537083728 0 0 0 0 0 0 23686612 0
net vnet165 0 0 43932 0 0 0 0 0 0 0 0 0 259 0 66413 0 0 0 0 0 0 557 0
net vnet167 0 0 404879 0 0 0 0 0 0 0 0 0 2050 0 366421 0 0 0 0 0 0 1928 0
net vnet166 0 0 43710 0 0 0 0 0 0 0 0 0 254 0 63355 0 0 0 0 0 0 507 0
numa 1 404547319 18781169 10118603 29535 404480620 18826691
numa 0 431875541 10118603 18781169 29710 431822381 10121165
ps - 729213021 4589614 718 550 553 2 894
sysv_shm - 0 0
tmpfs /run/lock 0 6
tmpfs /run 2285568 1138
tmpfs /run/user/20029 0 20
tmpfs /run/qemu 0 1
tmpfs /dev/shm 37623017472 105492
vfs - 135035 10424 187019
vm - 10 986659112 574016061 738014 1617408 864318909 904150690 195397711 8069301 1063281776 73026 0 0 0 0 0 1811072 0 311878 5997 0 1623853 318 0 3 0 0

1778497961.806878 0 node0.mimesys-workload.ldos-ut-pg0.wisc.cloudlab.us
block sda 5917122 680222 1973310799 26465597 3867669 20295545 1148032131 21961469 0 7371260 48756431
block sdb 674 0 7540 666 4 0 0 0 0 828 667
cpu 11 643910 0 172194 4335785 101312 0 17
cpu 10 682432 2 155258 4317732 100983 0 22
cpu 13 603578 0 139717 4409613 100222 0 16
cpu 12 607785 0 136552 4409150 100919 0 13
cpu 15 556742 2 132440 4462695 100286 0 11
cpu 14 583573 0 139876 4430548 99073 0 17
cpu 17 357065 0 113282 4769198 16473 0 9
cpu 16 426787 0 124924 4691441 14693 0 10
cpu 19 426308 0 124218 4692090 16306 0 10
cpu 18 474355 5 126234 4642888 15301 0 10
cpu 1 593125 0 205828 4383501 63278 0 2134
cpu 0 597339 45 164071 4386382 65770 0 1244
cpu 3 638719 0 219536 4332811 62119 0 622
cpu 2 627646 0 218736 4341796 64553 0 216
cpu 5 564348 0 175003 4453167 61707 0 488
cpu 4 561096 1 176079 4453189 62413 0 144
cpu 7 506302 0 171798 4514346 61188 0 574
cpu 6 545970 0 175637 4471064 61824 0 355
cpu 9 601401 0 164539 4402797 83493 0 398
cpu 8 652244 0 168470 4346924 83385 0 369
mem 1 99033092 75320108 23712984 1694108 21054768 132 0 22372684 20516648 375916 56648 0 0 210520 12288 0 0
mem 0 97636988 59790572 37846416 1146736 35439568 136 0 36012624 2325620 577232 14912 0 0 466980 8192 0 0
net vnet169 0 0 41562 0 0 0 0 0 0 0 0 0 240 0 53279 0 0 0 0 0 0 358 0
net vnet168 0 0 46184 0 0 0 0 0 0 0 0 0 275 0 58613 0 0 0 0 0 0 437 0
net eno1 0 268690 40596884367 0 0 714 0 0 0 0 0 0 32421771 0 1437610512 0 0 0 0 0 0 6200475 0
net lo 0 0 21624555 0 0 0 0 0 0 0 0 0 159859 0 21624555 0 0 0 0 0 0 159859 0
net virbr0 0 2118 9997530349 0 0 0 0 0 0 0 0 0 39931260 0 38537083728 0 0 0 0 0 0 23686612 0
net vnet165 0 0 43932 0 0 0 0 0 0 0 0 0 259 0 66413 0 0 0 0 0 0 557 0
net vnet167 0 0 404879 0 0 0 0 0 0 0 0 0 2050 0 366421 0 0 0 0 0 0 1928 0
net vnet166 0 0 43710 0 0 0 0 0 0 0 0 0 254 0 63355 0 0 0 0 0 0 507 0
numa 1 404552296 18781169 10118603 29535 404485597 18826691
numa 0 431885025 10118603 18781169 29710 431831865 10121165
ps - 729215905 4589751 718 550 553 3 895
sysv_shm - 0 0
tmpfs /run/lock 0 6
tmpfs /run 2285568 1138
tmpfs /run/user/20029 0 20
tmpfs /run/qemu 0 1
tmpfs /dev/shm 37623017472 105492
vfs - 135034 10384 187059
vm - 10 986659116 574016065 738014 1617408 864333371 904165122 195397716 8069301 1063305058 73026 0 0 0 0 0 1811072 0 311878 5997 0 1623853 318 0 3 0 0

1778497962.729237 0 node0.mimesys-workload.ldos-ut-pg0.wisc.cloudlab.us
block sda 5917136 680222 1973311359 26465601 3867744 20295558 1148033267 21961491 0 7371304 48756458
block sdb 674 0 7540 666 4 0 0 0 0 828 667
cpu 11 643912 0 172196 4335874 101312 0 17
cpu 10 682436 2 155260 4317820 100983 0 22
cpu 13 603579 0 139718 4409702 100222 0 16
cpu 12 607788 0 136552 4409239 100919 0 13
cpu 15 556744 2 132441 4462783 100286 0 11
cpu 14 583574 0 139877 4430638 99073 0 17
cpu 17 357066 0 113285 4769287 16473 0 9
cpu 16 426790 0 124926 4691528 14693 0 10
cpu 19 426354 0 124223 4692131 16306 0 10
cpu 18 474358 5 126236 4642974 15301 0 10
cpu 1 593158 0 205828 4383560 63278 0 2135
cpu 0 597358 45 164074 4386450 65770 0 1244
cpu 3 638719 0 219540 4332898 62119 0 622
cpu 2 627652 0 218738 4341878 64553 0 216
cpu 5 564352 0 175009 4453250 61707 0 488
cpu 4 561100 1 176082 4453272 62413 0 144
cpu 7 506305 0 171801 4514432 61188 0 574
cpu 6 545973 0 175640 4471150 61824 0 355
cpu 9 601403 0 164540 4402886 83493 0 398
cpu 8 652248 0 168472 4347009 83385 0 369
mem 1 99033092 75316332 23716760 1694164 21056080 124 0 22372812 20516412 377172 57412 0 0 210584 12288 0 0
mem 0 97636988 59787988 37849000 1146712 35438260 172 0 36012768 2325520 575768 14212 0 0 466984 8192 0 0
net vnet169 0 0 43320 0 0 0 0 0 0 0 0 0 249 0 54263 0 0 0 0 0 0 367 0
net vnet168 0 0 46184 0 0 0 0 0 0 0 0 0 275 0 58665 0 0 0 0 0 0 438 0
net eno1 0 268690 40596890766 0 0 714 0 0 0 0 0 0 32421865 0 1437611160 0 0 0 0 0 0 6200481 0
net lo 0 0 21626942 0 0 0 0 0 0 0 0 0 159875 0 21626942 0 0 0 0 0 0 159875 0
net virbr0 0 2118 9997534879 0 0 0 0 0 0 0 0 0 39931286 0 38537088350 0 0 0 0 0 0 23686632 0
net vnet165 0 0 47068 0 0 0 0 0 0 0 0 0 276 0 70155 0 0 0 0 0 0 570 0
net vnet167 0 0 404879 0 0 0 0 0 0 0 0 0 2050 0 366473 0 0 0 0 0 0 1929 0
net vnet166 0 0 43710 0 0 0 0 0 0 0 0 0 254 0 63407 0 0 0 0 0 0 508 0
numa 1 404560196 18781169 10118603 29535 404493497 18826691
numa 0 431896306 10118603 18781169 29710 431843146 10121165
ps - 729225589 4589910 693 548 552 4 897
sysv_shm - 0 0
tmpfs /run/lock 0 6
tmpfs /run 2285568 1138
tmpfs /run/user/20029 0 20
tmpfs /run/qemu 0 1
tmpfs /dev/shm 37623017472 105492
vfs - 135053 10344 187168
vm - 10 986659396 574016633 738014 1617408 864352550 904183918 195397728 8069301 1063334936 73029 0 0 0 0 0 1811072 0 311878 5997 0 1623853 318 0 3 0 0

1778497963.772584 0 node0.mimesys-workload.ldos-ut-pg0.wisc.cloudlab.us
block sda 5917136 680222 1973311359 26465601 3867745 20295558 1148033275 21961491 0 7371308 48756458
block sdb 674 0 7540 666 4 0 0 0 0 828 667
cpu 11 643916 0 172200 4335970 101312 0 17
cpu 10 682442 2 155264 4317914 100983 0 22
cpu 13 603581 0 139723 4409798 100222 0 16
cpu 12 607792 0 136554 4409334 100919 0 13
cpu 15 556749 2 132446 4462879 100286 0 11
cpu 14 583578 0 139881 4430735 99073 0 17
cpu 17 357072 0 113289 4769380 16473 0 9
cpu 16 426796 0 124930 4691624 14693 0 10
cpu 19 426362 0 124227 4692224 16306 0 10
cpu 18 474362 5 126240 4643070 15301 0 10
cpu 1 593194 0 205833 4383621 63278 0 2135
cpu 0 597426 45 164077 4386486 65770 0 1244
cpu 3 638725 0 219544 4332994 62119 0 622
cpu 2 627657 0 218742 4341973 64553 0 216
cpu 5 564354 0 175017 4453344 61707 0 488
cpu 4 561101 1 176086 4453371 62413 0 144
cpu 7 506309 0 171805 4514530 61188 0 574
cpu 6 545974 0 175644 4471249 61824 0 355
cpu 9 601406 0 164543 4402984 83493 0 398
cpu 8 652251 0 168476 4347108 83385 0 369
mem 1 99033092 75314788 23718304 1694204 21057736 144 0 22372816 20515968 379292 57824 0 0 210616 12288 0 0
mem 0 97636988 59772872 37864116 1146688 35451088 184 0 36027348 2339212 573976 13848 0 0 466744 8192 0 0
net vnet169 0 0 43410 0 0 0 0 0 0 0 0 0 250 0 54353 0 0 0 0 0 0 368 0
net vnet168 0 0 46184 0 0 0 0 0 0 0 0 0 275 0 58665 0 0 0 0 0 0 438 0
net eno1 0 268701 40596899297 0 0 714 0 0 0 0 0 0 32421983 0 1437611696 0 0 0 0 0 0 6200486 0
net lo 0 0 21628109 0 0 0 0 0 0 0 0 0 159883 0 21628109 0 0 0 0 0 0 159883 0
net virbr0 0 2118 9997539713 0 0 0 0 0 0 0 0 0 39931306 0 38537091630 0 0 0 0 0 0 23686649 0
net vnet165 0 0 50566 0 0 0 0 0 0 0 0 0 289 0 71315 0 0 0 0 0 0 580 0
net vnet167 0 0 404879 0 0 0 0 0 0 0 0 0 2050 0 366473 0 0 0 0 0 0 1929 0
net vnet166 0 0 45236 0 0 0 0 0 0 0 0 0 260 0 65437 0 0 0 0 0 0 514 0
numa 1 404576713 18781169 10118603 29535 404510014 18826691
numa 0 431915267 10118603 18781169 29710 431862107 10121165
ps - 729231479 4590194 693 548 552 2 896
sysv_shm - 0 0
tmpfs /run/lock 0 6
tmpfs /run 2285568 1138
tmpfs /run/user/20029 0 20
tmpfs /run/qemu 0 1
tmpfs /dev/shm 37623017472 105492
vfs - 135055 10344 187197
vm - 10 986659396 574016637 738014 1617408 864388028 904215809 195397742 8069301 1063389008 73029 0 0 0 0 0 1811072 0 311878 5997 0 1623853 318 0 3 0 0

1778497964.816405 0 node0.mimesys-workload.ldos-ut-pg0.wisc.cloudlab.us
block sda 5917136 680222 1973311359 26465601 3867755 20295558 1148033435 21961493 0 7371324 48756460
block sdb 674 0 7540 666 4 0 0 0 0 828 667
cpu 11 643917 0 172204 4336068 101312 0 17
cpu 10 682446 2 155268 4318009 100983 0 22
cpu 13 603583 0 139728 4409895 100222 0 16
cpu 12 607795 0 136559 4409431 100919 0 13
cpu 15 556751 2 132449 4462976 100286 0 11
cpu 14 583583 0 139884 4430832 99073 0 17
cpu 17 357078 0 113293 4769476 16473 0 9
cpu 16 426799 0 124935 4691720 14693 0 10
cpu 19 426368 0 124231 4692317 16306 0 10
cpu 18 474368 5 126246 4643162 15301 0 10
cpu 1 593196 0 205837 4383719 63278 0 2135
cpu 0 597429 45 164081 4386581 65770 0 1244
cpu 3 638752 0 219546 4333068 62119 0 622
cpu 2 627672 0 218746 4342061 64553 0 216
cpu 5 564362 0 175021 4453435 61707 0 488
cpu 4 561158 1 176090 4453415 62413 0 144
cpu 7 506328 0 171808 4514612 61188 0 574
cpu 6 545987 0 175648 4471336 61824 0 355
cpu 9 601415 0 164548 4403073 83493 0 398
cpu 8 652259 0 168478 4347200 83385 0 369
mem 1 99033092 75309852 23723240 1694208 21058092 188 0 22372820 20515704 379644 57632 0 0 210864 12288 0 0
mem 0 97636988 59797836 37839152 1146712 35450684 196 0 36027692 2339508 573344 14108 0 0 466520 8192 0 0
net vnet169 0 0 43410 0 0 0 0 0 0 0 0 0 250 0 54405 0 0 0 0 0 0 369 0
net vnet168 0 0 46184 0 0 0 0 0 0 0 0 0 275 0 58717 0 0 0 0 0 0 439 0
net eno1 0 268715 40596905594 0 0 714 0 0 0 0 0 0 32422080 0 1437612041 0 0 0 0 0 0 6200489 0
net lo 0 0 21628666 0 0 0 0 0 0 0 0 0 159887 0 21628666 0 0 0 0 0 0 159887 0
net virbr0 0 2118 9997541169 0 0 0 0 0 0 0 0 0 39931317 0 38537093290 0 0 0 0 0 0 23686655 0
net vnet165 0 0 50566 0 0 0 0 0 0 0 0 0 289 0 71367 0 0 0 0 0 0 581 0
net vnet167 0 0 404879 0 0 0 0 0 0 0 0 0 2050 0 366525 0 0 0 0 0 0 1930 0
net vnet166 0 0 46846 0 0 0 0 0 0 0 0 0 271 0 67149 0 0 0 0 0 0 521 0
numa 1 404592674 18781169 10118603 29535 404525975 18826691
numa 0 431928963 10118603 18781169 29710 431875803 10121165
ps - 729238572 4590471 693 548 552 2 897
sysv_shm - 0 0
tmpfs /run/lock 0 6
tmpfs /run 2285568 1138
tmpfs /run/user/20029 0 20
tmpfs /run/qemu 0 1
tmpfs /dev/shm 37623017472 105492
vfs - 135035 10304 187037
vm - 10 986659396 574016717 738014 1617408 864417685 904245335 195397755 8069301 1063436022 73029 0 0 0 0 0 1811072 0 311878 5997 0 1623853 318 0 3 0 0

1778497965.860901 0 node0.mimesys-workload.ldos-ut-pg0.wisc.cloudlab.us
block sda 5917308 680222 1973318135 26465659 3867974 20295599 1148036539 21961547 0 7371664 48756574
block sdb 674 0 7540 666 4 0 0 0 0 828 667
cpu 11 643934 0 172208 4336147 101313 0 17
cpu 10 682464 2 155272 4318091 100984 0 22
cpu 13 603596 0 139735 4409979 100223 0 16
cpu 12 607808 0 136564 4409517 100919 0 13
cpu 15 556759 2 132455 4463066 100286 0 11
cpu 14 583596 0 139886 4430918 99073 0 17
cpu 17 357107 0 113298 4769545 16474 0 9
cpu 16 426822 0 124940 4691797 14693 0 10
cpu 19 426381 0 124238 4692401 16306 0 10
cpu 18 474372 5 126250 4643256 15301 0 10
cpu 1 593200 0 205844 4383811 63278 0 2135
cpu 0 597443 45 164089 4386664 65770 0 1244
cpu 3 638768 0 219552 4333151 62119 0 622
cpu 2 627680 0 218752 4342151 64553 0 216
cpu 5 564371 0 175026 4453527 61707 0 488
cpu 4 561170 1 176095 4453502 62413 0 144
cpu 7 506332 0 171815 4514705 61188 0 574
cpu 6 545994 0 175652 4471429 61824 0 355
cpu 9 601422 0 164551 4403167 83493 0 398
cpu 8 652272 0 168486 4347284 83385 0 369
mem 1 99033092 75301732 23731360 1694280 21058912 84 0 22372612 20516460 380832 58596 0 0 211096 12288 0 0
mem 0 97636988 59788732 37848256 1146684 35450092 188 0 36027780 2340756 572072 13532 0 0 467016 8192 0 0
net vnet169 0 0 43410 0 0 0 0 0 0 0 0 0 250 0 54405 0 0 0 0 0 0 369 0
net vnet168 0 0 46184 0 0 0 0 0 0 0 0 0 275 0 58717 0 0 0 0 0 0 439 0
net eno1 0 268715 40596912206 0 0 714 0 0 0 0 0 0 32422178 0 1437612662 0 0 0 0 0 0 6200495 0
net lo 0 0 21631344 0 0 0 0 0 0 0 0 0 159919 0 21631344 0 0 0 0 0 0 159919 0
net virbr0 0 2118 9997546135 0 0 0 0 0 0 0 0 0 39931347 0 38537098140 0 0 0 0 0 0 23686677 0
net vnet165 0 0 50566 0 0 0 0 0 0 0 0 0 289 0 71367 0 0 0 0 0 0 581 0
net vnet167 0 0 408015 0 0 0 0 0 0 0 0 0 2067 0 370215 0 0 0 0 0 0 1942 0
net vnet166 0 0 49096 0 0 0 0 0 0 0 0 0 284 0 68309 0 0 0 0 0 0 531 0
numa 1 404614849 18781169 10118603 29535 404548149 18826692
numa 0 431953694 10118603 18781169 29710 431900534 10121165
ps - 729254437 4590865 693 548 552 2 903
sysv_shm - 0 0
tmpfs /run/lock 0 6
tmpfs /run 2285568 1138
tmpfs /run/user/20029 0 20
tmpfs /run/qemu 0 1
tmpfs /dev/shm 37623017472 105492
vfs - 135051 10304 187172
vm - 10 986662876 574018269 738014 1617408 864464595 904292022 195398592 8069301 1063501883 73029 0 0 0 0 0 1811072 0 311878 5997 0 1623853 318 0 3 0 0

1778497966.903356 0 node0.mimesys-workload.ldos-ut-pg0.wisc.cloudlab.us
block sda 5917387 680222 1973320859 26465681 3867993 20295601 1148036715 21961568 0 7371832 48756617
block sdb 674 0 7540 666 4 0 0 0 0 828 667
cpu 11 643949 0 172212 4336232 101314 0 17
cpu 10 682483 2 155275 4318170 100984 0 22
cpu 13 603624 0 139739 4410048 100223 0 16
cpu 12 607815 0 136566 4409610 100920 0 13
cpu 15 556767 2 132459 4463159 100286 0 11
cpu 14 583611 0 139891 4431002 99073 0 17
cpu 17 357122 0 113302 4769629 16474 0 9
cpu 16 426831 0 124944 4691887 14693 0 10
cpu 19 426385 0 124243 4692497 16306 0 10
cpu 18 474382 5 126254 4643348 15301 0 10
cpu 1 593204 0 205846 4383909 63278 0 2135
cpu 0 597448 45 164094 4386758 65770 0 1244
cpu 3 638768 0 219557 4333249 62119 0 622
cpu 2 627682 0 218760 4342244 64553 0 216
cpu 5 564374 0 175033 4453622 61707 0 488
cpu 4 561175 1 176098 4453599 62413 0 144
cpu 7 506332 0 171820 4514802 61188 0 574
cpu 6 545997 0 175658 4471525 61824 0 355
cpu 9 601426 0 164555 4403263 83493 0 398
cpu 8 652274 0 168488 4347382 83385 0 369
mem 1 99033092 75296196 23736896 1694236 21058088 88 0 22372844 20515508 379656 57900 0 0 210848 12288 0 0
mem 0 97636988 59784452 37852536 1146700 35452468 116 0 36027780 2339604 574856 13640 0 0 466944 8192 0 0
net vnet169 0 0 43410 0 0 0 0 0 0 0 0 0 250 0 54457 0 0 0 0 0 0 370 0
net vnet168 0 0 49094 0 0 0 0 0 0 0 0 0 289 0 61563 0 0 0 0 0 0 450 0
net eno1 0 268729 40596918311 0 0 714 0 0 0 0 0 0 32422270 0 1437613162 0 0 0 0 0 0 6200500 0
net lo 0 0 21632511 0 0 0 0 0 0 0 0 0 159927 0 21632511 0 0 0 0 0 0 159927 0
net virbr0 0 2118 9997551137 0 0 0 0 0 0 0 0 0 39931375 0 38537102812 0 0 0 0 0 0 23686698 0
net vnet165 0 0 50566 0 0 0 0 0 0 0 0 0 289 0 71419 0 0 0 0 0 0 582 0
net vnet167 0 0 410433 0 0 0 0 0 0 0 0 0 2080 0 371427 0 0 0 0 0 0 1953 0
net vnet166 0 0 49096 0 0 0 0 0 0 0 0 0 284 0 68361 0 0 0 0 0 0 532 0
numa 1 404631654 18781169 10118603 29535 404564954 18826692
numa 0 431971848 10118603 18781169 29710 431918689 10121165
ps - 729262860 4591184 693 548 552 21 901
sysv_shm - 0 0
tmpfs /run/lock 0 6
tmpfs /run 2285568 1138
tmpfs /run/user/20029 0 20
tmpfs /run/qemu 0 1
tmpfs /dev/shm 37623017472 105492
vfs - 135053 10304 187105
vm - 10 986664146 574018357 738014 1617408 864500011 904327722 195398600 8069301 1063557172 73029 0 0 0 0 0 1811072 0 311878 5997 0 1623853 318 0 3 0 0

1778497967.951125 0 node0.mimesys-workload.ldos-ut-pg0.wisc.cloudlab.us
block sda 5917390 680222 1973320945 26465683 3868066 20295601 1148037579 21961574 0 7371848 48756624
block sdb 674 0 7540 666 4 0 0 0 0 828 667
cpu 11 643952 0 172216 4336330 101314 0 17
cpu 10 682486 2 155278 4318267 100984 0 22
cpu 13 603628 0 139744 4410143 100223 0 16
cpu 12 607818 0 136570 4409708 100920 0 13
cpu 15 556768 2 132463 4463257 100286 0 11
cpu 14 583615 0 139893 4431099 99073 0 17
cpu 17 357124 0 113308 4769726 16474 0 9
cpu 16 426835 0 124949 4691983 14693 0 10
cpu 19 426436 0 124250 4692543 16306 0 10
cpu 18 474420 5 126258 4643411 15301 0 10
cpu 1 593214 0 205852 4383999 63278 0 2135
cpu 0 597460 45 164100 4386844 65770 0 1244
cpu 3 638772 0 219562 4333344 62119 0 622
cpu 2 627685 0 218766 4342340 64553 0 216
cpu 5 564377 0 175038 4453718 61707 0 488
cpu 4 561177 1 176104 4453695 62413 0 144
cpu 7 506336 0 171827 4514898 61188 0 574
cpu 6 545999 0 175664 4471621 61825 0 355
cpu 9 601431 0 164560 4403357 83493 0 398
cpu 8 652278 0 168493 4347478 83385 0 369
mem 1 99033092 75288132 23744960 1694244 21056868 156 0 22372848 20515432 378464 57120 0 0 210792 12288 0 0
mem 0 97636988 59792172 37844816 1146724 35450268 148 0 36027788 2339452 572760 14212 0 0 466864 8192 0 0
net vnet169 0 0 47268 0 0 0 0 0 0 0 0 0 266 0 58301 0 0 0 0 0 0 383 0
net vnet168 0 0 51826 0 0 0 0 0 0 0 0 0 307 0 63751 0 0 0 0 0 0 464 0
net eno1 0 268729 40596924402 0 0 714 0 0 0 0 0 0 32422362 0 1437613716 0 0 0 0 0 0 6200506 0
net lo 0 0 21633678 0 0 0 0 0 0 0 0 0 159935 0 21633678 0 0 0 0 0 0 159935 0
net virbr0 0 2118 9997557199 0 0 0 0 0 0 0 0 0 39931408 0 38537108126 0 0 0 0 0 0 23686724 0
net vnet165 0 0 50566 0 0 0 0 0 0 0 0 0 289 0 71419 0 0 0 0 0 0 582 0
net vnet167 0 0 410433 0 0 0 0 0 0 0 0 0 2080 0 371427 0 0 0 0 0 0 1953 0
net vnet166 0 0 49096 0 0 0 0 0 0 0 0 0 284 0 68361 0 0 0 0 0 0 532 0
numa 1 404646825 18781169 10118603 29535 404580125 18826692
numa 0 431998838 10118603 18781169 29710 431945876 10121165
ps - 729271553 4591558 669 545 551 21 909
sysv_shm - 0 0
tmpfs /run/lock 0 6
tmpfs /run 2285568 1138
tmpfs /run/user/20029 0 20
tmpfs /run/qemu 0 1
tmpfs /dev/shm 37623017472 105492
vfs - 135053 10424 187105
vm - 10 986664189 574018789 738014 1617408 864540828 904368030 195398614 8069301 1063622098 73029 0 0 0 0 0 1811072 0 311878 5997 0 1623853 318 0 3 0 0
