$hpcperfstats 2.4
$hostname node0.mimesys-workload.ldos-ut-pg0.wisc.cloudlab.us
$uname Linux x86_64 5.15.0-168-generic #178-Ubuntu SMP Fri Jan 9 19:05:03 UTC 2026
$uptime 30298
!block rd_ios,E rd_merges,E rd_sectors,E,U=512B rd_ticks,E,U=ms wr_ios,E wr_merges,E wr_sectors,E,U=512B wr_ticks,E,U=ms in_flight io_ticks,E,U=ms time_in_queue,E,U=ms
!cpu user,E,U=cs nice,E,U=cs system,E,U=cs idle,E,U=cs iowait,E,U=cs irq,E,U=cs softirq,E,U=cs
!ib excessive_buffer_overrun_errors,E,W=32 link_downed,E,W=32 link_error_recovery,E,W=32 local_link_integrity_errors,E,W=32 port_rcv_constraint_errors,E,W=32 port_rcv_data,E,U=4B,W=32 port_rcv_errors,E,W=32 port_rcv_packets,E,W=32 port_rcv_remote_physical_errors,E,W=32 port_rcv_switch_relay_errors,E,W=32 port_xmit_constraint_errors,E,W=32 port_xmit_data,E,U=4B,W=32 port_xmit_discards,E,W=32 port_xmit_packets,E,W=32 port_xmit_wait,E,U=ms,W=32 symbol_error,E,W=32 VL15_dropped,E,W=32
!ib_ext port_select,C counter_select,C port_xmit_data,E,U=4B port_rcv_data,E,U=4B port_xmit_pkts,E port_rcv_pkts,E port_unicast_xmit_pkts,E port_unicast_rcv_pkts,E port_multicast_xmit_pkts,E port_multicast_rcv_pkts,E
!ib_sw rx_bytes,E,U=4B rx_packets,E tx_bytes,E,U=4B tx_packets,E
!mem MemTotal,U=KB MemFree,U=KB MemUsed,U=KB Active,U=KB Inactive,U=KB Dirty,U=KB Writeback,U=KB FilePages,U=KB Mapped,U=KB AnonPages,U=KB PageTables,U=KB NFS_Unstable,U=KB Bounce,U=KB Slab,U=KB AnonHugePages,U=KB HugePages_Total HugePages_Free
!net collisions,E multicast,E rx_bytes,E,U=B rx_compressed,E rx_crc_errors,E rx_dropped,E rx_errors,E rx_fifo_errors,E rx_frame_errors,E rx_length_errors,E rx_missed_errors,E rx_over_errors,E rx_packets,E tx_aborted_errors,E tx_bytes,E,U=B tx_carrier_errors,E tx_compressed,E tx_dropped,E tx_errors,E tx_fifo_errors,E tx_heartbeat_errors,E tx_packets,E tx_window_errors,E
!numa numa_hit,E numa_miss,E numa_foreign,E interleave_hit,E local_node,E other_node,E
!ps ctxt,E processes,E load_1 load_5 load_15 nr_running nr_threads
!sysv_shm mem_used,U=B segs_used
!tmpfs bytes_used,U=B files_used
!vfs dentry_use file_use inode_use
!vm nr_anon_transparent_hugepages pgpgin,E,U=KB pgpgout,E,U=KB pswpin,E pswpout,E pgalloc_normal,E pgfree,E pgactivate,E pgdeactivate,E pgfault,E pgmajfault,E pgrefill_normal,E pgsteal_normal,E pgscan_kswapd_normal,E pgscan_direct_normal,E pginodesteal,E slabs_scanned,E kswapd_steal,E kswapd_inodesteal,E pageoutrun,E allocstall,E pgrotated,E thp_fault_alloc,E thp_fault_fallback,E thp_collapse_alloc,E thp_collapse_alloc_failed,E thp_split,E

1778475517.263506 0 node0.mimesys-workload.ldos-ut-pg0.wisc.cloudlab.us
%begin -
block sda 495637 208727 40026064 286194 2621500 17764019 868642122 12867483 2 2202200 13415508
block sdb 479 0 7540 438 4 0 0 0 0 556 439
cpu 11 167438 0 51725 2793362 6810 0 5
cpu 10 193829 0 46600 2773324 8879 0 4
cpu 13 162862 0 46861 2803113 6489 0 4
cpu 12 165801 0 45915 2801862 6939 0 1
cpu 15 164718 0 44796 2803670 6469 0 3
cpu 14 158705 0 46091 2809274 6452 0 4
cpu 17 150059 0 44949 2818326 6651 0 1
cpu 16 159868 0 43498 2811624 5879 0 1
cpu 19 130783 0 31210 2852542 6198 0 1
cpu 18 176989 0 31579 2806689 5746 0 2
cpu 1 160648 0 35420 2810958 8144 0 722
cpu 0 191165 45 34636 2756703 9918 0 1150
cpu 3 179618 0 51623 2779778 7410 0 596
cpu 2 174293 0 47563 2787572 9215 0 190
cpu 5 179721 0 52149 2780740 7328 0 454
cpu 4 174015 1 52576 2784786 7809 0 112
cpu 7 170085 0 51311 2791570 6436 0 540
cpu 6 193216 0 51638 2767577 7705 0 326
cpu 9 161501 0 51218 2797357 7651 0 376
cpu 8 156756 0 57470 2797945 6027 0 336
mem 1 99033092 97087968 1945124 49612 1235500 100 0 1090988 70752 194724 3848 0 0 174860 0 0 0
mem 0 97636988 62537456 35099532 368144 33663056 76 0 33558984 1072508 475668 7412 0 0 462264 4096 0 0
net lo 0 0 2744516 0 0 0 0 0 0 0 0 0 22528 0 2744516 0 0 0 0 0 0 22528 0
net virbr0 0 728 9960879301 0 0 0 0 0 0 0 0 0 39718344 0 38380092142 0 0 0 0 0 0 23510168 0
net eno1 0 150819 40326956469 0 0 349 0 0 0 0 0 0 30172904 0 1206618634 0 0 0 0 0 0 5950856 0
net vnet35 0 0 32772 0 0 0 0 0 0 0 0 0 186 0 36261 0 0 0 0 0 0 184 0
numa 1 100013128 18781169 10118603 29535 99968869 18825411
numa 0 101575621 10118603 18781169 29710 101573992 10119838
ps - 486821385 203784 151 175 168 1 700
sysv_shm - 0 0
tmpfs /run/lock 0 6
tmpfs /run 2080768 1098
tmpfs /run/user/20029 0 20
tmpfs /run/qemu 0 1
tmpfs /dev/shm 37615427584 105370
vfs - 133578 2504 183077
vm - 2 20016836 434321061 251913 1617408 229030626 274995498 75476910 6522712 170966824 54094 0 0 0 0 0 1811072 0 311878 5997 0 1617252 74 0 3 0 0

1778475517.306212 0 node0.mimesys-workload.ldos-ut-pg0.wisc.cloudlab.us
block sda 495639 208727 40026200 286195 2621500 17764019 868642122 12867483 0 2202200 13415509
block sdb 479 0 7540 438 4 0 0 0 0 556 439
cpu 11 167438 0 51726 2793366 6810 0 5
cpu 10 193830 0 46601 2773326 8879 0 4
cpu 13 162862 0 46861 2803117 6489 0 4
cpu 12 165801 0 45915 2801866 6939 0 1
cpu 15 164718 0 44797 2803673 6469 0 3
cpu 14 158705 0 46092 2809278 6452 0 4
cpu 17 150059 0 44950 2818329 6651 0 1
cpu 16 159868 0 43500 2811628 5879 0 1
cpu 19 130783 0 31210 2852546 6198 0 1
cpu 18 176990 0 31579 2806691 5746 0 2
cpu 1 160648 0 35421 2810961 8144 0 722
cpu 0 191166 45 34636 2756706 9918 0 1150
cpu 3 179620 0 51623 2779781 7410 0 596
cpu 2 174294 0 47563 2787575 9215 0 190
cpu 5 179722 0 52149 2780743 7328 0 454
cpu 4 174016 1 52576 2784789 7809 0 112
cpu 7 170086 0 51313 2791572 6436 0 540
cpu 6 193217 0 51638 2767579 7705 0 326
cpu 9 161502 0 51218 2797360 7651 0 376
cpu 8 156756 0 57472 2797948 6027 0 336
mem 1 99033092 97087968 1945124 49616 1236388 100 0 1090988 71640 195608 3828 0 0 174860 0 0 0
mem 0 97636988 62536448 35100540 368144 33664388 76 0 33558984 1072508 477000 7412 0 0 462264 4096 0 0
net lo 0 0 2746346 0 0 0 0 0 0 0 0 0 22540 0 2746346 0 0 0 0 0 0 22540 0
net virbr0 0 728 9960879301 0 0 0 0 0 0 0 0 0 39718344 0 38380092142 0 0 0 0 0 0 23510168 0
net eno1 0 150819 40326956957 0 0 349 0 0 0 0 0 0 30172909 0 1206618902 0 0 0 0 0 0 5950859 0
net vnet35 0 0 32772 0 0 0 0 0 0 0 0 0 186 0 36261 0 0 0 0 0 0 184 0
numa 1 100014848 18781169 10118603 29535 99970589 18825411
numa 0 101577301 10118603 18781169 29710 101575672 10119838
ps - 486821742 203810 151 175 168 5 708
sysv_shm - 0 0
tmpfs /run/lock 0 6
tmpfs /run 2080768 1098
tmpfs /run/user/20029 0 20
tmpfs /run/qemu 0 1
tmpfs /dev/shm 37615427584 105370
vfs - 133590 2504 183095
vm - 2 20016836 434321061 251913 1617408 229034121 274998018 75476913 6522712 170972156 54094 0 0 0 0 0 1811072 0 311878 5997 0 1617252 74 0 3 0 0

1778475518.338787 0 node0.mimesys-workload.ldos-ut-pg0.wisc.cloudlab.us
block sda 495939 208727 40080008 286420 2621505 17764052 868642426 12867484 0 2202512 13415735
block sdb 479 0 7540 438 4 0 0 0 0 556 439
cpu 11 167439 0 51729 2793466 6810 0 5
cpu 10 193830 0 46604 2773425 8879 0 4
cpu 13 162863 0 46863 2803218 6489 0 4
cpu 12 165802 0 45918 2801967 6939 0 1
cpu 15 164719 0 44799 2803773 6469 0 3
cpu 14 158707 0 46095 2809375 6452 0 4
cpu 17 150060 0 44950 2818430 6651 0 1
cpu 16 159869 0 43502 2811728 5879 0 1
cpu 19 130785 0 31214 2852644 6198 0 1
cpu 18 176998 0 31584 2806782 5746 0 2
cpu 1 160682 0 35422 2811026 8147 0 722
cpu 0 191183 45 34638 2756786 9920 0 1150
cpu 3 179633 0 51626 2779862 7416 0 596
cpu 2 174308 0 47567 2787655 9218 0 190
cpu 5 179746 0 52150 2780816 7329 0 454
cpu 4 174041 1 52577 2784863 7812 0 112
cpu 7 170091 0 51314 2791669 6436 0 540
cpu 6 193218 0 51640 2767678 7705 0 326
cpu 9 161502 0 51219 2797462 7651 0 376
cpu 8 156757 0 57472 2798051 6027 0 336
mem 1 99033092 97087656 1945436 50068 1238160 252 0 1091252 71348 197176 4104 0 0 174844 0 0 0
mem 0 97636988 62530404 35106584 368168 33665672 248 0 33559744 1072960 476752 7560 0 0 462256 4096 0 0
net lo 0 0 2747513 0 0 0 0 0 0 0 0 0 22548 0 2747513 0 0 0 0 0 0 22548 0
net virbr0 0 728 9960886729 0 0 0 0 0 0 0 0 0 39718387 0 38380100824 0 0 0 0 0 0 23510201 0
net eno1 0 150819 40326963288 0 0 349 0 0 0 0 0 0 30173005 0 1206619348 0 0 0 0 0 0 5950863 0
net vnet35 0 0 40802 0 0 0 0 0 0 0 0 0 229 0 44943 0 0 0 0 0 0 217 0
numa 1 100023112 18781169 10118603 29535 99978853 18825411
numa 0 101582476 10118603 18781169 29710 101580847 10119838
ps - 486830496 203899 151 175 168 8 704
sysv_shm - 0 0
tmpfs /run/lock 0 6
tmpfs /run 2080768 1098
tmpfs /run/user/20029 0 20
tmpfs /run/qemu 0 1
tmpfs /dev/shm 37615427584 105370
vfs - 133580 2544 183075
vm - 2 20043740 434321213 251913 1617408 229047536 275011062 75476987 6522712 170990916 54094 0 0 0 0 0 1811072 0 311878 5997 0 1617252 74 0 3 0 0

1778475519.378437 0 node0.mimesys-workload.ldos-ut-pg0.wisc.cloudlab.us
block sda 496189 208815 40091816 286492 2621511 17764052 868642746 12867485 0 2202868 13415808
block sdb 479 0 7540 438 4 0 0 0 0 556 439
cpu 11 167440 0 51732 2793567 6810 0 5
cpu 10 193831 0 46608 2773524 8879 0 4
cpu 13 162864 0 46863 2803319 6489 0 4
cpu 12 165803 0 45923 2802064 6939 0 1
cpu 15 164721 0 44801 2803873 6469 0 3
cpu 14 158708 0 46097 2809476 6452 0 4
cpu 17 150063 0 44954 2818529 6651 0 1
cpu 16 159870 0 43503 2811829 5879 0 1
cpu 19 130786 0 31215 2852745 6198 0 1
cpu 18 176999 0 31584 2806883 5746 0 2
cpu 1 160700 0 35423 2811106 8147 0 722
cpu 0 191270 45 34643 2756796 9921 0 1150
cpu 3 179683 0 51626 2779914 7417 0 596
cpu 2 174345 0 47570 2787717 9219 0 190
cpu 5 179771 0 52150 2780891 7330 0 454
cpu 4 174050 1 52580 2784954 7813 0 112
cpu 7 170091 0 51314 2791773 6436 0 540
cpu 6 193220 0 51641 2767780 7705 0 326
cpu 9 161502 0 51219 2797565 7651 0 376
cpu 8 156757 0 57472 2798155 6027 0 336
mem 1 99033092 97087156 1945936 50120 1236248 296 0 1091268 70604 195264 3904 0 0 174804 0 0 0
mem 0 97636988 62472952 35164036 368284 33722768 280 0 33618320 1131360 476280 7668 0 0 462256 4096 0 0
net lo 0 0 2748070 0 0 0 0 0 0 0 0 0 22552 0 2748070 0 0 0 0 0 0 22552 0
net virbr0 0 728 9960888509 0 0 0 0 0 0 0 0 0 39718398 0 38380101822 0 0 0 0 0 0 23510210 0
net eno1 0 150831 40326969657 0 0 349 0 0 0 0 0 0 30173103 0 1206620849 0 0 0 0 0 0 5950870 0
net vnet35 0 0 42736 0 0 0 0 0 0 0 0 0 240 0 46063 0 0 0 0 0 0 228 0
numa 1 100030890 18781169 10118603 29535 99986631 18825411
numa 0 101598980 10118603 18781169 29710 101597351 10119838
ps - 486836990 203980 163 177 169 4 705
sysv_shm - 0 0
tmpfs /run/lock 0 6
tmpfs /run 2080768 1098
tmpfs /run/user/20029 0 20
tmpfs /run/qemu 0 1
tmpfs /dev/shm 37615427584 105370
vfs - 133583 2504 183083
vm - 2 20049644 434321373 252019 1617408 229071776 275021186 75477008 6522712 171020718 54094 0 0 0 0 0 1811072 0 311878 5997 0 1617252 74 0 3 0 0

1778475520.420468 0 node0.mimesys-workload.ldos-ut-pg0.wisc.cloudlab.us
block sda 496300 209050 40096000 286518 2621511 17764052 868642746 12867485 0 2203016 13415834
block sdb 479 0 7540 438 4 0 0 0 0 556 439
cpu 11 167442 0 51736 2793664 6810 0 5
cpu 10 193834 0 46612 2773622 8879 0 4
cpu 13 162866 0 46866 2803418 6489 0 4
cpu 12 165804 0 45927 2802163 6939 0 1
cpu 15 164722 0 44804 2803973 6469 0 3
cpu 14 158710 0 46098 2809578 6452 0 4
cpu 17 150064 0 44954 2818629 6651 0 1
cpu 16 159872 0 43505 2811929 5879 0 1
cpu 19 130787 0 31217 2852846 6198 0 1
cpu 18 177001 0 31589 2806982 5746 0 2
cpu 1 160730 0 35425 2811179 8147 0 722
cpu 0 191335 45 34650 2756828 9921 0 1150
cpu 3 179736 0 51627 2779965 7417 0 596
cpu 2 174381 0 47572 2787778 9219 0 190
cpu 5 179838 0 52153 2780926 7331 0 454
cpu 4 174075 1 52582 2785028 7814 0 112
cpu 7 170091 0 51316 2791875 6436 0 540
cpu 6 193224 0 51642 2767879 7705 0 326
cpu 9 161502 0 51219 2797669 7651 0 376
cpu 8 156758 0 57472 2798259 6027 0 336
mem 1 99033092 97084728 1948364 50112 1236292 312 0 1091268 71176 195268 3732 0 0 174788 0 0 0
mem 0 97636988 62405380 35231608 368296 33801300 304 0 33696352 1208392 475876 7852 0 0 462264 4096 0 0
net lo 0 0 2749237 0 0 0 0 0 0 0 0 0 22560 0 2749237 0 0 0 0 0 0 22560 0
net virbr0 0 729 9960893191 0 0 0 0 0 0 0 0 0 39718426 0 38380106510 0 0 0 0 0 0 23510231 0
net eno1 0 150831 40326976474 0 0 349 0 0 0 0 0 0 30173207 0 1206622397 0 0 0 0 0 0 5950877 0
net vnet35 0 0 47810 0 0 0 0 0 0 0 0 0 268 0 50751 0 0 0 0 0 0 249 0
numa 1 100040010 18781169 10118603 29535 99995751 18825411
numa 0 101619958 10118603 18781169 29710 101618329 10119838
ps - 486842779 204061 163 177 169 4 705
sysv_shm - 0 0
tmpfs /run/lock 0 6
tmpfs /run 2080768 1098
tmpfs /run/user/20029 0 20
tmpfs /run/qemu 0 1
tmpfs /dev/shm 37615427584 105370
vfs - 133583 2544 183090
vm - 2 20051736 434321373 252290 1617408 229101850 275031546 75477010 6522712 171062122 54095 0 0 0 0 0 1811072 0 311878 5997 0 1617252 74 0 3 0 0

1778475521.457741 0 node0.mimesys-workload.ldos-ut-pg0.wisc.cloudlab.us
block sda 496405 209051 40098408 286540 2621514 17764053 868642778 12867486 0 2203216 13415858
block sdb 479 0 7540 438 4 0 0 0 0 556 439
cpu 11 167447 0 51740 2793759 6810 0 5
cpu 10 193834 0 46614 2773723 8879 0 4
cpu 13 162868 0 46870 2803517 6489 0 4
cpu 12 165804 0 45930 2802263 6939 0 1
cpu 15 164724 0 44806 2804073 6469 0 3
cpu 14 158712 0 46099 2809678 6452 0 4
cpu 17 150066 0 44958 2818726 6651 0 1
cpu 16 159873 0 43506 2812031 5879 0 1
cpu 19 130788 0 31220 2852946 6198 0 1
cpu 18 177002 0 31593 2807081 5746 0 2
cpu 1 160793 0 35430 2811213 8148 0 722
cpu 0 191374 45 34656 2756887 9922 0 1150
cpu 3 179778 0 51628 2780026 7417 0 596
cpu 2 174466 0 47578 2787792 9219 0 190
cpu 5 179880 0 52155 2780983 7331 0 454
cpu 4 174123 1 52585 2785081 7814 0 112
cpu 7 170091 0 51316 2791978 6436 0 540
cpu 6 193224 0 51642 2767982 7705 0 326
cpu 9 161502 0 51219 2797773 7651 0 376
cpu 8 156762 0 57472 2798358 6027 0 336
mem 1 99033092 97082964 1950128 50128 1238436 320 0 1091272 71500 197424 4056 0 0 174868 0 0 0
mem 0 97636988 62346580 35290408 368304 33859236 332 0 33755672 1267576 475464 7972 0 0 462220 4096 0 0
net lo 0 0 2750404 0 0 0 0 0 0 0 0 0 22568 0 2750404 0 0 0 0 0 0 22568 0
net virbr0 0 729 9960896037 0 0 0 0 0 0 0 0 0 39718442 0 38380110200 0 0 0 0 0 0 23510243 0
net eno1 0 150841 40326982865 0 0 349 0 0 0 0 0 0 30173304 0 1206623869 0 0 0 0 0 0 5950884 0
net vnet35 0 0 50880 0 0 0 0 0 0 0 0 0 284 0 54493 0 0 0 0 0 0 262 0
numa 1 100049564 18781169 10118603 29535 100005305 18825411
numa 0 101635618 10118603 18781169 29710 101633989 10119838
ps - 486854293 204140 163 177 169 7 705
sysv_shm - 0 0
tmpfs /run/lock 0 6
tmpfs /run 2080768 1098
tmpfs /run/user/20029 0 20
tmpfs /run/qemu 0 1
tmpfs /dev/shm 37615427584 105370
vfs - 133591 2584 183140
vm - 2 20052940 434321389 252290 1617408 229127061 275041413 75477014 6522712 171092239 54095 0 0 0 0 0 1811072 0 311878 5997 0 1617252 74 0 3 0 0

1778475522.498664 0 node0.mimesys-workload.ldos-ut-pg0.wisc.cloudlab.us
block sda 496623 209052 40107064 286625 2621650 17764061 868644210 12867511 0 2203536 13415967
block sdb 479 0 7540 438 4 0 0 0 0 556 439
cpu 11 167451 0 51743 2793854 6810 0 5
cpu 10 193838 0 46616 2773820 8880 0 4
cpu 13 162870 0 46872 2803616 6489 0 4
cpu 12 165808 0 45931 2802362 6939 0 1
cpu 15 164738 0 44808 2804161 6469 0 3
cpu 14 158716 0 46102 2809776 6453 0 4
cpu 17 150071 0 44961 2818825 6652 0 1
cpu 16 159894 0 43510 2812111 5879 0 1
cpu 19 130794 0 31226 2853036 6199 0 1
cpu 18 177004 0 31596 2807178 5746 0 2
cpu 1 160850 0 35432 2811257 8148 0 722
cpu 0 191402 45 34659 2756958 9922 0 1150
cpu 3 179816 0 51629 2780091 7418 0 596
cpu 2 174558 0 47579 2787802 9220 0 190
cpu 5 179958 0 52156 2781008 7332 0 454
cpu 4 174206 1 52587 2785101 7814 0 112
cpu 7 170093 0 51318 2792079 6436 0 540
cpu 6 193226 0 51643 2768084 7705 0 326
cpu 9 161505 0 51222 2797870 7652 0 376
cpu 8 156764 0 57473 2798460 6027 0 336
mem 1 99033092 97095044 1938048 50136 1237496 76 0 1092308 70976 195492 4092 0 0 175460 0 0 0
mem 0 97636988 62318860 35318128 368316 33882356 104 0 33779180 1289740 475320 7936 0 0 462212 4096 0 0
net lo 0 0 2752472 0 0 0 0 0 0 0 0 0 22596 0 2752472 0 0 0 0 0 0 22596 0
net virbr0 0 729 9960897817 0 0 0 0 0 0 0 0 0 39718453 0 38380111198 0 0 0 0 0 0 23510252 0
net eno1 0 150841 40326989155 0 0 349 0 0 0 0 0 0 30173397 0 1206624455 0 0 0 0 0 0 5950890 0
net vnet35 0 0 52814 0 0 0 0 0 0 0 0 0 295 0 55543 0 0 0 0 0 0 272 0
numa 1 100069777 18781169 10118603 29535 100025518 18825411
numa 0 101644011 10118603 18781169 29710 101642382 10119838
ps - 486863851 204318 163 177 169 5 705
sysv_shm - 0 0
tmpfs /run/lock 0 6
tmpfs /run 2080768 1098
tmpfs /run/user/20029 0 20
tmpfs /run/qemu 0 1
tmpfs /dev/shm 37615427584 105370
vfs - 133582 2544 183082
vm - 2 20057268 434322105 252290 1617408 229155668 275064134 75477844 6522712 171125660 54101 0 0 0 0 0 1811072 0 311878 5997 0 1617252 74 0 3 0 0

1778475523.538305 0 node0.mimesys-workload.ldos-ut-pg0.wisc.cloudlab.us
block sda 496641 209052 40107512 286629 2621655 17764076 868644370 12867512 0 2203596 13415972
block sdb 479 0 7540 438 4 0 0 0 0 556 439
cpu 11 167453 0 51744 2793955 6810 0 5
cpu 10 193840 0 46619 2773919 8880 0 4
cpu 13 162873 0 46874 2803713 6489 0 4
cpu 12 165810 0 45935 2802460 6939 0 1
cpu 15 164739 0 44811 2804260 6469 0 3
cpu 14 158723 0 46103 2809871 6453 0 4
cpu 17 150072 0 44963 2818925 6652 0 1
cpu 16 159896 0 43513 2812210 5879 0 1
cpu 19 130798 0 31230 2853133 6199 0 1
cpu 18 177007 0 31598 2807277 5746 0 2
cpu 1 160908 0 35432 2811303 8148 0 722
cpu 0 191459 45 34661 2757005 9922 0 1150
cpu 3 179855 0 51632 2780155 7418 0 596
cpu 2 174617 0 47582 2787846 9220 0 190
cpu 5 180029 0 52157 2781038 7332 0 454
cpu 4 174279 1 52588 2785133 7814 0 112
cpu 7 170094 0 51318 2792182 6436 0 540
cpu 6 193226 0 51643 2768188 7705 0 326
cpu 9 161509 0 51222 2797970 7652 0 376
cpu 8 156764 0 57473 2798563 6027 0 336
mem 1 99033092 97090012 1943080 50136 1238824 144 0 1092324 71556 196804 4340 0 0 175148 0 0 0
mem 0 97636988 62278036 35358952 368332 33924360 156 0 33819716 1329744 476100 8124 0 0 462212 4096 0 0
net lo 0 0 2753639 0 0 0 0 0 0 0 0 0 22604 0 2753639 0 0 0 0 0 0 22604 0
net virbr0 0 729 9960901543 0 0 0 0 0 0 0 0 0 39718471 0 38380114888 0 0 0 0 0 0 23510264 0
net eno1 0 150853 40326995672 0 0 349 0 0 0 0 0 0 30173497 0 1206626137 0 0 0 0 0 0 5950898 0
net vnet35 0 0 56792 0 0 0 0 0 0 0 0 0 313 0 59233 0 0 0 0 0 0 284 0
numa 1 100079075 18781169 10118603 29535 100034816 18825411
numa 0 101654895 10118603 18781169 29710 101653266 10119838
ps - 486870197 204397 163 177 169 5 705
sysv_shm - 0 0
tmpfs /run/lock 0 6
tmpfs /run 2080768 1098
tmpfs /run/user/20029 0 20
tmpfs /run/qemu 0 1
tmpfs /dev/shm 37615427584 105370
vfs - 133586 2464 183100
vm - 2 20057492 434322185 252290 1617408 229175848 275073661 75477848 6522712 171151162 54101 0 0 0 0 0 1811072 0 311878 5997 0 1617252 74 0 3 0 0

1778475524.579744 0 node0.mimesys-workload.ldos-ut-pg0.wisc.cloudlab.us
block sda 496651 209052 40107792 286631 2621659 17764076 868644626 12867512 0 2203628 13415975
block sdb 479 0 7540 438 4 0 0 0 0 556 439
cpu 11 167453 0 51745 2794056 6810 0 5
cpu 10 193840 0 46620 2774021 8880 0 4
cpu 13 162876 0 46877 2803812 6489 0 4
cpu 12 165810 0 45937 2802562 6939 0 1
cpu 15 164742 0 44814 2804359 6469 0 3
cpu 14 158724 0 46105 2809972 6453 0 4
cpu 17 150072 0 44966 2819025 6652 0 1
cpu 16 159898 0 43514 2812311 5879 0 1
cpu 19 130798 0 31231 2853235 6199 0 1
cpu 18 177009 0 31602 2807376 5746 0 2
cpu 1 160990 0 35434 2811325 8148 0 722
cpu 0 191543 45 34662 2757025 9922 0 1150
cpu 3 179942 0 51634 2780171 7418 0 596
cpu 2 174702 0 47582 2787867 9220 0 190
cpu 5 180110 0 52160 2781058 7332 0 454
cpu 4 174361 1 52588 2785156 7814 0 112
cpu 7 170096 0 51318 2792284 6436 0 540
cpu 6 193226 0 51643 2768291 7705 0 326
cpu 9 161509 0 51222 2798073 7652 0 376
cpu 8 156764 0 57473 2798667 6027 0 336
mem 1 99033092 97088756 1944336 50140 1237124 164 0 1092388 71412 195080 3792 0 0 175108 0 0 0
mem 0 97636988 62269468 35367520 368340 33931232 168 0 33826760 1336784 476032 8212 0 0 462212 4096 0 0
net lo 0 0 2754196 0 0 0 0 0 0 0 0 0 22608 0 2754196 0 0 0 0 0 0 22608 0
net virbr0 0 729 9960902443 0 0 0 0 0 0 0 0 0 39718480 0 38380115886 0 0 0 0 0 0 23510273 0
net eno1 0 150853 40327002149 0 0 349 0 0 0 0 0 0 30173597 0 1206627636 0 0 0 0 0 0 5950904 0
net vnet35 0 0 57818 0 0 0 0 0 0 0 0 0 322 0 60283 0 0 0 0 0 0 294 0
numa 1 100086568 18781169 10118603 29535 100042309 18825411
numa 0 101657419 10118603 18781169 29710 101655790 10119838
ps - 486876041 204471 190 182 171 7 705
sysv_shm - 0 0
tmpfs /run/lock 0 6
tmpfs /run 2080768 1098
tmpfs /run/user/20029 0 20
tmpfs /run/qemu 0 1
tmpfs /dev/shm 37615427584 105370
vfs - 133589 2424 183138
vm - 2 20057632 434322313 252290 1617408 229185865 275082367 75477850 6522712 171165607 54102 0 0 0 0 0 1811072 0 311878 5997 0 1617252 74 0 3 0 0

1778475525.621217 0 node0.mimesys-workload.ldos-ut-pg0.wisc.cloudlab.us
block sda 496651 209052 40107792 286631 2621659 17764076 868644626 12867512 0 2203628 13415975
block sdb 479 0 7540 438 4 0 0 0 0 556 439
cpu 11 167453 0 51748 2794156 6810 0 5
cpu 10 193841 0 46624 2774121 8880 0 4
cpu 13 162877 0 46879 2803914 6489 0 4
cpu 12 165811 0 45938 2802663 6939 0 1
cpu 15 164745 0 44816 2804457 6469 0 3
cpu 14 158726 0 46106 2810074 6453 0 4
cpu 17 150074 0 44968 2819125 6652 0 1
cpu 16 159902 0 43516 2812410 5879 0 1
cpu 19 130801 0 31234 2853333 6199 0 1
cpu 18 177010 0 31604 2807475 5746 0 2
cpu 1 161087 0 35434 2811333 8148 0 723
cpu 0 191641 45 34662 2757034 9922 0 1150
cpu 3 180035 0 51636 2780181 7418 0 596
cpu 2 174797 0 47583 2787877 9220 0 190
cpu 5 180206 0 52160 2781067 7332 0 454
cpu 4 174460 1 52589 2785161 7814 0 112
cpu 7 170097 0 51320 2792384 6436 0 540
cpu 6 193226 0 51644 2768394 7705 0 326
cpu 9 161513 0 51222 2798173 7652 0 376
cpu 8 156764 0 57473 2798771 6027 0 336
mem 1 99033092 97086740 1946352 50148 1237080 188 0 1092392 71572 194944 3872 0 0 175048 0 0 0
mem 0 97636988 62255608 35381380 368348 33945124 192 0 33840880 1350904 476136 8228 0 0 462196 4096 0 0
net lo 0 0 2755363 0 0 0 0 0 0 0 0 0 22616 0 2755363 0 0 0 0 0 0 22616 0
net virbr0 0 729 9960907069 0 0 0 0 0 0 0 0 0 39718507 0 38380120574 0 0 0 0 0 0 23510294 0
net eno1 0 150861 40327009530 0 0 349 0 0 0 0 0 0 30173705 0 1206628148 0 0 0 0 0 0 5950909 0
net vnet35 0 0 62822 0 0 0 0 0 0 0 0 0 349 0 64971 0 0 0 0 0 0 315 0
numa 1 100095713 18781169 10118603 29535 100051454 18825411
numa 0 101661407 10118603 18781169 29710 101659778 10119838
ps - 486879590 204551 190 182 171 7 705
sysv_shm - 0 0
tmpfs /run/lock 0 6
tmpfs /run 2080768 1098
tmpfs /run/user/20029 0 20
tmpfs /run/qemu 0 1
tmpfs /dev/shm 37615427584 105370
vfs - 133582 2464 183082
vm - 2 20057632 434322313 252290 1617408 229198998 275092348 75477858 6522712 171184232 54102 0 0 0 0 0 1811072 0 311878 5997 0 1617252 74 0 3 0 0

1778475526.662423 0 node0.mimesys-workload.ldos-ut-pg0.wisc.cloudlab.us
block sda 496651 209052 40107792 286631 2621661 17764077 868644650 12867513 0 2203632 13415976
block sdb 479 0 7540 438 4 0 0 0 0 556 439
cpu 11 167456 0 51751 2794255 6810 0 5
cpu 10 193843 0 46626 2774221 8880 0 4
cpu 13 162882 0 46882 2804008 6489 0 4
cpu 12 165812 0 45941 2802763 6939 0 1
cpu 15 164746 0 44819 2804557 6469 0 3
cpu 14 158728 0 46108 2810174 6453 0 4
cpu 17 150074 0 44971 2819227 6652 0 1
cpu 16 159903 0 43517 2812511 5879 0 1
cpu 19 130802 0 31236 2853434 6199 0 1
cpu 18 177011 0 31607 2807576 5746 0 2
cpu 1 161186 0 35434 2811340 8148 0 723
cpu 0 191738 45 34662 2757042 9922 0 1151
cpu 3 180134 0 51636 2780188 7418 0 596
cpu 2 174894 0 47584 2787885 9220 0 190
cpu 5 180304 0 52161 2781074 7332 0 454
cpu 4 174559 1 52590 2785167 7814 0 112
cpu 7 170099 0 51322 2792485 6436 0 540
cpu 6 193227 0 51644 2768497 7705 0 326
cpu 9 161513 0 51222 2798277 7652 0 376
cpu 8 156767 0 57474 2798872 6027 0 336
mem 1 99033092 97082904 1950188 50140 1237944 192 0 1092392 71176 195780 3388 0 0 174968 0 0 0
mem 0 97636988 62254600 35382388 368352 33946196 200 0 33842088 1352112 476088 8336 0 0 462196 4096 0 0
net lo 0 0 2756530 0 0 0 0 0 0 0 0 0 22624 0 2756530 0 0 0 0 0 0 22624 0
net virbr0 0 729 9960909251 0 0 0 0 0 0 0 0 0 39718518 0 38380122930 0 0 0 0 0 0 23510303 0
net eno1 0 150861 40327016583 0 0 349 0 0 0 0 0 0 30173803 0 1206629678 0 0 0 0 0 0 5950917 0
net vnet35 0 0 65158 0 0 0 0 0 0 0 0 0 360 0 67379 0 0 0 0 0 0 325 0
numa 1 100104715 18781169 10118603 29535 100060456 18825411
numa 0 101662720 10118603 18781169 29710 101661091 10119838
ps - 486883100 204630 190 182 171 7 705
sysv_shm - 0 0
tmpfs /run/lock 0 6
tmpfs /run 2080768 1098
tmpfs /run/user/20029 0 20
tmpfs /run/qemu 0 1
tmpfs /dev/shm 37615427584 105370
vfs - 133585 2504 183092
vm - 2 20057632 434322325 252290 1617408 229209322 275101788 75477866 6522712 171199977 54102 0 0 0 0 0 1811072 0 311878 5997 0 1617252 74 0 3 0 0

1778475527.703477 0 node0.mimesys-workload.ldos-ut-pg0.wisc.cloudlab.us
block sda 496683 209052 40108168 286692 2622295 17764114 868710618 12867855 0 2203752 13416378
block sdb 479 0 7540 438 4 0 0 0 0 556 439
cpu 11 167457 0 51753 2794355 6810 0 5
cpu 10 193844 0 46627 2774323 8880 0 4
cpu 13 162883 0 46885 2804107 6489 0 4
cpu 12 165814 0 45944 2802862 6939 0 1
cpu 15 164746 0 44821 2804658 6469 0 3
cpu 14 158729 0 46109 2810274 6453 0 4
cpu 17 150074 0 44974 2819328 6652 0 1
cpu 16 159905 0 43518 2812612 5879 0 1
cpu 19 130803 0 31239 2853535 6199 0 1
cpu 18 177013 0 31609 2807675 5746 0 2
cpu 1 161282 0 35437 2811347 8149 0 723
cpu 0 191838 45 34663 2757047 9922 0 1151
cpu 3 180230 0 51637 2780195 7418 0 596
cpu 2 174992 0 47585 2787891 9220 0 190
cpu 5 180405 0 52162 2781079 7332 0 454
cpu 4 174653 1 52592 2785176 7815 0 112
cpu 7 170100 0 51323 2792587 6436 0 540
cpu 6 193227 0 51644 2768598 7707 0 326
cpu 9 161514 0 51222 2798380 7652 0 376
cpu 8 156768 0 57474 2798974 6027 0 336
mem 1 99033092 97082156 1950936 50156 1237440 52 0 1092392 70728 195356 4056 0 0 175016 0 0 0
mem 0 97636988 62227132 35409856 368388 33974360 28 0 33870328 1380316 475968 8260 0 0 462212 4096 0 0
net lo 0 0 2757087 0 0 0 0 0 0 0 0 0 22628 0 2757087 0 0 0 0 0 0 22628 0
net virbr0 0 729 9960911747 0 0 0 0 0 0 0 0 0 39718535 0 38380125262 0 0 0 0 0 0 23510315 0
net eno1 0 150873 40327023138 0 0 349 0 0 0 0 0 0 30173903 0 1206631025 0 0 0 0 0 0 5950923 0
net vnet35 0 0 67892 0 0 0 0 0 0 0 0 0 377 0 69711 0 0 0 0 0 0 337 0
numa 1 100112524 18781169 10118603 29535 100068265 18825411
numa 0 101671042 10118603 18781169 29710 101669413 10119838
ps - 486888894 204705 190 182 171 7 705
sysv_shm - 0 0
tmpfs /run/lock 0 6
tmpfs /run 2080768 1098
tmpfs /run/user/20029 0 20
tmpfs /run/qemu 0 1
tmpfs /dev/shm 37615427584 105370
vfs - 133589 2464 183138
vm - 2 20057820 434355309 252290 1617408 229225445 275111110 75477869 6522712 171219924 54102 0 0 0 0 0 1811072 0 311878 5997 0 1617252 74 0 3 0 0

1778475528.744983 0 node0.mimesys-workload.ldos-ut-pg0.wisc.cloudlab.us
block sda 496684 209052 40108312 286692 2622307 17764127 868710826 12867861 0 2203764 13416384
block sdb 479 0 7540 438 4 0 0 0 0 556 439
cpu 11 167462 0 51759 2794449 6810 0 5
cpu 10 193848 0 46628 2774422 8880 0 4
cpu 13 162883 0 46887 2804209 6489 0 4
cpu 12 165815 0 45947 2802962 6939 0 1
cpu 15 164748 0 44823 2804758 6469 0 3
cpu 14 158733 0 46112 2810373 6453 0 4
cpu 17 150075 0 44974 2819429 6652 0 1
cpu 16 159906 0 43521 2812712 5879 0 1
cpu 19 130804 0 31240 2853636 6199 0 1
cpu 18 177013 0 31611 2807776 5746 0 2
cpu 1 161376 0 35438 2811358 8149 0 723
cpu 0 191933 45 34663 2757057 9922 0 1151
cpu 3 180325 0 51638 2780203 7418 0 596
cpu 2 175092 0 47585 2787896 9220 0 190
cpu 5 180502 0 52163 2781087 7332 0 454
cpu 4 174744 1 52593 2785187 7815 0 112
cpu 7 170102 0 51324 2792687 6436 0 540
cpu 6 193227 0 51644 2768702 7707 0 326
cpu 9 161517 0 51222 2798480 7652 0 376
cpu 8 156768 0 57474 2799078 6027 0 336
mem 1 99033092 97081212 1951880 50164 1239252 140 0 1092404 71560 197136 4056 0 0 175016 0 0 0
mem 0 97636988 62202436 35434552 368456 33997980 144 0 33893924 1403844 476048 8276 0 0 462212 4096 0 0
net lo 0 0 2758254 0 0 0 0 0 0 0 0 0 22636 0 2758254 0 0 0 0 0 0 22636 0
net virbr0 0 729 9960914645 0 0 0 0 0 0 0 0 0 39718552 0 38380128952 0 0 0 0 0 0 23510327 0
net eno1 0 150886 40327030009 0 0 349 0 0 0 0 0 0 30174009 0 1206631537 0 0 0 0 0 0 5950928 0
net vnet35 0 0 71028 0 0 0 0 0 0 0 0 0 394 0 73453 0 0 0 0 0 0 350 0
numa 1 100122170 18781169 10118603 29535 100077911 18825411
numa 0 101678132 10118603 18781169 29710 101676503 10119838
ps - 486893088 204788 190 182 171 7 705
sysv_shm - 0 0
tmpfs /run/lock 0 6
tmpfs /run 2080768 1098
tmpfs /run/user/20029 0 20
tmpfs /run/qemu 0 1
tmpfs /dev/shm 37615427584 105370
vfs - 133583 2424 183076
vm - 2 20057892 434355413 252290 1617408 229242204 275121083 75477873 6522712 171242238 54102 0 0 0 0 0 1811072 0 311878 5997 0 1617252 74 0 3 0 0

1778475529.785417 0 node0.mimesys-workload.ldos-ut-pg0.wisc.cloudlab.us
block sda 496684 209052 40108312 286692 2622314 17764127 868711346 12867862 0 2203772 13416386
block sdb 479 0 7540 438 4 0 0 0 0 556 439
cpu 11 167462 0 51760 2794550 6810 0 5
cpu 10 193849 0 46631 2774521 8880 0 4
cpu 13 162886 0 46890 2804307 6489 0 4
cpu 12 165816 0 45951 2803061 6939 0 1
cpu 15 164750 0 44825 2804859 6469 0 3
cpu 14 158734 0 46114 2810473 6453 0 4
cpu 17 150077 0 44976 2819531 6652 0 1
cpu 16 159907 0 43522 2812814 5879 0 1
cpu 19 130805 0 31243 2853737 6199 0 1
cpu 18 177014 0 31614 2807877 5746 0 2
cpu 1 161472 0 35439 2811367 8149 0 723
cpu 0 192029 45 34663 2757065 9922 0 1151
cpu 3 180424 0 51638 2780209 7418 0 596
cpu 2 175192 0 47585 2787900 9220 0 190
cpu 5 180601 0 52163 2781092 7332 0 454
cpu 4 174842 1 52594 2785194 7815 0 112
cpu 7 170103 0 51325 2792790 6436 0 540
cpu 6 193228 0 51644 2768805 7707 0 326
cpu 9 161517 0 51223 2798583 7652 0 376
cpu 8 156768 0 57474 2799182 6027 0 336
mem 1 99033092 97095516 1937576 50164 1237428 152 0 1092404 70824 195368 4052 0 0 175144 0 0 0
mem 0 97636988 62195128 35441860 368460 34006216 160 0 33902304 1412224 475912 8320 0 0 462212 4096 0 0
net lo 0 0 2758811 0 0 0 0 0 0 0 0 0 22640 0 2758811 0 0 0 0 0 0 22640 0
net virbr0 0 729 9960916425 0 0 0 0 0 0 0 0 0 39718563 0 38380129950 0 0 0 0 0 0 23510336 0
net eno1 0 150886 40327036192 0 0 349 0 0 0 0 0 0 30174104 0 1206632982 0 0 0 0 0 0 5950935 0
net vnet35 0 0 72962 0 0 0 0 0 0 0 0 0 405 0 74451 0 0 0 0 0 0 359 0
numa 1 100129935 18781169 10118603 29535 100085676 18825411
numa 0 101680129 10118603 18781169 29710 101678500 10119838
ps - 486896157 204862 247 194 175 6 705
sysv_shm - 0 0
tmpfs /run/lock 0 6
tmpfs /run 2080768 1098
tmpfs /run/user/20029 0 20
tmpfs /run/qemu 0 1
tmpfs /dev/shm 37615427584 105370
vfs - 133583 2384 183090
vm - 2 20057892 434355673 252290 1617408 229251942 275129732 75477876 6522712 171256432 54102 0 0 0 0 0 1811072 0 311878 5997 0 1617252 74 0 3 0 0

1778475530.826654 0 node0.mimesys-workload.ldos-ut-pg0.wisc.cloudlab.us
block sda 496684 209052 40108312 286692 2622314 17764127 868711346 12867862 0 2203772 13416386
block sdb 479 0 7540 438 4 0 0 0 0 556 439
cpu 11 167464 0 51763 2794650 6810 0 5
cpu 10 193856 0 46632 2774616 8880 0 4
cpu 13 162891 0 46894 2804401 6489 0 4
cpu 12 165821 0 45954 2803157 6939 0 1
cpu 15 164754 0 44826 2804957 6469 0 3
cpu 14 158736 0 46115 2810574 6453 0 4
cpu 17 150084 0 44978 2819625 6652 0 1
cpu 16 159908 0 43526 2812914 5879 0 1
cpu 19 130810 0 31246 2853832 6199 0 1
cpu 18 177018 0 31615 2807975 5746 0 2
cpu 1 161569 0 35440 2811374 8149 0 723
cpu 0 192124 45 34664 2757073 9922 0 1151
cpu 3 180520 0 51640 2780218 7418 0 596
cpu 2 175288 0 47585 2787912 9220 0 190
cpu 5 180695 0 52163 2781103 7332 0 454
cpu 4 174946 1 52594 2785194 7815 0 112
cpu 7 170104 0 51326 2792893 6436 0 540
cpu 6 193231 0 51645 2768903 7707 0 326
cpu 9 161522 0 51223 2798682 7652 0 376
cpu 8 156769 0 57474 2799285 6027 0 336
mem 1 99033092 97093780 1939312 50168 1239708 192 0 1092412 71152 197676 4100 0 0 175096 0 0 0
mem 0 97636988 62173964 35463024 368464 34027676 176 0 33923808 1433728 475948 8396 0 0 462212 4096 0 0
net lo 0 0 2759978 0 0 0 0 0 0 0 0 0 22648 0 2759978 0 0 0 0 0 0 22648 0
net virbr0 0 729 9960919323 0 0 0 0 0 0 0 0 0 39718580 0 38380133640 0 0 0 0 0 0 23510348 0
net eno1 0 150898 40327042829 0 0 349 0 0 0 0 0 0 30174205 0 1206634502 0 0 0 0 0 0 5950942 0
net vnet35 0 0 76098 0 0 0 0 0 0 0 0 0 422 0 78193 0 0 0 0 0 0 372 0
numa 1 100138322 18781169 10118603 29535 100094063 18825411
numa 0 101687375 10118603 18781169 29710 101685746 10119838
ps - 486899860 204941 247 194 175 7 705
sysv_shm - 0 0
tmpfs /run/lock 0 6
tmpfs /run 2080768 1098
tmpfs /run/user/20029 0 20
tmpfs /run/qemu 0 1
tmpfs /dev/shm 37615427584 105370
vfs - 133591 2384 183140
vm - 2 20057892 434355673 252290 1617408 229267576 275139279 75477877 6522712 171277453 54102 0 0 0 0 0 1811072 0 311878 5997 0 1617252 74 0 3 0 0

1778475531.868415 0 node0.mimesys-workload.ldos-ut-pg0.wisc.cloudlab.us
block sda 496684 209052 40108312 286692 2622318 17764127 868711378 12867864 0 2203776 13416388
block sdb 479 0 7540 438 4 0 0 0 0 556 439
cpu 11 167466 0 51764 2794749 6810 0 5
cpu 10 193856 0 46636 2774715 8880 0 4
cpu 13 162892 0 46898 2804501 6489 0 4
cpu 12 165824 0 45956 2803258 6939 0 1
cpu 15 164756 0 44830 2805056 6469 0 3
cpu 14 158745 0 46117 2810666 6453 0 4
cpu 17 150086 0 44980 2819724 6652 0 1
cpu 16 159910 0 43527 2813015 5879 0 1
cpu 19 130812 0 31248 2853932 6199 0 1
cpu 18 177020 0 31616 2808075 5746 0 2
cpu 1 161668 0 35440 2811379 8149 0 723
cpu 0 192222 45 34666 2757079 9922 0 1151
cpu 3 180620 0 51640 2780225 7418 0 596
cpu 2 175385 0 47586 2787918 9220 0 190
cpu 5 180794 0 52164 2781109 7332 0 454
cpu 4 175042 1 52595 2785200 7815 0 112
cpu 7 170104 0 51326 2792996 6436 0 540
cpu 6 193231 0 51647 2769007 7707 0 326
cpu 9 161522 0 51223 2798785 7652 0 376
cpu 8 156769 0 57476 2799388 6027 0 336
mem 1 99033092 97106640 1926452 50168 1224276 184 0 1092416 70532 182148 3948 0 0 175064 0 0 0
mem 0 97636988 62172704 35464284 368460 34028244 196 0 33925060 1434980 475172 8368 0 0 462208 4096 0 0
net lo 0 0 2760535 0 0 0 0 0 0 0 0 0 22652 0 2760535 0 0 0 0 0 0 22652 0
net virbr0 0 729 9960921103 0 0 0 0 0 0 0 0 0 39718591 0 38380134638 0 0 0 0 0 0 23510357 0
net eno1 0 150898 40327048886 0 0 349 0 0 0 0 0 0 30174297 0 1206634913 0 0 0 0 0 0 5950946 0
net vnet35 0 0 78032 0 0 0 0 0 0 0 0 0 433 0 79191 0 0 0 0 0 0 381 0
numa 1 100145985 18781169 10118603 29535 100101726 18825411
numa 0 101688181 10118603 18781169 29710 101686552 10119838
ps - 486904004 205015 247 194 175 7 705
sysv_shm - 0 0
tmpfs /run/lock 0 6
tmpfs /run 2080768 1098
tmpfs /run/user/20029 0 20
tmpfs /run/qemu 0 1
tmpfs /dev/shm 37615427584 105370
vfs - 133582 2424 183082
vm - 2 20057892 434355689 252290 1617408 229276044 275151587 75477879 6522712 171290426 54102 0 0 0 0 0 1811072 0 311878 5997 0 1617252 74 0 3 0 0

1778475532.909418 0 node0.mimesys-workload.ldos-ut-pg0.wisc.cloudlab.us
block sda 496688 209052 40108344 286703 2622492 17764128 868738282 12868050 0 2203820 13416585
block sdb 479 0 7540 438 4 0 0 0 0 556 439
cpu 11 167467 0 51766 2794849 6810 0 5
cpu 10 193857 0 46637 2774816 8880 0 4
cpu 13 162895 0 46902 2804598 6489 0 4
cpu 12 165825 0 45957 2803357 6939 0 1
cpu 15 164758 0 44833 2805154 6469 0 3
cpu 14 158746 0 46120 2810765 6453 0 4
cpu 17 150089 0 44983 2819823 6652 0 1
cpu 16 159912 0 43528 2813114 5879 0 1
cpu 19 130814 0 31250 2854031 6199 0 1
cpu 18 177022 0 31618 2808176 5746 0 2
cpu 1 161768 0 35440 2811383 8149 0 723
cpu 0 192316 45 34666 2757089 9922 0 1151
cpu 3 180716 0 51640 2780235 7418 0 596
cpu 2 175487 0 47586 2787920 9220 0 190
cpu 5 180894 0 52164 2781115 7332 0 454
cpu 4 175140 1 52595 2785207 7815 0 112
cpu 7 170104 0 51326 2793100 6436 0 540
cpu 6 193231 0 51647 2769110 7707 0 326
cpu 9 161522 0 51223 2798889 7652 0 376
cpu 8 156776 0 57476 2799484 6027 0 336
mem 1 99033092 97104376 1928716 50172 1227336 48 0 1092420 71296 185292 4072 0 0 175064 0 0 0
mem 0 97636988 62168420 35468568 368460 34031932 28 0 33929056 1439072 475304 8312 0 0 462208 4096 0 0
net lo 0 0 2761702 0 0 0 0 0 0 0 0 0 22660 0 2761702 0 0 0 0 0 0 22660 0
net virbr0 0 729 9960924001 0 0 0 0 0 0 0 0 0 39718608 0 38380138328 0 0 0 0 0 0 23510369 0
net eno1 0 150911 40327056292 0 0 349 0 0 0 0 0 0 30174411 0 1206636765 0 0 0 0 0 0 5950958 0
net vnet35 0 0 81168 0 0 0 0 0 0 0 0 0 450 0 82933 0 0 0 0 0 0 394 0
numa 1 100155714 18781169 10118603 29535 100111455 18825411
numa 0 101690044 10118603 18781169 29710 101688415 10119838
ps - 486907795 205096 247 194 175 7 707
sysv_shm - 0 0
tmpfs /run/lock 0 6
tmpfs /run 2080768 1098
tmpfs /run/user/20029 0 20
tmpfs /run/qemu 0 1
tmpfs /dev/shm 37615427584 105370
vfs - 133591 2424 183099
vm - 2 20057908 434369141 252290 1617408 229287637 275161234 75477884 6522712 171307683 54102 0 0 0 0 0 1811072 0 311878 5997 0 1617252 74 0 3 0 0

1778475533.950623 0 node0.mimesys-workload.ldos-ut-pg0.wisc.cloudlab.us
block sda 496694 209076 40108584 286706 2622517 17764143 868738602 12868057 0 2203836 13416595
block sdb 479 0 7540 438 4 0 0 0 0 556 439
cpu 11 167468 0 51773 2794947 6810 0 5
cpu 10 193858 0 46640 2774917 8880 0 4
cpu 13 162897 0 46905 2804696 6489 0 4
cpu 12 165827 0 45958 2803458 6939 0 1
cpu 15 164760 0 44836 2805255 6469 0 3
cpu 14 158750 0 46121 2810865 6453 0 4
cpu 17 150089 0 44988 2819923 6652 0 1
cpu 16 159914 0 43529 2813216 5879 0 1
cpu 19 130816 0 31252 2854132 6199 0 1
cpu 18 177023 0 31620 2808276 5746 0 2
cpu 1 161862 0 35444 2811397 8149 0 723
cpu 0 192416 45 34667 2757095 9922 0 1151
cpu 3 180810 0 51640 2780244 7418 0 596
cpu 2 175591 0 47586 2787921 9220 0 190
cpu 5 180986 0 52164 2781127 7332 0 454
cpu 4 175234 1 52596 2785219 7815 0 112
cpu 7 170105 0 51327 2793202 6436 0 540
cpu 6 193233 0 51647 2769212 7707 0 326
cpu 9 161522 0 51224 2798992 7652 0 376
cpu 8 156777 0 57478 2799586 6027 0 336
mem 1 99033092 97104384 1928708 50180 1226584 104 0 1092428 70580 184020 4060 0 0 175048 0 0 0
mem 0 97636988 62168168 35468820 368488 34032424 96 0 33929308 1439308 475284 8376 0 0 462208 4096 0 0
net lo 0 0 2762259 0 0 0 0 0 0 0 0 0 22664 0 2762259 0 0 0 0 0 0 22664 0
net virbr0 0 729 9960925781 0 0 0 0 0 0 0 0 0 39718619 0 38380139326 0 0 0 0 0 0 23510378 0
net eno1 0 150911 40327064611 0 0 349 0 0 0 0 0 0 30174522 0 1206640284 0 0 0 0 0 0 5950972 0
net vnet35 0 0 83102 0 0 0 0 0 0 0 0 0 461 0 83931 0 0 0 0 0 0 403 0
numa 1 100163472 18781169 10118603 29535 100119213 18825411
numa 0 101690674 10118603 18781169 29710 101689045 10119838
ps - 486912172 205170 247 194 175 7 707
sysv_shm - 0 0
tmpfs /run/lock 0 6
tmpfs /run 2080768 1098
tmpfs /run/user/20029 0 20
tmpfs /run/qemu 0 1
tmpfs /dev/shm 37615427584 105370
vfs - 133598 2384 183166
vm - 2 20058028 434369301 252290 1617408 229296024 275169854 75477898 6522712 171320660 54102 0 0 0 0 0 1811072 0 311878 5997 0 1617252 74 0 3 0 0

1778475534.992860 0 node0.mimesys-workload.ldos-ut-pg0.wisc.cloudlab.us
block sda 496696 209076 40108848 286707 2622521 17764143 868738770 12868057 0 2203856 13416596
block sdb 479 0 7540 438 4 0 0 0 0 556 439
cpu 11 167470 0 51778 2795044 6810 0 5
cpu 10 193859 0 46642 2775016 8880 0 4
cpu 13 162900 0 46907 2804796 6489 0 4
cpu 12 165829 0 45962 2803557 6939 0 1
cpu 15 164760 0 44837 2805357 6469 0 3
cpu 14 158752 0 46122 2810965 6453 0 4
cpu 17 150090 0 44989 2820024 6652 0 1
cpu 16 159916 0 43533 2813314 5879 0 1
cpu 19 130819 0 31254 2854230 6199 0 1
cpu 18 177024 0 31621 2808377 5746 0 2
cpu 1 161958 0 35444 2811404 8149 0 724
cpu 0 192516 45 34667 2757098 9922 0 1151
cpu 3 180909 0 51640 2780248 7418 0 596
cpu 2 175692 0 47586 2787924 9220 0 190
cpu 5 181080 0 52165 2781137 7332 0 454
cpu 4 175332 1 52596 2785228 7815 0 112
cpu 7 170105 0 51327 2793305 6436 0 540
cpu 6 193233 0 51647 2769315 7707 0 326
cpu 9 161526 0 51224 2799092 7652 0 376
cpu 8 156778 0 57478 2799688 6027 0 336
mem 1 99033092 97116416 1916676 50232 1225400 188 0 1092436 71324 183324 3944 0 0 175208 0 0 0
mem 0 97636988 62167916 35469072 368660 34032672 180 0 33929560 1439216 475400 8376 0 0 462208 4096 0 0
net lo 0 0 2763426 0 0 0 0 0 0 0 0 0 22672 0 2763426 0 0 0 0 0 0 22672 0
net virbr0 0 730 9960928579 0 0 0 0 0 0 0 0 0 39718634 0 38380143016 0 0 0 0 0 0 23510390 0
net eno1 0 150924 40327070712 0 0 349 0 0 0 0 0 0 30174613 0 1206640862 0 0 0 0 0 0 5950978 0
net vnet35 0 0 86110 0 0 0 0 0 0 0 0 0 476 0 87673 0 0 0 0 0 0 416 0
numa 1 100172792 18781169 10118603 29535 100128533 18825411
numa 0 101691179 10118603 18781169 29710 101689550 10119838
ps - 486915982 205251 283 203 178 6 707
sysv_shm - 0 0
tmpfs /run/lock 0 6
tmpfs /run 2080768 1098
tmpfs /run/user/20029 0 20
tmpfs /run/qemu 0 1
tmpfs /dev/shm 37615427584 105370
vfs - 133586 2424 183084
vm - 2 20058160 434369385 252290 1617408 229305849 275179894 75477929 6522712 171335909 54102 0 0 0 0 0 1811072 0 311878 5997 0 1617252 74 0 3 0 0

1778475536.034189 0 node0.mimesys-workload.ldos-ut-pg0.wisc.cloudlab.us
block sda 496696 209076 40108848 286707 2622521 17764143 868738770 12868057 0 2203856 13416596
block sdb 479 0 7540 438 4 0 0 0 0 556 439
cpu 11 167472 0 51781 2795143 6810 0 5
cpu 10 193861 0 46644 2775116 8880 0 4
cpu 13 162903 0 46911 2804894 6489 0 4
cpu 12 165830 0 45964 2803658 6939 0 1
cpu 15 164760 0 44839 2805457 6469 0 3
cpu 14 158754 0 46123 2811065 6453 0 4
cpu 17 150091 0 44990 2820126 6652 0 1
cpu 16 159916 0 43534 2813417 5879 0 1
cpu 19 130820 0 31256 2854330 6199 0 1
cpu 18 177025 0 31624 2808476 5746 0 2
cpu 1 162055 0 35444 2811413 8149 0 724
cpu 0 192612 45 34668 2757109 9922 0 1151
cpu 3 181005 0 51641 2780258 7418 0 596
cpu 2 175790 0 47586 2787932 9220 0 190
cpu 5 181180 0 52166 2781142 7332 0 454
cpu 4 175436 1 52596 2785229 7815 0 112
cpu 7 170105 0 51327 2793409 6436 0 540
cpu 6 193233 0 51647 2769419 7707 0 326
cpu 9 161527 0 51225 2799195 7652 0 376
cpu 8 156780 0 57479 2799790 6027 0 336
mem 1 99033092 97115160 1917932 50232 1224152 196 0 1092436 70564 182048 3936 0 0 175064 0 0 0
mem 0 97636988 62167916 35469072 368660 34032640 192 0 33929624 1439312 475260 8376 0 0 462208 4096 0 0
net lo 0 0 2763983 0 0 0 0 0 0 0 0 0 22676 0 2763983 0 0 0 0 0 0 22676 0
net virbr0 0 730 9960930359 0 0 0 0 0 0 0 0 0 39718645 0 38380144014 0 0 0 0 0 0 23510399 0
net eno1 0 150924 40327076835 0 0 349 0 0 0 0 0 0 30174707 0 1206642323 0 0 0 0 0 0 5950985 0
net vnet35 0 0 88044 0 0 0 0 0 0 0 0 0 487 0 88671 0 0 0 0 0 0 425 0
numa 1 100180575 18781169 10118603 29535 100136316 18825411
numa 0 101691673 10118603 18781169 29710 101690044 10119838
ps - 486919719 205325 283 203 178 7 707
sysv_shm - 0 0
tmpfs /run/lock 0 6
tmpfs /run 2080768 1098
tmpfs /run/user/20029 0 20
tmpfs /run/qemu 0 1
tmpfs /dev/shm 37615427584 105370
vfs - 133586 2504 183110
vm - 2 20058160 434369385 252290 1617408 229314127 275188518 75477934 6522712 171348675 54102 0 0 0 0 0 1811072 0 311878 5997 0 1617252 74 0 3 0 0

1778475537.075016 0 node0.mimesys-workload.ldos-ut-pg0.wisc.cloudlab.us
block sda 496697 209076 40108856 286707 2622523 17764144 868738802 12868058 0 2203868 13416598
block sdb 479 0 7540 438 4 0 0 0 0 556 439
cpu 11 167474 0 51784 2795241 6810 0 5
cpu 10 193864 0 46646 2775216 8880 0 4
cpu 13 162905 0 46914 2804992 6489 0 4
cpu 12 165830 0 45967 2803758 6939 0 1
cpu 15 164763 0 44841 2805557 6469 0 3
cpu 14 158757 0 46125 2811165 6453 0 4
cpu 17 150094 0 44994 2820223 6652 0 1
cpu 16 159917 0 43536 2813518 5879 0 1
cpu 19 130821 0 31258 2854431 6199 0 1
cpu 18 177026 0 31626 2808577 5746 0 2
cpu 1 162150 0 35446 2811422 8149 0 724
cpu 0 192709 45 34669 2757118 9922 0 1151
cpu 3 181102 0 51641 2780267 7418 0 596
cpu 2 175894 0 47586 2787933 9220 0 190
cpu 5 181280 0 52166 2781148 7332 0 454
cpu 4 175536 1 52597 2785234 7815 0 112
cpu 7 170105 0 51327 2793513 6436 0 540
cpu 6 193233 0 51648 2769522 7707 0 326
cpu 9 161527 0 51225 2799299 7652 0 376
cpu 8 156785 0 57482 2799887 6027 0 336
mem 1 99033092 97128704 1904388 50236 1225424 204 0 1092440 71284 183328 3948 0 0 175012 0 0 0
mem 0 97636988 62165656 35471332 368660 34034852 224 0 33931396 1441080 475684 8376 0 0 462196 4096 0 0
net lo 0 0 2765150 0 0 0 0 0 0 0 0 0 22684 0 2765150 0 0 0 0 0 0 22684 0
net virbr0 0 730 9960934557 0 0 0 0 0 0 0 0 0 39718667 0 38380148276 0 0 0 0 0 0 23510415 0
net eno1 0 150932 40327083418 0 0 349 0 0 0 0 0 0 30174807 0 1206643589 0 0 0 0 0 0 5950991 0
net vnet35 0 0 92550 0 0 0 0 0 0 0 0 0 509 0 92985 0 0 0 0 0 0 442 0
numa 1 100189716 18781169 10118603 29535 100145457 18825411
numa 0 101692995 10118603 18781169 29710 101691366 10119838
ps - 486923888 205404 283 203 178 7 707
sysv_shm - 0 0
tmpfs /run/lock 0 6
tmpfs /run 2080768 1098
tmpfs /run/user/20029 0 20
tmpfs /run/qemu 0 1
tmpfs /dev/shm 37615427584 105370
vfs - 133593 2504 183152
vm - 2 20058164 434369401 252290 1617408 229324589 275197981 75477938 6522712 171364528 54102 0 0 0 0 0 1811072 0 311878 5997 0 1617252 74 0 3 0 0

1778475538.116725 0 node0.mimesys-workload.ldos-ut-pg0.wisc.cloudlab.us
block sda 496697 209076 40108856 286707 2622618 17764144 868739666 12868072 0 2203872 13416612
block sdb 479 0 7540 438 4 0 0 0 0 556 439
cpu 11 167475 0 51787 2795340 6810 0 5
cpu 10 193865 0 46650 2775316 8880 0 4
cpu 13 162907 0 46916 2805092 6489 0 4
cpu 12 165831 0 45968 2803859 6939 0 1
cpu 15 164766 0 44845 2805654 6469 0 3
cpu 14 158758 0 46126 2811266 6453 0 4
cpu 17 150094 0 44996 2820324 6652 0 1
cpu 16 159918 0 43539 2813618 5879 0 1
cpu 19 130823 0 31259 2854531 6199 0 1
cpu 18 177027 0 31628 2808678 5746 0 2
cpu 1 162250 0 35446 2811426 8149 0 725
cpu 0 192800 45 34670 2757131 9922 0 1151
cpu 3 181195 0 51642 2780280 7418 0 596
cpu 2 175986 0 47586 2787946 9220 0 190
cpu 5 181376 0 52166 2781158 7332 0 454
cpu 4 175634 1 52597 2785242 7815 0 112
cpu 7 170105 0 51327 2793617 6436 0 540
cpu 6 193233 0 51648 2769626 7707 0 326
cpu 9 161527 0 51225 2799402 7652 0 376
cpu 8 156786 0 57483 2799988 6027 0 336
mem 1 99033092 97126724 1906368 50236 1224096 24 0 1092440 71452 182076 3944 0 0 175068 0 0 0
mem 0 97636988 62165656 35471332 368668 34034892 4 0 33931964 1441648 475244 8376 0 0 462204 4096 0 0
net lo 0 0 2766317 0 0 0 0 0 0 0 0 0 22692 0 2766317 0 0 0 0 0 0 22692 0
net virbr0 0 730 9960935037 0 0 0 0 0 0 0 0 0 39718673 0 38380148702 0 0 0 0 0 0 23510420 0
net eno1 0 150932 40327089329 0 0 349 0 0 0 0 0 0 30174896 0 1206644101 0 0 0 0 0 0 5950996 0
net vnet35 0 0 93114 0 0 0 0 0 0 0 0 0 515 0 93411 0 0 0 0 0 0 447 0
numa 1 100198589 18781169 10118603 29535 100154330 18825411
numa 0 101693560 10118603 18781169 29710 101691931 10119838
ps - 486927992 205487 283 203 178 9 710
sysv_shm - 0 0
tmpfs /run/lock 0 6
tmpfs /run 2080768 1098
tmpfs /run/user/20029 0 20
tmpfs /run/qemu 0 1
tmpfs /dev/shm 37615427584 105370
vfs - 133592 2464 183135
vm - 2 20058164 434369833 252290 1617408 229334088 275207460 75477942 6522712 171379074 54102 0 0 0 0 0 1811072 0 311878 5997 0 1617252 74 0 3 0 0

1778475539.159074 0 node0.mimesys-workload.ldos-ut-pg0.wisc.cloudlab.us
block sda 496697 209076 40108856 286707 2622624 17764159 868739834 12868074 0 2203880 13416613
block sdb 479 0 7540 438 4 0 0 0 0 556 439
cpu 11 167478 0 51789 2795439 6810 0 5
cpu 10 193866 0 46651 2775418 8880 0 4
cpu 13 162910 0 46922 2805187 6489 0 4
cpu 12 165832 0 45970 2803960 6939 0 1
cpu 15 164769 0 44847 2805754 6469 0 3
cpu 14 158760 0 46127 2811366 6453 0 4
cpu 17 150095 0 44998 2820425 6652 0 1
cpu 16 159919 0 43542 2813719 5879 0 1
cpu 19 130824 0 31261 2854632 6199 0 1
cpu 18 177029 0 31630 2808778 5746 0 2
cpu 1 162348 0 35446 2811434 8149 0 725
cpu 0 192899 45 34671 2757138 9922 0 1151
cpu 3 181290 0 51642 2780293 7418 0 596
cpu 2 176084 0 47586 2787956 9220 0 190
cpu 5 181474 0 52166 2781167 7332 0 454
cpu 4 175730 1 52598 2785251 7815 0 112
cpu 7 170105 0 51328 2793720 6436 0 540
cpu 6 193233 0 51648 2769730 7707 0 326
cpu 9 161531 0 51226 2799502 7652 0 376
cpu 8 156788 0 57484 2800089 6027 0 336
mem 1 99033092 97123228 1909864 50248 1224220 164 0 1092456 70564 182056 3944 0 0 175044 0 0 0
mem 0 97636988 62163136 35473852 368680 34037328 128 0 33934252 1443936 475244 8384 0 0 462276 4096 0 0
net lo 0 0 2767306 0 0 0 0 0 0 0 0 0 22700 0 2767306 0 0 0 0 0 0 22700 0
net virbr0 0 730 9960939933 0 0 0 0 0 0 0 0 0 39718704 0 38380153798 0 0 0 0 0 0 23510444 0
net eno1 0 150942 40327096472 0 0 349 0 0 0 0 0 0 30175003 0 1206645750 0 0 0 0 0 0 5951006 0
net vnet35 0 0 98444 0 0 0 0 0 0 0 0 0 546 0 98559 0 0 0 0 0 0 472 0
numa 1 100207328 18781169 10118603 29535 100163069 18825411
numa 0 101694852 10118603 18781169 29710 101693223 10119838
ps - 486931991 205563 308 209 180 8 707
sysv_shm - 0 0
tmpfs /run/lock 0 6
tmpfs /run 2080768 1098
tmpfs /run/user/20029 0 20
tmpfs /run/qemu 0 1
tmpfs /dev/shm 37615427584 105370
vfs - 133585 2424 183102
vm - 2 20058164 434369917 252290 1617408 229344060 275217219 75477947 6522712 171394209 54102 0 0 0 0 0 1811072 0 311878 5997 0 1617252 74 0 3 0 0

1778475540.198217 0 node0.mimesys-workload.ldos-ut-pg0.wisc.cloudlab.us
block sda 496697 209076 40108856 286707 2622646 17764159 868740066 12868085 0 2203896 13416625
block sdb 479 0 7540 438 4 0 0 0 0 556 439
cpu 11 167479 0 51792 2795538 6810 0 5
cpu 10 193867 0 46653 2775518 8880 0 4
cpu 13 162914 0 46926 2805282 6489 0 4
cpu 12 165836 0 45972 2804057 6939 0 1
cpu 15 164770 0 44849 2805855 6469 0 3
cpu 14 158761 0 46129 2811466 6453 0 4
cpu 17 150097 0 45000 2820525 6652 0 1
cpu 16 159920 0 43544 2813820 5879 0 1
cpu 19 130825 0 31264 2854732 6199 0 1
cpu 18 177030 0 31632 2808878 5746 0 2
cpu 1 162441 0 35447 2811444 8149 0 725
cpu 0 192982 45 34672 2757158 9922 0 1151
cpu 3 181377 0 51643 2780312 7418 0 596
cpu 2 176174 0 47586 2787972 9220 0 190
cpu 5 181562 0 52167 2781186 7332 0 454
cpu 4 175818 1 52599 2785267 7815 0 112
cpu 7 170105 0 51328 2793824 6436 0 540
cpu 6 193233 0 51648 2769833 7707 0 326
cpu 9 161531 0 51226 2799605 7652 0 376
cpu 8 156793 0 57486 2800187 6027 0 336
mem 1 99033092 97121724 1911368 50252 1225992 140 0 1092456 71260 184356 4012 0 0 175140 0 0 0
mem 0 97636988 62161876 35475112 368680 34037260 120 0 33934528 1444212 474800 8332 0 0 462276 4096 0 0
net lo 0 0 2768473 0 0 0 0 0 0 0 0 0 22708 0 2768473 0 0 0 0 0 0 22708 0
net virbr0 0 730 9960942779 0 0 0 0 0 0 0 0 0 39718720 0 38380157488 0 0 0 0 0 0 23510456 0
net eno1 0 150942 40327102869 0 0 349 0 0 0 0 0 0 30175100 0 1206647270 0 0 0 0 0 0 5951013 0
net vnet35 0 0 101514 0 0 0 0 0 0 0 0 0 562 0 102249 0 0 0 0 0 0 484 0
numa 1 100216573 18781169 10118603 29535 100172314 18825411
numa 0 101695558 10118603 18781169 29710 101693929 10119838
ps - 486938026 205642 308 209 180 5 707
sysv_shm - 0 0
tmpfs /run/lock 0 6
tmpfs /run 2080768 1098
tmpfs /run/user/20029 0 20
tmpfs /run/qemu 0 1
tmpfs /dev/shm 37615427584 105370
vfs - 133592 2424 183144
vm - 2 20058164 434370033 252290 1617408 229354026 275226658 75477950 6522712 171409554 54102 0 0 0 0 0 1811072 0 311878 5997 0 1617252 74 0 3 0 0

1778475541.239490 0 node0.mimesys-workload.ldos-ut-pg0.wisc.cloudlab.us
block sda 496697 209076 40108856 286707 2622646 17764159 868740066 12868085 0 2203896 13416625
block sdb 479 0 7540 438 4 0 0 0 0 556 439
cpu 11 167482 0 51793 2795638 6810 0 5
cpu 10 193869 0 46656 2775619 8880 0 4
cpu 13 162916 0 46928 2805383 6489 0 4
cpu 12 165837 0 45974 2804159 6939 0 1
cpu 15 164771 0 44850 2805957 6469 0 3
cpu 14 158762 0 46132 2811567 6453 0 4
cpu 17 150098 0 45002 2820625 6652 0 1
cpu 16 159922 0 43545 2813920 5879 0 1
cpu 19 130827 0 31265 2854833 6199 0 1
cpu 18 177030 0 31635 2808979 5746 0 2
cpu 1 162522 0 35448 2811466 8149 0 725
cpu 0 193067 45 34673 2757177 9922 0 1151
cpu 3 181454 0 51644 2780341 7418 0 596
cpu 2 176252 0 47587 2788000 9220 0 190
cpu 5 181640 0 52168 2781212 7332 0 454
cpu 4 175898 1 52600 2785288 7815 0 112
cpu 7 170105 0 51328 2793928 6436 0 540
cpu 6 193233 0 51648 2769937 7707 0 326
cpu 9 161531 0 51227 2799709 7652 0 376
cpu 8 156794 0 57486 2800289 6027 0 336
mem 1 99033092 97121976 1911116 50252 1224188 164 0 1092464 70564 182096 3976 0 0 175028 0 0 0
mem 0 97636988 62160364 35476624 368680 34039064 136 0 33936064 1445748 475184 8348 0 0 462276 4096 0 0
net lo 0 0 2769030 0 0 0 0 0 0 0 0 0 22712 0 2769030 0 0 0 0 0 0 22712 0
net virbr0 0 730 9960944559 0 0 0 0 0 0 0 0 0 39718731 0 38380158486 0 0 0 0 0 0 23510465 0
net eno1 0 150952 40327109346 0 0 349 0 0 0 0 0 0 30175200 0 1206647735 0 0 0 0 0 0 5951018 0
net vnet35 0 0 103448 0 0 0 0 0 0 0 0 0 573 0 103299 0 0 0 0 0 0 494 0
numa 1 100224254 18781169 10118603 29535 100179995 18825411
numa 0 101696415 10118603 18781169 29710 101694786 10119838
ps - 486942668 205716 308 209 180 7 707
sysv_shm - 0 0
tmpfs /run/lock 0 6
tmpfs /run 2080768 1098
tmpfs /run/user/20029 0 20
tmpfs /run/qemu 0 1
tmpfs /dev/shm 37615427584 105370
vfs - 133584 2464 183094
vm - 2 20058164 434370033 252290 1617408 229362547 275235290 75477955 6522712 171422537 54102 0 0 0 0 0 1811072 0 311878 5997 0 1617252 74 0 3 0 0

1778475542.277953 0 node0.mimesys-workload.ldos-ut-pg0.wisc.cloudlab.us
block sda 496699 209076 40109096 286709 2622649 17764159 868740090 12868087 0 2203908 13416628
block sdb 479 0 7540 438 4 0 0 0 0 556 439
cpu 11 167484 0 51796 2795738 6810 0 5
cpu 10 193870 0 46658 2775719 8880 0 4
cpu 13 162918 0 46932 2805480 6489 0 4
cpu 12 165840 0 45977 2804257 6939 0 1
cpu 15 164772 0 44852 2806057 6469 0 3
cpu 14 158765 0 46133 2811667 6453 0 4
cpu 17 150099 0 45003 2820725 6652 0 1
cpu 16 159924 0 43549 2814017 5879 0 1
cpu 19 130829 0 31269 2854930 6199 0 1
cpu 18 177031 0 31636 2809080 5746 0 2
cpu 1 162615 0 35450 2811480 8149 0 725
cpu 0 193164 45 34673 2757186 9922 0 1151
cpu 3 181556 0 51644 2780343 7418 0 596
cpu 2 176352 0 47588 2788007 9220 0 190
cpu 5 181739 0 52168 2781219 7332 0 454
cpu 4 175995 1 52602 2785295 7815 0 112
cpu 7 170105 0 51328 2794031 6436 0 540
cpu 6 193233 0 51648 2770040 7707 0 326
cpu 9 161535 0 51227 2799808 7652 0 376
cpu 8 156794 0 57487 2800391 6027 0 336
mem 1 99033092 97120728 1912364 50260 1225780 188 0 1092464 71756 184508 3728 0 0 175032 0 0 0
mem 0 97636988 62160112 35476876 368684 34038788 148 0 33936064 1445748 474932 8396 0 0 462264 4096 0 0
net lo 0 0 2770197 0 0 0 0 0 0 0 0 0 22720 0 2770197 0 0 0 0 0 0 22720 0
net virbr0 0 730 9960947457 0 0 0 0 0 0 0 0 0 39718748 0 38380162176 0 0 0 0 0 0 23510477 0
net eno1 0 150952 40327116227 0 0 349 0 0 0 0 0 0 30175300 0 1206649473 0 0 0 0 0 0 5951026 0
net vnet35 0 0 106584 0 0 0 0 0 0 0 0 0 590 0 106989 0 0 0 0 0 0 506 0
numa 1 100233599 18781169 10118603 29535 100189340 18825411
numa 0 101696886 10118603 18781169 29710 101695257 10119838
ps - 486946889 205795 308 209 180 7 707
sysv_shm - 0 0
tmpfs /run/lock 0 6
tmpfs /run 2080768 1098
tmpfs /run/user/20029 0 20
tmpfs /run/qemu 0 1
tmpfs /dev/shm 37615427584 105370
vfs - 133587 2464 183104
vm - 2 20058284 434370045 252290 1617408 229372364 275244719 75477960 6522712 171437747 54103 0 0 0 0 0 1811072 0 311878 5997 0 1617252 74 0 3 0 0

1778475543.312186 0 node0.mimesys-workload.ldos-ut-pg0.wisc.cloudlab.us
block sda 496700 209076 40109320 286709 2622726 17764159 868740778 12868099 0 2203916 13416641
block sdb 479 0 7540 438 4 0 0 0 0 556 439
cpu 11 167486 0 51797 2795837 6810 0 5
cpu 10 193870 0 46660 2775819 8880 0 4
cpu 13 162920 0 46935 2805579 6489 0 4
cpu 12 165840 0 45980 2804357 6939 0 1
cpu 15 164774 0 44853 2806157 6469 0 3
cpu 14 158766 0 46136 2811765 6453 0 4
cpu 17 150100 0 45006 2820826 6652 0 1
cpu 16 159925 0 43551 2814118 5879 0 1
cpu 19 130831 0 31270 2855031 6199 0 1
cpu 18 177032 0 31639 2809181 5746 0 2
cpu 1 162712 0 35451 2811489 8149 0 725
cpu 0 193254 45 34675 2757199 9922 0 1151
cpu 3 181649 0 51646 2780353 7418 0 596
cpu 2 176443 0 47590 2788020 9220 0 190
cpu 5 181839 0 52168 2781222 7332 0 454
cpu 4 176088 1 52605 2785306 7815 0 112
cpu 7 170105 0 51328 2794134 6436 0 540
cpu 6 193233 0 51648 2770143 7707 0 326
cpu 9 161536 0 51227 2799911 7652 0 376
cpu 8 156795 0 57488 2800493 6027 0 336
mem 1 99033092 97119416 1913676 50252 1224704 200 0 1092588 70612 182476 4064 0 0 175016 0 0 0
mem 0 97636988 62155576 35481412 368688 34043536 164 0 33940952 1450636 475240 8396 0 0 462256 4096 0 0
net lo 0 0 2770754 0 0 0 0 0 0 0 0 0 22724 0 2770754 0 0 0 0 0 0 22724 0
net virbr0 0 730 9960949237 0 0 0 0 0 0 0 0 0 39718759 0 38380163174 0 0 0 0 0 0 23510486 0
net eno1 0 150964 40327121690 0 0 349 0 0 0 0 0 0 30175383 0 1206650756 0 0 0 0 0 0 5951032 0
net vnet35 0 0 108518 0 0 0 0 0 0 0 0 0 601 0 108039 0 0 0 0 0 0 516 0
numa 1 100241411 18781169 10118603 29535 100197152 18825411
numa 0 101698838 10118603 18781169 29710 101697209 10119838
ps - 486951508 205870 308 209 180 7 684
sysv_shm - 0 0
tmpfs /run/lock 0 6
tmpfs /run 2080768 1098
tmpfs /run/user/20029 0 20
tmpfs /run/qemu 0 1
tmpfs /dev/shm 37615427584 105370
vfs - 133591 2464 183005
vm - 2 20058396 434370389 252290 1617408 229382162 275253554 75477977 6522712 171452100 54103 0 0 0 0 0 1811072 0 311878 5997 0 1617252 74 0 3 0 0

1778475544.353708 0 node0.mimesys-workload.ldos-ut-pg0.wisc.cloudlab.us
block sda 496701 209076 40109520 286710 2622731 17764171 868740914 12868100 0 2203924 13416643
block sdb 479 0 7540 438 4 0 0 0 0 556 439
cpu 11 167489 0 51800 2795935 6810 0 5
cpu 10 193871 0 46663 2775919 8880 0 4
cpu 13 162924 0 46937 2805676 6489 0 4
cpu 12 165844 0 45983 2804455 6939 0 1
cpu 15 164774 0 44856 2806256 6469 0 3
cpu 14 158769 0 46140 2811863 6453 0 4
cpu 17 150101 0 45007 2820928 6652 0 1
cpu 16 159926 0 43553 2814220 5879 0 1
cpu 19 130832 0 31270 2855131 6199 0 1
cpu 18 177034 0 31640 2809280 5746 0 2
cpu 1 162809 0 35452 2811499 8149 0 725
cpu 0 193352 45 34676 2757208 9922 0 1151
cpu 3 181745 0 51647 2780365 7418 0 596
cpu 2 176538 0 47592 2788035 9220 0 190
cpu 5 181936 0 52171 2781227 7332 0 454
cpu 4 176184 1 52607 2785313 7815 0 112
cpu 7 170105 0 51328 2794238 6436 0 540
cpu 6 193233 0 51648 2770246 7707 0 326
cpu 9 161536 0 51227 2800014 7652 0 376
cpu 8 156800 0 57490 2800589 6027 0 336
mem 1 99033092 97119920 1913172 50268 1224404 156 0 1092600 70568 182204 4116 0 0 174984 0 0 0
mem 0 97636988 62146252 35490736 368728 34052552 124 0 33949908 1459592 474988 8352 0 0 462248 4096 0 0
net lo 0 0 2771921 0 0 0 0 0 0 0 0 0 22732 0 2771921 0 0 0 0 0 0 22732 0
net virbr0 0 730 9960953759 0 0 0 0 0 0 0 0 0 39718784 0 38380167862 0 0 0 0 0 0 23510507 0
net eno1 0 150964 40327127601 0 0 349 0 0 0 0 0 0 30175472 0 1206651268 0 0 0 0 0 0 5951037 0
net vnet35 0 0 113390 0 0 0 0 0 0 0 0 0 626 0 112727 0 0 0 0 0 0 537 0
numa 1 100250982 18781169 10118603 29535 100206723 18825411
numa 0 101702021 10118603 18781169 29710 101700392 10119838
ps - 486956859 205954 332 216 182 9 684
sysv_shm - 0 0
tmpfs /run/lock 0 6
tmpfs /run 2080768 1098
tmpfs /run/user/20029 0 20
tmpfs /run/qemu 0 1
tmpfs /dev/shm 37615427584 105370
vfs - 133585 2504 182957
vm - 2 20058496 434370457 252290 1617408 229394904 275263957 75477980 6522712 171470566 54103 0 0 0 0 0 1811072 0 311878 5997 0 1617252 74 0 3 0 0

1778475545.392081 0 node0.mimesys-workload.ldos-ut-pg0.wisc.cloudlab.us
block sda 496701 209076 40109520 286710 2622738 17764171 868740970 12868104 0 2203928 13416647
block sdb 479 0 7540 438 4 0 0 0 0 556 439
cpu 11 167491 0 51802 2796034 6810 0 5
cpu 10 193873 0 46667 2776017 8880 0 4
cpu 13 162930 0 46943 2805768 6489 0 4
cpu 12 165846 0 45985 2804555 6939 0 1
cpu 15 164776 0 44859 2806355 6469 0 3
cpu 14 158770 0 46141 2811964 6453 0 4
cpu 17 150102 0 45010 2821028 6652 0 1
cpu 16 159928 0 43555 2814319 5879 0 1
cpu 19 130834 0 31272 2855232 6199 0 1
cpu 18 177035 0 31642 2809381 5746 0 2
cpu 1 162907 0 35452 2811510 8149 0 725
cpu 0 193443 45 34678 2757222 9922 0 1151
cpu 3 181838 0 51648 2780377 7418 0 596
cpu 2 176632 0 47593 2788044 9220 0 190
cpu 5 182028 0 52173 2781241 7332 0 454
cpu 4 176273 1 52609 2785329 7815 0 112
cpu 7 170105 0 51328 2794342 6436 0 540
cpu 6 193233 0 51649 2770350 7707 0 326
cpu 9 161539 0 51228 2800114 7652 0 376
cpu 8 156802 0 57492 2800691 6027 0 336
mem 1 99033092 97118472 1914620 50284 1226676 132 0 1092604 72112 184520 4024 0 0 174856 0 0 0
mem 0 97636988 62145496 35491492 368728 34054076 124 0 33951464 1461052 474828 8340 0 0 462192 4096 0 0
net lo 0 0 2773088 0 0 0 0 0 0 0 0 0 22740 0 2773088 0 0 0 0 0 0 22740 0
net virbr0 0 730 9960956473 0 0 0 0 0 0 0 0 0 39718798 0 38380170656 0 0 0 0 0 0 23510517 0
net eno1 0 150974 40327135318 0 0 349 0 0 0 0 0 0 30175591 0 1206652870 0 0 0 0 0 0 5951045 0
net vnet35 0 0 116300 0 0 0 0 0 0 0 0 0 640 0 115573 0 0 0 0 0 0 548 0
numa 1 100260411 18781169 10118603 29535 100216152 18825411
numa 0 101702641 10118603 18781169 29710 101701012 10119838
ps - 486962478 206035 332 216 182 7 678
sysv_shm - 0 0
tmpfs /run/lock 0 6
tmpfs /run 2080768 1098
tmpfs /run/user/20029 0 20
tmpfs /run/qemu 0 1
tmpfs /dev/shm 37615427584 105370
vfs - 133584 2544 182922
vm - 2 20058496 434370485 252290 1617408 229404931 275273629 75477984 6522712 171486212 54103 0 0 0 0 0 1811072 0 311878 5997 0 1617252 74 0 3 0 0

1778475546.433161 0 node0.mimesys-workload.ldos-ut-pg0.wisc.cloudlab.us
block sda 496701 209076 40109520 286710 2622742 17764171 868741146 12868105 0 2203932 13416648
block sdb 479 0 7540 438 4 0 0 0 0 556 439
cpu 11 167492 0 51806 2796134 6810 0 5
cpu 10 193873 0 46670 2776117 8880 0 4
cpu 13 162932 0 46948 2805865 6489 0 4
cpu 12 165847 0 45988 2804654 6939 0 1
cpu 15 164776 0 44860 2806456 6469 0 3
cpu 14 158772 0 46142 2812064 6453 0 4
cpu 17 150103 0 45013 2821129 6652 0 1
cpu 16 159929 0 43558 2814420 5879 0 1
cpu 19 130835 0 31275 2855333 6199 0 1
cpu 18 177036 0 31644 2809481 5746 0 2
cpu 1 163000 0 35454 2811526 8149 0 725
cpu 0 193537 45 34680 2757235 9922 0 1151
cpu 3 181931 0 51654 2780391 7418 0 596
cpu 2 176717 0 47597 2788063 9220 0 190
cpu 5 182122 0 52174 2781256 7332 0 454
cpu 4 176367 1 52611 2785344 7815 0 112
cpu 7 170105 0 51329 2794446 6436 0 540
cpu 6 193233 0 51649 2770453 7707 0 326
cpu 9 161540 0 51228 2800217 7652 0 376
cpu 8 156802 0 57492 2800795 6027 0 336
mem 1 99033092 97117476 1915616 50276 1224756 168 0 1092608 70600 182524 3960 0 0 174848 0 0 0
mem 0 97636988 62132524 35504464 368728 34079680 144 0 33977464 1487052 474508 8400 0 0 462192 4096 0 0
net lo 0 0 2773645 0 0 0 0 0 0 0 0 0 22744 0 2773645 0 0 0 0 0 0 22744 0
net virbr0 0 730 9960958437 0 0 0 0 0 0 0 0 0 39718812 0 38380172550 0 0 0 0 0 0 23510528 0
net eno1 0 150974 40327141081 0 0 349 0 0 0 0 0 0 30175678 0 1206654233 0 0 0 0 0 0 5951051 0
net vnet35 0 0 118460 0 0 0 0 0 0 0 0 0 654 0 117467 0 0 0 0 0 0 559 0
numa 1 100268305 18781169 10118603 29535 100224046 18825411
numa 0 101709733 10118603 18781169 29710 101708104 10119838
ps - 486967996 206109 332 216 182 6 678
sysv_shm - 0 0
tmpfs /run/lock 0 6
tmpfs /run 2080768 1098
tmpfs /run/user/20029 0 20
tmpfs /run/qemu 0 1
tmpfs /dev/shm 37615427584 105370
vfs - 133587 2504 182960
vm - 2 20058496 434370573 252290 1617408 229419917 275282215 75477986 6522712 171505761 54103 0 0 0 0 0 1811072 0 311878 5997 0 1617252 74 0 3 0 0

1778475547.470154 0 node0.mimesys-workload.ldos-ut-pg0.wisc.cloudlab.us
block sda 496702 209076 40109536 286710 2622747 17764171 868741186 12868108 0 2203940 13416651
block sdb 479 0 7540 438 4 0 0 0 0 556 439
cpu 11 167494 0 51810 2796232 6810 0 5
cpu 10 193876 0 46671 2776215 8880 0 4
cpu 13 162932 0 46951 2805965 6489 0 4
cpu 12 165849 0 45989 2804755 6939 0 1
cpu 15 164777 0 44864 2806557 6469 0 3
cpu 14 158776 0 46144 2812163 6453 0 4
cpu 17 150104 0 45014 2821229 6652 0 1
cpu 16 159931 0 43559 2814519 5879 0 1
cpu 19 130836 0 31278 2855433 6199 0 1
cpu 18 177038 0 31646 2809579 5746 0 2
cpu 1 163093 0 35458 2811548 8149 0 725
cpu 0 193628 45 34684 2757261 9922 0 1151
cpu 3 182027 0 51658 2780411 7418 0 596
cpu 2 176810 0 47598 2788084 9220 0 190
cpu 5 182212 0 52181 2781280 7332 0 454
cpu 4 176459 1 52613 2785365 7815 0 112
cpu 7 170105 0 51329 2794549 6436 0 540
cpu 6 193233 0 51649 2770556 7707 0 326
cpu 9 161540 0 51229 2800320 7652 0 376
cpu 8 156806 0 57493 2800893 6027 0 336
mem 1 99033092 97117000 1916092 50284 1226068 164 0 1092612 71312 183844 4220 0 0 174816 0 0 0
mem 0 97636988 62129248 35507740 368732 34083360 160 0 33980748 1490336 474920 8292 0 0 462184 4096 0 0
net lo 0 0 2774812 0 0 0 0 0 0 0 0 0 22752 0 2774812 0 0 0 0 0 0 22752 0
net virbr0 0 730 9960961335 0 0 0 0 0 0 0 0 0 39718829 0 38380176240 0 0 0 0 0 0 23510540 0
net eno1 0 150985 40327148252 0 0 349 0 0 0 0 0 0 30175789 0 1206654745 0 0 0 0 0 0 5951056 0
net vnet35 0 0 121596 0 0 0 0 0 0 0 0 0 671 0 121209 0 0 0 0 0 0 572 0
numa 1 100277637 18781169 10118603 29535 100233378 18825411
numa 0 101710844 10118603 18781169 29710 101709215 10119838
ps - 486975835 206189 332 216 182 5 678
sysv_shm - 0 0
tmpfs /run/lock 0 6
tmpfs /run 2080768 1098
tmpfs /run/user/20029 0 20
tmpfs /run/qemu 0 1
tmpfs /dev/shm 37615427584 105370
vfs - 133584 2544 182922
vm - 2 20058504 434370593 252290 1617408 229430359 275291646 75477991 6522712 171521762 54104 0 0 0 0 0 1811072 0 311878 5997 0 1617252 74 0 3 0 0

1778475548.511506 0 node0.mimesys-workload.ldos-ut-pg0.wisc.cloudlab.us
block sda 496702 209076 40109536 286710 2622828 17764171 868741914 12868120 0 2203944 13416663
block sdb 479 0 7540 438 4 0 0 0 0 556 439
cpu 11 167495 0 51813 2796332 6810 0 5
cpu 10 193877 0 46675 2776315 8880 0 4
cpu 13 162932 0 46957 2806064 6489 0 4
cpu 12 165852 0 45990 2804855 6939 0 1
cpu 15 164779 0 44866 2806656 6469 0 3
cpu 14 158778 0 46146 2812263 6453 0 4
cpu 17 150105 0 45016 2821330 6652 0 1
cpu 16 159932 0 43560 2814621 5879 0 1
cpu 19 130837 0 31280 2855534 6199 0 1
cpu 18 177039 0 31649 2809678 5746 0 2
cpu 1 163177 0 35464 2811573 8149 0 726
cpu 0 193712 45 34687 2757287 9922 0 1151
cpu 3 182111 0 51664 2780431 7418 0 596
cpu 2 176897 0 47604 2788109 9220 0 190
cpu 5 182294 0 52188 2781306 7332 0 454
cpu 4 176541 1 52621 2785389 7815 0 112
cpu 7 170106 0 51329 2794653 6436 0 540
cpu 6 193233 0 51650 2770660 7707 0 326
cpu 9 161540 0 51230 2800424 7652 0 376
cpu 8 156806 0 57494 2800995 6027 0 336
mem 1 99033092 97116188 1916904 50288 1224336 20 0 1092624 70488 182116 4068 0 0 174712 0 0 0
mem 0 97636988 62128496 35508492 368728 34083828 0 0 33981144 1490732 474924 8368 0 0 462184 4096 0 0
net lo 0 0 2775369 0 0 0 0 0 0 0 0 0 22756 0 2775369 0 0 0 0 0 0 22756 0
net virbr0 0 730 9960963115 0 0 0 0 0 0 0 0 0 39718840 0 38380177238 0 0 0 0 0 0 23510549 0
net eno1 0 150985 40327154975 0 0 349 0 0 0 0 0 0 30175893 0 1206656110 0 0 0 0 0 0 5951063 0
net vnet35 0 0 123530 0 0 0 0 0 0 0 0 0 682 0 122259 0 0 0 0 0 0 582 0
numa 1 100285848 18781169 10118603 29535 100241589 18825411
numa 0 101711465 10118603 18781169 29710 101709836 10119838
ps - 486984027 206267 332 216 182 6 678
sysv_shm - 0 0
tmpfs /run/lock 0 6
tmpfs /run 2080768 1098
tmpfs /run/user/20029 0 20
tmpfs /run/qemu 0 1
tmpfs /dev/shm 37615427584 105370
vfs - 133581 2464 182927
vm - 2 20058504 434370957 252290 1617408 229439191 275300828 75477993 6522712 171535330 54104 0 0 0 0 0 1811072 0 311878 5997 0 1617252 74 0 3 0 0

1778475549.551903 0 node0.mimesys-workload.ldos-ut-pg0.wisc.cloudlab.us
block sda 496702 209076 40109536 286710 2622833 17764187 868742082 12868120 0 2203948 13416664
block sdb 479 0 7540 438 4 0 0 0 0 556 439
cpu 11 167496 0 51814 2796432 6810 0 5
cpu 10 193878 0 46678 2776416 8880 0 4
cpu 13 162936 0 46960 2806161 6489 0 4
cpu 12 165854 0 45992 2804956 6939 0 1
cpu 15 164783 0 44868 2806754 6469 0 3
cpu 14 158778 0 46147 2812363 6453 0 4
cpu 17 150106 0 45020 2821429 6652 0 1
cpu 16 159933 0 43562 2814722 5879 0 1
cpu 19 130840 0 31282 2855632 6199 0 1
cpu 18 177040 0 31650 2809779 5746 0 2
cpu 1 163256 0 35465 2811596 8149 0 726
cpu 0 193789 45 34689 2757311 9922 0 1151
cpu 3 182188 0 51664 2780455 7418 0 596
cpu 2 176981 0 47604 2788131 9220 0 190
cpu 5 182376 0 52189 2781327 7332 0 454
cpu 4 176624 1 52621 2785407 7815 0 112
cpu 7 170106 0 51329 2794757 6436 0 540
cpu 6 193234 0 51650 2770763 7707 0 326
cpu 9 161544 0 51230 2800523 7652 0 376
cpu 8 156808 0 57495 2801095 6027 0 336
mem 1 99033092 97114740 1918352 50300 1224480 164 0 1092636 70716 182232 3488 0 0 174744 0 0 0
mem 0 97636988 62127488 35509500 368728 34084784 148 0 33982036 1491624 474916 8432 0 0 462184 4096 0 0
net lo 0 0 2776536 0 0 0 0 0 0 0 0 0 22764 0 2776536 0 0 0 0 0 0 22764 0
net virbr0 0 730 9960967793 0 0 0 0 0 0 0 0 0 39718868 0 38380181926 0 0 0 0 0 0 23510570 0
net eno1 0 150994 40327161252 0 0 349 0 0 0 0 0 0 30175988 0 1206657416 0 0 0 0 0 0 5951069 0
net vnet35 0 0 128600 0 0 0 0 0 0 0 0 0 710 0 126947 0 0 0 0 0 0 603 0
numa 1 100294890 18781169 10118603 29535 100250631 18825411
numa 0 101712575 10118603 18781169 29710 101710946 10119838
ps - 486991483 206347 353 222 185 6 678
sysv_shm - 0 0
tmpfs /run/lock 0 6
tmpfs /run 2080768 1098
tmpfs /run/user/20029 0 20
tmpfs /run/qemu 0 1
tmpfs /dev/shm 37615427584 105370
vfs - 133587 2464 182960
vm - 2 20058504 434371041 252290 1617408 229449345 275310757 75477997 6522712 171550994 54104 0 0 0 0 0 1811072 0 311878 5997 0 1617252 74 0 3 0 0

1778475550.593062 0 node0.mimesys-workload.ldos-ut-pg0.wisc.cloudlab.us
block sda 496702 209076 40109536 286710 2622837 17764187 868742162 12868121 0 2203952 13416665
block sdb 479 0 7540 438 4 0 0 0 0 556 439
cpu 11 167497 0 51816 2796533 6810 0 5
cpu 10 193878 0 46681 2776515 8880 0 4
cpu 13 162938 0 46962 2806260 6489 0 4
cpu 12 165855 0 45994 2805056 6939 0 1
cpu 15 164784 0 44870 2806856 6469 0 3
cpu 14 158779 0 46149 2812465 6453 0 4
cpu 17 150107 0 45023 2821529 6652 0 1
cpu 16 159934 0 43564 2814824 5879 0 1
cpu 19 130846 0 31286 2855727 6199 0 1
cpu 18 177043 0 31652 2809879 5746 0 2
cpu 1 163335 0 35466 2811618 8149 0 726
cpu 0 193853 45 34691 2757348 9922 0 1151
cpu 3 182252 0 51665 2780492 7418 0 596
cpu 2 177044 0 47606 2788167 9220 0 190
cpu 5 182455 0 52190 2781348 7332 0 454
cpu 4 176698 1 52622 2785431 7815 0 112
cpu 7 170106 0 51329 2794860 6436 0 540
cpu 6 193234 0 51650 2770867 7707 0 326
cpu 9 161544 0 51230 2800626 7652 0 376
cpu 8 156814 0 57496 2801192 6027 0 336
mem 1 99033092 97113388 1919704 50304 1225628 188 0 1092636 71504 183436 3980 0 0 174744 0 0 0
mem 0 97636988 62122200 35514788 368728 34090760 168 0 33987788 1497620 475192 8440 0 0 462240 4096 0 0
net lo 0 0 2777703 0 0 0 0 0 0 0 0 0 22772 0 2777703 0 0 0 0 0 0 22772 0
net virbr0 0 730 9960970535 0 0 0 0 0 0 0 0 0 39718882 0 38380185616 0 0 0 0 0 0 23510582 0
net eno1 0 150994 40327167823 0 0 350 0 0 0 0 0 0 30176088 0 1206657928 0 0 0 0 0 0 5951074 0
net vnet35 0 0 131538 0 0 0 0 0 0 0 0 0 724 0 130689 0 0 0 0 0 0 616 0
numa 1 100303988 18781169 10118603 29535 100259729 18825411
numa 0 101714714 10118603 18781169 29710 101713085 10119838
ps - 486999335 206426 353 222 185 6 678
sysv_shm - 0 0
tmpfs /run/lock 0 6
tmpfs /run 2080768 1098
tmpfs /run/user/20029 0 20
tmpfs /run/qemu 0 1
tmpfs /dev/shm 37615427584 105370
vfs - 133583 2464 182933
vm - 2 20058504 434371081 252290 1617408 229460581 275320165 75478000 6522712 171567670 54104 0 0 0 0 0 1811072 0 311878 5997 0 1617252 74 0 3 0 0

1778475551.634380 0 node0.mimesys-workload.ldos-ut-pg0.wisc.cloudlab.us
block sda 496702 209076 40109536 286710 2622846 17764188 868742242 12868127 0 2203956 13416671
block sdb 479 0 7540 438 4 0 0 0 0 556 439
cpu 11 167498 0 51818 2796634 6810 0 5
cpu 10 193880 0 46683 2776617 8880 0 4
cpu 13 162942 0 46964 2806359 6489 0 4
cpu 12 165857 0 46000 2805153 6939 0 1
cpu 15 164784 0 44871 2806958 6469 0 3
cpu 14 158780 0 46151 2812565 6453 0 4
cpu 17 150108 0 45024 2821631 6652 0 1
cpu 16 159934 0 43567 2814924 5879 0 1
cpu 19 130846 0 31287 2855829 6199 0 1
cpu 18 177044 0 31653 2809980 5746 0 2
cpu 1 163419 0 35468 2811638 8149 0 726
cpu 0 193930 45 34692 2757370 9922 0 1151
cpu 3 182335 0 51666 2780512 7418 0 596
cpu 2 177125 0 47607 2788187 9220 0 190
cpu 5 182538 0 52190 2781368 7332 0 454
cpu 4 176773 1 52623 2785457 7815 0 112
cpu 7 170106 0 51329 2794964 6436 0 540
cpu 6 193234 0 51650 2770970 7707 0 326
cpu 9 161545 0 51231 2800730 7652 0 376
cpu 8 156816 0 57496 2801293 6027 0 336
mem 1 99033092 97110872 1922220 50308 1224324 144 0 1092640 70636 182120 3928 0 0 174760 0 0 0
mem 0 97636988 62118168 35518820 368728 34093848 152 0 33991008 1500596 475188 8476 0 0 462264 4096 0 0
net lo 0 0 2778260 0 0 0 0 0 0 0 0 0 22776 0 2778260 0 0 0 0 0 0 22776 0
net virbr0 0 730 9960972315 0 0 0 0 0 0 0 0 0 39718893 0 38380186614 0 0 0 0 0 0 23510591 0
net eno1 0 151003 40327174546 0 0 350 0 0 0 0 0 0 30176192 0 1206659119 0 0 0 0 0 0 5951080 0
net vnet35 0 0 133472 0 0 0 0 0 0 0 0 0 735 0 131687 0 0 0 0 0 0 625 0
numa 1 100311777 18781169 10118603 29535 100267518 18825411
numa 0 101715967 10118603 18781169 29710 101714338 10119838
ps - 487004609 206500 353 222 185 4 678
sysv_shm - 0 0
tmpfs /run/lock 0 6
tmpfs /run 2080768 1098
tmpfs /run/user/20029 0 20
tmpfs /run/qemu 0 1
tmpfs /dev/shm 37615427584 105370
vfs - 133582 2464 182920
vm - 2 20058504 434371121 252290 1617408 229469623 275328778 75478005 6522712 171581189 54104 0 0 0 0 0 1811072 0 311878 5997 0 1617252 74 0 3 0 0

1778475552.675630 0 node0.mimesys-workload.ldos-ut-pg0.wisc.cloudlab.us
block sda 496702 209076 40109536 286710 2622849 17764188 868742266 12868129 0 2203960 13416673
block sdb 479 0 7540 438 4 0 0 0 0 556 439
cpu 11 167500 0 51820 2796735 6810 0 5
cpu 10 193882 0 46685 2776716 8880 0 4
cpu 13 162945 0 46968 2806457 6489 0 4
cpu 12 165859 0 46003 2805250 6939 0 1
cpu 15 164785 0 44872 2807059 6469 0 3
cpu 14 158781 0 46153 2812666 6453 0 4
cpu 17 150111 0 45026 2821730 6652 0 1
cpu 16 159936 0 43570 2815024 5879 0 1
cpu 19 130846 0 31290 2855930 6199 0 1
cpu 18 177046 0 31656 2810080 5746 0 2
cpu 1 163495 0 35469 2811660 8149 0 726
cpu 0 194006 45 34693 2757396 9922 0 1151
cpu 3 182412 0 51667 2780534 7418 0 596
cpu 2 177204 0 47608 2788207 9220 0 190
cpu 5 182618 0 52191 2781390 7332 0 454
cpu 4 176850 1 52624 2785483 7815 0 112
cpu 7 170107 0 51330 2795068 6436 0 540
cpu 6 193234 0 51650 2771073 7707 0 326
cpu 9 161550 0 51232 2800829 7652 0 376
cpu 8 156818 0 57497 2801394 6027 0 336
mem 1 99033092 97109364 1923728 50300 1225372 176 0 1092644 71296 183116 3784 0 0 174752 0 0 0
mem 0 97636988 62117672 35519316 368728 34093852 176 0 33991008 1500596 475228 8444 0 0 462312 4096 0 0
net lo 0 0 2779427 0 0 0 0 0 0 0 0 0 22784 0 2779427 0 0 0 0 0 0 22784 0
net virbr0 0 730 9960976041 0 0 0 0 0 0 0 0 0 39718911 0 38380190304 0 0 0 0 0 0 23510603 0
net eno1 0 151003 40327180943 0 0 350 0 0 0 0 0 0 30176289 0 1206660775 0 0 0 0 0 0 5951089 0
net vnet35 0 0 137450 0 0 0 0 0 0 0 0 0 753 0 135429 0 0 0 0 0 0 638 0
numa 1 100320674 18781169 10118603 29535 100276415 18825411
numa 0 101716995 10118603 18781169 29710 101715366 10119838
ps - 487012457 206579 353 222 185 5 678
sysv_shm - 0 0
tmpfs /run/lock 0 6
tmpfs /run 2080768 1098
tmpfs /run/user/20029 0 20
tmpfs /run/qemu 0 1
tmpfs /dev/shm 37615427584 105370
vfs - 133590 2504 182970
vm - 2 20058504 434371133 252290 1617408 229479547 275338231 75478007 6522712 171596546 54104 0 0 0 0 0 1811072 0 311878 5997 0 1617252 74 0 3 0 0

1778475553.717086 0 node0.mimesys-workload.ldos-ut-pg0.wisc.cloudlab.us
block sda 496702 209076 40109536 286710 2622929 17764188 868742986 12868143 0 2203964 13416687
block sdb 479 0 7540 438 4 0 0 0 0 556 439
cpu 11 167502 0 51822 2796835 6810 0 5
cpu 10 193882 0 46687 2776817 8880 0 4
cpu 13 162946 0 46970 2806557 6489 0 4
cpu 12 165860 0 46008 2805348 6939 0 1
cpu 15 164787 0 44873 2807159 6469 0 3
cpu 14 158781 0 46156 2812767 6453 0 4
cpu 17 150112 0 45028 2821830 6652 0 1
cpu 16 159937 0 43571 2815126 5879 0 1
cpu 19 130846 0 31292 2856031 6199 0 1
cpu 18 177047 0 31657 2810181 5746 0 2
cpu 1 163572 0 35470 2811686 8149 0 726
cpu 0 194081 45 34695 2757422 9922 0 1151
cpu 3 182489 0 51668 2780560 7418 0 596
cpu 2 177287 0 47608 2788226 9220 0 190
cpu 5 182697 0 52194 2781412 7332 0 454
cpu 4 176922 1 52624 2785510 7815 0 112
cpu 7 170107 0 51330 2795172 6436 0 540
cpu 6 193234 0 51650 2771176 7707 0 326
cpu 9 161550 0 51232 2800932 7652 0 376
cpu 8 156819 0 57498 2801497 6027 0 336
mem 1 99033092 97109372 1923720 50304 1224428 192 0 1092648 70580 182204 4060 0 0 174760 0 0 0
mem 0 97636988 62117924 35519064 368728 34093932 192 0 33991232 1500820 475056 8440 0 0 462316 4096 0 0
net lo 0 0 2779984 0 0 0 0 0 0 0 0 0 22788 0 2779984 0 0 0 0 0 0 22788 0
net virbr0 0 730 9960976993 0 0 0 0 0 0 0 0 0 39718921 0 38380191302 0 0 0 0 0 0 23510612 0
net eno1 0 151016 40327187960 0 0 350 0 0 0 0 0 0 30176398 0 1206662034 0 0 0 0 0 0 5951095 0
net vnet35 0 0 138542 0 0 0 0 0 0 0 0 0 763 0 136497 0 0 0 0 0 0 648 0
numa 1 100328472 18781169 10118603 29535 100284213 18825411
numa 0 101717437 10118603 18781169 29710 101715808 10119838
ps - 487019995 206653 353 222 185 6 678
sysv_shm - 0 0
tmpfs /run/lock 0 6
tmpfs /run 2080768 1098
tmpfs /run/user/20029 0 20
tmpfs /run/qemu 0 1
tmpfs /dev/shm 37615427584 105370
vfs - 133593 2464 183008
vm - 2 20058504 434371493 252290 1617408 229487787 275346881 75478009 6522712 171609331 54104 0 0 0 0 0 1811072 0 311878 5997 0 1617252 74 0 3 0 0

1778475554.759058 0 node0.mimesys-workload.ldos-ut-pg0.wisc.cloudlab.us
block sda 496702 209076 40109536 286710 2622934 17764201 868743130 12868143 0 2203968 13416687
block sdb 479 0 7540 438 4 0 0 0 0 556 439
cpu 11 167504 0 51823 2796935 6810 0 5
cpu 10 193886 0 46692 2776913 8880 0 4
cpu 13 162948 0 46972 2806657 6489 0 4
cpu 12 165862 0 46012 2805446 6939 0 1
cpu 15 164792 0 44876 2807256 6469 0 3
cpu 14 158782 0 46159 2812868 6453 0 4
cpu 17 150114 0 45031 2821931 6652 0 1
cpu 16 159942 0 43575 2815221 5879 0 1
cpu 19 130848 0 31296 2856130 6199 0 1
cpu 18 177048 0 31659 2810282 5746 0 2
cpu 1 163659 0 35470 2811701 8149 0 726
cpu 0 194168 45 34696 2757437 9922 0 1151
cpu 3 182574 0 51669 2780578 7418 0 596
cpu 2 177376 0 47609 2788243 9220 0 190
cpu 5 182785 0 52195 2781426 7332 0 454
cpu 4 177008 1 52625 2785525 7815 0 112
cpu 7 170107 0 51330 2795275 6436 0 540
cpu 6 193235 0 51650 2771279 7707 0 326
cpu 9 161554 0 51232 2801031 7652 0 376
cpu 8 156821 0 57500 2801597 6027 0 336
mem 1 99033092 97123452 1909640 50304 1224740 140 0 1092648 70580 182516 3936 0 0 174776 0 0 0
mem 0 97636988 62115156 35521832 368728 34094796 140 0 33991324 1500908 475676 8440 0 0 462380 4096 0 0
net lo 0 0 2781151 0 0 0 0 0 0 0 0 0 22796 0 2781151 0 0 0 0 0 0 22796 0
net virbr0 0 730 9960981671 0 0 0 0 0 0 0 0 0 39718949 0 38380195990 0 0 0 0 0 0 23510633 0
net eno1 0 151016 40327195671 0 0 350 0 0 0 0 0 0 30176497 0 1206667175 0 0 0 0 0 0 5951105 0
net vnet35 0 0 143612 0 0 0 0 0 0 0 0 0 791 0 141237 0 0 0 0 0 0 670 0
numa 1 100337486 18781169 10118603 29535 100293227 18825411
numa 0 101718763 10118603 18781169 29710 101717134 10119838
ps - 487027534 206734 373 228 187 6 679
sysv_shm - 0 0
tmpfs /run/lock 0 6
tmpfs /run 2080768 1098
tmpfs /run/user/20029 0 20
tmpfs /run/qemu 0 1
tmpfs /dev/shm 37615427584 105370
vfs - 133582 2424 182920
vm - 2 20058504 434371565 252290 1617408 229498128 275356919 75478011 6522712 171625154 54104 0 0 0 0 0 1811072 0 311878 5997 0 1617252 74 0 3 0 0

1778475555.792878 0 node0.mimesys-workload.ldos-ut-pg0.wisc.cloudlab.us
block sda 496702 209076 40109536 286710 2623011 17764215 868743930 12868166 0 2203984 13416711
block sdb 479 0 7540 438 4 0 0 0 0 556 439
cpu 11 167506 0 51824 2797036 6810 0 5
cpu 10 193887 0 46693 2777013 8880 0 4
cpu 13 162950 0 46974 2806757 6489 0 4
cpu 12 165866 0 46019 2805538 6939 0 1
cpu 15 164794 0 44879 2807356 6469 0 3
cpu 14 158783 0 46159 2812969 6453 0 4
cpu 17 150116 0 45032 2822030 6652 0 1
cpu 16 159946 0 43579 2815316 5879 0 1
cpu 19 130848 0 31298 2856230 6199 0 1
cpu 18 177048 0 31662 2810383 5746 0 2
cpu 1 163733 0 35471 2811727 8149 0 726
cpu 0 194238 45 34697 2757465 9922 0 1151
cpu 3 182648 0 51671 2780602 7418 0 596
cpu 2 177456 0 47610 2788262 9220 0 190
cpu 5 182860 0 52196 2781450 7332 0 454
cpu 4 177088 1 52627 2785544 7815 0 112
cpu 7 170108 0 51330 2795378 6437 0 540
cpu 6 193235 0 51650 2771382 7707 0 326
cpu 9 161554 0 51232 2801134 7652 0 376
cpu 8 156826 0 57501 2801693 6027 0 336
mem 1 99033092 97122980 1910112 50308 1225988 160 0 1092652 71272 183792 3940 0 0 174720 0 0 0
mem 0 97636988 62114904 35522084 368740 34094616 176 0 33991340 1500972 475488 8440 0 0 462364 4096 0 0
net lo 0 0 2782318 0 0 0 0 0 0 0 0 0 22804 0 2782318 0 0 0 0 0 0 22804 0
net virbr0 0 730 9960984569 0 0 0 0 0 0 0 0 0 39718966 0 38380199680 0 0 0 0 0 0 23510645 0
net eno1 0 151029 40327202766 0 0 350 0 0 0 0 0 0 30176601 0 1206668635 0 0 0 0 0 0 5951112 0
net vnet35 0 0 146748 0 0 0 0 0 0 0 0 0 808 0 144927 0 0 0 0 0 0 682 0
numa 1 100346574 18781169 10118603 29535 100302315 18825411
numa 0 101719514 10118603 18781169 29710 101717885 10119838
ps - 487036223 206815 373 228 187 6 678
sysv_shm - 0 0
tmpfs /run/lock 0 6
tmpfs /run 2080768 1098
tmpfs /run/user/20029 0 20
tmpfs /run/qemu 0 1
tmpfs /dev/shm 37615427584 105370
vfs - 133589 2504 182962
vm - 2 20058504 434371965 252290 1617408 229507966 275366465 75478017 6522712 171640464 54104 0 0 0 0 0 1811072 0 311878 5997 0 1617252 74 0 3 0 0

1778475556.830117 0 node0.mimesys-workload.ldos-ut-pg0.wisc.cloudlab.us
block sda 496702 209076 40109536 286710 2623011 17764215 868743930 12868166 0 2203984 13416711
block sdb 479 0 7540 438 4 0 0 0 0 556 439
cpu 11 167506 0 51828 2797136 6810 0 5
cpu 10 193890 0 46694 2777112 8880 0 4
cpu 13 162952 0 46976 2806856 6489 0 4
cpu 12 165869 0 46024 2805633 6939 0 1
cpu 15 164796 0 44880 2807457 6469 0 3
cpu 14 158784 0 46161 2813070 6453 0 4
cpu 17 150116 0 45034 2822130 6652 0 1
cpu 16 159947 0 43581 2815417 5879 0 1
cpu 19 130850 0 31298 2856331 6199 0 1
cpu 18 177050 0 31664 2810485 5746 0 2
cpu 1 163809 0 35472 2811750 8149 0 726
cpu 0 194316 45 34699 2757486 9922 0 1151
cpu 3 182724 0 51672 2780623 7418 0 596
cpu 2 177532 0 47611 2788284 9220 0 190
cpu 5 182941 0 52196 2781468 7332 0 454
cpu 4 177170 1 52629 2785562 7815 0 112
cpu 7 170108 0 51330 2795482 6437 0 540
cpu 6 193235 0 51650 2771485 7707 0 326
cpu 9 161554 0 51232 2801238 7652 0 376
cpu 8 156827 0 57501 2801796 6027 0 336
mem 1 99033092 97122740 1910352 50304 1225124 148 0 1092656 70580 183296 3928 0 0 174712 0 0 0
mem 0 97636988 62113648 35523340 368768 34094280 120 0 33991504 1501128 475032 8476 0 0 462372 4096 0 0
net lo 0 0 2782875 0 0 0 0 0 0 0 0 0 22808 0 2782875 0 0 0 0 0 0 22808 0
net virbr0 0 730 9960986349 0 0 0 0 0 0 0 0 0 39718977 0 38380200678 0 0 0 0 0 0 23510654 0
net eno1 0 151029 40327208883 0 0 350 0 0 0 0 0 0 30176695 0 1206669902 0 0 0 0 0 0 5951118 0
net vnet35 0 0 148682 0 0 0 0 0 0 0 0 0 819 0 145977 0 0 0 0 0 0 692 0
numa 1 100354210 18781169 10118603 29535 100309951 18825411
numa 0 101720168 10118603 18781169 29710 101718539 10119838
ps - 487043517 206889 373 228 187 7 678
sysv_shm - 0 0
tmpfs /run/lock 0 6
tmpfs /run 2080768 1098
tmpfs /run/user/20029 0 20
tmpfs /run/qemu 0 1
tmpfs /dev/shm 37615427584 105370
vfs - 133593 2504 183008
vm - 2 20058504 434371965 252290 1617408 229516257 275375083 75478022 6522712 171653265 54104 0 0 0 0 0 1811072 0 311878 5997 0 1617252 74 0 3 0 0

1778475557.870608 0 node0.mimesys-workload.ldos-ut-pg0.wisc.cloudlab.us
block sda 496702 209076 40109536 286710 2623024 17764215 868744042 12868174 0 2203992 13416719
block sdb 479 0 7540 438 4 0 0 0 0 556 439
cpu 11 167506 0 51831 2797235 6810 0 5
cpu 10 193891 0 46696 2777212 8880 0 4
cpu 13 162954 0 46978 2806955 6489 0 4
cpu 12 165871 0 46028 2805731 6939 0 1
cpu 15 164799 0 44882 2807556 6469 0 3
cpu 14 158784 0 46164 2813170 6453 0 4
cpu 17 150117 0 45036 2822231 6652 0 1
cpu 16 159948 0 43583 2815518 5879 0 1
cpu 19 130851 0 31300 2856432 6199 0 1
cpu 18 177051 0 31666 2810584 5746 0 2
cpu 1 163892 0 35473 2811769 8149 0 726
cpu 0 194388 45 34702 2757514 9922 0 1151
cpu 3 182799 0 51673 2780647 7418 0 596
cpu 2 177609 0 47612 2788307 9220 0 190
cpu 5 183024 0 52197 2781486 7332 0 454
cpu 4 177246 1 52629 2785586 7815 0 112
cpu 7 170108 0 51331 2795585 6437 0 540
cpu 6 193235 0 51651 2771588 7707 0 326
cpu 9 161554 0 51232 2801341 7652 0 376
cpu 8 156834 0 57502 2801893 6027 0 336
mem 1 99033092 97121236 1911856 50312 1224664 112 0 1092660 70820 182448 3952 0 0 174760 0 0 0
mem 0 97636988 62113144 35523844 368768 34094516 136 0 33991508 1501132 475308 8440 0 0 462332 4096 0 0
net lo 0 0 2784042 0 0 0 0 0 0 0 0 0 22816 0 2784042 0 0 0 0 0 0 22816 0
net virbr0 0 730 9960991027 0 0 0 0 0 0 0 0 0 39719005 0 38380205366 0 0 0 0 0 0 23510675 0
net eno1 0 151043 40327214620 0 0 350 0 0 0 0 0 0 30176781 0 1206670414 0 0 0 0 0 0 5951123 0
net vnet35 0 0 153752 0 0 0 0 0 0 0 0 0 847 0 150665 0 0 0 0 0 0 713 0
numa 1 100363399 18781169 10118603 29535 100319140 18825411
numa 0 101721002 10118603 18781169 29710 101719373 10119838
ps - 487051124 206970 373 228 187 5 678
sysv_shm - 0 0
tmpfs /run/lock 0 6
tmpfs /run 2080768 1098
tmpfs /run/user/20029 0 20
tmpfs /run/qemu 0 1
tmpfs /dev/shm 37615427584 105370
vfs - 133582 2424 182920
vm - 2 20058504 434372021 252290 1617408 229526279 275385098 75478028 6522712 171668839 54104 0 0 0 0 0 1811072 0 311878 5997 0 1617252 74 0 3 0 0

1778475558.908892 0 node0.mimesys-workload.ldos-ut-pg0.wisc.cloudlab.us
block sda 496702 209076 40109536 286710 2623412 17764231 868749298 12868208 0 2204024 13416752
block sdb 479 0 7540 438 4 0 0 0 0 556 439
cpu 11 167507 0 51834 2797336 6810 0 5
cpu 10 193894 0 46700 2777310 8880 0 4
cpu 13 162955 0 46981 2807054 6489 0 4
cpu 12 165873 0 46032 2805829 6939 0 1
cpu 15 164801 0 44884 2807655 6469 0 3
cpu 14 158787 0 46167 2813269 6453 0 4
cpu 17 150118 0 45038 2822332 6652 0 1
cpu 16 159949 0 43584 2815619 5879 0 1
cpu 19 130852 0 31302 2856533 6199 0 1
cpu 18 177056 0 31670 2810679 5746 0 2
cpu 1 163966 0 35474 2811795 8149 0 726
cpu 0 194467 45 34704 2757535 9923 0 1151
cpu 3 182876 0 51674 2780672 7418 0 596
cpu 2 177678 0 47614 2788336 9220 0 190
cpu 5 183096 0 52199 2781513 7332 0 454
cpu 4 177320 1 52631 2785616 7815 0 112
cpu 7 170108 0 51331 2795689 6437 0 540
cpu 6 193236 0 51651 2771691 7707 0 326
cpu 9 161554 0 51232 2801445 7652 0 376
cpu 8 156836 0 57503 2801995 6027 0 336
mem 1 99033092 97119476 1913616 50304 1226052 124 0 1092660 70580 183896 4180 0 0 174776 0 0 0
mem 0 97636988 62096764 35540224 368772 34110164 148 0 34007524 1517148 475024 8480 0 0 462336 4096 0 0
net lo 0 0 2785209 0 0 0 0 0 0 0 0 0 22824 0 2785209 0 0 0 0 0 0 22824 0
net virbr0 0 730 9960991027 0 0 0 0 0 0 0 0 0 39719005 0 38380205366 0 0 0 0 0 0 23510675 0
net eno1 0 151043 40327221197 0 0 350 0 0 0 0 0 0 30176881 0 1206671792 0 0 0 0 0 0 5951131 0
net vnet35 0 0 153752 0 0 0 0 0 0 0 0 0 847 0 150717 0 0 0 0 0 0 714 0
numa 1 100373081 18781169 10118603 29535 100328822 18825411
numa 0 101726315 10118603 18781169 29710 101724686 10119838
ps - 487059708 207056 373 228 187 7 681
sysv_shm - 0 0
tmpfs /run/lock 0 6
tmpfs /run 2080768 1098
tmpfs /run/user/20029 0 20
tmpfs /run/qemu 0 1
tmpfs /dev/shm 37615427584 105370
vfs - 133588 2424 182980
vm - 2 20058504 434374649 252290 1617408 229541293 275395545 75478030 6522712 171688931 54104 0 0 0 0 0 1811072 0 311878 5997 0 1617252 74 0 3 0 0

1778475559.950479 0 node0.mimesys-workload.ldos-ut-pg0.wisc.cloudlab.us
block sda 496703 209076 40109552 286711 2623412 17764231 868749298 12868208 0 2204028 13416753
block sdb 479 0 7540 438 4 0 0 0 0 556 439
cpu 11 167508 0 51837 2797435 6810 0 5
cpu 10 193895 0 46701 2777411 8880 0 4
cpu 13 162957 0 46982 2807154 6489 0 4
cpu 12 165876 0 46036 2805923 6939 0 1
cpu 15 164804 0 44886 2807754 6469 0 3
cpu 14 158788 0 46168 2813370 6453 0 4
cpu 17 150119 0 45039 2822433 6652 0 1
cpu 16 159955 0 43585 2815717 5879 0 1
cpu 19 130854 0 31303 2856633 6199 0 1
cpu 18 177057 0 31671 2810779 5746 0 2
cpu 1 164044 0 35476 2811819 8149 0 726
cpu 0 194546 45 34705 2757556 9923 0 1151
cpu 3 182957 0 51676 2780691 7418 0 596
cpu 2 177747 0 47615 2788366 9220 0 190
cpu 5 183171 0 52201 2781539 7332 0 454
cpu 4 177398 1 52632 2785639 7815 0 112
cpu 7 170108 0 51331 2795792 6437 0 540
cpu 6 193236 0 51651 2771794 7707 0 326
cpu 9 161558 0 51233 2801544 7652 0 376
cpu 8 156837 0 57503 2802097 6027 0 336
mem 1 99033092 97119484 1913608 50320 1224412 144 0 1092668 70580 182156 3936 0 0 174880 0 0 0
mem 0 97636988 62086936 35550052 368768 34120536 176 0 34017440 1527064 475396 8496 0 0 462344 4096 0 0
net lo 0 0 2785766 0 0 0 0 0 0 0 0 0 22828 0 2785766 0 0 0 0 0 0 22828 0
net virbr0 0 730 9960995705 0 0 0 0 0 0 0 0 0 39719033 0 38380210054 0 0 0 0 0 0 23510696 0
net eno1 0 151055 40327228528 0 0 350 0 0 0 0 0 0 30176988 0 1206675529 0 0 0 0 0 0 5951143 0
net vnet35 0 0 158822 0 0 0 0 0 0 0 0 0 875 0 155405 0 0 0 0 0 0 735 0
numa 1 100380626 18781169 10118603 29535 100336367 18825411
numa 0 101729388 10118603 18781169 29710 101727759 10119838
ps - 487068139 207130 391 235 189 5 681
sysv_shm - 0 0
tmpfs /run/lock 0 6
tmpfs /run 2080768 1098
tmpfs /run/user/20029 0 20
tmpfs /run/qemu 0 1
tmpfs /dev/shm 37615427584 105370
vfs - 133592 2384 183025
vm - 2 20058512 434374649 252290 1617408 229551893 275404268 75478036 6522712 171704037 54104 0 0 0 0 0 1811072 0 311878 5997 0 1617252 74 0 3 0 0

1778475560.990313 0 node0.mimesys-workload.ldos-ut-pg0.wisc.cloudlab.us
block sda 496703 209076 40109552 286711 2623503 17764247 868750530 12868223 0 2204036 13416769
block sdb 479 0 7540 438 4 0 0 0 0 556 439
cpu 11 167512 0 51839 2797534 6810 0 5
cpu 10 193897 0 46706 2777508 8880 0 4
cpu 13 162957 0 46984 2807255 6489 0 4
cpu 12 165878 0 46038 2806023 6939 0 1
cpu 15 164806 0 44887 2807855 6469 0 3
cpu 14 158789 0 46170 2813471 6453 0 4
cpu 17 150120 0 45042 2822534 6652 0 1
cpu 16 159962 0 43588 2815811 5879 0 1
cpu 19 130855 0 31305 2856733 6199 0 1
cpu 18 177058 0 31674 2810879 5746 0 2
cpu 1 164125 0 35477 2811842 8149 0 726
cpu 0 194624 45 34706 2757580 9923 0 1151
cpu 3 183033 0 51678 2780717 7418 0 596
cpu 2 177824 0 47615 2788391 9220 0 190
cpu 5 183261 0 52202 2781553 7332 0 454
cpu 4 177482 1 52633 2785657 7815 0 112
cpu 7 170108 0 51331 2795896 6437 0 540
cpu 6 193236 0 51651 2771897 7707 0 326
cpu 9 161558 0 51233 2801648 7652 0 376
cpu 8 156839 0 57505 2802197 6027 0 336
mem 1 99033092 97118508 1914584 50320 1226048 24 0 1092668 71372 183872 3964 0 0 174896 0 0 0
mem 0 97636988 62075344 35561644 368768 34132068 0 0 34029092 1538716 475332 8520 0 0 462400 4096 0 0
net lo 0 0 2786933 0 0 0 0 0 0 0 0 0 22836 0 2786933 0 0 0 0 0 0 22836 0
net virbr0 0 730 9960999431 0 0 0 0 0 0 0 0 0 39719051 0 38380213744 0 0 0 0 0 0 23510708 0
net eno1 0 151055 40327233899 0 0 350 0 0 0 0 0 0 30177068 0 1206676041 0 0 0 0 0 0 5951148 0
net vnet35 0 0 162800 0 0 0 0 0 0 0 0 0 893 0 159147 0 0 0 0 0 0 748 0
numa 1 100389823 18781169 10118603 29535 100345564 18825411
numa 0 101733070 10118603 18781169 29710 101731441 10119838
ps - 487074196 207209 391 235 189 4 681
sysv_shm - 0 0
tmpfs /run/lock 0 6
tmpfs /run 2080768 1098
tmpfs /run/user/20029 0 20
tmpfs /run/qemu 0 1
tmpfs /dev/shm 37615427584 105370
vfs - 133583 2464 182939
vm - 2 20058512 434375265 252290 1617408 229564771 275413715 75478039 6522712 171722359 54104 0 0 0 0 0 1811072 0 311878 5997 0 1617252 74 0 3 0 0

1778475562.032083 0 node0.mimesys-workload.ldos-ut-pg0.wisc.cloudlab.us
block sda 496703 209076 40109552 286711 2623503 17764247 868750530 12868223 0 2204036 13416769
block sdb 479 0 7540 438 4 0 0 0 0 556 439
cpu 11 167512 0 51842 2797635 6810 0 5
cpu 10 193898 0 46709 2777607 8880 0 4
cpu 13 162958 0 46986 2807356 6489 0 4
cpu 12 165880 0 46042 2806121 6939 0 1
cpu 15 164808 0 44889 2807956 6469 0 3
cpu 14 158790 0 46172 2813571 6453 0 4
cpu 17 150122 0 45042 2822636 6652 0 1
cpu 16 159964 0 43590 2815911 5879 0 1
cpu 19 130856 0 31306 2856834 6199 0 1
cpu 18 177059 0 31676 2810980 5746 0 2
cpu 1 164200 0 35479 2811866 8149 0 726
cpu 0 194696 45 34708 2757608 9923 0 1151
cpu 3 183108 0 51678 2780743 7418 0 596
cpu 2 177899 0 47616 2788419 9220 0 190
cpu 5 183343 0 52202 2781573 7332 0 454
cpu 4 177560 1 52634 2785682 7815 0 112
cpu 7 170108 0 51331 2796000 6437 0 540
cpu 6 193236 0 51652 2772000 7707 0 326
cpu 9 161558 0 51233 2801752 7652 0 376
cpu 8 156840 0 57506 2802300 6027 0 336
mem 1 99033092 97118012 1915080 50324 1224496 144 0 1092672 70580 182280 3932 0 0 174856 0 0 0
mem 0 97636988 62074840 35562148 368776 34132356 128 0 34029484 1539100 475252 8520 0 0 462440 4096 0 0
net lo 0 0 2787490 0 0 0 0 0 0 0 0 0 22840 0 2787490 0 0 0 0 0 0 22840 0
net virbr0 0 730 9961000383 0 0 0 0 0 0 0 0 0 39719061 0 38380214742 0 0 0 0 0 0 23510717 0
net eno1 0 151063 40327240868 0 0 350 0 0 0 0 0 0 30177176 0 1206677438 0 0 0 0 0 0 5951155 0
net vnet35 0 0 163892 0 0 0 0 0 0 0 0 0 903 0 160145 0 0 0 0 0 0 757 0
numa 1 100397483 18781169 10118603 29535 100353224 18825411
numa 0 101733633 10118603 18781169 29710 101732004 10119838
ps - 487082055 207283 391 235 189 6 681
sysv_shm - 0 0
tmpfs /run/lock 0 6
tmpfs /run 2080768 1098
tmpfs /run/user/20029 0 20
tmpfs /run/qemu 0 1
tmpfs /dev/shm 37615427584 105370
vfs - 133587 2424 182985
vm - 2 20058512 434375265 252290 1617408 229572994 275422329 75478043 6522712 171735124 54104 0 0 0 0 0 1811072 0 311878 5997 0 1617252 74 0 3 0 0

1778475563.072672 0 node0.mimesys-workload.ldos-ut-pg0.wisc.cloudlab.us
block sda 496703 209076 40109552 286711 2623515 17764248 868750642 12868227 0 2204040 13416773
block sdb 479 0 7540 438 4 0 0 0 0 556 439
cpu 11 167514 0 51845 2797734 6810 0 5
cpu 10 193900 0 46712 2777707 8880 0 4
cpu 13 162960 0 46989 2807455 6489 0 4
cpu 12 165883 0 46046 2806217 6939 0 1
cpu 15 164814 0 44890 2808052 6469 0 3
cpu 14 158791 0 46175 2813671 6453 0 4
cpu 17 150123 0 45045 2822736 6652 0 1
cpu 16 159968 0 43592 2816009 5879 0 1
cpu 19 130857 0 31308 2856935 6199 0 1
cpu 18 177059 0 31677 2811082 5746 0 2
cpu 1 164285 0 35480 2811886 8149 0 726
cpu 0 194770 45 34710 2757633 9923 0 1151
cpu 3 183187 0 51681 2780768 7418 0 596
cpu 2 177979 0 47619 2788441 9220 0 190
cpu 5 183418 0 52204 2781596 7332 0 454
cpu 4 177639 1 52635 2785705 7815 0 112
cpu 7 170108 0 51331 2796103 6437 0 540
cpu 6 193236 0 51652 2772104 7707 0 326
cpu 9 161558 0 51233 2801856 7652 0 376
cpu 8 156842 0 57507 2802400 6027 0 336
mem 1 99033092 97118296 1914796 50324 1224532 112 0 1092672 70580 182312 3944 0 0 174932 0 0 0
mem 0 97636988 62073836 35563152 368776 34132972 132 0 34030144 1539760 475232 8520 0 0 462512 4096 0 0
net lo 0 0 2788657 0 0 0 0 0 0 0 0 0 22848 0 2788657 0 0 0 0 0 0 22848 0
net virbr0 0 731 9961005117 0 0 0 0 0 0 0 0 0 39719090 0 38380219430 0 0 0 0 0 0 23510738 0
net eno1 0 151076 40327247625 0 0 350 0 0 0 0 0 0 30177279 0 1206678760 0 0 0 0 0 0 5951161 0
net vnet35 0 0 169032 0 0 0 0 0 0 0 0 0 932 0 164885 0 0 0 0 0 0 779 0
numa 1 100406846 18781169 10118603 29535 100362587 18825411
numa 0 101734379 10118603 18781169 29710 101732750 10119838
ps - 487090528 207363 391 235 189 4 681
sysv_shm - 0 0
tmpfs /run/lock 0 6
tmpfs /run 2080768 1098
tmpfs /run/user/20029 0 20
tmpfs /run/qemu 0 1
tmpfs /dev/shm 37615427584 105370
vfs - 133592 2464 183025
vm - 2 20058512 434375321 252290 1617408 229583104 275432289 75478046 6522712 171750728 54104 0 0 0 0 0 1811072 0 311878 5997 0 1617252 74 0 3 0 0

1778475564.113283 0 node0.mimesys-workload.ldos-ut-pg0.wisc.cloudlab.us
block sda 496703 209076 40109552 286711 2623518 17764250 868750699 12868227 0 2204044 13416773
block sdb 479 0 7540 438 4 0 0 0 0 556 439
cpu 11 167516 0 51846 2797835 6810 0 5
cpu 10 193903 0 46716 2777802 8880 0 4
cpu 13 162961 0 46993 2807554 6489 0 4
cpu 12 165883 0 46049 2806319 6939 0 1
cpu 15 164816 0 44890 2808153 6469 0 3
cpu 14 158798 0 46177 2813764 6453 0 4
cpu 17 150124 0 45048 2822835 6652 0 1
cpu 16 159971 0 43593 2816109 5879 0 1
cpu 19 130858 0 31311 2857036 6199 0 1
cpu 18 177060 0 31681 2811182 5746 0 2
cpu 1 164361 0 35482 2811910 8149 0 726
cpu 0 194850 45 34710 2757656 9923 0 1151
cpu 3 183262 0 51683 2780791 7418 0 596
cpu 2 178054 0 47620 2788467 9220 0 190
cpu 5 183501 0 52205 2781613 7332 0 454
cpu 4 177713 1 52636 2785729 7815 0 112
cpu 7 170108 0 51331 2796207 6437 0 540
cpu 6 193236 0 51652 2772206 7707 0 326
cpu 9 161558 0 51233 2801960 7652 0 376
cpu 8 156845 0 57508 2802501 6027 0 336
mem 1 99033092 97116292 1916800 50332 1226136 136 0 1092676 71368 183964 4000 0 0 174900 0 0 0
mem 0 97636988 62070056 35566932 368776 34135856 144 0 34032944 1542560 475208 8468 0 0 462488 4096 0 0
net lo 0 0 2789824 0 0 0 0 0 0 0 0 0 22856 0 2789824 0 0 0 0 0 0 22856 0
net virbr0 0 731 9961008015 0 0 0 0 0 0 0 0 0 39719107 0 38380223120 0 0 0 0 0 0 23510750 0
net eno1 0 151076 40327254076 0 0 350 0 0 0 0 0 0 30177377 0 1206679272 0 0 0 0 0 0 5951166 0
net vnet35 0 0 172168 0 0 0 0 0 0 0 0 0 949 0 168575 0 0 0 0 0 0 791 0
numa 1 100415759 18781169 10118603 29535 100371500 18825411
numa 0 101736068 10118603 18781169 29710 101734439 10119838
ps - 487099150 207442 400 239 191 5 681
sysv_shm - 0 0
tmpfs /run/lock 0 6
tmpfs /run 2080768 1098
tmpfs /run/user/20029 0 20
tmpfs /run/qemu 0 1
tmpfs /dev/shm 37615427584 105370
vfs - 133583 2464 182939
vm - 2 20058512 434375349 252290 1617408 229593705 275441717 75478048 6522712 171766738 54104 0 0 0 0 0 1811072 0 311878 5997 0 1617252 74 0 3 0 0

1778475565.153487 0 node0.mimesys-workload.ldos-ut-pg0.wisc.cloudlab.us
block sda 496703 209076 40109552 286711 2623518 17764250 868750699 12868227 0 2204044 13416773
block sdb 479 0 7540 438 4 0 0 0 0 556 439
cpu 11 167518 0 51848 2797935 6810 0 5
cpu 10 193904 0 46719 2777903 8880 0 4
cpu 13 162962 0 46996 2807655 6489 0 4
cpu 12 165886 0 46056 2806413 6939 0 1
cpu 15 164816 0 44893 2808253 6469 0 3
cpu 14 158799 0 46179 2813865 6453 0 4
cpu 17 150125 0 45049 2822937 6652 0 1
cpu 16 159972 0 43594 2816210 5879 0 1
cpu 19 130858 0 31313 2857137 6199 0 1
cpu 18 177060 0 31684 2811283 5746 0 2
cpu 1 164442 0 35482 2811930 8149 0 726
cpu 0 194926 45 34712 2757679 9923 0 1151
cpu 3 183337 0 51684 2780818 7418 0 596
cpu 2 178127 0 47622 2788493 9220 0 190
cpu 5 183579 0 52205 2781638 7332 0 454
cpu 4 177790 1 52637 2785752 7815 0 112
cpu 7 170108 0 51331 2796311 6437 0 540
cpu 6 193236 0 51652 2772310 7707 0 326
cpu 9 161559 0 51233 2802063 7652 0 376
cpu 8 156845 0 57508 2802604 6027 0 336
mem 1 99033092 97116292 1916800 50328 1224932 136 0 1092676 70580 182764 3932 0 0 174852 0 0 0
mem 0 97636988 62070812 35566176 368776 34135856 192 0 34033352 1542968 474788 8520 0 0 462504 4096 0 0
net lo 0 0 2790381 0 0 0 0 0 0 0 0 0 22860 0 2790381 0 0 0 0 0 0 22860 0
net virbr0 0 731 9961009795 0 0 0 0 0 0 0 0 0 39719118 0 38380224118 0 0 0 0 0 0 23510759 0
net eno1 0 151090 40327260468 0 0 350 0 0 0 0 0 0 30177470 0 1206680717 0 0 0 0 0 0 5951173 0
net vnet35 0 0 174102 0 0 0 0 0 0 0 0 0 960 0 169625 0 0 0 0 0 0 801 0
numa 1 100423671 18781169 10118603 29535 100379412 18825411
numa 0 101736423 10118603 18781169 29710 101734794 10119838
ps - 487107534 207516 400 239 191 6 681
sysv_shm - 0 0
tmpfs /run/lock 0 6
tmpfs /run 2080768 1098
tmpfs /run/user/20029 0 20
tmpfs /run/qemu 0 1
tmpfs /dev/shm 37615427584 105370
vfs - 133585 2424 182969
vm - 2 20058512 434375349 252290 1617408 229601972 275450326 75478048 6522712 171779484 54104 0 0 0 0 0 1811072 0 311878 5997 0 1617252 74 0 3 0 0

1778475566.193805 0 node0.mimesys-workload.ldos-ut-pg0.wisc.cloudlab.us
block sda 496703 209076 40109552 286711 2623607 17764260 868751635 12868242 0 2204056 13416788
block sdb 479 0 7540 438 4 0 0 0 0 556 439
cpu 11 167519 0 51850 2798035 6810 0 5
cpu 10 193910 0 46722 2777999 8880 0 4
cpu 13 162963 0 46998 2807754 6489 0 4
cpu 12 165889 0 46060 2806510 6939 0 1
cpu 15 164819 0 44897 2808351 6469 0 3
cpu 14 158800 0 46182 2813965 6453 0 4
cpu 17 150127 0 45051 2823036 6652 0 1
cpu 16 159975 0 43596 2816310 5879 0 1
cpu 19 130860 0 31315 2857237 6199 0 1
cpu 18 177062 0 31684 2811384 5746 0 2
cpu 1 164522 0 35483 2811951 8149 0 726
cpu 0 195006 45 34715 2757697 9923 0 1151
cpu 3 183419 0 51684 2780838 7418 0 596
cpu 2 178204 0 47623 2788516 9220 0 190
cpu 5 183656 0 52206 2781662 7332 0 454
cpu 4 177867 1 52640 2785778 7815 0 112
cpu 7 170108 0 51331 2796414 6437 0 540
cpu 6 193236 0 51652 2772413 7707 0 326
cpu 9 161559 0 51233 2802167 7652 0 376
cpu 8 156846 0 57508 2802707 6027 0 336
mem 1 99033092 97115668 1917424 50332 1224836 24 0 1092680 70852 182184 3944 0 0 174932 0 0 0
mem 0 97636988 62070056 35566932 368776 34136408 0 0 34033352 1542968 475296 8520 0 0 462496 4096 0 0
net lo 0 0 2791548 0 0 0 0 0 0 0 0 0 22868 0 2791548 0 0 0 0 0 0 22868 0
net virbr0 0 731 9961014473 0 0 0 0 0 0 0 0 0 39719146 0 38380228806 0 0 0 0 0 0 23510780 0
net eno1 0 151090 40327267318 0 0 350 0 0 0 0 0 0 30177569 0 1206682013 0 0 0 0 0 0 5951180 0
net vnet35 0 0 179172 0 0 0 0 0 0 0 0 0 988 0 174313 0 0 0 0 0 0 822 0
numa 1 100432996 18781169 10118603 29535 100388737 18825411
numa 0 101737170 10118603 18781169 29710 101735541 10119838
ps - 487116167 207597 400 239 191 5 681
sysv_shm - 0 0
tmpfs /run/lock 0 6
tmpfs /run 2080768 1098
tmpfs /run/user/20029 0 20
tmpfs /run/qemu 0 1
tmpfs /dev/shm 37615427584 105370
vfs - 133591 2464 183010
vm - 2 20058512 434375817 252290 1617408 229612062 275460416 75478050 6522712 171795168 54104 0 0 0 0 0 1811072 0 311878 5997 0 1617252 74 0 3 0 0

1778475567.235560 0 node0.mimesys-workload.ldos-ut-pg0.wisc.cloudlab.us
block sda 496703 209076 40109552 286711 2623607 17764260 868751635 12868242 0 2204056 13416788
block sdb 479 0 7540 438 4 0 0 0 0 556 439
cpu 11 167521 0 51851 2798137 6810 0 5
cpu 10 193912 0 46724 2778099 8880 0 4
cpu 13 162964 0 47000 2807854 6489 0 4
cpu 12 165890 0 46062 2806610 6939 0 1
cpu 15 164821 0 44898 2808452 6469 0 3
cpu 14 158802 0 46184 2814066 6453 0 4
cpu 17 150128 0 45052 2823138 6652 0 1
cpu 16 159977 0 43598 2816410 5879 0 1
cpu 19 130863 0 31318 2857336 6199 0 1
cpu 18 177065 0 31689 2811480 5746 0 2
cpu 1 164592 0 35485 2811980 8149 0 726
cpu 0 195082 45 34717 2757721 9923 0 1151
cpu 3 183502 0 51684 2780860 7418 0 596
cpu 2 178280 0 47626 2788540 9220 0 190
cpu 5 183734 0 52207 2781687 7332 0 454
cpu 4 177941 1 52642 2785805 7815 0 112
cpu 7 170108 0 51331 2796518 6437 0 540
cpu 6 193236 0 51654 2772516 7707 0 326
cpu 9 161559 0 51233 2802271 7652 0 376
cpu 8 156849 0 57510 2802808 6027 0 336
mem 1 99033092 97114348 1918744 50336 1225904 128 0 1092684 70712 183764 3988 0 0 174916 0 0 0
mem 0 97636988 62069552 35567436 368784 34136264 120 0 34033396 1543004 475568 8504 0 0 462504 4096 0 0
net lo 0 0 2792715 0 0 0 0 0 0 0 0 0 22876 0 2792715 0 0 0 0 0 0 22876 0
net virbr0 0 731 9961014473 0 0 0 0 0 0 0 0 0 39719146 0 38380228806 0 0 0 0 0 0 23510780 0
net eno1 0 151101 40327274189 0 0 350 0 0 0 0 0 0 30177674 0 1206682525 0 0 0 0 0 0 5951185 0
net vnet35 0 0 179172 0 0 0 0 0 0 0 0 0 988 0 174365 0 0 0 0 0 0 823 0
numa 1 100442308 18781169 10118603 29535 100398049 18825411
numa 0 101737996 10118603 18781169 29710 101736367 10119838
ps - 487124196 207680 400 239 191 9 681
sysv_shm - 0 0
tmpfs /run/lock 0 6
tmpfs /run 2080768 1098
tmpfs /run/user/20029 0 20
tmpfs /run/qemu 0 1
tmpfs /dev/shm 37615427584 105370
vfs - 133583 2424 182939
vm - 2 20058512 434375817 252290 1617408 229622227 275470267 75478051 6522712 171810994 54104 0 0 0 0 0 1811072 0 311878 5997 0 1617252 74 0 3 0 0

1778475568.275116 0 node0.mimesys-workload.ldos-ut-pg0.wisc.cloudlab.us
block sda 496703 209076 40109552 286711 2623614 17764261 868751699 12868245 0 2204060 13416791
block sdb 479 0 7540 438 4 0 0 0 0 556 439
cpu 11 167525 0 51857 2798231 6810 0 5
cpu 10 193914 0 46726 2778200 8880 0 4
cpu 13 162966 0 47003 2807954 6489 0 4
cpu 12 165892 0 46066 2806707 6939 0 1
cpu 15 164826 0 44900 2808548 6469 0 3
cpu 14 158802 0 46186 2814167 6453 0 4
cpu 17 150128 0 45054 2823239 6652 0 1
cpu 16 159978 0 43602 2816508 5879 0 1
cpu 19 130865 0 31320 2857436 6199 0 1
cpu 18 177066 0 31690 2811581 5746 0 2
cpu 1 164665 0 35486 2812006 8149 0 726
cpu 0 195166 45 34718 2757740 9923 0 1151
cpu 3 183587 0 51684 2780879 7418 0 596
cpu 2 178353 0 47628 2788564 9220 0 190
cpu 5 183808 0 52208 2781713 7332 0 454
cpu 4 178008 1 52645 2785833 7815 0 112
cpu 7 170108 0 51331 2796622 6437 0 540
cpu 6 193236 0 51654 2772619 7707 0 326
cpu 9 161559 0 51233 2802375 7652 0 376
cpu 8 156849 0 57510 2802911 6027 0 336
mem 1 99033092 97113876 1919216 50336 1225008 112 0 1092688 70580 182776 3936 0 0 174784 0 0 0
mem 0 97636988 62069052 35567936 368784 34135892 132 0 34033452 1543060 474784 8520 0 0 462440 4096 0 0
net lo 0 0 2793272 0 0 0 0 0 0 0 0 0 22880 0 2793272 0 0 0 0 0 0 22880 0
net virbr0 0 731 9961018995 0 0 0 0 0 0 0 0 0 39719171 0 38380233494 0 0 0 0 0 0 23510801 0
net eno1 0 151101 40327281104 0 0 350 0 0 0 0 0 0 30177781 0 1206683866 0 0 0 0 0 0 5951192 0
net vnet35 0 0 184044 0 0 0 0 0 0 0 0 0 1013 0 179053 0 0 0 0 0 0 844 0
numa 1 100451344 18781169 10118603 29535 100407085 18825411
numa 0 101738203 10118603 18781169 29710 101736574 10119838
ps - 487132553 207761 400 239 191 3 681
sysv_shm - 0 0
tmpfs /run/lock 0 6
tmpfs /run 2080768 1098
tmpfs /run/user/20029 0 20
tmpfs /run/qemu 0 1
tmpfs /dev/shm 37615427584 105370
vfs - 133582 2384 182971
vm - 2 20058512 434375849 252290 1617408 229631428 275479770 75478055 6522712 171825041 54104 0 0 0 0 0 1811072 0 311878 5997 0 1617252 74 0 3 0 0

1778475569.315788 0 node0.mimesys-workload.ldos-ut-pg0.wisc.cloudlab.us
block sda 496703 209076 40109552 286711 2623633 17764261 868751923 12868246 0 2204064 13416792
block sdb 479 0 7540 438 4 0 0 0 0 556 439
cpu 11 167528 0 51860 2798328 6810 0 5
cpu 10 193921 0 46728 2778294 8880 0 4
cpu 13 162968 0 47006 2808053 6489 0 4
cpu 12 165895 0 46069 2806805 6939 0 1
cpu 15 164828 0 44904 2808647 6469 0 3
cpu 14 158804 0 46189 2814266 6453 0 4
cpu 17 150129 0 45056 2823339 6652 0 1
cpu 16 159980 0 43603 2816609 5879 0 1
cpu 19 130865 0 31322 2857538 6199 0 1
cpu 18 177066 0 31693 2811683 5746 0 2
cpu 1 164732 0 35488 2812040 8149 0 727
cpu 0 195234 45 34721 2757776 9923 0 1151
cpu 3 183668 0 51685 2780901 7418 0 596
cpu 2 178419 0 47628 2788598 9220 0 190
cpu 5 183877 0 52209 2781746 7332 0 454
cpu 4 178078 1 52646 2785862 7815 0 112
cpu 7 170109 0 51332 2796724 6437 0 540
cpu 6 193237 0 51654 2772723 7707 0 326
cpu 9 161559 0 51233 2802479 7652 0 376
cpu 8 156849 0 57510 2803015 6027 0 336
mem 1 99033092 97113716 1919376 50336 1225772 140 0 1092688 71736 183556 3948 0 0 174776 0 0 0
mem 0 97636988 62068044 35568944 368788 34136560 156 0 34033468 1543076 475288 8544 0 0 462424 4096 0 0
net lo 0 0 2794439 0 0 0 0 0 0 0 0 0 22888 0 2794439 0 0 0 0 0 0 22888 0
net virbr0 0 731 9961021841 0 0 0 0 0 0 0 0 0 39719187 0 38380237184 0 0 0 0 0 0 23510813 0
net eno1 0 151113 40327288041 0 0 350 0 0 0 0 0 0 30177887 0 1206685124 0 0 0 0 0 0 5951198 0
net vnet35 0 0 187114 0 0 0 0 0 0 0 0 0 1029 0 182795 0 0 0 0 0 0 857 0
numa 1 100460343 18781169 10118603 29535 100416084 18825411
numa 0 101739023 10118603 18781169 29710 101737394 10119838
ps - 487139188 207840 424 247 194 7 680
sysv_shm - 0 0
tmpfs /run/lock 0 6
tmpfs /run 2080768 1098
tmpfs /run/user/20029 0 20
tmpfs /run/qemu 0 1
tmpfs /dev/shm 37615427584 105370
vfs - 133593 2424 183013
vm - 2 20058512 434375961 252290 1617408 229641244 275489247 75478060 6522712 171840274 54104 0 0 0 0 0 1811072 0 311878 5997 0 1617252 74 0 3 0 0

1778475570.356066 0 node0.mimesys-workload.ldos-ut-pg0.wisc.cloudlab.us
block sda 496703 209076 40109552 286711 2623633 17764261 868751923 12868246 0 2204064 13416792
block sdb 479 0 7540 438 4 0 0 0 0 556 439
cpu 11 167529 0 51862 2798429 6810 0 5
cpu 10 193922 0 46730 2778395 8880 0 4
cpu 13 162970 0 47010 2808152 6489 0 4
cpu 12 165897 0 46070 2806907 6939 0 1
cpu 15 164829 0 44907 2808747 6469 0 3
cpu 14 158806 0 46193 2814363 6453 0 4
cpu 17 150129 0 45059 2823440 6652 0 1
cpu 16 159981 0 43604 2816710 5879 0 1
cpu 19 130865 0 31324 2857639 6199 0 1
cpu 18 177066 0 31694 2811784 5746 0 2
cpu 1 164819 0 35489 2812054 8149 0 727
cpu 0 195303 45 34722 2757805 9923 0 1151
cpu 3 183747 0 51686 2780924 7418 0 596
cpu 2 178499 0 47630 2788617 9220 0 190
cpu 5 183953 0 52210 2781771 7332 0 454
cpu 4 178160 1 52648 2785882 7815 0 112
cpu 7 170109 0 51332 2796828 6437 0 540
cpu 6 193237 0 51654 2772826 7707 0 326
cpu 9 161559 0 51233 2802583 7652 0 376
cpu 8 156849 0 57510 2803119 6027 0 336
mem 1 99033092 97112708 1920384 50340 1225024 156 0 1092696 70580 182736 3920 0 0 174768 0 0 0
mem 0 97636988 62068800 35568188 368788 34136020 176 0 34033476 1543084 474732 8480 0 0 462380 4096 0 0
net lo 0 0 2794996 0 0 0 0 0 0 0 0 0 22892 0 2794996 0 0 0 0 0 0 22892 0
net virbr0 0 731 9961023621 0 0 0 0 0 0 0 0 0 39719198 0 38380238182 0 0 0 0 0 0 23510822 0
net eno1 0 151113 40327294278 0 0 350 0 0 0 0 0 0 30177983 0 1206685535 0 0 0 0 0 0 5951202 0
net vnet35 0 0 189048 0 0 0 0 0 0 0 0 0 1040 0 183793 0 0 0 0 0 0 866 0
numa 1 100468373 18781169 10118603 29535 100424114 18825411
numa 0 101739235 10118603 18781169 29710 101737606 10119838
ps - 487146623 207914 424 247 194 5 680
sysv_shm - 0 0
tmpfs /run/lock 0 6
tmpfs /run 2080768 1098
tmpfs /run/user/20029 0 20
tmpfs /run/qemu 0 1
tmpfs /dev/shm 37615427584 105370
vfs - 133581 2504 182931
vm - 2 20058512 434375961 252290 1617408 229649486 275497871 75478063 6522712 171853035 54104 0 0 0 0 0 1811072 0 311878 5997 0 1617252 74 0 3 0 0

1778475571.389841 0 node0.mimesys-workload.ldos-ut-pg0.wisc.cloudlab.us
block sda 496703 209076 40109552 286711 2623719 17764275 868752859 12868264 0 2204080 13416811
block sdb 479 0 7540 438 4 0 0 0 0 556 439
cpu 11 167530 0 51866 2798528 6810 0 5
cpu 10 193924 0 46732 2778493 8880 0 4
cpu 13 162974 0 47014 2808246 6489 0 4
cpu 12 165901 0 46072 2807003 6939 0 1
cpu 15 164836 0 44910 2808840 6469 0 3
cpu 14 158807 0 46195 2814465 6453 0 4
cpu 17 150131 0 45061 2823539 6652 0 1
cpu 16 159982 0 43606 2816810 5879 0 1
cpu 19 130866 0 31325 2857739 6199 0 1
cpu 18 177068 0 31697 2811884 5746 0 2
cpu 1 164902 0 35490 2812072 8149 0 728
cpu 0 195373 45 34723 2757832 9923 0 1151
cpu 3 183827 0 51687 2780947 7418 0 596
cpu 2 178578 0 47631 2788639 9220 0 190
cpu 5 184026 0 52212 2781797 7332 0 454
cpu 4 178230 1 52648 2785910 7815 0 112
cpu 7 170110 0 51332 2796930 6437 0 540
cpu 6 193237 0 51654 2772929 7707 0 326
cpu 9 161559 0 51233 2802686 7652 0 376
cpu 8 156849 0 57510 2803222 6027 0 336
mem 1 99033092 97110444 1922648 50340 1224528 176 0 1092696 70932 182276 3988 0 0 174752 0 0 0
mem 0 97636988 62068548 35568440 368788 34136392 192 0 34033476 1543084 475096 8504 0 0 462380 4096 0 0
net lo 0 0 2796163 0 0 0 0 0 0 0 0 0 22900 0 2796163 0 0 0 0 0 0 22900 0
net virbr0 0 731 9961028219 0 0 0 0 0 0 0 0 0 39719224 0 38380242960 0 0 0 0 0 0 23510844 0
net eno1 0 151128 40327300777 0 0 350 0 0 0 0 0 0 30178081 0 1206687179 0 0 0 0 0 0 5951211 0
net vnet35 0 0 194010 0 0 0 0 0 0 0 0 0 1066 0 188623 0 0 0 0 0 0 889 0
numa 1 100477926 18781169 10118603 29535 100433667 18825411
numa 0 101739665 10118603 18781169 29710 101738036 10119838
ps - 487154926 207994 424 247 194 6 680
sysv_shm - 0 0
tmpfs /run/lock 0 6
tmpfs /run 2080768 1098
tmpfs /run/user/20029 0 20
tmpfs /run/qemu 0 1
tmpfs /dev/shm 37615427584 105370
vfs - 133583 2464 182947
vm - 2 20058512 434376429 252290 1617408 229659473 275507859 75478066 6522712 171868613 54104 0 0 0 0 0 1811072 0 311878 5997 0 1617252 74 0 3 0 0

1778475572.431110 0 node0.mimesys-workload.ldos-ut-pg0.wisc.cloudlab.us
block sda 496703 209076 40109552 286711 2623719 17764275 868752859 12868264 0 2204080 13416811
block sdb 479 0 7540 438 4 0 0 0 0 556 439
cpu 11 167532 0 51868 2798628 6810 0 5
cpu 10 193924 0 46734 2778595 8880 0 4
cpu 13 162975 0 47017 2808347 6489 0 4
cpu 12 165903 0 46076 2807101 6939 0 1
cpu 15 164837 0 44911 2808941 6469 0 3
cpu 14 158809 0 46198 2814564 6453 0 4
cpu 17 150132 0 45063 2823640 6652 0 1
cpu 16 159987 0 43607 2816908 5879 0 1
cpu 19 130868 0 31329 2857838 6199 0 1
cpu 18 177072 0 31700 2811981 5746 0 2
cpu 1 164981 0 35490 2812097 8149 0 728
cpu 0 195452 45 34724 2757851 9923 0 1151
cpu 3 183901 0 51688 2780976 7418 0 596
cpu 2 178654 0 47633 2788664 9220 0 190
cpu 5 184105 0 52213 2781818 7332 0 454
cpu 4 178302 1 52649 2785941 7815 0 112
cpu 7 170112 0 51334 2797030 6437 0 540
cpu 6 193238 0 51654 2773031 7707 0 326
cpu 9 161559 0 51233 2802790 7652 0 376
cpu 8 156849 0 57510 2803326 6027 0 336
mem 1 99033092 97110488 1922604 50344 1226028 140 0 1092700 71220 183768 3856 0 0 174752 0 0 0
mem 0 97636988 62069052 35567936 368796 34136316 124 0 34033568 1543168 475076 8396 0 0 462380 4096 0 0
net lo 0 0 2797330 0 0 0 0 0 0 0 0 0 22908 0 2797330 0 0 0 0 0 0 22908 0
net virbr0 0 731 9961029661 0 0 0 0 0 0 0 0 0 39719230 0 38380244990 0 0 0 0 0 0 23510850 0
net eno1 0 151128 40327307108 0 0 350 0 0 0 0 0 0 30178176 0 1206688653 0 0 0 0 0 0 5951219 0
net vnet35 0 0 195536 0 0 0 0 0 0 0 0 0 1072 0 190653 0 0 0 0 0 0 895 0
numa 1 100487386 18781169 10118603 29535 100443127 18825411
numa 0 101740365 10118603 18781169 29710 101738736 10119838
ps - 487162562 208077 424 247 194 8 679
sysv_shm - 0 0
tmpfs /run/lock 0 6
tmpfs /run 2080768 1098
tmpfs /run/user/20029 0 20
tmpfs /run/qemu 0 1
tmpfs /dev/shm 37615427584 105370
vfs - 133592 2464 182998
vm - 2 20058512 434376429 252290 1617408 229669669 275517701 75478070 6522712 171884496 54104 0 0 0 0 0 1811072 0 311878 5997 0 1617252 74 0 3 0 0

1778475573.470769 0 node0.mimesys-workload.ldos-ut-pg0.wisc.cloudlab.us
block sda 496703 209076 40109552 286711 2623724 17764275 868752899 12868266 0 2204088 13416813
block sdb 479 0 7540 438 4 0 0 0 0 556 439
cpu 11 167535 0 51869 2798728 6810 0 5
cpu 10 193926 0 46737 2778695 8880 0 4
cpu 13 162975 0 47020 2808448 6489 0 4
cpu 12 165905 0 46076 2807201 6939 0 1
cpu 15 164840 0 44913 2809040 6469 0 3
cpu 14 158810 0 46200 2814664 6453 0 4
cpu 17 150133 0 45066 2823739 6652 0 1
cpu 16 159991 0 43608 2817007 5879 0 1
cpu 19 130868 0 31332 2857939 6199 0 1
cpu 18 177072 0 31703 2812082 5746 0 2
cpu 1 165054 0 35491 2812120 8149 0 728
cpu 0 195538 45 34725 2757867 9923 0 1151
cpu 3 183991 0 51688 2780987 7418 0 596
cpu 2 178740 0 47633 2788681 9220 0 190
cpu 5 184182 0 52213 2781842 7332 0 454
cpu 4 178383 1 52650 2785960 7815 0 112
cpu 7 170112 0 51334 2797134 6437 0 540
cpu 6 193238 0 51654 2773135 7707 0 326
cpu 9 161559 0 51233 2802894 7652 0 376
cpu 8 156849 0 57510 2803430 6027 0 336
mem 1 99033092 97112448 1920644 50344 1226784 144 0 1092696 72028 184624 4120 0 0 174752 0 0 0
mem 0 97636988 62063760 35573228 368800 34141704 164 0 34039364 1548968 474680 8484 0 0 462364 4096 0 0
net lo 0 0 2797887 0 0 0 0 0 0 0 0 0 22912 0 2797887 0 0 0 0 0 0 22912 0
net virbr0 0 731 9961031117 0 0 0 0 0 0 0 0 0 39719241 0 38380246650 0 0 0 0 0 0 23510856 0
net eno1 0 151135 40327312865 0 0 350 0 0 0 0 0 0 30178264 0 1206688998 0 0 0 0 0 0 5951222 0
net vnet35 0 0 197146 0 0 0 0 0 0 0 0 0 1083 0 192365 0 0 0 0 0 0 902 0
numa 1 100495780 18781169 10118603 29535 100451521 18825411
numa 0 101742136 10118603 18781169 29710 101740507 10119838
ps - 487169024 208154 424 247 194 8 680
sysv_shm - 0 0
tmpfs /run/lock 0 6
tmpfs /run 2080768 1098
tmpfs /run/user/20029 0 20
tmpfs /run/qemu 0 1
tmpfs /dev/shm 37615427584 105370
vfs - 133584 2504 182934
vm - 2 20058512 434376449 252290 1617408 229679812 275526219 75478075 6522712 171899280 54104 0 0 0 0 0 1811072 0 311878 5997 0 1617252 74 0 3 0 0

1778475574.506897 0 node0.mimesys-workload.ldos-ut-pg0.wisc.cloudlab.us
block sda 496703 209076 40109552 286711 2623729 17764275 868752947 12868269 0 2204096 13416815
block sdb 479 0 7540 438 4 0 0 0 0 556 439
cpu 11 167536 0 51870 2798828 6810 0 5
cpu 10 193928 0 46739 2778795 8880 0 4
cpu 13 162978 0 47024 2808545 6489 0 4
cpu 12 165907 0 46078 2807302 6939 0 1
cpu 15 164842 0 44915 2809138 6469 0 3
cpu 14 158812 0 46202 2814765 6453 0 4
cpu 17 150134 0 45070 2823839 6652 0 1
cpu 16 159993 0 43610 2817106 5879 0 1
cpu 19 130869 0 31333 2858039 6199 0 1
cpu 18 177073 0 31705 2812183 5746 0 2
cpu 1 165130 0 35491 2812144 8149 0 728
cpu 0 195623 45 34727 2757886 9923 0 1151
cpu 3 184063 0 51689 2781011 7418 0 596
cpu 2 178815 0 47635 2788704 9220 0 190
cpu 5 184257 0 52216 2781869 7332 0 454
cpu 4 178454 1 52651 2785989 7815 0 112
cpu 7 170112 0 51334 2797238 6437 0 540
cpu 6 193238 0 51654 2773238 7707 0 326
cpu 9 161559 0 51233 2802997 7652 0 376
cpu 8 156849 0 57510 2803534 6027 0 336
mem 1 99033092 97114780 1918312 50348 1225108 116 0 1092704 71060 182864 3932 0 0 174728 0 0 0
mem 0 97636988 62063760 35573228 368800 34142312 160 0 34039904 1549504 474760 8544 0 0 462364 4096 0 0
net lo 0 0 2798444 0 0 0 0 0 0 0 0 0 22916 0 2798444 0 0 0 0 0 0 22916 0
net virbr0 0 731 9961032897 0 0 0 0 0 0 0 0 0 39719252 0 38380247648 0 0 0 0 0 0 23510865 0
net eno1 0 151135 40327319108 0 0 350 0 0 0 0 0 0 30178360 0 1206690237 0 0 0 0 0 0 5951228 0
net vnet35 0 0 199080 0 0 0 0 0 0 0 0 0 1094 0 193415 0 0 0 0 0 0 912 0
numa 1 100504152 18781169 10118603 29535 100459893 18825411
numa 0 101742296 10118603 18781169 29710 101740667 10119838
ps - 487177225 208231 422 249 195 8 680
sysv_shm - 0 0
tmpfs /run/lock 0 6
tmpfs /run 2080768 1098
tmpfs /run/user/20029 0 20
tmpfs /run/qemu 0 1
tmpfs /dev/shm 37615427584 105370
vfs - 133582 2424 182932
vm - 2 20058512 434376473 252290 1617408 229688356 275535136 75478080 6522712 171912506 54104 0 0 0 0 0 1811072 0 311878 5997 0 1617252 74 0 3 0 0

1778475575.546864 0 node0.mimesys-workload.ldos-ut-pg0.wisc.cloudlab.us
block sda 496703 209076 40109552 286711 2623729 17764275 868752947 12868269 0 2204096 13416815
block sdb 479 0 7540 438 4 0 0 0 0 556 439
cpu 11 167539 0 51874 2798927 6810 0 5
cpu 10 193928 0 46741 2778896 8880 0 4
cpu 13 162981 0 47029 2808639 6489 0 4
cpu 12 165912 0 46081 2807397 6939 0 1
cpu 15 164844 0 44916 2809239 6469 0 3
cpu 14 158814 0 46204 2814864 6453 0 4
cpu 17 150136 0 45072 2823938 6652 0 1
cpu 16 159995 0 43612 2817207 5879 0 1
cpu 19 130871 0 31336 2858140 6199 0 1
cpu 18 177074 0 31707 2812283 5746 0 2
cpu 1 165210 0 35492 2812164 8149 0 728
cpu 0 195704 45 34729 2757906 9923 0 1151
cpu 3 184148 0 51690 2781028 7418 0 596
cpu 2 178890 0 47636 2788727 9220 0 190
cpu 5 184327 0 52216 2781897 7332 0 454
cpu 4 178536 1 52652 2786007 7815 0 112
cpu 7 170113 0 51335 2797338 6437 0 540
cpu 6 193238 0 51654 2773341 7707 0 326
cpu 9 161559 0 51234 2803100 7652 0 376
cpu 8 156849 0 57510 2803637 6027 0 336
mem 1 99033092 97117344 1915748 50352 1225288 136 0 1092704 70576 183080 4496 0 0 174728 0 0 0
mem 0 97636988 62064012 35572976 368800 34142684 172 0 34039904 1549504 475080 8480 0 0 462364 4096 0 0
net lo 0 0 2799611 0 0 0 0 0 0 0 0 0 22924 0 2799611 0 0 0 0 0 0 22924 0
net virbr0 0 731 9961037471 0 0 0 0 0 0 0 0 0 39719278 0 38380252336 0 0 0 0 0 0 23510886 0
net eno1 0 151144 40327325505 0 0 350 0 0 0 0 0 0 30178457 0 1206691621 0 0 0 0 0 0 5951235 0
net vnet35 0 0 204018 0 0 0 0 0 0 0 0 0 1120 0 198103 0 0 0 0 0 0 933 0
numa 1 100513765 18781169 10118603 29535 100469506 18825411
numa 0 101743017 10118603 18781169 29710 101741388 10119838
ps - 487185436 208314 422 249 195 5 680
sysv_shm - 0 0
tmpfs /run/lock 0 6
tmpfs /run 2080768 1098
tmpfs /run/user/20029 0 20
tmpfs /run/qemu 0 1
tmpfs /dev/shm 37615427584 105370
vfs - 133588 2464 182987
vm - 2 20058512 434376473 252290 1617408 229698666 275545417 75478081 6522712 171928535 54104 0 0 0 0 0 1811072 0 311878 5997 0 1617252 74 0 3 0 0

1778475576.588536 0 node0.mimesys-workload.ldos-ut-pg0.wisc.cloudlab.us
block sda 496703 209076 40109552 286711 2623819 17764288 868753907 12868283 0 2204104 13416830
block sdb 479 0 7540 438 4 0 0 0 0 556 439
cpu 11 167540 0 51878 2799026 6810 0 5
cpu 10 193930 0 46743 2778997 8880 0 4
cpu 13 162986 0 47031 2808736 6489 0 4
cpu 12 165913 0 46082 2807500 6939 0 1
cpu 15 164844 0 44918 2809341 6469 0 3
cpu 14 158815 0 46207 2814965 6453 0 4
cpu 17 150141 0 45074 2824033 6652 0 1
cpu 16 159997 0 43614 2817307 5879 0 1
cpu 19 130872 0 31339 2858238 6199 0 1
cpu 18 177075 0 31711 2812382 5746 0 2
cpu 1 165295 0 35492 2812183 8149 0 728
cpu 0 195778 45 34730 2757932 9923 0 1151
cpu 3 184220 0 51692 2781058 7418 0 596
cpu 2 178964 0 47637 2788752 9220 0 190
cpu 5 184403 0 52218 2781925 7332 0 454
cpu 4 178616 1 52653 2786031 7815 0 112
cpu 7 170114 0 51336 2797441 6437 0 540
cpu 6 193238 0 51654 2773444 7707 0 326
cpu 9 161559 0 51234 2803204 7653 0 376
cpu 8 156849 0 57510 2803741 6027 0 336
mem 1 99033092 97115080 1918012 50344 1226616 40 0 1092704 71312 184104 4128 0 0 174736 0 0 0
mem 0 97636988 62064264 35572724 368800 34142716 20 0 34039976 1549568 475072 8520 0 0 462348 4096 0 0
net lo 0 0 2800778 0 0 0 0 0 0 0 0 0 22932 0 2800778 0 0 0 0 0 0 22932 0
net virbr0 0 731 9961039801 0 0 0 0 0 0 0 0 0 39719289 0 38380255130 0 0 0 0 0 0 23510896 0
net eno1 0 151144 40327333576 0 0 350 0 0 0 0 0 0 30178582 0 1206692133 0 0 0 0 0 0 5951240 0
net vnet35 0 0 206354 0 0 0 0 0 0 0 0 0 1131 0 200511 0 0 0 0 0 0 943 0
numa 1 100523031 18781169 10118603 29535 100478772 18825411
numa 0 101743533 10118603 18781169 29710 101741904 10119838
ps - 487193507 208393 422 249 195 8 680
sysv_shm - 0 0
tmpfs /run/lock 0 6
tmpfs /run 2080768 1098
tmpfs /run/user/20029 0 20
tmpfs /run/qemu 0 1
tmpfs /dev/shm 37615427584 105370
vfs - 133583 2464 182933
vm - 2 20058512 434376953 252290 1617408 229708457 275554870 75478084 6522712 171943855 54104 0 0 0 0 0 1811072 0 311878 5997 0 1617252 74 0 3 0 0

1778475577.630956 0 node0.mimesys-workload.ldos-ut-pg0.wisc.cloudlab.us
block sda 496703 209076 40109552 286711 2623819 17764288 868753907 12868283 0 2204104 13416830
block sdb 479 0 7540 438 4 0 0 0 0 556 439
cpu 11 167540 0 51879 2799125 6810 0 5
cpu 10 193933 0 46746 2779097 8880 0 4
cpu 13 162990 0 47036 2808833 6489 0 4
cpu 12 165917 0 46084 2807600 6939 0 1
cpu 15 164847 0 44921 2809440 6469 0 3
cpu 14 158816 0 46211 2815064 6453 0 4
cpu 17 150145 0 45078 2824131 6652 0 1
cpu 16 160010 0 43616 2817395 5879 0 1
cpu 19 130875 0 31342 2858338 6199 0 1
cpu 18 177078 0 31714 2812481 5746 0 2
cpu 1 165372 0 35494 2812205 8149 0 728
cpu 0 195848 45 34731 2757963 9923 0 1151
cpu 3 184288 0 51693 2781089 7418 0 596
cpu 2 179036 0 47639 2788780 9220 0 190
cpu 5 184481 0 52219 2781951 7332 0 454
cpu 4 178690 1 52654 2786057 7815 0 112
cpu 7 170115 0 51337 2797543 6437 0 540
cpu 6 193238 0 51654 2773548 7707 0 326
cpu 9 161559 0 51234 2803308 7653 0 376
cpu 8 156849 0 57510 2803845 6027 0 336
mem 1 99033092 97114772 1918320 50344 1225576 132 0 1092708 70576 183404 4036 0 0 174712 0 0 0
mem 0 97636988 62063008 35573980 368804 34143128 136 0 34039988 1549644 475448 8544 0 0 462316 4096 0 0
net lo 0 0 2801335 0 0 0 0 0 0 0 0 0 22936 0 2801335 0 0 0 0 0 0 22936 0
net virbr0 0 731 9961042149 0 0 0 0 0 0 0 0 0 39719306 0 38380257024 0 0 0 0 0 0 23510907 0
net eno1 0 151158 40327339563 0 0 350 0 0 0 0 0 0 30178671 0 1206693572 0 0 0 0 0 0 5951248 0
net vnet35 0 0 209088 0 0 0 0 0 0 0 0 0 1148 0 202843 0 0 0 0 0 0 955 0
numa 1 100531086 18781169 10118603 29535 100486827 18825411
numa 0 101744204 10118603 18781169 29710 101742575 10119838
ps - 487203422 208469 422 249 195 7 681
sysv_shm - 0 0
tmpfs /run/lock 0 6
tmpfs /run 2080768 1098
tmpfs /run/user/20029 0 20
tmpfs /run/qemu 0 1
tmpfs /dev/shm 37615427584 105370
vfs - 133581 2424 182931
vm - 2 20058512 434376953 252290 1617408 229717168 275563618 75478088 6522712 171957116 54104 0 0 0 0 0 1811072 0 311878 5997 0 1617252 74 0 3 0 0

1778475578.670307 0 node0.mimesys-workload.ldos-ut-pg0.wisc.cloudlab.us
block sda 496703 209076 40109552 286711 2623822 17764288 868753931 12868285 0 2204108 13416832
block sdb 479 0 7540 438 4 0 0 0 0 556 439
cpu 11 167542 0 51884 2799223 6810 0 5
cpu 10 193934 0 46748 2779197 8880 0 4
cpu 13 162993 0 47040 2808930 6489 0 4
cpu 12 165922 0 46087 2807697 6939 0 1
cpu 15 164850 0 44922 2809540 6469 0 3
cpu 14 158817 0 46214 2815164 6453 0 4
cpu 17 150153 0 45081 2824225 6652 0 1
cpu 16 160014 0 43619 2817492 5879 0 1
cpu 19 130876 0 31345 2858437 6199 0 1
cpu 18 177079 0 31715 2812582 5746 0 2
cpu 1 165458 0 35494 2812222 8149 0 728
cpu 0 195930 45 34732 2757983 9923 0 1151
cpu 3 184363 0 51694 2781116 7418 0 596
cpu 2 179128 0 47640 2788790 9220 0 190
cpu 5 184565 0 52220 2781969 7332 0 454
cpu 4 178761 1 52655 2786086 7815 0 112
cpu 7 170115 0 51337 2797647 6437 0 540
cpu 6 193238 0 51654 2773651 7707 0 326
cpu 9 161559 0 51234 2803411 7653 0 376
cpu 8 156849 0 57510 2803949 6027 0 336
mem 1 99033092 97114080 1919012 50352 1227208 144 0 1092708 71320 185484 4296 0 0 174704 0 0 0
mem 0 97636988 62063512 35573476 368804 34142552 164 0 34039996 1549652 474832 8544 0 0 462308 4096 0 0
net lo 0 0 2802502 0 0 0 0 0 0 0 0 0 22944 0 2802502 0 0 0 0 0 0 22944 0
net virbr0 0 731 9961044891 0 0 0 0 0 0 0 0 0 39719320 0 38380260714 0 0 0 0 0 0 23510919 0
net eno1 0 151158 40327346292 0 0 350 0 0 0 0 0 0 30178773 0 1206697740 0 0 0 0 0 0 5951259 0
net vnet35 0 0 212026 0 0 0 0 0 0 0 0 0 1162 0 206585 0 0 0 0 0 0 968 0
numa 1 100541171 18781169 10118603 29535 100496912 18825411
numa 0 101744495 10118603 18781169 29710 101742866 10119838
ps - 487210561 208552 422 249 195 5 681
sysv_shm - 0 0
tmpfs /run/lock 0 6
tmpfs /run 2080768 1098
tmpfs /run/user/20029 0 20
tmpfs /run/qemu 0 1
tmpfs /dev/shm 37615427584 105370
vfs - 133591 2424 183009
vm - 2 20058512 434376965 252290 1617408 229727544 275573672 75478092 6522712 171973046 54104 0 0 0 0 0 1811072 0 311878 5997 0 1617252 74 0 3 0 0

1778475579.711178 0 node0.mimesys-workload.ldos-ut-pg0.wisc.cloudlab.us
block sda 496707 209076 40109760 286712 2624152 17764290 868757867 12868310 1 2204156 13416858
block sdb 479 0 7540 438 4 0 0 0 0 556 439
cpu 11 167544 0 51884 2799324 6810 0 5
cpu 10 193935 0 46749 2779299 8880 0 4
cpu 13 162994 0 47042 2809031 6489 0 4
cpu 12 165922 0 46088 2807799 6939 0 1
cpu 15 164850 0 44926 2809639 6469 0 3
cpu 14 158818 0 46216 2815264 6453 0 4
cpu 17 150154 0 45084 2824325 6652 0 1
cpu 16 160017 0 43623 2817590 5879 0 1
cpu 19 130876 0 31346 2858540 6199 0 1
cpu 18 177080 0 31717 2812682 5746 0 2
cpu 1 165544 0 35495 2812235 8149 0 728
cpu 0 196015 45 34732 2757998 9923 0 1151
cpu 3 184454 0 51694 2781127 7418 0 596
cpu 2 179206 0 47645 2788808 9220 0 190
cpu 5 184639 0 52221 2781991 7332 0 454
cpu 4 178848 1 52656 2786102 7815 0 112
cpu 7 170117 0 51337 2797749 6437 0 540
cpu 6 193238 0 51655 2773754 7707 0 326
cpu 9 161559 0 51234 2803515 7653 0 376
cpu 8 156849 0 57510 2804053 6027 0 336
mem 1 99033092 97113832 1919260 50356 1225552 164 0 1092712 70576 183320 3960 0 0 174728 0 0 0
mem 0 97636988 62063516 35573472 368804 34143032 180 0 34039996 1549652 475336 8544 0 0 462308 4096 0 0
net lo 0 0 2803059 0 0 0 0 0 0 0 0 0 22948 0 2803059 0 0 0 0 0 0 22948 0
net virbr0 0 731 9961046671 0 0 0 0 0 0 0 0 0 39719331 0 38380261712 0 0 0 0 0 0 23510928 0
net eno1 0 151172 40327353180 0 0 350 0 0 0 0 0 0 30178872 0 1206699139 0 0 0 0 0 0 5951269 0
net vnet35 0 0 213960 0 0 0 0 0 0 0 0 0 1173 0 207583 0 0 0 0 0 0 977 0
numa 1 100548963 18781169 10118603 29535 100504704 18825411
numa 0 101745277 10118603 18781169 29710 101743648 10119838
ps - 487217533 208628 436 255 197 4 682
sysv_shm - 0 0
tmpfs /run/lock 0 6
tmpfs /run 2080768 1098
tmpfs /run/user/20029 0 20
tmpfs /run/qemu 0 1
tmpfs /dev/shm 37615427584 105370
vfs - 133581 2464 182937
vm - 2 20058668 434378933 252290 1617408 229736118 275582559 75478098 6522712 171986015 54105 0 0 0 0 0 1811072 0 311878 5997 0 1617252 74 0 3 0 0

1778475580.751281 0 node0.mimesys-workload.ldos-ut-pg0.wisc.cloudlab.us
block sda 496709 209076 40109864 286713 2624158 17764290 868757915 12868314 0 2204160 13416863
block sdb 479 0 7540 438 4 0 0 0 0 556 439
cpu 11 167546 0 51887 2799424 6810 0 5
cpu 10 193936 0 46751 2779400 8880 0 4
cpu 13 162997 0 47046 2809129 6489 0 4
cpu 12 165928 0 46090 2807894 6939 0 1
cpu 15 164852 0 44929 2809737 6469 0 3
cpu 14 158821 0 46220 2815361 6453 0 4
cpu 17 150156 0 45088 2824424 6652 0 1
cpu 16 160019 0 43626 2817689 5879 0 1
cpu 19 130876 0 31348 2858641 6199 0 1
cpu 18 177080 0 31718 2812783 5746 0 2
cpu 1 165619 0 35498 2812260 8149 0 728
cpu 0 196084 45 34733 2758027 9923 0 1151
cpu 3 184526 0 51699 2781149 7418 0 596
cpu 2 179288 0 47646 2788828 9220 0 190
cpu 5 184718 0 52221 2782015 7332 0 454
cpu 4 178929 1 52657 2786119 7815 0 112
cpu 7 170118 0 51338 2797851 6437 0 540
cpu 6 193238 0 51655 2773857 7707 0 326
cpu 9 161559 0 51234 2803619 7653 0 376
cpu 8 156850 0 57510 2804157 6027 0 336
mem 1 99033092 97111352 1921740 50360 1226284 156 0 1092848 70936 184000 3984 0 0 174696 0 0 0
mem 0 97636988 62063264 35573724 368816 34142760 168 0 34040172 1549828 474936 8628 0 0 462320 4096 0 0
net lo 0 0 2804226 0 0 0 0 0 0 0 0 0 22956 0 2804226 0 0 0 0 0 0 22956 0
net virbr0 0 731 9961051141 0 0 0 0 0 0 0 0 0 39719355 0 38380266400 0 0 0 0 0 0 23510949 0
net eno1 0 151172 40327360063 0 0 350 0 0 0 0 0 0 30178977 0 1206700597 0 0 0 0 0 0 5951277 0
net vnet35 0 0 218766 0 0 0 0 0 0 0 0 0 1197 0 212323 0 0 0 0 0 0 999 0
numa 1 100558098 18781169 10118603 29535 100513839 18825411
numa 0 101746141 10118603 18781169 29710 101744512 10119838
ps - 487225448 208708 436 255 197 5 682
sysv_shm - 0 0
tmpfs /run/lock 0 6
tmpfs /run 2080768 1098
tmpfs /run/user/20029 0 20
tmpfs /run/qemu 0 1
tmpfs /dev/shm 37615427584 105370
vfs - 133581 2464 182943
vm - 2 20058668 434378957 252290 1617408 229746117 275592534 75478101 6522712 172001521 54105 0 0 0 0 0 1811072 0 311878 5997 0 1617252 74 0 3 0 0

1778475581.788329 0 node0.mimesys-workload.ldos-ut-pg0.wisc.cloudlab.us
block sda 496711 209076 40110072 286714 2624244 17764304 868758875 12868328 0 2204180 13416879
block sdb 479 0 7540 438 4 0 0 0 0 556 439
cpu 11 167548 0 51889 2799523 6810 0 5
cpu 10 193936 0 46753 2779501 8880 0 4
cpu 13 163000 0 47050 2809225 6489 0 4
cpu 12 165930 0 46092 2807994 6939 0 1
cpu 15 164853 0 44932 2809836 6469 0 3
cpu 14 158822 0 46222 2815462 6453 0 4
cpu 17 150156 0 45091 2824524 6652 0 1
cpu 16 160021 0 43628 2817788 5879 0 1
cpu 19 130878 0 31349 2858741 6199 0 1
cpu 18 177088 0 31722 2812876 5746 0 2
cpu 1 165697 0 35498 2812282 8149 0 728
cpu 0 196152 45 34736 2758058 9923 0 1151
cpu 3 184600 0 51701 2781173 7418 0 596
cpu 2 179364 0 47647 2788855 9220 0 190
cpu 5 184784 0 52222 2782048 7332 0 454
cpu 4 178999 1 52658 2786148 7815 0 112
cpu 7 170118 0 51338 2797955 6437 0 540
cpu 6 193238 0 51655 2773960 7707 0 326
cpu 9 161559 0 51234 2803722 7653 0 376
cpu 8 156850 0 57510 2804260 6027 0 336
mem 1 99033092 97111864 1921228 50364 1227972 44 0 1092856 71020 186512 4368 0 0 174728 0 0 0
mem 0 97636988 62063768 35573220 368808 34142616 24 0 34040184 1549832 474732 8544 0 0 462320 4096 0 0
net lo 0 0 2805393 0 0 0 0 0 0 0 0 0 22964 0 2805393 0 0 0 0 0 0 22964 0
net virbr0 0 731 9961053987 0 0 0 0 0 0 0 0 0 39719371 0 38380270090 0 0 0 0 0 0 23510961 0
net eno1 0 151183 40327367540 0 0 350 0 0 0 0 0 0 30179092 0 1206702005 0 0 0 0 0 0 5951284 0
net vnet35 0 0 221836 0 0 0 0 0 0 0 0 0 1213 0 216013 0 0 0 0 0 0 1011 0
numa 1 100567584 18781169 10118603 29535 100523325 18825411
numa 0 101746480 10118603 18781169 29710 101744851 10119838
ps - 487233935 208787 436 255 197 6 682
sysv_shm - 0 0
tmpfs /run/lock 0 6
tmpfs /run 2080768 1098
tmpfs /run/user/20029 0 20
tmpfs /run/qemu 0 1
tmpfs /dev/shm 37615427584 105370
vfs - 133589 2464 182993
vm - 2 20058772 434379437 252290 1617408 229755942 275601982 75478104 6522712 172016831 54106 0 0 0 0 0 1811072 0 311878 5997 0 1617252 74 0 3 0 0

1778475582.828489 0 node0.mimesys-workload.ldos-ut-pg0.wisc.cloudlab.us
block sda 496711 209076 40110072 286714 2624244 17764304 868758875 12868328 0 2204180 13416879
block sdb 479 0 7540 438 4 0 0 0 0 556 439
cpu 11 167552 0 51895 2799619 6810 0 5
cpu 10 193942 0 46757 2779595 8880 0 4
cpu 13 163010 0 47057 2809312 6489 0 4
cpu 12 165932 0 46096 2808091 6939 0 1
cpu 15 164858 0 44934 2809932 6469 0 3
cpu 14 158832 0 46223 2815553 6453 0 4
cpu 17 150165 0 45095 2824613 6652 0 1
cpu 16 160025 0 43632 2817885 5879 0 1
cpu 19 130881 0 31350 2858839 6199 0 1
cpu 18 177091 0 31725 2812974 5746 0 2
cpu 1 165772 0 35500 2812306 8149 0 729
cpu 0 196226 45 34737 2758086 9923 0 1151
cpu 3 184684 0 51701 2781191 7418 0 596
cpu 2 179440 0 47648 2788877 9220 0 190
cpu 5 184857 0 52223 2782073 7332 0 454
cpu 4 179077 1 52660 2786168 7815 0 112
cpu 7 170119 0 51339 2798056 6437 0 540
cpu 6 193240 0 51656 2774061 7707 0 326
cpu 9 161560 0 51234 2803824 7653 0 376
cpu 8 156865 0 57511 2804348 6027 0 336
mem 1 99033092 97128200 1904892 51076 1225556 140 0 1092960 70580 183788 3968 0 0 174864 0 0 0
mem 0 97636988 62068184 35568804 370532 34140944 160 0 34040188 1549836 474704 8544 0 0 462320 4096 0 0
net lo 0 0 2807461 0 0 0 0 0 0 0 0 0 22992 0 2807461 0 0 0 0 0 0 22992 0
net virbr0 0 731 9961055767 0 0 0 0 0 0 0 0 0 39719382 0 38380271088 0 0 0 0 0 0 23510970 0
net eno1 0 151183 40327373938 0 0 350 0 0 0 0 0 0 30179188 0 1206702591 0 0 0 0 0 0 5951290 0
net vnet35 0 0 223770 0 0 0 0 0 0 0 0 0 1224 0 217063 0 0 0 0 0 0 1021 0
numa 1 100586474 18781169 10118603 29535 100542215 18825411
numa 0 101749798 10118603 18781169 29710 101748169 10119838
ps - 487246923 208965 436 255 197 7 682
sysv_shm - 0 0
tmpfs /run/lock 0 6
tmpfs /run 2080768 1098
tmpfs /run/user/20029 0 20
tmpfs /run/qemu 0 1
tmpfs /dev/shm 37615427584 105370
vfs - 133581 2424 182943
vm - 2 20058772 434379437 252290 1617408 229778151 275624446 75479534 6522712 172044997 54106 0 0 0 0 0 1811072 0 311878 5997 0 1617252 74 0 3 0 0

1778475583.866875 0 node0.mimesys-workload.ldos-ut-pg0.wisc.cloudlab.us
block sda 496711 209076 40110072 286714 2624247 17764304 868758899 12868330 0 2204184 13416880
block sdb 479 0 7540 438 4 0 0 0 0 556 439
cpu 11 167553 0 51896 2799720 6810 0 5
cpu 10 193943 0 46758 2779696 8880 0 4
cpu 13 163011 0 47061 2809410 6489 0 4
cpu 12 165935 0 46098 2808189 6939 0 1
cpu 15 164866 0 44937 2810024 6469 0 3
cpu 14 158832 0 46224 2815653 6453 0 4
cpu 17 150166 0 45097 2824712 6652 0 1
cpu 16 160032 0 43634 2817979 5879 0 1
cpu 19 130884 0 31352 2858939 6199 0 1
cpu 18 177092 0 31728 2813072 5746 0 2
cpu 1 165849 0 35501 2812326 8149 0 729
cpu 0 196302 45 34738 2758112 9923 0 1151
cpu 3 184761 0 51702 2781214 7418 0 596
cpu 2 179522 0 47650 2788898 9220 0 190
cpu 5 184938 0 52224 2782092 7332 0 454
cpu 4 179149 1 52660 2786196 7815 0 112
cpu 7 170119 0 51339 2798160 6437 0 540
cpu 6 193241 0 51656 2774164 7707 0 326
cpu 9 161560 0 51234 2803927 7653 0 376
cpu 8 156865 0 57511 2804451 6027 0 336
mem 1 99033092 97127976 1905116 51124 1226924 156 0 1092968 71280 185252 3860 0 0 174720 0 0 0
mem 0 97636988 62066420 35570568 370532 34140948 188 0 34040200 1549848 474704 8544 0 0 462328 4096 0 0
net lo 0 0 2808628 0 0 0 0 0 0 0 0 0 23000 0 2808628 0 0 0 0 0 0 23000 0
net virbr0 0 731 9961058665 0 0 0 0 0 0 0 0 0 39719399 0 38380274778 0 0 0 0 0 0 23510982 0
net eno1 0 151197 40327381121 0 0 350 0 0 0 0 0 0 30179298 0 1206703979 0 0 0 0 0 0 5951297 0
net vnet35 0 0 226906 0 0 0 0 0 0 0 0 0 1241 0 220753 0 0 0 0 0 0 1033 0
numa 1 100595564 18781169 10118603 29535 100551305 18825411
numa 0 101750485 10118603 18781169 29710 101748856 10119838
ps - 487255686 209044 436 255 197 6 682
sysv_shm - 0 0
tmpfs /run/lock 0 6
tmpfs /run 2080768 1098
tmpfs /run/user/20029 0 20
tmpfs /run/qemu 0 1
tmpfs /dev/shm 37615427584 105370
vfs - 133583 2384 182945
vm - 2 20058772 434379449 252290 1617408 229787927 275633858 75479546 6522712 172060229 54106 0 0 0 0 0 1811072 0 311878 5997 0 1617252 74 0 3 0 0

1778475584.907877 0 node0.mimesys-workload.ldos-ut-pg0.wisc.cloudlab.us
block sda 496711 209076 40110072 286714 2624247 17764304 868758899 12868330 0 2204184 13416880
block sdb 479 0 7540 438 4 0 0 0 0 556 439
cpu 11 167554 0 51899 2799820 6810 0 5
cpu 10 193943 0 46762 2779796 8880 0 4
cpu 13 163012 0 47066 2809508 6489 0 4
cpu 12 165936 0 46100 2808290 6939 0 1
cpu 15 164867 0 44938 2810124 6469 0 3
cpu 14 158834 0 46228 2815753 6453 0 4
cpu 17 150166 0 45098 2824814 6652 0 1
cpu 16 160033 0 43636 2818080 5879 0 1
cpu 19 130886 0 31354 2859039 6199 0 1
cpu 18 177093 0 31730 2813173 5746 0 2
cpu 1 165924 0 35503 2812352 8149 0 729
cpu 0 196366 45 34738 2758148 9923 0 1151
cpu 3 184844 0 51703 2781232 7418 0 596
cpu 2 179595 0 47651 2788926 9220 0 190
cpu 5 185023 0 52226 2782112 7332 0 454
cpu 4 179215 1 52661 2786229 7815 0 112
cpu 7 170119 0 51339 2798264 6437 0 540
cpu 6 193242 0 51656 2774266 7707 0 326
cpu 9 161560 0 51234 2804031 7653 0 376
cpu 8 156866 0 57511 2804555 6027 0 336
mem 1 99033092 97129240 1903852 51168 1225248 168 0 1092968 70580 183612 4216 0 0 174720 0 0 0
mem 0 97636988 62065164 35571824 370536 34141444 200 0 34040204 1549852 475232 8584 0 0 462328 4096 0 0
net lo 0 0 2809185 0 0 0 0 0 0 0 0 0 23004 0 2809185 0 0 0 0 0 0 23004 0
net virbr0 0 731 9961060445 0 0 0 0 0 0 0 0 0 39719410 0 38380275776 0 0 0 0 0 0 23510991 0
net eno1 0 151197 40327388438 0 0 350 0 0 0 0 0 0 30179408 0 1206705958 0 0 0 0 0 0 5951309 0
net vnet35 0 0 228840 0 0 0 0 0 0 0 0 0 1252 0 221803 0 0 0 0 0 0 1043 0
numa 1 100603542 18781169 10118603 29535 100559283 18825411
numa 0 101751113 10118603 18781169 29710 101749484 10119838
ps - 487263444 209122 425 256 198 3 682
sysv_shm - 0 0
tmpfs /run/lock 0 6
tmpfs /run 2080768 1098
tmpfs /run/user/20029 0 20
tmpfs /run/qemu 0 1
tmpfs /dev/shm 37615427584 105370
vfs - 133588 2344 182992
vm - 2 20058772 434379449 252290 1617408 229796587 275642957 75479562 6522712 172073846 54106 0 0 0 0 0 1811072 0 311878 5997 0 1617252 74 0 3 0 0

1778475585.946947 0 node0.mimesys-workload.ldos-ut-pg0.wisc.cloudlab.us
block sda 496713 209076 40110280 286715 2624253 17764305 868758955 12868334 0 2204192 13416886
block sdb 479 0 7540 438 4 0 0 0 0 556 439
cpu 11 167557 0 51902 2799919 6810 0 5
cpu 10 193945 0 46764 2779894 8880 0 4
cpu 13 163014 0 47068 2809607 6489 0 4
cpu 12 165937 0 46102 2808390 6939 0 1
cpu 15 164869 0 44942 2810222 6469 0 3
cpu 14 158840 0 46231 2815848 6453 0 4
cpu 17 150167 0 45101 2824916 6652 0 1
cpu 16 160038 0 43639 2818178 5879 0 1
cpu 19 130888 0 31358 2859138 6199 0 1
cpu 18 177095 0 31734 2813272 5746 0 2
cpu 1 165998 0 35504 2812374 8149 0 730
cpu 0 196436 45 34742 2758175 9923 0 1151
cpu 3 184924 0 51705 2781251 7418 0 596
cpu 2 179673 0 47654 2788948 9220 0 190
cpu 5 185094 0 52228 2782140 7332 0 454
cpu 4 179284 1 52661 2786260 7815 0 112
cpu 7 170119 0 51339 2798367 6437 0 540
cpu 6 193243 0 51656 2774369 7707 0 326
cpu 9 161560 0 51234 2804134 7653 0 376
cpu 8 156866 0 57511 2804659 6027 0 336
mem 1 99033092 97126724 1906368 51176 1225532 152 0 1092972 70580 183848 3948 0 0 174688 0 0 0
mem 0 97636988 62064916 35572072 370536 34141004 212 0 34040324 1549872 474692 8544 0 0 462328 4096 0 0
net lo 0 0 2810352 0 0 0 0 0 0 0 0 0 23012 0 2810352 0 0 0 0 0 0 23012 0
net virbr0 0 731 9961065123 0 0 0 0 0 0 0 0 0 39719438 0 38380280464 0 0 0 0 0 0 23511012 0
net eno1 0 151206 40327396553 0 0 350 0 0 0 0 0 0 30179526 0 1206707160 0 0 0 0 0 0 5951319 0
net vnet35 0 0 233910 0 0 0 0 0 0 0 0 0 1280 0 226491 0 0 0 0 0 0 1064 0
numa 1 100613495 18781169 10118603 29535 100569236 18825411
numa 0 101751601 10118603 18781169 29710 101749972 10119838
ps - 487272206 209207 425 256 198 9 682
sysv_shm - 0 0
tmpfs /run/lock 0 6
tmpfs /run 2080768 1098
tmpfs /run/user/20029 0 20
tmpfs /run/qemu 0 1
tmpfs /dev/shm 37615427584 105370
vfs - 133583 2424 182954
vm - 2 20058876 434379477 252290 1617408 229807021 275653367 75479565 6522712 172090066 54107 0 0 0 0 0 1811072 0 311878 5997 0 1617252 74 0 3 0 0

1778475586.987448 0 node0.mimesys-workload.ldos-ut-pg0.wisc.cloudlab.us
block sda 496713 209076 40110280 286715 2624344 17764318 868759915 12868346 0 2204208 13416899
block sdb 479 0 7540 438 4 0 0 0 0 556 439
cpu 11 167557 0 51904 2800019 6810 0 5
cpu 10 193946 0 46765 2779996 8880 0 4
cpu 13 163016 0 47070 2809707 6489 0 4
cpu 12 165939 0 46104 2808489 6939 0 1
cpu 15 164871 0 44945 2810322 6469 0 3
cpu 14 158841 0 46234 2815947 6453 0 4
cpu 17 150173 0 45105 2825009 6652 0 1
cpu 16 160040 0 43642 2818279 5879 0 1
cpu 19 130889 0 31360 2859239 6199 0 1
cpu 18 177096 0 31737 2813372 5746 0 2
cpu 1 166044 0 35504 2812429 8149 0 730
cpu 0 196486 45 34743 2758225 9923 0 1151
cpu 3 184995 0 51706 2781283 7418 0 596
cpu 2 179734 0 47654 2788987 9220 0 190
cpu 5 185158 0 52228 2782175 7332 0 454
cpu 4 179334 1 52662 2786308 7815 0 112
cpu 7 170119 0 51340 2798471 6437 0 540
cpu 6 193243 0 51656 2774472 7707 0 326
cpu 9 161560 0 51235 2804238 7653 0 376
cpu 8 156868 0 57513 2804758 6027 0 336
mem 1 99033092 97125464 1907628 51300 1226696 260 0 1092972 71560 185144 3744 0 0 174728 0 0 0
mem 0 97636988 62063908 35573080 370560 34141620 352 0 34040332 1549872 475292 8584 0 0 462328 4096 0 0
net lo 0 0 2811519 0 0 0 0 0 0 0 0 0 23020 0 2811519 0 0 0 0 0 0 23020 0
net virbr0 0 731 9961067813 0 0 0 0 0 0 0 0 0 39719451 0 38380284154 0 0 0 0 0 0 23511024 0
net eno1 0 151206 40327403850 0 0 350 0 0 0 0 0 0 30179637 0 1206709166 0 0 0 0 0 0 5951331 0
net vnet35 0 0 236782 0 0 0 0 0 0 0 0 0 1293 0 230233 0 0 0 0 0 0 1077 0
numa 1 100622623 18781169 10118603 29535 100578364 18825411
numa 0 101752993 10118603 18781169 29710 101751364 10119838
ps - 487278602 209292 425 256 198 8 681
sysv_shm - 0 0
tmpfs /run/lock 0 6
tmpfs /run 2080768 1098
tmpfs /run/user/20029 0 20
tmpfs /run/qemu 0 1
tmpfs /dev/shm 37615427584 105370
vfs - 133584 2464 182946
vm - 2 20058876 434379957 252290 1617408 229817539 275663509 75479604 6522712 172106498 54107 0 0 0 0 0 1811072 0 311878 5997 0 1617252 74 0 3 0 0

1778475588.024710 0 node0.mimesys-workload.ldos-ut-pg0.wisc.cloudlab.us
block sda 496713 209076 40110280 286715 2624348 17764318 868759947 12868349 0 2204212 13416901
block sdb 479 0 7540 438 4 0 0 0 0 556 439
cpu 11 167559 0 51907 2800118 6810 0 5
cpu 10 193948 0 46768 2780095 8880 0 4
cpu 13 163018 0 47072 2809805 6489 0 4
cpu 12 165941 0 46107 2808589 6939 0 1
cpu 15 164871 0 44948 2810422 6469 0 3
cpu 14 158841 0 46236 2816048 6453 0 4
cpu 17 150174 0 45107 2825109 6652 0 1
cpu 16 160043 0 43644 2818377 5879 0 1
cpu 19 130889 0 31362 2859339 6199 0 1
cpu 18 177097 0 31738 2813471 5746 0 2
cpu 1 166122 0 35506 2812449 8149 0 730
cpu 0 196556 45 34744 2758252 9923 0 1151
cpu 3 185082 0 51708 2781298 7418 0 596
cpu 2 179804 0 47654 2789017 9220 0 190
cpu 5 185242 0 52229 2782193 7332 0 454
cpu 4 179408 1 52663 2786333 7815 0 112
cpu 7 170119 0 51340 2798574 6437 0 540
cpu 6 193243 0 51656 2774575 7707 0 326
cpu 9 161560 0 51235 2804341 7653 0 376
cpu 8 156868 0 57513 2804862 6027 0 336
mem 1 99033092 97124464 1908628 51304 1225816 144 0 1092976 70584 184228 3928 0 0 174704 0 0 0
mem 0 97636988 62063152 35573836 370564 34141144 148 0 34040524 1550064 474724 8544 0 0 462344 4096 0 0
net lo 0 0 2812076 0 0 0 0 0 0 0 0 0 23024 0 2812076 0 0 0 0 0 0 23024 0
net virbr0 0 731 9961069645 0 0 0 0 0 0 0 0 0 39719463 0 38380285152 0 0 0 0 0 0 23511033 0
net eno1 0 151220 40327410531 0 0 350 0 0 0 0 0 0 30179738 0 1206711099 0 0 0 0 0 0 5951342 0
net vnet35 0 0 238782 0 0 0 0 0 0 0 0 0 1305 0 231231 0 0 0 0 0 0 1086 0
numa 1 100630664 18781169 10118603 29535 100586405 18825411
numa 0 101753667 10118603 18781169 29710 101752038 10119838
ps - 487285989 209370 425 256 198 4 681
sysv_shm - 0 0
tmpfs /run/lock 0 6
tmpfs /run 2080768 1098
tmpfs /run/user/20029 0 20
tmpfs /run/qemu 0 1
tmpfs /dev/shm 37615427584 105370
vfs - 133585 2424 182969
vm - 2 20058876 434379973 252290 1617408 229826209 275672499 75479611 6522712 172119931 54107 0 0 0 0 0 1811072 0 311878 5997 0 1617252 74 0 3 0 0

1778475589.065101 0 node0.mimesys-workload.ldos-ut-pg0.wisc.cloudlab.us
block sda 496713 209076 40110280 286715 2624348 17764318 868759947 12868349 0 2204212 13416901
block sdb 479 0 7540 438 4 0 0 0 0 556 439
cpu 11 167560 0 51909 2800219 6810 0 5
cpu 10 193948 0 46770 2780196 8880 0 4
cpu 13 163021 0 47076 2809903 6489 0 4
cpu 12 165948 0 46112 2808681 6939 0 1
cpu 15 164873 0 44950 2810521 6469 0 3
cpu 14 158844 0 46238 2816147 6453 0 4
cpu 17 150177 0 45111 2825206 6652 0 1
cpu 16 160046 0 43647 2818476 5879 0 1
cpu 19 130890 0 31364 2859440 6199 0 1
cpu 18 177100 0 31742 2813571 5746 0 2
cpu 1 166190 0 35508 2812481 8149 0 730
cpu 0 196629 45 34746 2758280 9923 0 1151
cpu 3 185154 0 51709 2781327 7418 0 596
cpu 2 179869 0 47656 2789050 9220 0 190
cpu 5 185326 0 52229 2782213 7332 0 454
cpu 4 179492 1 52663 2786354 7815 0 112
cpu 7 170119 0 51340 2798676 6437 0 540
cpu 6 193243 0 51657 2774678 7707 0 326
cpu 9 161560 0 51235 2804445 7653 0 376
cpu 8 156868 0 57513 2804966 6027 0 336
mem 1 99033092 97123484 1909608 51308 1226380 144 0 1092980 71724 184864 3980 0 0 174680 0 0 0
mem 0 97636988 62062144 35574844 370564 34141568 196 0 34040524 1550064 475152 8544 0 0 462344 4096 0 0
net lo 0 0 2813243 0 0 0 0 0 0 0 0 0 23032 0 2813243 0 0 0 0 0 0 23032 0
net virbr0 0 731 9961073371 0 0 0 0 0 0 0 0 0 39719480 0 38380288842 0 0 0 0 0 0 23511045 0
net eno1 0 151220 40327419412 0 0 350 0 0 0 0 0 0 30179869 0 1206714455 0 0 0 0 0 0 5951363 0
net vnet35 0 0 241918 0 0 0 0 0 0 0 0 0 1322 0 234973 0 0 0 0 0 0 1099 0
numa 1 100640628 18781169 10118603 29535 100596369 18825411
numa 0 101754460 10118603 18781169 29710 101752831 10119838
ps - 487294351 209454 425 256 198 7 681
sysv_shm - 0 0
tmpfs /run/lock 0 6
tmpfs /run 2080768 1098
tmpfs /run/user/20029 0 20
tmpfs /run/qemu 0 1
tmpfs /dev/shm 37615427584 105370
vfs - 133592 2424 183015
vm - 2 20058876 434379973 252290 1617408 229836967 275682665 75479616 6522712 172136257 54107 0 0 0 0 0 1811072 0 311878 5997 0 1617252 74 0 3 0 0

1778475590.106855 0 node0.mimesys-workload.ldos-ut-pg0.wisc.cloudlab.us
block sda 496713 209076 40110280 286715 2624348 17764318 868759947 12868349 0 2204212 13416901
block sdb 479 0 7540 438 4 0 0 0 0 556 439
cpu 11 167561 0 51911 2800319 6810 0 5
cpu 10 193950 0 46772 2780296 8880 0 4
cpu 13 163022 0 47078 2810004 6489 0 4
cpu 12 165949 0 46114 2808781 6939 0 1
cpu 15 164874 0 44951 2810623 6469 0 3
cpu 14 158844 0 46239 2816249 6453 0 4
cpu 17 150178 0 45114 2825305 6652 0 1
cpu 16 160050 0 43651 2818573 5879 0 1
cpu 19 130892 0 31366 2859540 6199 0 1
cpu 18 177100 0 31743 2813672 5746 0 2
cpu 1 166273 0 35509 2812501 8149 0 730
cpu 0 196710 45 34746 2758302 9923 0 1151
cpu 3 185231 0 51710 2781353 7418 0 596
cpu 2 179927 0 47658 2789088 9220 0 190
cpu 5 185388 0 52231 2782248 7332 0 454
cpu 4 179565 1 52665 2786380 7815 0 112
cpu 7 170121 0 51341 2798778 6437 0 540
cpu 6 193243 0 51657 2774782 7707 0 326
cpu 9 161560 0 51235 2804548 7653 0 376
cpu 8 156868 0 57513 2805070 6027 0 336
mem 1 99033092 97123484 1909608 51308 1225536 152 0 1092984 70584 183912 4552 0 0 174664 0 0 0
mem 0 97636988 62061136 35575852 370564 34142136 208 0 34041184 1550724 475140 8544 0 0 462352 4096 0 0
net lo 0 0 2813800 0 0 0 0 0 0 0 0 0 23036 0 2813800 0 0 0 0 0 0 23036 0
net virbr0 0 731 9961074323 0 0 0 0 0 0 0 0 0 39719491 0 38380289840 0 0 0 0 0 0 23511054 0
net eno1 0 151230 40327427773 0 0 350 0 0 0 0 0 0 30179991 0 1206715318 0 0 0 0 0 0 5951371 0
net vnet35 0 0 243852 0 0 0 0 0 0 0 0 0 1333 0 235971 0 0 0 0 0 0 1108 0
numa 1 100648628 18781169 10118603 29535 100604369 18825411
numa 0 101754900 10118603 18781169 29710 101753271 10119838
ps - 487302486 209530 463 267 201 3 681
sysv_shm - 0 0
tmpfs /run/lock 0 6
tmpfs /run 2080768 1098
tmpfs /run/user/20029 0 20
tmpfs /run/qemu 0 1
tmpfs /dev/shm 37615427584 105370
vfs - 133581 2384 182937
vm - 2 20058876 434379973 252290 1617408 229845406 275691527 75479620 6522712 172149548 54107 0 0 0 0 0 1811072 0 311878 5997 0 1617252 74 0 3 0 0

1778475591.147481 0 node0.mimesys-workload.ldos-ut-pg0.wisc.cloudlab.us
block sda 496713 209076 40110280 286715 2624348 17764318 868759947 12868349 0 2204212 13416901
block sdb 479 0 7540 438 4 0 0 0 0 556 439
cpu 11 167562 0 51913 2800420 6810 0 5
cpu 10 193952 0 46775 2780395 8880 0 4
cpu 13 163024 0 47083 2810101 6489 0 4
cpu 12 165952 0 46116 2808880 6939 0 1
cpu 15 164875 0 44953 2810723 6469 0 3
cpu 14 158845 0 46242 2816349 6453 0 4
cpu 17 150179 0 45116 2825407 6652 0 1
cpu 16 160054 0 43654 2818669 5879 0 1
cpu 19 130893 0 31367 2859640 6199 0 1
cpu 18 177102 0 31744 2813772 5746 0 2
cpu 1 166357 0 35510 2812519 8149 0 730
cpu 0 196772 45 34748 2758334 9923 0 1151
cpu 3 185312 0 51710 2781372 7418 0 596
cpu 2 180006 0 47659 2789111 9220 0 190
cpu 5 185454 0 52232 2782277 7332 0 454
cpu 4 179643 1 52667 2786401 7815 0 112
cpu 7 170122 0 51344 2798878 6437 0 540
cpu 6 193243 0 51657 2774885 7707 0 326
cpu 9 161560 0 51236 2804652 7653 0 376
cpu 8 156872 0 57514 2805169 6027 0 336
mem 1 99033092 97121224 1911868 51320 1225032 168 0 1092984 70928 183540 4108 0 0 174644 0 0 0
mem 0 97636988 62061392 35575596 370564 34142404 232 0 34041184 1550724 475212 8508 0 0 462332 4096 0 0
net lo 0 0 2814967 0 0 0 0 0 0 0 0 0 23044 0 2814967 0 0 0 0 0 0 23044 0
net virbr0 0 731 9961078845 0 0 0 0 0 0 0 0 0 39719516 0 38380294528 0 0 0 0 0 0 23511075 0
net eno1 0 151230 40327434476 0 0 350 0 0 0 0 0 0 30180086 0 1206717282 0 0 0 0 0 0 5951382 0
net vnet35 0 0 248724 0 0 0 0 0 0 0 0 0 1358 0 240711 0 0 0 0 0 0 1130 0
numa 1 100657722 18781169 10118603 29535 100613463 18825411
numa 0 101755733 10118603 18781169 29710 101754104 10119838
ps - 487310539 209610 463 267 201 5 681
sysv_shm - 0 0
tmpfs /run/lock 0 6
tmpfs /run 2080768 1098
tmpfs /run/user/20029 0 20
tmpfs /run/qemu 0 1
tmpfs /dev/shm 37615427584 105370
vfs - 133585 2424 182969
vm - 2 20058876 434379973 252290 1617408 229855333 275701468 75479624 6522712 172164986 54107 0 0 0 0 0 1811072 0 311878 5997 0 1617252 74 0 3 0 0

1778475592.189193 0 node0.mimesys-workload.ldos-ut-pg0.wisc.cloudlab.us
block sda 496714 209076 40110288 286715 2624443 17764331 868760931 12868373 0 2204224 13416925
block sdb 479 0 7540 438 4 0 0 0 0 556 439
cpu 11 167563 0 51915 2800521 6810 0 5
cpu 10 193955 0 46778 2780493 8880 0 4
cpu 13 163026 0 47088 2810198 6489 0 4
cpu 12 165953 0 46119 2808980 6939 0 1
cpu 15 164876 0 44956 2810823 6469 0 3
cpu 14 158846 0 46243 2816451 6453 0 4
cpu 17 150181 0 45119 2825507 6652 0 1
cpu 16 160056 0 43658 2818769 5879 0 1
cpu 19 130894 0 31368 2859742 6199 0 1
cpu 18 177104 0 31746 2813873 5746 0 2
cpu 1 166435 0 35511 2812540 8149 0 731
cpu 0 196842 45 34750 2758365 9923 0 1151
cpu 3 185386 0 51712 2781399 7418 0 596
cpu 2 180079 0 47660 2789137 9220 0 190
cpu 5 185520 0 52232 2782309 7332 0 454
cpu 4 179722 1 52668 2786424 7815 0 112
cpu 7 170124 0 51344 2798978 6437 0 540
cpu 6 193243 0 51657 2774988 7707 0 326
cpu 9 161564 0 51236 2804751 7653 0 376
cpu 8 156872 0 57514 2805273 6027 0 336
mem 1 99033092 97121476 1911616 51320 1226952 180 0 1092992 71364 185440 4296 0 0 174652 0 0 0
mem 0 97636988 62060636 35576352 370568 34142816 268 0 34041724 1551256 475108 8540 0 0 462332 4096 0 0
net lo 0 0 2816134 0 0 0 0 0 0 0 0 0 23052 0 2816134 0 0 0 0 0 0 23052 0
net virbr0 0 731 9961081743 0 0 0 0 0 0 0 0 0 39719533 0 38380298218 0 0 0 0 0 0 23511087 0
net eno1 0 151242 40327440483 0 0 350 0 0 0 0 0 0 30180174 0 1206719830 0 0 0 0 0 0 5951397 0
net vnet35 0 0 251860 0 0 0 0 0 0 0 0 0 1375 0 244401 0 0 0 0 0 0 1142 0
numa 1 100666579 18781169 10118603 29535 100622320 18825411
numa 0 101756931 10118603 18781169 29710 101755302 10119838
ps - 487318641 209690 463 267 201 7 677
sysv_shm - 0 0
tmpfs /run/lock 0 6
tmpfs /run 2080768 1098
tmpfs /run/user/20029 0 20
tmpfs /run/qemu 0 1
tmpfs /dev/shm 37615427584 105370
vfs - 133592 2384 182987
vm - 2 20058880 434380465 252290 1617408 229865388 275711049 75479630 6522712 172180581 54107 0 0 0 0 0 1811072 0 311878 5997 0 1617252 74 0 3 0 0

1778475593.230190 0 node0.mimesys-workload.ldos-ut-pg0.wisc.cloudlab.us
block sda 496714 209076 40110288 286715 2624445 17764331 868760947 12868373 0 2204228 13416926
block sdb 479 0 7540 438 4 0 0 0 0 556 439
cpu 11 167565 0 51918 2800621 6810 0 5
cpu 10 193956 0 46781 2780593 8880 0 4
cpu 13 163028 0 47090 2810299 6489 0 4
cpu 12 165954 0 46122 2809080 6939 0 1
cpu 15 164876 0 44958 2810923 6469 0 3
cpu 14 158846 0 46244 2816552 6453 0 4
cpu 17 150183 0 45121 2825608 6652 0 1
cpu 16 160057 0 43659 2818870 5879 0 1
cpu 19 130894 0 31370 2859843 6199 0 1
cpu 18 177104 0 31748 2813974 5746 0 2
cpu 1 166518 0 35513 2812559 8149 0 731
cpu 0 196921 45 34750 2758389 9923 0 1151
cpu 3 185461 0 51713 2781424 7418 0 596
cpu 2 180149 0 47661 2789168 9220 0 190
cpu 5 185604 0 52232 2782326 7332 0 454
cpu 4 179794 1 52669 2786449 7815 0 112
cpu 7 170125 0 51346 2799080 6437 0 540
cpu 6 193243 0 51658 2775092 7707 0 326
cpu 9 161565 0 51236 2804855 7653 0 376
cpu 8 156872 0 57514 2805377 6027 0 336
mem 1 99033092 97135016 1898076 51320 1224844 132 8 1092992 70584 183228 3796 0 0 174668 0 0 0
mem 0 97636988 62058872 35578116 370572 34143684 128 0 34042744 1552276 475072 8508 0 0 462340 4096 0 0
net lo 0 0 2816691 0 0 0 0 0 0 0 0 0 23056 0 2816691 0 0 0 0 0 0 23056 0
net virbr0 0 731 9961083471 0 0 0 0 0 0 0 0 0 39719543 0 38380299216 0 0 0 0 0 0 23511096 0
net eno1 0 151242 40327446642 0 0 350 0 0 0 0 0 0 30180268 0 1206720277 0 0 0 0 0 0 5951401 0
net vnet35 0 0 253728 0 0 0 0 0 0 0 0 0 1385 0 245451 0 0 0 0 0 0 1152 0
numa 1 100674700 18781169 10118603 29535 100630441 18825411
numa 0 101757738 10118603 18781169 29710 101756109 10119838
ps - 487325961 209769 463 267 201 11 677
sysv_shm - 0 0
tmpfs /run/lock 0 6
tmpfs /run 2080768 1098
tmpfs /run/user/20029 0 20
tmpfs /run/qemu 0 1
tmpfs /dev/shm 37615427584 105370
vfs - 133583 2384 182915
vm - 2 20058880 434380473 252290 1617408 229874364 275720150 75479635 6522712 172194288 54107 0 0 0 0 0 1811072 0 311878 5997 0 1617252 74 0 3 0 0

1778475594.271006 0 node0.mimesys-workload.ldos-ut-pg0.wisc.cloudlab.us
block sda 496714 209076 40110288 286715 2624736 17764350 868764283 12868393 0 2204252 13416946
block sdb 479 0 7540 438 4 0 0 0 0 556 439
cpu 11 167565 0 51921 2800721 6810 0 5
cpu 10 193958 0 46783 2780693 8880 0 4
cpu 13 163030 0 47092 2810395 6489 0 4
cpu 12 165957 0 46125 2809177 6939 0 1
cpu 15 164878 0 44960 2811023 6469 0 3
cpu 14 158847 0 46248 2816652 6453 0 4
cpu 17 150184 0 45123 2825708 6652 0 1
cpu 16 160060 0 43662 2818969 5879 0 1
cpu 19 130895 0 31372 2859943 6199 0 1
cpu 18 177107 0 31752 2814072 5746 0 2
cpu 1 166590 0 35514 2812590 8149 0 731
cpu 0 196993 45 34752 2758416 9923 0 1151
cpu 3 185536 0 51714 2781447 7418 0 596
cpu 2 180231 0 47662 2789188 9220 0 190
cpu 5 185683 0 52234 2782350 7332 0 454
cpu 4 179866 1 52670 2786476 7815 0 112
cpu 7 170127 0 51347 2799181 6437 0 540
cpu 6 193243 0 51658 2775195 7707 0 326
cpu 9 161565 0 51236 2804958 7653 0 376
cpu 8 156875 0 57515 2805477 6027 0 336
mem 1 99033092 97133004 1900088 51328 1226176 160 0 1092996 71976 184596 3772 0 0 174660 0 0 0
mem 0 97636988 62058116 35578872 370580 34144604 164 0 34043188 1552720 475520 8500 0 0 462372 4096 0 0
net lo 0 0 2817858 0 0 0 0 0 0 0 0 0 23064 0 2817858 0 0 0 0 0 0 23064 0
net virbr0 0 731 9961087669 0 0 0 0 0 0 0 0 0 39719565 0 38380303478 0 0 0 0 0 0 23511112 0
net eno1 0 151255 40327454485 0 0 350 0 0 0 0 0 0 30180385 0 1206722607 0 0 0 0 0 0 5951415 0
net vnet35 0 0 258234 0 0 0 0 0 0 0 0 0 1407 0 249713 0 0 0 0 0 0 1168 0
numa 1 100685143 18781169 10118603 29535 100640885 18825411
numa 0 101759263 10118603 18781169 29710 101757634 10119838
ps - 487334480 209866 474 272 204 10 679
sysv_shm - 0 0
tmpfs /run/lock 0 6
tmpfs /run 2080768 1098
tmpfs /run/user/20029 0 20
tmpfs /run/qemu 0 1
tmpfs /dev/shm 37615427584 105370
vfs - 133586 2464 182918
vm - 2 20058880 434382141 252290 1617408 229886352 275731495 75479638 6522712 172212275 54107 0 0 0 0 0 1811072 0 311878 5997 0 1617252 74 0 3 0 0

1778475595.312890 0 node0.mimesys-workload.ldos-ut-pg0.wisc.cloudlab.us
block sda 496714 209076 40110288 286715 2624736 17764350 868764283 12868393 0 2204252 13416946
block sdb 479 0 7540 438 4 0 0 0 0 556 439
cpu 11 167566 0 51923 2800821 6810 0 5
cpu 10 193958 0 46785 2780794 8880 0 4
cpu 13 163032 0 47096 2810493 6489 0 4
cpu 12 165958 0 46127 2809279 6939 0 1
cpu 15 164878 0 44964 2811123 6469 0 3
cpu 14 158848 0 46251 2816752 6453 0 4
cpu 17 150186 0 45126 2825807 6652 0 1
cpu 16 160062 0 43663 2819070 5879 0 1
cpu 19 130897 0 31375 2860043 6199 0 1
cpu 18 177107 0 31755 2814172 5746 0 2
cpu 1 166662 0 35516 2812615 8149 0 731
cpu 0 197061 45 34753 2758452 9923 0 1151
cpu 3 185614 0 51715 2781472 7418 0 596
cpu 2 180298 0 47664 2789221 9220 0 190
cpu 5 185745 0 52234 2782387 7332 0 454
cpu 4 179922 1 52672 2786520 7815 0 112
cpu 7 170128 0 51348 2799283 6437 0 540
cpu 6 193243 0 51658 2775298 7707 0 326
cpu 9 161566 0 51236 2805062 7653 0 376
cpu 8 156876 0 57515 2805580 6027 0 336
mem 1 99033092 97132508 1900584 51320 1226008 176 0 1093000 71472 184532 4116 0 0 174696 0 0 0
mem 0 97636988 62057616 35579372 370584 34144396 180 0 34043432 1552964 475108 8520 0 0 462412 4096 0 0
net lo 0 0 2818415 0 0 0 0 0 0 0 0 0 23068 0 2818415 0 0 0 0 0 0 23068 0
net virbr0 0 731 9961088097 0 0 0 0 0 0 0 0 0 39719570 0 38380303904 0 0 0 0 0 0 23511117 0
net eno1 0 151265 40327461178 0 0 350 0 0 0 0 0 0 30180486 0 1206725152 0 0 0 0 0 0 5951428 0
net vnet35 0 0 258732 0 0 0 0 0 0 0 0 0 1412 0 250191 0 0 0 0 0 0 1174 0
numa 1 100693700 18781169 10118603 29535 100649441 18825411
numa 0 101759980 10118603 18781169 29710 101758351 10119838
ps - 487342561 209950 474 272 204 5 681
sysv_shm - 0 0
tmpfs /run/lock 0 6
tmpfs /run 2080768 1098
tmpfs /run/user/20029 0 20
tmpfs /run/qemu 0 1
tmpfs /dev/shm 37615427584 105370
vfs - 133588 2464 182977
vm - 2 20058880 434382141 252290 1617408 229895558 275741117 75479644 6522712 172226651 54107 0 0 0 0 0 1811072 0 311878 5997 0 1617252 74 0 3 0 0

1778475596.354539 0 node0.mimesys-workload.ldos-ut-pg0.wisc.cloudlab.us
block sda 496714 209076 40110288 286715 2624736 17764350 868764283 12868393 0 2204252 13416946
block sdb 479 0 7540 438 4 0 0 0 0 556 439
cpu 11 167567 0 51925 2800923 6810 0 5
cpu 10 193961 0 46787 2780894 8880 0 4
cpu 13 163036 0 47100 2810589 6489 0 4
cpu 12 165960 0 46130 2809379 6939 0 1
cpu 15 164880 0 44967 2811223 6469 0 3
cpu 14 158850 0 46251 2816853 6453 0 4
cpu 17 150189 0 45127 2825907 6652 0 1
cpu 16 160064 0 43666 2819170 5879 0 1
cpu 19 130898 0 31377 2860144 6199 0 1
cpu 18 177108 0 31756 2814274 5746 0 2
cpu 1 166734 0 35518 2812643 8149 0 731
cpu 0 197132 45 34754 2758483 9923 0 1151
cpu 3 185686 0 51716 2781501 7418 0 596
cpu 2 180373 0 47665 2789245 9220 0 190
cpu 5 185821 0 52235 2782417 7332 0 454
cpu 4 180002 1 52672 2786543 7815 0 112
cpu 7 170131 0 51349 2799383 6437 0 540
cpu 6 193243 0 51658 2775401 7707 0 326
cpu 9 161570 0 51236 2805161 7653 0 376
cpu 8 156876 0 57515 2805684 6027 0 336
mem 1 99033092 97129232 1903860 51324 1225284 196 0 1093004 71132 183688 4324 0 0 174656 0 0 0
mem 0 97636988 62055096 35581892 370592 34144568 204 0 34043536 1553068 475176 8556 0 0 462376 4096 0 0
net lo 0 0 2819582 0 0 0 0 0 0 0 0 0 23076 0 2819582 0 0 0 0 0 0 23076 0
net virbr0 0 731 9961092619 0 0 0 0 0 0 0 0 0 39719595 0 38380308592 0 0 0 0 0 0 23511138 0
net eno1 0 151265 40327468703 0 0 350 0 0 0 0 0 0 30180598 0 1206726116 0 0 0 0 0 0 5951437 0
net vnet35 0 0 263604 0 0 0 0 0 0 0 0 0 1437 0 254879 0 0 0 0 0 0 1195 0
numa 1 100702717 18781169 10118603 29535 100658458 18825411
numa 0 101761233 10118603 18781169 29710 101759604 10119838
ps - 487349907 210032 474 272 204 5 681
sysv_shm - 0 0
tmpfs /run/lock 0 6
tmpfs /run 2080768 1098
tmpfs /run/user/20029 0 20
tmpfs /run/qemu 0 1
tmpfs /dev/shm 37615427584 105370
vfs - 133583 2344 182937
vm - 2 20058880 434382141 252290 1617408 229905829 275751271 75479647 6522712 172242779 54107 0 0 0 0 0 1811072 0 311878 5997 0 1617252 74 0 3 0 0

1778475597.395231 0 node0.mimesys-workload.ldos-ut-pg0.wisc.cloudlab.us
block sda 496714 209076 40110288 286715 2624829 17764369 868765571 12868415 0 2204264 13416968
block sdb 479 0 7540 438 4 0 0 0 0 556 439
cpu 11 167568 0 51928 2801021 6810 0 5
cpu 10 193961 0 46791 2780993 8880 0 4
cpu 13 163040 0 47103 2810686 6489 0 4
cpu 12 165961 0 46134 2809478 6939 0 1
cpu 15 164882 0 44970 2811321 6469 0 3
cpu 14 158852 0 46253 2816952 6453 0 4
cpu 17 150190 0 45130 2826005 6652 0 1
cpu 16 160068 0 43667 2819269 5879 0 1
cpu 19 130899 0 31378 2860245 6199 0 1
cpu 18 177108 0 31758 2814375 5746 0 2
cpu 1 166807 0 35519 2812670 8149 0 731
cpu 0 197203 45 34754 2758512 9923 0 1151
cpu 3 185766 0 51717 2781523 7418 0 596
cpu 2 180446 0 47666 2789274 9220 0 190
cpu 5 185898 0 52236 2782443 7332 0 454
cpu 4 180083 1 52673 2786563 7815 0 112
cpu 7 170132 0 51351 2799483 6437 0 540
cpu 6 193243 0 51658 2775505 7707 0 326
cpu 9 161572 0 51236 2805264 7653 0 376
cpu 8 156880 0 57515 2805784 6027 0 336
mem 1 99033092 97127728 1905364 51336 1227148 64 0 1093008 72288 185648 4096 0 0 174656 0 0 0
mem 0 97636988 62055348 35581640 370592 34145244 36 0 34043920 1553504 475424 8560 0 0 462344 4096 0 0
net lo 0 0 2820749 0 0 0 0 0 0 0 0 0 23084 0 2820749 0 0 0 0 0 0 23084 0
net virbr0 0 731 9961095517 0 0 0 0 0 0 0 0 0 39719612 0 38380312282 0 0 0 0 0 0 23511150 0
net eno1 0 151275 40327475550 0 0 350 0 0 0 0 0 0 30180700 0 1206728312 0 0 0 0 0 0 5951450 0
net vnet35 0 0 266740 0 0 0 0 0 0 0 0 0 1454 0 258621 0 0 0 0 0 0 1208 0
numa 1 100711862 18781169 10118603 29535 100667603 18825411
numa 0 101762187 10118603 18781169 29710 101760558 10119838
ps - 487358828 210113 474 272 204 7 681
sysv_shm - 0 0
tmpfs /run/lock 0 6
tmpfs /run 2080768 1098
tmpfs /run/user/20029 0 20
tmpfs /run/qemu 0 1
tmpfs /dev/shm 37615427584 105370
vfs - 133585 2384 182939
vm - 2 20058880 434382785 252290 1617408 229915927 275761000 75479647 6522712 172258630 54107 0 0 0 0 0 1811072 0 311878 5997 0 1617252 74 0 3 0 0

1778475598.437046 0 node0.mimesys-workload.ldos-ut-pg0.wisc.cloudlab.us
block sda 496719 209076 40110328 286716 2624834 17764369 868765611 12868418 0 2204280 13416972
block sdb 479 0 7540 438 4 0 0 0 0 556 439
cpu 11 167569 0 51930 2801121 6810 0 5
cpu 10 193964 0 46795 2781091 8880 0 4
cpu 13 163042 0 47108 2810783 6489 0 4
cpu 12 165962 0 46137 2809577 6939 0 1
cpu 15 164884 0 44972 2811421 6469 0 3
cpu 14 158854 0 46256 2817052 6453 0 4
cpu 17 150194 0 45136 2826099 6652 0 1
cpu 16 160080 0 43669 2819358 5879 0 1
cpu 19 130900 0 31379 2860346 6199 0 1
cpu 18 177110 0 31761 2814476 5746 0 2
cpu 1 166886 0 35519 2812693 8149 0 731
cpu 0 197278 45 34754 2758538 9923 0 1151
cpu 3 185842 0 51718 2781549 7418 0 596
cpu 2 180512 0 47668 2789305 9220 0 190
cpu 5 185967 0 52238 2782471 7332 0 454
cpu 4 180159 1 52674 2786587 7815 0 112
cpu 7 170133 0 51352 2799585 6437 0 540
cpu 6 193243 0 51658 2775608 7707 0 326
cpu 9 161572 0 51236 2805368 7653 0 376
cpu 8 156880 0 57516 2805888 6027 0 336
mem 1 99033092 97126468 1906624 51352 1225500 144 0 1093032 71200 183988 3868 0 0 174656 0 0 0
mem 0 97636988 62053836 35583152 370592 34145152 152 0 34044024 1553608 475188 8552 0 0 462292 4096 0 0
net lo 0 0 2821688 0 0 0 0 0 0 0 0 0 23092 0 2821688 0 0 0 0 0 0 23092 0
net virbr0 0 731 9961097245 0 0 0 0 0 0 0 0 0 39719622 0 38380313280 0 0 0 0 0 0 23511159 0
net eno1 0 151275 40327489662 0 0 350 0 0 0 0 0 0 30180824 0 1206732125 0 0 0 0 0 0 5951472 0
net vnet35 0 0 268608 0 0 0 0 0 0 0 0 0 1464 0 259619 0 0 0 0 0 0 1217 0
numa 1 100720233 18781169 10118603 29535 100675974 18825411
numa 0 101763019 10118603 18781169 29710 101761390 10119838
ps - 487368754 210194 474 272 204 3 682
sysv_shm - 0 0
tmpfs /run/lock 0 6
tmpfs /run 2080768 1098
tmpfs /run/user/20029 0 20
tmpfs /run/qemu 0 1
tmpfs /dev/shm 37615427584 105370
vfs - 133588 2344 182981
vm - 2 20058900 434382805 252290 1617408 229925130 275770476 75479651 6522712 172272530 54107 0 0 0 0 0 1811072 0 311878 5997 0 1617252 74 0 3 0 0

1778475599.475689 0 node0.mimesys-workload.ldos-ut-pg0.wisc.cloudlab.us
block sda 496719 209076 40110328 286716 2624834 17764369 868765611 12868418 0 2204280 13416972
block sdb 479 0 7540 438 4 0 0 0 0 556 439
cpu 11 167571 0 51931 2801222 6810 0 5
cpu 10 193966 0 46797 2781191 8880 0 4
cpu 13 163043 0 47110 2810884 6489 0 4
cpu 12 165964 0 46139 2809676 6939 0 1
cpu 15 164890 0 44976 2811514 6469 0 3
cpu 14 158854 0 46258 2817154 6453 0 4
cpu 17 150194 0 45138 2826200 6652 0 1
cpu 16 160080 0 43672 2819458 5879 0 1
cpu 19 130902 0 31380 2860447 6199 0 1
cpu 18 177111 0 31764 2814575 5746 0 2
cpu 1 166971 0 35520 2812708 8149 0 731
cpu 0 197351 45 34754 2758565 9923 0 1151
cpu 3 185920 0 51718 2781571 7418 0 596
cpu 2 180578 0 47669 2789335 9220 0 190
cpu 5 186046 0 52239 2782492 7332 0 454
cpu 4 180234 1 52674 2786614 7815 0 112
cpu 7 170134 0 51354 2799687 6437 0 540
cpu 6 193243 0 51658 2775711 7707 0 326
cpu 9 161575 0 51236 2805468 7653 0 376
cpu 8 156880 0 57516 2805991 6027 0 336
mem 1 99033092 97123952 1909140 51348 1225504 168 0 1093032 71072 183960 4472 0 0 174752 0 0 0
mem 0 97636988 62053584 35583404 370596 34145180 180 0 34044040 1553624 475260 8596 0 0 462292 4096 0 0
net lo 0 0 2822855 0 0 0 0 0 0 0 0 0 23100 0 2822855 0 0 0 0 0 0 23100 0
net virbr0 0 731 9961101923 0 0 0 0 0 0 0 0 0 39719650 0 38380317968 0 0 0 0 0 0 23511180 0
net eno1 0 151284 40327495987 0 0 350 0 0 0 0 0 0 30180916 0 1206733147 0 0 0 0 0 0 5951482 0
net vnet35 0 0 273678 0 0 0 0 0 0 0 0 0 1492 0 264359 0 0 0 0 0 0 1239 0
numa 1 100729620 18781169 10118603 29535 100685361 18825411
numa 0 101763616 10118603 18781169 29710 101761987 10119838
ps - 487376515 210274 484 278 206 5 682
sysv_shm - 0 0
tmpfs /run/lock 0 6
tmpfs /run 2080768 1098
tmpfs /run/user/20029 0 20
tmpfs /run/qemu 0 1
tmpfs /dev/shm 37615427584 105370
vfs - 133583 2264 182936
vm - 2 20058900 434382805 252290 1617408 229935115 275780473 75479655 6522712 172287962 54107 0 0 0 0 0 1811072 0 311878 5997 0 1617252 74 0 3 0 0

1778475600.514866 0 node0.mimesys-workload.ldos-ut-pg0.wisc.cloudlab.us
block sda 496766 209166 40114920 286741 2624834 17764369 868765611 12868418 0 2204336 13416997
block sdb 479 0 7540 438 4 0 0 0 0 556 439
cpu 11 167573 0 51933 2801321 6810 0 5
cpu 10 193967 0 46801 2781289 8880 0 4
cpu 13 163044 0 47115 2810981 6489 0 4
cpu 12 165966 0 46142 2809776 6939 0 1
cpu 15 164892 0 44979 2811613 6469 0 3
cpu 14 158856 0 46261 2817254 6453 0 4
cpu 17 150199 0 45141 2826297 6652 0 1
cpu 16 160083 0 43674 2819556 5879 0 1
cpu 19 130904 0 31383 2860546 6199 0 1
cpu 18 177112 2 31769 2814670 5746 0 2
cpu 1 167051 0 35520 2812728 8149 0 731
cpu 0 197422 45 34756 2758593 9923 0 1151
cpu 3 185991 0 51720 2781601 7418 0 596
cpu 2 180646 0 47670 2789367 9220 0 190
cpu 5 186125 0 52240 2782513 7332 0 454
cpu 4 180310 1 52675 2786641 7815 0 112
cpu 7 170134 0 51357 2799787 6437 0 540
cpu 6 193244 0 51658 2775814 7707 0 326
cpu 9 161575 0 51238 2805570 7653 0 376
cpu 8 156882 0 57517 2806093 6027 0 336
mem 1 99033092 97120932 1912160 51432 1230884 1396 0 1095832 71320 186656 4116 0 0 174704 0 0 0
mem 0 97636988 62053084 35583904 370592 34145192 192 0 34044108 1554136 475184 8552 0 0 462284 4096 0 0
net lo 0 0 2824022 0 0 0 0 0 0 0 0 0 23108 0 2824022 0 0 0 0 0 0 23108 0
net virbr0 0 731 9961102035 0 0 0 0 0 0 0 0 0 39719652 0 38380318216 0 0 0 0 0 0 23511183 0
net eno1 0 151284 40327503638 0 0 350 0 0 0 0 0 0 30181029 0 1206735547 0 0 0 0 0 0 5951497 0
net vnet35 0 0 273818 0 0 0 0 0 0 0 0 0 1494 0 264659 0 0 0 0 0 0 1243 0
numa 1 100741734 18781169 10118603 29535 100697475 18825411
numa 0 101764782 10118603 18781169 29710 101763153 10119838
ps - 487385015 210383 484 278 206 7 688
sysv_shm - 0 0
tmpfs /run/lock 0 6
tmpfs /run 2088960 1102
tmpfs /run/user/20029 0 20
tmpfs /run/qemu 0 1
tmpfs /dev/shm 37615427584 105370
vfs - 133635 2224 183043
vm - 2 20061196 434382805 252290 1617408 229948410 275792004 75479767 6522712 172306853 54115 0 0 0 0 0 1811072 0 311878 5997 0 1617252 74 0 3 0 0

1778475601.550225 0 node0.mimesys-workload.ldos-ut-pg0.wisc.cloudlab.us
block sda 497171 209242 40134120 286888 2624852 17764767 868769003 12868435 0 2204516 13417163
block sdb 479 0 7540 438 4 0 0 0 0 556 439
cpu 11 167574 0 51938 2801418 6810 0 5
cpu 10 193967 2 46805 2781383 8882 0 4
cpu 13 163050 0 47118 2811076 6489 0 4
cpu 12 165974 0 46146 2809867 6939 0 1
cpu 15 164892 2 44982 2811710 6469 0 3
cpu 14 158858 0 46266 2817350 6453 0 4
cpu 17 150201 0 45145 2826394 6652 0 1
cpu 16 160084 0 43676 2819655 5879 0 1
cpu 19 130904 0 31386 2860645 6199 0 1
cpu 18 177116 5 31770 2814764 5747 0 2
cpu 1 167126 0 35523 2812749 8149 0 731
cpu 0 197492 45 34757 2758620 9923 0 1151
cpu 3 186068 0 51721 2781626 7418 0 596
cpu 2 180722 0 47671 2789392 9220 0 190
cpu 5 186205 0 52242 2782535 7332 0 454
cpu 4 180387 1 52677 2786662 7815 0 112
cpu 7 170140 0 51357 2799885 6437 0 540
cpu 6 193245 0 51660 2775907 7713 0 326
cpu 9 161576 0 51238 2805671 7653 0 376
cpu 8 156882 0 57517 2806194 6028 0 336
mem 1 99033092 97117964 1915128 53980 1229328 376 0 1099172 70808 184860 4152 0 0 174584 0 0 0
mem 0 97636988 62044516 35592472 371624 34151052 520 0 34051160 1552788 474956 8628 0 0 462536 4096 0 0
net lo 0 0 2824579 0 0 0 0 0 0 0 0 0 23112 0 2824579 0 0 0 0 0 0 23112 0
net virbr0 0 731 9961106445 0 0 0 0 0 0 0 0 0 39719675 0 38380322656 0 0 0 0 0 0 23511201 0
net eno1 0 151294 40327510607 0 0 350 0 0 0 0 0 0 30181132 0 1206738576 0 0 0 0 0 0 5951516 0
net vnet35 0 0 278550 0 0 0 0 0 0 0 0 0 1517 0 269099 0 0 0 0 0 0 1261 0
numa 1 100754712 18781169 10118603 29535 100710453 18825411
numa 0 101767816 10118603 18781169 29710 101766187 10119838
ps - 487394902 210510 484 278 206 6 687
sysv_shm - 0 0
tmpfs /run/lock 0 6
tmpfs /run 2080768 1098
tmpfs /run/user/20029 0 20
tmpfs /run/qemu 0 1
tmpfs /dev/shm 37615439872 105371
vfs - 133596 2304 183037
vm - 2 20070796 434384501 252290 1617408 229964407 275806319 75480314 6522712 172328894 54208 0 0 0 0 0 1811072 0 311878 5997 0 1617252 74 0 3 0 0

1778475602.590008 0 node0.mimesys-workload.ldos-ut-pg0.wisc.cloudlab.us
block sda 497171 209242 40134120 286888 2624856 17764767 868769083 12868435 0 2204520 13417164
block sdb 479 0 7540 438 4 0 0 0 0 556 439
cpu 11 167576 0 51941 2801518 6810 0 5
cpu 10 193968 2 46808 2781482 8882 0 4
cpu 13 163052 0 47124 2811173 6489 0 4
cpu 12 165975 0 46150 2809967 6939 0 1
cpu 15 164893 2 44984 2811810 6469 0 3
cpu 14 158858 0 46268 2817451 6453 0 4
cpu 17 150202 0 45146 2826496 6652 0 1
cpu 16 160086 0 43678 2819756 5879 0 1
cpu 19 130904 0 31387 2860747 6199 0 1
cpu 18 177120 5 31772 2814862 5747 0 2
cpu 1 167202 0 35525 2812773 8149 0 731
cpu 0 197566 45 34758 2758648 9923 0 1151
cpu 3 186144 0 51722 2781649 7418 0 596
cpu 2 180797 0 47672 2789416 9220 0 190
cpu 5 186276 0 52243 2782564 7332 0 454
cpu 4 180457 1 52677 2786693 7815 0 112
cpu 7 170145 0 51359 2799983 6437 0 540
cpu 6 193245 0 51661 2776010 7713 0 326
cpu 9 161578 0 51238 2805775 7653 0 376
cpu 8 156882 0 57517 2806298 6028 0 336
mem 1 99033092 97115448 1917644 53980 1230088 392 0 1099176 71968 185016 4008 0 0 174568 0 0 0
mem 0 97636988 62044016 35592972 371624 34151548 536 0 34051188 1552808 475472 8556 0 0 462484 4096 0 0
net lo 0 0 2825746 0 0 0 0 0 0 0 0 0 23120 0 2825746 0 0 0 0 0 0 23120 0
net virbr0 0 731 9961109187 0 0 0 0 0 0 0 0 0 39719689 0 38380326346 0 0 0 0 0 0 23511213 0
net eno1 0 151294 40327517106 0 0 350 0 0 0 0 0 0 30181230 0 1206739516 0 0 0 0 0 0 5951523 0
net vnet35 0 0 281488 0 0 0 0 0 0 0 0 0 1531 0 272841 0 0 0 0 0 0 1274 0
numa 1 100763779 18781169 10118603 29535 100719520 18825411
numa 0 101768573 10118603 18781169 29710 101766944 10119838
ps - 487402458 210589 484 278 206 8 687
sysv_shm - 0 0
tmpfs /run/lock 0 6
tmpfs /run 2080768 1098
tmpfs /run/user/20029 0 20
tmpfs /run/qemu 0 1
tmpfs /dev/shm 37615439872 105371
vfs - 133593 2304 182999
vm - 2 20070796 434384541 252290 1617408 229974232 275815787 75480318 6522712 172344134 54208 0 0 0 0 0 1811072 0 311878 5997 0 1617252 74 0 3 0 0

1778475603.631603 0 node0.mimesys-workload.ldos-ut-pg0.wisc.cloudlab.us
block sda 497171 209242 40134120 286888 2624983 17764767 868770363 12868464 0 2204528 13417193
block sdb 479 0 7540 438 4 0 0 0 0 556 439
cpu 11 167577 0 51943 2801618 6810 0 5
cpu 10 193972 2 46810 2781582 8882 0 4
cpu 13 163054 0 47128 2811270 6489 0 4
cpu 12 165975 0 46150 2810070 6939 0 1
cpu 15 164893 2 44986 2811911 6469 0 3
cpu 14 158859 0 46270 2817552 6453 0 4
cpu 17 150203 0 45148 2826597 6652 0 1
cpu 16 160087 0 43680 2819856 5879 0 1
cpu 19 130905 0 31390 2860846 6199 0 1
cpu 18 177121 5 31774 2814963 5747 0 2
cpu 1 167276 0 35526 2812798 8149 0 731
cpu 0 197626 45 34759 2758686 9923 0 1151
cpu 3 186216 0 51722 2781678 7418 0 596
cpu 2 180874 0 47673 2789439 9220 0 190
cpu 5 186352 0 52243 2782588 7332 0 454
cpu 4 180528 1 52678 2786721 7815 0 112
cpu 7 170146 0 51360 2800085 6437 0 540
cpu 6 193245 0 51661 2776114 7713 0 326
cpu 9 161578 0 51238 2805878 7653 0 376
cpu 8 156882 0 57518 2806401 6028 0 336
mem 1 99033092 97115140 1917952 53992 1228952 184 0 1099180 70864 183868 3488 0 0 174592 0 0 0
mem 0 97636988 62044268 35592720 371624 34151352 152 0 34051204 1552824 475268 8632 0 0 462484 4096 0 0
net lo 0 0 2826303 0 0 0 0 0 0 0 0 0 23124 0 2826303 0 0 0 0 0 0 23124 0
net virbr0 0 731 9961110967 0 0 0 0 0 0 0 0 0 39719700 0 38380327344 0 0 0 0 0 0 23511222 0
net eno1 0 151304 40327523277 0 0 350 0 0 0 0 0 0 30181320 0 1206742005 0 0 0 0 0 0 5951538 0
net vnet35 0 0 283422 0 0 0 0 0 0 0 0 0 1542 0 273839 0 0 0 0 0 0 1283 0
numa 1 100771530 18781169 10118603 29535 100727271 18825411
numa 0 101769120 10118603 18781169 29710 101767491 10119838
ps - 487410021 210663 484 278 206 4 687
sysv_shm - 0 0
tmpfs /run/lock 0 6
tmpfs /run 2080768 1098
tmpfs /run/user/20029 0 20
tmpfs /run/qemu 0 1
tmpfs /dev/shm 37615439872 105371
vfs - 133591 2304 182997
vm - 2 20070796 434385181 252290 1617408 229982528 275824446 75480323 6522712 172357003 54208 0 0 0 0 0 1811072 0 311878 5997 0 1617252 74 0 3 0 0

1778475604.672923 0 node0.mimesys-workload.ldos-ut-pg0.wisc.cloudlab.us
block sda 497171 209242 40134120 286888 2624983 17764767 868770363 12868464 0 2204528 13417193
block sdb 479 0 7540 438 4 0 0 0 0 556 439
cpu 11 167578 0 51945 2801720 6810 0 5
cpu 10 193975 2 46812 2781681 8882 0 4
cpu 13 163056 0 47132 2811369 6489 0 4
cpu 12 165976 0 46152 2810171 6939 0 1
cpu 15 164895 2 44989 2812010 6469 0 3
cpu 14 158860 0 46273 2817652 6453 0 4
cpu 17 150204 0 45150 2826698 6652 0 1
cpu 16 160091 0 43685 2819952 5879 0 1
cpu 19 130906 0 31393 2860945 6199 0 1
cpu 18 177122 5 31776 2815064 5747 0 2
cpu 1 167346 0 35528 2812827 8149 0 731
cpu 0 197698 45 34761 2758718 9923 0 1151
cpu 3 186288 0 51724 2781707 7418 0 596
cpu 2 180947 0 47674 2789466 9220 0 190
cpu 5 186419 0 52245 2782623 7332 0 454
cpu 4 180591 1 52680 2786756 7815 0 112
cpu 7 170147 0 51361 2800185 6437 0 540
cpu 6 193246 0 51661 2776217 7713 0 326
cpu 9 161581 0 51239 2805977 7653 0 376
cpu 8 156883 0 57518 2806505 6028 0 336
mem 1 99033092 97113172 1919920 53988 1230084 284 0 1099184 70840 184964 3860 0 0 174588 0 0 0
mem 0 97636988 62043512 35593476 371624 34151824 276 0 34051208 1552828 475756 8592 0 0 462484 4096 0 0
net lo 0 0 2827470 0 0 0 0 0 0 0 0 0 23132 0 2827470 0 0 0 0 0 0 23132 0
net virbr0 0 731 9961115489 0 0 0 0 0 0 0 0 0 39719725 0 38380332032 0 0 0 0 0 0 23511243 0
net eno1 0 151304 40327529482 0 0 350 0 0 0 0 0 0 30181412 0 1206744437 0 0 0 0 0 0 5951551 0
net vnet35 0 0 288228 0 0 0 0 0 0 0 0 0 1566 0 278513 0 0 0 0 0 0 1304 0
numa 1 100780664 18781169 10118603 29535 100736405 18825411
numa 0 101769979 10118603 18781169 29710 101768350 10119838
ps - 487417936 210744 494 283 208 8 686
sysv_shm - 0 0
tmpfs /run/lock 0 6
tmpfs /run 2080768 1098
tmpfs /run/user/20029 0 20
tmpfs /run/qemu 0 1
tmpfs /dev/shm 37615439872 105371
vfs - 133594 2344 183023
vm - 2 20070796 434385181 252290 1617408 229992531 275834463 75480327 6522712 172372623 54208 0 0 0 0 0 1811072 0 311878 5997 0 1617252 74 0 3 0 0

1778475605.712778 0 node0.mimesys-workload.ldos-ut-pg0.wisc.cloudlab.us
block sda 497171 209242 40134120 286888 2624985 17764768 868770387 12868465 0 2204532 13417193
block sdb 479 0 7540 438 4 0 0 0 0 556 439
cpu 11 167578 0 51947 2801821 6810 0 5
cpu 10 193977 2 46816 2781780 8882 0 4
cpu 13 163056 0 47134 2811472 6489 0 4
cpu 12 165976 0 46155 2810272 6939 0 1
cpu 15 164896 2 44992 2812110 6469 0 3
cpu 14 158861 0 46274 2817754 6453 0 4
cpu 17 150206 0 45153 2826797 6652 0 1
cpu 16 160092 0 43687 2820053 5879 0 1
cpu 19 130906 0 31395 2861045 6199 0 1
cpu 18 177123 5 31778 2815164 5747 0 2
cpu 1 167424 0 35529 2812847 8149 0 732
cpu 0 197764 45 34761 2758750 9923 0 1151
cpu 3 186366 0 51725 2781730 7418 0 596
cpu 2 181012 0 47676 2789499 9220 0 190
cpu 5 186496 0 52246 2782645 7332 0 454
cpu 4 180660 1 52682 2786789 7815 0 112
cpu 7 170148 0 51362 2800288 6437 0 540
cpu 6 193246 0 51661 2776320 7713 0 326
cpu 9 161582 0 51239 2806080 7653 0 376
cpu 8 156884 0 57518 2806607 6028 0 336
mem 1 99033092 97113424 1919668 53988 1229024 308 0 1099184 71036 183948 3928 0 0 174524 0 0 0
mem 0 97636988 62043260 35593728 371624 34151912 288 0 34051208 1553272 475776 8592 0 0 462484 4096 0 0
net lo 0 0 2828637 0 0 0 0 0 0 0 0 0 23140 0 2828637 0 0 0 0 0 0 23140 0
net virbr0 0 731 9961115489 0 0 0 0 0 0 0 0 0 39719725 0 38380332032 0 0 0 0 0 0 23511243 0
net eno1 0 151315 40327535603 0 0 350 0 0 0 0 0 0 30181503 0 1206745039 0 0 0 0 0 0 5951557 0
net vnet35 0 0 288294 0 0 0 0 0 0 0 0 0 1567 0 278579 0 0 0 0 0 0 1305 0
numa 1 100788900 18781169 10118603 29535 100744641 18825411
numa 0 101770653 10118603 18781169 29710 101769024 10119838
ps - 487425821 210822 494 283 208 7 690
sysv_shm - 0 0
tmpfs /run/lock 0 6
tmpfs /run 2080768 1098
tmpfs /run/user/20029 0 20
tmpfs /run/qemu 0 1
tmpfs /dev/shm 37615439872 105371
vfs - 133599 2384 183010
vm - 2 20070796 434385193 252290 1617408 230001457 275842715 75480330 6522712 172386538 54208 0 0 0 0 0 1811072 0 311878 5997 0 1617252 74 0 3 0 0

1778475606.754513 0 node0.mimesys-workload.ldos-ut-pg0.wisc.cloudlab.us
block sda 497171 209242 40134120 286888 2624991 17764811 868770779 12868466 0 2204536 13417194
block sdb 479 0 7540 438 4 0 0 0 0 556 439
cpu 11 167580 0 51949 2801920 6810 0 5
cpu 10 193978 2 46817 2781882 8882 0 4
cpu 13 163059 0 47136 2811571 6489 0 4
cpu 12 165976 0 46156 2810374 6939 0 1
cpu 15 164900 2 44994 2812208 6469 0 3
cpu 14 158862 0 46276 2817855 6453 0 4
cpu 17 150209 0 45156 2826894 6652 0 1
cpu 16 160093 0 43690 2820152 5879 0 1
cpu 19 130908 0 31399 2861146 6199 0 1
cpu 18 177124 5 31781 2815265 5747 0 2
cpu 1 167500 0 35530 2812872 8149 0 732
cpu 0 197834 45 34762 2758776 9923 0 1151
cpu 3 186444 0 51728 2781752 7418 0 596
cpu 2 181098 0 47678 2789514 9220 0 190
cpu 5 186572 0 52248 2782669 7332 0 454
cpu 4 180731 1 52684 2786817 7815 0 112
cpu 7 170148 0 51364 2800390 6437 0 540
cpu 6 193246 0 51661 2776423 7713 0 326
cpu 9 161582 0 51239 2806184 7653 0 376
cpu 8 156887 0 57519 2806706 6028 0 336
mem 1 99033092 97126468 1906624 53996 1228748 308 0 1099188 70072 183656 3852 0 0 174524 0 0 0
mem 0 97636988 62042508 35594480 371640 34151596 332 0 34051352 1552960 475476 8632 0 0 462484 4096 0 0
net lo 0 0 2829194 0 0 0 0 0 0 0 0 0 23144 0 2829194 0 0 0 0 0 0 23144 0
net virbr0 0 731 9961120167 0 0 0 0 0 0 0 0 0 39719753 0 38380336720 0 0 0 0 0 0 23511264 0
net eno1 0 151315 40327541810 0 0 350 0 0 0 0 0 0 30181599 0 1206746444 0 0 0 0 0 0 5951564 0
net vnet35 0 0 293364 0 0 0 0 0 0 0 0 0 1595 0 283319 0 0 0 0 0 0 1327 0
numa 1 100797257 18781169 10118603 29535 100752998 18825411
numa 0 101771348 10118603 18781169 29710 101769719 10119838
ps - 487433872 210897 494 283 208 4 686
sysv_shm - 0 0
tmpfs /run/lock 0 6
tmpfs /run 2080768 1098
tmpfs /run/user/20029 0 20
tmpfs /run/qemu 0 1
tmpfs /dev/shm 37615439872 105371
vfs - 133590 2304 182991
vm - 2 20070796 434385389 252290 1617408 230010483 275852381 75480337 6522712 172400634 54208 0 0 0 0 0 1811072 0 311878 5997 0 1617252 74 0 3 0 0

1778475607.795241 0 node0.mimesys-workload.ldos-ut-pg0.wisc.cloudlab.us
block sda 497171 209242 40134120 286888 2624995 17764811 868770867 12868466 0 2204540 13417195
block sdb 479 0 7540 438 4 0 0 0 0 556 439
cpu 11 167580 0 51951 2802020 6810 0 5
cpu 10 193980 2 46819 2781981 8882 0 4
cpu 13 163060 0 47139 2811668 6489 0 4
cpu 12 165978 0 46157 2810475 6939 0 1
cpu 15 164901 2 44997 2812308 6469 0 3
cpu 14 158866 0 46280 2817952 6453 0 4
cpu 17 150213 0 45159 2826992 6652 0 1
cpu 16 160096 0 43691 2820251 5879 0 1
cpu 19 130908 0 31402 2861245 6199 0 1
cpu 18 177125 5 31783 2815364 5747 0 2
cpu 1 167570 0 35531 2812898 8149 0 732
cpu 0 197904 45 34763 2758805 9923 0 1151
cpu 3 186518 0 51729 2781778 7418 0 596
cpu 2 181176 0 47678 2789537 9220 0 190
cpu 5 186653 0 52248 2782688 7332 0 454
cpu 4 180799 1 52686 2786850 7815 0 112
cpu 7 170153 0 51366 2800486 6437 0 540
cpu 6 193246 0 51662 2776526 7713 0 326
cpu 9 161582 0 51239 2806287 7653 0 376
cpu 8 156889 0 57519 2806808 6028 0 336
mem 1 99033092 97122452 1910640 54000 1230180 320 0 1099188 70768 185168 3932 0 0 174556 0 0 0
mem 0 97636988 62043012 35593976 371636 34151532 356 0 34051352 1552960 475356 8580 0 0 462508 4096 0 0
net lo 0 0 2830361 0 0 0 0 0 0 0 0 0 23152 0 2830361 0 0 0 0 0 0 23152 0
net virbr0 0 731 9961123065 0 0 0 0 0 0 0 0 0 39719770 0 38380340410 0 0 0 0 0 0 23511276 0
net eno1 0 151327 40327549033 0 0 350 0 0 0 0 0 0 30181695 0 1206762239 0 0 0 0 0 0 5951583 0
net vnet35 0 0 296500 0 0 0 0 0 0 0 0 0 1612 0 287009 0 0 0 0 0 0 1339 0
numa 1 100806356 18781169 10118603 29535 100762097 18825411
numa 0 101772192 10118603 18781169 29710 101770563 10119838
ps - 487443294 210977 494 283 208 7 683
sysv_shm - 0 0
tmpfs /run/lock 0 6
tmpfs /run 2080768 1098
tmpfs /run/user/20029 0 20
tmpfs /run/qemu 0 1
tmpfs /dev/shm 37615439872 105371
vfs - 133597 2384 183015
vm - 2 20070796 434385433 252290 1617408 230020428 275861927 75480337 6522712 172416010 54208 0 0 0 0 0 1811072 0 311878 5997 0 1617252 74 0 3 0 0

1778475608.835982 0 node0.mimesys-workload.ldos-ut-pg0.wisc.cloudlab.us
block sda 497172 209242 40134128 286888 2625077 17764811 868771595 12868481 0 2204552 13417210
block sdb 479 0 7540 438 4 0 0 0 0 556 439
cpu 11 167581 0 51952 2802121 6810 0 5
cpu 10 193981 2 46822 2782081 8882 0 4
cpu 13 163062 0 47142 2811769 6489 0 4
cpu 12 165982 0 46160 2810573 6939 0 1
cpu 15 164902 2 44999 2812407 6469 0 3
cpu 14 158868 0 46282 2818052 6453 0 4
cpu 17 150213 0 45161 2827094 6652 0 1
cpu 16 160097 0 43693 2820352 5879 0 1
cpu 19 130911 0 31405 2861343 6199 0 1
cpu 18 177126 5 31784 2815465 5747 0 2
cpu 1 167656 0 35532 2812912 8149 0 732
cpu 0 197988 45 34765 2758821 9923 0 1151
cpu 3 186605 0 51730 2781792 7418 0 596
cpu 2 181257 0 47681 2789559 9220 0 190
cpu 5 186749 0 52248 2782695 7332 0 454
cpu 4 180872 1 52687 2786877 7815 0 112
cpu 7 170154 0 51366 2800588 6437 0 540
cpu 6 193247 0 51662 2776630 7713 0 326
cpu 9 161582 0 51239 2806390 7653 0 376
cpu 8 156892 0 57519 2806908 6028 0 336
mem 1 99033092 97121196 1911896 54004 1228976 188 0 1099192 70124 183884 3904 0 0 174556 0 0 0
mem 0 97636988 62043012 35593976 371640 34151544 156 0 34051388 1552996 475272 8560 0 0 462540 4096 0 0
net lo 0 0 2830918 0 0 0 0 0 0 0 0 0 23156 0 2830918 0 0 0 0 0 0 23156 0
net virbr0 0 731 9961124845 0 0 0 0 0 0 0 0 0 39719781 0 38380341408 0 0 0 0 0 0 23511285 0
net eno1 0 151327 40327554550 0 0 350 0 0 0 0 0 0 30181779 0 1206762650 0 0 0 0 0 0 5951587 0
net vnet35 0 0 298434 0 0 0 0 0 0 0 0 0 1623 0 288059 0 0 0 0 0 0 1349 0
numa 1 100814513 18781169 10118603 29535 100770254 18825411
numa 0 101772834 10118603 18781169 29710 101771205 10119838
ps - 487449936 211055 494 283 208 6 683
sysv_shm - 0 0
tmpfs /run/lock 0 6
tmpfs /run 2080768 1098
tmpfs /run/user/20029 0 20
tmpfs /run/qemu 0 1
tmpfs /dev/shm 37615439872 105371
vfs - 133589 2344 182976
vm - 2 20070800 434385797 252290 1617408 230029225 275871097 75480341 6522712 172429584 54209 0 0 0 0 0 1811072 0 311878 5997 0 1617252 74 0 3 0 0

1778475609.878800 0 node0.mimesys-workload.ldos-ut-pg0.wisc.cloudlab.us
block sda 497172 209242 40134128 286888 2625077 17764811 868771595 12868481 0 2204552 13417210
block sdb 479 0 7540 438 4 0 0 0 0 556 439
cpu 11 167582 0 51954 2802222 6810 0 5
cpu 10 193983 2 46823 2782182 8882 0 4
cpu 13 163064 0 47146 2811866 6489 0 4
cpu 12 165982 0 46163 2810673 6939 0 1
cpu 15 164903 2 45000 2812508 6469 0 3
cpu 14 158869 0 46284 2818153 6453 0 4
cpu 17 150214 0 45162 2827195 6652 0 1
cpu 16 160104 0 43696 2820447 5879 0 1
cpu 19 130912 0 31409 2861443 6199 0 1
cpu 18 177126 5 31788 2815565 5747 0 2
cpu 1 167738 0 35534 2812932 8149 0 732
cpu 0 198082 45 34766 2758830 9923 0 1151
cpu 3 186690 0 51731 2781808 7418 0 596
cpu 2 181330 0 47681 2789588 9220 0 190
cpu 5 186830 0 52249 2782714 7332 0 454
cpu 4 180954 1 52690 2786892 7815 0 112
cpu 7 170155 0 51370 2800688 6437 0 540
cpu 6 193248 0 51662 2776733 7713 0 326
cpu 9 161587 0 51239 2806489 7653 0 376
cpu 8 156892 0 57519 2807011 6028 0 336
mem 1 99033092 97134992 1898100 54004 1228992 288 0 1099200 70332 183872 3972 0 0 174544 0 0 0
mem 0 97636988 62042008 35594980 371640 34151844 284 0 34051408 1553016 475620 8544 0 0 462544 4096 0 0
net lo 0 0 2832085 0 0 0 0 0 0 0 0 0 23164 0 2832085 0 0 0 0 0 0 23164 0
net virbr0 0 731 9961129523 0 0 0 0 0 0 0 0 0 39719809 0 38380346096 0 0 0 0 0 0 23511306 0
net eno1 0 151334 40327560407 0 0 350 0 0 0 0 0 0 30181867 0 1206764062 0 0 0 0 0 0 5951594 0
net vnet35 0 0 303504 0 0 0 0 0 0 0 0 0 1651 0 292747 0 0 0 0 0 0 1370 0
numa 1 100823647 18781169 10118603 29535 100779388 18825411
numa 0 101773642 10118603 18781169 29710 101772013 10119838
ps - 487456956 211135 518 292 211 7 683
sysv_shm - 0 0
tmpfs /run/lock 0 6
tmpfs /run 2080768 1098
tmpfs /run/user/20029 0 20
tmpfs /run/qemu 0 1
tmpfs /dev/shm 37615439872 105371
vfs - 133590 2384 182978
vm - 2 20070800 434385797 252290 1617408 230039168 275881030 75480342 6522712 172444977 54209 0 0 0 0 0 1811072 0 311878 5997 0 1617252 74 0 3 0 0

1778475610.917921 0 node0.mimesys-workload.ldos-ut-pg0.wisc.cloudlab.us
block sda 497172 209242 40134128 286888 2625077 17764811 868771595 12868481 0 2204552 13417210
block sdb 479 0 7540 438 4 0 0 0 0 556 439
cpu 11 167584 0 51957 2802320 6810 0 5
cpu 10 193984 2 46826 2782282 8882 0 4
cpu 13 163067 0 47150 2811963 6489 0 4
cpu 12 165984 0 46166 2810773 6939 0 1
cpu 15 164905 2 45002 2812609 6469 0 3
cpu 14 158871 0 46285 2818254 6453 0 4
cpu 17 150215 0 45162 2827296 6652 0 1
cpu 16 160105 0 43699 2820546 5879 0 1
cpu 19 130912 0 31410 2861544 6199 0 1
cpu 18 177127 5 31790 2815665 5747 0 2
cpu 1 167808 0 35535 2812962 8149 0 732
cpu 0 198158 45 34767 2758853 9923 0 1151
cpu 3 186761 0 51731 2781836 7418 0 596
cpu 2 181404 0 47682 2789615 9220 0 190
cpu 5 186899 0 52251 2782743 7332 0 454
cpu 4 181028 1 52692 2786918 7815 0 112
cpu 7 170156 0 51372 2800788 6437 0 540
cpu 6 193248 0 51662 2776836 7713 0 326
cpu 9 161588 0 51239 2806592 7653 0 376
cpu 8 156893 0 57519 2807114 6028 0 336
mem 1 99033092 97134492 1898600 54012 1231020 316 0 1099204 70516 185904 3968 0 0 174584 0 0 0
mem 0 97636988 62042764 35594224 371640 34151472 292 0 34051440 1553048 475196 8576 0 0 462512 4096 0 0
net lo 0 0 2833252 0 0 0 0 0 0 0 0 0 23172 0 2833252 0 0 0 0 0 0 23172 0
net virbr0 0 731 9961129635 0 0 0 0 0 0 0 0 0 39719811 0 38380346344 0 0 0 0 0 0 23511309 0
net eno1 0 151334 40327566990 0 0 350 0 0 0 0 0 0 30181967 0 1206765576 0 0 0 0 0 0 5951602 0
net vnet35 0 0 303644 0 0 0 0 0 0 0 0 0 1653 0 293047 0 0 0 0 0 0 1374 0
numa 1 100832746 18781169 10118603 29535 100788487 18825411
numa 0 101774294 10118603 18781169 29710 101772665 10119838
ps - 487464698 211214 518 292 211 6 682
sysv_shm - 0 0
tmpfs /run/lock 0 6
tmpfs /run 2080768 1098
tmpfs /run/user/20029 0 20
tmpfs /run/qemu 0 1
tmpfs /dev/shm 37615439872 105371
vfs - 133595 2424 183006
vm - 2 20070800 434385797 252290 1617408 230048919 275890461 75480347 6522712 172460176 54209 0 0 0 0 0 1811072 0 311878 5997 0 1617252 74 0 3 0 0

1778475611.954501 0 node0.mimesys-workload.ldos-ut-pg0.wisc.cloudlab.us
block sda 497172 209242 40134128 286888 2625083 17764824 868771747 12868481 0 2204556 13417211
block sdb 479 0 7540 438 4 0 0 0 0 556 439
cpu 11 167585 0 51960 2802420 6810 0 5
cpu 10 193985 2 46830 2782383 8882 0 4
cpu 13 163068 0 47152 2812063 6489 0 4
cpu 12 165986 0 46168 2810872 6939 0 1
cpu 15 164907 2 45003 2812710 6469 0 3
cpu 14 158872 0 46287 2818355 6453 0 4
cpu 17 150216 0 45164 2827397 6652 0 1
cpu 16 160107 0 43700 2820645 5879 0 1
cpu 19 130912 0 31414 2861645 6199 0 1
cpu 18 177128 5 31791 2815766 5747 0 2
cpu 1 167889 0 35536 2812982 8149 0 732
cpu 0 198243 45 34769 2758872 9923 0 1151
cpu 3 186837 0 51732 2781859 7418 0 596
cpu 2 181477 0 47684 2789641 9220 0 190
cpu 5 186980 0 52252 2782765 7332 0 454
cpu 4 181104 1 52692 2786945 7815 0 112
cpu 7 170157 0 51374 2800890 6437 0 540
cpu 6 193248 0 51662 2776938 7713 0 326
cpu 9 161588 0 51240 2806695 7653 0 376
cpu 8 156898 0 57519 2807212 6028 0 336
mem 1 99033092 97134240 1898852 54012 1228908 316 0 1099204 70072 183852 3884 0 0 174584 0 0 0
mem 0 97636988 62042008 35594980 371648 34152544 1196 0 34052356 1553068 475300 8592 0 0 462512 4096 0 0
net lo 0 0 2833809 0 0 0 0 0 0 0 0 0 23176 0 2833809 0 0 0 0 0 0 23176 0
net virbr0 0 731 9961134201 0 0 0 0 0 0 0 0 0 39719837 0 38380350784 0 0 0 0 0 0 23511327 0
net eno1 0 151343 40327572747 0 0 350 0 0 0 0 0 0 30182055 0 1206765987 0 0 0 0 0 0 5951606 0
net vnet35 0 0 308574 0 0 0 0 0 0 0 0 0 1679 0 297487 0 0 0 0 0 0 1392 0
numa 1 100840467 18781169 10118603 29535 100796208 18825411
numa 0 101775320 10118603 18781169 29710 101773691 10119838
ps - 487471321 211288 518 292 211 9 682
sysv_shm - 0 0
tmpfs /run/lock 0 6
tmpfs /run 2080768 1098
tmpfs /run/user/20029 0 20
tmpfs /run/qemu 0 1
tmpfs /dev/shm 37615439872 105371
vfs - 133589 2464 182972
vm - 2 20070800 434385873 252290 1617408 230057707 275899072 75480348 6522712 172472940 54209 0 0 0 0 0 1811072 0 311878 5997 0 1617252 74 0 3 0 0

1778475612.992956 0 node0.mimesys-workload.ldos-ut-pg0.wisc.cloudlab.us
block sda 497172 209242 40134128 286888 2625087 17764824 868771827 12868482 0 2204564 13417211
block sdb 479 0 7540 438 4 0 0 0 0 556 439
cpu 11 167586 0 51962 2802519 6810 0 5
cpu 10 193990 2 46834 2782478 8882 0 4
cpu 13 163072 0 47155 2812161 6489 0 4
cpu 12 165987 0 46170 2810973 6939 0 1
cpu 15 164909 2 45007 2812806 6469 0 3
cpu 14 158872 0 46288 2818456 6453 0 4
cpu 17 150218 0 45165 2827496 6652 0 1
cpu 16 160109 0 43703 2820744 5879 0 1
cpu 19 130913 0 31415 2861747 6199 0 1
cpu 18 177131 5 31794 2815864 5747 0 2
cpu 1 167958 0 35537 2813014 8149 0 732
cpu 0 198310 45 34769 2758905 9923 0 1151
cpu 3 186897 0 51733 2781898 7418 0 596
cpu 2 181546 0 47685 2789673 9220 0 190
cpu 5 187041 0 52253 2782804 7332 0 454
cpu 4 181171 1 52694 2786976 7815 0 112
cpu 7 170158 0 51374 2800993 6437 0 540
cpu 6 193251 0 51664 2777037 7713 0 326
cpu 9 161592 0 51244 2806791 7653 0 376
cpu 8 156904 0 57520 2807310 6028 0 336
mem 1 99033092 97132732 1900360 54016 1231204 344 0 1099208 71100 186084 3960 0 0 174576 0 0 0
mem 0 97636988 62034448 35602540 371648 34159324 8520 0 34059660 1553156 474732 8552 0 0 462512 4096 0 0
net lo 0 0 2835384 0 0 0 0 0 0 0 0 0 23188 0 2835384 0 0 0 0 0 0 23188 0
net virbr0 0 731 9961136943 0 0 0 0 0 0 0 0 0 39719851 0 38380354474 0 0 0 0 0 0 23511339 0
net eno1 0 151343 40327585540 0 0 351 0 0 0 0 0 0 30182179 0 1206772611 0 0 0 0 0 0 5951626 0
net vnet35 0 0 311512 0 0 0 0 0 0 0 0 0 1693 0 301229 0 0 0 0 0 0 1405 0
numa 1 100849814 18781169 10118603 29535 100805555 18825411
numa 0 101777410 10118603 18781169 29710 101775781 10119838
ps - 487481518 211367 518 292 211 3 682
sysv_shm - 0 0
tmpfs /run/lock 0 6
tmpfs /run 2080768 1098
tmpfs /run/user/20029 0 20
tmpfs /run/qemu 0 1
tmpfs /dev/shm 37615439872 105371
vfs - 133592 2464 182975
vm - 2 20070800 434385913 252290 1617408 230069103 275908545 75480352 6522712 172488235 54209 0 0 0 0 0 1811072 0 311878 5997 0 1617252 74 0 3 0 0

1778475614.032707 0 node0.mimesys-workload.ldos-ut-pg0.wisc.cloudlab.us
block sda 497172 209242 40134128 286888 2625177 17764824 868788907 12868583 0 2204592 13417313
block sdb 479 0 7540 438 4 0 0 0 0 556 439
cpu 11 167588 0 51963 2802620 6810 0 5
cpu 10 193991 2 46836 2782578 8882 0 4
cpu 13 163075 0 47158 2812259 6489 0 4
cpu 12 165989 0 46171 2811074 6939 0 1
cpu 15 164910 2 45010 2812906 6469 0 3
cpu 14 158873 0 46289 2818558 6453 0 4
cpu 17 150219 0 45166 2827597 6652 0 1
cpu 16 160110 0 43706 2820845 5879 0 1
cpu 19 130914 0 31418 2861848 6199 0 1
cpu 18 177132 5 31796 2815963 5747 0 2
cpu 1 168024 0 35537 2813051 8149 0 733
cpu 0 198375 45 34770 2758940 9923 0 1151
cpu 3 186960 0 51734 2781935 7418 0 596
cpu 2 181610 0 47685 2789709 9220 0 190
cpu 5 187106 0 52253 2782839 7332 0 454
cpu 4 181234 1 52695 2787013 7815 0 112
cpu 7 170159 0 51375 2801094 6437 0 540
cpu 6 193251 0 51664 2777140 7713 0 326
cpu 9 161595 0 51244 2806892 7653 0 376
cpu 8 156905 0 57520 2807411 6030 0 336
mem 1 99033092 97129968 1903124 54016 1228884 192 0 1099208 70120 183776 3896 0 0 174568 0 0 0
mem 0 97636988 62033944 35603044 371648 34159792 156 0 34059724 1553220 475192 8584 0 0 462504 4096 0 0
net lo 0 0 2835941 0 0 0 0 0 0 0 0 0 23192 0 2835941 0 0 0 0 0 0 23192 0
net virbr0 0 731 9961138723 0 0 0 0 0 0 0 0 0 39719862 0 38380355472 0 0 0 0 0 0 23511348 0
net eno1 0 151353 40327591549 0 0 351 0 0 0 0 0 0 30182271 0 1206773974 0 0 0 0 0 0 5951632 0
net vnet35 0 0 313446 0 0 0 0 0 0 0 0 0 1704 0 302227 0 0 0 0 0 0 1414 0
numa 1 100857615 18781169 10118603 29535 100813356 18825411
numa 0 101777863 10118603 18781169 29710 101776234 10119838
ps - 487489122 211441 518 292 211 5 682
sysv_shm - 0 0
tmpfs /run/lock 0 6
tmpfs /run 2080768 1098
tmpfs /run/user/20029 0 20
tmpfs /run/qemu 0 1
tmpfs /dev/shm 37615439872 105371
vfs - 133595 2424 183013
vm - 2 20070800 434394453 252290 1617408 230077356 275917165 75480356 6522712 172501054 54209 0 0 0 0 0 1811072 0 311878 5997 0 1617252 74 0 3 0 0

1778475615.074014 0 node0.mimesys-workload.ldos-ut-pg0.wisc.cloudlab.us
block sda 497172 209242 40134128 286888 2625177 17764824 868788907 12868583 0 2204592 13417313
block sdb 479 0 7540 438 4 0 0 0 0 556 439
cpu 11 167589 0 51964 2802722 6810 0 5
cpu 10 193992 2 46838 2782679 8882 0 4
cpu 13 163076 0 47160 2812360 6489 0 4
cpu 12 165989 0 46175 2811175 6939 0 1
cpu 15 164913 2 45016 2813001 6469 0 3
cpu 14 158874 0 46292 2818657 6453 0 4
cpu 17 150222 0 45168 2827696 6652 0 1
cpu 16 160110 0 43708 2820945 5879 0 1
cpu 19 130916 0 31419 2861948 6199 0 1
cpu 18 177133 5 31798 2816064 5747 0 2
cpu 1 168104 0 35539 2813074 8149 0 733
cpu 0 198446 45 34771 2758966 9923 0 1151
cpu 3 187040 0 51735 2781956 7418 0 596
cpu 2 181690 0 47686 2789731 9220 0 190
cpu 5 187183 0 52253 2782862 7332 0 454
cpu 4 181303 1 52696 2787044 7815 0 112
cpu 7 170164 0 51376 2801190 6437 0 540
cpu 6 193251 0 51664 2777243 7713 0 326
cpu 9 161596 0 51244 2806995 7653 0 376
cpu 8 156905 0 57520 2807515 6030 0 336
mem 1 99033092 97127476 1905616 54020 1228908 296 0 1099212 70120 183816 3932 0 0 174568 0 0 0
mem 0 97636988 62033944 35603044 371648 34159880 272 0 34059864 1553424 475084 8512 0 0 462504 4096 0 0
net lo 0 0 2837108 0 0 0 0 0 0 0 0 0 23200 0 2837108 0 0 0 0 0 0 23200 0
net virbr0 0 731 9961143245 0 0 0 0 0 0 0 0 0 39719887 0 38380360160 0 0 0 0 0 0 23511369 0
net eno1 0 151353 40327598540 0 0 351 0 0 0 0 0 0 30182378 0 1206774486 0 0 0 0 0 0 5951637 0
net vnet35 0 0 318318 0 0 0 0 0 0 0 0 0 1729 0 306967 0 0 0 0 0 0 1436 0
numa 1 100866695 18781169 10118603 29535 100822436 18825411
numa 0 101778786 10118603 18781169 29710 101777157 10119838
ps - 487496838 211521 525 297 213 6 682
sysv_shm - 0 0
tmpfs /run/lock 0 6
tmpfs /run 2080768 1098
tmpfs /run/user/20029 0 20
tmpfs /run/qemu 0 1
tmpfs /dev/shm 37615439872 105371
vfs - 133590 2384 182973
vm - 2 20070800 434394453 252290 1617408 230087359 275927085 75480360 6522712 172516558 54209 0 0 0 0 0 1811072 0 311878 5997 0 1617252 74 0 3 0 0

1778475616.115653 0 node0.mimesys-workload.ldos-ut-pg0.wisc.cloudlab.us
block sda 497172 209242 40134128 286888 2625179 17764824 868788955 12868584 0 2204596 13417313
block sdb 479 0 7540 438 4 0 0 0 0 556 439
cpu 11 167590 0 51965 2802824 6810 0 5
cpu 10 193995 2 46841 2782776 8882 0 4
cpu 13 163080 0 47166 2812454 6489 0 4
cpu 12 165990 0 46177 2811276 6939 0 1
cpu 15 164914 2 45018 2813103 6469 0 3
cpu 14 158875 0 46294 2818757 6453 0 4
cpu 17 150223 0 45170 2827798 6652 0 1
cpu 16 160113 0 43712 2821043 5879 0 1
cpu 19 130918 0 31422 2862047 6199 0 1
cpu 18 177134 5 31800 2816165 5747 0 2
cpu 1 168174 0 35542 2813106 8149 0 733
cpu 0 198518 45 34772 2758993 9923 0 1151
cpu 3 187118 0 51735 2781979 7418 0 596
cpu 2 181763 0 47688 2789759 9220 0 190
cpu 5 187256 0 52254 2782889 7332 0 454
cpu 4 181390 1 52698 2787061 7815 0 112
cpu 7 170165 0 51378 2801292 6437 0 540
cpu 6 193251 0 51664 2777347 7713 0 326
cpu 9 161597 0 51244 2807098 7653 0 376
cpu 8 156908 0 57520 2807615 6030 0 336
mem 1 99033092 97126000 1907092 54020 1230160 292 0 1099212 70916 185068 3924 0 0 174584 0 0 0
mem 0 97636988 62034196 35602792 371648 34160304 292 0 34060040 1553600 475416 8600 0 0 462480 4096 0 0
net lo 0 0 2838275 0 0 0 0 0 0 0 0 0 23208 0 2838275 0 0 0 0 0 0 23208 0
net virbr0 0 731 9961146143 0 0 0 0 0 0 0 0 0 39719904 0 38380363850 0 0 0 0 0 0 23511381 0
net eno1 0 151366 40327604909 0 0 351 0 0 0 0 0 0 30182470 0 1206775952 0 0 0 0 0 0 5951645 0
net vnet35 0 0 321454 0 0 0 0 0 0 0 0 0 1746 0 310657 0 0 0 0 0 0 1448 0
numa 1 100876093 18781169 10118603 29535 100831834 18825411
numa 0 101779181 10118603 18781169 29710 101777552 10119838
ps - 487505235 211600 525 297 213 5 682
sysv_shm - 0 0
tmpfs /run/lock 0 6
tmpfs /run 2080768 1098
tmpfs /run/user/20029 0 20
tmpfs /run/qemu 0 1
tmpfs /dev/shm 37615439872 105371
vfs - 133592 2424 182975
vm - 2 20070800 434394477 252290 1617408 230097152 275936495 75480360 6522712 172531762 54209 0 0 0 0 0 1811072 0 311878 5997 0 1617252 74 0 3 0 0

1778475617.155817 0 node0.mimesys-workload.ldos-ut-pg0.wisc.cloudlab.us
block sda 497172 209242 40134128 286888 2625185 17764840 868789131 12868585 0 2204600 13417314
block sdb 479 0 7540 438 4 0 0 0 0 556 439
cpu 11 167591 0 51967 2802924 6810 0 5
cpu 10 193996 2 46844 2782877 8882 0 4
cpu 13 163082 0 47168 2812552 6489 0 4
cpu 12 165990 0 46178 2811378 6939 0 1
cpu 15 164914 2 45019 2813204 6469 0 3
cpu 14 158878 0 46297 2818856 6453 0 4
cpu 17 150223 0 45173 2827898 6652 0 1
cpu 16 160115 0 43716 2821143 5879 0 1
cpu 19 130919 0 31422 2862149 6199 0 1
cpu 18 177135 5 31802 2816265 5747 0 2
cpu 1 168251 0 35543 2813129 8149 0 733
cpu 0 198603 45 34773 2759013 9923 0 1151
cpu 3 187186 0 51736 2782010 7418 0 596
cpu 2 181848 0 47689 2789779 9220 0 190
cpu 5 187324 0 52257 2782918 7332 0 454
cpu 4 181475 1 52699 2787079 7815 0 112
cpu 7 170166 0 51378 2801394 6437 0 540
cpu 6 193252 0 51664 2777450 7713 0 326
cpu 9 161598 0 51244 2807201 7653 0 376
cpu 8 156908 0 57520 2807718 6030 0 336
mem 1 99033092 97125752 1907340 54024 1228896 296 0 1099216 70120 183804 3912 0 0 174576 0 0 0
mem 0 97636988 62034196 35602792 371656 34160252 300 0 34060160 1553712 475280 8600 0 0 462480 4096 0 0
net lo 0 0 2838832 0 0 0 0 0 0 0 0 0 23212 0 2838832 0 0 0 0 0 0 23212 0
net virbr0 0 731 9961147923 0 0 0 0 0 0 0 0 0 39719915 0 38380364848 0 0 0 0 0 0 23511390 0
net eno1 0 151366 40327611350 0 0 351 0 0 0 0 0 0 30182569 0 1206777569 0 0 0 0 0 0 5951652 0
net vnet35 0 0 323388 0 0 0 0 0 0 0 0 0 1757 0 311707 0 0 0 0 0 0 1458 0
numa 1 100883913 18781169 10118603 29535 100839654 18825411
numa 0 101779634 10118603 18781169 29710 101778005 10119838
ps - 487512670 211674 525 297 213 7 682
sysv_shm - 0 0
tmpfs /run/lock 0 6
tmpfs /run 2080768 1098
tmpfs /run/user/20029 0 20
tmpfs /run/qemu 0 1
tmpfs /dev/shm 37615439872 105371
vfs - 133595 2384 183013
vm - 2 20070800 434394565 252290 1617408 230105425 275945104 75480363 6522712 172544539 54209 0 0 0 0 0 1811072 0 311878 5997 0 1617252 74 0 3 0 0

1778475618.197189 0 node0.mimesys-workload.ldos-ut-pg0.wisc.cloudlab.us
block sda 497172 209242 40134128 286888 2625191 17764840 868789235 12868586 0 2204608 13417315
block sdb 479 0 7540 438 4 0 0 0 0 556 439
cpu 11 167595 0 51970 2803021 6810 0 5
cpu 10 193996 2 46846 2782978 8882 0 4
cpu 13 163084 0 47169 2812652 6489 0 4
cpu 12 165991 0 46179 2811481 6939 0 1
cpu 15 164915 2 45022 2813305 6469 0 3
cpu 14 158879 0 46299 2818957 6453 0 4
cpu 17 150225 0 45176 2827999 6652 0 1
cpu 16 160117 0 43718 2821242 5879 0 1
cpu 19 130920 0 31425 2862250 6199 0 1
cpu 18 177136 5 31804 2816366 5747 0 2
cpu 1 168331 0 35544 2813152 8149 0 733
cpu 0 198685 45 34776 2759035 9923 0 1151
cpu 3 187268 0 51738 2782031 7418 0 596
cpu 2 181926 0 47692 2789801 9220 0 190
cpu 5 187402 0 52258 2782942 7332 0 454
cpu 4 181548 1 52700 2787108 7815 0 112
cpu 7 170171 0 51378 2801492 6437 0 540
cpu 6 193252 0 51665 2777553 7713 0 326
cpu 9 161600 0 51244 2807303 7653 0 376
cpu 8 156909 0 57521 2807820 6030 0 336
mem 1 99033092 97125208 1907884 54024 1228852 308 0 1099216 70416 183752 3900 0 0 174540 0 0 0
mem 0 97636988 62034196 35602792 371656 34160116 336 0 34060164 1553712 475148 8588 0 0 462460 4096 0 0
net lo 0 0 2839999 0 0 0 0 0 0 0 0 0 23220 0 2839999 0 0 0 0 0 0 23220 0
net virbr0 0 732 9961152657 0 0 0 0 0 0 0 0 0 39719944 0 38380369536 0 0 0 0 0 0 23511411 0
net eno1 0 151376 40327618461 0 0 351 0 0 0 0 0 0 30182678 0 1206778015 0 0 0 0 0 0 5951656 0
net vnet35 0 0 328528 0 0 0 0 0 0 0 0 0 1786 0 316395 0 0 0 0 0 0 1479 0
numa 1 100893119 18781169 10118603 29535 100848860 18825411
numa 0 101780507 10118603 18781169 29710 101778878 10119838
ps - 487520864 211755 525 297 213 7 682
sysv_shm - 0 0
tmpfs /run/lock 0 6
tmpfs /run 2080768 1098
tmpfs /run/user/20029 0 20
tmpfs /run/qemu 0 1
tmpfs /dev/shm 37615439872 105371
vfs - 133590 2384 182984
vm - 2 20070800 434394617 252290 1617408 230115506 275955132 75480366 6522712 172560119 54209 0 0 0 0 0 1811072 0 311878 5997 0 1617252 74 0 3 0 0

1778475619.236364 0 node0.mimesys-workload.ldos-ut-pg0.wisc.cloudlab.us
block sda 497172 209242 40134128 286888 2625191 17764840 868789235 12868586 0 2204608 13417315
block sdb 479 0 7540 438 4 0 0 0 0 556 439
cpu 11 167596 0 51972 2803122 6810 0 5
cpu 10 193997 2 46849 2783078 8882 0 4
cpu 13 163088 0 47173 2812749 6489 0 4
cpu 12 165992 0 46181 2811582 6939 0 1
cpu 15 164917 2 45024 2813404 6469 0 3
cpu 14 158880 0 46301 2819058 6453 0 4
cpu 17 150230 0 45181 2828093 6652 0 1
cpu 16 160118 0 43720 2821343 5879 0 1
cpu 19 130921 0 31430 2862348 6199 0 1
cpu 18 177139 5 31808 2816462 5747 0 2
cpu 1 168404 0 35545 2813179 8149 0 733
cpu 0 198766 45 34777 2759054 9923 0 1151
cpu 3 187337 0 51738 2782058 7418 0 596
cpu 2 182006 0 47693 2789826 9220 0 190
cpu 5 187475 0 52259 2782969 7332 0 454
cpu 4 181626 1 52702 2787130 7815 0 112
cpu 7 170172 0 51378 2801593 6437 0 540
cpu 6 193252 0 51665 2777656 7713 0 326
cpu 9 161601 0 51244 2807406 7653 0 376
cpu 8 156909 0 57521 2807924 6030 0 336
mem 1 99033092 97123960 1909132 54032 1231300 328 0 1099220 70932 186348 4176 0 0 174540 0 0 0
mem 0 97636988 62034700 35602288 371656 34160252 344 0 34060376 1553924 475064 8572 0 0 462460 4096 0 0
net lo 0 0 2841166 0 0 0 0 0 0 0 0 0 23228 0 2841166 0 0 0 0 0 0 23228 0
net virbr0 0 732 9961154047 0 0 0 0 0 0 0 0 0 39719949 0 38380371452 0 0 0 0 0 0 23511416 0
net eno1 0 151376 40327626498 0 0 351 0 0 0 0 0 0 30182796 0 1206779505 0 0 0 0 0 0 5951664 0
net vnet35 0 0 329988 0 0 0 0 0 0 0 0 0 1791 0 318363 0 0 0 0 0 0 1485 0
numa 1 100903013 18781169 10118603 29535 100858754 18825411
numa 0 101780936 10118603 18781169 29710 101779307 10119838
ps - 487529145 211838 523 300 215 5 682
sysv_shm - 0 0
tmpfs /run/lock 0 6
tmpfs /run 2080768 1098
tmpfs /run/user/20029 0 20
tmpfs /run/qemu 0 1
tmpfs /dev/shm 37615439872 105371
vfs - 133591 2424 182970
vm - 2 20070800 434394617 252290 1617408 230125827 275965134 75480368 6522712 172575999 54209 0 0 0 0 0 1811072 0 311878 5997 0 1617252 74 0 3 0 0

1778475620.276779 0 node0.mimesys-workload.ldos-ut-pg0.wisc.cloudlab.us
block sda 497172 209242 40134128 286888 2625191 17764840 868789235 12868586 0 2204608 13417315
block sdb 479 0 7540 438 4 0 0 0 0 556 439
cpu 11 167596 0 51974 2803222 6810 0 5
cpu 10 193998 2 46850 2783179 8882 0 4
cpu 13 163090 0 47176 2812848 6489 0 4
cpu 12 165992 0 46184 2811684 6939 0 1
cpu 15 164918 2 45028 2813503 6469 0 3
cpu 14 158881 0 46303 2819160 6453 0 4
cpu 17 150232 0 45183 2828193 6652 0 1
cpu 16 160120 0 43722 2821444 5879 0 1
cpu 19 130922 0 31432 2862448 6199 0 1
cpu 18 177140 5 31810 2816562 5747 0 2
cpu 1 168479 0 35545 2813205 8149 0 733
cpu 0 198847 45 34779 2759074 9923 0 1151
cpu 3 187413 0 51740 2782081 7418 0 596
cpu 2 182084 0 47694 2789849 9220 0 190
cpu 5 187548 0 52260 2782996 7332 0 454
cpu 4 181712 1 52702 2787146 7815 0 112
cpu 7 170173 0 51379 2801695 6437 0 540
cpu 6 193252 0 51665 2777759 7713 0 326
cpu 9 161605 0 51245 2807505 7653 0 376
cpu 8 156909 0 57521 2808028 6030 0 336
mem 1 99033092 97124664 1908428 54032 1229112 340 0 1099220 70120 184012 3904 0 0 174532 0 0 0
mem 0 97636988 62034952 35602036 371656 34160488 372 0 34060500 1554048 475192 8556 0 0 462460 4096 0 0
net lo 0 0 2841723 0 0 0 0 0 0 0 0 0 23232 0 2841723 0 0 0 0 0 0 23232 0
net virbr0 0 732 9961157179 0 0 0 0 0 0 0 0 0 39719969 0 38380374224 0 0 0 0 0 0 23511432 0
net eno1 0 151389 40327632801 0 0 351 0 0 0 0 0 0 30182894 0 1206780980 0 0 0 0 0 0 5951670 0
net vnet35 0 0 333400 0 0 0 0 0 0 0 0 0 1811 0 321135 0 0 0 0 0 0 1501 0
numa 1 100910845 18781169 10118603 29535 100866586 18825411
numa 0 101781408 10118603 18781169 29710 101779779 10119838
ps - 487536434 211912 523 300 215 7 682
sysv_shm - 0 0
tmpfs /run/lock 0 6
tmpfs /run 2080768 1098
tmpfs /run/user/20029 0 20
tmpfs /run/qemu 0 1
tmpfs /dev/shm 37615439872 105371
vfs - 133594 2344 183005
vm - 2 20070800 434394617 252290 1617408 230134132 275973736 75480370 6522712 172588814 54209 0 0 0 0 0 1811072 0 311878 5997 0 1617252 74 0 3 0 0

1778475621.318255 0 node0.mimesys-workload.ldos-ut-pg0.wisc.cloudlab.us
block sda 497172 209242 40134128 286888 2625241 17764870 868789875 12868601 0 2204616 13417331
block sdb 479 0 7540 438 4 0 0 0 0 556 439
cpu 11 167599 0 51976 2803322 6811 0 5
cpu 10 193998 2 46852 2783281 8882 0 4
cpu 13 163092 0 47183 2812943 6489 0 4
cpu 12 165992 0 46186 2811785 6939 0 1
cpu 15 164920 2 45030 2813602 6469 0 3
cpu 14 158884 0 46304 2819259 6453 0 4
cpu 17 150232 0 45188 2828292 6652 0 1
cpu 16 160121 0 43725 2821545 5879 0 1
cpu 19 130923 0 31434 2862549 6199 0 1
cpu 18 177142 5 31813 2816662 5747 0 2
cpu 1 168554 0 35548 2813230 8149 0 734
cpu 0 198924 45 34780 2759103 9923 0 1151
cpu 3 187491 0 51742 2782107 7418 0 596
cpu 2 182159 0 47696 2789875 9220 0 190
cpu 5 187629 0 52260 2783019 7332 0 454
cpu 4 181784 1 52704 2787175 7815 0 112
cpu 7 170175 0 51380 2801797 6437 0 540
cpu 6 193252 0 51665 2777862 7713 0 326
cpu 9 161606 0 51245 2807608 7653 0 376
cpu 8 156914 0 57521 2808128 6030 0 336
mem 1 99033092 97121700 1911392 54028 1230288 348 0 1099224 71008 185156 3928 0 0 174492 0 0 0
mem 0 97636988 62035204 35601784 371656 34160820 408 0 34060500 1554048 475588 8624 0 0 462452 4096 0 0
net lo 0 0 2842890 0 0 0 0 0 0 0 0 0 23240 0 2842890 0 0 0 0 0 0 23240 0
net virbr0 0 732 9961161377 0 0 0 0 0 0 0 0 0 39719991 0 38380378486 0 0 0 0 0 0 23511448 0
net eno1 0 151389 40327639026 0 0 351 0 0 0 0 0 0 30182988 0 1206782460 0 0 0 0 0 0 5951679 0
net vnet35 0 0 337906 0 0 0 0 0 0 0 0 0 1833 0 325519 0 0 0 0 0 0 1519 0
numa 1 100920178 18781169 10118603 29535 100875919 18825411
numa 0 101781885 10118603 18781169 29710 101780256 10119838
ps - 487545129 211991 523 300 215 7 682
sysv_shm - 0 0
tmpfs /run/lock 0 6
tmpfs /run 2080768 1098
tmpfs /run/user/20029 0 20
tmpfs /run/qemu 0 1
tmpfs /dev/shm 37615439872 105371
vfs - 133602 2344 183055
vm - 2 20070800 434394937 252290 1617408 230143943 275983178 75480375 6522712 172604126 54209 0 0 0 0 0 1811072 0 311878 5997 0 1617252 74 0 3 0 0

1778475622.358167 0 node0.mimesys-workload.ldos-ut-pg0.wisc.cloudlab.us
block sda 497172 209242 40134128 286888 2625244 17764870 868789899 12868602 0 2204620 13417332
block sdb 479 0 7540 438 4 0 0 0 0 556 439
cpu 11 167600 0 51977 2803423 6811 0 5
cpu 10 193998 2 46854 2783382 8882 0 4
cpu 13 163093 0 47184 2813045 6489 0 4
cpu 12 165992 0 46188 2811887 6939 0 1
cpu 15 164922 2 45032 2813703 6469 0 3
cpu 14 158885 0 46306 2819359 6453 0 4
cpu 17 150233 0 45190 2828393 6652 0 1
cpu 16 160123 0 43728 2821644 5879 0 1
cpu 19 130924 0 31437 2862648 6199 0 1
cpu 18 177142 5 31815 2816763 5747 0 2
cpu 1 168627 0 35548 2813260 8149 0 734
cpu 0 198999 45 34782 2759129 9923 0 1151
cpu 3 187560 0 51742 2782142 7418 0 596
cpu 2 182222 0 47698 2789910 9220 0 190
cpu 5 187699 0 52262 2783049 7332 0 454
cpu 4 181861 1 52706 2787201 7815 0 112
cpu 7 170175 0 51381 2801899 6437 0 540
cpu 6 193252 0 51665 2777966 7713 0 326
cpu 9 161607 0 51245 2807711 7653 0 376
cpu 8 156914 0 57521 2808232 6030 0 336
mem 1 99033092 97122488 1910604 54028 1229064 224 0 1099224 70604 184000 3776 0 0 174484 0 0 0
mem 0 97636988 62034952 35602036 371664 34160688 288 0 34060544 1554084 475288 8608 0 0 462452 4096 0 0
net lo 0 0 2843447 0 0 0 0 0 0 0 0 0 23244 0 2843447 0 0 0 0 0 0 23244 0
net virbr0 0 732 9961161857 0 0 0 0 0 0 0 0 0 39719997 0 38380378912 0 0 0 0 0 0 23511453 0
net eno1 0 151398 40327644789 0 0 351 0 0 0 0 0 0 30183076 0 1206782871 0 0 0 0 0 0 5951683 0
net vnet35 0 0 338470 0 0 0 0 0 0 0 0 0 1839 0 325945 0 0 0 0 0 0 1524 0
numa 1 100928306 18781169 10118603 29535 100884047 18825411
numa 0 101782308 10118603 18781169 29710 101780679 10119838
ps - 487551748 212069 523 300 215 6 682
sysv_shm - 0 0
tmpfs /run/lock 0 6
tmpfs /run 2080768 1098
tmpfs /run/user/20029 0 20
tmpfs /run/qemu 0 1
tmpfs /dev/shm 37615439872 105371
vfs - 133590 2384 182973
vm - 2 20070800 434394949 252290 1617408 230152507 275992150 75480378 6522712 172617420 54209 0 0 0 0 0 1811072 0 311878 5997 0 1617252 74 0 3 0 0

1778475623.398053 0 node0.mimesys-workload.ldos-ut-pg0.wisc.cloudlab.us
block sda 497173 209242 40134152 286888 2625249 17764870 868789987 12868602 0 2204628 13417333
block sdb 479 0 7540 438 4 0 0 0 0 556 439
cpu 11 167600 0 51981 2803522 6811 0 5
cpu 10 194001 2 46856 2783480 8882 0 4
cpu 13 163094 0 47187 2813143 6489 0 4
cpu 12 165993 0 46189 2811988 6939 0 1
cpu 15 164926 2 45036 2813800 6469 0 3
cpu 14 158886 0 46306 2819460 6453 0 4
cpu 17 150233 0 45193 2828494 6652 0 1
cpu 16 160126 0 43731 2821741 5879 0 1
cpu 19 130925 0 31440 2862748 6199 0 1
cpu 18 177144 5 31817 2816864 5747 0 2
cpu 1 168697 0 35549 2813291 8149 0 734
cpu 0 199073 45 34784 2759159 9923 0 1151
cpu 3 187633 0 51743 2782168 7418 0 596
cpu 2 182304 0 47700 2789933 9220 0 190
cpu 5 187780 0 52263 2783072 7332 0 454
cpu 4 181943 1 52706 2787220 7815 0 112
cpu 7 170177 0 51382 2802001 6437 0 540
cpu 6 193252 0 51665 2778069 7713 0 326
cpu 9 161612 0 51245 2807809 7653 0 376
cpu 8 156914 0 57522 2808335 6030 0 336
mem 1 99033092 97119972 1913120 54032 1229552 248 0 1099232 70316 184488 3696 0 0 174452 0 0 0
mem 0 97636988 62034700 35602288 371664 34160260 324 0 34060564 1554104 474804 8568 0 0 462452 4096 0 0
net lo 0 0 2844614 0 0 0 0 0 0 0 0 0 23252 0 2844614 0 0 0 0 0 0 23252 0
net virbr0 0 732 9961166379 0 0 0 0 0 0 0 0 0 39720022 0 38380383600 0 0 0 0 0 0 23511474 0
net eno1 0 151398 40327652340 0 0 351 0 0 0 0 0 0 30183192 0 1206784317 0 0 0 0 0 0 5951691 0
net vnet35 0 0 343342 0 0 0 0 0 0 0 0 0 1864 0 330685 0 0 0 0 0 0 1546 0
numa 1 100938044 18781169 10118603 29535 100893785 18825411
numa 0 101782933 10118603 18781169 29710 101781304 10119838
ps - 487559682 212152 523 300 215 5 682
sysv_shm - 0 0
tmpfs /run/lock 0 6
tmpfs /run 2080768 1098
tmpfs /run/user/20029 0 20
tmpfs /run/qemu 0 1
tmpfs /dev/shm 37615439872 105371
vfs - 133593 2384 182997
vm - 2 20070812 434394993 252290 1617408 230162855 276002428 75480382 6522712 172633428 54209 0 0 0 0 0 1811072 0 311878 5997 0 1617252 74 0 3 0 0

1778475624.436535 0 node0.mimesys-workload.ldos-ut-pg0.wisc.cloudlab.us
block sda 497173 209242 40134152 286888 2625362 17764870 868791035 12868619 0 2204632 13417349
block sdb 479 0 7540 438 4 0 0 0 0 556 439
cpu 11 167603 0 51983 2803620 6811 0 5
cpu 10 194003 2 46859 2783579 8882 0 4
cpu 13 163097 0 47191 2813240 6489 0 4
cpu 12 165995 0 46191 2812088 6939 0 1
cpu 15 164927 2 45036 2813901 6469 0 3
cpu 14 158888 0 46311 2819559 6453 0 4
cpu 17 150235 0 45195 2828594 6652 0 1
cpu 16 160127 0 43733 2821841 5879 0 1
cpu 19 130926 0 31443 2862847 6199 0 1
cpu 18 177147 5 31820 2816962 5747 0 2
cpu 1 168772 0 35549 2813316 8149 0 734
cpu 0 199144 45 34785 2759187 9923 0 1151
cpu 3 187714 0 51745 2782188 7418 0 596
cpu 2 182375 0 47700 2789962 9220 0 190
cpu 5 187856 0 52265 2783097 7332 0 454
cpu 4 182013 1 52706 2787248 7815 0 112
cpu 7 170177 0 51382 2802104 6437 0 540
cpu 6 193252 0 51665 2778171 7713 0 326
cpu 9 161613 0 51245 2807912 7653 0 376
cpu 8 156918 0 57522 2808435 6030 0 336
mem 1 99033092 97118464 1914628 54040 1230804 68 0 1099232 70832 185740 4044 0 0 174488 0 0 0
mem 0 97636988 62035708 35601280 371664 34160232 24 0 34060612 1554156 474788 8572 0 0 462452 4096 0 0
net lo 0 0 2845781 0 0 0 0 0 0 0 0 0 23260 0 2845781 0 0 0 0 0 0 23260 0
net virbr0 0 732 9961169277 0 0 0 0 0 0 0 0 0 39720039 0 38380387290 0 0 0 0 0 0 23511486 0
net eno1 0 151408 40327658731 0 0 351 0 0 0 0 0 0 30183289 0 1206785743 0 0 0 0 0 0 5951699 0
net vnet35 0 0 346478 0 0 0 0 0 0 0 0 0 1881 0 334375 0 0 0 0 0 0 1558 0
numa 1 100947533 18781169 10118603 29535 100903274 18825411
numa 0 101783190 10118603 18781169 29710 101781561 10119838
ps - 487567617 212231 513 302 216 6 682
sysv_shm - 0 0
tmpfs /run/lock 0 6
tmpfs /run 2080768 1098
tmpfs /run/user/20029 0 20
tmpfs /run/qemu 0 1
tmpfs /dev/shm 37615439872 105371
vfs - 133602 2424 183055
vm - 2 20070812 434395517 252290 1617408 230172601 276011831 75480383 6522712 172648689 54209 0 0 0 0 0 1811072 0 311878 5997 0 1617252 74 0 3 0 0

1778475625.477847 0 node0.mimesys-workload.ldos-ut-pg0.wisc.cloudlab.us
block sda 497173 209242 40134152 286888 2625741 17764876 868796355 12868655 0 2204660 13417385
block sdb 479 0 7540 438 4 0 0 0 0 556 439
cpu 11 167604 0 51984 2803724 6811 0 5
cpu 10 194004 2 46861 2783680 8882 0 4
cpu 13 163098 0 47193 2813341 6489 0 4
cpu 12 165995 0 46192 2812190 6939 0 1
cpu 15 164929 2 45039 2814001 6469 0 3
cpu 14 158888 0 46314 2819659 6453 0 4
cpu 17 150236 0 45198 2828693 6652 0 1
cpu 16 160128 0 43735 2821942 5879 0 1
cpu 19 130927 0 31444 2862949 6199 0 1
cpu 18 177148 5 31822 2817062 5747 0 2
cpu 1 168856 0 35550 2813336 8149 0 734
cpu 0 199223 45 34787 2759210 9923 0 1151
cpu 3 187791 0 51745 2782212 7418 0 596
cpu 2 182451 0 47703 2789988 9220 0 190
cpu 5 187931 0 52266 2783122 7332 0 454
cpu 4 182094 1 52708 2787271 7815 0 112
cpu 7 170178 0 51382 2802208 6437 0 540
cpu 6 193254 0 51666 2778273 7713 0 326
cpu 9 161614 0 51245 2808015 7653 0 376
cpu 8 156918 0 57522 2808538 6030 0 336
mem 1 99033092 97118216 1914876 54044 1229136 148 0 1099232 70584 184116 4120 0 0 174488 0 0 0
mem 0 97636988 62034952 35602036 371664 34160580 136 0 34060652 1554192 475104 8516 0 0 462452 4096 0 0
net lo 0 0 2846338 0 0 0 0 0 0 0 0 0 23264 0 2846338 0 0 0 0 0 0 23264 0
net virbr0 0 732 9961171057 0 0 0 0 0 0 0 0 0 39720050 0 38380388288 0 0 0 0 0 0 23511495 0
net eno1 0 151408 40327664614 0 0 351 0 0 0 0 0 0 30183379 0 1206786154 0 0 0 0 0 0 5951703 0
net vnet35 0 0 348412 0 0 0 0 0 0 0 0 0 1892 0 335425 0 0 0 0 0 0 1568 0
numa 1 100955143 18781169 10118603 29535 100910884 18825411
numa 0 101784234 10118603 18781169 29710 101782605 10119838
ps - 487576870 212312 513 302 216 5 689
sysv_shm - 0 0
tmpfs /run/lock 0 6
tmpfs /run 2080768 1098
tmpfs /run/user/20029 0 20
tmpfs /run/qemu 0 1
tmpfs /dev/shm 37615439872 105371
vfs - 133590 2384 182973
vm - 2 20070812 434398177 252290 1617408 230181256 276020809 75480385 6522712 172661466 54209 0 0 0 0 0 1811072 0 311878 5997 0 1617252 74 0 3 0 0

1778475626.518413 0 node0.mimesys-workload.ldos-ut-pg0.wisc.cloudlab.us
block sda 497173 209242 40134152 286888 2625749 17764891 868796539 12868656 0 2204672 13417386
block sdb 479 0 7540 438 4 0 0 0 0 556 439
cpu 11 167606 0 51986 2803821 6811 0 5
cpu 10 194007 2 46863 2783780 8882 0 4
cpu 13 163102 0 47196 2813439 6489 0 4
cpu 12 165995 0 46194 2812292 6939 0 1
cpu 15 164930 2 45043 2814099 6469 0 3
cpu 14 158890 0 46316 2819760 6453 0 4
cpu 17 150237 0 45201 2828793 6652 0 1
cpu 16 160132 0 43738 2822040 5879 0 1
cpu 19 130930 0 31446 2863048 6199 0 1
cpu 18 177149 5 31825 2817163 5747 0 2
cpu 1 168931 0 35551 2813360 8149 0 734
cpu 0 199298 45 34788 2759235 9923 0 1151
cpu 3 187870 0 51748 2782234 7418 0 596
cpu 2 182527 0 47704 2790015 9220 0 190
cpu 5 188013 0 52267 2783141 7332 0 454
cpu 4 182172 1 52709 2787292 7815 0 112
cpu 7 170178 0 51382 2802311 6437 0 540
cpu 6 193259 0 51666 2778370 7713 0 326
cpu 9 161614 0 51246 2808118 7653 0 376
cpu 8 156918 0 57522 2808642 6030 0 336
mem 1 99033092 97116208 1916884 54048 1229016 164 0 1099236 70636 183968 4068 0 0 174488 0 0 0
mem 0 97636988 62034196 35602792 371664 34160892 168 0 34060660 1554196 475408 8640 0 0 462452 4096 0 0
net lo 0 0 2847505 0 0 0 0 0 0 0 0 0 23272 0 2847505 0 0 0 0 0 0 23272 0
net virbr0 0 732 9961175735 0 0 0 0 0 0 0 0 0 39720078 0 38380392976 0 0 0 0 0 0 23511516 0
net eno1 0 151418 40327671017 0 0 351 0 0 0 0 0 0 30183476 0 1206787428 0 0 0 0 0 0 5951709 0
net vnet35 0 0 353482 0 0 0 0 0 0 0 0 0 1920 0 340165 0 0 0 0 0 0 1590 0
numa 1 100964534 18781169 10118603 29535 100920275 18825411
numa 0 101784808 10118603 18781169 29710 101783179 10119838
ps - 487585624 212392 513 302 216 7 689
sysv_shm - 0 0
tmpfs /run/lock 0 6
tmpfs /run 2080768 1098
tmpfs /run/user/20029 0 20
tmpfs /run/qemu 0 1
tmpfs /dev/shm 37615439872 105371
vfs - 133593 2384 183039
vm - 2 20070812 434398269 252290 1617408 230191220 276030746 75480391 6522712 172676926 54209 0 0 0 0 0 1811072 0 311878 5997 0 1617252 74 0 3 0 0

1778475627.559076 0 node0.mimesys-workload.ldos-ut-pg0.wisc.cloudlab.us
block sda 497173 209242 40134152 286888 2625752 17764891 868796563 12868657 0 2204676 13417388
block sdb 479 0 7540 438 4 0 0 0 0 556 439
cpu 11 167606 0 51990 2803922 6811 0 5
cpu 10 194009 2 46866 2783879 8882 0 4
cpu 13 163104 0 47198 2813537 6489 0 4
cpu 12 165997 0 46196 2812391 6939 0 1
cpu 15 164932 2 45050 2814196 6469 0 3
cpu 14 158890 0 46318 2819862 6453 0 4
cpu 17 150241 0 45204 2828891 6652 0 1
cpu 16 160134 0 43740 2822139 5879 0 1
cpu 19 130930 0 31447 2863150 6199 0 1
cpu 18 177150 5 31828 2817264 5747 0 2
cpu 1 169002 0 35552 2813388 8149 0 734
cpu 0 199376 45 34789 2759257 9923 0 1151
cpu 3 187946 0 51750 2782259 7418 0 596
cpu 2 182606 0 47705 2790037 9220 0 190
cpu 5 188088 0 52269 2783164 7332 0 454
cpu 4 182244 1 52709 2787321 7815 0 112
cpu 7 170179 0 51383 2802414 6437 0 540
cpu 6 193259 0 51667 2778473 7713 0 326
cpu 9 161618 0 51246 2808217 7653 0 376
cpu 8 156918 0 57522 2808745 6030 0 336
mem 1 99033092 97113724 1919368 54040 1230192 164 0 1099236 70840 185072 3892 0 0 174504 0 0 0
mem 0 97636988 62034700 35602288 371664 34160812 208 0 34060760 1554296 475256 8568 0 0 462452 4096 0 0
net lo 0 0 2848672 0 0 0 0 0 0 0 0 0 23280 0 2848672 0 0 0 0 0 0 23280 0
net virbr0 0 732 9961178633 0 0 0 0 0 0 0 0 0 39720095 0 38380396666 0 0 0 0 0 0 23511528 0
net eno1 0 151429 40327677594 0 0 351 0 0 0 0 0 0 30183576 0 1206788870 0 0 0 0 0 0 5951717 0
net vnet35 0 0 356618 0 0 0 0 0 0 0 0 0 1937 0 343855 0 0 0 0 0 0 1602 0
numa 1 100973973 18781169 10118603 29535 100929714 18825411
numa 0 101785201 10118603 18781169 29710 101783572 10119838
ps - 487594120 212472 513 302 216 5 689
sysv_shm - 0 0
tmpfs /run/lock 0 6
tmpfs /run 2080768 1098
tmpfs /run/user/20029 0 20
tmpfs /run/qemu 0 1
tmpfs /dev/shm 37615439872 105371
vfs - 133602 2464 183097
vm - 2 20070812 434398281 252290 1617408 230201052 276040225 75480393 6522712 172692247 54209 0 0 0 0 0 1811072 0 311878 5997 0 1617252 74 0 3 0 0

1778475628.601167 0 node0.mimesys-workload.ldos-ut-pg0.wisc.cloudlab.us
block sda 497174 209242 40134160 286889 2625757 17764891 868796699 12868658 0 2204680 13417389
block sdb 479 0 7540 438 4 0 0 0 0 556 439
cpu 11 167608 0 51993 2804022 6811 0 5
cpu 10 194010 2 46868 2783981 8882 0 4
cpu 13 163108 0 47200 2813636 6489 0 4
cpu 12 165997 0 46198 2812493 6939 0 1
cpu 15 164933 2 45054 2814296 6469 0 3
cpu 14 158890 0 46321 2819963 6453 0 4
cpu 17 150244 0 45209 2828986 6652 0 1
cpu 16 160134 0 43742 2822240 5879 0 1
cpu 19 130930 0 31451 2863250 6199 0 1
cpu 18 177150 5 31829 2817364 5747 0 2
cpu 1 169081 0 35553 2813409 8149 0 734
cpu 0 199456 45 34792 2759279 9923 0 1151
cpu 3 188027 0 51750 2782280 7418 0 596
cpu 2 182688 0 47706 2790055 9220 0 190
cpu 5 188164 0 52270 2783189 7332 0 454
cpu 4 182313 1 52711 2787350 7815 0 112
cpu 7 170180 0 51384 2802515 6437 0 540
cpu 6 193261 0 51668 2778574 7713 0 326
cpu 9 161619 0 51247 2808320 7653 0 376
cpu 8 156918 0 57522 2808849 6030 0 336
mem 1 99033092 97110712 1922380 54056 1230716 180 0 1099240 70336 185656 4108 0 0 174544 0 0 0
mem 0 97636988 62034196 35602792 371668 34161176 232 0 34060784 1554320 475644 8548 0 0 462452 4096 0 0
net lo 0 0 2849229 0 0 0 0 0 0 0 0 0 23284 0 2849229 0 0 0 0 0 0 23284 0
net virbr0 0 732 9961180413 0 0 0 0 0 0 0 0 0 39720106 0 38380397664 0 0 0 0 0 0 23511537 0
net eno1 0 151429 40327685865 0 0 351 0 0 0 0 0 0 30183675 0 1206791495 0 0 0 0 0 0 5951729 0
net vnet35 0 0 358552 0 0 0 0 0 0 0 0 0 1948 0 344905 0 0 0 0 0 0 1612 0
numa 1 100982907 18781169 10118603 29535 100938648 18825411
numa 0 101785707 10118603 18781169 29710 101784078 10119838
ps - 487601659 212552 513 302 216 6 691
sysv_shm - 0 0
tmpfs /run/lock 0 6
tmpfs /run 2080768 1098
tmpfs /run/user/20029 0 20
tmpfs /run/qemu 0 1
tmpfs /dev/shm 37615439872 105371
vfs - 133595 2424 183049
vm - 2 20070816 434398349 252290 1617408 230210492 276049464 75480397 6522712 172706651 54209 0 0 0 0 0 1811072 0 311878 5997 0 1617252 74 0 3 0 0

1778475629.639349 0 node0.mimesys-workload.ldos-ut-pg0.wisc.cloudlab.us
block sda 497174 209242 40134160 286889 2625852 17764891 868797563 12868675 0 2204684 13417406
block sdb 479 0 7540 438 4 0 0 0 0 556 439
cpu 11 167612 0 51996 2804119 6811 0 5
cpu 10 194013 2 46870 2784080 8882 0 4
cpu 13 163108 0 47201 2813737 6489 0 4
cpu 12 165998 0 46201 2812592 6939 0 1
cpu 15 164936 2 45057 2814394 6469 0 3
cpu 14 158892 0 46324 2820062 6453 0 4
cpu 17 150245 0 45210 2829088 6652 0 1
cpu 16 160136 0 43746 2822338 5879 0 1
cpu 19 130932 0 31452 2863350 6199 0 1
cpu 18 177152 5 31830 2817465 5747 0 2
cpu 1 169160 0 35554 2813430 8149 0 734
cpu 0 199526 45 34795 2759308 9923 0 1151
cpu 3 188092 0 51752 2782314 7418 0 596
cpu 2 182763 0 47707 2790085 9220 0 190
cpu 5 188242 0 52271 2783214 7332 0 454
cpu 4 182382 1 52712 2787380 7815 0 112
cpu 7 170182 0 51385 2802616 6437 0 540
cpu 6 193261 0 51669 2778677 7713 0 326
cpu 9 161624 0 51247 2808419 7653 0 376
cpu 8 156918 0 57522 2808952 6030 0 336
mem 1 99033092 97110496 1922596 54048 1229184 60 0 1099240 70536 184112 3784 0 0 174520 0 0 0
mem 0 97636988 62033944 35603044 371668 34160884 32 0 34060812 1554356 475280 8604 0 0 462460 4096 0 0
net lo 0 0 2850396 0 0 0 0 0 0 0 0 0 23292 0 2850396 0 0 0 0 0 0 23292 0
net virbr0 0 732 9961184935 0 0 0 0 0 0 0 0 0 39720131 0 38380402352 0 0 0 0 0 0 23511558 0
net eno1 0 151437 40327693245 0 0 351 0 0 0 0 0 0 30183781 0 1206793173 0 0 0 0 0 0 5951739 0
net vnet35 0 0 363424 0 0 0 0 0 0 0 0 0 1973 0 349593 0 0 0 0 0 0 1633 0
numa 1 100992346 18781169 10118603 29535 100948087 18825411
numa 0 101786295 10118603 18781169 29710 101784666 10119838
ps - 487610230 212632 520 307 218 4 689
sysv_shm - 0 0
tmpfs /run/lock 0 6
tmpfs /run 2080768 1098
tmpfs /run/user/20029 0 20
tmpfs /run/qemu 0 1
tmpfs /dev/shm 37615439872 105371
vfs - 133593 2344 183039
vm - 2 20070816 434398781 252290 1617408 230220519 276060043 75480398 6522712 172722368 54209 0 0 0 0 0 1811072 0 311878 5997 0 1617252 74 0 3 0 0

1778475630.680307 0 node0.mimesys-workload.ldos-ut-pg0.wisc.cloudlab.us
block sda 497174 209242 40134160 286889 2625861 17764891 868797635 12868676 0 2204688 13417407
block sdb 479 0 7540 438 4 0 0 0 0 556 439
cpu 11 167614 0 51998 2804220 6811 0 5
cpu 10 194015 2 46871 2784180 8882 0 4
cpu 13 163110 0 47204 2813838 6489 0 4
cpu 12 166001 0 46204 2812690 6939 0 1
cpu 15 164936 2 45060 2814493 6469 0 3
cpu 14 158892 0 46326 2820163 6453 0 4
cpu 17 150247 0 45212 2829189 6652 0 1
cpu 16 160139 0 43749 2822436 5879 0 1
cpu 19 130932 0 31454 2863452 6199 0 1
cpu 18 177156 5 31832 2817564 5747 0 2
cpu 1 169211 0 35554 2813482 8149 0 734
cpu 0 199573 45 34795 2759360 9923 0 1151
cpu 3 188128 0 51753 2782377 7418 0 596
cpu 2 182804 0 47707 2790147 9220 0 190
cpu 5 188284 0 52272 2783274 7332 0 454
cpu 4 182428 1 52713 2787434 7815 0 112
cpu 7 170184 0 51386 2802718 6437 0 540
cpu 6 193262 0 51670 2778780 7713 0 326
cpu 9 161625 0 51247 2808521 7653 0 376
cpu 8 156919 0 57523 2809056 6030 0 336
mem 1 99033092 97107472 1925620 54056 1229136 136 0 1099244 70220 184156 4076 0 0 174544 0 0 0
mem 0 97636988 62033444 35603544 371672 34161080 148 0 34060812 1554360 475404 8640 0 0 462460 4096 0 0
net lo 0 0 2851563 0 0 0 0 0 0 0 0 0 23300 0 2851563 0 0 0 0 0 0 23300 0
net virbr0 0 732 9961184935 0 0 0 0 0 0 0 0 0 39720131 0 38380402352 0 0 0 0 0 0 23511558 0
net eno1 0 151437 40327700494 0 0 351 0 0 0 0 0 0 30183892 0 1206794711 0 0 0 0 0 0 5951747 0
net vnet35 0 0 363424 0 0 0 0 0 0 0 0 0 1973 0 349645 0 0 0 0 0 0 1634 0
numa 1 101000706 18781169 10118603 29535 100956447 18825411
numa 0 101787453 10118603 18781169 29710 101785824 10119838
ps - 487616258 212711 520 307 218 8 689
sysv_shm - 0 0
tmpfs /run/lock 0 6
tmpfs /run 2080768 1098
tmpfs /run/user/20029 0 20
tmpfs /run/qemu 0 1
tmpfs /dev/shm 37615439872 105371
vfs - 133600 2464 183088
vm - 2 20070816 434398817 252290 1617408 230230066 276069431 75480405 6522712 172737246 54209 0 0 0 0 0 1811072 0 311878 5997 0 1617252 74 0 3 0 0

1778475631.719922 0 node0.mimesys-workload.ldos-ut-pg0.wisc.cloudlab.us
block sda 497174 209242 40134160 286889 2625867 17764903 868797779 12868676 0 2204700 13417407
block sdb 479 0 7540 438 4 0 0 0 0 556 439
cpu 11 167614 0 52000 2804321 6811 0 5
cpu 10 194015 2 46873 2784283 8882 0 4
cpu 13 163112 0 47207 2813938 6489 0 4
cpu 12 166001 0 46206 2812792 6939 0 1
cpu 15 164938 2 45064 2814591 6469 0 3
cpu 14 158894 0 46329 2820263 6453 0 4
cpu 17 150248 0 45215 2829290 6652 0 1
cpu 16 160139 0 43753 2822535 5879 0 1
cpu 19 130934 0 31457 2863553 6199 0 1
cpu 18 177157 5 31834 2817666 5747 0 2
cpu 1 169286 0 35556 2813506 8149 0 735
cpu 0 199654 45 34796 2759378 9923 0 1151
cpu 3 188213 0 51754 2782394 7418 0 596
cpu 2 182889 0 47710 2790163 9220 0 190
cpu 5 188357 0 52274 2783298 7332 0 454
cpu 4 182518 1 52714 2787448 7815 0 112
cpu 7 170184 0 51387 2802819 6437 0 540
cpu 6 193262 0 51670 2778883 7713 0 326
cpu 9 161626 0 51248 2808624 7653 0 376
cpu 8 156924 0 57523 2809155 6030 0 336
mem 1 99033092 97105468 1927624 54052 1228828 136 0 1099244 70124 183732 3888 0 0 174544 0 0 0
mem 0 97636988 62033948 35603040 371672 34161168 188 0 34060908 1554444 475360 8604 0 0 462468 4096 0 0
net lo 0 0 2852120 0 0 0 0 0 0 0 0 0 23304 0 2852120 0 0 0 0 0 0 23304 0
net virbr0 0 732 9961189613 0 0 0 0 0 0 0 0 0 39720159 0 38380407040 0 0 0 0 0 0 23511579 0
net eno1 0 151445 40327707691 0 0 351 0 0 0 0 0 0 30184004 0 1206795122 0 0 0 0 0 0 5951751 0
net vnet35 0 0 368494 0 0 0 0 0 0 0 0 0 2001 0 354333 0 0 0 0 0 0 1655 0
numa 1 101008536 18781169 10118603 29535 100964277 18825411
numa 0 101788123 10118603 18781169 29710 101786494 10119838
ps - 487623260 212785 520 307 218 2 689
sysv_shm - 0 0
tmpfs /run/lock 0 6
tmpfs /run 2080768 1098
tmpfs /run/user/20029 0 20
tmpfs /run/qemu 0 1
tmpfs /dev/shm 37615439872 105371
vfs - 133590 2424 183015
vm - 2 20070816 434398889 252290 1617408 230238537 276078035 75480409 6522712 172750350 54209 0 0 0 0 0 1811072 0 311878 5997 0 1617252 74 0 3 0 0

1778475632.760968 0 node0.mimesys-workload.ldos-ut-pg0.wisc.cloudlab.us
block sda 497174 209242 40134160 286889 2625871 17764903 868797811 12868678 0 2204704 13417409
block sdb 479 0 7540 438 4 0 0 0 0 556 439
cpu 11 167615 0 52001 2804422 6811 0 5
cpu 10 194016 2 46874 2784384 8882 0 4
cpu 13 163114 0 47210 2814035 6489 0 4
cpu 12 166004 0 46208 2812890 6939 0 1
cpu 15 164939 2 45066 2814692 6469 0 3
cpu 14 158895 0 46333 2820362 6453 0 4
cpu 17 150249 0 45216 2829390 6652 0 1
cpu 16 160142 0 43756 2822634 5879 0 1
cpu 19 130934 0 31458 2863654 6199 0 1
cpu 18 177160 5 31837 2817763 5747 0 2
cpu 1 169360 0 35557 2813530 8149 0 735
cpu 0 199732 45 34798 2759403 9923 0 1151
cpu 3 188287 0 51754 2782422 7418 0 596
cpu 2 182967 0 47711 2790188 9220 0 190
cpu 5 188438 0 52276 2783319 7332 0 454
cpu 4 182598 1 52716 2787466 7815 0 112
cpu 7 170185 0 51388 2802921 6437 0 540
cpu 6 193262 0 51670 2778986 7713 0 326
cpu 9 161629 0 51248 2808723 7653 0 376
cpu 8 156924 0 57523 2809258 6030 0 336
mem 1 99033092 97100684 1932408 54056 1229916 140 0 1099248 70844 184804 3652 0 0 174584 0 0 0
mem 0 97636988 62033948 35603040 371680 34161236 224 0 34060924 1554460 475448 8604 0 0 462484 4096 0 0
net lo 0 0 2853287 0 0 0 0 0 0 0 0 0 23312 0 2853287 0 0 0 0 0 0 23312 0
net virbr0 0 732 9961192511 0 0 0 0 0 0 0 0 0 39720176 0 38380410730 0 0 0 0 0 0 23511591 0
net eno1 0 151445 40327714574 0 0 351 0 0 0 0 0 0 30184109 0 1206796604 0 0 0 0 0 0 5951759 0
net vnet35 0 0 371630 0 0 0 0 0 0 0 0 0 2018 0 358075 0 0 0 0 0 0 1668 0
numa 1 101017639 18781169 10118603 29535 100973380 18825411
numa 0 101788843 10118603 18781169 29710 101787214 10119838
ps - 487631309 212864 520 307 218 6 689
sysv_shm - 0 0
tmpfs /run/lock 0 6
tmpfs /run 2080768 1098
tmpfs /run/user/20029 0 20
tmpfs /run/qemu 0 1
tmpfs /dev/shm 37615439872 105371
vfs - 133595 2424 183041
vm - 2 20070816 434398905 252290 1617408 230248360 276087445 75480410 6522712 172765594 54209 0 0 0 0 0 1811072 0 311878 5997 0 1617252 74 0 3 0 0

1778475633.802720 0 node0.mimesys-workload.ldos-ut-pg0.wisc.cloudlab.us
block sda 497174 209242 40134160 286889 2625875 17764903 868797907 12868679 0 2204708 13417410
block sdb 479 0 7540 438 4 0 0 0 0 556 439
cpu 11 167616 0 52002 2804524 6811 0 5
cpu 10 194017 2 46877 2784485 8882 0 4
cpu 13 163114 0 47213 2814136 6489 0 4
cpu 12 166006 0 46212 2812989 6939 0 1
cpu 15 164939 2 45070 2814791 6469 0 3
cpu 14 158896 0 46334 2820464 6453 0 4
cpu 17 150250 0 45218 2829491 6652 0 1
cpu 16 160143 0 43759 2822732 5879 0 1
cpu 19 130935 0 31459 2863757 6199 0 1
cpu 18 177160 5 31841 2817864 5747 0 2
cpu 1 169436 0 35559 2813552 8149 0 735
cpu 0 199808 45 34800 2759427 9923 0 1151
cpu 3 188362 0 51756 2782446 7418 0 596
cpu 2 183040 0 47712 2790212 9220 0 190
cpu 5 188513 0 52276 2783345 7332 0 454
cpu 4 182675 1 52717 2787494 7815 0 112
cpu 7 170186 0 51389 2803023 6437 0 540
cpu 6 193262 0 51670 2779090 7713 0 326
cpu 9 161630 0 51249 2808826 7653 0 376
cpu 8 156924 0 57523 2809362 6030 0 336
mem 1 99033092 97113728 1919364 54060 1228812 156 0 1099248 70124 183744 3836 0 0 174568 0 0 0
mem 0 97636988 62034200 35602788 371680 34161104 236 0 34061004 1554540 475304 8604 0 0 462492 4096 0 0
net lo 0 0 2853844 0 0 0 0 0 0 0 0 0 23316 0 2853844 0 0 0 0 0 0 23316 0
net virbr0 0 732 9961194291 0 0 0 0 0 0 0 0 0 39720187 0 38380411728 0 0 0 0 0 0 23511600 0
net eno1 0 151456 40327720703 0 0 351 0 0 0 0 0 0 30184203 0 1206797839 0 0 0 0 0 0 5951765 0
net vnet35 0 0 373564 0 0 0 0 0 0 0 0 0 2029 0 359073 0 0 0 0 0 0 1677 0
numa 1 101025456 18781169 10118603 29535 100981197 18825411
numa 0 101789287 10118603 18781169 29710 101787658 10119838
ps - 487639363 212938 520 307 218 6 688
sysv_shm - 0 0
tmpfs /run/lock 0 6
tmpfs /run 2080768 1098
tmpfs /run/user/20029 0 20
tmpfs /run/qemu 0 1
tmpfs /dev/shm 37615439872 105371
vfs - 133599 2424 183088
vm - 2 20070816 434398953 252290 1617408 230256621 276096071 75480412 6522712 172778337 54209 0 0 0 0 0 1811072 0 311878 5997 0 1617252 74 0 3 0 0

1778475634.841112 0 node0.mimesys-workload.ldos-ut-pg0.wisc.cloudlab.us
block sda 497174 209242 40134160 286889 2625875 17764903 868797907 12868679 0 2204708 13417410
block sdb 479 0 7540 438 4 0 0 0 0 556 439
cpu 11 167617 0 52003 2804625 6811 0 5
cpu 10 194019 2 46879 2784586 8882 0 4
cpu 13 163116 0 47216 2814235 6489 0 4
cpu 12 166009 0 46214 2813087 6939 0 1
cpu 15 164941 2 45072 2814890 6469 0 3
cpu 14 158898 0 46336 2820564 6453 0 4
cpu 17 150254 0 45221 2829587 6652 0 1
cpu 16 160144 0 43759 2822834 5879 0 1
cpu 19 130936 0 31461 2863858 6199 0 1
cpu 18 177161 5 31844 2817963 5747 0 2
cpu 1 169523 0 35560 2813568 8149 0 735
cpu 0 199895 45 34801 2759445 9923 0 1151
cpu 3 188442 0 51757 2782465 7418 0 596
cpu 2 183118 0 47714 2790236 9220 0 190
cpu 5 188590 0 52276 2783368 7332 0 454
cpu 4 182742 1 52720 2787523 7815 0 112
cpu 7 170188 0 51390 2803125 6437 0 540
cpu 6 193262 0 51670 2779193 7713 0 326
cpu 9 161632 0 51249 2808928 7653 0 376
cpu 8 156928 0 57524 2809461 6030 0 336
mem 1 99033092 97112692 1920400 54064 1229368 176 0 1099252 70380 184280 3968 0 0 174560 0 0 0
mem 0 97636988 62034200 35602788 371680 34161060 260 0 34061120 1554720 475204 8568 0 0 462484 4096 0 0
net lo 0 0 2855011 0 0 0 0 0 0 0 0 0 23324 0 2855011 0 0 0 0 0 0 23324 0
net virbr0 0 732 9961198969 0 0 0 0 0 0 0 0 0 39720215 0 38380416416 0 0 0 0 0 0 23511621 0
net eno1 0 151456 40327727334 0 0 351 0 0 0 0 0 0 30184304 0 1206798351 0 0 0 0 0 0 5951770 0
net vnet35 0 0 378634 0 0 0 0 0 0 0 0 0 2057 0 363813 0 0 0 0 0 0 1699 0
numa 1 101034889 18781169 10118603 29535 100990630 18825411
numa 0 101789786 10118603 18781169 29710 101788157 10119838
ps - 487646869 213018 526 312 220 6 688
sysv_shm - 0 0
tmpfs /run/lock 0 6
tmpfs /run 2080768 1098
tmpfs /run/user/20029 0 20
tmpfs /run/qemu 0 1
tmpfs /dev/shm 37615439872 105371
vfs - 133589 2384 183008
vm - 2 20070816 434398953 252290 1617408 230266553 276105988 75480418 6522712 172793800 54209 0 0 0 0 0 1811072 0 311878 5997 0 1617252 74 0 3 0 0

1778475635.882225 0 node0.mimesys-workload.ldos-ut-pg0.wisc.cloudlab.us
block sda 497174 209242 40134160 286889 2625952 17764903 868798627 12868692 0 2204712 13417424
block sdb 479 0 7540 438 4 0 0 0 0 556 439
cpu 11 167618 0 52006 2804725 6811 0 5
cpu 10 194020 2 46880 2784687 8882 0 4
cpu 13 163117 0 47219 2814337 6489 0 4
cpu 12 166012 0 46218 2813185 6939 0 1
cpu 15 164942 2 45076 2814989 6469 0 3
cpu 14 158900 0 46338 2820662 6453 0 4
cpu 17 150255 0 45223 2829688 6652 0 1
cpu 16 160146 0 43764 2822932 5879 0 1
cpu 19 130938 0 31462 2863959 6199 0 1
cpu 18 177161 5 31846 2818065 5747 0 2
cpu 1 169594 0 35560 2813595 8149 0 735
cpu 0 199978 45 34802 2759463 9923 0 1151
cpu 3 188518 0 51759 2782489 7418 0 596
cpu 2 183194 0 47715 2790262 9220 0 190
cpu 5 188655 0 52276 2783399 7332 0 454
cpu 4 182819 1 52721 2787549 7815 0 112
cpu 7 170190 0 51391 2803225 6437 0 540
cpu 6 193262 0 51671 2779296 7713 0 326
cpu 9 161632 0 51249 2809031 7653 0 376
cpu 8 156929 0 57524 2809565 6030 0 336
mem 1 99033092 97110992 1922100 54064 1230272 140 0 1099256 70568 185108 3672 0 0 174600 0 0 0
mem 0 97636988 62034200 35602788 371680 34161236 144 0 34061120 1554720 475284 8596 0 0 462484 4096 0 0
net lo 0 0 2856178 0 0 0 0 0 0 0 0 0 23332 0 2856178 0 0 0 0 0 0 23332 0
net virbr0 0 732 9961201943 0 0 0 0 0 0 0 0 0 39720233 0 38380420196 0 0 0 0 0 0 23511634 0
net eno1 0 151465 40327734067 0 0 351 0 0 0 0 0 0 30184406 0 1206799947 0 0 0 0 0 0 5951779 0
net vnet35 0 0 381860 0 0 0 0 0 0 0 0 0 2075 0 367593 0 0 0 0 0 0 1712 0
numa 1 101043771 18781169 10118603 29535 100999512 18825411
numa 0 101790726 10118603 18781169 29710 101789097 10119838
ps - 487655468 213097 526 312 220 7 688
sysv_shm - 0 0
tmpfs /run/lock 0 6
tmpfs /run 2080768 1098
tmpfs /run/user/20029 0 20
tmpfs /run/qemu 0 1
tmpfs /dev/shm 37615439872 105371
vfs - 133594 2384 183034
vm - 2 20070816 434399313 252290 1617408 230276375 276115415 75480419 6522712 172809118 54209 0 0 0 0 0 1811072 0 311878 5997 0 1617252 74 0 3 0 0

1778475636.922413 0 node0.mimesys-workload.ldos-ut-pg0.wisc.cloudlab.us
block sda 497174 209242 40134160 286889 2625958 17764914 868798763 12868693 0 2204720 13417425
block sdb 479 0 7540 438 4 0 0 0 0 556 439
cpu 11 167619 0 52008 2804826 6811 0 5
cpu 10 194021 2 46883 2784787 8882 0 4
cpu 13 163117 0 47222 2814437 6489 0 4
cpu 12 166016 0 46221 2813282 6939 0 1
cpu 15 164945 2 45080 2815088 6469 0 3
cpu 14 158901 0 46340 2820763 6453 0 4
cpu 17 150256 0 45224 2829790 6652 0 1
cpu 16 160148 0 43765 2823033 5879 0 1
cpu 19 130938 0 31463 2864062 6199 0 1
cpu 18 177161 5 31847 2818166 5747 0 2
cpu 1 169679 0 35562 2813612 8149 0 735
cpu 0 200054 45 34803 2759490 9923 0 1151
cpu 3 188600 0 51760 2782510 7418 0 596
cpu 2 183270 0 47716 2790286 9220 0 190
cpu 5 188729 0 52277 2783423 7332 0 454
cpu 4 182899 1 52723 2787571 7815 0 112
cpu 7 170191 0 51392 2803327 6437 0 540
cpu 6 193262 0 51671 2779399 7713 0 326
cpu 9 161632 0 51249 2809134 7654 0 376
cpu 8 156929 0 57524 2809668 6030 0 336
mem 1 99033092 97108980 1924112 54064 1228888 144 0 1099260 70124 183784 3884 0 0 174600 0 0 0
mem 0 97636988 62033448 35603540 371680 34161508 160 0 34061424 1555016 475296 8612 0 0 462484 4096 0 0
net lo 0 0 2856735 0 0 0 0 0 0 0 0 0 23336 0 2856735 0 0 0 0 0 0 23336 0
net virbr0 0 732 9961203723 0 0 0 0 0 0 0 0 0 39720244 0 38380421194 0 0 0 0 0 0 23511643 0
net eno1 0 151465 40327741762 0 0 351 0 0 0 0 0 0 30184526 0 1206801316 0 0 0 0 0 0 5951786 0
net vnet35 0 0 383794 0 0 0 0 0 0 0 0 0 2086 0 368643 0 0 0 0 0 0 1722 0
numa 1 101051578 18781169 10118603 29535 101007319 18825411
numa 0 101791257 10118603 18781169 29710 101789628 10119838
ps - 487662801 213171 526 312 220 6 688
sysv_shm - 0 0
tmpfs /run/lock 0 6
tmpfs /run 2080768 1098
tmpfs /run/user/20029 0 20
tmpfs /run/qemu 0 1
tmpfs /dev/shm 37615439872 105371
vfs - 133599 2384 183088
vm - 2 20070816 434399381 252290 1617408 230284713 276124040 75480421 6522712 172821940 54209 0 0 0 0 0 1811072 0 311878 5997 0 1617252 74 0 3 0 0

1778475637.964079 0 node0.mimesys-workload.ldos-ut-pg0.wisc.cloudlab.us
block sda 497174 209242 40134160 286889 2625961 17764914 868798787 12868695 0 2204724 13417427
block sdb 479 0 7540 438 4 0 0 0 0 556 439
cpu 11 167620 0 52010 2804927 6811 0 5
cpu 10 194022 2 46886 2784888 8882 0 4
cpu 13 163120 0 47226 2814534 6489 0 4
cpu 12 166018 0 46223 2813383 6939 0 1
cpu 15 164948 2 45082 2815188 6469 0 3
cpu 14 158902 0 46342 2820863 6453 0 4
cpu 17 150257 0 45226 2829889 6652 0 1
cpu 16 160149 0 43768 2823134 5879 0 1
cpu 19 130938 0 31465 2864164 6199 0 1
cpu 18 177162 5 31849 2818266 5747 0 2
cpu 1 169750 0 35563 2813638 8149 0 735
cpu 0 200123 45 34805 2759517 9923 0 1151
cpu 3 188685 0 51760 2782529 7418 0 596
cpu 2 183354 0 47716 2790305 9220 0 190
cpu 5 188816 0 52278 2783440 7332 0 454
cpu 4 182976 1 52724 2787594 7815 0 112
cpu 7 170193 0 51394 2803428 6437 0 540
cpu 6 193262 0 51671 2779502 7713 0 326
cpu 9 161637 0 51249 2809234 7654 0 376
cpu 8 156930 0 57525 2809770 6030 0 336
mem 1 99033092 97106976 1926116 54064 1230140 172 0 1099260 70868 185068 3904 0 0 174712 0 0 0
mem 0 97636988 62033448 35603540 371688 34161668 184 0 34061452 1555044 475440 8612 0 0 462484 4096 0 0
net lo 0 0 2857902 0 0 0 0 0 0 0 0 0 23344 0 2857902 0 0 0 0 0 0 23344 0
net virbr0 0 732 9961207449 0 0 0 0 0 0 0 0 0 39720262 0 38380424884 0 0 0 0 0 0 23511655 0
net eno1 0 151478 40327747973 0 0 351 0 0 0 0 0 0 30184620 0 1206801828 0 0 0 0 0 0 5951791 0
net vnet35 0 0 387772 0 0 0 0 0 0 0 0 0 2104 0 372333 0 0 0 0 0 0 1734 0
numa 1 101060672 18781169 10118603 29535 101016413 18825411
numa 0 101792145 10118603 18781169 29710 101790516 10119838
ps - 487670828 213251 526 312 220 2 688
sysv_shm - 0 0
tmpfs /run/lock 0 6
tmpfs /run 2080768 1098
tmpfs /run/user/20029 0 20
tmpfs /run/qemu 0 1
tmpfs /dev/shm 37615439872 105371
vfs - 133591 2504 183010
vm - 2 20070816 434399393 252290 1617408 230294696 276133530 75480424 6522712 172837360 54209 0 0 0 0 0 1811072 0 311878 5997 0 1617252 74 0 3 0 0

1778475639.005696 0 node0.mimesys-workload.ldos-ut-pg0.wisc.cloudlab.us
block sda 497174 209242 40134160 286889 2625965 17764914 868798883 12868696 0 2204728 13417427
block sdb 479 0 7540 438 4 0 0 0 0 556 439
cpu 11 167622 0 52011 2805028 6811 0 5
cpu 10 194026 2 46888 2784987 8882 0 4
cpu 13 163121 0 47228 2814636 6489 0 4
cpu 12 166020 0 46226 2813482 6939 0 1
cpu 15 164948 2 45084 2815288 6469 0 3
cpu 14 158903 0 46346 2820962 6453 0 4
cpu 17 150258 0 45228 2829988 6652 0 1
cpu 16 160150 0 43770 2823235 5879 0 1
cpu 19 130939 0 31467 2864266 6199 0 1
cpu 18 177162 5 31852 2818368 5747 0 2
cpu 1 169818 0 35565 2813672 8149 0 736
cpu 0 200186 45 34808 2759553 9923 0 1151
cpu 3 188754 0 51762 2782558 7418 0 596
cpu 2 183418 0 47717 2790341 9220 0 190
cpu 5 188884 0 52281 2783472 7332 0 454
cpu 4 183050 1 52726 2787623 7815 0 112
cpu 7 170194 0 51396 2803529 6437 0 540
cpu 6 193262 0 51672 2779604 7713 0 326
cpu 9 161638 0 51251 2809337 7654 0 376
cpu 8 156930 0 57525 2809873 6030 0 336
mem 1 99033092 97107988 1925104 54060 1228684 188 0 1099264 70124 183576 3888 0 0 174640 0 0 0
mem 0 97636988 62031436 35605552 371696 34161960 204 0 34061624 1555212 475512 8612 0 0 462484 4096 0 0
net lo 0 0 2858459 0 0 0 0 0 0 0 0 0 23348 0 2858459 0 0 0 0 0 0 23348 0
net virbr0 0 732 9961208401 0 0 0 0 0 0 0 0 0 39720272 0 38380425882 0 0 0 0 0 0 23511664 0
net eno1 0 151478 40327754456 0 0 351 0 0 0 0 0 0 30184720 0 1206803115 0 0 0 0 0 0 5951797 0
net vnet35 0 0 388864 0 0 0 0 0 0 0 0 0 2114 0 373383 0 0 0 0 0 0 1744 0
numa 1 101067908 18781169 10118603 29535 101023649 18825411
numa 0 101793708 10118603 18781169 29710 101792079 10119838
ps - 487678195 213329 526 312 220 8 688
sysv_shm - 0 0
tmpfs /run/lock 0 6
tmpfs /run 2080768 1098
tmpfs /run/user/20029 0 20
tmpfs /run/qemu 0 1
tmpfs /dev/shm 37615439872 105371
vfs - 133592 2464 183045
vm - 2 20070816 434399441 252290 1617408 230303494 276142757 75480427 6522712 172850809 54209 0 0 0 0 0 1811072 0 311878 5997 0 1617252 74 0 3 0 0

1778475640.043648 0 node0.mimesys-workload.ldos-ut-pg0.wisc.cloudlab.us
block sda 497174 209242 40134160 286889 2625965 17764914 868798883 12868696 0 2204728 13417427
block sdb 479 0 7540 438 4 0 0 0 0 556 439
cpu 11 167625 0 52013 2805127 6811 0 5
cpu 10 194026 2 46890 2785087 8882 0 4
cpu 13 163122 0 47230 2814736 6489 0 4
cpu 12 166021 0 46230 2813580 6939 0 1
cpu 15 164950 2 45087 2815388 6469 0 3
cpu 14 158904 0 46348 2821062 6453 0 4
cpu 17 150260 0 45231 2830087 6652 0 1
cpu 16 160150 0 43772 2823335 5879 0 1
cpu 19 130941 0 31468 2864367 6199 0 1
cpu 18 177165 5 31857 2818464 5747 0 2
cpu 1 169902 0 35566 2813690 8149 0 736
cpu 0 200260 45 34809 2759578 9923 0 1151
cpu 3 188827 0 51764 2782583 7418 0 596
cpu 2 183494 0 47718 2790365 9220 0 190
cpu 5 188961 0 52282 2783495 7332 0 454
cpu 4 183130 1 52728 2787645 7815 0 112
cpu 7 170195 0 51396 2803630 6437 0 540
cpu 6 193262 0 51672 2779707 7713 0 326
cpu 9 161638 0 51251 2809440 7654 0 376
cpu 8 156936 0 57526 2809971 6030 0 336
mem 1 99033092 97106984 1926108 54068 1229308 208 0 1099264 70124 184660 3892 0 0 174632 0 0 0
mem 0 97636988 62031436 35605552 371692 34161280 236 0 34061640 1555228 474800 8576 0 0 462484 4096 0 0
net lo 0 0 2859626 0 0 0 0 0 0 0 0 0 23356 0 2859626 0 0 0 0 0 0 23356 0
net virbr0 0 732 9961213079 0 0 0 0 0 0 0 0 0 39720300 0 38380430570 0 0 0 0 0 0 23511685 0
net eno1 0 151486 40327760013 0 0 351 0 0 0 0 0 0 30184803 0 1206804555 0 0 0 0 0 0 5951804 0
net vnet35 0 0 393934 0 0 0 0 0 0 0 0 0 2142 0 378071 0 0 0 0 0 0 1765 0
numa 1 101077301 18781169 10118603 29535 101033042 18825411
numa 0 101794266 10118603 18781169 29710 101792637 10119838
ps - 487685715 213409 532 316 222 4 685
sysv_shm - 0 0
tmpfs /run/lock 0 6
tmpfs /run 2080768 1098
tmpfs /run/user/20029 0 20
tmpfs /run/qemu 0 1
tmpfs /dev/shm 37615439872 105371
vfs - 133598 2384 183062
vm - 2 20070816 434399441 252290 1617408 230313445 276152732 75480431 6522712 172866250 54209 0 0 0 0 0 1811072 0 311878 5997 0 1617252 74 0 3 0 0

1778475641.085005 0 node0.mimesys-workload.ldos-ut-pg0.wisc.cloudlab.us
block sda 497174 209242 40134160 286889 2626046 17764914 868799627 12868707 0 2204732 13417439
block sdb 479 0 7540 438 4 0 0 0 0 556 439
cpu 11 167627 0 52015 2805227 6811 0 5
cpu 10 194028 2 46894 2785185 8882 0 4
cpu 13 163123 0 47233 2814837 6489 0 4
cpu 12 166024 0 46234 2813677 6939 0 1
cpu 15 164950 2 45089 2815489 6469 0 3
cpu 14 158906 0 46348 2821163 6453 0 4
cpu 17 150262 0 45234 2830187 6652 0 1
cpu 16 160152 0 43776 2823434 5879 0 1
cpu 19 130941 0 31470 2864469 6199 0 1
cpu 18 177165 5 31858 2818566 5747 0 2
cpu 1 169976 0 35567 2813713 8149 0 736
cpu 0 200335 45 34813 2759601 9923 0 1151
cpu 3 188906 0 51766 2782605 7418 0 596
cpu 2 183558 0 47722 2790397 9220 0 190
cpu 5 189038 0 52284 2783519 7332 0 454
cpu 4 183204 1 52729 2787669 7815 0 112
cpu 7 170198 0 51397 2803730 6437 0 540
cpu 6 193262 0 51672 2779810 7713 0 326
cpu 9 161641 0 51251 2809540 7654 0 376
cpu 8 156937 0 57526 2810074 6030 0 336
mem 1 99033092 97105752 1927340 54076 1230444 140 0 1099268 70916 185312 3940 0 0 174624 0 0 0
mem 0 97636988 62031688 35605300 371692 34161900 148 0 34061640 1555228 475420 8560 0 0 462484 4096 0 0
net lo 0 0 2860793 0 0 0 0 0 0 0 0 0 23364 0 2860793 0 0 0 0 0 0 23364 0
net virbr0 0 732 9961215977 0 0 0 0 0 0 0 0 0 39720317 0 38380434260 0 0 0 0 0 0 23511697 0
net eno1 0 151486 40327766284 0 0 351 0 0 0 0 0 0 30184898 0 1206805121 0 0 0 0 0 0 5951810 0
net vnet35 0 0 397070 0 0 0 0 0 0 0 0 0 2159 0 381813 0 0 0 0 0 0 1778 0
numa 1 101086490 18781169 10118603 29535 101042231 18825411
numa 0 101794869 10118603 18781169 29710 101793240 10119838
ps - 487694302 213488 532 316 222 4 685
sysv_shm - 0 0
tmpfs /run/lock 0 6
tmpfs /run 2080768 1098
tmpfs /run/user/20029 0 20
tmpfs /run/qemu 0 1
tmpfs /dev/shm 37615439872 105371
vfs - 133591 2384 182992
vm - 2 20070816 434399813 252290 1617408 230323237 276162170 75480433 6522712 172881520 54209 0 0 0 0 0 1811072 0 311878 5997 0 1617252 74 0 3 0 0

1778475642.123025 0 node0.mimesys-workload.ldos-ut-pg0.wisc.cloudlab.us
block sda 497174 209242 40134160 286889 2626051 17764926 868799763 12868708 0 2204736 13417440
block sdb 479 0 7540 438 4 0 0 0 0 556 439
cpu 11 167628 0 52017 2805327 6811 0 5
cpu 10 194030 2 46897 2785285 8882 0 4
cpu 13 163124 0 47233 2814938 6489 0 4
cpu 12 166025 0 46237 2813776 6939 0 1
cpu 15 164951 2 45092 2815588 6469 0 3
cpu 14 158908 0 46350 2821264 6453 0 4
cpu 17 150265 0 45236 2830285 6652 0 1
cpu 16 160153 0 43779 2823534 5879 0 1
cpu 19 130942 0 31472 2864570 6199 0 1
cpu 18 177166 5 31859 2818667 5747 0 2
cpu 1 170050 0 35567 2813741 8149 0 736
cpu 0 200411 45 34814 2759625 9923 0 1151
cpu 3 188982 0 51768 2782628 7418 0 596
cpu 2 183638 0 47723 2790422 9220 0 190
cpu 5 189115 0 52285 2783544 7332 0 454
cpu 4 183280 1 52731 2787695 7815 0 112
cpu 7 170198 0 51397 2803834 6437 0 540
cpu 6 193262 0 51672 2779914 7713 0 326
cpu 9 161642 0 51252 2809643 7654 0 376
cpu 8 156938 0 57526 2810177 6030 0 336
mem 1 99033092 97104500 1928592 54072 1229344 144 0 1099268 70124 184228 3884 0 0 174680 0 0 0
mem 0 97636988 62031940 35605048 371692 34161452 168 0 34061708 1555288 474860 8612 0 0 462488 4096 0 0
net lo 0 0 2861350 0 0 0 0 0 0 0 0 0 23368 0 2861350 0 0 0 0 0 0 23368 0
net virbr0 0 732 9961217757 0 0 0 0 0 0 0 0 0 39720328 0 38380435258 0 0 0 0 0 0 23511706 0
net eno1 0 151499 40327772947 0 0 351 0 0 0 0 0 0 30185001 0 1206806422 0 0 0 0 0 0 5951817 0
net vnet35 0 0 399004 0 0 0 0 0 0 0 0 0 2170 0 382811 0 0 0 0 0 0 1787 0
numa 1 101094497 18781169 10118603 29535 101050238 18825411
numa 0 101795096 10118603 18781169 29710 101793467 10119838
ps - 487702015 213562 532 316 222 4 685
sysv_shm - 0 0
tmpfs /run/lock 0 6
tmpfs /run 2080768 1098
tmpfs /run/user/20029 0 20
tmpfs /run/qemu 0 1
tmpfs /dev/shm 37615439872 105371
vfs - 133592 2344 183014
vm - 2 20070816 434399881 252290 1617408 230331471 276170755 75480435 6522712 172894306 54209 0 0 0 0 0 1811072 0 311878 5997 0 1617252 74 0 3 0 0

1778475643.164705 0 node0.mimesys-workload.ldos-ut-pg0.wisc.cloudlab.us
block sda 497174 209242 40134160 286889 2626055 17764926 868799795 12868711 0 2204740 13417443
block sdb 479 0 7540 438 4 0 0 0 0 556 439
cpu 11 167632 0 52020 2805426 6811 0 5
cpu 10 194034 2 46900 2785381 8882 0 4
cpu 13 163128 0 47237 2815035 6489 0 4
cpu 12 166029 0 46242 2813871 6939 0 1
cpu 15 164953 2 45096 2815685 6469 0 3
cpu 14 158916 0 46354 2821355 6453 0 4
cpu 17 150268 0 45241 2830382 6652 0 1
cpu 16 160156 0 43782 2823631 5879 0 1
cpu 19 130964 0 31478 2864646 6199 0 1
cpu 18 177169 5 31862 2818765 5747 0 2
cpu 1 170130 0 35568 2813762 8149 0 736
cpu 0 200483 45 34817 2759654 9923 0 1151
cpu 3 189061 0 51768 2782648 7418 0 596
cpu 2 183712 0 47724 2790447 9220 0 190
cpu 5 189201 0 52286 2783560 7332 0 454
cpu 4 183364 1 52732 2787712 7815 0 112
cpu 7 170202 0 51398 2803933 6437 0 540
cpu 6 193281 0 51672 2779997 7713 0 326
cpu 9 161645 0 51253 2809742 7654 0 376
cpu 8 156945 0 57528 2810271 6030 0 336
mem 1 99033092 97119872 1913220 54080 1228824 152 0 1099272 70380 183728 3884 0 0 175080 0 0 0
mem 0 97636988 62035096 35601892 371764 34162228 204 0 34061708 1555288 475768 8612 0 0 462464 4096 0 0
net lo 0 0 2864028 0 0 0 0 0 0 0 0 0 23400 0 2864028 0 0 0 0 0 0 23400 0
net virbr0 0 732 9961222435 0 0 0 0 0 0 0 0 0 39720356 0 38380439946 0 0 0 0 0 0 23511727 0
net eno1 0 151499 40327779631 0 0 351 0 0 0 0 0 0 30185100 0 1206807903 0 0 0 0 0 0 5951825 0
net vnet35 0 0 404074 0 0 0 0 0 0 0 0 0 2198 0 387551 0 0 0 0 0 0 1809 0
numa 1 101114512 18781169 10118603 29535 101070253 18825411
numa 0 101799024 10118603 18781169 29710 101797395 10119838
ps - 487716000 213746 532 316 222 4 685
sysv_shm - 0 0
tmpfs /run/lock 0 6
tmpfs /run 2080768 1098
tmpfs /run/user/20029 0 20
tmpfs /run/qemu 0 1
tmpfs /dev/shm 37615439872 105371
vfs - 133598 2344 183062
vm - 2 20070816 434399897 252290 1617408 230355414 276194618 75481279 6522712 172925058 54209 0 0 0 0 0 1811072 0 311878 5997 0 1617252 74 0 3 0 0

1778475644.195613 0 node0.mimesys-workload.ldos-ut-pg0.wisc.cloudlab.us
block sda 497174 209242 40134160 286889 2626055 17764926 868799795 12868711 0 2204740 13417443
block sdb 479 0 7540 438 4 0 0 0 0 556 439
cpu 11 167634 0 52021 2805525 6811 0 5
cpu 10 194035 2 46904 2785480 8882 0 4
cpu 13 163130 0 47240 2815133 6489 0 4
cpu 12 166030 0 46244 2813969 6939 0 1
cpu 15 164954 2 45099 2815783 6469 0 3
cpu 14 158918 0 46355 2821455 6453 0 4
cpu 17 150268 0 45242 2830484 6652 0 1
cpu 16 160157 0 43784 2823731 5879 0 1
cpu 19 130965 0 31479 2864748 6199 0 1
cpu 18 177172 5 31864 2818864 5747 0 2
cpu 1 170212 0 35570 2813782 8149 0 737
cpu 0 200554 45 34819 2759679 9923 0 1151
cpu 3 189127 0 51770 2782679 7418 0 596
cpu 2 183790 0 47725 2790469 9220 0 190
cpu 5 189273 0 52287 2783588 7332 0 454
cpu 4 183440 1 52733 2787735 7815 0 112
cpu 7 170202 0 51398 2804036 6437 0 540
cpu 6 193281 0 51672 2780099 7713 0 326
cpu 9 161646 0 51254 2809843 7654 0 376
cpu 8 156947 0 57528 2810371 6030 0 336
mem 1 99033092 97116604 1916488 54092 1229568 164 0 1099272 71012 184508 3940 0 0 174960 0 0 0
mem 0 97636988 62034088 35602900 371780 34162228 216 0 34061740 1555764 475724 8600 0 0 462464 4096 0 0
net lo 0 0 2865195 0 0 0 0 0 0 0 0 0 23408 0 2865195 0 0 0 0 0 0 23408 0
net virbr0 0 732 9961222435 0 0 0 0 0 0 0 0 0 39720356 0 38380439946 0 0 0 0 0 0 23511727 0
net eno1 0 151509 40327786103 0 0 351 0 0 0 0 0 0 30185193 0 1206808415 0 0 0 0 0 0 5951830 0
net vnet35 0 0 404074 0 0 0 0 0 0 0 0 0 2198 0 387551 0 0 0 0 0 0 1809 0
numa 1 101122932 18781169 10118603 29535 101078673 18825411
numa 0 101799612 10118603 18781169 29710 101797983 10119838
ps - 487724340 213824 514 316 222 6 685
sysv_shm - 0 0
tmpfs /run/lock 0 6
tmpfs /run 2080768 1098
tmpfs /run/user/20029 0 20
tmpfs /run/qemu 0 1
tmpfs /dev/shm 37615439872 105371
vfs - 133598 2384 182985
vm - 2 20070816 434399897 252290 1617408 230364423 276203009 75481283 6522712 172939009 54209 0 0 0 0 0 1811072 0 311878 5997 0 1617252 74 0 3 0 0

1778475645.237297 0 node0.mimesys-workload.ldos-ut-pg0.wisc.cloudlab.us
block sda 497174 209242 40134160 286889 2626059 17764926 868799883 12868711 0 2204748 13417444
block sdb 479 0 7540 438 4 0 0 0 0 556 439
cpu 11 167634 0 52024 2805626 6811 0 5
cpu 10 194037 2 46906 2785580 8882 0 4
cpu 13 163130 0 47242 2815235 6489 0 4
cpu 12 166035 0 46247 2814066 6939 0 1
cpu 15 164958 2 45102 2815881 6469 0 3
cpu 14 158918 0 46357 2821556 6453 0 4
cpu 17 150269 0 45245 2830584 6652 0 1
cpu 16 160158 0 43786 2823833 5879 0 1
cpu 19 130965 0 31480 2864849 6199 0 1
cpu 18 177176 5 31867 2818963 5747 0 2
cpu 1 170290 0 35571 2813806 8149 0 737
cpu 0 200628 45 34821 2759703 9923 0 1151
cpu 3 189201 0 51770 2782703 7418 0 596
cpu 2 183877 0 47726 2790486 9220 0 190
cpu 5 189353 0 52290 2783607 7332 0 454
cpu 4 183510 1 52734 2787763 7815 0 112
cpu 7 170203 0 51399 2804138 6437 0 540
cpu 6 193282 0 51672 2780201 7713 0 326
cpu 9 161648 0 51254 2809946 7654 0 376
cpu 8 156952 0 57529 2810470 6030 0 336
mem 1 99033092 97112828 1920264 54096 1228836 180 0 1099276 70124 183780 3884 0 0 174776 0 0 0
mem 0 97636988 62033332 35603656 371780 34161812 252 0 34061752 1555332 475292 8600 0 0 462472 4096 0 0
net lo 0 0 2865752 0 0 0 0 0 0 0 0 0 23412 0 2865752 0 0 0 0 0 0 23412 0
net virbr0 0 732 9961227113 0 0 0 0 0 0 0 0 0 39720384 0 38380444634 0 0 0 0 0 0 23511748 0
net eno1 0 151509 40327792226 0 0 351 0 0 0 0 0 0 30185287 0 1206809742 0 0 0 0 0 0 5951836 0
net vnet35 0 0 409144 0 0 0 0 0 0 0 0 0 2226 0 392291 0 0 0 0 0 0 1831 0
numa 1 101131747 18781169 10118603 29535 101087488 18825411
numa 0 101800203 10118603 18781169 29710 101798574 10119838
ps - 487732497 213903 514 316 222 7 681
sysv_shm - 0 0
tmpfs /run/lock 0 6
tmpfs /run 2080768 1098
tmpfs /run/user/20029 0 20
tmpfs /run/qemu 0 1
tmpfs /dev/shm 37615439872 105371
vfs - 133592 2304 182983
vm - 2 20070816 434399941 252290 1617408 230373853 276213084 75481288 6522712 172953619 54209 0 0 0 0 0 1811072 0 311878 5997 0 1617252 74 0 3 0 0

1778475646.277502 0 node0.mimesys-workload.ldos-ut-pg0.wisc.cloudlab.us
block sda 497174 209242 40134160 286889 2626140 17764926 868800603 12868724 0 2204752 13417456
block sdb 479 0 7540 438 4 0 0 0 0 556 439
cpu 11 167634 0 52027 2805726 6811 0 5
cpu 10 194040 2 46910 2785677 8882 0 4
cpu 13 163131 0 47244 2815335 6489 0 4
cpu 12 166037 0 46252 2814163 6939 0 1
cpu 15 164958 2 45105 2815981 6469 0 3
cpu 14 158922 0 46360 2821654 6453 0 4
cpu 17 150269 0 45248 2830685 6652 0 1
cpu 16 160160 0 43788 2823934 5879 0 1
cpu 19 130966 0 31482 2864951 6199 0 1
cpu 18 177177 5 31870 2819062 5747 0 2
cpu 1 170355 0 35573 2813841 8149 0 737
cpu 0 200697 45 34822 2759735 9923 0 1151
cpu 3 189272 0 51772 2782732 7418 0 596
cpu 2 183950 0 47726 2790515 9220 0 190
cpu 5 189426 0 52291 2783634 7332 0 454
cpu 4 183586 1 52736 2787787 7815 0 112
cpu 7 170204 0 51400 2804239 6437 0 540
cpu 6 193282 0 51672 2780304 7713 0 326
cpu 9 161652 0 51254 2810045 7654 0 376
cpu 8 156953 0 57529 2810573 6030 0 336
mem 1 99033092 97123540 1909552 54096 1230584 136 0 1099276 70864 185944 3876 0 0 174832 0 0 0
mem 0 97636988 62033584 35603404 371780 34161328 156 0 34061756 1555332 474808 8564 0 0 462488 4096 0 0
net lo 0 0 2866919 0 0 0 0 0 0 0 0 0 23420 0 2866919 0 0 0 0 0 0 23420 0
net virbr0 0 732 9961229855 0 0 0 0 0 0 0 0 0 39720398 0 38380448324 0 0 0 0 0 0 23511760 0
net eno1 0 151517 40327798781 0 0 351 0 0 0 0 0 0 30185382 0 1206811192 0 0 0 0 0 0 5951842 0
net vnet35 0 0 412082 0 0 0 0 0 0 0 0 0 2240 0 395981 0 0 0 0 0 0 1843 0
numa 1 101141447 18781169 10118603 29535 101097188 18825411
numa 0 101800739 10118603 18781169 29710 101799110 10119838
ps - 487741665 213985 514 316 222 6 681
sysv_shm - 0 0
tmpfs /run/lock 0 6
tmpfs /run 2080768 1098
tmpfs /run/user/20029 0 20
tmpfs /run/qemu 0 1
tmpfs /dev/shm 37615439872 105371
vfs - 133600 2384 183040
vm - 2 20070816 434400301 252290 1617408 230384088 276222989 75481290 6522712 172969527 54209 0 0 0 0 0 1811072 0 311878 5997 0 1617252 74 0 3 0 0

1778475647.317704 0 node0.mimesys-workload.ldos-ut-pg0.wisc.cloudlab.us
block sda 497174 209242 40134160 286889 2626148 17764939 868800811 12868726 0 2204760 13417458
block sdb 479 0 7540 438 4 0 0 0 0 556 439
cpu 11 167636 0 52028 2805826 6811 0 5
cpu 10 194042 2 46913 2785777 8882 0 4
cpu 13 163132 0 47246 2815437 6489 0 4
cpu 12 166038 0 46254 2814265 6939 0 1
cpu 15 164960 2 45107 2816080 6469 0 3
cpu 14 158924 0 46363 2821754 6453 0 4
cpu 17 150270 0 45249 2830786 6652 0 1
cpu 16 160160 0 43790 2824034 5879 0 1
cpu 19 130967 0 31482 2865053 6199 0 1
cpu 18 177179 5 31871 2819164 5747 0 2
cpu 1 170428 0 35574 2813871 8149 0 737
cpu 0 200779 45 34823 2759755 9923 0 1151
cpu 3 189350 0 51773 2782755 7418 0 596
cpu 2 184025 0 47727 2790544 9220 0 190
cpu 5 189498 0 52293 2783661 7332 0 454
cpu 4 183658 1 52737 2787813 7815 0 112
cpu 7 170206 0 51400 2804342 6437 0 540
cpu 6 193282 0 51672 2780407 7713 0 326
cpu 9 161652 0 51254 2810149 7654 0 376
cpu 8 156954 0 57529 2810676 6030 0 336
mem 1 99033092 97122092 1911000 54100 1228864 144 0 1099280 70568 183768 3892 0 0 174832 0 0 0
mem 0 97636988 62033840 35603148 371780 34161816 148 0 34061844 1555412 475288 8600 0 0 462480 4096 0 0
net lo 0 0 2867476 0 0 0 0 0 0 0 0 0 23424 0 2867476 0 0 0 0 0 0 23424 0
net virbr0 0 732 9961231635 0 0 0 0 0 0 0 0 0 39720409 0 38380449322 0 0 0 0 0 0 23511769 0
net eno1 0 151517 40327804478 0 0 351 0 0 0 0 0 0 30185469 0 1206811603 0 0 0 0 0 0 5951846 0
net vnet35 0 0 414016 0 0 0 0 0 0 0 0 0 2251 0 397031 0 0 0 0 0 0 1853 0
numa 1 101149301 18781169 10118603 29535 101105042 18825411
numa 0 101801152 10118603 18781169 29710 101799523 10119838
ps - 487748014 214059 514 316 222 6 681
sysv_shm - 0 0
tmpfs /run/lock 0 6
tmpfs /run 2080768 1098
tmpfs /run/user/20029 0 20
tmpfs /run/qemu 0 1
tmpfs /dev/shm 37615439872 105371
vfs - 133589 2424 182966
vm - 2 20070816 434400405 252290 1617408 230392331 276231562 75481294 6522712 172982315 54209 0 0 0 0 0 1811072 0 311878 5997 0 1617252 74 0 3 0 0

1778475648.359458 0 node0.mimesys-workload.ldos-ut-pg0.wisc.cloudlab.us
block sda 497174 209242 40134160 286889 2626150 17764939 868800827 12868727 0 2204764 13417459
block sdb 479 0 7540 438 4 0 0 0 0 556 439
cpu 11 167637 0 52031 2805927 6811 0 5
cpu 10 194045 2 46917 2785873 8882 0 4
cpu 13 163134 0 47248 2815537 6489 0 4
cpu 12 166040 0 46257 2814364 6939 0 1
cpu 15 164960 2 45110 2816180 6469 0 3
cpu 14 158925 0 46364 2821855 6453 0 4
cpu 17 150270 0 45252 2830887 6652 0 1
cpu 16 160160 0 43792 2824135 5879 0 1
cpu 19 130968 0 31484 2865154 6199 0 1
cpu 18 177180 5 31873 2819264 5747 0 2
cpu 1 170514 0 35575 2813887 8149 0 737
cpu 0 200850 45 34824 2759786 9923 0 1151
cpu 3 189426 0 51775 2782778 7418 0 596
cpu 2 184104 0 47728 2790567 9220 0 190
cpu 5 189575 0 52294 2783686 7332 0 454
cpu 4 183735 1 52738 2787840 7815 0 112
cpu 7 170207 0 51403 2804442 6437 0 540
cpu 6 193283 0 51673 2780509 7713 0 326
cpu 9 161652 0 51254 2810252 7654 0 376
cpu 8 156959 0 57529 2810775 6030 0 336
mem 1 99033092 97133372 1899720 54100 1228848 164 8 1099280 70556 183804 3932 0 0 174800 0 0 0
mem 0 97636988 62033084 35603904 371780 34161836 176 0 34061844 1555412 475188 8524 0 0 462496 4096 0 0
net lo 0 0 2868643 0 0 0 0 0 0 0 0 0 23432 0 2868643 0 0 0 0 0 0 23432 0
net virbr0 0 732 9961236313 0 0 0 0 0 0 0 0 0 39720437 0 38380454010 0 0 0 0 0 0 23511790 0
net eno1 0 151526 40327811115 0 0 351 0 0 0 0 0 0 30185570 0 1206812989 0 0 0 0 0 0 5951854 0
net vnet35 0 0 419086 0 0 0 0 0 0 0 0 0 2279 0 401719 0 0 0 0 0 0 1874 0
numa 1 101158419 18781169 10118603 29535 101114160 18825411
numa 0 101802279 10118603 18781169 29710 101800650 10119838
ps - 487756183 214142 514 316 222 6 681
sysv_shm - 0 0
tmpfs /run/lock 0 6
tmpfs /run 2080768 1098
tmpfs /run/user/20029 0 20
tmpfs /run/qemu 0 1
tmpfs /dev/shm 37615439872 105371
vfs - 133590 2464 182966
vm - 2 20070816 434400413 252290 1617408 230402590 276241816 75481295 6522712 172998179 54209 0 0 0 0 0 1811072 0 311878 5997 0 1617252 74 0 3 0 0

1778475649.399012 0 node0.mimesys-workload.ldos-ut-pg0.wisc.cloudlab.us
block sda 497174 209242 40134160 286889 2626150 17764939 868800827 12868727 0 2204764 13417459
block sdb 479 0 7540 438 4 0 0 0 0 556 439
cpu 11 167638 0 52034 2806027 6811 0 5
cpu 10 194048 2 46927 2785965 8882 0 4
cpu 13 163135 0 47249 2815639 6489 0 4
cpu 12 166041 0 46262 2814462 6939 0 1
cpu 15 164961 2 45111 2816282 6469 0 3
cpu 14 158928 0 46367 2821953 6453 0 4
cpu 17 150271 0 45255 2830986 6652 0 1
cpu 16 160162 0 43796 2824234 5879 0 1
cpu 19 130970 0 31486 2865253 6199 0 1
cpu 18 177184 5 31876 2819362 5747 0 2
cpu 1 170590 0 35576 2813910 8149 0 738
cpu 0 200924 45 34824 2759813 9923 0 1151
cpu 3 189499 0 51776 2782803 7418 0 596
cpu 2 184179 0 47728 2790591 9220 0 190
cpu 5 189652 0 52294 2783710 7332 0 454
cpu 4 183802 1 52739 2787871 7815 0 112
cpu 7 170207 0 51403 2804545 6437 0 540
cpu 6 193283 0 51674 2780612 7713 0 326
cpu 9 161655 0 51254 2810353 7654 0 376
cpu 8 156960 0 57529 2810878 6030 0 336
mem 1 99033092 97132560 1900532 54100 1230316 204 0 1099288 70512 185280 3896 0 0 174728 0 0 0
mem 0 97636988 62033588 35603400 371788 34161376 200 0 34061892 1555460 474724 8584 0 0 462492 4096 0 0
net lo 0 0 2869810 0 0 0 0 0 0 0 0 0 23440 0 2869810 0 0 0 0 0 0 23440 0
net virbr0 0 732 9961239027 0 0 0 0 0 0 0 0 0 39720451 0 38380456804 0 0 0 0 0 0 23511800 0
net eno1 0 151526 40327817704 0 0 351 0 0 0 0 0 0 30185670 0 1206814429 0 0 0 0 0 0 5951861 0
net vnet35 0 0 421996 0 0 0 0 0 0 0 0 0 2293 0 404565 0 0 0 0 0 0 1885 0
numa 1 101168957 18781169 10118603 29535 101124698 18825411
numa 0 101802491 10118603 18781169 29710 101800862 10119838
ps - 487764956 214229 513 319 224 6 681
sysv_shm - 0 0
tmpfs /run/lock 0 6
tmpfs /run 2080768 1098
tmpfs /run/user/20029 0 20
tmpfs /run/qemu 0 1
tmpfs /dev/shm 37615439872 105371
vfs - 133599 2424 183026
vm - 2 20070816 434400457 252290 1617408 230413347 276252205 75481300 6522712 173014708 54209 0 0 0 0 0 1811072 0 311878 5997 0 1617252 74 0 3 0 0

1778475650.437362 0 node0.mimesys-workload.ldos-ut-pg0.wisc.cloudlab.us
block sda 497174 209242 40134160 286889 2626154 17764939 868800915 12868728 0 2204768 13417460
block sdb 479 0 7540 438 4 0 0 0 0 556 439
cpu 11 167638 0 52037 2806127 6811 0 5
cpu 10 194049 2 46928 2786066 8882 0 4
cpu 13 163135 0 47250 2815741 6489 0 4
cpu 12 166042 0 46264 2814563 6939 0 1
cpu 15 164962 2 45115 2816380 6469 0 3
cpu 14 158930 0 46369 2822053 6453 0 4
cpu 17 150274 0 45257 2831085 6652 0 1
cpu 16 160162 0 43798 2824335 5879 0 1
cpu 19 130970 0 31488 2865354 6199 0 1
cpu 18 177185 5 31876 2819463 5747 0 2
cpu 1 170664 0 35578 2813935 8149 0 738
cpu 0 201004 45 34826 2759834 9923 0 1151
cpu 3 189583 0 51776 2782822 7418 0 596
cpu 2 184263 0 47729 2790610 9220 0 190
cpu 5 189728 0 52295 2783733 7332 0 454
cpu 4 183884 1 52739 2787891 7815 0 112
cpu 7 170207 0 51403 2804649 6437 0 540
cpu 6 193284 0 51674 2780715 7713 0 326
cpu 9 161656 0 51254 2810455 7654 0 376
cpu 8 156961 0 57529 2810981 6030 0 336
mem 1 99033092 97133404 1899688 54096 1229088 212 0 1099288 70128 184004 3792 0 0 174712 0 0 0
mem 0 97636988 62034092 35602896 371788 34161460 212 0 34061892 1555460 474844 8600 0 0 462492 4096 0 0
net lo 0 0 2870783 0 0 0 0 0 0 0 0 0 23452 0 2870783 0 0 0 0 0 0 23452 0
net virbr0 0 732 9961240991 0 0 0 0 0 0 0 0 0 39720465 0 38380458698 0 0 0 0 0 0 23511811 0
net eno1 0 151535 40327824967 0 0 351 0 0 0 0 0 0 30185783 0 1206814906 0 0 0 0 0 0 5951866 0
net vnet35 0 0 424156 0 0 0 0 0 0 0 0 0 2307 0 406459 0 0 0 0 0 0 1896 0
numa 1 101177195 18781169 10118603 29535 101132936 18825411
numa 0 101802691 10118603 18781169 29710 101801062 10119838
ps - 487771907 214305 513 319 224 7 681
sysv_shm - 0 0
tmpfs /run/lock 0 6
tmpfs /run 2080768 1098
tmpfs /run/user/20029 0 20
tmpfs /run/qemu 0 1
tmpfs /dev/shm 37615439872 105371
vfs - 133590 2424 182967
vm - 2 20070816 434400457 252290 1617408 230421789 276261023 75481302 6522712 173027831 54209 0 0 0 0 0 1811072 0 311878 5997 0 1617252 74 0 3 0 0

1778475651.477350 0 node0.mimesys-workload.ldos-ut-pg0.wisc.cloudlab.us
block sda 497174 209242 40134160 286889 2626238 17764939 868801675 12868740 0 2204772 13417472
block sdb 479 0 7540 438 4 0 0 0 0 556 439
cpu 11 167639 0 52040 2806228 6811 0 5
cpu 10 194053 2 46931 2786162 8882 0 4
cpu 13 163138 0 47252 2815840 6489 0 4
cpu 12 166043 0 46269 2814660 6939 0 1
cpu 15 164965 2 45116 2816478 6469 0 3
cpu 14 158930 0 46372 2822154 6453 0 4
cpu 17 150274 0 45260 2831186 6652 0 1
cpu 16 160164 0 43801 2824435 5879 0 1
cpu 19 130973 0 31490 2865453 6199 0 1
cpu 18 177188 5 31879 2819562 5747 0 2
cpu 1 170742 0 35579 2813957 8149 0 739
cpu 0 201090 45 34827 2759852 9923 0 1151
cpu 3 189672 0 51777 2782835 7418 0 596
cpu 2 184343 0 47730 2790631 9220 0 190
cpu 5 189804 0 52296 2783756 7332 0 454
cpu 4 183967 1 52740 2787910 7815 0 112
cpu 7 170207 0 51403 2804753 6437 0 540
cpu 6 193284 0 51674 2780818 7713 0 326
cpu 9 161656 0 51254 2810559 7654 0 376
cpu 8 156965 0 57529 2811080 6030 0 336
mem 1 99033092 97131144 1901948 54112 1230940 232 0 1099292 71072 186416 4204 0 0 174744 0 0 0
mem 0 97636988 62034344 35602644 371788 34161420 240 0 34061920 1555488 474840 8600 0 0 462492 4096 0 0
net lo 0 0 2871950 0 0 0 0 0 0 0 0 0 23460 0 2871950 0 0 0 0 0 0 23460 0
net virbr0 0 732 9961244561 0 0 0 0 0 0 0 0 0 39720480 0 38380462388 0 0 0 0 0 0 23511823 0
net eno1 0 151535 40327831130 0 0 351 0 0 0 0 0 0 30185876 0 1206816318 0 0 0 0 0 0 5951873 0
net vnet35 0 0 427936 0 0 0 0 0 0 0 0 0 2322 0 410201 0 0 0 0 0 0 1909 0
numa 1 101187234 18781169 10118603 29535 101142975 18825411
numa 0 101802936 10118603 18781169 29710 101801307 10119838
ps - 487779486 214388 513 319 224 8 681
sysv_shm - 0 0
tmpfs /run/lock 0 6
tmpfs /run 2080768 1098
tmpfs /run/user/20029 0 20
tmpfs /run/qemu 0 1
tmpfs /dev/shm 37615439872 105371
vfs - 133592 2464 182969
vm - 2 20070816 434400837 252290 1617408 230432071 276270819 75481306 6522712 173043839 54209 0 0 0 0 0 1811072 0 311878 5997 0 1617252 74 0 3 0 0

1778475652.515537 0 node0.mimesys-workload.ldos-ut-pg0.wisc.cloudlab.us
block sda 497174 209242 40134160 286889 2626249 17764950 868801851 12868744 0 2204780 13417476
block sdb 479 0 7540 438 4 0 0 0 0 556 439
cpu 11 167640 0 52043 2806328 6811 0 5
cpu 10 194054 2 46932 2786263 8882 0 4
cpu 13 163139 0 47254 2815941 6489 0 4
cpu 12 166046 0 46272 2814758 6939 0 1
cpu 15 164966 2 45121 2816577 6469 0 3
cpu 14 158931 0 46375 2822254 6453 0 4
cpu 17 150274 0 45261 2831286 6652 0 1
cpu 16 160166 0 43803 2824534 5879 0 1
cpu 19 130975 0 31492 2865554 6199 0 1
cpu 18 177189 5 31880 2819662 5747 0 2
cpu 1 170821 0 35580 2813980 8149 0 739
cpu 0 201164 45 34829 2759878 9923 0 1151
cpu 3 189743 0 51779 2782862 7418 0 596
cpu 2 184424 0 47732 2790655 9220 0 190
cpu 5 189882 0 52298 2783780 7332 0 454
cpu 4 184041 1 52742 2787938 7815 0 112
cpu 7 170207 0 51403 2804856 6437 0 540
cpu 6 193284 0 51674 2780921 7713 0 326
cpu 9 161657 0 51254 2810662 7654 0 376
cpu 8 156965 0 57530 2811183 6030 0 336
mem 1 99033092 97129396 1903696 54108 1229504 96 0 1099292 70668 184864 3976 0 0 174712 0 0 0
mem 0 97636988 62035352 35601636 371788 34161532 124 0 34062068 1555700 474836 8600 0 0 462492 4096 0 0
net lo 0 0 2872507 0 0 0 0 0 0 0 0 0 23464 0 2872507 0 0 0 0 0 0 23464 0
net virbr0 0 732 9961245513 0 0 0 0 0 0 0 0 0 39720490 0 38380463386 0 0 0 0 0 0 23511832 0
net eno1 0 151546 40327837259 0 0 351 0 0 0 0 0 0 30185969 0 1206817371 0 0 0 0 0 0 5951878 0
net vnet35 0 0 429028 0 0 0 0 0 0 0 0 0 2332 0 411251 0 0 0 0 0 0 1919 0
numa 1 101195586 18781169 10118603 29535 101151327 18825411
numa 0 101803087 10118603 18781169 29710 101801458 10119838
ps - 487787443 214464 513 319 224 4 681
sysv_shm - 0 0
tmpfs /run/lock 0 6
tmpfs /run 2080768 1098
tmpfs /run/user/20029 0 20
tmpfs /run/qemu 0 1
tmpfs /dev/shm 37615439872 105371
vfs - 133596 2424 183022
vm - 2 20070816 434400925 252290 1617408 230440551 276279746 75481308 6522712 173057004 54209 0 0 0 0 0 1811072 0 311878 5997 0 1617252 74 0 3 0 0

1778475653.555985 0 node0.mimesys-workload.ldos-ut-pg0.wisc.cloudlab.us
block sda 497175 209242 40134288 286889 2626254 17764950 868801891 12868747 0 2204788 13417480
block sdb 479 0 7540 438 4 0 0 0 0 556 439
cpu 11 167642 0 52046 2806427 6811 0 5
cpu 10 194054 2 46934 2786365 8882 0 4
cpu 13 163142 0 47257 2816040 6489 0 4
cpu 12 166049 0 46275 2814855 6939 0 1
cpu 15 164966 2 45125 2816675 6469 0 3
cpu 14 158933 0 46378 2822354 6453 0 4
cpu 17 150276 0 45264 2831386 6652 0 1
cpu 16 160167 0 43805 2824634 5879 0 1
cpu 19 130976 0 31494 2865654 6199 0 1
cpu 18 177190 5 31883 2819763 5747 0 2
cpu 1 170901 0 35582 2814002 8149 0 740
cpu 0 201238 45 34830 2759902 9923 0 1151
cpu 3 189826 0 51780 2782880 7418 0 596
cpu 2 184499 0 47732 2790678 9220 0 190
cpu 5 189958 0 52298 2783803 7332 0 454
cpu 4 184117 1 52742 2787962 7815 0 112
cpu 7 170208 0 51404 2804958 6437 0 540
cpu 6 193290 0 51674 2781019 7713 0 326
cpu 9 161658 0 51254 2810765 7654 0 376
cpu 8 156965 0 57530 2811287 6030 0 336
mem 1 99033092 97127076 1906016 54116 1229344 124 0 1099360 70120 184232 4216 0 0 174712 0 0 0
mem 0 97636988 62034848 35602140 371788 34162068 176 0 34062120 1555756 475212 8564 0 0 462492 4096 0 0
net lo 0 0 2873674 0 0 0 0 0 0 0 0 0 23472 0 2873674 0 0 0 0 0 0 23472 0
net virbr0 0 732 9961250191 0 0 0 0 0 0 0 0 0 39720518 0 38380468074 0 0 0 0 0 0 23511853 0
net eno1 0 151546 40327844448 0 0 351 0 0 0 0 0 0 30186075 0 1206817883 0 0 0 0 0 0 5951883 0
net vnet35 0 0 434098 0 0 0 0 0 0 0 0 0 2360 0 415939 0 0 0 0 0 0 1940 0
numa 1 101205028 18781169 10118603 29535 101160769 18825411
numa 0 101803587 10118603 18781169 29710 101801958 10119838
ps - 487795541 214544 513 319 224 5 681
sysv_shm - 0 0
tmpfs /run/lock 0 6
tmpfs /run 2080768 1098
tmpfs /run/user/20029 0 20
tmpfs /run/qemu 0 1
tmpfs /dev/shm 37615439872 105371
vfs - 133599 2424 183049
vm - 2 20070880 434400945 252290 1617408 230450495 276289665 75481311 6522712 173072420 54210 0 0 0 0 0 1811072 0 311878 5997 0 1617252 74 0 3 0 0

1778475654.594860 0 node0.mimesys-workload.ldos-ut-pg0.wisc.cloudlab.us
block sda 497175 209242 40134288 286889 2626258 17764950 868801971 12868748 0 2204792 13417481
block sdb 479 0 7540 438 4 0 0 0 0 556 439
cpu 11 167642 0 52048 2806529 6811 0 5
cpu 10 194054 2 46937 2786465 8882 0 4
cpu 13 163142 0 47258 2816142 6489 0 4
cpu 12 166050 0 46276 2814957 6939 0 1
cpu 15 164971 2 45130 2816771 6469 0 3
cpu 14 158936 0 46382 2822451 6453 0 4
cpu 17 150276 0 45267 2831486 6652 0 1
cpu 16 160169 0 43810 2824732 5879 0 1
cpu 19 130978 0 31496 2865753 6199 0 1
cpu 18 177190 5 31885 2819864 5747 0 2
cpu 1 170966 0 35584 2814037 8149 0 740
cpu 0 201311 45 34832 2759933 9923 0 1151
cpu 3 189887 0 51781 2782919 7418 0 596
cpu 2 184564 0 47732 2790713 9220 0 190
cpu 5 190019 0 52299 2783843 7332 0 454
cpu 4 184171 1 52744 2788003 7815 0 112
cpu 7 170213 0 51405 2805056 6437 0 540
cpu 6 193290 0 51674 2781122 7713 0 326
cpu 9 161658 0 51255 2810867 7654 0 376
cpu 8 156965 0 57530 2811390 6030 0 336
mem 1 99033092 97124368 1908724 54128 1230984 152 0 1099360 70992 186220 4116 0 0 174692 0 0 0
mem 0 97636988 62035856 35601132 371788 34161760 204 0 34062124 1555756 474872 8588 0 0 462488 4096 0 0
net lo 0 0 2874841 0 0 0 0 0 0 0 0 0 23480 0 2874841 0 0 0 0 0 0 23480 0
net virbr0 0 732 9961253089 0 0 0 0 0 0 0 0 0 39720535 0 38380471764 0 0 0 0 0 0 23511865 0
net eno1 0 151554 40327851337 0 0 351 0 0 0 0 0 0 30186180 0 1206819325 0 0 0 0 0 0 5951891 0
net vnet35 0 0 437234 0 0 0 0 0 0 0 0 0 2377 0 419681 0 0 0 0 0 0 1953 0
numa 1 101214377 18781169 10118603 29535 101170118 18825411
numa 0 101804017 10118603 18781169 29710 101802388 10119838
ps - 487804334 214623 512 322 225 5 681
sysv_shm - 0 0
tmpfs /run/lock 0 6
tmpfs /run 2080768 1098
tmpfs /run/user/20029 0 20
tmpfs /run/qemu 0 1
tmpfs /dev/shm 37615439872 105371
vfs - 133591 2464 182968
vm - 2 20070880 434400985 252290 1617408 230460274 276299073 75481313 6522712 173087649 54210 0 0 0 0 0 1811072 0 311878 5997 0 1617252 74 0 3 0 0

1778475655.627407 0 node0.mimesys-workload.ldos-ut-pg0.wisc.cloudlab.us
block sda 497175 209242 40134288 286889 2626638 17764967 868807243 12868785 0 2204828 13417518
block sdb 479 0 7540 438 4 0 0 0 0 556 439
cpu 11 167643 0 52048 2806630 6811 0 5
cpu 10 194055 2 46939 2786565 8882 0 4
cpu 13 163143 0 47260 2816242 6489 0 4
cpu 12 166052 0 46279 2815056 6939 0 1
cpu 15 164974 2 45134 2816869 6469 0 3
cpu 14 158937 0 46384 2822551 6453 0 4
cpu 17 150277 0 45270 2831586 6652 0 1
cpu 16 160170 0 43813 2824831 5879 0 1
cpu 19 130978 0 31498 2865855 6199 0 1
cpu 18 177191 5 31890 2819962 5747 0 2
cpu 1 171041 0 35585 2814063 8149 0 740
cpu 0 201383 45 34834 2759960 9923 0 1151
cpu 3 189964 0 51783 2782944 7419 0 596
cpu 2 184648 0 47733 2790731 9220 0 190
cpu 5 190094 0 52300 2783868 7332 0 454
cpu 4 184250 1 52746 2788022 7816 0 112
cpu 7 170213 0 51405 2805159 6437 0 540
cpu 6 193290 0 51674 2781224 7713 0 326
cpu 9 161660 0 51255 2810969 7654 0 376
cpu 8 156966 0 57530 2811493 6030 0 336
mem 1 99033092 97123112 1909980 54116 1228988 164 0 1099364 70288 183836 3968 0 0 174692 0 0 0
mem 0 97636988 62035856 35601132 371788 34162028 212 0 34062156 1555788 475224 8612 0 0 462488 4096 0 0
net lo 0 0 2875398 0 0 0 0 0 0 0 0 0 23484 0 2875398 0 0 0 0 0 0 23484 0
net virbr0 0 732 9961254869 0 0 0 0 0 0 0 0 0 39720546 0 38380472762 0 0 0 0 0 0 23511874 0
net eno1 0 151554 40327857016 0 0 351 0 0 0 0 0 0 30186261 0 1206820766 0 0 0 0 0 0 5951898 0
net vnet35 0 0 439168 0 0 0 0 0 0 0 0 0 2388 0 420679 0 0 0 0 0 0 1962 0
numa 1 101222171 18781169 10118603 29535 101177912 18825411
numa 0 101804840 10118603 18781169 29710 101803211 10119838
ps - 487812294 214701 512 322 225 4 685
sysv_shm - 0 0
tmpfs /run/lock 0 6
tmpfs /run 2080768 1098
tmpfs /run/user/20029 0 20
tmpfs /run/qemu 0 1
tmpfs /dev/shm 37615439872 105371
vfs - 133596 2504 183022
vm - 2 20070880 434403621 252290 1617408 230468889 276308027 75481315 6522712 173100390 54210 0 0 0 0 0 1811072 0 311878 5997 0 1617252 74 0 3 0 0

1778475656.667550 0 node0.mimesys-workload.ldos-ut-pg0.wisc.cloudlab.us
block sda 497175 209242 40134288 286889 2626720 17764967 868807963 12868797 0 2204832 13417531
block sdb 479 0 7540 438 4 0 0 0 0 556 439
cpu 11 167644 0 52050 2806729 6811 0 5
cpu 10 194056 2 46941 2786665 8882 0 4
cpu 13 163144 0 47262 2816344 6489 0 4
cpu 12 166053 0 46284 2815153 6939 0 1
cpu 15 164976 2 45135 2816969 6469 0 3
cpu 14 158940 0 46387 2822648 6453 0 4
cpu 17 150277 0 45272 2831689 6652 0 1
cpu 16 160172 0 43817 2824929 5879 0 1
cpu 19 130979 0 31499 2865956 6199 0 1
cpu 18 177192 5 31893 2820060 5747 0 2
cpu 1 171118 0 35585 2814091 8149 0 740
cpu 0 201462 45 34835 2759983 9923 0 1151
cpu 3 190048 0 51783 2782964 7419 0 596
cpu 2 184728 0 47734 2790751 9220 0 190
cpu 5 190173 0 52301 2783890 7332 0 454
cpu 4 184331 1 52748 2788042 7816 0 112
cpu 7 170215 0 51405 2805261 6437 0 540
cpu 6 193295 0 51675 2781323 7713 0 326
cpu 9 161660 0 51255 2811072 7654 0 376
cpu 8 156966 0 57530 2811596 6030 0 336
mem 1 99033092 97121356 1911736 54104 1228840 40 0 1099364 70484 183772 3952 0 0 174700 0 0 0
mem 0 97636988 62036360 35600628 371788 34162628 28 0 34062156 1555788 475812 8608 0 0 462488 4096 0 0
net lo 0 0 2876565 0 0 0 0 0 0 0 0 0 23492 0 2876565 0 0 0 0 0 0 23492 0
net virbr0 0 732 9961259495 0 0 0 0 0 0 0 0 0 39720573 0 38380477450 0 0 0 0 0 0 23511895 0
net eno1 0 151565 40327863047 0 0 351 0 0 0 0 0 0 30186352 0 1206822182 0 0 0 0 0 0 5951905 0
net vnet35 0 0 444172 0 0 0 0 0 0 0 0 0 2415 0 425419 0 0 0 0 0 0 1984 0
numa 1 101231424 18781169 10118603 29535 101187165 18825411
numa 0 101805545 10118603 18781169 29710 101803916 10119838
ps - 487820238 214781 512 322 225 4 685
sysv_shm - 0 0
tmpfs /run/lock 0 6
tmpfs /run 2080768 1098
tmpfs /run/user/20029 0 20
tmpfs /run/qemu 0 1
tmpfs /dev/shm 37615439872 105371
vfs - 133598 2504 183062
vm - 2 20070880 434403981 252290 1617408 230478848 276317977 75481320 6522712 173115942 54210 0 0 0 0 0 1811072 0 311878 5997 0 1617252 74 0 3 0 0

1778475657.707399 0 node0.mimesys-workload.ldos-ut-pg0.wisc.cloudlab.us
block sda 497175 209242 40134288 286889 2626729 17764982 868808155 12868800 0 2204840 13417534
block sdb 479 0 7540 438 4 0 0 0 0 556 439
cpu 11 167645 0 52051 2806831 6811 0 5
cpu 10 194058 2 46942 2786767 8882 0 4
cpu 13 163145 0 47264 2816444 6489 0 4
cpu 12 166054 0 46285 2815256 6939 0 1
cpu 15 164977 2 45140 2817067 6469 0 3
cpu 14 158941 0 46390 2822747 6453 0 4
cpu 17 150279 0 45274 2831789 6652 0 1
cpu 16 160174 0 43819 2825029 5879 0 1
cpu 19 130981 0 31502 2866055 6199 0 1
cpu 18 177193 5 31895 2820161 5747 0 2
cpu 1 171197 0 35586 2814115 8149 0 740
cpu 0 201530 45 34837 2760009 9923 0 1151
cpu 3 190126 0 51784 2782985 7419 0 596
cpu 2 184804 0 47738 2790776 9220 0 190
cpu 5 190249 0 52303 2783915 7332 0 454
cpu 4 184403 1 52748 2788069 7816 0 112
cpu 7 170216 0 51405 2805363 6437 0 540
cpu 6 193295 0 51676 2781426 7713 0 326
cpu 9 161661 0 51256 2811176 7654 0 376
cpu 8 156967 0 57531 2811698 6030 0 336
mem 1 99033092 97120604 1912488 54128 1229884 120 0 1099368 71084 184712 4348 0 0 174700 0 0 0
mem 0 97636988 62036364 35600624 371796 34162600 128 0 34062164 1556232 475744 8600 0 0 462488 4096 0 0
net lo 0 0 2877732 0 0 0 0 0 0 0 0 0 23500 0 2877732 0 0 0 0 0 0 23500 0
net virbr0 0 732 9961259495 0 0 0 0 0 0 0 0 0 39720573 0 38380477450 0 0 0 0 0 0 23511895 0
net eno1 0 151565 40327869396 0 0 351 0 0 0 0 0 0 30186448 0 1206822694 0 0 0 0 0 0 5951910 0
net vnet35 0 0 444172 0 0 0 0 0 0 0 0 0 2415 0 425419 0 0 0 0 0 0 1984 0
numa 1 101239969 18781169 10118603 29535 101195710 18825411
numa 0 101806213 10118603 18781169 29710 101804584 10119838
ps - 487828558 214860 512 322 225 7 689
sysv_shm - 0 0
tmpfs /run/lock 0 6
tmpfs /run 2080768 1098
tmpfs /run/user/20029 0 20
tmpfs /run/qemu 0 1
tmpfs /dev/shm 37615439872 105371
vfs - 133598 2544 183009
vm - 2 20070880 434404077 252290 1617408 230488081 276326365 75481323 6522712 173130173 54210 0 0 0 0 0 1811072 0 311878 5997 0 1617252 74 0 3 0 0

1778475658.747509 0 node0.mimesys-workload.ldos-ut-pg0.wisc.cloudlab.us
block sda 497175 209242 40134288 286889 2626731 17764982 868808171 12868801 0 2204844 13417534
block sdb 479 0 7540 438 4 0 0 0 0 556 439
cpu 11 167646 0 52054 2806931 6811 0 5
cpu 10 194061 2 46944 2786865 8882 0 4
cpu 13 163146 0 47265 2816545 6489 0 4
cpu 12 166056 0 46288 2815353 6939 0 1
cpu 15 164980 2 45145 2817163 6469 0 3
cpu 14 158942 0 46392 2822848 6453 0 4
cpu 17 150280 0 45274 2831890 6652 0 1
cpu 16 160177 0 43821 2825127 5879 0 1
cpu 19 130983 0 31503 2866156 6199 0 1
cpu 18 177194 5 31897 2820262 5747 0 2
cpu 1 171268 0 35586 2814142 8149 0 740
cpu 0 201607 45 34838 2760034 9923 0 1151
cpu 3 190212 0 51785 2783002 7419 0 596
cpu 2 184874 0 47740 2790804 9220 0 190
cpu 5 190330 0 52304 2783936 7332 0 454
cpu 4 184483 1 52749 2788089 7816 0 112
cpu 7 170217 0 51406 2805466 6437 0 540
cpu 6 193299 0 51676 2781524 7713 0 326
cpu 9 161661 0 51256 2811279 7654 0 376
cpu 8 156968 0 57531 2811800 6030 0 336
mem 1 99033092 97118124 1914968 54128 1229732 140 0 1099368 70136 184660 4144 0 0 174604 0 0 0
mem 0 97636988 62036364 35600624 371804 34161688 168 0 34062228 1555852 474840 8600 0 0 462488 4096 0 0
net lo 0 0 2878289 0 0 0 0 0 0 0 0 0 23504 0 2878289 0 0 0 0 0 0 23504 0
net virbr0 0 732 9961264173 0 0 0 0 0 0 0 0 0 39720601 0 38380482138 0 0 0 0 0 0 23511916 0
net eno1 0 151574 40327874739 0 0 351 0 0 0 0 0 0 30186529 0 1206824025 0 0 0 0 0 0 5951916 0
net vnet35 0 0 449242 0 0 0 0 0 0 0 0 0 2443 0 430159 0 0 0 0 0 0 2006 0
numa 1 101249115 18781169 10118603 29535 101204856 18825411
numa 0 101806532 10118603 18781169 29710 101804903 10119838
ps - 487836537 214939 512 322 225 6 685
sysv_shm - 0 0
tmpfs /run/lock 0 6
tmpfs /run 2080768 1098
tmpfs /run/user/20029 0 20
tmpfs /run/qemu 0 1
tmpfs /dev/shm 37615439872 105371
vfs - 133594 2504 183042
vm - 2 20070880 434404085 252290 1617408 230497528 276336641 75481325 6522712 173144763 54210 0 0 0 0 0 1811072 0 311878 5997 0 1617252 74 0 3 0 0

1778475659.787883 0 node0.mimesys-workload.ldos-ut-pg0.wisc.cloudlab.us
block sda 497175 209242 40134288 286889 2626738 17764982 868808539 12868801 0 2204848 13417535
block sdb 479 0 7540 438 4 0 0 0 0 556 439
cpu 11 167648 0 52055 2807033 6811 0 5
cpu 10 194064 2 46949 2786960 8882 0 4
cpu 13 163149 0 47267 2816644 6489 0 4
cpu 12 166059 0 46291 2815452 6939 0 1
cpu 15 164982 2 45146 2817264 6469 0 3
cpu 14 158942 0 46396 2822948 6453 0 4
cpu 17 150283 0 45276 2831990 6652 0 1
cpu 16 160177 0 43824 2825228 5879 0 1
cpu 19 130986 0 31506 2866256 6199 0 1
cpu 18 177195 5 31898 2820362 5747 0 2
cpu 1 171350 0 35588 2814163 8149 0 740
cpu 0 201687 45 34839 2760058 9923 0 1151
cpu 3 190289 0 51785 2783027 7419 0 596
cpu 2 184956 0 47741 2790825 9220 0 190
cpu 5 190416 0 52304 2783952 7332 0 454
cpu 4 184566 1 52750 2788109 7816 0 112
cpu 7 170217 0 51407 2805569 6437 0 540
cpu 6 193303 0 51676 2781624 7713 0 326
cpu 9 161661 0 51256 2811383 7654 0 376
cpu 8 156969 0 57531 2811903 6030 0 336
mem 1 99033092 97116808 1916284 54136 1230216 160 0 1099372 70832 185516 3924 0 0 174628 0 0 0
mem 0 97636988 62036868 35600120 371808 34162264 208 0 34062236 1555856 475428 8600 0 0 462488 4096 0 0
net lo 0 0 2879456 0 0 0 0 0 0 0 0 0 23512 0 2879456 0 0 0 0 0 0 23512 0
net virbr0 0 732 9961267071 0 0 0 0 0 0 0 0 0 39720618 0 38380485828 0 0 0 0 0 0 23511928 0
net eno1 0 151583 40327881910 0 0 351 0 0 0 0 0 0 30186639 0 1206825705 0 0 0 0 0 0 5951926 0
net vnet35 0 0 452378 0 0 0 0 0 0 0 0 0 2460 0 433849 0 0 0 0 0 0 2018 0
numa 1 101258540 18781169 10118603 29535 101214281 18825411
numa 0 101806903 10118603 18781169 29710 101805274 10119838
ps - 487843557 215018 519 327 227 5 685
sysv_shm - 0 0
tmpfs /run/lock 0 6
tmpfs /run 2080768 1098
tmpfs /run/user/20029 0 20
tmpfs /run/qemu 0 1
tmpfs /dev/shm 37615439872 105371
vfs - 133601 2504 183072
vm - 2 20070880 434404269 252290 1617408 230507321 276346083 75481331 6522712 173159971 54210 0 0 0 0 0 1811072 0 311878 5997 0 1617252 74 0 3 0 0

1778475660.827550 0 node0.mimesys-workload.ldos-ut-pg0.wisc.cloudlab.us
block sda 497176 209242 40134296 286889 2626742 17764983 868808595 12868802 0 2204852 13417536
block sdb 479 0 7540 438 4 0 0 0 0 556 439
cpu 11 167649 0 52056 2807135 6811 0 5
cpu 10 194065 2 46951 2787061 8882 0 4
cpu 13 163150 0 47270 2816746 6489 0 4
cpu 12 166060 0 46292 2815554 6939 0 1
cpu 15 164983 2 45149 2817363 6469 0 3
cpu 14 158944 0 46397 2823048 6453 0 4
cpu 17 150285 0 45280 2832088 6652 0 1
cpu 16 160179 0 43826 2825328 5879 0 1
cpu 19 130987 0 31508 2866356 6199 0 1
cpu 18 177196 5 31900 2820463 5747 0 2
cpu 1 171424 0 35589 2814189 8149 0 740
cpu 0 201766 45 34840 2760080 9923 0 1151
cpu 3 190374 0 51786 2783046 7419 0 596
cpu 2 185033 0 47743 2790848 9220 0 190
cpu 5 190494 0 52304 2783973 7332 0 454
cpu 4 184644 1 52751 2788132 7816 0 112
cpu 7 170217 0 51407 2805672 6437 0 540
cpu 6 193303 0 51677 2781726 7713 0 326
cpu 9 161661 0 51256 2811486 7654 0 376
cpu 8 156970 0 57531 2812006 6030 0 336
mem 1 99033092 97117600 1915492 54136 1229228 164 0 1099372 70236 184144 3688 0 0 174692 0 0 0
mem 0 97636988 62037372 35599616 371808 34161716 216 0 34062236 1555856 474848 8600 0 0 462488 4096 0 0
net lo 0 0 2880013 0 0 0 0 0 0 0 0 0 23516 0 2880013 0 0 0 0 0 0 23516 0
net virbr0 0 732 9961268851 0 0 0 0 0 0 0 0 0 39720629 0 38380486826 0 0 0 0 0 0 23511937 0
net eno1 0 151583 40327888171 0 0 351 0 0 0 0 0 0 30186735 0 1206826168 0 0 0 0 0 0 5951930 0
net vnet35 0 0 454312 0 0 0 0 0 0 0 0 0 2471 0 434899 0 0 0 0 0 0 2028 0
numa 1 101266440 18781169 10118603 29535 101222181 18825411
numa 0 101807231 10118603 18781169 29710 101805602 10119838
ps - 487851439 215094 519 327 227 2 687
sysv_shm - 0 0
tmpfs /run/lock 0 6
tmpfs /run 2080768 1098
tmpfs /run/user/20029 0 20
tmpfs /run/qemu 0 1
tmpfs /dev/shm 37615439872 105371
vfs - 133591 2464 182990
vm - 2 20070884 434404297 252290 1617408 230515549 276354667 75481333 6522712 173172723 54210 0 0 0 0 0 1811072 0 311878 5997 0 1617252 74 0 3 0 0

1778475661.865902 0 node0.mimesys-workload.ldos-ut-pg0.wisc.cloudlab.us
block sda 497176 209242 40134296 286889 2626817 17764983 868809275 12868813 0 2204856 13417547
block sdb 479 0 7540 438 4 0 0 0 0 556 439
cpu 11 167649 0 52057 2807236 6811 0 5
cpu 10 194067 2 46953 2787159 8882 0 4
cpu 13 163150 0 47272 2816846 6489 0 4
cpu 12 166061 0 46295 2815652 6939 0 1
cpu 15 164983 2 45151 2817464 6469 0 3
cpu 14 158945 0 46401 2823147 6453 0 4
cpu 17 150290 0 45286 2832181 6652 0 1
cpu 16 160180 0 43830 2825427 5879 0 1
cpu 19 130988 0 31509 2866457 6199 0 1
cpu 18 177197 5 31901 2820565 5747 0 2
cpu 1 171505 0 35592 2814208 8149 0 740
cpu 0 201842 45 34842 2760103 9923 0 1151
cpu 3 190453 0 51787 2783067 7419 0 596
cpu 2 185108 0 47745 2790870 9220 0 190
cpu 5 190570 0 52307 2783996 7332 0 454
cpu 4 184724 1 52753 2788153 7816 0 112
cpu 7 170218 0 51408 2805774 6437 0 540
cpu 6 193303 0 51677 2781829 7713 0 326
cpu 9 161661 0 51256 2811589 7654 0 376
cpu 8 156974 0 57532 2812105 6030 0 336
mem 1 99033092 97116464 1916628 54132 1229508 60 0 1099376 70140 184412 4112 0 0 174700 0 0 0
mem 0 97636988 62037624 35599364 371808 34161692 32 0 34062240 1555856 474780 8564 0 0 462464 4096 0 0
net lo 0 0 2881180 0 0 0 0 0 0 0 0 0 23524 0 2881180 0 0 0 0 0 0 23524 0
net virbr0 0 732 9961273529 0 0 0 0 0 0 0 0 0 39720657 0 38380491514 0 0 0 0 0 0 23511958 0
net eno1 0 151591 40327894988 0 0 351 0 0 0 0 0 0 30186839 0 1206827934 0 0 0 0 0 0 5951938 0
net vnet35 0 0 459382 0 0 0 0 0 0 0 0 0 2499 0 439587 0 0 0 0 0 0 2049 0
numa 1 101275754 18781169 10118603 29535 101231495 18825411
numa 0 101807832 10118603 18781169 29710 101806203 10119838
ps - 487859195 215174 519 327 227 4 687
sysv_shm - 0 0
tmpfs /run/lock 0 6
tmpfs /run 2080768 1098
tmpfs /run/user/20029 0 20
tmpfs /run/qemu 0 1
tmpfs /dev/shm 37615439872 105371
vfs - 133597 2384 183050
vm - 2 20070884 434404637 252290 1617408 230525464 276364587 75481336 6522712 173188260 54210 0 0 0 0 0 1811072 0 311878 5997 0 1617252 74 0 3 0 0

1778475662.907150 0 node0.mimesys-workload.ldos-ut-pg0.wisc.cloudlab.us
block sda 497176 209242 40134296 286889 2626830 17764997 868809491 12868819 0 2204864 13417553
block sdb 479 0 7540 438 4 0 0 0 0 556 439
cpu 11 167650 0 52060 2807337 6811 0 5
cpu 10 194068 2 46954 2787260 8882 0 4
cpu 13 163151 0 47273 2816947 6489 0 4
cpu 12 166062 0 46299 2815751 6939 0 1
cpu 15 164987 2 45153 2817562 6469 0 3
cpu 14 158948 0 46405 2823244 6453 0 4
cpu 17 150290 0 45289 2832282 6652 0 1
cpu 16 160181 0 43833 2825527 5879 0 1
cpu 19 130988 0 31511 2866559 6199 0 1
cpu 18 177199 5 31902 2820665 5747 0 2
cpu 1 171558 0 35594 2814254 8149 0 740
cpu 0 201895 45 34843 2760155 9923 0 1151
cpu 3 190500 0 51788 2783123 7419 0 596
cpu 2 185163 0 47746 2790919 9220 0 190
cpu 5 190632 0 52308 2784037 7332 0 454
cpu 4 184776 1 52756 2788201 7816 0 112
cpu 7 170219 0 51410 2805876 6437 0 540
cpu 6 193304 0 51677 2781932 7713 0 326
cpu 9 161664 0 51256 2811689 7654 0 376
cpu 8 156975 0 57532 2812208 6030 0 336
mem 1 99033092 97115456 1917636 54136 1230236 136 0 1099380 71196 185516 3856 0 0 174708 0 0 0
mem 0 97636988 62037120 35599868 371812 34162736 160 0 34062248 1555856 475696 8528 0 0 462464 4096 0 0
net lo 0 0 2882347 0 0 0 0 0 0 0 0 0 23532 0 2882347 0 0 0 0 0 0 23532 0
net virbr0 0 732 9961275459 0 0 0 0 0 0 0 0 0 39720664 0 38380493626 0 0 0 0 0 0 23511965 0
net eno1 0 151591 40327902045 0 0 351 0 0 0 0 0 0 30186947 0 1206829258 0 0 0 0 0 0 5951945 0
net vnet35 0 0 461410 0 0 0 0 0 0 0 0 0 2506 0 441751 0 0 0 0 0 0 2057 0
numa 1 101284178 18781169 10118603 29535 101239919 18825411
numa 0 101809127 10118603 18781169 29710 101807498 10119838
ps - 487866847 215253 519 327 227 7 687
sysv_shm - 0 0
tmpfs /run/lock 0 6
tmpfs /run 2080768 1098
tmpfs /run/user/20029 0 20
tmpfs /run/qemu 0 1
tmpfs /dev/shm 37615439872 105371
vfs - 133601 2424 183068
vm - 2 20070884 434404745 252290 1617408 230535183 276373981 75481339 6522712 173203462 54210 0 0 0 0 0 1811072 0 311878 5997 0 1617252 74 0 3 0 0

1778475663.948441 0 node0.mimesys-workload.ldos-ut-pg0.wisc.cloudlab.us
block sda 497176 209242 40134296 286889 2626835 17764997 868809531 12868822 0 2204868 13417557
block sdb 479 0 7540 438 4 0 0 0 0 556 439
cpu 11 167651 0 52061 2807439 6811 0 5
cpu 10 194069 2 46955 2787362 8882 0 4
cpu 13 163152 0 47276 2817049 6489 0 4
cpu 12 166062 0 46301 2815853 6939 0 1
cpu 15 164990 2 45156 2817660 6469 0 3
cpu 14 158950 0 46407 2823343 6453 0 4
cpu 17 150291 0 45289 2832384 6652 0 1
cpu 16 160182 0 43834 2825629 5879 0 1
cpu 19 130989 0 31512 2866661 6199 0 1
cpu 18 177199 5 31906 2820765 5747 0 2
cpu 1 171635 0 35596 2814277 8149 0 741
cpu 0 201976 45 34844 2760175 9923 0 1151
cpu 3 190575 0 51791 2783147 7419 0 596
cpu 2 185250 0 47748 2790935 9220 0 190
cpu 5 190716 0 52308 2784054 7332 0 454
cpu 4 184849 1 52759 2788225 7816 0 112
cpu 7 170219 0 51411 2805978 6437 0 540
cpu 6 193304 0 51677 2782035 7713 0 326
cpu 9 161666 0 51257 2811791 7654 0 376
cpu 8 156975 0 57532 2812312 6030 0 336
mem 1 99033092 97114196 1918896 54136 1228860 136 0 1099384 70148 183772 3872 0 0 174700 0 0 0
mem 0 97636988 62037120 35599868 371820 34162264 184 0 34062312 1555924 475268 8564 0 0 462464 4096 0 0
net lo 0 0 2882904 0 0 0 0 0 0 0 0 0 23536 0 2882904 0 0 0 0 0 0 23536 0
net virbr0 0 732 9961278207 0 0 0 0 0 0 0 0 0 39720685 0 38380496202 0 0 0 0 0 0 23511979 0
net eno1 0 151602 40327908888 0 0 351 0 0 0 0 0 0 30187053 0 1206829669 0 0 0 0 0 0 5951949 0
net vnet35 0 0 464452 0 0 0 0 0 0 0 0 0 2527 0 444327 0 0 0 0 0 0 2071 0
numa 1 101292665 18781169 10118603 29535 101248406 18825411
numa 0 101809649 10118603 18781169 29710 101808020 10119838
ps - 487874358 215336 519 327 227 8 687
sysv_shm - 0 0
tmpfs /run/lock 0 6
tmpfs /run 2080768 1098
tmpfs /run/user/20029 0 20
tmpfs /run/qemu 0 1
tmpfs /dev/shm 37615439872 105371
vfs - 133593 2424 183004
vm - 2 20070884 434404765 252290 1617408 230544253 276383366 75481346 6522712 173217554 54210 0 0 0 0 0 1811072 0 311878 5997 0 1617252 74 0 3 0 0

1778475664.988347 0 node0.mimesys-workload.ldos-ut-pg0.wisc.cloudlab.us
block sda 497176 209242 40134296 286889 2626839 17764997 868809643 12868823 0 2204872 13417557
block sdb 479 0 7540 438 4 0 0 0 0 556 439
cpu 11 167652 0 52062 2807540 6811 0 5
cpu 10 194071 2 46957 2787463 8882 0 4
cpu 13 163153 0 47278 2817149 6489 0 4
cpu 12 166068 0 46306 2815946 6939 0 1
cpu 15 164992 2 45159 2817759 6469 0 3
cpu 14 158952 0 46412 2823441 6453 0 4
cpu 17 150293 0 45292 2832483 6652 0 1
cpu 16 160184 0 43836 2825729 5879 0 1
cpu 19 130991 0 31513 2866761 6199 0 1
cpu 18 177200 5 31908 2820866 5747 0 2
cpu 1 171710 0 35597 2814301 8149 0 742
cpu 0 202054 45 34845 2760199 9923 0 1151
cpu 3 190649 0 51791 2783173 7419 0 596
cpu 2 185323 0 47749 2790960 9220 0 190
cpu 5 190792 0 52309 2784078 7332 0 454
cpu 4 184931 1 52760 2788244 7816 0 112
cpu 7 170219 0 51413 2806079 6437 0 540
cpu 6 193304 0 51677 2782138 7713 0 326
cpu 9 161667 0 51257 2811894 7654 0 376
cpu 8 156979 0 57533 2812411 6030 0 336
mem 1 99033092 97111436 1921656 54132 1230612 152 0 1099384 71728 185480 4008 0 0 174644 0 0 0
mem 0 97636988 62037120 35599868 371820 34162100 216 0 34062312 1555924 475060 8600 0 0 462464 4096 0 0
net lo 0 0 2884071 0 0 0 0 0 0 0 0 0 23544 0 2884071 0 0 0 0 0 0 23544 0
net virbr0 0 732 9961280949 0 0 0 0 0 0 0 0 0 39720699 0 38380499892 0 0 0 0 0 0 23511991 0
net eno1 0 151602 40327915225 0 0 351 0 0 0 0 0 0 30187149 0 1206831363 0 0 0 0 0 0 5951957 0
net vnet35 0 0 467390 0 0 0 0 0 0 0 0 0 2541 0 448069 0 0 0 0 0 0 2084 0
numa 1 101302593 18781169 10118603 29535 101258334 18825411
numa 0 101810169 10118603 18781169 29710 101808540 10119838
ps - 487882212 215420 517 330 229 5 687
sysv_shm - 0 0
tmpfs /run/lock 0 6
tmpfs /run 2080768 1098
tmpfs /run/user/20029 0 20
tmpfs /run/qemu 0 1
tmpfs /dev/shm 37615439872 105371
vfs - 133597 2424 183036
vm - 2 20070884 434404821 252290 1617408 230554640 276393407 75481346 6522712 173233784 54210 0 0 0 0 0 1811072 0 311878 5997 0 1617252 74 0 3 0 0

1778475666.024629 0 node0.mimesys-workload.ldos-ut-pg0.wisc.cloudlab.us
block sda 497176 209242 40134296 286889 2626849 17764997 868809723 12868824 0 2204880 13417558
block sdb 479 0 7540 438 4 0 0 0 0 556 439
cpu 11 167654 0 52062 2807642 6811 0 5
cpu 10 194074 2 46961 2787561 8882 0 4
cpu 13 163153 0 47280 2817250 6489 0 4
cpu 12 166069 0 46310 2816043 6939 0 1
cpu 15 164992 2 45162 2817859 6469 0 3
cpu 14 158954 0 46414 2823539 6453 0 4
cpu 17 150294 0 45295 2832584 6652 0 1
cpu 16 160185 0 43839 2825829 5879 0 1
cpu 19 130992 0 31514 2866862 6199 0 1
cpu 18 177201 5 31910 2820967 5747 0 2
cpu 1 171786 0 35599 2814326 8149 0 742
cpu 0 202130 45 34845 2760223 9923 0 1151
cpu 3 190729 0 51792 2783193 7419 0 596
cpu 2 185393 0 47749 2790991 9220 0 190
cpu 5 190872 0 52310 2784098 7332 0 454
cpu 4 185011 1 52760 2788265 7816 0 112
cpu 7 170219 0 51413 2806182 6437 0 540
cpu 6 193306 0 51677 2782239 7713 0 326
cpu 9 161667 0 51258 2811996 7654 0 376
cpu 8 156979 0 57533 2812513 6030 0 336
mem 1 99033092 97109680 1923412 54136 1229480 152 0 1099388 70592 184784 4180 0 0 174596 0 0 0
mem 0 97636988 62037120 35599868 371824 34162088 232 0 34062312 1555924 475048 8632 0 0 462464 4096 0 0
net lo 0 0 2884628 0 0 0 0 0 0 0 0 0 23548 0 2884628 0 0 0 0 0 0 23548 0
net virbr0 0 732 9961282729 0 0 0 0 0 0 0 0 0 39720710 0 38380500890 0 0 0 0 0 0 23512000 0
net eno1 0 151615 40327921768 0 0 351 0 0 0 0 0 0 30187250 0 1206832760 0 0 0 0 0 0 5951964 0
net vnet35 0 0 469324 0 0 0 0 0 0 0 0 0 2552 0 449067 0 0 0 0 0 0 2093 0
numa 1 101310460 18781169 10118603 29535 101266201 18825411
numa 0 101810512 10118603 18781169 29710 101808883 10119838
ps - 487890504 215494 517 330 229 6 687
sysv_shm - 0 0
tmpfs /run/lock 0 6
tmpfs /run 2080768 1098
tmpfs /run/user/20029 0 20
tmpfs /run/qemu 0 1
tmpfs /dev/shm 37615439872 105371
vfs - 133598 2424 183058
vm - 2 20070884 434404861 252290 1617408 230562850 276401978 75481351 6522712 173246536 54210 0 0 0 0 0 1811072 0 311878 5997 0 1617252 74 0 3 0 0

1778475667.064938 0 node0.mimesys-workload.ldos-ut-pg0.wisc.cloudlab.us
block sda 497176 209242 40134296 286889 2626849 17764997 868809723 12868824 0 2204880 13417558
block sdb 479 0 7540 438 4 0 0 0 0 556 439
cpu 11 167656 0 52065 2807740 6811 0 5
cpu 10 194075 2 46964 2787660 8882 0 4
cpu 13 163154 0 47283 2817352 6489 0 4
cpu 12 166070 0 46311 2816146 6939 0 1
cpu 15 164993 2 45164 2817959 6469 0 3
cpu 14 158956 0 46416 2823639 6453 0 4
cpu 17 150294 0 45299 2832684 6652 0 1
cpu 16 160188 0 43843 2825926 5879 0 1
cpu 19 130992 0 31515 2866963 6199 0 1
cpu 18 177202 5 31912 2821069 5747 0 2
cpu 1 171873 0 35600 2814342 8149 0 742
cpu 0 202216 45 34846 2760238 9923 0 1151
cpu 3 190807 0 51794 2783216 7419 0 596
cpu 2 185466 0 47750 2791017 9220 0 190
cpu 5 190950 0 52311 2784121 7332 0 454
cpu 4 185089 1 52763 2788288 7816 0 112
cpu 7 170220 0 51414 2806284 6437 0 540
cpu 6 193308 0 51677 2782341 7713 0 326
cpu 9 161667 0 51258 2812099 7654 0 376
cpu 8 156983 0 57535 2812610 6030 0 336
mem 1 99033092 97110912 1922180 54144 1228896 156 0 1099388 70860 183820 4104 0 0 174580 0 0 0
mem 0 97636988 62036616 35600372 371820 34162372 276 0 34062348 1555956 475376 8604 0 0 462464 4096 0 0
net lo 0 0 2885795 0 0 0 0 0 0 0 0 0 23556 0 2885795 0 0 0 0 0 0 23556 0
net virbr0 0 732 9961287407 0 0 0 0 0 0 0 0 0 39720738 0 38380505578 0 0 0 0 0 0 23512021 0
net eno1 0 151615 40327928939 0 0 351 0 0 0 0 0 0 30187360 0 1206833326 0 0 0 0 0 0 5951970 0
net vnet35 0 0 474394 0 0 0 0 0 0 0 0 0 2580 0 453807 0 0 0 0 0 0 2115 0
numa 1 101319587 18781169 10118603 29535 101275328 18825411
numa 0 101811318 10118603 18781169 29710 101809689 10119838
ps - 487897847 215574 517 330 229 7 687
sysv_shm - 0 0
tmpfs /run/lock 0 6
tmpfs /run 2080768 1098
tmpfs /run/user/20029 0 20
tmpfs /run/qemu 0 1
tmpfs /dev/shm 37615439872 105371
vfs - 133591 2384 183002
vm - 2 20070884 434404861 252290 1617408 230572783 276411865 75481351 6522712 173261981 54210 0 0 0 0 0 1811072 0 311878 5997 0 1617252 74 0 3 0 0

1778475668.106509 0 node0.mimesys-workload.ldos-ut-pg0.wisc.cloudlab.us
block sda 497176 209242 40134296 286889 2626954 17765008 868810747 12868843 0 2204892 13417578
block sdb 479 0 7540 438 4 0 0 0 0 556 439
cpu 11 167656 0 52068 2807839 6811 0 5
cpu 10 194078 2 46966 2787760 8882 0 4
cpu 13 163156 0 47285 2817451 6489 0 4
cpu 12 166072 0 46314 2816245 6939 0 1
cpu 15 164996 2 45167 2818057 6469 0 3
cpu 14 158957 0 46418 2823738 6453 0 4
cpu 17 150297 0 45300 2832783 6652 0 1
cpu 16 160189 0 43846 2826027 5879 0 1
cpu 19 130994 0 31518 2867064 6199 0 1
cpu 18 177204 5 31912 2821170 5747 0 2
cpu 1 171944 0 35602 2814371 8149 0 742
cpu 0 202290 45 34848 2760261 9923 0 1151
cpu 3 190872 0 51794 2783252 7419 0 596
cpu 2 185541 0 47752 2791039 9220 0 190
cpu 5 191028 0 52312 2784144 7332 0 454
cpu 4 185170 1 52763 2788309 7816 0 112
cpu 7 170220 0 51414 2806388 6437 0 540
cpu 6 193309 0 51677 2782443 7713 0 326
cpu 9 161668 0 51258 2812201 7654 0 376
cpu 8 156983 0 57535 2812714 6030 0 336
mem 1 99033092 97110224 1922868 54144 1229708 4 0 1099392 70592 184576 3676 0 0 174636 0 0 0
mem 0 97636988 62035860 35601128 371828 34162452 0 0 34062388 1555988 475412 8600 0 0 462468 4096 0 0
net lo 0 0 2886962 0 0 0 0 0 0 0 0 0 23564 0 2886962 0 0 0 0 0 0 23564 0
net virbr0 0 732 9961287407 0 0 0 0 0 0 0 0 0 39720738 0 38380505578 0 0 0 0 0 0 23512021 0
net eno1 0 151624 40327937094 0 0 351 0 0 0 0 0 0 30187486 0 1206834926 0 0 0 0 0 0 5951977 0
net vnet35 0 0 474394 0 0 0 0 0 0 0 0 0 2580 0 453807 0 0 0 0 0 0 2115 0
numa 1 101328820 18781169 10118603 29535 101284561 18825411
numa 0 101811767 10118603 18781169 29710 101810138 10119838
ps - 487906010 215654 517 330 229 7 687
sysv_shm - 0 0
tmpfs /run/lock 0 6
tmpfs /run 2080768 1098
tmpfs /run/user/20029 0 20
tmpfs /run/qemu 0 1
tmpfs /dev/shm 37615439872 105371
vfs - 133596 2424 183035
vm - 2 20070884 434405373 252290 1617408 230582466 276421371 75481355 6522712 173277152 54210 0 0 0 0 0 1811072 0 311878 5997 0 1617252 74 0 3 0 0

1778475669.147304 0 node0.mimesys-workload.ldos-ut-pg0.wisc.cloudlab.us
block sda 497176 209242 40134296 286889 2626956 17765008 868810763 12868844 0 2204896 13417578
block sdb 479 0 7540 438 4 0 0 0 0 556 439
cpu 11 167658 0 52070 2807939 6811 0 5
cpu 10 194078 2 46967 2787861 8882 0 4
cpu 13 163157 0 47287 2817552 6489 0 4
cpu 12 166074 0 46318 2816342 6939 0 1
cpu 15 164997 2 45169 2818157 6469 0 3
cpu 14 158960 0 46422 2823835 6453 0 4
cpu 17 150297 0 45304 2832884 6652 0 1
cpu 16 160190 0 43846 2826129 5879 0 1
cpu 19 130995 0 31519 2867165 6199 0 1
cpu 18 177206 5 31916 2821269 5747 0 2
cpu 1 172030 0 35603 2814388 8149 0 742
cpu 0 202371 45 34849 2760282 9923 0 1151
cpu 3 190954 0 51794 2783273 7419 0 596
cpu 2 185628 0 47753 2791057 9220 0 190
cpu 5 191105 0 52312 2784168 7332 0 454
cpu 4 185254 1 52764 2788326 7816 0 112
cpu 7 170220 0 51414 2806492 6437 0 540
cpu 6 193309 0 51678 2782546 7713 0 326
cpu 9 161669 0 51258 2812304 7654 0 376
cpu 8 156987 0 57538 2812812 6030 0 336
mem 1 99033092 97111232 1921860 54144 1229232 92 0 1099392 70592 184116 4340 0 0 174628 0 0 0
mem 0 97636988 62036364 35600624 371828 34162376 140 0 34062388 1555988 475324 8564 0 0 462468 4096 0 0
net lo 0 0 2887519 0 0 0 0 0 0 0 0 0 23568 0 2887519 0 0 0 0 0 0 23568 0
net virbr0 0 732 9961292085 0 0 0 0 0 0 0 0 0 39720766 0 38380510266 0 0 0 0 0 0 23512042 0
net eno1 0 151624 40327943829 0 0 351 0 0 0 0 0 0 30187590 0 1206836201 0 0 0 0 0 0 5951983 0
net vnet35 0 0 479464 0 0 0 0 0 0 0 0 0 2608 0 458547 0 0 0 0 0 0 2137 0
numa 1 101337583 18781169 10118603 29535 101293324 18825411
numa 0 101812300 10118603 18781169 29710 101810671 10119838
ps - 487912929 215735 517 330 229 7 686
sysv_shm - 0 0
tmpfs /run/lock 0 6
tmpfs /run 2080768 1098
tmpfs /run/user/20029 0 20
tmpfs /run/qemu 0 1
tmpfs /dev/shm 37615439872 105371
vfs - 133598 2424 183054
vm - 2 20070884 434405381 252290 1617408 230591809 276430882 75481356 6522712 173291380 54210 0 0 0 0 0 1811072 0 311878 5997 0 1617252 74 0 3 0 0

1778475670.189471 0 node0.mimesys-workload.ldos-ut-pg0.wisc.cloudlab.us
block sda 497176 209242 40134296 286889 2626960 17765008 868810843 12868844 0 2204904 13417579
block sdb 479 0 7540 438 4 0 0 0 0 556 439
cpu 11 167659 0 52073 2808039 6811 0 5
cpu 10 194082 2 46970 2787958 8882 0 4
cpu 13 163158 0 47290 2817653 6489 0 4
cpu 12 166074 0 46322 2816442 6939 0 1
cpu 15 164997 2 45171 2818259 6469 0 3
cpu 14 158962 0 46425 2823933 6453 0 4
cpu 17 150298 0 45308 2832984 6652 0 1
cpu 16 160191 0 43848 2826230 5879 0 1
cpu 19 130997 0 31521 2867267 6199 0 1
cpu 18 177207 5 31919 2821370 5747 0 2
cpu 1 172092 0 35604 2814426 8149 0 742
cpu 0 202443 45 34851 2760309 9923 0 1151
cpu 3 191025 0 51795 2783302 7419 0 596
cpu 2 185698 0 47754 2791087 9220 0 190
cpu 5 191185 0 52314 2784188 7332 0 454
cpu 4 185327 1 52765 2788356 7816 0 112
cpu 7 170221 0 51415 2806594 6437 0 540
cpu 6 193310 0 51678 2782649 7713 0 326
cpu 9 161674 0 51260 2812402 7654 0 376
cpu 8 156987 0 57538 2812915 6030 0 336
mem 1 99033092 97111524 1921568 54152 1230296 128 0 1099396 71824 185660 4008 0 0 174628 0 0 0
mem 0 97636988 62036364 35600624 371828 34162992 152 0 34062388 1555988 475956 8552 0 0 462468 4096 0 0
net lo 0 0 2888686 0 0 0 0 0 0 0 0 0 23576 0 2888686 0 0 0 0 0 0 23576 0
net virbr0 0 732 9961294983 0 0 0 0 0 0 0 0 0 39720783 0 38380513956 0 0 0 0 0 0 23512054 0
net eno1 0 151632 40327949980 0 0 351 0 0 0 0 0 0 30187683 0 1206836713 0 0 0 0 0 0 5951988 0
net vnet35 0 0 482600 0 0 0 0 0 0 0 0 0 2625 0 462237 0 0 0 0 0 0 2149 0
numa 1 101347116 18781169 10118603 29535 101302857 18825411
numa 0 101812999 10118603 18781169 29710 101811370 10119838
ps - 487921233 215818 532 336 231 5 687
sysv_shm - 0 0
tmpfs /run/lock 0 6
tmpfs /run 2080768 1098
tmpfs /run/user/20029 0 20
tmpfs /run/qemu 0 1
tmpfs /dev/shm 37615439872 105371
vfs - 133593 2384 183004
vm - 2 20070884 434405421 252290 1617408 230601993 276440701 75481359 6522712 173307223 54210 0 0 0 0 0 1811072 0 311878 5997 0 1617252 74 0 3 0 0

1778475671.226339 0 node0.mimesys-workload.ldos-ut-pg0.wisc.cloudlab.us
block sda 497176 209242 40134296 286889 2626960 17765008 868810843 12868844 0 2204904 13417579
block sdb 479 0 7540 438 4 0 0 0 0 556 439
cpu 11 167661 0 52075 2808137 6811 0 5
cpu 10 194083 2 46972 2788058 8882 0 4
cpu 13 163159 0 47292 2817753 6489 0 4
cpu 12 166076 0 46327 2816540 6939 0 1
cpu 15 164998 2 45173 2818360 6469 0 3
cpu 14 158962 0 46427 2824034 6453 0 4
cpu 17 150298 0 45309 2833084 6652 0 1
cpu 16 160193 0 43851 2826330 5879 0 1
cpu 19 130998 0 31524 2867366 6199 0 1
cpu 18 177208 5 31920 2821471 5747 0 2
cpu 1 172158 0 35605 2814459 8149 0 742
cpu 0 202522 45 34852 2760332 9923 0 1151
cpu 3 191092 0 51796 2783335 7419 0 596
cpu 2 185774 0 47756 2791111 9220 0 190
cpu 5 191262 0 52315 2784212 7332 0 454
cpu 4 185393 1 52766 2788390 7816 0 112
cpu 7 170221 0 51415 2806697 6437 0 540
cpu 6 193310 0 51678 2782751 7713 0 326
cpu 9 161674 0 51261 2812505 7654 0 376
cpu 8 156988 0 57538 2813019 6030 0 336
mem 1 99033092 97112732 1920360 54152 1229192 140 0 1099396 70592 184476 3884 0 0 174596 0 0 0
mem 0 97636988 62036112 35600876 371828 34162080 160 0 34062420 1556020 475028 8600 0 0 462480 4096 0 0
net lo 0 0 2889243 0 0 0 0 0 0 0 0 0 23580 0 2889243 0 0 0 0 0 0 23580 0
net virbr0 0 732 9961296711 0 0 0 0 0 0 0 0 0 39720793 0 38380514954 0 0 0 0 0 0 23512063 0
net eno1 0 151632 40327957165 0 0 351 0 0 0 0 0 0 30187794 0 1206838128 0 0 0 0 0 0 5951994 0
net vnet35 0 0 484468 0 0 0 0 0 0 0 0 0 2635 0 463287 0 0 0 0 0 0 2159 0
numa 1 101354862 18781169 10118603 29535 101310603 18825411
numa 0 101813559 10118603 18781169 29710 101811930 10119838
ps - 487928389 215893 532 336 231 8 685
sysv_shm - 0 0
tmpfs /run/lock 0 6
tmpfs /run 2080768 1098
tmpfs /run/user/20029 0 20
tmpfs /run/qemu 0 1
tmpfs /dev/shm 37615439872 105371
vfs - 133592 2424 183007
vm - 2 20070884 434405421 252290 1617408 230610324 276449418 75481363 6522712 173320094 54210 0 0 0 0 0 1811072 0 311878 5997 0 1617252 74 0 3 0 0

1778475672.265319 0 node0.mimesys-workload.ldos-ut-pg0.wisc.cloudlab.us
block sda 497176 209242 40134296 286889 2626960 17765008 868810843 12868844 0 2204904 13417579
block sdb 479 0 7540 438 4 0 0 0 0 556 439
cpu 11 167665 0 52077 2808234 6811 0 5
cpu 10 194085 2 46977 2788155 8882 0 4
cpu 13 163160 0 47294 2817854 6489 0 4
cpu 12 166077 0 46332 2816638 6939 0 1
cpu 15 164999 2 45175 2818460 6469 0 3
cpu 14 158964 0 46428 2824135 6453 0 4
cpu 17 150299 0 45312 2833184 6652 0 1
cpu 16 160195 0 43854 2826429 5879 0 1
cpu 19 130999 0 31526 2867467 6199 0 1
cpu 18 177208 5 31922 2821571 5747 0 2
cpu 1 172234 0 35607 2814481 8149 0 742
cpu 0 202598 45 34853 2760361 9923 0 1151
cpu 3 191177 0 51796 2783353 7419 0 596
cpu 2 185856 0 47757 2791130 9220 0 190
cpu 5 191342 0 52316 2784231 7332 0 454
cpu 4 185472 1 52768 2788409 7816 0 112
cpu 7 170221 0 51416 2806798 6437 0 540
cpu 6 193310 0 51678 2782854 7713 0 326
cpu 9 161674 0 51261 2812608 7654 0 376
cpu 8 156992 0 57539 2813117 6030 0 336
mem 1 99033092 97111312 1921780 54152 1230948 160 0 1099400 71832 185836 3900 0 0 174644 0 0 0
mem 0 97636988 62035864 35601124 371828 34162516 180 0 34062420 1556020 475384 8600 0 0 462484 4096 0 0
net lo 0 0 2890410 0 0 0 0 0 0 0 0 0 23588 0 2890410 0 0 0 0 0 0 23588 0
net virbr0 0 732 9961300909 0 0 0 0 0 0 0 0 0 39720815 0 38380519216 0 0 0 0 0 0 23512079 0
net eno1 0 151641 40327963982 0 0 351 0 0 0 0 0 0 30187898 0 1206839498 0 0 0 0 0 0 5952000 0
net vnet35 0 0 488974 0 0 0 0 0 0 0 0 0 2657 0 467549 0 0 0 0 0 0 2175 0
numa 1 101365010 18781169 10118603 29535 101320751 18825411
numa 0 101814108 10118603 18781169 29710 101812479 10119838
ps - 487936297 215981 532 336 231 8 685
sysv_shm - 0 0
tmpfs /run/lock 0 6
tmpfs /run 2080768 1098
tmpfs /run/user/20029 0 20
tmpfs /run/qemu 0 1
tmpfs /dev/shm 37615439872 105371
vfs - 133597 2464 183019
vm - 2 20070884 434405421 252290 1617408 230621107 276459750 75481367 6522712 173336878 54210 0 0 0 0 0 1811072 0 311878 5997 0 1617252 74 0 3 0 0

1778475673.305578 0 node0.mimesys-workload.ldos-ut-pg0.wisc.cloudlab.us
block sda 497176 209242 40134296 286889 2627043 17765018 868811643 12868858 0 2204912 13417593
block sdb 479 0 7540 438 4 0 0 0 0 556 439
cpu 11 167666 0 52080 2808335 6811 0 5
cpu 10 194087 2 46980 2788254 8882 0 4
cpu 13 163162 0 47296 2817955 6489 0 4
cpu 12 166078 0 46335 2816738 6939 0 1
cpu 15 165000 2 45178 2818560 6469 0 3
cpu 14 158965 0 46430 2824236 6453 0 4
cpu 17 150300 0 45315 2833284 6652 0 1
cpu 16 160196 0 43857 2826528 5879 0 1
cpu 19 131000 0 31526 2867570 6199 0 1
cpu 18 177209 5 31924 2821671 5747 0 2
cpu 1 172306 0 35608 2814511 8149 0 742
cpu 0 202672 45 34855 2760386 9923 0 1151
cpu 3 191257 0 51797 2783377 7419 0 596
cpu 2 185931 0 47757 2791156 9220 0 190
cpu 5 191415 0 52317 2784256 7332 0 454
cpu 4 185543 1 52769 2788438 7816 0 112
cpu 7 170222 0 51416 2806901 6437 0 540
cpu 6 193311 0 51678 2782957 7713 0 326
cpu 9 161675 0 51261 2812710 7654 0 376
cpu 8 156994 0 57540 2813219 6030 0 336
mem 1 99033092 97111256 1921836 54156 1230100 36 0 1099400 71540 185500 4320 0 0 174644 0 0 0
mem 0 97636988 62035360 35601628 371828 34162836 20 0 34062508 1556164 475612 8680 0 0 462484 4096 0 0
net lo 0 0 2891577 0 0 0 0 0 0 0 0 0 23596 0 2891577 0 0 0 0 0 0 23596 0
net virbr0 0 732 9961301389 0 0 0 0 0 0 0 0 0 39720821 0 38380519642 0 0 0 0 0 0 23512084 0
net eno1 0 151641 40327970313 0 0 351 0 0 0 0 0 0 30187994 0 1206840010 0 0 0 0 0 0 5952005 0
net vnet35 0 0 489538 0 0 0 0 0 0 0 0 0 2663 0 468027 0 0 0 0 0 0 2181 0
numa 1 101373825 18781169 10118603 29535 101329566 18825411
numa 0 101815243 10118603 18781169 29710 101813614 10119838
ps - 487944385 216070 532 336 231 8 689
sysv_shm - 0 0
tmpfs /run/lock 0 6
tmpfs /run 2080768 1098
tmpfs /run/user/20029 0 20
tmpfs /run/qemu 0 1
tmpfs /dev/shm 37615439872 105371
vfs - 133602 2464 183013
vm - 2 20070884 434405821 252290 1617408 230631000 276469522 75481370 6522712 173352408 54210 0 0 0 0 0 1811072 0 311878 5997 0 1617252 74 0 3 0 0

1778475674.344014 0 node0.mimesys-workload.ldos-ut-pg0.wisc.cloudlab.us
block sda 497176 209242 40134296 286889 2627053 17765018 868811723 12868864 0 2204920 13417600
block sdb 479 0 7540 438 4 0 0 0 0 556 439
cpu 11 167667 0 52082 2808435 6811 0 5
cpu 10 194089 2 46982 2788352 8882 0 4
cpu 13 163165 0 47298 2818053 6489 0 4
cpu 12 166080 0 46337 2816837 6939 0 1
cpu 15 165001 2 45180 2818662 6469 0 3
cpu 14 158966 0 46434 2824335 6453 0 4
cpu 17 150303 0 45317 2833383 6652 0 1
cpu 16 160198 0 43859 2826628 5879 0 1
cpu 19 131004 0 31528 2867669 6199 0 1
cpu 18 177210 5 31926 2821772 5747 0 2
cpu 1 172384 0 35610 2814530 8149 0 742
cpu 0 202756 45 34859 2760401 9923 0 1151
cpu 3 191341 0 51797 2783397 7419 0 596
cpu 2 186004 0 47758 2791182 9220 0 190
cpu 5 191497 0 52319 2784275 7332 0 454
cpu 4 185621 1 52771 2788459 7816 0 112
cpu 7 170224 0 51416 2807004 6437 0 540
cpu 6 193312 0 51678 2783059 7713 0 326
cpu 9 161680 0 51262 2812809 7654 0 376
cpu 8 156994 0 57540 2813322 6030 0 336
mem 1 99033092 97109056 1924036 54156 1229804 116 0 1099404 70592 184752 3640 0 0 174612 0 0 0
mem 0 97636988 62005372 35631616 371836 34192200 132 0 34092500 1586152 475060 8632 0 0 462500 4096 0 0
net lo 0 0 2892134 0 0 0 0 0 0 0 0 0 23600 0 2892134 0 0 0 0 0 0 23600 0
net virbr0 0 732 9961306067 0 0 0 0 0 0 0 0 0 39720849 0 38380524330 0 0 0 0 0 0 23512105 0
net eno1 0 151651 40327977696 0 0 352 0 0 0 0 0 0 30188109 0 1206841439 0 0 0 0 0 0 5952012 0
net vnet35 0 0 494608 0 0 0 0 0 0 0 0 0 2691 0 472715 0 0 0 0 0 0 2202 0
numa 1 101382658 18781169 10118603 29535 101338399 18825411
numa 0 101823630 10118603 18781169 29710 101822001 10119838
ps - 487951440 216146 521 337 232 5 685
sysv_shm - 0 0
tmpfs /run/lock 0 6
tmpfs /run 2080768 1098
tmpfs /run/user/20029 0 20
tmpfs /run/qemu 0 1
tmpfs /dev/shm 37615439872 105371
vfs - 133589 2504 182990
vm - 2 20070884 434405861 252290 1617408 230648167 276479438 75481375 6522712 173374760 54210 0 0 0 0 0 1811072 0 311878 5997 0 1617252 74 0 3 0 0

1778475675.384058 0 node0.mimesys-workload.ldos-ut-pg0.wisc.cloudlab.us
block sda 497176 209242 40134296 286889 2627057 17765018 868811811 12868865 0 2204924 13417600
block sdb 479 0 7540 438 4 0 0 0 0 556 439
cpu 11 167669 0 52084 2808535 6811 0 5
cpu 10 194092 2 46985 2788450 8882 0 4
cpu 13 163165 0 47300 2818155 6489 0 4
cpu 12 166082 0 46342 2816934 6939 0 1
cpu 15 165004 2 45183 2818759 6469 0 3
cpu 14 158967 0 46435 2824436 6453 0 4
cpu 17 150303 0 45318 2833484 6652 0 1
cpu 16 160200 0 43860 2826728 5879 0 1
cpu 19 131005 0 31531 2867770 6199 0 1
cpu 18 177210 5 31930 2821873 5747 0 2
cpu 1 172462 0 35611 2814552 8149 0 742
cpu 0 202830 45 34861 2760425 9923 0 1151
cpu 3 191423 0 51798 2783417 7419 0 596
cpu 2 186081 0 47759 2791207 9220 0 190
cpu 5 191568 0 52320 2784305 7332 0 454
cpu 4 185704 1 52773 2788478 7816 0 112
cpu 7 170224 0 51417 2807106 6437 0 540
cpu 6 193313 0 51678 2783161 7713 0 326
cpu 9 161681 0 51262 2812911 7654 0 376
cpu 8 156998 0 57540 2813422 6030 0 336
mem 1 99033092 97108552 1924540 54156 1230880 116 0 1099412 71196 185720 3952 0 0 174708 0 0 0
mem 0 97636988 61999828 35637160 371840 34197764 148 0 34097168 1590820 476008 8612 0 0 462500 4096 0 0
net lo 0 0 2893301 0 0 0 0 0 0 0 0 0 23608 0 2893301 0 0 0 0 0 0 23608 0
net virbr0 0 732 9961308809 0 0 0 0 0 0 0 0 0 39720863 0 38380528020 0 0 0 0 0 0 23512117 0
net eno1 0 151651 40327984519 0 0 352 0 0 0 0 0 0 30188213 0 1206842849 0 0 0 0 0 0 5952018 0
net vnet35 0 0 497546 0 0 0 0 0 0 0 0 0 2705 0 476457 0 0 0 0 0 0 2215 0
numa 1 101391740 18781169 10118603 29535 101347481 18825411
numa 0 101825486 10118603 18781169 29710 101823857 10119838
ps - 487959601 216225 521 337 232 3 685
sysv_shm - 0 0
tmpfs /run/lock 0 6
tmpfs /run 2080768 1098
tmpfs /run/user/20029 0 20
tmpfs /run/qemu 0 1
tmpfs /dev/shm 37615439872 105371
vfs - 133594 2464 183016
vm - 2 20070884 434405905 252290 1617408 230659105 276488874 75481376 6522712 173391095 54210 0 0 0 0 0 1811072 0 311878 5997 0 1617252 74 0 3 0 0

1778475676.425493 0 node0.mimesys-workload.ldos-ut-pg0.wisc.cloudlab.us
block sda 497180 209272 40134568 286892 2627057 17765018 868811811 12868865 0 2204928 13417603
block sdb 479 0 7540 438 4 0 0 0 0 556 439
cpu 11 167671 0 52086 2808635 6811 0 5
cpu 10 194092 2 46987 2788550 8882 0 4
cpu 13 163166 0 47302 2818256 6489 0 4
cpu 12 166083 0 46344 2817035 6939 0 1
cpu 15 165005 2 45185 2818860 6469 0 3
cpu 14 158968 0 46436 2824538 6453 0 4
cpu 17 150306 0 45320 2833584 6652 0 1
cpu 16 160200 0 43862 2826830 5879 0 1
cpu 19 131006 0 31533 2867871 6199 0 1
cpu 18 177211 5 31932 2821974 5747 0 2
cpu 1 172545 0 35612 2814571 8149 0 742
cpu 0 202909 45 34863 2760449 9923 0 1151
cpu 3 191502 0 51798 2783440 7419 0 596
cpu 2 186158 0 47760 2791230 9220 0 190
cpu 5 191640 0 52320 2784333 7332 0 454
cpu 4 185778 1 52774 2788506 7816 0 112
cpu 7 170224 0 51417 2807209 6437 0 540
cpu 6 193314 0 51679 2783263 7713 0 326
cpu 9 161681 0 51262 2813014 7654 0 376
cpu 8 157000 0 57540 2813523 6030 0 336
mem 1 99033092 97109060 1924032 54324 1229600 136 0 1099552 70616 184460 3828 0 0 174700 0 0 0
mem 0 97636988 61999324 35637664 371840 34198192 176 0 34098204 1591856 475400 8664 0 0 462512 4096 0 0
net lo 0 0 2894414 0 0 0 0 0 0 0 0 0 23618 0 2894414 0 0 0 0 0 0 23618 0
net virbr0 0 732 9961310589 0 0 0 0 0 0 0 0 0 39720874 0 38380529018 0 0 0 0 0 0 23512126 0
net eno1 0 151662 40327992228 0 0 352 0 0 0 0 0 0 30188329 0 1206843321 0 0 0 0 0 0 5952023 0
net vnet35 0 0 499480 0 0 0 0 0 0 0 0 0 2716 0 477455 0 0 0 0 0 0 2224 0
numa 1 101399634 18781169 10118603 29535 101355375 18825411
numa 0 101826000 10118603 18781169 29710 101824371 10119838
ps - 487966950 216300 521 337 232 5 685
sysv_shm - 0 0
tmpfs /run/lock 0 6
tmpfs /run 2080768 1098
tmpfs /run/user/20029 0 20
tmpfs /run/qemu 0 1
tmpfs /dev/shm 37615439872 105371
vfs - 133589 2504 182990
vm - 2 20071020 434405905 252290 1617408 230667512 276497561 75481388 6522712 173404114 54210 0 0 0 0 0 1811072 0 311878 5997 0 1617252 74 0 3 0 0

1778475677.465498 0 node0.mimesys-workload.ldos-ut-pg0.wisc.cloudlab.us
block sda 497180 209272 40134568 286892 2627057 17765018 868811811 12868865 0 2204928 13417603
block sdb 479 0 7540 438 4 0 0 0 0 556 439
cpu 11 167674 0 52089 2808733 6811 0 5
cpu 10 194093 2 46989 2788651 8882 0 4
cpu 13 163167 0 47303 2818357 6489 0 4
cpu 12 166084 0 46348 2817134 6939 0 1
cpu 15 165008 2 45188 2818958 6469 0 3
cpu 14 158969 0 46438 2824639 6453 0 4
cpu 17 150307 0 45322 2833683 6652 0 1
cpu 16 160201 0 43863 2826932 5879 0 1
cpu 19 131008 0 31537 2867968 6199 0 1
cpu 18 177211 5 31936 2822074 5747 0 2
cpu 1 172626 0 35612 2814588 8149 0 742
cpu 0 202978 45 34864 2760482 9923 0 1151
cpu 3 191589 0 51799 2783457 7419 0 596
cpu 2 186240 0 47762 2791250 9220 0 190
cpu 5 191719 0 52321 2784353 7332 0 454
cpu 4 185860 1 52774 2788524 7816 0 112
cpu 7 170225 0 51418 2807311 6437 0 540
cpu 6 193316 0 51679 2783366 7713 0 326
cpu 9 161686 0 51263 2813112 7654 0 376
cpu 8 157000 0 57540 2813627 6030 0 336
mem 1 99033092 97108056 1925036 54324 1229384 148 0 1099556 70812 184192 3884 0 0 174652 0 0 0
mem 0 97636988 61998572 35638416 371840 34199160 204 0 34098712 1592364 475868 8648 0 0 462516 4096 0 0
net lo 0 0 2895581 0 0 0 0 0 0 0 0 0 23626 0 2895581 0 0 0 0 0 0 23626 0
net virbr0 0 732 9961315267 0 0 0 0 0 0 0 0 0 39720902 0 38380533706 0 0 0 0 0 0 23512147 0
net eno1 0 151662 40327998631 0 0 352 0 0 0 0 0 0 30188425 0 1206844699 0 0 0 0 0 0 5952029 0
net vnet35 0 0 504550 0 0 0 0 0 0 0 0 0 2744 0 482195 0 0 0 0 0 0 2246 0
numa 1 101408815 18781169 10118603 29535 101364556 18825411
numa 0 101826888 10118603 18781169 29710 101825259 10119838
ps - 487974279 216380 521 337 232 6 685
sysv_shm - 0 0
tmpfs /run/lock 0 6
tmpfs /run 2080768 1098
tmpfs /run/user/20029 0 20
tmpfs /run/qemu 0 1
tmpfs /dev/shm 37615439872 105371
vfs - 133589 2544 182990
vm - 2 20071020 434405905 252290 1617408 230677581 276507534 75481390 6522712 173419668 54210 0 0 0 0 0 1811072 0 311878 5997 0 1617252 74 0 3 0 0

1778475678.507242 0 node0.mimesys-workload.ldos-ut-pg0.wisc.cloudlab.us
block sda 497180 209272 40134568 286892 2627147 17765034 868812707 12868888 0 2204936 13417626
block sdb 479 0 7540 438 4 0 0 0 0 556 439
cpu 11 167674 0 52093 2808833 6811 0 5
cpu 10 194094 2 46992 2788751 8882 0 4
cpu 13 163170 0 47306 2818456 6489 0 4
cpu 12 166086 0 46354 2817231 6939 0 2
cpu 15 165008 2 45189 2819061 6469 0 3
cpu 14 158972 0 46441 2824738 6453 0 4
cpu 17 150308 0 45324 2833784 6652 0 1
cpu 16 160202 0 43866 2827032 5879 0 1
cpu 19 131010 0 31539 2868069 6199 0 1
cpu 18 177213 5 31939 2822173 5747 0 2
cpu 1 172690 0 35613 2814628 8149 0 742
cpu 0 203034 45 34866 2760526 9923 0 1151
cpu 3 191646 0 51800 2783502 7419 0 596
cpu 2 186299 0 47763 2791295 9220 0 190
cpu 5 191784 0 52323 2784393 7332 0 454
cpu 4 185913 1 52774 2788571 7816 0 112
cpu 7 170226 0 51419 2807413 6437 0 540
cpu 6 193317 0 51679 2783468 7713 0 326
cpu 9 161686 0 51264 2813215 7654 0 376
cpu 8 157004 0 57541 2813726 6030 0 336
mem 1 99033092 97106048 1927044 54324 1229948 180 24 1099556 71004 185068 4088 0 0 174676 0 0 0
mem 0 97636988 62011308 35625680 371840 34198388 188 32 34098736 1592684 474956 8544 0 0 462532 4096 0 0
net lo 0 0 2896748 0 0 0 0 0 0 0 0 0 23634 0 2896748 0 0 0 0 0 0 23634 0
net virbr0 0 732 9961318113 0 0 0 0 0 0 0 0 0 39720918 0 38380537396 0 0 0 0 0 0 23512159 0
net eno1 0 151670 40328005520 0 0 352 0 0 0 0 0 0 30188531 0 1206846165 0 0 0 0 0 0 5952037 0
net vnet35 0 0 507620 0 0 0 0 0 0 0 0 0 2760 0 485937 0 0 0 0 0 0 2259 0
numa 1 101417638 18781169 10118603 29535 101373379 18825411
numa 0 101827913 10118603 18781169 29710 101826284 10119838
ps - 487981196 216460 521 337 232 6 685
sysv_shm - 0 0
tmpfs /run/lock 0 6
tmpfs /run 2080768 1098
tmpfs /run/user/20029 0 20
tmpfs /run/qemu 0 1
tmpfs /dev/shm 37615439872 105371
vfs - 133593 2504 183008
vm - 2 20071020 434406353 252290 1617408 230687429 276516990 75481392 6522712 173435028 54210 0 0 0 0 0 1811072 0 311878 5997 0 1617252 74 0 3 0 0

1778475679.548834 0 node0.mimesys-workload.ldos-ut-pg0.wisc.cloudlab.us
block sda 497180 209272 40134568 286892 2627161 17765034 868812827 12868896 0 2204944 13417634
block sdb 479 0 7540 438 4 0 0 0 0 556 439
cpu 11 167675 0 52095 2808935 6811 0 5
cpu 10 194096 2 46994 2788851 8882 0 4
cpu 13 163170 0 47309 2818556 6489 0 4
cpu 12 166088 0 46356 2817330 6939 0 2
cpu 15 165009 2 45190 2819162 6469 0 3
cpu 14 158972 0 46444 2824839 6453 0 4
cpu 17 150309 0 45326 2833884 6652 0 1
cpu 16 160202 0 43868 2827135 5879 0 1
cpu 19 131013 0 31544 2868165 6199 0 1
cpu 18 177214 5 31940 2822275 5747 0 2
cpu 1 172768 0 35615 2814649 8149 0 742
cpu 0 203112 45 34867 2760547 9923 0 1151
cpu 3 191719 0 51804 2783524 7419 0 596
cpu 2 186378 0 47765 2791316 9220 0 190
cpu 5 191868 0 52324 2784410 7332 0 454
cpu 4 185991 1 52776 2788592 7816 0 112
cpu 7 170227 0 51420 2807515 6437 0 540
cpu 6 193318 0 51680 2783570 7713 0 326
cpu 9 161686 0 51265 2813318 7654 0 376
cpu 8 157004 0 57541 2813830 6030 0 336
mem 1 99033092 97106308 1926784 54332 1228980 92 0 1099560 70160 183856 4000 0 0 174628 0 0 0
mem 0 97636988 62010552 35626436 371848 34198868 112 0 34098820 1592464 475392 8676 0 0 462540 4096 0 0
net lo 0 0 2897305 0 0 0 0 0 0 0 0 0 23638 0 2897305 0 0 0 0 0 0 23638 0
net virbr0 0 732 9961319945 0 0 0 0 0 0 0 0 0 39720930 0 38380538394 0 0 0 0 0 0 23512168 0
net eno1 0 151670 40328011973 0 0 352 0 0 0 0 0 0 30188630 0 1206846798 0 0 0 0 0 0 5952044 0
net vnet35 0 0 509620 0 0 0 0 0 0 0 0 0 2772 0 486935 0 0 0 0 0 0 2268 0
numa 1 101426013 18781169 10118603 29535 101381754 18825411
numa 0 101828371 10118603 18781169 29710 101826742 10119838
ps - 487988339 216538 519 340 234 6 685
sysv_shm - 0 0
tmpfs /run/lock 0 6
tmpfs /run 2080768 1098
tmpfs /run/user/20029 0 20
tmpfs /run/qemu 0 1
tmpfs /dev/shm 37615439872 105371
vfs - 133587 2464 182981
vm - 2 20071020 434406413 252290 1617408 230696262 276526137 75481394 6522712 173448556 54210 0 0 0 0 0 1811072 0 311878 5997 0 1617252 74 0 3 0 0

1778475680.587394 0 node0.mimesys-workload.ldos-ut-pg0.wisc.cloudlab.us
block sda 497180 209272 40134568 286892 2627166 17765034 868812923 12868897 0 2204952 13417635
block sdb 479 0 7540 438 4 0 0 0 0 556 439
cpu 11 167676 0 52097 2809034 6811 0 5
cpu 10 194097 2 46996 2788952 8882 0 4
cpu 13 163172 0 47312 2818656 6489 0 4
cpu 12 166090 0 46359 2817428 6939 0 2
cpu 15 165011 2 45193 2819261 6469 0 3
cpu 14 158974 0 46446 2824937 6453 0 4
cpu 17 150309 0 45328 2833986 6652 0 1
cpu 16 160203 0 43871 2827235 5879 0 1
cpu 19 131016 0 31548 2868263 6199 0 1
cpu 18 177218 5 31943 2822372 5747 0 2
cpu 1 172844 0 35616 2814670 8149 0 742
cpu 0 203188 45 34868 2760570 9923 0 1151
cpu 3 191800 0 51805 2783541 7419 0 596
cpu 2 186450 0 47766 2791344 9220 0 190
cpu 5 191945 0 52325 2784435 7332 0 454
cpu 4 186071 1 52776 2788611 7816 0 112
cpu 7 170227 0 51420 2807619 6437 0 540
cpu 6 193319 0 51680 2783672 7713 0 326
cpu 9 161686 0 51265 2813422 7654 0 376
cpu 8 157004 0 57541 2813933 6030 0 336
mem 1 99033092 97105556 1927536 54328 1230976 104 0 1099560 71648 185484 3992 0 0 174596 0 0 0
mem 0 97636988 62010804 35626184 371848 34198508 164 0 34098852 1592496 475052 8648 0 0 462548 4096 0 0
net lo 0 0 2898472 0 0 0 0 0 0 0 0 0 23646 0 2898472 0 0 0 0 0 0 23646 0
net virbr0 0 732 9961322843 0 0 0 0 0 0 0 0 0 39720947 0 38380542084 0 0 0 0 0 0 23512180 0
net eno1 0 151681 40328019108 0 0 352 0 0 0 0 0 0 30188739 0 1206848622 0 0 0 0 0 0 5952051 0
net vnet35 0 0 512756 0 0 0 0 0 0 0 0 0 2789 0 490677 0 0 0 0 0 0 2281 0
numa 1 101435630 18781169 10118603 29535 101391371 18825411
numa 0 101828603 10118603 18781169 29710 101826974 10119838
ps - 487996326 216617 519 340 234 7 681
sysv_shm - 0 0
tmpfs /run/lock 0 6
tmpfs /run 2080768 1098
tmpfs /run/user/20029 0 20
tmpfs /run/qemu 0 1
tmpfs /dev/shm 37615439872 105371
vfs - 133590 2504 182967
vm - 2 20071020 434406461 252290 1617408 230706111 276535639 75481396 6522712 173463779 54210 0 0 0 0 0 1811072 0 311878 5997 0 1617252 74 0 3 0 0

1778475681.628758 0 node0.mimesys-workload.ldos-ut-pg0.wisc.cloudlab.us
block sda 497180 209272 40134568 286892 2627166 17765034 868812923 12868897 0 2204952 13417635
block sdb 479 0 7540 438 4 0 0 0 0 556 439
cpu 11 167678 0 52098 2809134 6811 0 5
cpu 10 194098 2 46998 2789053 8882 0 4
cpu 13 163172 0 47314 2818758 6489 0 4
cpu 12 166094 0 46362 2817526 6939 0 2
cpu 15 165012 2 45196 2819362 6469 0 3
cpu 14 158976 0 46448 2825037 6453 0 4
cpu 17 150311 0 45330 2834087 6652 0 1
cpu 16 160203 0 43873 2827335 5879 0 1
cpu 19 131017 0 31549 2868364 6199 0 1
cpu 18 177218 5 31944 2822474 5747 0 2
cpu 1 172917 0 35617 2814697 8149 0 742
cpu 0 203266 45 34868 2760595 9923 0 1151
cpu 3 191882 0 51805 2783563 7419 0 596
cpu 2 186528 0 47767 2791365 9220 0 190
cpu 5 192024 0 52326 2784458 7332 0 454
cpu 4 186149 1 52778 2788637 7816 0 112
cpu 7 170227 0 51421 2807721 6437 0 540
cpu 6 193321 0 51680 2783774 7713 0 326
cpu 9 161686 0 51265 2813526 7654 0 376
cpu 8 157004 0 57541 2814037 6030 0 336
mem 1 99033092 97105312 1927780 54332 1229488 112 0 1099564 70220 184000 4176 0 0 174596 0 0 0
mem 0 97636988 62010552 35626436 371848 34198952 188 0 34098908 1592548 475372 8708 0 0 462548 4096 0 0
net lo 0 0 2899029 0 0 0 0 0 0 0 0 0 23650 0 2899029 0 0 0 0 0 0 23650 0
net virbr0 0 732 9961324623 0 0 0 0 0 0 0 0 0 39720958 0 38380543082 0 0 0 0 0 0 23512189 0
net eno1 0 151681 40328025663 0 0 352 0 0 0 0 0 0 30188840 0 1206849937 0 0 0 0 0 0 5952057 0
net vnet35 0 0 514690 0 0 0 0 0 0 0 0 0 2800 0 491675 0 0 0 0 0 0 2290 0
numa 1 101443315 18781169 10118603 29535 101399056 18825411
numa 0 101829184 10118603 18781169 29710 101827555 10119838
ps - 488003905 216691 519 340 234 6 681
sysv_shm - 0 0
tmpfs /run/lock 0 6
tmpfs /run 2080768 1098
tmpfs /run/user/20029 0 20
tmpfs /run/qemu 0 1
tmpfs /dev/shm 37615439872 105371
vfs - 133591 2464 182989
vm - 2 20071020 434406461 252290 1617408 230714377 276544254 75481401 6522712 173476527 54210 0 0 0 0 0 1811072 0 311878 5997 0 1617252 74 0 3 0 0

1778475682.668937 0 node0.mimesys-workload.ldos-ut-pg0.wisc.cloudlab.us
block sda 497180 209272 40134568 286892 2627166 17765034 868812923 12868897 0 2204952 13417635
block sdb 479 0 7540 438 4 0 0 0 0 556 439
cpu 11 167679 0 52103 2809232 6811 0 5
cpu 10 194098 2 47003 2789153 8882 0 4
cpu 13 163174 0 47316 2818859 6489 0 4
cpu 12 166098 0 46365 2817622 6939 0 2
cpu 15 165012 2 45198 2819463 6469 0 3
cpu 14 158976 0 46449 2825140 6453 0 4
cpu 17 150311 0 45332 2834188 6652 0 1
cpu 16 160206 0 43877 2827433 5879 0 1
cpu 19 131018 0 31552 2868465 6199 0 1
cpu 18 177219 5 31945 2822576 5747 0 2
cpu 1 173004 0 35618 2814713 8149 0 742
cpu 0 203350 45 34868 2760612 9923 0 1151
cpu 3 191956 0 51808 2783587 7419 0 596
cpu 2 186609 0 47769 2791384 9220 0 190
cpu 5 192106 0 52329 2784477 7332 0 454
cpu 4 186229 1 52779 2788659 7816 0 112
cpu 7 170229 0 51422 2807822 6437 0 540
cpu 6 193322 0 51680 2783876 7713 0 326
cpu 9 161686 0 51265 2813629 7654 0 376
cpu 8 157004 0 57542 2814140 6030 0 336
mem 1 99033092 97104780 1928312 54332 1229148 116 0 1099564 70712 183996 4124 0 0 174580 0 0 0
mem 0 97636988 62011308 35625680 371852 34199100 232 0 34098960 1592600 475416 8744 0 0 462560 4096 0 0
net lo 0 0 2900196 0 0 0 0 0 0 0 0 0 23658 0 2900196 0 0 0 0 0 0 23658 0
net virbr0 0 732 9961329301 0 0 0 0 0 0 0 0 0 39720986 0 38380547770 0 0 0 0 0 0 23512210 0
net eno1 0 151690 40328031896 0 0 352 0 0 0 0 0 0 30188929 0 1206850539 0 0 0 0 0 0 5952063 0
net vnet35 0 0 519760 0 0 0 0 0 0 0 0 0 2828 0 496415 0 0 0 0 0 0 2312 0
numa 1 101452529 18781169 10118603 29535 101408270 18825411
numa 0 101829944 10118603 18781169 29710 101828315 10119838
ps - 488011321 216771 519 340 234 6 681
sysv_shm - 0 0
tmpfs /run/lock 0 6
tmpfs /run 2080768 1098
tmpfs /run/user/20029 0 20
tmpfs /run/qemu 0 1
tmpfs /dev/shm 37615439872 105371
vfs - 133588 2464 182965
vm - 2 20071020 434406461 252290 1617408 230724351 276554225 75481405 6522712 173491997 54210 0 0 0 0 0 1811072 0 311878 5997 0 1617252 74 0 3 0 0

1778475683.710242 0 node0.mimesys-workload.ldos-ut-pg0.wisc.cloudlab.us
block sda 497180 209272 40134568 286892 2627251 17765045 868813747 12868916 0 2204960 13417654
block sdb 479 0 7540 438 4 0 0 0 0 556 439
cpu 11 167681 0 52107 2809330 6811 0 5
cpu 10 194099 2 47006 2789253 8882 0 4
cpu 13 163177 0 47320 2818956 6489 0 4
cpu 12 166100 0 46370 2817719 6939 0 2
cpu 15 165013 2 45200 2819564 6469 0 3
cpu 14 158977 0 46451 2825241 6453 0 4
cpu 17 150312 0 45335 2834289 6652 0 1
cpu 16 160206 0 43878 2827534 5879 0 1
cpu 19 131019 0 31553 2868565 6199 0 1
cpu 18 177220 5 31946 2822678 5747 0 2
cpu 1 173084 0 35618 2814736 8149 0 743
cpu 0 203425 45 34869 2760639 9923 0 1151
cpu 3 192041 0 51809 2783606 7419 0 596
cpu 2 186680 0 47772 2791412 9220 0 190
cpu 5 192179 0 52331 2784502 7332 0 454
cpu 4 186300 1 52780 2788687 7816 0 112
cpu 7 170230 0 51425 2807922 6437 0 540
cpu 6 193323 0 51680 2783978 7713 0 326
cpu 9 161686 0 51265 2813733 7654 0 376
cpu 8 157008 0 57542 2814240 6030 0 336
mem 1 99033092 97102352 1930740 54344 1231112 36 0 1099568 71164 186024 3732 0 0 174572 0 0 0
mem 0 97636988 62011560 35625428 371848 34199020 20 0 34098968 1592600 475376 8672 0 0 462568 4096 0 0
net lo 0 0 2901363 0 0 0 0 0 0 0 0 0 23666 0 2901363 0 0 0 0 0 0 23666 0
net virbr0 0 732 9961331991 0 0 0 0 0 0 0 0 0 39720999 0 38380551460 0 0 0 0 0 0 23512222 0
net eno1 0 151690 40328038773 0 0 352 0 0 0 0 0 0 30189029 0 1206852127 0 0 0 0 0 0 5952072 0
net vnet35 0 0 522632 0 0 0 0 0 0 0 0 0 2841 0 500105 0 0 0 0 0 0 2324 0
numa 1 101461701 18781169 10118603 29535 101417442 18825411
numa 0 101830543 10118603 18781169 29710 101828914 10119838
ps - 488019308 216850 519 340 234 5 681
sysv_shm - 0 0
tmpfs /run/lock 0 6
tmpfs /run 2080768 1098
tmpfs /run/user/20029 0 20
tmpfs /run/qemu 0 1
tmpfs /dev/shm 37615439872 105371
vfs - 133590 2504 182967
vm - 2 20071020 434406873 252290 1617408 230734123 276563652 75481409 6522712 173507277 54210 0 0 0 0 0 1811072 0 311878 5997 0 1617252 74 0 3 0 0

1778475684.750368 0 node0.mimesys-workload.ldos-ut-pg0.wisc.cloudlab.us
block sda 497180 209272 40134568 286892 2627253 17765045 868813763 12868917 0 2204964 13417655
block sdb 479 0 7540 438 4 0 0 0 0 556 439
cpu 11 167684 0 52109 2809429 6811 0 5
cpu 10 194101 2 47008 2789353 8882 0 4
cpu 13 163178 0 47321 2819057 6489 0 4
cpu 12 166102 0 46374 2817817 6939 0 2
cpu 15 165014 2 45202 2819664 6469 0 3
cpu 14 158979 0 46452 2825341 6453 0 4
cpu 17 150312 0 45336 2834391 6652 0 1
cpu 16 160209 0 43879 2827634 5879 0 1
cpu 19 131020 0 31555 2868666 6199 0 1
cpu 18 177221 5 31948 2822779 5747 0 2
cpu 1 173166 0 35620 2814753 8149 0 743
cpu 0 203502 45 34870 2760661 9923 0 1151
cpu 3 192119 0 51812 2783628 7419 0 596
cpu 2 186748 0 47773 2791444 9220 0 190
cpu 5 192265 0 52332 2784519 7332 0 454
cpu 4 186380 1 52780 2788708 7816 0 112
cpu 7 170230 0 51425 2808025 6437 0 540
cpu 6 193324 0 51680 2784081 7713 0 326
cpu 9 161686 0 51266 2813836 7654 0 376
cpu 8 157009 0 57542 2814343 6030 0 336
mem 1 99033092 97101100 1931992 54336 1229356 132 0 1099568 70148 184644 3896 0 0 174620 0 0 0
mem 0 97636988 62012064 35624924 371856 34198536 148 0 34098968 1592608 474860 8672 0 0 462584 4096 0 0
net lo 0 0 2901920 0 0 0 0 0 0 0 0 0 23670 0 2901920 0 0 0 0 0 0 23670 0
net virbr0 0 732 9961333823 0 0 0 0 0 0 0 0 0 39721011 0 38380552458 0 0 0 0 0 0 23512231 0
net eno1 0 151697 40328045076 0 0 352 0 0 0 0 0 0 30189126 0 1206853308 0 0 0 0 0 0 5952077 0
net vnet35 0 0 524632 0 0 0 0 0 0 0 0 0 2853 0 501155 0 0 0 0 0 0 2334 0
numa 1 101469715 18781169 10118603 29535 101425456 18825411
numa 0 101830760 10118603 18781169 29710 101829131 10119838
ps - 488027030 216924 518 342 235 6 681
sysv_shm - 0 0
tmpfs /run/lock 0 6
tmpfs /run 2080768 1098
tmpfs /run/user/20029 0 20
tmpfs /run/qemu 0 1
tmpfs /dev/shm 37615439872 105371
vfs - 133590 2424 182981
vm - 2 20071020 434406881 252290 1617408 230742354 276572226 75481414 6522712 173520054 54210 0 0 0 0 0 1811072 0 311878 5997 0 1617252 74 0 3 0 0

1778475685.787874 0 node0.mimesys-workload.ldos-ut-pg0.wisc.cloudlab.us
block sda 497180 209272 40134568 286892 2627262 17765046 868813891 12868920 0 2204972 13417658
block sdb 479 0 7540 438 4 0 0 0 0 556 439
cpu 11 167685 0 52112 2809528 6811 0 5
cpu 10 194102 2 47011 2789454 8882 0 4
cpu 13 163178 0 47324 2819158 6489 0 4
cpu 12 166103 0 46376 2817917 6939 0 2
cpu 15 165017 2 45204 2819762 6469 0 3
cpu 14 158980 0 46455 2825442 6453 0 4
cpu 17 150314 0 45339 2834489 6652 0 1
cpu 16 160212 0 43881 2827733 5879 0 1
cpu 19 131023 0 31558 2868763 6199 0 1
cpu 18 177222 5 31949 2822880 5747 0 2
cpu 1 173238 0 35622 2814779 8149 0 743
cpu 0 203574 45 34872 2760691 9923 0 1151
cpu 3 192191 0 51814 2783656 7419 0 596
cpu 2 186815 0 47774 2791478 9220 0 190
cpu 5 192334 0 52334 2784551 7332 0 454
cpu 4 186457 1 52782 2788734 7816 0 112
cpu 7 170231 0 51425 2808129 6437 0 540
cpu 6 193325 0 51680 2784183 7713 0 326
cpu 9 161686 0 51266 2813939 7654 0 376
cpu 8 157009 0 57542 2814447 6030 0 336
mem 1 99033092 97099876 1933216 54340 1230664 124 0 1099572 70844 186032 3968 0 0 174620 0 0 0
mem 0 97636988 62012316 35624672 371856 34198864 168 0 34098972 1592612 475232 8640 0 0 462584 4096 0 0
net lo 0 0 2903087 0 0 0 0 0 0 0 0 0 23678 0 2903087 0 0 0 0 0 0 23678 0
net virbr0 0 732 9961337393 0 0 0 0 0 0 0 0 0 39721026 0 38380556148 0 0 0 0 0 0 23512243 0
net eno1 0 151697 40328050927 0 0 352 0 0 0 0 0 0 30189214 0 1206853820 0 0 0 0 0 0 5952082 0
net vnet35 0 0 528412 0 0 0 0 0 0 0 0 0 2868 0 504845 0 0 0 0 0 0 2346 0
numa 1 101479172 18781169 10118603 29535 101434913 18825411
numa 0 101831171 10118603 18781169 29710 101829542 10119838
ps - 488035919 217003 518 342 235 5 681
sysv_shm - 0 0
tmpfs /run/lock 0 6
tmpfs /run 2080768 1098
tmpfs /run/user/20029 0 20
tmpfs /run/qemu 0 1
tmpfs /dev/shm 37615439872 105371
vfs - 133589 2464 182978
vm - 2 20071020 434406945 252290 1617408 230752221 276581677 75481417 6522712 173535363 54210 0 0 0 0 0 1811072 0 311878 5997 0 1617252 74 0 3 0 0

1778475686.827729 0 node0.mimesys-workload.ldos-ut-pg0.wisc.cloudlab.us
block sda 497181 209272 40134576 286892 2627548 17765049 868817675 12868943 0 2205000 13417682
block sdb 479 0 7540 438 4 0 0 0 0 556 439
cpu 11 167685 0 52113 2809630 6811 0 5
cpu 10 194103 2 47012 2789555 8882 0 4
cpu 13 163179 0 47328 2819259 6489 0 4
cpu 12 166105 0 46380 2818016 6939 0 2
cpu 15 165020 2 45205 2819862 6469 0 3
cpu 14 158980 0 46457 2825542 6453 0 4
cpu 17 150314 0 45342 2834591 6652 0 1
cpu 16 160214 0 43883 2827832 5879 0 1
cpu 19 131025 0 31558 2868863 6199 0 1
cpu 18 177225 5 31950 2822981 5747 0 2
cpu 1 173311 0 35624 2814804 8149 0 743
cpu 0 203641 45 34873 2760723 9923 0 1151
cpu 3 192267 0 51816 2783682 7419 0 596
cpu 2 186886 0 47774 2791508 9220 0 190
cpu 5 192418 0 52334 2784573 7332 0 454
cpu 4 186535 1 52783 2788757 7816 0 112
cpu 7 170232 0 51425 2808231 6437 0 540
cpu 6 193326 0 51680 2784285 7713 0 326
cpu 9 161686 0 51266 2814042 7654 0 376
cpu 8 157009 0 57542 2814550 6030 0 336
mem 1 99033092 97098884 1934208 54340 1228888 136 0 1099572 70148 183764 3920 0 0 174572 0 0 0
mem 0 97636988 62012064 35624924 371856 34198988 180 0 34098976 1592612 475300 8672 0 0 462584 4096 0 0
net lo 0 0 2903644 0 0 0 0 0 0 0 0 0 23682 0 2903644 0 0 0 0 0 0 23682 0
net virbr0 0 732 9961338345 0 0 0 0 0 0 0 0 0 39721036 0 38380557146 0 0 0 0 0 0 23512252 0
net eno1 0 151706 40328057290 0 0 352 0 0 0 0 0 0 30189312 0 1206855225 0 0 0 0 0 0 5952089 0
net vnet35 0 0 529504 0 0 0 0 0 0 0 0 0 2878 0 505895 0 0 0 0 0 0 2356 0
numa 1 101487065 18781169 10118603 29535 101442806 18825411
numa 0 101831846 10118603 18781169 29710 101830217 10119838
ps - 488043845 217081 518 342 235 6 685
sysv_shm - 0 0
tmpfs /run/lock 0 6
tmpfs /run 2080768 1098
tmpfs /run/user/20029 0 20
tmpfs /run/qemu 0 1
tmpfs /dev/shm 37615439872 105371
vfs - 133588 2464 182965
vm - 2 20071024 434408837 252290 1617408 230760789 276590636 75481421 6522712 173548072 54210 0 0 0 0 0 1811072 0 311878 5997 0 1617252 74 0 3 0 0

1778475687.869307 0 node0.mimesys-workload.ldos-ut-pg0.wisc.cloudlab.us
block sda 497181 209272 40134576 286892 2627548 17765049 868817675 12868943 0 2205000 13417682
block sdb 479 0 7540 438 4 0 0 0 0 556 439
cpu 11 167686 0 52116 2809730 6811 0 5
cpu 10 194104 2 47014 2789656 8882 0 4
cpu 13 163184 0 47333 2819354 6489 0 4
cpu 12 166107 0 46383 2818115 6939 0 2
cpu 15 165021 2 45207 2819962 6469 0 3
cpu 14 158983 0 46459 2825641 6453 0 4
cpu 17 150315 0 45346 2834691 6652 0 1
cpu 16 160214 0 43886 2827933 5879 0 1
cpu 19 131026 0 31560 2868964 6199 0 1
cpu 18 177225 5 31953 2823082 5747 0 2
cpu 1 173389 0 35624 2814828 8149 0 743
cpu 0 203716 45 34875 2760746 9923 0 1151
cpu 3 192337 0 51818 2783711 7419 0 596
cpu 2 186966 0 47776 2791527 9220 0 190
cpu 5 192494 0 52338 2784597 7332 0 454
cpu 4 186619 1 52785 2788776 7816 0 112
cpu 7 170238 0 51426 2808328 6437 0 540
cpu 6 193327 0 51680 2784387 7713 0 326
cpu 9 161688 0 51266 2814146 7654 0 376
cpu 8 157010 0 57543 2814654 6030 0 336
mem 1 99033092 97096620 1936472 54344 1228924 152 0 1099576 70148 183784 3952 0 0 174636 0 0 0
mem 0 97636988 62012064 35624924 371856 34198992 208 0 34099156 1592792 475304 8672 0 0 462600 4096 0 0
net lo 0 0 2904811 0 0 0 0 0 0 0 0 0 23690 0 2904811 0 0 0 0 0 0 23690 0
net virbr0 0 732 9961343023 0 0 0 0 0 0 0 0 0 39721064 0 38380561834 0 0 0 0 0 0 23512273 0
net eno1 0 151706 40328063585 0 0 352 0 0 0 0 0 0 30189407 0 1206857101 0 0 0 0 0 0 5952098 0
net vnet35 0 0 534574 0 0 0 0 0 0 0 0 0 2906 0 510583 0 0 0 0 0 0 2377 0
numa 1 101496090 18781169 10118603 29535 101451831 18825411
numa 0 101832878 10118603 18781169 29710 101831249 10119838
ps - 488051900 217162 518 342 235 7 685
sysv_shm - 0 0
tmpfs /run/lock 0 6
tmpfs /run 2080768 1098
tmpfs /run/user/20029 0 20
tmpfs /run/qemu 0 1
tmpfs /dev/shm 37615439872 105371
vfs - 133589 2504 182997
vm - 2 20071024 434408837 252290 1617408 230770846 276600665 75481426 6522712 173563673 54210 0 0 0 0 0 1811072 0 311878 5997 0 1617252 74 0 3 0 0

1778475688.910801 0 node0.mimesys-workload.ldos-ut-pg0.wisc.cloudlab.us
block sda 497181 209272 40134576 286892 2627634 17765063 868818547 12868963 0 2205008 13417701
block sdb 479 0 7540 438 4 0 0 0 0 556 439
cpu 11 167688 0 52118 2809831 6811 0 5
cpu 10 194106 2 47015 2789758 8882 0 4
cpu 13 163189 0 47336 2819452 6489 0 4
cpu 12 166112 0 46388 2818210 6939 0 2
cpu 15 165024 2 45210 2820059 6469 0 3
cpu 14 158983 0 46462 2825742 6453 0 4
cpu 17 150316 0 45348 2834792 6652 0 1
cpu 16 160216 0 43887 2828035 5879 0 1
cpu 19 131027 0 31562 2869063 6199 0 1
cpu 18 177225 5 31956 2823183 5747 0 2
cpu 1 173470 0 35625 2814852 8149 0 743
cpu 0 203799 45 34876 2760766 9923 0 1151
cpu 3 192412 0 51818 2783737 7419 0 596
cpu 2 187042 0 47776 2791552 9220 0 190
cpu 5 192570 0 52338 2784624 7332 0 454
cpu 4 186694 1 52786 2788802 7816 0 112
cpu 7 170239 0 51427 2808430 6437 0 540
cpu 6 193328 0 51680 2784489 7713 0 326
cpu 9 161688 0 51266 2814249 7654 0 376
cpu 8 157010 0 57544 2814756 6030 0 336
mem 1 99033092 97093852 1939240 54344 1230136 120 0 1099580 70892 184976 3904 0 0 174636 0 0 0
mem 0 97636988 62010808 35626180 371864 34199088 148 0 34099168 1592792 475300 8640 0 0 462616 4096 0 0
net lo 0 0 2905978 0 0 0 0 0 0 0 0 0 23698 0 2905978 0 0 0 0 0 0 23698 0
net virbr0 0 732 9961345921 0 0 0 0 0 0 0 0 0 39721081 0 38380565524 0 0 0 0 0 0 23512285 0
net eno1 0 151716 40328069796 0 0 352 0 0 0 0 0 0 30189501 0 1206858549 0 0 0 0 0 0 5952105 0
net vnet35 0 0 537710 0 0 0 0 0 0 0 0 0 2923 0 514325 0 0 0 0 0 0 2390 0
numa 1 101505484 18781169 10118603 29535 101461225 18825411
numa 0 101833884 10118603 18781169 29710 101832255 10119838
ps - 488059236 217245 518 342 235 5 685
sysv_shm - 0 0
tmpfs /run/lock 0 6
tmpfs /run 2080768 1098
tmpfs /run/user/20029 0 20
tmpfs /run/qemu 0 1
tmpfs /dev/shm 37615439872 105371
vfs - 133601 2504 183086
vm - 2 20071024 434409273 252290 1617408 230781246 276610679 75481428 6522712 173579691 54210 0 0 0 0 0 1811072 0 311878 5997 0 1617252 74 0 3 0 0

1778475689.951099 0 node0.mimesys-workload.ldos-ut-pg0.wisc.cloudlab.us
block sda 497181 209272 40134576 286892 2627639 17765063 868818587 12868964 0 2205012 13417703
block sdb 479 0 7540 438 4 0 0 0 0 556 439
cpu 11 167688 0 52120 2809933 6811 0 5
cpu 10 194106 2 47017 2789860 8882 0 4
cpu 13 163190 0 47339 2819551 6489 0 4
cpu 12 166112 0 46390 2818310 6939 0 2
cpu 15 165025 2 45212 2820161 6469 0 3
cpu 14 158983 0 46464 2825844 6453 0 4
cpu 17 150317 0 45351 2834892 6652 0 1
cpu 16 160216 0 43888 2828136 5879 0 1
cpu 19 131028 0 31565 2869162 6199 0 1
cpu 18 177226 5 31958 2823283 5747 0 2
cpu 1 173544 0 35627 2814880 8149 0 743
cpu 0 203880 45 34876 2760788 9923 0 1151
cpu 3 192490 0 51818 2783760 7419 0 596
cpu 2 187127 0 47777 2791571 9220 0 190
cpu 5 192646 0 52340 2784650 7332 0 454
cpu 4 186776 1 52786 2788821 7816 0 112
cpu 7 170239 0 51429 2808532 6437 0 540
cpu 6 193329 0 51681 2784591 7713 0 326
cpu 9 161688 0 51266 2814352 7654 0 376
cpu 8 157010 0 57544 2814859 6030 0 336
mem 1 99033092 97094616 1938476 54348 1228860 124 0 1099584 70148 183756 3884 0 0 174556 0 0 0
mem 0 97636988 62011060 35625928 371868 34199196 168 0 34099308 1592932 475276 8640 0 0 462624 4096 0 0
net lo 0 0 2906535 0 0 0 0 0 0 0 0 0 23702 0 2906535 0 0 0 0 0 0 23702 0
net virbr0 0 732 9961347701 0 0 0 0 0 0 0 0 0 39721092 0 38380566522 0 0 0 0 0 0 23512294 0
net eno1 0 151716 40328075517 0 0 352 0 0 0 0 0 0 30189588 0 1206859012 0 0 0 0 0 0 5952109 0
net vnet35 0 0 539644 0 0 0 0 0 0 0 0 0 2934 0 515323 0 0 0 0 0 0 2399 0
numa 1 101513271 18781169 10118603 29535 101469012 18825411
numa 0 101834359 10118603 18781169 29710 101832730 10119838
ps - 488066519 217319 525 347 237 5 685
sysv_shm - 0 0
tmpfs /run/lock 0 6
tmpfs /run 2080768 1098
tmpfs /run/user/20029 0 20
tmpfs /run/qemu 0 1
tmpfs /dev/shm 37615439872 105371
vfs - 133588 2424 182989
vm - 2 20071024 434409293 252290 1617408 230789508 276619260 75481430 6522712 173592478 54210 0 0 0 0 0 1811072 0 311878 5997 0 1617252 74 0 3 0 0

1778475690.992638 0 node0.mimesys-workload.ldos-ut-pg0.wisc.cloudlab.us
block sda 497181 209272 40134576 286892 2627650 17765063 868818755 12868969 0 2205020 13417708
block sdb 479 0 7540 438 4 0 0 0 0 556 439
cpu 11 167688 0 52120 2810035 6811 0 5
cpu 10 194108 2 47018 2789961 8882 0 4
cpu 13 163191 0 47342 2819651 6489 0 4
cpu 12 166115 0 46393 2818409 6939 0 2
cpu 15 165028 2 45215 2820259 6469 0 3
cpu 14 158984 0 46465 2825946 6453 0 4
cpu 17 150320 0 45354 2834992 6652 0 1
cpu 16 160218 0 43891 2828235 5879 0 1
cpu 19 131028 0 31567 2869263 6199 0 1
cpu 18 177230 5 31961 2823381 5747 0 2
cpu 1 173624 0 35628 2814902 8149 0 743
cpu 0 203964 45 34877 2760806 9923 0 1151
cpu 3 192570 0 51819 2783781 7419 0 596
cpu 2 187200 0 47778 2791600 9220 0 190
cpu 5 192726 0 52340 2784670 7332 0 454
cpu 4 186855 1 52788 2788844 7816 0 112
cpu 7 170241 0 51431 2808632 6437 0 540
cpu 6 193330 0 51681 2784694 7713 0 326
cpu 9 161688 0 51267 2814455 7654 0 376
cpu 8 157014 0 57544 2814959 6030 0 336
mem 1 99033092 97095124 1937968 54348 1230168 104 0 1099584 70840 185036 3912 0 0 174596 0 0 0
mem 0 97636988 62011564 35625424 371868 34199660 184 0 34099332 1592956 475704 8672 0 0 462640 4096 0 0
net lo 0 0 2907702 0 0 0 0 0 0 0 0 0 23710 0 2907702 0 0 0 0 0 0 23710 0
net virbr0 0 732 9961351271 0 0 0 0 0 0 0 0 0 39721107 0 38380570212 0 0 0 0 0 0 23512306 0
net eno1 0 151727 40328081734 0 0 352 0 0 0 0 0 0 30189682 0 1206860428 0 0 0 0 0 0 5952116 0
net vnet35 0 0 543424 0 0 0 0 0 0 0 0 0 2949 0 519065 0 0 0 0 0 0 2412 0
numa 1 101522532 18781169 10118603 29535 101478273 18825411
numa 0 101835034 10118603 18781169 29710 101833401 10119842
ps - 488073998 217399 525 347 237 7 686
sysv_shm - 0 0
tmpfs /run/lock 0 6
tmpfs /run 2080768 1098
tmpfs /run/user/20029 0 20
tmpfs /run/qemu 0 1
tmpfs /dev/shm 37615439872 105371
vfs - 133592 2464 183007
vm - 2 20071024 434409377 252290 1617408 230799444 276628757 75481434 6522712 173607772 54210 0 0 0 0 0 1811072 0 311878 5997 0 1617252 74 0 3 0 0

1778475692.032875 0 node0.mimesys-workload.ldos-ut-pg0.wisc.cloudlab.us
block sda 497181 209272 40134576 286892 2627741 17765065 868820243 12868979 0 2205028 13417718
block sdb 479 0 7540 438 4 0 0 0 0 556 439
cpu 11 167690 0 52123 2810136 6811 0 5
cpu 10 194110 2 47020 2790062 8882 0 4
cpu 13 163192 0 47344 2819752 6489 0 4
cpu 12 166119 0 46398 2818504 6939 0 2
cpu 15 165030 2 45218 2820359 6469 0 3
cpu 14 158986 0 46468 2826045 6453 0 4
cpu 17 150321 0 45355 2835093 6652 0 1
cpu 16 160220 0 43893 2828336 5879 0 1
cpu 19 131029 0 31568 2869364 6199 0 1
cpu 18 177230 5 31965 2823481 5747 0 2
cpu 1 173701 0 35629 2814926 8149 0 743
cpu 0 204038 45 34879 2760829 9923 0 1151
cpu 3 192650 0 51819 2783804 7419 0 596
cpu 2 187272 0 47778 2791628 9220 0 190
cpu 5 192806 0 52342 2784690 7332 0 454
cpu 4 186930 1 52788 2788870 7816 0 112
cpu 7 170241 0 51432 2808736 6437 0 540
cpu 6 193330 0 51682 2784795 7713 0 326
cpu 9 161689 0 51268 2814558 7654 0 376
cpu 8 157014 0 57544 2815063 6030 0 336
mem 1 99033092 97109424 1923668 54352 1229304 108 0 1099588 70148 184652 3900 0 0 174596 0 0 0
mem 0 97636988 62012068 35624920 371868 34198760 204 0 34099332 1592956 474764 8656 0 0 462664 4096 0 0
net lo 0 0 2908259 0 0 0 0 0 0 0 0 0 23714 0 2908259 0 0 0 0 0 0 23714 0
net virbr0 0 732 9961352223 0 0 0 0 0 0 0 0 0 39721117 0 38380571210 0 0 0 0 0 0 23512315 0
net eno1 0 151727 40328087311 0 0 352 0 0 0 0 0 0 30189767 0 1206862023 0 0 0 0 0 0 5952124 0
net vnet35 0 0 544516 0 0 0 0 0 0 0 0 0 2959 0 520063 0 0 0 0 0 0 2421 0
numa 1 101530552 18781169 10118603 29535 101486293 18825411
numa 0 101835278 10118603 18781169 29710 101833645 10119842
ps - 488082727 217474 525 347 237 4 687
sysv_shm - 0 0
tmpfs /run/lock 0 6
tmpfs /run 2080768 1098
tmpfs /run/user/20029 0 20
tmpfs /run/qemu 0 1
tmpfs /dev/shm 37615439872 105371
vfs - 133600 2504 183089
vm - 2 20071024 434410121 252290 1617408 230807708 276637441 75481436 6522712 173620503 54210 0 0 0 0 0 1811072 0 311878 5997 0 1617252 74 0 3 0 0

1778475693.070596 0 node0.mimesys-workload.ldos-ut-pg0.wisc.cloudlab.us
block sda 497181 209272 40134576 286892 2627741 17765065 868820243 12868979 0 2205028 13417718
block sdb 479 0 7540 438 4 0 0 0 0 556 439
cpu 11 167692 0 52125 2810235 6811 0 5
cpu 10 194111 2 47022 2790163 8882 0 4
cpu 13 163196 0 47346 2819851 6489 0 4
cpu 12 166121 0 46400 2818605 6939 0 2
cpu 15 165031 2 45221 2820459 6469 0 3
cpu 14 158988 0 46471 2826144 6453 0 4
cpu 17 150324 0 45358 2835191 6652 0 1
cpu 16 160222 0 43895 2828436 5879 0 1
cpu 19 131030 0 31570 2869464 6199 0 1
cpu 18 177232 5 31966 2823582 5747 0 2
cpu 1 173780 0 35630 2814945 8149 0 743
cpu 0 204111 45 34881 2760853 9923 0 1151
cpu 3 192736 0 51820 2783821 7419 0 596
cpu 2 187358 0 47780 2791644 9220 0 190
cpu 5 192878 0 52342 2784718 7332 0 454
cpu 4 187012 1 52790 2788887 7816 0 112
cpu 7 170243 0 51432 2808837 6437 0 540
cpu 6 193331 0 51682 2784897 7713 0 326
cpu 9 161693 0 51268 2814657 7654 0 376
cpu 8 157014 0 57544 2815166 6030 0 336
mem 1 99033092 97107692 1925400 54352 1229352 120 0 1099588 70148 184644 3904 0 0 174588 0 0 0
mem 0 97636988 62012320 35624668 371868 34198844 236 0 34099336 1593028 474888 8672 0 0 462672 4096 0 0
net lo 0 0 2909426 0 0 0 0 0 0 0 0 0 23722 0 2909426 0 0 0 0 0 0 23722 0
net virbr0 0 732 9961356901 0 0 0 0 0 0 0 0 0 39721145 0 38380575898 0 0 0 0 0 0 23512336 0
net eno1 0 151737 40328094385 0 0 352 0 0 0 0 0 0 30189870 0 1206862535 0 0 0 0 0 0 5952129 0
net vnet35 0 0 549586 0 0 0 0 0 0 0 0 0 2987 0 524803 0 0 0 0 0 0 2443 0
numa 1 101539956 18781169 10118603 29535 101495697 18825411
numa 0 101835904 10118603 18781169 29710 101834271 10119842
ps - 488090486 217554 525 347 237 5 687
sysv_shm - 0 0
tmpfs /run/lock 0 6
tmpfs /run 2080768 1098
tmpfs /run/user/20029 0 20
tmpfs /run/qemu 0 1
tmpfs /dev/shm 37615439872 105371
vfs - 133589 2504 183001
vm - 2 20071024 434410121 252290 1617408 230817740 276647360 75481437 6522712 173636062 54210 0 0 0 0 0 1811072 0 311878 5997 0 1617252 74 0 3 0 0

1778475694.110971 0 node0.mimesys-workload.ldos-ut-pg0.wisc.cloudlab.us
block sda 497181 209272 40134576 286892 2627823 17765075 868821075 12868998 0 2205036 13417737
block sdb 479 0 7540 438 4 0 0 0 0 556 439
cpu 11 167694 0 52126 2810336 6811 0 5
cpu 10 194114 2 47024 2790262 8882 0 4
cpu 13 163197 0 47350 2819950 6489 0 4
cpu 12 166123 0 46405 2818701 6939 0 2
cpu 15 165032 2 45223 2820560 6469 0 3
cpu 14 158992 0 46473 2826243 6453 0 4
cpu 17 150327 0 45359 2835290 6652 0 1
cpu 16 160222 0 43898 2828536 5879 0 1
cpu 19 131033 0 31571 2869564 6199 0 1
cpu 18 177233 5 31969 2823683 5747 0 2
cpu 1 173839 0 35630 2814985 8149 0 743
cpu 0 204163 45 34882 2760903 9923 0 1151
cpu 3 192803 0 51821 2783855 7419 0 596
cpu 2 187419 0 47780 2791682 9220 0 190
cpu 5 192937 0 52342 2784762 7332 0 454
cpu 4 187065 1 52792 2788934 7816 0 112
cpu 7 170243 0 51434 2808940 6437 0 540
cpu 6 193333 0 51682 2784998 7713 0 326
cpu 9 161696 0 51268 2814758 7654 0 376
cpu 8 157015 0 57544 2815269 6030 0 336
mem 1 99033092 97108980 1924112 54356 1230252 108 0 1099592 70620 185088 3936 0 0 174592 0 0 0
mem 0 97636988 62012572 35624416 371864 34199620 128 0 34099872 1593556 475064 8624 0 0 462596 4096 0 0
net lo 0 0 2910593 0 0 0 0 0 0 0 0 0 23730 0 2910593 0 0 0 0 0 0 23730 0
net virbr0 0 732 9961359643 0 0 0 0 0 0 0 0 0 39721159 0 38380579588 0 0 0 0 0 0 23512348 0
net eno1 0 151747 40328102387 0 0 352 0 0 0 0 0 0 30189974 0 1206863965 0 0 0 0 0 0 5952137 0
net vnet35 0 0 552524 0 0 0 0 0 0 0 0 0 3001 0 528493 0 0 0 0 0 0 2455 0
numa 1 101548937 18781169 10118603 29535 101504678 18825411
numa 0 101836706 10118603 18781169 29710 101835073 10119842
ps - 488097380 217633 525 347 237 5 687
sysv_shm - 0 0
tmpfs /run/lock 0 6
tmpfs /run 2080768 1098
tmpfs /run/user/20029 0 20
tmpfs /run/qemu 0 1
tmpfs /dev/shm 37615439872 105371
vfs - 133592 2464 183011
vm - 2 20071024 434410537 252290 1617408 230827522 276656769 75481441 6522712 173651331 54210 0 0 0 0 0 1811072 0 311878 5997 0 1617252 74 0 3 0 0

1778475695.152206 0 node0.mimesys-workload.ldos-ut-pg0.wisc.cloudlab.us
block sda 497181 209272 40134576 286892 2627825 17765075 868821091 12868999 0 2205040 13417738
block sdb 479 0 7540 438 4 0 0 0 0 556 439
cpu 11 167694 0 52127 2810438 6811 0 5
cpu 10 194114 2 47026 2790364 8882 0 4
cpu 13 163198 0 47352 2820050 6489 0 4
cpu 12 166125 0 46409 2818799 6939 0 2
cpu 15 165032 2 45224 2820661 6469 0 3
cpu 14 158993 0 46475 2826343 6453 0 4
cpu 17 150328 0 45360 2835392 6652 0 1
cpu 16 160223 0 43903 2828635 5879 0 1
cpu 19 131035 0 31573 2869664 6199 0 1
cpu 18 177234 5 31970 2823785 5747 0 2
cpu 1 173911 0 35633 2815011 8149 0 743
cpu 0 204239 45 34884 2760924 9923 0 1151
cpu 3 192880 0 51823 2783876 7419 0 596
cpu 2 187492 0 47782 2791707 9220 0 190
cpu 5 193012 0 52343 2784787 7332 0 454
cpu 4 187146 1 52792 2788954 7816 0 112
cpu 7 170244 0 51434 2809042 6437 0 540
cpu 6 193333 0 51682 2785101 7713 0 326
cpu 9 161696 0 51268 2814861 7654 0 376
cpu 8 157016 0 57544 2815372 6030 0 336
mem 1 99033092 97108232 1924860 54356 1228896 136 0 1099592 70148 183756 3900 0 0 174608 0 0 0
mem 0 97636988 62012068 35624920 371876 34199864 136 0 34099912 1593596 475316 8672 0 0 462596 4096 0 0
net lo 0 0 2911150 0 0 0 0 0 0 0 0 0 23734 0 2911150 0 0 0 0 0 0 23734 0
net virbr0 0 732 9961361423 0 0 0 0 0 0 0 0 0 39721170 0 38380580586 0 0 0 0 0 0 23512357 0
net eno1 0 151747 40328108826 0 0 352 0 0 0 0 0 0 30190059 0 1206865354 0 0 0 0 0 0 5952144 0
net vnet35 0 0 554458 0 0 0 0 0 0 0 0 0 3012 0 529543 0 0 0 0 0 0 2465 0
numa 1 101556750 18781169 10118603 29535 101512491 18825411
numa 0 101837147 10118603 18781169 29710 101835514 10119842
ps - 488104793 217707 522 349 239 7 687
sysv_shm - 0 0
tmpfs /run/lock 0 6
tmpfs /run 2080768 1098
tmpfs /run/user/20029 0 20
tmpfs /run/qemu 0 1
tmpfs /dev/shm 37615439872 105371
vfs - 133600 2424 183089
vm - 2 20071024 434410545 252290 1617408 230835775 276665375 75481444 6522712 173664152 54210 0 0 0 0 0 1811072 0 311878 5997 0 1617252 74 0 3 0 0

1778475696.193832 0 node0.mimesys-workload.ldos-ut-pg0.wisc.cloudlab.us
block sda 497181 209272 40134576 286892 2627832 17765075 868821251 12869001 0 2205048 13417741
block sdb 479 0 7540 438 4 0 0 0 0 556 439
cpu 11 167697 0 52130 2810537 6811 0 5
cpu 10 194116 2 47030 2790462 8882 0 4
cpu 13 163199 0 47354 2820151 6489 0 4
cpu 12 166126 0 46410 2818899 6939 0 2
cpu 15 165033 2 45227 2820762 6469 0 3
cpu 14 158994 0 46475 2826444 6453 0 4
cpu 17 150332 0 45362 2835491 6652 0 1
cpu 16 160225 0 43905 2828735 5879 0 1
cpu 19 131036 0 31575 2869765 6199 0 1
cpu 18 177234 5 31973 2823885 5747 0 2
cpu 1 173996 0 35633 2815030 8149 0 743
cpu 0 204316 45 34885 2760945 9923 0 1151
cpu 3 192958 0 51824 2783898 7419 0 596
cpu 2 187575 0 47783 2791725 9220 0 190
cpu 5 193099 0 52343 2784802 7332 0 454
cpu 4 187229 1 52793 2788975 7816 0 112
cpu 7 170246 0 51435 2809144 6437 0 540
cpu 6 193333 0 51682 2785204 7713 0 326
cpu 9 161701 0 51268 2814961 7654 0 376
cpu 8 157016 0 57544 2815476 6030 0 336
mem 1 99033092 97105244 1927848 54360 1230216 164 0 1099596 70940 185048 3936 0 0 174600 0 0 0
mem 0 97636988 62012572 35624416 371876 34200248 176 0 34099916 1593596 475712 8676 0 0 462596 4096 0 0
net lo 0 0 2912317 0 0 0 0 0 0 0 0 0 23742 0 2912317 0 0 0 0 0 0 23742 0
net virbr0 0 732 9961365289 0 0 0 0 0 0 0 0 0 39721187 0 38380584746 0 0 0 0 0 0 23512372 0
net eno1 0 151756 40328115287 0 0 352 0 0 0 0 0 0 30190143 0 1206865866 0 0 0 0 0 0 5952149 0
net vnet35 0 0 558562 0 0 0 0 0 0 0 0 0 3029 0 533703 0 0 0 0 0 0 2480 0
numa 1 101566149 18781169 10118603 29535 101521890 18825411
numa 0 101837611 10118603 18781169 29710 101835978 10119842
ps - 488111948 217786 522 349 239 6 687
sysv_shm - 0 0
tmpfs /run/lock 0 6
tmpfs /run 2080768 1098
tmpfs /run/user/20029 0 20
tmpfs /run/qemu 0 1
tmpfs /dev/shm 37615439872 105371
vfs - 133591 2504 183003
vm - 2 20071024 434410625 252290 1617408 230845645 276674795 75481451 6522712 173679427 54210 0 0 0 0 0 1811072 0 311878 5997 0 1617252 74 0 3 0 0

1778475697.234274 0 node0.mimesys-workload.ldos-ut-pg0.wisc.cloudlab.us
block sda 497181 209272 40134576 286892 2627833 17765075 868821259 12869001 0 2205052 13417741
block sdb 479 0 7540 438 4 0 0 0 0 556 439
cpu 11 167698 0 52132 2810638 6811 0 5
cpu 10 194118 2 47031 2790564 8882 0 4
cpu 13 163199 0 47358 2820251 6489 0 4
cpu 12 166128 0 46414 2818997 6939 0 2
cpu 15 165034 2 45230 2820861 6469 0 3
cpu 14 158996 0 46477 2826545 6453 0 4
cpu 17 150333 0 45365 2835591 6652 0 1
cpu 16 160227 0 43906 2828836 5879 0 1
cpu 19 131037 0 31576 2869868 6199 0 1
cpu 18 177234 5 31974 2823987 5747 0 2
cpu 1 174076 0 35634 2815051 8149 0 743
cpu 0 204392 45 34886 2760969 9923 0 1151
cpu 3 193042 0 51825 2783920 7419 0 596
cpu 2 187650 0 47783 2791751 9220 0 190
cpu 5 193182 0 52343 2784823 7332 0 454
cpu 4 187305 1 52794 2788998 7816 0 112
cpu 7 170247 0 51436 2809246 6437 0 540
cpu 6 193333 0 51682 2785307 7713 0 326
cpu 9 161702 0 51268 2815064 7654 0 376
cpu 8 157016 0 57544 2815579 6030 0 336
mem 1 99033092 97105496 1927596 54360 1228888 152 0 1099596 70148 183760 3904 0 0 174616 0 0 0
mem 0 97636988 62013328 35623660 371876 34199908 188 0 34099948 1593628 475316 8672 0 0 462604 4096 0 0
net lo 0 0 2912874 0 0 0 0 0 0 0 0 0 23746 0 2912874 0 0 0 0 0 0 23746 0
net virbr0 0 732 9961365893 0 0 0 0 0 0 0 0 0 39721194 0 38380585274 0 0 0 0 0 0 23512378 0
net eno1 0 151756 40328122212 0 0 352 0 0 0 0 0 0 30190236 0 1206867205 0 0 0 0 0 0 5952155 0
net vnet35 0 0 559264 0 0 0 0 0 0 0 0 0 3036 0 534283 0 0 0 0 0 0 2487 0
numa 1 101573959 18781169 10118603 29535 101529700 18825411
numa 0 101837978 10118603 18781169 29710 101836345 10119842
ps - 488119202 217860 522 349 239 7 687
sysv_shm - 0 0
tmpfs /run/lock 0 6
tmpfs /run 2080768 1098
tmpfs /run/user/20029 0 20
tmpfs /run/qemu 0 1
tmpfs /dev/shm 37615439872 105371
vfs - 133591 2504 183017
vm - 2 20071024 434410629 252290 1617408 230853816 276683408 75481455 6522712 173692122 54210 0 0 0 0 0 1811072 0 311878 5997 0 1617252 74 0 3 0 0

1778475698.275581 0 node0.mimesys-workload.ldos-ut-pg0.wisc.cloudlab.us
block sda 497181 209272 40134576 286892 2627833 17765075 868821259 12869001 0 2205052 13417741
block sdb 479 0 7540 438 4 0 0 0 0 556 439
cpu 11 167698 0 52134 2810740 6811 0 5
cpu 10 194118 2 47032 2790666 8882 0 4
cpu 13 163200 0 47361 2820351 6489 0 4
cpu 12 166130 0 46420 2819094 6939 0 2
cpu 15 165035 2 45233 2820961 6469 0 3
cpu 14 158997 0 46480 2826644 6453 0 4
cpu 17 150335 0 45368 2835690 6652 0 1
cpu 16 160227 0 43908 2828938 5879 0 1
cpu 19 131040 0 31579 2869966 6199 0 1
cpu 18 177236 5 31978 2824086 5747 0 2
cpu 1 174158 0 35635 2815073 8149 0 743
cpu 0 204474 45 34887 2760991 9923 0 1151
cpu 3 193130 0 51825 2783936 7419 0 596
cpu 2 187729 0 47784 2791772 9220 0 190
cpu 5 193265 0 52344 2784843 7332 0 454
cpu 4 187375 1 52794 2789029 7816 0 112
cpu 7 170250 0 51437 2809346 6437 0 540
cpu 6 193333 0 51682 2785411 7713 0 326
cpu 9 161706 0 51268 2815164 7654 0 376
cpu 8 157016 0 57545 2815683 6030 0 336
mem 1 99033092 97103744 1929348 54364 1228888 164 0 1099600 70148 183744 3888 0 0 174664 0 0 0
mem 0 97636988 62013328 35623660 371876 34199820 204 0 34099948 1593628 475228 8636 0 0 462596 4096 0 0
net lo 0 0 2914041 0 0 0 0 0 0 0 0 0 23754 0 2914041 0 0 0 0 0 0 23754 0
net virbr0 0 732 9961370571 0 0 0 0 0 0 0 0 0 39721222 0 38380589962 0 0 0 0 0 0 23512399 0
net eno1 0 151768 40328129531 0 0 352 0 0 0 0 0 0 30190334 0 1206868679 0 0 0 0 0 0 5952163 0
net vnet35 0 0 564334 0 0 0 0 0 0 0 0 0 3064 0 538971 0 0 0 0 0 0 2508 0
numa 1 101583269 18781169 10118603 29535 101539010 18825411
numa 0 101838718 10118603 18781169 29710 101837085 10119842
ps - 488126802 217941 522 349 239 6 687
sysv_shm - 0 0
tmpfs /run/lock 0 6
tmpfs /run 2080768 1098
tmpfs /run/user/20029 0 20
tmpfs /run/qemu 0 1
tmpfs /dev/shm 37615439872 105371
vfs - 133600 2504 183089
vm - 2 20071024 434410629 252290 1617408 230863865 276693455 75481460 6522712 173707679 54210 0 0 0 0 0 1811072 0 311878 5997 0 1617252 74 0 3 0 0

1778475699.317159 0 node0.mimesys-workload.ldos-ut-pg0.wisc.cloudlab.us
block sda 497182 209272 40134584 286892 2627919 17765085 868822155 12869021 0 2205060 13417761
block sdb 479 0 7540 438 4 0 0 0 0 556 439
cpu 11 167700 0 52138 2810838 6811 0 5
cpu 10 194118 2 47034 2790765 8882 0 4
cpu 13 163201 0 47362 2820453 6489 0 4
cpu 12 166133 0 46422 2819195 6939 0 2
cpu 15 165038 2 45235 2821059 6469 0 3
cpu 14 158999 0 46482 2826744 6453 0 4
cpu 17 150338 0 45370 2835789 6652 0 1
cpu 16 160228 0 43910 2829039 5879 0 1
cpu 19 131043 0 31582 2870064 6199 0 1
cpu 18 177238 5 31981 2824185 5747 0 2
cpu 1 174238 0 35637 2815096 8149 0 743
cpu 0 204548 45 34888 2761016 9923 0 1151
cpu 3 193210 0 51826 2783960 7419 0 596
cpu 2 187806 0 47786 2791795 9220 0 190
cpu 5 193348 0 52344 2784864 7332 0 454
cpu 4 187454 1 52796 2789051 7816 0 112
cpu 7 170251 0 51438 2809448 6437 0 540
cpu 6 193333 0 51682 2785514 7713 0 326
cpu 9 161706 0 51269 2815268 7654 0 376
cpu 8 157020 0 57545 2815782 6030 0 336
mem 1 99033092 97104000 1929092 54352 1230056 40 0 1099600 70648 184876 3760 0 0 174680 0 0 0
mem 0 97636988 62012828 35624160 371876 34199900 20 0 34099960 1593628 475176 8636 0 0 462596 4096 0 0
net lo 0 0 2915208 0 0 0 0 0 0 0 0 0 23762 0 2915208 0 0 0 0 0 0 23762 0
net virbr0 0 732 9961373469 0 0 0 0 0 0 0 0 0 39721239 0 38380593652 0 0 0 0 0 0 23512411 0
net eno1 0 151768 40328137442 0 0 352 0 0 0 0 0 0 30190428 0 1206869191 0 0 0 0 0 0 5952168 0
net vnet35 0 0 567470 0 0 0 0 0 0 0 0 0 3081 0 542713 0 0 0 0 0 0 2521 0
numa 1 101593006 18781169 10118603 29535 101548747 18825411
numa 0 101839336 10118603 18781169 29710 101837703 10119842
ps - 488134428 218024 529 354 241 6 687
sysv_shm - 0 0
tmpfs /run/lock 0 6
tmpfs /run 2080768 1098
tmpfs /run/user/20029 0 20
tmpfs /run/qemu 0 1
tmpfs /dev/shm 37615439872 105371
vfs - 133590 2504 183002
vm - 2 20071028 434411077 252290 1617408 230874220 276703423 75481462 6522712 173723682 54210 0 0 0 0 0 1811072 0 311878 5997 0 1617252 74 0 3 0 0

1778475700.358694 0 node0.mimesys-workload.ldos-ut-pg0.wisc.cloudlab.us
block sda 497182 209272 40134584 286892 2627923 17765085 868822187 12869023 0 2205064 13417763
block sdb 479 0 7540 438 4 0 0 0 0 556 439
cpu 11 167701 0 52138 2810939 6811 0 5
cpu 10 194119 2 47036 2790867 8882 0 4
cpu 13 163202 0 47365 2820553 6489 0 4
cpu 12 166134 0 46426 2819293 6939 0 2
cpu 15 165040 2 45237 2821159 6469 0 3
cpu 14 159000 0 46484 2826845 6453 0 4
cpu 17 150339 0 45371 2835890 6652 0 1
cpu 16 160229 0 43912 2829140 5879 0 1
cpu 19 131044 0 31584 2870165 6199 0 1
cpu 18 177240 5 31984 2824284 5747 0 2
cpu 1 174325 0 35637 2815112 8149 0 743
cpu 0 204627 45 34890 2761036 9923 0 1151
cpu 3 193287 0 51827 2783987 7419 0 596
cpu 2 187884 0 47786 2791817 9220 0 190
cpu 5 193435 0 52345 2784882 7332 0 454
cpu 4 187528 1 52798 2789075 7816 0 112
cpu 7 170252 0 51439 2809550 6437 0 540
cpu 6 193333 0 51682 2785618 7713 0 326
cpu 9 161706 0 51269 2815372 7654 0 376
cpu 8 157020 0 57545 2815885 6030 0 336
mem 1 99033092 97133608 1899484 54364 1228928 104 0 1099604 70532 183736 4028 0 0 174696 0 0 0
mem 0 97636988 62012828 35624160 371876 34199876 140 0 34099960 1593628 475228 8636 0 0 462596 4096 0 0
net lo 0 0 2915765 0 0 0 0 0 0 0 0 0 23766 0 2915765 0 0 0 0 0 0 23766 0
net virbr0 0 732 9961375249 0 0 0 0 0 0 0 0 0 39721250 0 38380594650 0 0 0 0 0 0 23512420 0
net eno1 0 151781 40328144345 0 0 352 0 0 0 0 0 0 30190535 0 1206870466 0 0 0 0 0 0 5952174 0
net vnet35 0 0 569404 0 0 0 0 0 0 0 0 0 3092 0 543711 0 0 0 0 0 0 2530 0
numa 1 101601143 18781169 10118603 29535 101556884 18825411
numa 0 101839775 10118603 18781169 29710 101838142 10119842
ps - 488141633 218102 529 354 241 7 687
sysv_shm - 0 0
tmpfs /run/lock 0 6
tmpfs /run 2080768 1098
tmpfs /run/user/20029 0 20
tmpfs /run/qemu 0 1
tmpfs /dev/shm 37615439872 105371
vfs - 133590 2504 183003
vm - 2 20071028 434411093 252290 1617408 230882822 276712380 75481465 6522712 173736977 54210 0 0 0 0 0 1811072 0 311878 5997 0 1617252 74 0 3 0 0

1778475701.397858 0 node0.mimesys-workload.ldos-ut-pg0.wisc.cloudlab.us
block sda 497182 209272 40134584 286892 2627931 17765085 868822299 12869026 0 2205076 13417766
block sdb 479 0 7540 438 4 0 0 0 0 556 439
cpu 11 167703 0 52140 2811040 6811 0 5
cpu 10 194120 2 47038 2790968 8882 0 4
cpu 13 163204 0 47368 2820652 6489 0 4
cpu 12 166137 0 46434 2819387 6939 0 2
cpu 15 165042 2 45241 2821256 6469 0 3
cpu 14 159001 0 46486 2826944 6453 0 4
cpu 17 150340 0 45374 2835990 6652 0 1
cpu 16 160229 0 43913 2829242 5879 0 1
cpu 19 131046 0 31586 2870267 6199 0 1
cpu 18 177242 5 31985 2824386 5747 0 2
cpu 1 174398 0 35639 2815141 8149 0 743
cpu 0 204702 45 34891 2761063 9923 0 1151
cpu 3 193357 0 51830 2784015 7419 0 596
cpu 2 187954 0 47788 2791848 9220 0 190
cpu 5 193504 0 52348 2784914 7332 0 454
cpu 4 187596 1 52800 2789106 7816 0 112
cpu 7 170259 0 51440 2809647 6437 0 540
cpu 6 193333 0 51683 2785721 7713 0 326
cpu 9 161706 0 51269 2815475 7654 0 376
cpu 8 157020 0 57545 2815989 6030 0 336
mem 1 99033092 97131604 1901488 54364 1229600 124 0 1099608 70596 184528 3808 0 0 174672 0 0 0
mem 0 97636988 62012580 35624408 371888 34199948 184 0 34099964 1593632 475272 8680 0 0 462532 4096 0 0
net lo 0 0 2916932 0 0 0 0 0 0 0 0 0 23774 0 2916932 0 0 0 0 0 0 23774 0
net virbr0 0 732 9961379771 0 0 0 0 0 0 0 0 0 39721275 0 38380599338 0 0 0 0 0 0 23512441 0
net eno1 0 151781 40328151114 0 0 352 0 0 0 0 0 0 30190638 0 1206871828 0 0 0 0 0 0 5952182 0
net vnet35 0 0 574276 0 0 0 0 0 0 0 0 0 3117 0 548451 0 0 0 0 0 0 2552 0
numa 1 101610761 18781169 10118603 29535 101566502 18825411
numa 0 101840448 10118603 18781169 29710 101838815 10119842
ps - 488150219 218184 529 354 241 9 687
sysv_shm - 0 0
tmpfs /run/lock 0 6
tmpfs /run 2080768 1098
tmpfs /run/user/20029 0 20
tmpfs /run/qemu 0 1
tmpfs /dev/shm 37615439872 105371
vfs - 133598 2544 183074
vm - 2 20071028 434411149 252290 1617408 230893144 276722758 75481466 6522712 173752974 54210 0 0 0 0 0 1811072 0 311878 5997 0 1617252 74 0 3 0 0

1778475702.435390 0 node0.mimesys-workload.ldos-ut-pg0.wisc.cloudlab.us
block sda 497182 209272 40134584 286892 2627938 17765085 868822355 12869027 0 2205080 13417767
block sdb 479 0 7540 438 4 0 0 0 0 556 439
cpu 11 167703 0 52144 2811141 6811 0 5
cpu 10 194121 2 47040 2791068 8882 0 4
cpu 13 163205 0 47372 2820751 6489 0 4
cpu 12 166138 0 46436 2819488 6939 0 2
cpu 15 165042 2 45242 2821357 6469 0 3
cpu 14 159002 0 46490 2827043 6453 0 4
cpu 17 150342 0 45375 2836090 6652 0 1
cpu 16 160230 0 43914 2829343 5879 0 1
cpu 19 131047 0 31588 2870366 6199 0 1
cpu 18 177244 5 31988 2824484 5747 0 2
cpu 1 174481 0 35640 2815161 8149 0 743
cpu 0 204783 45 34892 2761081 9923 0 1151
cpu 3 193431 0 51831 2784041 7419 0 596
cpu 2 188028 0 47788 2791874 9220 0 190
cpu 5 193586 0 52349 2784934 7332 0 454
cpu 4 187674 1 52800 2789129 7816 0 112
cpu 7 170260 0 51440 2809749 6437 0 540
cpu 6 193333 0 51683 2785824 7713 0 326
cpu 9 161707 0 51269 2815577 7654 0 376
cpu 8 157020 0 57545 2816092 6030 0 336
mem 1 99033092 97133120 1899972 54384 1229504 108 0 1099612 71000 184420 4080 0 0 174668 0 0 0
mem 0 97636988 62012832 35624156 371888 34200792 176 0 34099968 1593912 476144 8620 0 0 462532 4096 0 0
net lo 0 0 2918099 0 0 0 0 0 0 0 0 0 23782 0 2918099 0 0 0 0 0 0 23782 0
net virbr0 0 732 9961379771 0 0 0 0 0 0 0 0 0 39721275 0 38380599338 0 0 0 0 0 0 23512441 0
net eno1 0 151791 40328159435 0 0 352 0 0 0 0 0 0 30190753 0 1206872340 0 0 0 0 0 0 5952187 0
net vnet35 0 0 574276 0 0 0 0 0 0 0 0 0 3117 0 548451 0 0 0 0 0 0 2552 0
numa 1 101619629 18781169 10118603 29535 101575370 18825411
numa 0 101841087 10118603 18781169 29710 101839454 10119842
ps - 488157493 218264 529 354 241 5 687
sysv_shm - 0 0
tmpfs /run/lock 0 6
tmpfs /run 2080768 1098
tmpfs /run/user/20029 0 20
tmpfs /run/qemu 0 1
tmpfs /dev/shm 37615439872 105371
vfs - 133590 2504 183003
vm - 2 20071028 434411177 252290 1617408 230902617 276732198 75481469 6522712 173767755 54210 0 0 0 0 0 1811072 0 311878 5997 0 1617252 74 0 3 0 0

1778475703.477345 0 node0.mimesys-workload.ldos-ut-pg0.wisc.cloudlab.us
block sda 497182 209272 40134584 286892 2627938 17765085 868822355 12869027 0 2205080 13417767
block sdb 479 0 7540 438 4 0 0 0 0 556 439
cpu 11 167706 0 52147 2811239 6811 0 5
cpu 10 194143 2 47046 2791144 8882 0 4
cpu 13 163208 0 47375 2820849 6489 0 4
cpu 12 166144 0 46440 2819581 6939 0 2
cpu 15 165048 2 45245 2821454 6469 0 3
cpu 14 159006 0 46496 2827139 6453 0 4
cpu 17 150349 0 45379 2836182 6652 0 1
cpu 16 160237 0 43918 2829436 5879 0 1
cpu 19 131049 0 31590 2870465 6199 0 1
cpu 18 177252 5 31992 2824575 5747 0 2
cpu 1 174558 0 35641 2815181 8149 0 743
cpu 0 204866 45 34895 2761098 9923 0 1151
cpu 3 193513 0 51832 2784062 7419 0 596
cpu 2 188102 0 47790 2791897 9220 0 190
cpu 5 193664 0 52349 2784955 7332 0 454
cpu 4 187756 1 52801 2789148 7816 0 112
cpu 7 170263 0 51441 2809850 6437 0 540
cpu 6 193336 0 51684 2785924 7713 0 326
cpu 9 161710 0 51269 2815677 7654 0 376
cpu 8 157025 0 57547 2816190 6030 0 336
mem 1 99033092 97141728 1891364 54392 1229120 124 0 1099612 70200 184064 3992 0 0 175044 0 0 0
mem 0 97636988 62011320 35625668 371888 34199772 216 0 34099972 1593636 475012 8484 0 0 462532 4096 0 0
net lo 0 0 2920167 0 0 0 0 0 0 0 0 0 23810 0 2920167 0 0 0 0 0 0 23810 0
net virbr0 0 732 9961384293 0 0 0 0 0 0 0 0 0 39721300 0 38380604026 0 0 0 0 0 0 23512462 0
net eno1 0 151791 40328164219 0 0 352 0 0 0 0 0 0 30190822 0 1206873734 0 0 0 0 0 0 5952195 0
net vnet35 0 0 579148 0 0 0 0 0 0 0 0 0 3142 0 553191 0 0 0 0 0 0 2574 0
numa 1 101640443 18781169 10118603 29535 101596184 18825411
numa 0 101842708 10118603 18781169 29710 101841075 10119842
ps - 488170169 218442 529 354 241 6 687
sysv_shm - 0 0
tmpfs /run/lock 0 6
tmpfs /run 2080768 1098
tmpfs /run/user/20029 0 20
tmpfs /run/qemu 0 1
tmpfs /dev/shm 37615439872 105371
vfs - 133589 2464 183002
vm - 2 20071028 434411177 252290 1617408 230925029 276754554 75482299 6522712 173796227 54210 0 0 0 0 0 1811072 0 311878 5997 0 1617252 74 0 3 0 0

1778475704.519294 0 node0.mimesys-workload.ldos-ut-pg0.wisc.cloudlab.us
block sda 497182 209272 40134584 286892 2628028 17765099 868823251 12869040 0 2205088 13417780
block sdb 479 0 7540 438 4 0 0 0 0 556 439
cpu 11 167708 0 52149 2811338 6811 0 5
cpu 10 194144 2 47048 2791246 8882 0 4
cpu 13 163210 0 47376 2820950 6489 0 4
cpu 12 166148 0 46445 2819675 6939 0 2
cpu 15 165049 2 45246 2821555 6469 0 3
cpu 14 159008 0 46499 2827238 6453 0 4
cpu 17 150356 0 45383 2836276 6652 0 1
cpu 16 160238 0 43920 2829536 5879 0 1
cpu 19 131050 0 31594 2870565 6200 0 1
cpu 18 177253 5 31994 2824677 5747 0 2
cpu 1 174640 0 35641 2815201 8149 0 743
cpu 0 204952 45 34896 2761116 9923 0 1151
cpu 3 193594 0 51832 2784085 7419 0 596
cpu 2 188183 0 47790 2791917 9220 0 190
cpu 5 193743 0 52354 2784975 7332 0 454
cpu 4 187835 1 52802 2789173 7816 0 112
cpu 7 170264 0 51442 2809952 6437 0 540
cpu 6 193336 0 51684 2786027 7713 0 326
cpu 9 161710 0 51270 2815781 7654 0 376
cpu 8 157025 0 57548 2816293 6030 0 336
mem 1 99033092 97136956 1896136 54380 1230260 236 0 1099616 70888 185136 3516 0 0 174980 0 0 0
mem 0 97636988 62010736 35626252 371896 34200032 348 0 34100028 1593740 475352 8672 0 0 462532 4096 0 0
net lo 0 0 2921334 0 0 0 0 0 0 0 0 0 23818 0 2921334 0 0 0 0 0 0 23818 0
net virbr0 0 732 9961387191 0 0 0 0 0 0 0 0 0 39721317 0 38380607716 0 0 0 0 0 0 23512474 0
net eno1 0 151803 40328170856 0 0 352 0 0 0 0 0 0 30190923 0 1206875232 0 0 0 0 0 0 5952203 0
net vnet35 0 0 582284 0 0 0 0 0 0 0 0 0 3159 0 556933 0 0 0 0 0 0 2587 0
numa 1 101649703 18781169 10118603 29535 101605444 18825411
numa 0 101843212 10118603 18781169 29710 101841579 10119842
ps - 488177650 218521 542 359 243 7 687
sysv_shm - 0 0
tmpfs /run/lock 0 6
tmpfs /run 2080768 1098
tmpfs /run/user/20029 0 20
tmpfs /run/qemu 0 1
tmpfs /dev/shm 37615439872 105371
vfs - 133601 2504 183084
vm - 2 20071028 434411625 252290 1617408 230934794 276763987 75482305 6522712 173811510 54210 0 0 0 0 0 1811072 0 311878 5997 0 1617252 74 0 3 0 0

1778475705.559312 0 node0.mimesys-workload.ldos-ut-pg0.wisc.cloudlab.us
block sda 497182 209272 40134584 286892 2628031 17765099 868823275 12869041 0 2205092 13417781
block sdb 479 0 7540 438 4 0 0 0 0 556 439
cpu 11 167708 0 52152 2811440 6811 0 5
cpu 10 194146 2 47049 2791348 8882 0 4
cpu 13 163210 0 47378 2821051 6489 0 4
cpu 12 166149 0 46449 2819774 6939 0 2
cpu 15 165050 2 45247 2821655 6469 0 3
cpu 14 159008 0 46500 2827340 6453 0 4
cpu 17 150356 0 45385 2836377 6652 0 1
cpu 16 160240 0 43922 2829637 5879 0 1
cpu 19 131051 0 31598 2870666 6200 0 1
cpu 18 177254 5 31996 2824777 5747 0 2
cpu 1 174714 0 35642 2815229 8149 0 744
cpu 0 205033 45 34896 2761135 9923 0 1151
cpu 3 193672 0 51833 2784107 7419 0 596
cpu 2 188262 0 47792 2791938 9220 0 190
cpu 5 193819 0 52355 2785000 7332 0 454
cpu 4 187915 1 52804 2789194 7816 0 112
cpu 7 170266 0 51442 2810054 6437 0 540
cpu 6 193336 0 51684 2786130 7713 0 326
cpu 9 161710 0 51270 2815884 7654 0 376
cpu 8 157026 0 57548 2816397 6030 0 336
mem 1 99033092 97137752 1895340 54392 1228968 124 0 1099616 70648 183936 3824 0 0 174948 0 0 0
mem 0 97636988 62010484 35626504 371896 34199952 132 0 34100044 1593764 475216 8636 0 0 462532 4096 0 0
net lo 0 0 2921891 0 0 0 0 0 0 0 0 0 23822 0 2921891 0 0 0 0 0 0 23822 0
net virbr0 0 732 9961388971 0 0 0 0 0 0 0 0 0 39721328 0 38380608714 0 0 0 0 0 0 23512483 0
net eno1 0 151803 40328176507 0 0 352 0 0 0 0 0 0 30191009 0 1206875771 0 0 0 0 0 0 5952209 0
net vnet35 0 0 584218 0 0 0 0 0 0 0 0 0 3170 0 557931 0 0 0 0 0 0 2596 0
numa 1 101657605 18781169 10118603 29535 101613346 18825411
numa 0 101843546 10118603 18781169 29710 101841913 10119842
ps - 488184929 218595 542 359 243 7 687
sysv_shm - 0 0
tmpfs /run/lock 0 6
tmpfs /run 2080768 1098
tmpfs /run/user/20029 0 20
tmpfs /run/qemu 0 1
tmpfs /dev/shm 37615439872 105371
vfs - 133589 2424 183002
vm - 2 20071028 434411637 252290 1617408 230943029 276772556 75482306 6522712 173824281 54210 0 0 0 0 0 1811072 0 311878 5997 0 1617252 74 0 3 0 0

1778475706.598244 0 node0.mimesys-workload.ldos-ut-pg0.wisc.cloudlab.us
block sda 497182 209272 40134584 286892 2628035 17765099 868823363 12869042 0 2205096 13417782
block sdb 479 0 7540 438 4 0 0 0 0 556 439
cpu 11 167709 0 52153 2811540 6811 0 5
cpu 10 194150 2 47052 2791444 8882 0 4
cpu 13 163212 0 47380 2821153 6489 0 4
cpu 12 166152 0 46456 2819868 6939 0 2
cpu 15 165052 2 45250 2821755 6469 0 3
cpu 14 159010 0 46501 2827441 6453 0 4
cpu 17 150358 0 45389 2836476 6652 0 1
cpu 16 160246 0 43924 2829731 5879 0 1
cpu 19 131052 0 31598 2870768 6200 0 1
cpu 18 177259 5 31999 2824873 5747 0 2
cpu 1 174793 0 35643 2815250 8149 0 744
cpu 0 205109 45 34897 2761160 9923 0 1151
cpu 3 193752 0 51834 2784128 7419 0 596
cpu 2 188339 0 47793 2791959 9220 0 190
cpu 5 193897 0 52357 2785021 7333 0 454
cpu 4 187994 1 52806 2789213 7816 0 112
cpu 7 170267 0 51444 2810155 6437 0 540
cpu 6 193337 0 51684 2786232 7713 0 326
cpu 9 161710 0 51270 2815988 7654 0 376
cpu 8 157026 0 57548 2816500 6030 0 336
mem 1 99033092 97134200 1898892 54404 1231932 136 0 1099620 71144 187272 4008 0 0 175012 0 0 0
mem 0 97636988 62009984 35627004 371892 34199504 184 0 34100044 1593872 474796 8672 0 0 462500 4096 0 0
net lo 0 0 2923058 0 0 0 0 0 0 0 0 0 23830 0 2923058 0 0 0 0 0 0 23830 0
net virbr0 0 732 9961393649 0 0 0 0 0 0 0 0 0 39721356 0 38380613402 0 0 0 0 0 0 23512504 0
net eno1 0 151813 40328186071 0 0 352 0 0 0 0 0 0 30191136 0 1206879383 0 0 0 0 0 0 5952223 0
net vnet35 0 0 589288 0 0 0 0 0 0 0 0 0 3198 0 562671 0 0 0 0 0 0 2618 0
numa 1 101667760 18781169 10118603 29535 101623501 18825411
numa 0 101843985 10118603 18781169 29710 101842352 10119842
ps - 488193046 218677 542 359 243 7 689
sysv_shm - 0 0
tmpfs /run/lock 0 6
tmpfs /run 2080768 1098
tmpfs /run/user/20029 0 20
tmpfs /run/qemu 0 1
tmpfs /dev/shm 37615439872 105371
vfs - 133596 2504 183016
vm - 2 20071028 434411681 252290 1617408 230953623 276782595 75482312 6522712 173840659 54210 0 0 0 0 0 1811072 0 311878 5997 0 1617252 74 0 3 0 0

1778475707.638399 0 node0.mimesys-workload.ldos-ut-pg0.wisc.cloudlab.us
block sda 497182 209272 40134584 286892 2628042 17765100 868823427 12869047 0 2205100 13417787
block sdb 479 0 7540 438 4 0 0 0 0 556 439
cpu 11 167713 0 52156 2811639 6811 0 5
cpu 10 194151 2 47053 2791546 8882 0 4
cpu 13 163214 0 47382 2821253 6489 0 4
cpu 12 166156 0 46461 2819965 6939 0 2
cpu 15 165054 2 45254 2821853 6469 0 3
cpu 14 159010 0 46504 2827542 6453 0 4
cpu 17 150359 0 45392 2836577 6652 0 1
cpu 16 160248 0 43928 2829830 5879 0 1
cpu 19 131052 0 31602 2870867 6200 0 1
cpu 18 177260 5 32001 2824973 5747 0 2
cpu 1 174870 0 35644 2815274 8149 0 744
cpu 0 205178 45 34899 2761190 9923 0 1151
cpu 3 193828 0 51834 2784154 7419 0 596
cpu 2 188417 0 47794 2791981 9220 0 190
cpu 5 193975 0 52358 2785044 7333 0 454
cpu 4 188080 1 52806 2789234 7816 0 112
cpu 7 170270 0 51446 2810254 6437 0 540
cpu 6 193337 0 51684 2786335 7713 0 326
cpu 9 161711 0 51270 2816091 7654 0 376
cpu 8 157027 0 57548 2816603 6030 0 336
mem 1 99033092 97131752 1901340 54416 1230360 124 0 1099620 70944 185368 4020 0 0 174940 0 0 0
mem 0 97636988 62010548 35626440 371896 34200080 256 0 34100108 1593904 475404 8676 0 0 462452 4096 0 0
net lo 0 0 2924225 0 0 0 0 0 0 0 0 0 23838 0 2924225 0 0 0 0 0 0 23838 0
net virbr0 0 732 9961395579 0 0 0 0 0 0 0 0 0 39721363 0 38380615432 0 0 0 0 0 0 23512510 0
net eno1 0 151813 40328192866 0 0 352 0 0 0 0 0 0 30191236 0 1206881201 0 0 0 0 0 0 5952235 0
net vnet35 0 0 591316 0 0 0 0 0 0 0 0 0 3205 0 564701 0 0 0 0 0 0 2624 0
numa 1 101677042 18781169 10118603 29535 101632783 18825411
numa 0 101844610 10118603 18781169 29710 101842977 10119842
ps - 488201012 218757 542 359 243 8 687
sysv_shm - 0 0
tmpfs /run/lock 0 6
tmpfs /run 2080768 1098
tmpfs /run/user/20029 0 20
tmpfs /run/qemu 0 1
tmpfs /dev/shm 37615439872 105371
vfs - 133600 2544 183076
vm - 2 20071028 434411713 252290 1617408 230963530 276792744 75482323 6522712 173856144 54210 0 0 0 0 0 1811072 0 311878 5997 0 1617252 74 0 3 0 0

1778475708.677847 0 node0.mimesys-workload.ldos-ut-pg0.wisc.cloudlab.us
block sda 497182 209272 40134584 286892 2628042 17765100 868823427 12869047 0 2205100 13417787
block sdb 479 0 7540 438 4 0 0 0 0 556 439
cpu 11 167716 0 52158 2811737 6811 0 5
cpu 10 194152 2 47054 2791647 8882 0 4
cpu 13 163216 0 47386 2821351 6489 0 4
cpu 12 166156 0 46463 2820065 6939 0 2
cpu 15 165056 2 45256 2821954 6469 0 3
cpu 14 159012 0 46505 2827642 6453 0 4
cpu 17 150359 0 45393 2836679 6652 0 1
cpu 16 160249 0 43930 2829930 5879 0 1
cpu 19 131054 0 31602 2870968 6200 0 1
cpu 18 177261 5 32002 2825075 5747 0 2
cpu 1 174948 0 35644 2815298 8149 0 744
cpu 0 205248 45 34901 2761221 9923 0 1151
cpu 3 193900 0 51835 2784181 7419 0 596
cpu 2 188494 0 47797 2792005 9220 0 190
cpu 5 194055 0 52360 2785066 7333 0 454
cpu 4 188157 1 52808 2789259 7816 0 112
cpu 7 170270 0 51446 2810358 6437 0 540
cpu 6 193338 0 51684 2786438 7713 0 326
cpu 9 161711 0 51270 2816195 7654 0 376
cpu 8 157028 0 57548 2816706 6030 0 336
mem 1 99033092 97129744 1903348 54432 1229392 148 0 1099624 70404 184360 3876 0 0 174908 0 0 0
mem 0 97636988 62011276 35625712 371896 34199544 280 0 34100188 1593972 474792 8672 0 0 462452 4096 0 0
net lo 0 0 2924782 0 0 0 0 0 0 0 0 0 23842 0 2924782 0 0 0 0 0 0 23842 0
net virbr0 0 732 9961398171 0 0 0 0 0 0 0 0 0 39721381 0 38380618090 0 0 0 0 0 0 23512525 0
net eno1 0 151823 40328199304 0 0 352 0 0 0 0 0 0 30191330 0 1206881612 0 0 0 0 0 0 5952239 0
net vnet35 0 0 594160 0 0 0 0 0 0 0 0 0 3223 0 567411 0 0 0 0 0 0 2640 0
numa 1 101685197 18781169 10118603 29535 101640938 18825411
numa 0 101844750 10118603 18781169 29710 101843117 10119842
ps - 488209113 218831 542 359 243 4 687
sysv_shm - 0 0
tmpfs /run/lock 0 6
tmpfs /run 2080768 1098
tmpfs /run/user/20029 0 20
tmpfs /run/qemu 0 1
tmpfs /dev/shm 37615439872 105371
vfs - 133589 2584 183002
vm - 2 20071028 434411713 252290 1617408 230971827 276801369 75482325 6522712 173868962 54210 0 0 0 0 0 1811072 0 311878 5997 0 1617252 74 0 3 0 0

1778475709.717885 0 node0.mimesys-workload.ldos-ut-pg0.wisc.cloudlab.us
block sda 497182 209272 40134584 286892 2628143 17765111 868824435 12869062 0 2205108 13417802
block sdb 479 0 7540 438 4 0 0 0 0 556 439
cpu 11 167720 0 52163 2811833 6811 0 5
cpu 10 194153 2 47056 2791748 8882 0 4
cpu 13 163220 0 47388 2821449 6489 0 4
cpu 12 166163 0 46468 2820158 6939 0 2
cpu 15 165056 2 45260 2822055 6469 0 3
cpu 14 159014 0 46506 2827744 6453 0 4
cpu 17 150360 0 45395 2836779 6652 0 1
cpu 16 160250 0 43935 2830028 5879 0 1
cpu 19 131054 0 31604 2871069 6200 0 1
cpu 18 177263 5 32006 2825172 5747 0 2
cpu 1 175019 0 35644 2815326 8149 0 744
cpu 0 205318 45 34901 2761249 9923 0 1151
cpu 3 193983 0 51835 2784201 7419 0 596
cpu 2 188571 0 47798 2792031 9220 0 190
cpu 5 194126 0 52360 2785094 7333 0 454
cpu 4 188229 1 52809 2789287 7816 0 112
cpu 7 170271 0 51446 2810459 6437 0 540
cpu 6 193338 0 51684 2786541 7713 0 326
cpu 9 161712 0 51270 2816297 7654 0 376
cpu 8 157028 0 57548 2816809 6030 0 336
mem 1 99033092 97128740 1904352 54424 1230808 36 0 1099624 70888 186172 3920 0 0 174908 0 0 0
mem 0 97636988 62012536 35624452 371900 34199592 28 0 34100260 1594036 474792 8672 0 0 462452 4096 0 0
net lo 0 0 2925949 0 0 0 0 0 0 0 0 0 23850 0 2925949 0 0 0 0 0 0 23850 0
net virbr0 0 732 9961401069 0 0 0 0 0 0 0 0 0 39721398 0 38380621780 0 0 0 0 0 0 23512537 0
net eno1 0 151823 40328205959 0 0 352 0 0 0 0 0 0 30191431 0 1206883106 0 0 0 0 0 0 5952247 0
net vnet35 0 0 597296 0 0 0 0 0 0 0 0 0 3240 0 571101 0 0 0 0 0 0 2652 0
numa 1 101695168 18781169 10118603 29535 101650909 18825411
numa 0 101845149 10118603 18781169 29710 101843516 10119842
ps - 488216116 218914 531 360 244 7 687
sysv_shm - 0 0
tmpfs /run/lock 0 6
tmpfs /run 2080768 1098
tmpfs /run/user/20029 0 20
tmpfs /run/qemu 0 1
tmpfs /dev/shm 37615439872 105371
vfs - 133591 2544 183004
vm - 2 20071028 434412217 252290 1617408 230982195 276811361 75482330 6522712 173884953 54210 0 0 0 0 0 1811072 0 311878 5997 0 1617252 74 0 3 0 0

1778475710.755539 0 node0.mimesys-workload.ldos-ut-pg0.wisc.cloudlab.us
block sda 497182 209272 40134584 286892 2628147 17765111 868824467 12869064 0 2205112 13417804
block sdb 479 0 7540 438 4 0 0 0 0 556 439
cpu 11 167722 0 52164 2811934 6811 0 5
cpu 10 194154 2 47058 2791848 8882 0 4
cpu 13 163222 0 47392 2821547 6489 0 4
cpu 12 166166 0 46473 2820254 6939 0 2
cpu 15 165056 2 45261 2822156 6469 0 3
cpu 14 159016 0 46508 2827844 6453 0 4
cpu 17 150361 0 45397 2836880 6652 0 1
cpu 16 160250 0 43937 2830129 5879 0 1
cpu 19 131055 0 31606 2871170 6200 0 1
cpu 18 177264 5 32008 2825273 5747 0 2
cpu 1 175093 0 35645 2815354 8149 0 744
cpu 0 205400 45 34901 2761269 9923 0 1151
cpu 3 194058 0 51836 2784224 7419 0 596
cpu 2 188648 0 47798 2792056 9220 0 190
cpu 5 194204 0 52361 2785117 7333 0 454
cpu 4 188308 1 52810 2789310 7816 0 112
cpu 7 170271 0 51446 2810563 6437 0 540
cpu 6 193338 0 51684 2786644 7713 0 326
cpu 9 161712 0 51270 2816401 7654 0 376
cpu 8 157029 0 57548 2816912 6030 0 336
mem 1 99033092 97129496 1903596 54428 1229388 108 0 1099628 70208 184304 3904 0 0 174908 0 0 0
mem 0 97636988 62012872 35624116 371900 34199584 140 0 34100312 1594084 474780 8672 0 0 462452 4096 0 0
net lo 0 0 2926506 0 0 0 0 0 0 0 0 0 23854 0 2926506 0 0 0 0 0 0 23854 0
net virbr0 0 732 9961402849 0 0 0 0 0 0 0 0 0 39721409 0 38380622778 0 0 0 0 0 0 23512546 0
net eno1 0 151835 40328212928 0 0 352 0 0 0 0 0 0 30191539 0 1206884461 0 0 0 0 0 0 5952253 0
net vnet35 0 0 599230 0 0 0 0 0 0 0 0 0 3251 0 572151 0 0 0 0 0 0 2662 0
numa 1 101703308 18781169 10118603 29535 101659049 18825411
numa 0 101845246 10118603 18781169 29710 101843613 10119842
ps - 488223820 218988 531 360 244 5 687
sysv_shm - 0 0
tmpfs /run/lock 0 6
tmpfs /run 2080768 1098
tmpfs /run/user/20029 0 20
tmpfs /run/qemu 0 1
tmpfs /dev/shm 37615439872 105371
vfs - 133599 2544 183082
vm - 2 20071028 434412233 252290 1617408 230990432 276819950 75482338 6522712 173897745 54210 0 0 0 0 0 1811072 0 311878 5997 0 1617252 74 0 3 0 0

1778475711.795666 0 node0.mimesys-workload.ldos-ut-pg0.wisc.cloudlab.us
block sda 497182 209272 40134584 286892 2628151 17765111 868824555 12869064 0 2205116 13417805
block sdb 479 0 7540 438 4 0 0 0 0 556 439
cpu 11 167723 0 52166 2812034 6811 0 5
cpu 10 194158 2 47060 2791944 8882 0 4
cpu 13 163225 0 47395 2821644 6489 0 4
cpu 12 166167 0 46475 2820355 6939 0 2
cpu 15 165058 2 45265 2822254 6469 0 3
cpu 14 159017 0 46510 2827944 6453 0 4
cpu 17 150361 0 45400 2836981 6652 0 1
cpu 16 160252 0 43940 2830228 5879 0 1
cpu 19 131055 0 31607 2871272 6200 0 1
cpu 18 177265 5 32010 2825374 5747 0 2
cpu 1 175172 0 35646 2815379 8149 0 744
cpu 0 205475 45 34902 2761293 9923 0 1151
cpu 3 194143 0 51836 2784245 7419 0 596
cpu 2 188727 0 47800 2792080 9220 0 190
cpu 5 194283 0 52363 2785139 7333 0 454
cpu 4 188387 1 52811 2789331 7816 0 112
cpu 7 170272 0 51450 2810664 6437 0 540
cpu 6 193339 0 51684 2786747 7713 0 326
cpu 9 161713 0 51270 2816504 7654 0 376
cpu 8 157030 0 57548 2817015 6030 0 336
mem 1 99033092 97126728 1906364 54432 1229128 120 0 1099628 70244 184068 4036 0 0 174804 0 0 0
mem 0 97636988 62012368 35624620 371900 34200184 196 0 34100432 1594204 475224 8672 0 0 462452 4096 0 0
net lo 0 0 2927673 0 0 0 0 0 0 0 0 0 23862 0 2927673 0 0 0 0 0 0 23862 0
net virbr0 0 732 9961407371 0 0 0 0 0 0 0 0 0 39721434 0 38380627466 0 0 0 0 0 0 23512567 0
net eno1 0 151835 40328219799 0 0 352 0 0 0 0 0 0 30191644 0 1206884973 0 0 0 0 0 0 5952258 0
net vnet35 0 0 604102 0 0 0 0 0 0 0 0 0 3276 0 576839 0 0 0 0 0 0 2683 0
numa 1 101712626 18781169 10118603 29535 101668367 18825411
numa 0 101845894 10118603 18781169 29710 101844261 10119842
ps - 488231637 219068 531 360 244 7 686
sysv_shm - 0 0
tmpfs /run/lock 0 6
tmpfs /run 2080768 1098
tmpfs /run/user/20029 0 20
tmpfs /run/qemu 0 1
tmpfs /dev/shm 37615439872 105371
vfs - 133589 2504 182996
vm - 2 20071028 434412277 252290 1617408 231000398 276829901 75482338 6522712 173913217 54210 0 0 0 0 0 1811072 0 311878 5997 0 1617252 74 0 3 0 0

1778475712.837096 0 node0.mimesys-workload.ldos-ut-pg0.wisc.cloudlab.us
block sda 497182 209272 40134584 286892 2628156 17765111 868824603 12869065 0 2205120 13417806
block sdb 479 0 7540 438 4 0 0 0 0 556 439
cpu 11 167729 0 52169 2812131 6811 0 5
cpu 10 194158 2 47062 2792046 8882 0 4
cpu 13 163227 0 47397 2821744 6489 0 4
cpu 12 166169 0 46478 2820453 6939 0 2
cpu 15 165060 2 45267 2822354 6469 0 3
cpu 14 159019 0 46510 2828045 6453 0 4
cpu 17 150364 0 45404 2837079 6652 0 1
cpu 16 160254 0 43943 2830328 5879 0 1
cpu 19 131056 0 31609 2871373 6200 0 1
cpu 18 177267 5 32013 2825473 5747 0 2
cpu 1 175247 0 35647 2815404 8149 0 744
cpu 0 205559 45 34902 2761312 9923 0 1151
cpu 3 194220 0 51837 2784269 7419 0 596
cpu 2 188797 0 47803 2792111 9220 0 190
cpu 5 194361 0 52364 2785169 7333 0 454
cpu 4 188465 1 52811 2789356 7816 0 112
cpu 7 170273 0 51452 2810764 6437 0 540
cpu 6 193339 0 51684 2786850 7713 0 326
cpu 9 161714 0 51270 2816607 7654 0 376
cpu 8 157030 0 57548 2817119 6030 0 336
mem 1 99033092 97125976 1907116 54432 1230932 116 0 1099632 70748 185884 4128 0 0 174796 0 0 0
mem 0 97636988 62012620 35624368 371900 34200204 192 0 34100436 1594208 475240 8672 0 0 462452 4096 0 0
net lo 0 0 2928840 0 0 0 0 0 0 0 0 0 23870 0 2928840 0 0 0 0 0 0 23870 0
net virbr0 0 732 9961410217 0 0 0 0 0 0 0 0 0 39721450 0 38380631156 0 0 0 0 0 0 23512579 0
net eno1 0 151845 40328226382 0 0 352 0 0 0 0 0 0 30191744 0 1206886401 0 0 0 0 0 0 5952265 0
net vnet35 0 0 607172 0 0 0 0 0 0 0 0 0 3292 0 580581 0 0 0 0 0 0 2696 0
numa 1 101721883 18781169 10118603 29535 101677624 18825411
numa 0 101846420 10118603 18781169 29710 101844787 10119842
ps - 488239586 219147 531 360 244 5 686
sysv_shm - 0 0
tmpfs /run/lock 0 6
tmpfs /run 2080768 1098
tmpfs /run/user/20029 0 20
tmpfs /run/qemu 0 1
tmpfs /dev/shm 37615439872 105371
vfs - 133591 2504 182998
vm - 2 20071028 434412301 252290 1617408 231010181 276839317 75482342 6522712 173928414 54210 0 0 0 0 0 1811072 0 311878 5997 0 1617252 74 0 3 0 0

1778475713.877834 0 node0.mimesys-workload.ldos-ut-pg0.wisc.cloudlab.us
block sda 497182 209272 40134584 286892 2628156 17765111 868824603 12869065 0 2205120 13417806
block sdb 479 0 7540 438 4 0 0 0 0 556 439
cpu 11 167732 0 52170 2812232 6811 0 5
cpu 10 194158 2 47063 2792147 8882 0 4
cpu 13 163228 0 47400 2821844 6489 0 4
cpu 12 166170 0 46484 2820551 6939 0 2
cpu 15 165060 2 45269 2822456 6469 0 3
cpu 14 159021 0 46512 2828144 6453 0 4
cpu 17 150365 0 45408 2837180 6652 0 1
cpu 16 160254 0 43944 2830430 5879 0 1
cpu 19 131057 0 31611 2871474 6200 0 1
cpu 18 177270 5 32014 2825573 5747 0 2
cpu 1 175340 0 35647 2815420 8149 0 744
cpu 0 205639 45 34903 2761333 9923 0 1151
cpu 3 194298 0 51838 2784291 7419 0 596
cpu 2 188874 0 47805 2792135 9220 0 190
cpu 5 194438 0 52365 2785193 7333 0 454
cpu 4 188545 1 52813 2789377 7816 0 112
cpu 7 170274 0 51453 2810866 6437 0 540
cpu 6 193339 0 51684 2786953 7713 0 326
cpu 9 161714 0 51270 2816710 7654 0 376
cpu 8 157031 0 57548 2817222 6030 0 336
mem 1 99033092 97124736 1908356 54432 1228964 124 0 1099632 70148 183852 3888 0 0 174756 0 0 0
mem 0 97636988 62013628 35623360 371908 34200404 224 0 34100476 1594248 475272 8672 0 0 462452 4096 0 0
net lo 0 0 2929397 0 0 0 0 0 0 0 0 0 23874 0 2929397 0 0 0 0 0 0 23874 0
net virbr0 0 732 9961412049 0 0 0 0 0 0 0 0 0 39721462 0 38380632154 0 0 0 0 0 0 23512588 0
net eno1 0 151845 40328233285 0 0 352 0 0 0 0 0 0 30191851 0 1206887636 0 0 0 0 0 0 5952271 0
net vnet35 0 0 609172 0 0 0 0 0 0 0 0 0 3304 0 581579 0 0 0 0 0 0 2705 0
numa 1 101729798 18781169 10118603 29535 101685539 18825411
numa 0 101846745 10118603 18781169 29710 101845112 10119842
ps - 488247051 219221 531 360 244 4 686
sysv_shm - 0 0
tmpfs /run/lock 0 6
tmpfs /run 2080768 1098
tmpfs /run/user/20029 0 20
tmpfs /run/qemu 0 1
tmpfs /dev/shm 37615439872 105371
vfs - 133599 2464 183076
vm - 2 20071028 434412301 252290 1617408 231018422 276847905 75482344 6522712 173941202 54210 0 0 0 0 0 1811072 0 311878 5997 0 1617252 74 0 3 0 0

1778475714.917135 0 node0.mimesys-workload.ldos-ut-pg0.wisc.cloudlab.us
block sda 497182 209272 40134584 286892 2628242 17765122 868825451 12869080 0 2205128 13417820
block sdb 479 0 7540 438 4 0 0 0 0 556 439
cpu 11 167732 0 52171 2812334 6811 0 5
cpu 10 194166 2 47068 2792239 8882 0 4
cpu 13 163230 0 47404 2821943 6489 0 4
cpu 12 166174 0 46486 2820649 6939 0 2
cpu 15 165062 2 45272 2822556 6469 0 3
cpu 14 159023 0 46515 2828243 6453 0 4
cpu 17 150365 0 45409 2837281 6652 0 1
cpu 16 160255 0 43946 2830531 5879 0 1
cpu 19 131057 0 31616 2871574 6200 0 1
cpu 18 177271 5 32017 2825672 5747 0 2
cpu 1 175422 0 35647 2815440 8149 0 744
cpu 0 205718 45 34904 2761355 9923 0 1151
cpu 3 194376 0 51840 2784311 7419 0 596
cpu 2 188952 0 47806 2792158 9220 0 190
cpu 5 194510 0 52368 2785221 7333 0 454
cpu 4 188630 1 52813 2789393 7816 0 112
cpu 7 170274 0 51454 2810970 6437 0 540
cpu 6 193340 0 51684 2787056 7713 0 326
cpu 9 161714 0 51270 2816814 7654 0 376
cpu 8 157032 0 57548 2817325 6030 0 336
mem 1 99033092 97123988 1909104 54432 1230804 40 0 1099640 70888 186132 3932 0 0 174764 0 0 0
mem 0 97636988 62013880 35623108 371912 34199936 20 0 34100496 1594260 474784 8672 0 0 462452 4096 0 0
net lo 0 0 2930564 0 0 0 0 0 0 0 0 0 23882 0 2930564 0 0 0 0 0 0 23882 0
net virbr0 0 732 9961414791 0 0 0 0 0 0 0 0 0 39721476 0 38380635844 0 0 0 0 0 0 23512600 0
net eno1 0 151856 40328239736 0 0 352 0 0 0 0 0 0 30191948 0 1206888148 0 0 0 0 0 0 5952276 0
net vnet35 0 0 612110 0 0 0 0 0 0 0 0 0 3318 0 585321 0 0 0 0 0 0 2718 0
numa 1 101739443 18781169 10118603 29535 101695184 18825411
numa 0 101846867 10118603 18781169 29710 101845234 10119842
ps - 488254903 219300 537 364 246 5 686
sysv_shm - 0 0
tmpfs /run/lock 0 6
tmpfs /run 2080768 1098
tmpfs /run/user/20029 0 20
tmpfs /run/qemu 0 1
tmpfs /dev/shm 37615439872 105371
vfs - 133591 2504 182998
vm - 2 20071028 434412725 252290 1617408 231028188 276857313 75482350 6522712 173956452 54210 0 0 0 0 0 1811072 0 311878 5997 0 1617252 74 0 3 0 0

1778475715.957989 0 node0.mimesys-workload.ldos-ut-pg0.wisc.cloudlab.us
block sda 497182 209272 40134584 286892 2628245 17765122 868825475 12869081 0 2205132 13417821
block sdb 479 0 7540 438 4 0 0 0 0 556 439
cpu 11 167734 0 52173 2812434 6811 0 5
cpu 10 194166 2 47069 2792339 8882 0 4
cpu 13 163231 0 47406 2822044 6489 0 4
cpu 12 166176 0 46490 2820748 6939 0 2
cpu 15 165063 2 45273 2822658 6469 0 3
cpu 14 159024 0 46518 2828342 6453 0 4
cpu 17 150367 0 45410 2837382 6652 0 1
cpu 16 160256 0 43950 2830630 5879 0 1
cpu 19 131058 0 31617 2871677 6200 0 1
cpu 18 177272 5 32020 2825773 5747 0 2
cpu 1 175500 0 35648 2815466 8149 0 745
cpu 0 205796 45 34904 2761377 9923 0 1151
cpu 3 194455 0 51842 2784330 7419 0 596
cpu 2 189023 0 47807 2792185 9220 0 190
cpu 5 194584 0 52369 2785247 7333 0 454
cpu 4 188710 1 52814 2789416 7816 0 112
cpu 7 170274 0 51454 2811072 6437 0 540
cpu 6 193340 0 51684 2787159 7713 0 326
cpu 9 161715 0 51270 2816917 7654 0 376
cpu 8 157032 0 57548 2817429 6030 0 336
mem 1 99033092 97126768 1906324 54436 1228972 112 0 1099640 70148 183864 3880 0 0 174732 0 0 0
mem 0 97636988 62013880 35623108 371912 34200404 128 0 34100496 1594260 475276 8672 0 0 462452 4096 0 0
net lo 0 0 2931121 0 0 0 0 0 0 0 0 0 23886 0 2931121 0 0 0 0 0 0 23886 0
net virbr0 0 732 9961416571 0 0 0 0 0 0 0 0 0 39721487 0 38380636842 0 0 0 0 0 0 23512609 0
net eno1 0 151856 40328245931 0 0 352 0 0 0 0 0 0 30192044 0 1206889529 0 0 0 0 0 0 5952283 0
net vnet35 0 0 614044 0 0 0 0 0 0 0 0 0 3329 0 586319 0 0 0 0 0 0 2727 0
numa 1 101747382 18781169 10118603 29535 101703123 18825411
numa 0 101847149 10118603 18781169 29710 101845516 10119842
ps - 488262956 219374 537 364 246 5 686
sysv_shm - 0 0
tmpfs /run/lock 0 6
tmpfs /run 2080768 1098
tmpfs /run/user/20029 0 20
tmpfs /run/qemu 0 1
tmpfs /dev/shm 37615439872 105371
vfs - 133589 2464 182996
vm - 2 20071028 434412737 252290 1617408 231036409 276865893 75482353 6522712 173969228 54210 0 0 0 0 0 1811072 0 311878 5997 0 1617252 74 0 3 0 0

1778475716.998541 0 node0.mimesys-workload.ldos-ut-pg0.wisc.cloudlab.us
block sda 497182 209272 40134584 286892 2628250 17765122 868825587 12869081 0 2205144 13417822
block sdb 479 0 7540 438 4 0 0 0 0 556 439
cpu 11 167735 0 52174 2812535 6811 0 5
cpu 10 194168 2 47072 2792439 8882 0 4
cpu 13 163233 0 47407 2822145 6489 0 4
cpu 12 166183 0 46494 2820841 6939 0 2
cpu 15 165064 2 45275 2822759 6469 0 3
cpu 14 159028 0 46522 2828438 6453 0 4
cpu 17 150367 0 45414 2837483 6652 0 1
cpu 16 160256 0 43953 2830731 5879 0 1
cpu 19 131058 0 31619 2871778 6200 0 1
cpu 18 177273 5 32022 2825874 5747 0 2
cpu 1 175555 0 35648 2815514 8149 0 746
cpu 0 205850 45 34905 2761425 9923 0 1151
cpu 3 194512 0 51843 2784374 7419 0 596
cpu 2 189082 0 47807 2792226 9220 0 190
cpu 5 194636 0 52370 2785296 7333 0 454
cpu 4 188764 1 52818 2789461 7816 0 112
cpu 7 170276 0 51457 2811172 6437 0 540
cpu 6 193340 0 51684 2787262 7713 0 326
cpu 9 161716 0 51270 2817020 7654 0 376
cpu 8 157032 0 57548 2817532 6030 0 336
mem 1 99033092 97126520 1906572 54436 1229084 144 0 1099644 70500 183612 3864 0 0 174756 0 0 0
mem 0 97636988 62013380 35623608 371924 34200668 164 0 34100532 1594292 475484 8760 0 0 462444 4096 0 0
net lo 0 0 2932288 0 0 0 0 0 0 0 0 0 23894 0 2932288 0 0 0 0 0 0 23894 0
net virbr0 0 732 9961421249 0 0 0 0 0 0 0 0 0 39721515 0 38380641530 0 0 0 0 0 0 23512630 0
net eno1 0 151868 40328252826 0 0 352 0 0 0 0 0 0 30192144 0 1206890963 0 0 0 0 0 0 5952289 0
net vnet35 0 0 619114 0 0 0 0 0 0 0 0 0 3357 0 591059 0 0 0 0 0 0 2749 0
numa 1 101756052 18781169 10118603 29535 101711793 18825411
numa 0 101848505 10118603 18781169 29710 101846872 10119842
ps - 488270173 219454 537 364 246 6 682
sysv_shm - 0 0
tmpfs /run/lock 0 6
tmpfs /run 2080768 1098
tmpfs /run/user/20029 0 20
tmpfs /run/qemu 0 1
tmpfs /dev/shm 37615439872 105371
vfs - 133598 2424 183044
vm - 2 20071028 434412793 252290 1617408 231046435 276875895 75482359 6522712 173984710 54210 0 0 0 0 0 1811072 0 311878 5997 0 1617252 74 0 3 0 0

1778475718.040177 0 node0.mimesys-workload.ldos-ut-pg0.wisc.cloudlab.us
block sda 497182 209272 40134584 286892 2628253 17765122 868825619 12869084 0 2205148 13417824
block sdb 479 0 7540 438 4 0 0 0 0 556 439
cpu 11 167736 0 52176 2812635 6811 0 5
cpu 10 194172 2 47075 2792536 8882 0 4
cpu 13 163234 0 47408 2822247 6489 0 4
cpu 12 166184 0 46497 2820940 6939 0 2
cpu 15 165065 2 45276 2822859 6469 0 3
cpu 14 159029 0 46524 2828539 6453 0 4
cpu 17 150370 0 45415 2837584 6652 0 1
cpu 16 160258 0 43954 2830832 5879 0 1
cpu 19 131060 0 31620 2871880 6200 0 1
cpu 18 177278 5 32024 2825970 5747 0 2
cpu 1 175632 0 35649 2815540 8149 0 746
cpu 0 205922 45 34907 2761452 9923 0 1151
cpu 3 194597 0 51843 2784392 7419 0 596
cpu 2 189155 0 47808 2792252 9220 0 190
cpu 5 194712 0 52371 2785319 7333 0 454
cpu 4 188844 1 52818 2789484 7816 0 112
cpu 7 170278 0 51459 2811272 6437 0 540
cpu 6 193341 0 51684 2787364 7713 0 326
cpu 9 161717 0 51270 2817123 7654 0 376
cpu 8 157032 0 57549 2817635 6030 0 336
mem 1 99033092 97124252 1908840 54444 1230336 120 0 1099644 70592 185240 3972 0 0 174748 0 0 0
mem 0 97636988 62013380 35623608 371916 34200396 164 0 34100580 1594340 475224 8672 0 0 462444 4096 0 0
net lo 0 0 2933455 0 0 0 0 0 0 0 0 0 23902 0 2933455 0 0 0 0 0 0 23902 0
net virbr0 0 732 9961423939 0 0 0 0 0 0 0 0 0 39721528 0 38380645220 0 0 0 0 0 0 23512642 0
net eno1 0 151868 40328259517 0 0 352 0 0 0 0 0 0 30192246 0 1206891475 0 0 0 0 0 0 5952294 0
net vnet35 0 0 621986 0 0 0 0 0 0 0 0 0 3370 0 594749 0 0 0 0 0 0 2761 0
numa 1 101765362 18781169 10118603 29535 101721103 18825411
numa 0 101849088 10118603 18781169 29710 101847455 10119842
ps - 488277973 219534 537 364 246 7 682
sysv_shm - 0 0
tmpfs /run/lock 0 6
tmpfs /run 2080768 1098
tmpfs /run/user/20029 0 20
tmpfs /run/qemu 0 1
tmpfs /dev/shm 37615439872 105371
vfs - 133591 2464 182974
vm - 2 20071028 434412809 252290 1617408 231056328 276885418 75482360 6522712 174000033 54210 0 0 0 0 0 1811072 0 311878 5997 0 1617252 74 0 3 0 0

1778475719.082025 0 node0.mimesys-workload.ldos-ut-pg0.wisc.cloudlab.us
block sda 497182 209272 40134584 286892 2628259 17765136 868825779 12869084 0 2205152 13417825
block sdb 479 0 7540 438 4 0 0 0 0 556 439
cpu 11 167736 0 52178 2812737 6811 0 5
cpu 10 194173 2 47077 2792637 8882 0 4
cpu 13 163236 0 47412 2822345 6489 0 4
cpu 12 166185 0 46500 2821040 6939 0 2
cpu 15 165068 2 45280 2822956 6469 0 3
cpu 14 159033 0 46528 2828636 6453 0 4
cpu 17 150370 0 45417 2837685 6652 0 1
cpu 16 160259 0 43955 2830933 5879 0 1
cpu 19 131060 0 31620 2871982 6200 0 1
cpu 18 177279 5 32027 2826071 5747 0 2
cpu 1 175713 0 35651 2815561 8149 0 746
cpu 0 206002 45 34908 2761472 9923 0 1151
cpu 3 194676 0 51844 2784415 7419 0 596
cpu 2 189236 0 47810 2792272 9220 0 190
cpu 5 194794 0 52372 2785341 7333 0 454
cpu 4 188922 1 52820 2789506 7816 0 112
cpu 7 170280 0 51460 2811374 6437 0 540
cpu 6 193341 0 51684 2787468 7713 0 326
cpu 9 161718 0 51270 2817226 7654 0 376
cpu 8 157032 0 57549 2817739 6030 0 336
mem 1 99033092 97125308 1907784 54444 1228860 144 0 1099648 70148 183840 3896 0 0 174692 0 0 0
mem 0 97636988 62013128 35623860 371916 34200472 184 0 34100644 1594404 475220 8672 0 0 462436 4096 0 0
net lo 0 0 2934012 0 0 0 0 0 0 0 0 0 23906 0 2934012 0 0 0 0 0 0 23906 0
net virbr0 0 732 9961425771 0 0 0 0 0 0 0 0 0 39721540 0 38380646218 0 0 0 0 0 0 23512651 0
net eno1 0 151876 40328265178 0 0 352 0 0 0 0 0 0 30192332 0 1206892942 0 0 0 0 0 0 5952302 0
net vnet35 0 0 623986 0 0 0 0 0 0 0 0 0 3382 0 595799 0 0 0 0 0 0 2771 0
numa 1 101773768 18781169 10118603 29535 101729509 18825411
numa 0 101849532 10118603 18781169 29710 101847899 10119842
ps - 488285941 219612 537 364 246 7 682
sysv_shm - 0 0
tmpfs /run/lock 0 6
tmpfs /run 2080768 1098
tmpfs /run/user/20029 0 20
tmpfs /run/qemu 0 1
tmpfs /dev/shm 37615439872 105371
vfs - 133588 2424 182994
vm - 2 20071028 434412889 252290 1617408 231065179 276894645 75482363 6522712 174013519 54210 0 0 0 0 0 1811072 0 311878 5997 0 1617252 74 0 3 0 0

1778475720.122130 0 node0.mimesys-workload.ldos-ut-pg0.wisc.cloudlab.us
block sda 497182 209272 40134584 286892 2628338 17765136 868826491 12869097 0 2205160 13417838
block sdb 479 0 7540 438 4 0 0 0 0 556 439
cpu 11 167738 0 52182 2812833 6811 0 5
cpu 10 194174 2 47080 2792736 8882 0 4
cpu 13 163236 0 47414 2822446 6489 0 4
cpu 12 166188 0 46502 2821140 6939 0 2
cpu 15 165069 2 45284 2823054 6469 0 3
cpu 14 159034 0 46532 2828735 6453 0 4
cpu 17 150371 0 45418 2837785 6652 0 1
cpu 16 160261 0 43955 2831034 5879 0 1
cpu 19 131060 0 31623 2872084 6200 0 1
cpu 18 177285 5 32029 2826167 5747 0 2
cpu 1 175794 0 35652 2815582 8149 0 746
cpu 0 206073 45 34910 2761498 9923 0 1151
cpu 3 194756 0 51845 2784437 7419 0 596
cpu 2 189316 0 47811 2792295 9220 0 190
cpu 5 194878 0 52374 2785360 7333 0 454
cpu 4 189000 1 52822 2789528 7816 0 112
cpu 7 170283 0 51462 2811473 6437 0 540
cpu 6 193342 0 51684 2787570 7713 0 326
cpu 9 161718 0 51270 2817330 7654 0 376
cpu 8 157032 0 57549 2817842 6030 0 336
mem 1 99033092 97126056 1907036 54444 1230380 40 12 1099648 70840 185256 3916 0 0 174708 0 0 0
mem 0 97636988 62013972 35623016 371916 34200476 24 0 34100652 1594404 475216 8672 0 0 462424 4096 0 0
net lo 0 0 2935179 0 0 0 0 0 0 0 0 0 23914 0 2935179 0 0 0 0 0 0 23914 0
net virbr0 0 732 9961428513 0 0 0 0 0 0 0 0 0 39721554 0 38380649908 0 0 0 0 0 0 23512663 0
net eno1 0 151876 40328273093 0 0 352 0 0 0 0 0 0 30192449 0 1206894366 0 0 0 0 0 0 5952309 0
net vnet35 0 0 626924 0 0 0 0 0 0 0 0 0 3396 0 599489 0 0 0 0 0 0 2783 0
numa 1 101783042 18781169 10118603 29535 101738783 18825411
numa 0 101850074 10118603 18781169 29710 101848441 10119842
ps - 488293820 219691 534 366 247 7 682
sysv_shm - 0 0
tmpfs /run/lock 0 6
tmpfs /run 2080768 1098
tmpfs /run/user/20029 0 20
tmpfs /run/qemu 0 1
tmpfs /dev/shm 37615439872 105371
vfs - 133600 2464 183046
vm - 2 20071028 434413245 252290 1617408 231074994 276904097 75482365 6522712 174028807 54210 0 0 0 0 0 1811072 0 311878 5997 0 1617252 74 0 3 0 0

1778475721.161763 0 node0.mimesys-workload.ldos-ut-pg0.wisc.cloudlab.us
block sda 497182 209272 40134584 286892 2628338 17765136 868826491 12869097 0 2205160 13417838
block sdb 479 0 7540 438 4 0 0 0 0 556 439
cpu 11 167739 0 52184 2812934 6811 0 5
cpu 10 194175 2 47082 2792837 8882 0 4
cpu 13 163238 0 47419 2822544 6489 0 4
cpu 12 166189 0 46504 2821241 6939 0 2
cpu 15 165071 2 45287 2823153 6469 0 3
cpu 14 159036 0 46535 2828836 6453 0 4
cpu 17 150371 0 45420 2837887 6652 0 1
cpu 16 160262 0 43958 2831135 5879 0 1
cpu 19 131062 0 31625 2872184 6200 0 1
cpu 18 177286 5 32031 2826268 5747 0 2
cpu 1 175865 0 35653 2815612 8149 0 746
cpu 0 206149 45 34912 2761523 9923 0 1151
cpu 3 194832 0 51845 2784461 7419 0 596
cpu 2 189400 0 47812 2792312 9220 0 190
cpu 5 194947 0 52376 2785389 7333 0 454
cpu 4 189075 1 52822 2789553 7816 0 112
cpu 7 170283 0 51462 2811576 6437 0 540
cpu 6 193342 0 51684 2787673 7713 0 326
cpu 9 161718 0 51270 2817433 7654 0 376
cpu 8 157032 0 57549 2817946 6030 0 336
mem 1 99033092 97127576 1905516 54448 1229404 132 0 1099652 70148 184744 3892 0 0 174692 0 0 0
mem 0 97636988 62014476 35622512 371916 34200032 136 0 34100652 1594404 474784 8676 0 0 462424 4096 0 0
net lo 0 0 2935736 0 0 0 0 0 0 0 0 0 23918 0 2935736 0 0 0 0 0 0 23918 0
net virbr0 0 732 9961430293 0 0 0 0 0 0 0 0 0 39721565 0 38380650906 0 0 0 0 0 0 23512672 0
net eno1 0 151886 40328279150 0 0 352 0 0 0 0 0 0 30192542 0 1206895871 0 0 0 0 0 0 5952318 0
net vnet35 0 0 628858 0 0 0 0 0 0 0 0 0 3407 0 600539 0 0 0 0 0 0 2793 0
numa 1 101791176 18781169 10118603 29535 101746917 18825411
numa 0 101850194 10118603 18781169 29710 101848561 10119842
ps - 488301829 219768 534 366 247 7 685
sysv_shm - 0 0
tmpfs /run/lock 0 6
tmpfs /run 2080768 1098
tmpfs /run/user/20029 0 20
tmpfs /run/qemu 0 1
tmpfs /dev/shm 37615439872 105371
vfs - 133603 2464 183078
vm - 2 20071028 434413245 252290 1617408 231083249 276912692 75482369 6522712 174041560 54210 0 0 0 0 0 1811072 0 311878 5997 0 1617252 74 0 3 0 0

1778475722.201556 0 node0.mimesys-workload.ldos-ut-pg0.wisc.cloudlab.us
block sda 497182 209272 40134584 286892 2628721 17765158 868832195 12869129 0 2205200 13417870
block sdb 479 0 7540 438 4 0 0 0 0 556 439
cpu 11 167741 0 52188 2813032 6811 0 5
cpu 10 194177 2 47085 2792935 8882 0 4
cpu 13 163240 0 47421 2822644 6489 0 4
cpu 12 166196 0 46506 2821337 6939 0 2
cpu 15 165071 2 45291 2823252 6469 0 3
cpu 14 159038 0 46537 2828934 6453 0 4
cpu 17 150372 0 45420 2837989 6652 0 1
cpu 16 160263 0 43962 2831235 5879 0 1
cpu 19 131062 0 31628 2872285 6200 0 1
cpu 18 177286 5 32032 2826370 5747 0 2
cpu 1 175944 0 35654 2815635 8150 0 746
cpu 0 206235 45 34913 2761539 9923 0 1151
cpu 3 194905 0 51850 2784486 7419 0 596
cpu 2 189486 0 47813 2792330 9221 0 190
cpu 5 195026 0 52377 2785413 7333 0 454
cpu 4 189156 1 52823 2789575 7816 0 112
cpu 7 170284 0 51464 2811678 6437 0 540
cpu 6 193342 0 51684 2787776 7713 0 326
cpu 9 161718 0 51270 2817537 7654 0 376
cpu 8 157032 0 57549 2818049 6030 0 336
mem 1 99033092 97126328 1906764 54448 1228980 148 0 1099652 70148 183856 3888 0 0 174772 0 0 0
mem 0 97636988 62014784 35622204 371916 34200476 172 0 34100652 1594404 475228 8676 0 0 462424 4096 0 0
net lo 0 0 2936903 0 0 0 0 0 0 0 0 0 23926 0 2936903 0 0 0 0 0 0 23926 0
net virbr0 0 732 9961434971 0 0 0 0 0 0 0 0 0 39721593 0 38380655594 0 0 0 0 0 0 23512693 0
net eno1 0 151886 40328286159 0 0 352 0 0 0 0 0 0 30192649 0 1206896643 0 0 0 0 0 0 5952323 0
net vnet35 0 0 633928 0 0 0 0 0 0 0 0 0 3435 0 605227 0 0 0 0 0 0 2814 0
numa 1 101800715 18781169 10118603 29535 101756456 18825411
numa 0 101850974 10118603 18781169 29710 101849341 10119842
ps - 488311272 219852 534 366 247 6 689
sysv_shm - 0 0
tmpfs /run/lock 0 6
tmpfs /run 2080768 1098
tmpfs /run/user/20029 0 20
tmpfs /run/qemu 0 1
tmpfs /dev/shm 37615439872 105371
vfs - 133592 2464 182990
vm - 2 20071028 434416097 252290 1617408 231093567 276923008 75482373 6522712 174057019 54210 0 0 0 0 0 1811072 0 311878 5997 0 1617252 74 0 3 0 0

1778475723.242882 0 node0.mimesys-workload.ldos-ut-pg0.wisc.cloudlab.us
block sda 497182 209272 40134584 286892 2628729 17765158 868832259 12869134 0 2205204 13417875
block sdb 479 0 7540 438 4 0 0 0 0 556 439
cpu 11 167747 0 52191 2813127 6811 0 5
cpu 10 194178 2 47087 2793035 8882 0 4
cpu 13 163243 0 47425 2822743 6489 0 4
cpu 12 166196 0 46507 2821438 6939 0 2
cpu 15 165074 2 45296 2823350 6469 0 3
cpu 14 159040 0 46540 2829034 6453 0 4
cpu 17 150372 0 45423 2838089 6652 0 1
cpu 16 160267 0 43964 2831333 5879 0 1
cpu 19 131063 0 31628 2872388 6200 0 1
cpu 18 177288 5 32033 2826471 5747 0 2
cpu 1 176020 0 35656 2815661 8150 0 746
cpu 0 206310 45 34914 2761562 9923 0 1151
cpu 3 194991 0 51851 2784503 7419 0 596
cpu 2 189565 0 47815 2792354 9221 0 190
cpu 5 195108 0 52378 2785432 7333 0 454
cpu 4 189232 1 52824 2789601 7816 0 112
cpu 7 170287 0 51464 2811778 6437 0 540
cpu 6 193342 0 51684 2787879 7713 0 326
cpu 9 161718 0 51270 2817641 7654 0 376
cpu 8 157033 0 57549 2818152 6030 0 336
mem 1 99033092 97127588 1905504 54456 1230472 140 0 1099656 70944 185432 3944 0 0 174720 0 0 0
mem 0 97636988 62015224 35621764 371916 34200540 168 0 34100652 1594404 475280 8624 0 0 462392 4096 0 0
net lo 0 0 2938070 0 0 0 0 0 0 0 0 0 23934 0 2938070 0 0 0 0 0 0 23934 0
net virbr0 0 732 9961437713 0 0 0 0 0 0 0 0 0 39721607 0 38380659284 0 0 0 0 0 0 23512705 0
net eno1 0 151899 40328293102 0 0 352 0 0 0 0 0 0 30192755 0 1206898109 0 0 0 0 0 0 5952331 0
net vnet35 0 0 636866 0 0 0 0 0 0 0 0 0 3449 0 608969 0 0 0 0 0 0 2827 0
numa 1 101810176 18781169 10118603 29535 101765917 18825411
numa 0 101851704 10118603 18781169 29710 101850071 10119842
ps - 488318950 219935 534 366 247 8 689
sysv_shm - 0 0
tmpfs /run/lock 0 6
tmpfs /run 2080768 1098
tmpfs /run/user/20029 0 20
tmpfs /run/qemu 0 1
tmpfs /dev/shm 37615439872 105371
vfs - 133603 2504 183081
vm - 2 20071028 434416129 252290 1617408 231103780 276932878 75482377 6522712 174072844 54210 0 0 0 0 0 1811072 0 311878 5997 0 1617252 74 0 3 0 0

1778475724.282132 0 node0.mimesys-workload.ldos-ut-pg0.wisc.cloudlab.us
block sda 497182 209272 40134584 286892 2628734 17765172 868832411 12869135 0 2205208 13417876
block sdb 479 0 7540 438 4 0 0 0 0 556 439
cpu 11 167748 0 52194 2813228 6811 0 5
cpu 10 194180 2 47091 2793133 8882 0 4
cpu 13 163244 0 47428 2822842 6489 0 4
cpu 12 166198 0 46509 2821540 6939 0 2
cpu 15 165075 2 45299 2823448 6469 0 3
cpu 14 159041 0 46542 2829135 6453 0 4
cpu 17 150374 0 45424 2838190 6652 0 1
cpu 16 160268 0 43967 2831432 5879 0 1
cpu 19 131065 0 31628 2872490 6200 0 1
cpu 18 177288 5 32036 2826570 5747 0 2
cpu 1 176088 0 35657 2815694 8150 0 746
cpu 0 206367 45 34915 2761608 9923 0 1151
cpu 3 195044 0 51852 2784546 7419 0 596
cpu 2 189623 0 47816 2792398 9221 0 190
cpu 5 195173 0 52378 2785471 7333 0 454
cpu 4 189289 1 52824 2789648 7816 0 112
cpu 7 170287 0 51465 2811882 6437 0 540
cpu 6 193342 0 51684 2787982 7713 0 326
cpu 9 161718 0 51271 2817744 7654 0 376
cpu 8 157034 0 57549 2818255 6030 0 336
mem 1 99033092 97129856 1903236 54452 1229820 160 0 1099656 70592 184728 3884 0 0 174784 0 0 0
mem 0 97636988 62015728 35621260 371924 34200120 184 0 34100688 1594436 474792 8676 0 0 462392 4096 0 0
net lo 0 0 2938627 0 0 0 0 0 0 0 0 0 23938 0 2938627 0 0 0 0 0 0 23938 0
net virbr0 0 732 9961439493 0 0 0 0 0 0 0 0 0 39721618 0 38380660282 0 0 0 0 0 0 23512714 0
net eno1 0 151899 40328300419 0 0 352 0 0 0 0 0 0 30192869 0 1206899490 0 0 0 0 0 0 5952338 0
net vnet35 0 0 638800 0 0 0 0 0 0 0 0 0 3460 0 609967 0 0 0 0 0 0 2836 0
numa 1 101818527 18781169 10118603 29535 101774268 18825411
numa 0 101852019 10118603 18781169 29710 101850386 10119842
ps - 488326766 220012 507 364 247 2 689
sysv_shm - 0 0
tmpfs /run/lock 0 6
tmpfs /run 2080768 1098
tmpfs /run/user/20029 0 20
tmpfs /run/qemu 0 1
tmpfs /dev/shm 37615439872 105371
vfs - 133602 2424 183094
vm - 2 20071028 434416205 252290 1617408 231112424 276941852 75482379 6522712 174086159 54210 0 0 0 0 0 1811072 0 311878 5997 0 1617252 74 0 3 0 0

1778475725.324111 0 node0.mimesys-workload.ldos-ut-pg0.wisc.cloudlab.us
block sda 497182 209272 40134584 286892 2628816 17765172 868833147 12869148 0 2205212 13417889
block sdb 479 0 7540 438 4 0 0 0 0 556 439
cpu 11 167748 0 52195 2813330 6811 0 5
cpu 10 194180 2 47093 2793234 8882 0 4
cpu 13 163246 0 47430 2822941 6489 0 4
cpu 12 166200 0 46513 2821637 6939 0 2
cpu 15 165077 2 45300 2823550 6469 0 3
cpu 14 159043 0 46545 2829235 6453 0 4
cpu 17 150374 0 45425 2838291 6652 0 1
cpu 16 160274 0 43972 2831525 5879 0 1
cpu 19 131065 0 31631 2872591 6200 0 1
cpu 18 177290 5 32038 2826671 5747 0 2
cpu 1 176164 0 35659 2815719 8150 0 746
cpu 0 206441 45 34917 2761632 9923 0 1151
cpu 3 195132 0 51852 2784561 7419 0 596
cpu 2 189701 0 47816 2792424 9221 0 190
cpu 5 195252 0 52380 2785494 7333 0 454
cpu 4 189368 1 52824 2789671 7816 0 112
cpu 7 170288 0 51466 2811984 6437 0 540
cpu 6 193343 0 51684 2788085 7713 0 327
cpu 9 161718 0 51271 2817847 7654 0 376
cpu 8 157034 0 57550 2818359 6030 0 336
mem 1 99033092 97130148 1902944 54456 1228772 40 0 1099660 70396 183676 3860 0 0 174800 0 0 0
mem 0 97636988 62014720 35622268 371936 34200764 32 0 34100696 1594436 475484 8724 0 0 462392 4096 0 0
net lo 0 0 2939794 0 0 0 0 0 0 0 0 0 23946 0 2939794 0 0 0 0 0 0 23946 0
net virbr0 0 732 9961444171 0 0 0 0 0 0 0 0 0 39721646 0 38380664970 0 0 0 0 0 0 23512735 0
net eno1 0 151908 40328307002 0 0 352 0 0 0 0 0 0 30192969 0 1206900002 0 0 0 0 0 0 5952343 0
net vnet35 0 0 643870 0 0 0 0 0 0 0 0 0 3488 0 614707 0 0 0 0 0 0 2858 0
numa 1 101827913 18781169 10118603 29535 101783654 18825411
numa 0 101852671 10118603 18781169 29710 101851038 10119842
ps - 488332723 220093 507 364 247 6 689
sysv_shm - 0 0
tmpfs /run/lock 0 6
tmpfs /run 2080768 1098
tmpfs /run/user/20029 0 20
tmpfs /run/qemu 0 1
tmpfs /dev/shm 37615439872 105371
vfs - 133592 2464 183014
vm - 2 20071028 434416573 252290 1617408 231122469 276951924 75482384 6522712 174101851 54210 0 0 0 0 0 1811072 0 311878 5997 0 1617252 74 0 3 0 0

1778475726.361471 0 node0.mimesys-workload.ldos-ut-pg0.wisc.cloudlab.us
block sda 497182 209272 40134584 286892 2628817 17765172 868833155 12869149 0 2205216 13417890
block sdb 479 0 7540 438 4 0 0 0 0 556 439
cpu 11 167750 0 52198 2813429 6811 0 5
cpu 10 194181 2 47095 2793335 8882 0 4
cpu 13 163246 0 47432 2823042 6489 0 4
cpu 12 166203 0 46515 2821737 6939 0 2
cpu 15 165081 2 45304 2823647 6469 0 3
cpu 14 159044 0 46549 2829334 6453 0 4
cpu 17 150376 0 45428 2838388 6652 0 1
cpu 16 160275 0 43973 2831626 5879 0 1
cpu 19 131067 0 31632 2872692 6200 0 1
cpu 18 177290 5 32040 2826773 5747 0 2
cpu 1 176238 0 35660 2815745 8150 0 746
cpu 0 206518 45 34917 2761655 9923 0 1151
cpu 3 195206 0 51853 2784585 7419 0 596
cpu 2 189774 0 47818 2792448 9221 0 190
cpu 5 195324 0 52381 2785522 7333 0 454
cpu 4 189448 1 52826 2789695 7816 0 112
cpu 7 170291 0 51466 2812084 6437 0 540
cpu 6 193344 0 51684 2788188 7713 0 327
cpu 9 161718 0 51271 2817950 7654 0 376
cpu 8 157034 0 57550 2818462 6030 0 336
mem 1 99033092 97130912 1902180 54456 1230492 116 0 1099660 71036 185440 3964 0 0 174736 0 0 0
mem 0 97636988 62014216 35622772 371932 34201028 144 0 34100780 1594964 476124 8676 0 0 462392 4096 0 0
net lo 0 0 2940961 0 0 0 0 0 0 0 0 0 23954 0 2940961 0 0 0 0 0 0 23954 0
net virbr0 0 732 9961444171 0 0 0 0 0 0 0 0 0 39721646 0 38380664970 0 0 0 0 0 0 23512735 0
net eno1 0 151918 40328312799 0 0 352 0 0 0 0 0 0 30193056 0 1206901474 0 0 0 0 0 0 5952350 0
net vnet35 0 0 643870 0 0 0 0 0 0 0 0 0 3488 0 614707 0 0 0 0 0 0 2858 0
numa 1 101837003 18781169 10118603 29535 101792744 18825411
numa 0 101853177 10118603 18781169 29710 101851544 10119842
ps - 488340849 220175 507 364 247 7 693
sysv_shm - 0 0
tmpfs /run/lock 0 6
tmpfs /run 2080768 1098
tmpfs /run/user/20029 0 20
tmpfs /run/qemu 0 1
tmpfs /dev/shm 37615439872 105371
vfs - 133609 2504 183090
vm - 2 20071028 434416577 252290 1617408 231132115 276960605 75482384 6522712 174116741 54210 0 0 0 0 0 1811072 0 311878 5997 0 1617252 74 0 3 0 0

1778475727.403172 0 node0.mimesys-workload.ldos-ut-pg0.wisc.cloudlab.us
block sda 497182 209272 40134584 286892 2628826 17765174 868833571 12869150 0 2205224 13417891
block sdb 479 0 7540 438 4 0 0 0 0 556 439
cpu 11 167752 0 52202 2813528 6811 0 5
cpu 10 194188 2 47097 2793431 8882 0 4
cpu 13 163248 0 47434 2823142 6489 0 4
cpu 12 166203 0 46517 2821837 6939 0 2
cpu 15 165082 2 45307 2823745 6469 0 3
cpu 14 159045 0 46553 2829434 6453 0 4
cpu 17 150378 0 45430 2838488 6652 0 1
cpu 16 160276 0 43974 2831727 5879 0 1
cpu 19 131068 0 31634 2872793 6200 0 1
cpu 18 177290 5 32043 2826875 5747 0 2
cpu 1 176317 0 35661 2815768 8150 0 746
cpu 0 206592 45 34918 2761684 9923 0 1151
cpu 3 195290 0 51854 2784605 7419 0 596
cpu 2 189856 0 47819 2792466 9221 0 190
cpu 5 195406 0 52382 2785544 7333 0 454
cpu 4 189525 1 52826 2789722 7816 0 112
cpu 7 170291 0 51467 2812187 6437 0 540
cpu 6 193344 0 51684 2788291 7713 0 327
cpu 9 161719 0 51271 2818053 7654 0 376
cpu 8 157035 0 57550 2818564 6030 0 336
mem 1 99033092 97132436 1900656 54452 1228568 132 0 1099660 70148 183416 3612 0 0 174728 0 0 0
mem 0 97636988 62014472 35622516 371932 34200644 176 0 34100780 1594524 475304 8676 0 0 462392 4096 0 0
net lo 0 0 2941518 0 0 0 0 0 0 0 0 0 23958 0 2941518 0 0 0 0 0 0 23958 0
net virbr0 0 732 9961448641 0 0 0 0 0 0 0 0 0 39721670 0 38380669658 0 0 0 0 0 0 23512756 0
net eno1 0 151918 40328318442 0 0 352 0 0 0 0 0 0 30193142 0 1206902831 0 0 0 0 0 0 5952357 0
net vnet35 0 0 648676 0 0 0 0 0 0 0 0 0 3512 0 619447 0 0 0 0 0 0 2880 0
numa 1 101845846 18781169 10118603 29535 101801587 18825411
numa 0 101853641 10118603 18781169 29710 101852008 10119842
ps - 488348908 220254 507 364 247 8 689
sysv_shm - 0 0
tmpfs /run/lock 0 6
tmpfs /run 2080768 1098
tmpfs /run/user/20029 0 20
tmpfs /run/qemu 0 1
tmpfs /dev/shm 37615439872 105371
vfs - 133601 2424 183079
vm - 2 20071028 434416785 252290 1617408 231141383 276970791 75482388 6522712 174131141 54210 0 0 0 0 0 1811072 0 311878 5997 0 1617252 74 0 3 0 0

1778475728.444826 0 node0.mimesys-workload.ldos-ut-pg0.wisc.cloudlab.us
block sda 497182 209272 40134584 286892 2628833 17765175 868833635 12869155 0 2205228 13417897
block sdb 479 0 7540 438 4 0 0 0 0 556 439
cpu 11 167753 0 52206 2813627 6811 0 5
cpu 10 194194 2 47100 2793525 8882 0 4
cpu 13 163250 0 47437 2823241 6489 0 4
cpu 12 166204 0 46521 2821937 6939 0 2
cpu 15 165084 2 45309 2823847 6469 0 3
cpu 14 159046 0 46556 2829534 6453 0 4
cpu 17 150379 0 45432 2838589 6652 0 1
cpu 16 160276 0 43976 2831827 5879 0 1
cpu 19 131068 0 31638 2872894 6200 0 1
cpu 18 177290 5 32046 2826975 5747 0 2
cpu 1 176395 0 35661 2815790 8150 0 746
cpu 0 206670 45 34918 2761709 9923 0 1151
cpu 3 195371 0 51855 2784627 7419 0 596
cpu 2 189941 0 47820 2792483 9221 0 190
cpu 5 195484 0 52384 2785568 7333 0 454
cpu 4 189603 1 52826 2789746 7816 0 112
cpu 7 170292 0 51468 2812289 6437 0 540
cpu 6 193345 0 51684 2788394 7713 0 327
cpu 9 161719 0 51272 2818155 7654 0 376
cpu 8 157036 0 57550 2818668 6030 0 336
mem 1 99033092 97132688 1900404 54452 1230620 156 0 1099668 70848 185480 3660 0 0 174768 0 0 0
mem 0 97636988 62014976 35622012 371932 34201008 204 0 34100796 1594600 475648 8608 0 0 462392 4096 0 0
net lo 0 0 2942685 0 0 0 0 0 0 0 0 0 23966 0 2942685 0 0 0 0 0 0 23966 0
net virbr0 0 733 9961451595 0 0 0 0 0 0 0 0 0 39721688 0 38380673348 0 0 0 0 0 0 23512768 0
net eno1 0 151928 40328324293 0 0 352 0 0 0 0 0 0 30193230 0 1206903343 0 0 0 0 0 0 5952362 0
net vnet35 0 0 651882 0 0 0 0 0 0 0 0 0 3530 0 623137 0 0 0 0 0 0 2892 0
numa 1 101855430 18781169 10118603 29535 101811171 18825411
numa 0 101854328 10118603 18781169 29710 101852695 10119842
ps - 488356705 220338 507 364 247 8 689
sysv_shm - 0 0
tmpfs /run/lock 0 6
tmpfs /run 2080768 1098
tmpfs /run/user/20029 0 20
tmpfs /run/qemu 0 1
tmpfs /dev/shm 37615439872 105371
vfs - 133595 2544 183017
vm - 2 20071028 434416817 252290 1617408 231151648 276980666 75482389 6522712 174147134 54210 0 0 0 0 0 1811072 0 311878 5997 0 1617252 74 0 3 0 0

1778475729.482776 0 node0.mimesys-workload.ldos-ut-pg0.wisc.cloudlab.us
block sda 497182 209272 40134584 286892 2628838 17765186 868833763 12869156 0 2205232 13417898
block sdb 479 0 7540 438 4 0 0 0 0 556 439
cpu 11 167754 0 52207 2813728 6811 0 5
cpu 10 194195 2 47103 2793625 8882 0 4
cpu 13 163251 0 47440 2823341 6489 0 4
cpu 12 166208 0 46524 2822034 6939 0 2
cpu 15 165087 2 45313 2823944 6469 0 3
cpu 14 159047 0 46560 2829633 6453 0 4
cpu 17 150380 0 45435 2838690 6652 0 1
cpu 16 160278 0 43980 2831926 5879 0 1
cpu 19 131068 0 31638 2872996 6200 0 1
cpu 18 177292 5 32048 2827075 5747 0 2
cpu 1 176472 0 35662 2815814 8150 0 747
cpu 0 206745 45 34920 2761738 9923 0 1151
cpu 3 195452 0 51856 2784646 7419 0 596
cpu 2 190019 0 47820 2792504 9221 0 190
cpu 5 195562 0 52385 2785591 7333 0 454
cpu 4 189678 1 52827 2789773 7816 0 112
cpu 7 170293 0 51468 2812391 6437 0 540
cpu 6 193345 0 51684 2788497 7713 0 327
cpu 9 161719 0 51272 2818259 7654 0 376
cpu 8 157036 0 57550 2818771 6030 0 336
mem 1 99033092 97133704 1899388 54460 1229624 148 0 1099668 70148 184568 4088 0 0 174784 0 0 0
mem 0 97636988 62015132 35621856 371936 34200312 212 0 34100804 1594600 474872 8700 0 0 462396 4096 0 0
net lo 0 0 2943242 0 0 0 0 0 0 0 0 0 23970 0 2943242 0 0 0 0 0 0 23970 0
net virbr0 0 733 9961453375 0 0 0 0 0 0 0 0 0 39721699 0 38380674346 0 0 0 0 0 0 23512777 0
net eno1 0 151928 40328330296 0 0 352 0 0 0 0 0 0 30193322 0 1206904596 0 0 0 0 0 0 5952367 0
net vnet35 0 0 653816 0 0 0 0 0 0 0 0 0 3541 0 624187 0 0 0 0 0 0 2902 0
numa 1 101864151 18781169 10118603 29535 101819892 18825411
numa 0 101854538 10118603 18781169 29710 101852905 10119842
ps - 488365043 220417 514 367 249 4 689
sysv_shm - 0 0
tmpfs /run/lock 0 6
tmpfs /run 2080768 1098
tmpfs /run/user/20029 0 20
tmpfs /run/qemu 0 1
tmpfs /dev/shm 37615439872 105371
vfs - 133599 2544 183077
vm - 2 20071028 434416881 252290 1617408 231160567 276989967 75482392 6522712 174160767 54210 0 0 0 0 0 1811072 0 311878 5997 0 1617252 74 0 3 0 0

1778475730.520937 0 node0.mimesys-workload.ldos-ut-pg0.wisc.cloudlab.us
block sda 497182 209272 40134584 286892 2628921 17765186 868834491 12869171 0 2205236 13417913
block sdb 479 0 7540 438 4 0 0 0 0 556 439
cpu 11 167756 0 52209 2813829 6811 0 5
cpu 10 194201 2 47105 2793720 8882 0 4
cpu 13 163252 0 47444 2823440 6489 0 4
cpu 12 166210 0 46526 2822134 6939 0 2
cpu 15 165091 2 45318 2824039 6469 0 3
cpu 14 159049 0 46562 2829733 6453 0 4
cpu 17 150382 0 45437 2838788 6652 0 1
cpu 16 160280 0 43982 2832026 5879 0 1
cpu 19 131069 0 31640 2873097 6200 0 1
cpu 18 177293 5 32049 2827176 5747 0 2
cpu 1 176548 0 35664 2815835 8150 0 747
cpu 0 206825 45 34922 2761758 9923 0 1151
cpu 3 195529 0 51857 2784670 7419 0 596
cpu 2 190103 0 47821 2792522 9221 0 190
cpu 5 195642 0 52386 2785613 7333 0 454
cpu 4 189765 1 52828 2789792 7816 0 112
cpu 7 170294 0 51469 2812492 6437 0 540
cpu 6 193346 0 51684 2788599 7713 0 327
cpu 9 161719 0 51272 2818362 7654 0 376
cpu 8 157036 0 57551 2818874 6030 0 336
mem 1 99033092 97133720 1899372 54468 1229224 36 0 1099672 70148 184168 3892 0 0 174760 0 0 0
mem 0 97636988 62014628 35622360 371940 34200280 20 0 34100804 1594600 474888 8676 0 0 462388 4096 0 0
net lo 0 0 2944409 0 0 0 0 0 0 0 0 0 23978 0 2944409 0 0 0 0 0 0 23978 0
net virbr0 0 733 9961458053 0 0 0 0 0 0 0 0 0 39721727 0 38380679034 0 0 0 0 0 0 23512798 0
net eno1 0 151940 40328336087 0 0 352 0 0 0 0 0 0 30193409 0 1206906118 0 0 0 0 0 0 5952375 0
net vnet35 0 0 658886 0 0 0 0 0 0 0 0 0 3569 0 628927 0 0 0 0 0 0 2924 0
numa 1 101873702 18781169 10118603 29535 101829443 18825411
numa 0 101854908 10118603 18781169 29710 101853275 10119842
ps - 488372867 220497 514 367 249 6 689
sysv_shm - 0 0
tmpfs /run/lock 0 6
tmpfs /run 2080768 1098
tmpfs /run/user/20029 0 20
tmpfs /run/qemu 0 1
tmpfs /dev/shm 37615439872 105371
vfs - 133599 2424 183070
vm - 2 20071028 434417245 252290 1617408 231170488 276999887 75482394 6522712 174176263 54210 0 0 0 0 0 1811072 0 311878 5997 0 1617252 74 0 3 0 0

1778475731.561543 0 node0.mimesys-workload.ldos-ut-pg0.wisc.cloudlab.us
block sda 497182 209272 40134584 286892 2628926 17765186 868834603 12869172 0 2205240 13417914
block sdb 479 0 7540 438 4 0 0 0 0 556 439
cpu 11 167758 0 52212 2813926 6811 0 5
cpu 10 194202 2 47109 2793819 8882 0 4
cpu 13 163254 0 47446 2823541 6489 0 4
cpu 12 166212 0 46529 2822235 6939 0 2
cpu 15 165091 2 45319 2824140 6469 0 3
cpu 14 159051 0 46564 2829833 6453 0 4
cpu 17 150383 0 45440 2838888 6652 0 1
cpu 16 160281 0 43984 2832127 5879 0 1
cpu 19 131075 0 31642 2873193 6200 0 1
cpu 18 177294 5 32050 2827278 5747 0 2
cpu 1 176633 0 35665 2815854 8150 0 747
cpu 0 206899 45 34924 2761782 9923 0 1151
cpu 3 195610 0 51859 2784692 7419 0 596
cpu 2 190173 0 47822 2792556 9221 0 190
cpu 5 195721 0 52387 2785636 7333 0 454
cpu 4 189845 1 52829 2789815 7816 0 112
cpu 7 170295 0 51470 2812594 6437 0 540
cpu 6 193346 0 51684 2788702 7713 0 327
cpu 9 161720 0 51272 2818466 7654 0 376
cpu 8 157038 0 57551 2818976 6030 0 336
mem 1 99033092 97132020 1901072 54460 1230384 124 0 1099672 70624 185388 4032 0 0 174776 0 0 0
mem 0 97636988 62014380 35622608 371940 34200656 160 0 34100804 1594600 475244 8624 0 0 462388 4096 0 0
net lo 0 0 2945576 0 0 0 0 0 0 0 0 0 23986 0 2945576 0 0 0 0 0 0 23986 0
net virbr0 0 733 9961460899 0 0 0 0 0 0 0 0 0 39721743 0 38380682724 0 0 0 0 0 0 23512810 0
net eno1 0 151940 40328341764 0 0 352 0 0 0 0 0 0 30193494 0 1206906630 0 0 0 0 0 0 5952380 0
net vnet35 0 0 661956 0 0 0 0 0 0 0 0 0 3585 0 632617 0 0 0 0 0 0 2936 0
numa 1 101882619 18781169 10118603 29535 101838360 18825411
numa 0 101855746 10118603 18781169 29710 101854113 10119842
ps - 488381107 220576 514 367 249 3 686
sysv_shm - 0 0
tmpfs /run/lock 0 6
tmpfs /run 2080768 1098
tmpfs /run/user/20029 0 20
tmpfs /run/qemu 0 1
tmpfs /dev/shm 37615439872 105371
vfs - 133591 2544 182998
vm - 2 20071028 434417301 252290 1617408 231180243 277009289 75482396 6522712 174191490 54210 0 0 0 0 0 1811072 0 311878 5997 0 1617252 74 0 3 0 0

1778475732.602989 0 node0.mimesys-workload.ldos-ut-pg0.wisc.cloudlab.us
block sda 497182 209272 40134584 286892 2628928 17765186 868834619 12869172 0 2205244 13417914
block sdb 479 0 7540 438 4 0 0 0 0 556 439
cpu 11 167760 0 52215 2814027 6811 0 5
cpu 10 194202 2 47110 2793921 8882 0 4
cpu 13 163254 0 47446 2823643 6489 0 4
cpu 12 166213 0 46531 2822337 6939 0 2
cpu 15 165095 2 45322 2824237 6469 0 3
cpu 14 159052 0 46567 2829934 6453 0 4
cpu 17 150384 0 45441 2838989 6652 0 1
cpu 16 160282 0 43987 2832227 5879 0 1
cpu 19 131076 0 31643 2873293 6200 0 1
cpu 18 177294 5 32053 2827379 5747 0 2
cpu 1 176698 0 35668 2815885 8150 0 747
cpu 0 206977 45 34924 2761808 9923 0 1151
cpu 3 195680 0 51859 2784722 7419 0 596
cpu 2 190243 0 47824 2792586 9221 0 190
cpu 5 195788 0 52389 2785669 7333 0 454
cpu 4 189921 1 52829 2789842 7816 0 112
cpu 7 170295 0 51470 2812698 6437 0 540
cpu 6 193346 0 51684 2788805 7713 0 327
cpu 9 161722 0 51273 2818567 7654 0 376
cpu 8 157038 0 57552 2819079 6030 0 336
mem 1 99033092 97132620 1900472 54472 1229616 140 0 1099676 70088 184456 4116 0 0 174808 0 0 0
mem 0 97636988 62014884 35622104 371940 34200744 172 0 34100844 1594636 475292 8608 0 0 462388 4096 0 0
net lo 0 0 2946133 0 0 0 0 0 0 0 0 0 23990 0 2946133 0 0 0 0 0 0 23990 0
net virbr0 0 733 9961462731 0 0 0 0 0 0 0 0 0 39721755 0 38380683722 0 0 0 0 0 0 23512819 0
net eno1 0 151948 40328347893 0 0 352 0 0 0 0 0 0 30193588 0 1206907929 0 0 0 0 0 0 5952386 0
net vnet35 0 0 663956 0 0 0 0 0 0 0 0 0 3597 0 633667 0 0 0 0 0 0 2946 0
numa 1 101890187 18781169 10118603 29535 101845928 18825411
numa 0 101856443 10118603 18781169 29710 101854810 10119842
ps - 488387677 220650 514 367 249 6 686
sysv_shm - 0 0
tmpfs /run/lock 0 6
tmpfs /run 2080768 1098
tmpfs /run/user/20029 0 20
tmpfs /run/qemu 0 1
tmpfs /dev/shm 37615439872 105371
vfs - 133595 2544 183044
vm - 2 20071028 434417309 252290 1617408 231188508 277017899 75482398 6522712 174204276 54210 0 0 0 0 0 1811072 0 311878 5997 0 1617252 74 0 3 0 0

1778475733.643133 0 node0.mimesys-workload.ldos-ut-pg0.wisc.cloudlab.us
block sda 497182 209272 40134584 286892 2628928 17765186 868834619 12869172 0 2205244 13417914
block sdb 479 0 7540 438 4 0 0 0 0 556 439
cpu 11 167763 0 52220 2814122 6811 0 5
cpu 10 194204 2 47112 2794021 8882 0 4
cpu 13 163256 0 47448 2823744 6489 0 4
cpu 12 166214 0 46534 2822438 6939 0 2
cpu 15 165096 2 45327 2824336 6469 0 3
cpu 14 159052 0 46571 2830033 6453 0 4
cpu 17 150386 0 45442 2839090 6652 0 1
cpu 16 160283 0 43989 2832328 5879 0 1
cpu 19 131083 0 31645 2873388 6200 0 1
cpu 18 177295 5 32054 2827481 5747 0 2
cpu 1 176776 0 35670 2815909 8150 0 747
cpu 0 207059 45 34925 2761828 9923 0 1151
cpu 3 195765 0 51859 2784741 7419 0 596
cpu 2 190318 0 47826 2792612 9221 0 190
cpu 5 195862 0 52390 2785697 7333 0 455
cpu 4 189998 1 52829 2789865 7816 0 112
cpu 7 170296 0 51471 2812800 6437 0 540
cpu 6 193346 0 51685 2788908 7713 0 327
cpu 9 161724 0 51273 2818669 7654 0 376
cpu 8 157040 0 57552 2819181 6030 0 336
mem 1 99033092 97132092 1901000 54468 1230616 152 0 1099676 70944 185400 4120 0 0 174784 0 0 0
mem 0 97636988 62015136 35621852 371940 34200820 216 0 34100904 1594696 475408 8712 0 0 462392 4096 0 0
net lo 0 0 2947300 0 0 0 0 0 0 0 0 0 23998 0 2947300 0 0 0 0 0 0 23998 0
net virbr0 0 733 9961465629 0 0 0 0 0 0 0 0 0 39721772 0 38380687412 0 0 0 0 0 0 23512831 0
net eno1 0 151948 40328354590 0 0 352 0 0 0 0 0 0 30193690 0 1206909317 0 0 0 0 0 0 5952393 0
net vnet35 0 0 667092 0 0 0 0 0 0 0 0 0 3614 0 637357 0 0 0 0 0 0 2958 0
numa 1 101899383 18781169 10118603 29535 101855124 18825411
numa 0 101857054 10118603 18781169 29710 101855421 10119842
ps - 488395810 220729 514 367 249 6 686
sysv_shm - 0 0
tmpfs /run/lock 0 6
tmpfs /run 2080768 1098
tmpfs /run/user/20029 0 20
tmpfs /run/qemu 0 1
tmpfs /dev/shm 37615439872 105371
vfs - 133599 2544 183062
vm - 2 20071028 434417309 252290 1617408 231198315 277027339 75482399 6522712 174219487 54210 0 0 0 0 0 1811072 0 311878 5997 0 1617252 74 0 3 0 0

1778475734.684570 0 node0.mimesys-workload.ldos-ut-pg0.wisc.cloudlab.us
block sda 497182 209272 40134584 286892 2628938 17765197 868834795 12869175 0 2205252 13417918
block sdb 479 0 7540 438 4 0 0 0 0 556 439
cpu 11 167767 0 52222 2814221 6811 0 5
cpu 10 194204 2 47114 2794122 8882 0 4
cpu 13 163256 0 47449 2823846 6489 0 4
cpu 12 166215 0 46536 2822539 6939 0 2
cpu 15 165097 2 45330 2824436 6469 0 3
cpu 14 159053 0 46572 2830135 6453 0 4
cpu 17 150386 0 45445 2839191 6652 0 1
cpu 16 160284 0 43991 2832428 5879 0 1
cpu 19 131083 0 31647 2873491 6200 0 1
cpu 18 177295 5 32057 2827582 5747 0 2
cpu 1 176858 0 35670 2815930 8150 0 747
cpu 0 207132 45 34926 2761852 9923 0 1151
cpu 3 195838 0 51860 2784768 7419 0 596
cpu 2 190389 0 47830 2792639 9221 0 190
cpu 5 195937 0 52392 2785720 7333 0 455
cpu 4 190086 1 52830 2789880 7816 0 112
cpu 7 170296 0 51472 2812903 6437 0 540
cpu 6 193348 0 51686 2789009 7713 0 327
cpu 9 161725 0 51274 2818771 7654 0 376
cpu 8 157040 0 57553 2819284 6030 0 336
mem 1 99033092 97134940 1898152 54488 1229384 148 0 1099680 70368 184416 4260 0 0 174776 0 0 0
mem 0 97636988 62015104 35621884 371940 34200932 228 0 34100912 1594696 475388 8676 0 0 462384 4096 0 0
net lo 0 0 2947857 0 0 0 0 0 0 0 0 0 24002 0 2947857 0 0 0 0 0 0 24002 0
net virbr0 0 733 9961467357 0 0 0 0 0 0 0 0 0 39721782 0 38380688410 0 0 0 0 0 0 23512840 0
net eno1 0 151960 40328360527 0 0 352 0 0 0 0 0 0 30193781 0 1206909728 0 0 0 0 0 0 5952397 0
net vnet35 0 0 668960 0 0 0 0 0 0 0 0 0 3624 0 638407 0 0 0 0 0 0 2968 0
numa 1 101907253 18781169 10118603 29535 101862994 18825411
numa 0 101857453 10118603 18781169 29710 101855820 10119842
ps - 488405452 220804 513 370 250 6 687
sysv_shm - 0 0
tmpfs /run/lock 0 6
tmpfs /run 2080768 1098
tmpfs /run/user/20029 0 20
tmpfs /run/qemu 0 1
tmpfs /dev/shm 37615439872 105371
vfs - 133589 2504 182996
vm - 2 20071028 434417397 252290 1617408 231206584 277035949 75482404 6522712 174232290 54210 0 0 0 0 0 1811072 0 311878 5997 0 1617252 74 0 3 0 0

1778475735.722018 0 node0.mimesys-workload.ldos-ut-pg0.wisc.cloudlab.us
block sda 497182 209272 40134584 286892 2629028 17765197 868835603 12869197 0 2205260 13417939
block sdb 479 0 7540 438 4 0 0 0 0 556 439
cpu 11 167769 0 52225 2814319 6811 0 5
cpu 10 194205 2 47115 2794223 8882 0 4
cpu 13 163257 0 47450 2823947 6489 0 4
cpu 12 166216 0 46539 2822638 6939 0 2
cpu 15 165100 2 45334 2824532 6469 0 3
cpu 14 159054 0 46577 2830234 6453 0 4
cpu 17 150389 0 45448 2839290 6652 0 1
cpu 16 160285 0 43994 2832528 5879 0 1
cpu 19 131090 0 31649 2873585 6200 0 1
cpu 18 177297 5 32058 2827684 5747 0 2
cpu 1 176940 0 35671 2815949 8150 0 748
cpu 0 207206 45 34927 2761881 9923 0 1151
cpu 3 195915 0 51862 2784794 7419 0 596
cpu 2 190477 0 47830 2792654 9221 0 190
cpu 5 196015 0 52392 2785745 7333 0 455
cpu 4 190173 1 52831 2789894 7816 0 112
cpu 7 170298 0 51472 2813005 6437 0 540
cpu 6 193348 0 51686 2789112 7713 0 327
cpu 9 161725 0 51274 2818874 7654 0 376
cpu 8 157040 0 57554 2819387 6030 0 336
mem 1 99033092 97136896 1896196 54480 1229552 28 16 1099680 70540 185048 4268 0 0 174808 0 0 0
mem 0 97636988 62016364 35620624 371948 34200468 28 32 34100916 1594700 474940 8676 0 0 462388 4096 0 0
net lo 0 0 2949024 0 0 0 0 0 0 0 0 0 24010 0 2949024 0 0 0 0 0 0 24010 0
net virbr0 0 733 9961472035 0 0 0 0 0 0 0 0 0 39721810 0 38380693098 0 0 0 0 0 0 23512861 0
net eno1 0 151960 40328367164 0 0 353 0 0 0 0 0 0 30193882 0 1206911262 0 0 0 0 0 0 5952405 0
net vnet35 0 0 674030 0 0 0 0 0 0 0 0 0 3652 0 643095 0 0 0 0 0 0 2989 0
numa 1 101916804 18781169 10118603 29535 101872545 18825411
numa 0 101857844 10118603 18781169 29710 101856211 10119842
ps - 488412686 220884 513 370 250 7 687
sysv_shm - 0 0
tmpfs /run/lock 0 6
tmpfs /run 2080768 1098
tmpfs /run/user/20029 0 20
tmpfs /run/qemu 0 1
tmpfs /dev/shm 37615439872 105371
vfs - 133595 2504 183050
vm - 2 20071028 434417801 252290 1617408 231216526 277045896 75482407 6522712 174247756 54210 0 0 0 0 0 1811072 0 311878 5997 0 1617252 74 0 3 0 0

1778475736.758937 0 node0.mimesys-workload.ldos-ut-pg0.wisc.cloudlab.us
block sda 497182 209272 40134584 286892 2629032 17765197 868835699 12869197 0 2205264 13417940
block sdb 479 0 7540 438 4 0 0 0 0 556 439
cpu 11 167772 0 52227 2814417 6811 0 5
cpu 10 194207 2 47118 2794321 8882 0 4
cpu 13 163259 0 47452 2824046 6489 0 4
cpu 12 166217 0 46543 2822737 6939 0 2
cpu 15 165103 2 45337 2824630 6469 0 3
cpu 14 159055 0 46579 2830333 6453 0 4
cpu 17 150390 0 45450 2839391 6652 0 1
cpu 16 160285 0 43995 2832630 5879 0 1
cpu 19 131092 0 31651 2873687 6200 0 1
cpu 18 177302 5 32062 2827777 5747 0 2
cpu 1 177013 0 35674 2815973 8150 0 748
cpu 0 207285 45 34928 2761903 9923 0 1151
cpu 3 195986 0 51863 2784821 7419 0 596
cpu 2 190555 0 47832 2792676 9221 0 190
cpu 5 196093 0 52395 2785767 7333 0 455
cpu 4 190246 1 52832 2789919 7816 0 112
cpu 7 170298 0 51472 2813108 6437 0 540
cpu 6 193350 0 51686 2789213 7713 0 327
cpu 9 161725 0 51274 2818977 7654 0 376
cpu 8 157040 0 57554 2819490 6030 0 336
mem 1 99033092 97138168 1894924 54476 1230660 112 0 1099684 70684 185684 4136 0 0 174816 0 0 0
mem 0 97636988 62016364 35620624 371948 34200484 104 0 34100916 1594700 474976 8716 0 0 462388 4096 0 0
net lo 0 0 2950191 0 0 0 0 0 0 0 0 0 24018 0 2950191 0 0 0 0 0 0 24018 0
net virbr0 0 733 9961474933 0 0 0 0 0 0 0 0 0 39721827 0 38380696788 0 0 0 0 0 0 23512873 0
net eno1 0 151972 40328374425 0 0 353 0 0 0 0 0 0 30193980 0 1206912892 0 0 0 0 0 0 5952415 0
net vnet35 0 0 677166 0 0 0 0 0 0 0 0 0 3669 0 646837 0 0 0 0 0 0 3002 0
numa 1 101926167 18781169 10118603 29535 101881908 18825411
numa 0 101858319 10118603 18781169 29710 101856686 10119842
ps - 488421069 220963 513 370 250 4 687
sysv_shm - 0 0
tmpfs /run/lock 0 6
tmpfs /run 2080768 1098
tmpfs /run/user/20029 0 20
tmpfs /run/qemu 0 1
tmpfs /dev/shm 37615439872 105371
vfs - 133598 2504 183060
vm - 2 20071028 434417849 252290 1617408 231226364 277055361 75482412 6522712 174263049 54210 0 0 0 0 0 1811072 0 311878 5997 0 1617252 74 0 3 0 0

1778475737.799713 0 node0.mimesys-workload.ldos-ut-pg0.wisc.cloudlab.us
block sda 497182 209272 40134584 286892 2629040 17765197 868835771 12869198 0 2205268 13417940
block sdb 479 0 7540 438 4 0 0 0 0 556 439
cpu 11 167772 0 52229 2814519 6811 0 5
cpu 10 194208 2 47122 2794421 8882 0 4
cpu 13 163260 0 47456 2824146 6489 0 4
cpu 12 166219 0 46544 2822837 6939 0 2
cpu 15 165104 2 45339 2824730 6469 0 3
cpu 14 159055 0 46583 2830434 6453 0 4
cpu 17 150391 0 45451 2839492 6652 0 1
cpu 16 160286 0 43997 2832731 5879 0 1
cpu 19 131092 0 31652 2873789 6200 0 1
cpu 18 177304 5 32064 2827878 5747 0 2
cpu 1 177086 0 35674 2816002 8150 0 748
cpu 0 207362 45 34930 2761924 9923 0 1151
cpu 3 196071 0 51864 2784841 7419 0 596
cpu 2 190634 0 47834 2792698 9221 0 190
cpu 5 196176 0 52397 2785787 7333 0 455
cpu 4 190328 1 52832 2789940 7816 0 112
cpu 7 170299 0 51472 2813211 6437 0 540
cpu 6 193350 0 51686 2789316 7713 0 327
cpu 9 161726 0 51275 2819081 7654 0 376
cpu 8 157042 0 57554 2819592 6030 0 336
mem 1 99033092 97138524 1894568 54476 1228892 140 0 1099684 70180 184232 4264 0 0 174816 0 0 0
mem 0 97636988 62016208 35620780 371948 34201008 148 0 34101076 1594860 475360 8676 0 0 462388 4096 0 0
net lo 0 0 2950748 0 0 0 0 0 0 0 0 0 24022 0 2950748 0 0 0 0 0 0 24022 0
net virbr0 0 733 9961476713 0 0 0 0 0 0 0 0 0 39721838 0 38380697786 0 0 0 0 0 0 23512882 0
net eno1 0 151972 40328381252 0 0 353 0 0 0 0 0 0 30194085 0 1206913303 0 0 0 0 0 0 5952419 0
net vnet35 0 0 679100 0 0 0 0 0 0 0 0 0 3680 0 647835 0 0 0 0 0 0 3011 0
numa 1 101934106 18781169 10118603 29535 101889847 18825411
numa 0 101858770 10118603 18781169 29710 101857137 10119842
ps - 488428543 221038 513 370 250 3 687
sysv_shm - 0 0
tmpfs /run/lock 0 6
tmpfs /run 2080768 1098
tmpfs /run/user/20029 0 20
tmpfs /run/qemu 0 1
tmpfs /dev/shm 37615439872 105371
vfs - 133589 2544 183002
vm - 2 20071028 434417885 252290 1617408 231234756 277064055 75482414 6522712 174275987 54210 0 0 0 0 0 1811072 0 311878 5997 0 1617252 74 0 3 0 0

1778475738.841452 0 node0.mimesys-workload.ldos-ut-pg0.wisc.cloudlab.us
block sda 497182 209272 40134584 286892 2629040 17765197 868835771 12869198 0 2205268 13417940
block sdb 479 0 7540 438 4 0 0 0 0 556 439
cpu 11 167773 0 52232 2814618 6811 0 5
cpu 10 194215 2 47124 2794516 8882 0 4
cpu 13 163260 0 47457 2824248 6489 0 4
cpu 12 166222 0 46546 2822937 6939 0 2
cpu 15 165106 2 45343 2824828 6469 0 3
cpu 14 159055 0 46583 2830537 6453 0 4
cpu 17 150392 0 45456 2839590 6652 0 1
cpu 16 160290 0 44002 2832827 5879 0 1
cpu 19 131093 0 31655 2873889 6200 0 1
cpu 18 177307 5 32065 2827977 5747 0 2
cpu 1 177163 0 35676 2816022 8150 0 748
cpu 0 207438 45 34933 2761949 9923 0 1151
cpu 3 196153 0 51864 2784861 7419 0 596
cpu 2 190712 0 47835 2792721 9221 0 190
cpu 5 196257 0 52399 2785808 7333 0 455
cpu 4 190407 1 52834 2789961 7816 0 112
cpu 7 170301 0 51473 2813312 6437 0 540
cpu 6 193350 0 51686 2789420 7713 0 327
cpu 9 161726 0 51276 2819183 7654 0 376
cpu 8 157042 0 57554 2819696 6030 0 336
mem 1 99033092 97135952 1897140 54484 1230428 152 0 1099688 70968 185376 4052 0 0 174840 0 0 0
mem 0 97636988 62015956 35621032 371948 34201016 188 0 34101080 1594860 475360 8676 0 0 462392 4096 0 0
net lo 0 0 2951915 0 0 0 0 0 0 0 0 0 24030 0 2951915 0 0 0 0 0 0 24030 0
net virbr0 0 733 9961480911 0 0 0 0 0 0 0 0 0 39721860 0 38380702048 0 0 0 0 0 0 23512898 0
net eno1 0 151988 40328387295 0 0 353 0 0 0 0 0 0 30194176 0 1206914799 0 0 0 0 0 0 5952426 0
net vnet35 0 0 683606 0 0 0 0 0 0 0 0 0 3702 0 652149 0 0 0 0 0 0 3028 0
numa 1 101943796 18781169 10118603 29535 101899537 18825411
numa 0 101859387 10118603 18781169 29710 101857754 10119842
ps - 488436858 221120 513 370 250 6 689
sysv_shm - 0 0
tmpfs /run/lock 0 6
tmpfs /run 2080768 1098
tmpfs /run/user/20029 0 20
tmpfs /run/qemu 0 1
tmpfs /dev/shm 37615439872 105371
vfs - 133600 2504 183056
vm - 2 20071028 434417885 252290 1617408 231245078 277073712 75482415 6522712 174291810 54210 0 0 0 0 0 1811072 0 311878 5997 0 1617252 74 0 3 0 0

1778475739.882051 0 node0.mimesys-workload.ldos-ut-pg0.wisc.cloudlab.us
block sda 497183 209272 40134712 286893 2629048 17765208 868835931 12869200 0 2205280 13417944
block sdb 479 0 7540 438 4 0 0 0 0 556 439
cpu 11 167774 0 52234 2814719 6811 0 5
cpu 10 194217 2 47126 2794616 8882 0 4
cpu 13 163261 0 47458 2824350 6489 0 4
cpu 12 166222 0 46548 2823037 6939 0 2
cpu 15 165108 2 45347 2824925 6469 0 3
cpu 14 159056 0 46586 2830638 6453 0 4
cpu 17 150393 0 45461 2839688 6652 0 1
cpu 16 160292 0 44005 2832927 5879 0 1
cpu 19 131094 0 31656 2873991 6200 0 1
cpu 18 177307 5 32067 2828079 5747 0 2
cpu 1 177228 0 35677 2816061 8150 0 748
cpu 0 207489 45 34935 2761997 9923 0 1151
cpu 3 196210 0 51865 2784904 7419 0 596
cpu 2 190779 0 47836 2792758 9221 0 190
cpu 5 196323 0 52399 2785847 7333 0 455
cpu 4 190475 1 52834 2789996 7816 0 112
cpu 7 170302 0 51473 2813416 6437 0 540
cpu 6 193351 0 51686 2789522 7713 0 327
cpu 9 161727 0 51276 2819286 7654 0 376
cpu 8 157043 0 57555 2819798 6030 0 336
mem 1 99033092 97136524 1896568 54480 1229380 148 0 1099688 71068 184300 4060 0 0 174800 0 0 0
mem 0 97636988 62015956 35621032 371948 34201024 192 0 34101088 1594860 475356 8676 0 0 462400 4096 0 0
net lo 0 0 2952472 0 0 0 0 0 0 0 0 0 24034 0 2952472 0 0 0 0 0 0 24034 0
net virbr0 0 733 9961481391 0 0 0 0 0 0 0 0 0 39721866 0 38380702474 0 0 0 0 0 0 23512903 0
net eno1 0 151988 40328393878 0 0 353 0 0 0 0 0 0 30194275 0 1206916353 0 0 0 0 0 0 5952434 0
net vnet35 0 0 684170 0 0 0 0 0 0 0 0 0 3708 0 652575 0 0 0 0 0 0 3033 0
numa 1 101952495 18781169 10118603 29535 101908236 18825411
numa 0 101859812 10118603 18781169 29710 101858179 10119842
ps - 488444013 221202 496 369 251 9 690
sysv_shm - 0 0
tmpfs /run/lock 0 6
tmpfs /run 2080768 1098
tmpfs /run/user/20029 0 20
tmpfs /run/qemu 0 1
tmpfs /dev/shm 37615439872 105371
vfs - 133601 2464 183058
vm - 2 20071092 434417965 252290 1617408 231254209 277083197 75482419 6522712 174305897 54211 0 0 0 0 0 1811072 0 311878 5997 0 1617252 74 0 3 0 0

1778475740.923535 0 node0.mimesys-workload.ldos-ut-pg0.wisc.cloudlab.us
block sda 497183 209272 40134712 286893 2629127 17765208 868836627 12869221 0 2205288 13417964
block sdb 479 0 7540 438 4 0 0 0 0 556 439
cpu 11 167775 0 52236 2814820 6811 0 5
cpu 10 194224 2 47127 2794711 8882 0 4
cpu 13 163263 0 47459 2824451 6489 0 4
cpu 12 166224 0 46551 2823138 6939 0 2
cpu 15 165110 2 45348 2825026 6469 0 3
cpu 14 159058 0 46588 2830738 6453 0 4
cpu 17 150394 0 45463 2839788 6652 0 1
cpu 16 160292 0 44008 2833027 5879 0 1
cpu 19 131097 0 31659 2874091 6200 0 1
cpu 18 177309 5 32070 2828178 5747 0 2
cpu 1 177307 0 35679 2816085 8150 0 749
cpu 0 207572 45 34937 2762017 9923 0 1151
cpu 3 196288 0 51867 2784926 7419 0 596
cpu 2 190858 0 47837 2792780 9221 0 190
cpu 5 196399 0 52402 2785871 7333 0 455
cpu 4 190556 1 52835 2790016 7816 0 112
cpu 7 170304 0 51473 2813517 6437 0 540
cpu 6 193352 0 51687 2789625 7713 0 327
cpu 9 161728 0 51278 2819387 7654 0 376
cpu 8 157043 0 57555 2819902 6030 0 336
mem 1 99033092 97135640 1897452 54484 1229056 36 0 1099692 70180 183916 3636 0 0 174800 0 0 0
mem 0 97636988 62015960 35621028 371956 34201076 20 0 34101188 1594900 475356 8676 0 0 462416 4096 0 0
net lo 0 0 2953639 0 0 0 0 0 0 0 0 0 24042 0 2953639 0 0 0 0 0 0 24042 0
net virbr0 0 733 9961486069 0 0 0 0 0 0 0 0 0 39721894 0 38380707162 0 0 0 0 0 0 23512924 0
net eno1 0 152000 40328399635 0 0 353 0 0 0 0 0 0 30194364 0 1206916764 0 0 0 0 0 0 5952438 0
net vnet35 0 0 689240 0 0 0 0 0 0 0 0 0 3736 0 657315 0 0 0 0 0 0 3055 0
numa 1 101962146 18781169 10118603 29535 101917887 18825411
numa 0 101860428 10118603 18781169 29710 101858795 10119842
ps - 488452141 221286 496 369 251 8 687
sysv_shm - 0 0
tmpfs /run/lock 0 6
tmpfs /run 2080768 1098
tmpfs /run/user/20029 0 20
tmpfs /run/qemu 0 1
tmpfs /dev/shm 37615439872 105371
vfs - 133589 2464 183002
vm - 2 20071092 434418313 252290 1617408 231264473 277093757 75482424 6522712 174322020 54211 0 0 0 0 0 1811072 0 311878 5997 0 1617252 74 0 3 0 0

1778475741.963233 0 node0.mimesys-workload.ldos-ut-pg0.wisc.cloudlab.us
block sda 497183 209272 40134712 286893 2629131 17765208 868836715 12869222 0 2205292 13417965
block sdb 479 0 7540 438 4 0 0 0 0 556 439
cpu 11 167776 0 52240 2814920 6811 0 5
cpu 10 194230 2 47129 2794807 8882 0 4
cpu 13 163264 0 47463 2824550 6489 0 4
cpu 12 166226 0 46554 2823237 6939 0 2
cpu 15 165113 2 45351 2825125 6469 0 3
cpu 14 159060 0 46592 2830835 6453 0 4
cpu 17 150394 0 45465 2839888 6652 0 1
cpu 16 160295 0 44011 2833127 5879 0 1
cpu 19 131098 0 31662 2874190 6200 0 1
cpu 18 177310 5 32072 2828280 5747 0 2
cpu 1 177383 0 35680 2816111 8150 0 749
cpu 0 207648 45 34939 2762042 9923 0 1151
cpu 3 196364 0 51868 2784952 7419 0 596
cpu 2 190938 0 47837 2792800 9221 0 190
cpu 5 196481 0 52402 2785892 7333 0 455
cpu 4 190640 1 52836 2790036 7816 0 112
cpu 7 170305 0 51474 2813619 6437 0 540
cpu 6 193353 0 51687 2789728 7713 0 327
cpu 9 161729 0 51278 2819490 7654 0 376
cpu 8 157044 0 57555 2820005 6030 0 336
mem 1 99033092 97134896 1898196 54484 1230688 148 0 1099696 72256 186056 3904 0 0 174816 0 0 0
mem 0 97636988 62016212 35620776 371956 34200648 140 0 34101188 1594900 474912 8676 0 0 462428 4096 0 0
net lo 0 0 2954806 0 0 0 0 0 0 0 0 0 24050 0 2954806 0 0 0 0 0 0 24050 0
net virbr0 0 733 9961488811 0 0 0 0 0 0 0 0 0 39721908 0 38380710852 0 0 0 0 0 0 23512936 0
net eno1 0 152000 40328405504 0 0 353 0 0 0 0 0 0 30194452 0 1206918260 0 0 0 0 0 0 5952445 0
net vnet35 0 0 692178 0 0 0 0 0 0 0 0 0 3750 0 661005 0 0 0 0 0 0 3067 0
numa 1 101971825 18781169 10118603 29535 101927566 18825411
numa 0 101860936 10118603 18781169 29710 101859303 10119842
ps - 488460298 221368 496 369 251 7 687
sysv_shm - 0 0
tmpfs /run/lock 0 6
tmpfs /run 2080768 1098
tmpfs /run/user/20029 0 20
tmpfs /run/qemu 0 1
tmpfs /dev/shm 37615439872 105371
vfs - 133595 2504 183036
vm - 2 20071092 434418357 252290 1617408 231274639 277103537 75482427 6522712 174337806 54211 0 0 0 0 0 1811072 0 311878 5997 0 1617252 74 0 3 0 0

1778475743.003235 0 node0.mimesys-workload.ldos-ut-pg0.wisc.cloudlab.us
block sda 497183 209272 40134712 286893 2629131 17765208 868836715 12869222 0 2205292 13417965
block sdb 479 0 7540 438 4 0 0 0 0 556 439
cpu 11 167777 0 52242 2815021 6811 0 5
cpu 10 194231 2 47130 2794908 8882 0 4
cpu 13 163265 0 47466 2824650 6489 0 4
cpu 12 166227 0 46556 2823338 6939 0 2
cpu 15 165116 2 45356 2825221 6469 0 3
cpu 14 159061 0 46593 2830937 6453 0 4
cpu 17 150396 0 45466 2839989 6652 0 1
cpu 16 160296 0 44014 2833227 5879 0 1
cpu 19 131100 0 31664 2874290 6200 0 1
cpu 18 177310 5 32075 2828381 5747 0 2
cpu 1 177462 0 35681 2816135 8150 0 749
cpu 0 207725 45 34939 2762066 9923 0 1151
cpu 3 196440 0 51869 2784978 7419 0 596
cpu 2 191019 0 47837 2792823 9221 0 190
cpu 5 196562 0 52403 2785914 7333 0 455
cpu 4 190722 1 52836 2790056 7816 0 112
cpu 7 170306 0 51474 2813723 6437 0 540
cpu 6 193353 0 51688 2789832 7713 0 327
cpu 9 161729 0 51278 2819594 7654 0 376
cpu 8 157045 0 57556 2820107 6030 0 336
mem 1 99033092 97134904 1898188 54488 1228972 164 0 1099700 70624 183884 4036 0 0 174800 0 0 0
mem 0 97636988 62016872 35620116 371956 34201100 152 0 34101204 1594916 475364 8676 0 0 462428 4096 0 0
net lo 0 0 2955363 0 0 0 0 0 0 0 0 0 24054 0 2955363 0 0 0 0 0 0 24054 0
net virbr0 0 733 9961490591 0 0 0 0 0 0 0 0 0 39721919 0 38380711850 0 0 0 0 0 0 23512945 0
net eno1 0 152008 40328411507 0 0 353 0 0 0 0 0 0 30194544 0 1206919593 0 0 0 0 0 0 5952452 0
net vnet35 0 0 694112 0 0 0 0 0 0 0 0 0 3761 0 662055 0 0 0 0 0 0 3077 0
numa 1 101979724 18781169 10118603 29535 101935465 18825411
numa 0 101861320 10118603 18781169 29710 101859687 10119842
ps - 488467476 221442 496 369 251 6 687
sysv_shm - 0 0
tmpfs /run/lock 0 6
tmpfs /run 2080768 1098
tmpfs /run/user/20029 0 20
tmpfs /run/qemu 0 1
tmpfs /dev/shm 37615439872 105371
vfs - 133595 2544 183043
vm - 2 20071092 434418357 252290 1617408 231282944 277112200 75482432 6522712 174350633 54211 0 0 0 0 0 1811072 0 311878 5997 0 1617252 74 0 3 0 0

1778475744.045028 0 node0.mimesys-workload.ldos-ut-pg0.wisc.cloudlab.us
block sda 497183 209272 40134712 286893 2629131 17765208 868836715 12869222 0 2205292 13417965
block sdb 479 0 7540 438 4 0 0 0 0 556 439
cpu 11 167778 0 52243 2815121 6811 0 5
cpu 10 194239 2 47134 2795003 8882 0 4
cpu 13 163266 0 47468 2824751 6489 0 4
cpu 12 166230 0 46557 2823438 6939 0 2
cpu 15 165117 2 45358 2825323 6469 0 3
cpu 14 159062 0 46595 2831038 6453 0 4
cpu 17 150398 0 45470 2840088 6652 0 1
cpu 16 160296 0 44017 2833327 5879 0 1
cpu 19 131100 0 31666 2874389 6200 0 1
cpu 18 177312 5 32077 2828479 5747 0 2
cpu 1 177542 0 35682 2816154 8150 0 749
cpu 0 207803 45 34942 2762089 9923 0 1151
cpu 3 196521 0 51870 2784997 7419 0 596
cpu 2 191098 0 47839 2792843 9221 0 190
cpu 5 196641 0 52405 2785935 7333 0 455
cpu 4 190802 1 52838 2790077 7816 0 112
cpu 7 170308 0 51475 2813824 6437 0 540
cpu 6 193353 0 51688 2789935 7713 0 327
cpu 9 161730 0 51279 2819696 7654 0 376
cpu 8 157045 0 57557 2820211 6030 0 336
mem 1 99033092 97134408 1898684 54496 1228920 184 0 1099700 70972 183764 3704 0 0 174792 0 0 0
mem 0 97636988 62016116 35620872 371956 34201096 184 0 34101256 1594968 475356 8676 0 0 462444 4096 0 0
net lo 0 0 2956530 0 0 0 0 0 0 0 0 0 24062 0 2956530 0 0 0 0 0 0 24062 0
net virbr0 0 733 9961495269 0 0 0 0 0 0 0 0 0 39721947 0 38380716538 0 0 0 0 0 0 23512966 0
net eno1 0 152008 40328417238 0 0 353 0 0 0 0 0 0 30194630 0 1206920105 0 0 0 0 0 0 5952457 0
net vnet35 0 0 699182 0 0 0 0 0 0 0 0 0 3789 0 666743 0 0 0 0 0 0 3098 0
numa 1 101989530 18781169 10118603 29535 101945271 18825411
numa 0 101861948 10118603 18781169 29710 101860315 10119842
ps - 488475612 221527 496 369 251 7 687
sysv_shm - 0 0
tmpfs /run/lock 0 6
tmpfs /run 2080768 1098
tmpfs /run/user/20029 0 20
tmpfs /run/qemu 0 1
tmpfs /dev/shm 37615439872 105371
vfs - 133590 2504 183003
vm - 2 20071092 434418357 252290 1617408 231293378 277122648 75482435 6522712 174366840 54211 0 0 0 0 0 1811072 0 311878 5997 0 1617252 74 0 3 0 0

1778475745.086164 0 node0.mimesys-workload.ldos-ut-pg0.wisc.cloudlab.us
block sda 497183 209272 40134712 286893 2629141 17765219 868836883 12869225 0 2205300 13417969
block sdb 479 0 7540 438 4 0 0 0 0 556 439
cpu 11 167780 0 52248 2815219 6811 0 5
cpu 10 194239 2 47138 2795102 8882 0 4
cpu 13 163267 0 47470 2824851 6489 0 4
cpu 12 166235 0 46559 2823534 6939 0 2
cpu 15 165118 2 45362 2825421 6469 0 3
cpu 14 159063 0 46596 2831140 6453 0 4
cpu 17 150400 0 45472 2840188 6652 0 1
cpu 16 160298 0 44021 2833426 5879 0 1
cpu 19 131102 0 31669 2874489 6200 0 1
cpu 18 177314 5 32080 2828577 5747 0 2
cpu 1 177616 0 35683 2816182 8150 0 749
cpu 0 207880 45 34943 2762114 9923 0 1151
cpu 3 196599 0 51872 2785020 7419 0 596
cpu 2 191175 0 47841 2792868 9221 0 190
cpu 5 196719 0 52406 2785961 7333 0 455
cpu 4 190882 1 52839 2790102 7816 0 112
cpu 7 170308 0 51475 2813928 6437 0 540
cpu 6 193355 0 51688 2790037 7713 0 327
cpu 9 161730 0 51280 2819799 7654 0 376
cpu 8 157046 0 57558 2820313 6030 0 336
mem 1 99033092 97133796 1899296 54500 1230512 184 0 1099704 71344 185436 3956 0 0 174820 0 0 0
mem 0 97636988 62015868 35621120 371956 34201220 216 0 34101264 1594968 475336 8676 0 0 462452 4096 0 0
net lo 0 0 2957697 0 0 0 0 0 0 0 0 0 24070 0 2957697 0 0 0 0 0 0 24070 0
net virbr0 0 733 9961498167 0 0 0 0 0 0 0 0 0 39721964 0 38380720228 0 0 0 0 0 0 23512978 0
net eno1 0 152018 40328424295 0 0 353 0 0 0 0 0 0 30194738 0 1206921459 0 0 0 0 0 0 5952463 0
net vnet35 0 0 702318 0 0 0 0 0 0 0 0 0 3806 0 670485 0 0 0 0 0 0 3111 0
numa 1 101999170 18781169 10118603 29535 101954911 18825411
numa 0 101862365 10118603 18781169 29710 101860732 10119842
ps - 488483933 221608 504 372 253 7 686
sysv_shm - 0 0
tmpfs /run/lock 0 6
tmpfs /run 2080768 1098
tmpfs /run/user/20029 0 20
tmpfs /run/qemu 0 1
tmpfs /dev/shm 37615439872 105371
vfs - 133594 2504 183022
vm - 2 20071092 434418441 252290 1617408 231303414 277132322 75482439 6522712 174382438 54211 0 0 0 0 0 1811072 0 311878 5997 0 1617252 74 0 3 0 0

1778475746.126583 0 node0.mimesys-workload.ldos-ut-pg0.wisc.cloudlab.us
block sda 497183 209272 40134712 286893 2629227 17765219 868837635 12869239 0 2205304 13417982
block sdb 479 0 7540 438 4 0 0 0 0 556 439
cpu 11 167781 0 52249 2815320 6811 0 5
cpu 10 194240 2 47140 2795204 8882 0 4
cpu 13 163268 0 47472 2824952 6489 0 4
cpu 12 166236 0 46560 2823636 6939 0 2
cpu 15 165121 2 45366 2825519 6469 0 3
cpu 14 159064 0 46598 2831240 6453 0 4
cpu 17 150402 0 45475 2840288 6652 0 1
cpu 16 160298 0 44024 2833526 5879 0 1
cpu 19 131102 0 31670 2874592 6200 0 1
cpu 18 177316 5 32082 2828676 5747 0 2
cpu 1 177702 0 35684 2816196 8150 0 749
cpu 0 207967 45 34944 2762130 9923 0 1151
cpu 3 196680 0 51873 2785044 7419 0 596
cpu 2 191259 0 47842 2792885 9221 0 190
cpu 5 196802 0 52407 2785981 7333 0 455
cpu 4 190957 1 52840 2790123 7816 0 112
cpu 7 170309 0 51475 2814031 6437 0 540
cpu 6 193356 0 51688 2790140 7713 0 327
cpu 9 161733 0 51280 2819901 7654 0 376
cpu 8 157046 0 57558 2820416 6030 0 336
mem 1 99033092 97135880 1897212 54496 1228736 196 0 1099704 70180 183644 3708 0 0 174820 0 0 0
mem 0 97636988 62016372 35620616 371964 34201208 224 0 34101300 1595000 475336 8676 0 0 462460 4096 0 0
net lo 0 0 2958254 0 0 0 0 0 0 0 0 0 24074 0 2958254 0 0 0 0 0 0 24074 0
net virbr0 0 733 9961499947 0 0 0 0 0 0 0 0 0 39721975 0 38380721226 0 0 0 0 0 0 23512987 0
net eno1 0 152018 40328431210 0 0 353 0 0 0 0 0 0 30194845 0 1206922888 0 0 0 0 0 0 5952470 0
net vnet35 0 0 704252 0 0 0 0 0 0 0 0 0 3817 0 671483 0 0 0 0 0 0 3120 0
numa 1 102007037 18781169 10118603 29535 101962778 18825411
numa 0 101862747 10118603 18781169 29710 101861114 10119842
ps - 488491328 221682 504 372 253 7 686
sysv_shm - 0 0
tmpfs /run/lock 0 6
tmpfs /run 2080768 1098
tmpfs /run/user/20029 0 20
tmpfs /run/qemu 0 1
tmpfs /dev/shm 37615439872 105371
vfs - 133594 2504 183036
vm - 2 20071092 434418817 252290 1617408 231311663 277140912 75482439 6522712 174395278 54211 0 0 0 0 0 1811072 0 311878 5997 0 1617252 74 0 3 0 0

1778475747.168262 0 node0.mimesys-workload.ldos-ut-pg0.wisc.cloudlab.us
block sda 497183 209272 40134712 286893 2629231 17765219 868837723 12869239 0 2205308 13417983
block sdb 479 0 7540 438 4 0 0 0 0 556 439
cpu 11 167782 0 52252 2815420 6811 0 5
cpu 10 194245 2 47142 2795300 8882 0 4
cpu 13 163271 0 47474 2825051 6489 0 4
cpu 12 166237 0 46562 2823737 6939 0 2
cpu 15 165122 2 45370 2825618 6469 0 3
cpu 14 159066 0 46601 2831341 6453 0 4
cpu 17 150406 0 45477 2840386 6652 0 1
cpu 16 160300 0 44025 2833628 5879 0 1
cpu 19 131104 0 31672 2874691 6200 0 1
cpu 18 177317 5 32085 2828776 5747 0 2
cpu 1 177761 0 35685 2816238 8150 0 749
cpu 0 208024 45 34946 2762174 9923 0 1151
cpu 3 196746 0 51875 2785078 7419 0 596
cpu 2 191313 0 47843 2792934 9221 0 190
cpu 5 196872 0 52409 2786011 7333 0 455
cpu 4 191017 1 52840 2790164 7816 0 112
cpu 7 170310 0 51476 2814134 6437 0 540
cpu 6 193357 0 51688 2790244 7713 0 327
cpu 9 161733 0 51281 2820005 7654 0 376
cpu 8 157047 0 57560 2820518 6030 0 336
mem 1 99033092 97135896 1897196 54492 1230060 132 0 1099708 70924 184996 3876 0 0 174796 0 0 0
mem 0 97636988 62015868 35621120 371964 34201360 160 0 34101300 1595064 475496 8720 0 0 462464 4096 0 0
net lo 0 0 2959421 0 0 0 0 0 0 0 0 0 24082 0 2959421 0 0 0 0 0 0 24082 0
net virbr0 0 733 9961502845 0 0 0 0 0 0 0 0 0 39721992 0 38380724916 0 0 0 0 0 0 23512999 0
net eno1 0 152026 40328437921 0 0 353 0 0 0 0 0 0 30194942 0 1206923400 0 0 0 0 0 0 5952475 0
net vnet35 0 0 707388 0 0 0 0 0 0 0 0 0 3834 0 675225 0 0 0 0 0 0 3133 0
numa 1 102016498 18781169 10118603 29535 101972239 18825411
numa 0 101863389 10118603 18781169 29710 101861756 10119842
ps - 488499308 221765 504 372 253 7 685
sysv_shm - 0 0
tmpfs /run/lock 0 6
tmpfs /run 2080768 1098
tmpfs /run/user/20029 0 20
tmpfs /run/qemu 0 1
tmpfs /dev/shm 37615439872 105371
vfs - 133593 2464 183000
vm - 2 20071092 434418861 252290 1617408 231321832 277150742 75482443 6522712 174411099 54211 0 0 0 0 0 1811072 0 311878 5997 0 1617252 74 0 3 0 0

1778475748.208431 0 node0.mimesys-workload.ldos-ut-pg0.wisc.cloudlab.us
block sda 497183 209272 40134712 286893 2629232 17765219 868837755 12869239 0 2205312 13417983
block sdb 479 0 7540 438 4 0 0 0 0 556 439
cpu 11 167782 0 52256 2815521 6811 0 5
cpu 10 194248 2 47144 2795400 8882 0 4
cpu 13 163272 0 47476 2825153 6489 0 4
cpu 12 166242 0 46563 2823835 6939 0 2
cpu 15 165126 2 45374 2825714 6469 0 3
cpu 14 159067 0 46604 2831441 6453 0 4
cpu 17 150407 0 45479 2840487 6652 0 1
cpu 16 160301 0 44027 2833728 5879 0 1
cpu 19 131106 0 31674 2874790 6200 0 1
cpu 18 177317 5 32088 2828878 5747 0 2
cpu 1 177837 0 35686 2816260 8150 0 749
cpu 0 208098 45 34948 2762200 9923 0 1151
cpu 3 196826 0 51876 2785098 7419 0 596
cpu 2 191395 0 47844 2792954 9221 0 190
cpu 5 196950 0 52410 2786033 7333 0 455
cpu 4 191093 1 52841 2790190 7816 0 112
cpu 7 170312 0 51476 2814235 6437 0 540
cpu 6 193357 0 51688 2790347 7713 0 327
cpu 9 161733 0 51281 2820108 7654 0 376
cpu 8 157047 0 57560 2820622 6030 0 336
mem 1 99033092 97134400 1898692 54496 1230940 144 0 1099708 70328 186316 3972 0 0 174860 0 0 0
mem 0 97636988 62016372 35620616 371968 34201268 176 0 34101316 1595196 475444 8732 0 0 462488 4096 0 0
net lo 0 0 2959978 0 0 0 0 0 0 0 0 0 24086 0 2959978 0 0 0 0 0 0 24086 0
net virbr0 0 733 9961504625 0 0 0 0 0 0 0 0 0 39722003 0 38380725914 0 0 0 0 0 0 23513008 0
net eno1 0 152026 40328446111 0 0 353 0 0 0 0 0 0 30195046 0 1206926309 0 0 0 0 0 0 5952487 0
net vnet35 0 0 709322 0 0 0 0 0 0 0 0 0 3845 0 676223 0 0 0 0 0 0 3142 0
numa 1 102025836 18781169 10118603 29535 101981577 18825411
numa 0 101863879 10118603 18781169 29710 101862246 10119842
ps - 488506957 221851 504 372 253 10 688
sysv_shm - 0 0
tmpfs /run/lock 0 6
tmpfs /run 2080768 1098
tmpfs /run/user/20029 0 20
tmpfs /run/qemu 0 1
tmpfs /dev/shm 37615439872 105371
vfs - 133597 2464 183005
vm - 2 20071092 434418877 252290 1617408 231331689 277160418 75482448 6522712 174426252 54211 0 0 0 0 0 1811072 0 311878 5997 0 1617252 74 0 3 0 0

1778475749.249006 0 node0.mimesys-workload.ldos-ut-pg0.wisc.cloudlab.us
block sda 497183 209272 40134712 286893 2629232 17765219 868837755 12869239 0 2205312 13417983
block sdb 479 0 7540 438 4 0 0 0 0 556 439
cpu 11 167785 0 52258 2815618 6811 0 5
cpu 10 194249 2 47146 2795501 8882 0 4
cpu 13 163274 0 47479 2825251 6489 0 4
cpu 12 166244 0 46566 2823934 6939 0 2
cpu 15 165130 2 45380 2825809 6469 0 3
cpu 14 159070 0 46610 2831535 6453 0 4
cpu 17 150408 0 45480 2840588 6652 0 1
cpu 16 160302 0 44030 2833826 5879 0 1
cpu 19 131109 0 31677 2874888 6200 0 1
cpu 18 177318 5 32089 2828978 5747 0 2
cpu 1 177912 0 35688 2816286 8150 0 749
cpu 0 208180 45 34950 2762222 9923 0 1151
cpu 3 196908 0 51877 2785119 7419 0 596
cpu 2 191478 0 47845 2792976 9221 0 190
cpu 5 197032 0 52412 2786053 7333 0 455
cpu 4 191178 1 52841 2790209 7816 0 112
cpu 7 170314 0 51478 2814335 6437 0 540
cpu 6 193360 0 51689 2790447 7713 0 327
cpu 9 161734 0 51281 2820212 7654 0 376
cpu 8 157047 0 57561 2820725 6030 0 336
mem 1 99033092 97147764 1885328 54504 1229700 176 0 1099712 71500 184688 4240 0 0 174820 0 0 0
mem 0 97636988 62016372 35620616 371984 34200656 248 0 34101316 1595196 474904 8676 0 0 462580 4096 0 0
net lo 0 0 2961145 0 0 0 0 0 0 0 0 0 24094 0 2961145 0 0 0 0 0 0 24094 0
net virbr0 0 733 9961509303 0 0 0 0 0 0 0 0 0 39722031 0 38380730602 0 0 0 0 0 0 23513029 0
net eno1 0 152035 40328454086 0 0 353 0 0 0 0 0 0 30195166 0 1206928847 0 0 0 0 0 0 5952501 0
net vnet35 0 0 714392 0 0 0 0 0 0 0 0 0 3873 0 680963 0 0 0 0 0 0 3164 0
numa 1 102036642 18781169 10118603 29535 101992383 18825411
numa 0 101864593 10118603 18781169 29710 101862960 10119842
ps - 488515374 221942 520 378 255 8 686
sysv_shm - 0 0
tmpfs /run/lock 0 6
tmpfs /run 2080768 1098
tmpfs /run/user/20029 0 20
tmpfs /run/qemu 0 1
tmpfs /dev/shm 37615439872 105371
vfs - 133590 2464 182998
vm - 2 20071092 434418877 252290 1617408 231343137 277172364 75482460 6522712 174443844 54211 0 0 0 0 0 1811072 0 311878 5997 0 1617252 74 0 3 0 0

1778475750.289077 0 node0.mimesys-workload.ldos-ut-pg0.wisc.cloudlab.us
block sda 497183 209272 40134712 286893 2629241 17765231 868837923 12869243 0 2205320 13417987
block sdb 479 0 7540 438 4 0 0 0 0 556 439
cpu 11 167787 0 52260 2815715 6811 0 5
cpu 10 194254 2 47147 2795597 8882 0 4
cpu 13 163275 0 47481 2825353 6489 0 4
cpu 12 166245 0 46569 2824034 6939 0 2
cpu 15 165132 2 45382 2825910 6469 0 3
cpu 14 159072 0 46613 2831634 6453 0 4
cpu 17 150411 0 45482 2840687 6652 0 1
cpu 16 160303 0 44032 2833926 5879 0 1
cpu 19 131110 0 31680 2874988 6200 0 1
cpu 18 177318 5 32092 2829078 5747 0 2
cpu 1 177996 0 35688 2816307 8150 0 749
cpu 0 208257 45 34951 2762246 9923 0 1151
cpu 3 196987 0 51878 2785142 7419 0 596
cpu 2 191553 0 47847 2793000 9221 0 190
cpu 5 197110 0 52414 2786076 7333 0 455
cpu 4 191250 1 52843 2790237 7816 0 112
cpu 7 170315 0 51480 2814436 6437 0 540
cpu 6 193360 0 51689 2790550 7713 0 327
cpu 9 161734 0 51283 2820314 7654 0 376
cpu 8 157047 0 57561 2820829 6030 0 336
mem 1 99033092 97145332 1887760 54508 1231044 156 0 1099712 71068 186368 3964 0 0 174820 0 0 0
mem 0 97636988 62015616 35621372 371984 34201660 236 0 34101348 1595112 475776 8676 0 0 462580 4096 0 0
net lo 0 0 2962312 0 0 0 0 0 0 0 0 0 24102 0 2962312 0 0 0 0 0 0 24102 0
net virbr0 0 733 9961511993 0 0 0 0 0 0 0 0 0 39722044 0 38380734292 0 0 0 0 0 0 23513041 0
net eno1 0 152035 40328460897 0 0 353 0 0 0 0 0 0 30195270 0 1206929359 0 0 0 0 0 0 5952506 0
net vnet35 0 0 717264 0 0 0 0 0 0 0 0 0 3886 0 684653 0 0 0 0 0 0 3176 0
numa 1 102045887 18781169 10118603 29535 102001628 18825411
numa 0 101865320 10118603 18781169 29710 101863687 10119842
ps - 488523244 222022 520 378 255 7 686
sysv_shm - 0 0
tmpfs /run/lock 0 6
tmpfs /run 2080768 1098
tmpfs /run/user/20029 0 20
tmpfs /run/qemu 0 1
tmpfs /dev/shm 37615439872 105371
vfs - 133590 2544 182990
vm - 2 20071092 434418961 252290 1617408 231353086 277181949 75482463 6522712 174459322 54211 0 0 0 0 0 1811072 0 311878 5997 0 1617252 74 0 3 0 0

1778475751.330240 0 node0.mimesys-workload.ldos-ut-pg0.wisc.cloudlab.us
block sda 497183 209272 40134712 286893 2629245 17765231 868837955 12869244 0 2205324 13417988
block sdb 479 0 7540 438 4 0 0 0 0 556 439
cpu 11 167788 0 52262 2815817 6811 0 5
cpu 10 194255 2 47149 2795698 8882 0 4
cpu 13 163276 0 47482 2825455 6489 0 4
cpu 12 166247 0 46574 2824133 6939 0 2
cpu 15 165133 2 45387 2826007 6469 0 3
cpu 14 159073 0 46614 2831736 6453 0 4
cpu 17 150412 0 45484 2840789 6652 0 1
cpu 16 160306 0 44035 2834026 5879 0 1
cpu 19 131111 0 31684 2875088 6200 0 1
cpu 18 177318 5 32094 2829180 5747 0 2
cpu 1 178079 0 35690 2816328 8150 0 749
cpu 0 208336 45 34954 2762268 9923 0 1151
cpu 3 197069 0 51879 2785163 7419 0 596
cpu 2 191637 0 47848 2793019 9221 0 190
cpu 5 197190 0 52415 2786098 7333 0 455
cpu 4 191332 1 52844 2790258 7816 0 112
cpu 7 170315 0 51480 2814540 6437 0 540
cpu 6 193361 0 51689 2790654 7713 0 327
cpu 9 161735 0 51283 2820417 7654 0 376
cpu 8 157048 0 57561 2820932 6030 0 336
mem 1 99033092 97143440 1889652 54500 1230004 184 16 1099716 70624 184916 4324 0 0 174876 0 0 0
mem 0 97636988 62015364 35621624 371996 34200876 288 0 34101392 1595148 474988 8716 0 0 462568 4096 0 0
net lo 0 0 2962869 0 0 0 0 0 0 0 0 0 24106 0 2962869 0 0 0 0 0 0 24106 0
net virbr0 0 733 9961513825 0 0 0 0 0 0 0 0 0 39722056 0 38380735290 0 0 0 0 0 0 23513050 0
net eno1 0 152044 40328467704 0 0 353 0 0 0 0 0 0 30195375 0 1206930730 0 0 0 0 0 0 5952512 0
net vnet35 0 0 719264 0 0 0 0 0 0 0 0 0 3898 0 685703 0 0 0 0 0 0 3186 0
numa 1 102053945 18781169 10118603 29535 102009686 18825411
numa 0 101865567 10118603 18781169 29710 101863934 10119842
ps - 488530865 222096 520 378 255 5 686
sysv_shm - 0 0
tmpfs /run/lock 0 6
tmpfs /run 2080768 1098
tmpfs /run/user/20029 0 20
tmpfs /run/qemu 0 1
tmpfs /dev/shm 37615439872 105371
vfs - 133589 2584 182996
vm - 2 20071092 434419317 252290 1617408 231361390 277190579 75482466 6522712 174472101 54211 0 0 0 0 0 1811072 0 311878 5997 0 1617252 74 0 3 0 0

1778475752.371565 0 node0.mimesys-workload.ldos-ut-pg0.wisc.cloudlab.us
block sda 497184 209272 40134728 286893 2629345 17765231 868838923 12869267 0 2205340 13418012
block sdb 479 0 7540 438 4 0 0 0 0 556 439
cpu 11 167790 0 52265 2815917 6811 0 5
cpu 10 194261 2 47152 2795793 8882 0 4
cpu 13 163279 0 47484 2825554 6489 0 4
cpu 12 166250 0 46577 2824231 6939 0 2
cpu 15 165136 2 45392 2826104 6469 0 3
cpu 14 159074 0 46615 2831838 6453 0 4
cpu 17 150414 0 45486 2840889 6652 0 1
cpu 16 160308 0 44039 2834123 5879 0 1
cpu 19 131111 0 31686 2875189 6200 0 1
cpu 18 177318 5 32095 2829282 5747 0 2
cpu 1 178156 0 35691 2816351 8150 0 750
cpu 0 208415 45 34956 2762289 9923 0 1151
cpu 3 197148 0 51881 2785185 7419 0 596
cpu 2 191712 0 47850 2793047 9221 0 190
cpu 5 197269 0 52417 2786122 7333 0 455
cpu 4 191415 1 52844 2790276 7816 0 112
cpu 7 170316 0 51481 2814642 6437 0 540
cpu 6 193362 0 51689 2790757 7713 0 327
cpu 9 161735 0 51284 2820521 7655 0 376
cpu 8 157050 0 57562 2821035 6030 0 336
mem 1 99033092 97142944 1890148 54508 1230956 104 0 1099716 70572 185812 3648 0 0 174876 0 0 0
mem 0 97636988 62015868 35621120 371996 34201720 104 0 34101392 1595148 475844 8668 0 0 462544 4096 0 0
net lo 0 0 2964036 0 0 0 0 0 0 0 0 0 24114 0 2964036 0 0 0 0 0 0 24114 0
net virbr0 0 733 9961517551 0 0 0 0 0 0 0 0 0 39722074 0 38380738980 0 0 0 0 0 0 23513062 0
net eno1 0 152044 40328474281 0 0 353 0 0 0 0 0 0 30195475 0 1206932196 0 0 0 0 0 0 5952520 0
net vnet35 0 0 723242 0 0 0 0 0 0 0 0 0 3916 0 689393 0 0 0 0 0 0 3198 0
numa 1 102063237 18781169 10118603 29535 102018978 18825411
numa 0 101866185 10118603 18781169 29710 101864552 10119842
ps - 488538720 222175 520 378 255 5 684
sysv_shm - 0 0
tmpfs /run/lock 0 6
tmpfs /run 2080768 1098
tmpfs /run/user/20029 0 20
tmpfs /run/qemu 0 1
tmpfs /dev/shm 37615439872 105371
vfs - 133593 2584 183002
vm - 2 20071100 434419461 252290 1617408 231371300 277200069 75482469 6522712 174487482 54211 0 0 0 0 0 1811072 0 311878 5997 0 1617252 74 0 3 0 0

1778475753.412355 0 node0.mimesys-workload.ldos-ut-pg0.wisc.cloudlab.us
block sda 497184 209272 40134728 286893 2629731 17765252 868844107 12869304 0 2205372 13418048
block sdb 479 0 7540 438 4 0 0 0 0 556 439
cpu 11 167792 0 52267 2816016 6811 0 5
cpu 10 194262 2 47154 2795893 8882 0 4
cpu 13 163280 0 47488 2825654 6489 0 4
cpu 12 166251 0 46580 2824332 6939 0 2
cpu 15 165138 2 45396 2826203 6469 0 3
cpu 14 159076 0 46618 2831938 6453 0 4
cpu 17 150414 0 45486 2840991 6652 0 1
cpu 16 160309 0 44042 2834223 5879 0 1
cpu 19 131113 0 31687 2875290 6200 0 1
cpu 18 177318 5 32097 2829384 5747 0 2
cpu 1 178232 0 35692 2816377 8150 0 750
cpu 0 208489 45 34958 2762317 9923 0 1151
cpu 3 197219 0 51882 2785212 7419 0 596
cpu 2 191787 0 47851 2793069 9221 0 190
cpu 5 197351 0 52418 2786142 7333 0 455
cpu 4 191496 1 52845 2790296 7816 0 112
cpu 7 170316 0 51482 2814746 6437 0 540
cpu 6 193362 0 51689 2790860 7713 0 327
cpu 9 161736 0 51284 2820623 7655 0 376
cpu 8 157050 0 57562 2821138 6030 0 336
mem 1 99033092 97143392 1889700 54508 1229916 136 0 1099720 70624 184880 4116 0 0 174796 0 0 0
mem 0 97636988 62015616 35621372 371992 34201240 164 0 34101400 1595152 475320 8676 0 0 462568 4096 0 0
net lo 0 0 2964593 0 0 0 0 0 0 0 0 0 24118 0 2964593 0 0 0 0 0 0 24118 0
net virbr0 0 733 9961518503 0 0 0 0 0 0 0 0 0 39722084 0 38380739978 0 0 0 0 0 0 23513071 0
net eno1 0 152054 40328481956 0 0 353 0 0 0 0 0 0 30195590 0 1206932715 0 0 0 0 0 0 5952526 0
net vnet35 0 0 724334 0 0 0 0 0 0 0 0 0 3926 0 690443 0 0 0 0 0 0 3208 0
numa 1 102071012 18781169 10118603 29535 102026753 18825411
numa 0 101867023 10118603 18781169 29710 101865390 10119842
ps - 488547492 222251 520 378 255 6 686
sysv_shm - 0 0
tmpfs /run/lock 0 6
tmpfs /run 2080768 1098
tmpfs /run/user/20029 0 20
tmpfs /run/qemu 0 1
tmpfs /dev/shm 37615439872 105371
vfs - 133600 2504 183087
vm - 2 20071100 434422053 252290 1617408 231379913 277209112 75482473 6522712 174500187 54211 0 0 0 0 0 1811072 0 311878 5997 0 1617252 74 0 3 0 0

1778475754.452649 0 node0.mimesys-workload.ldos-ut-pg0.wisc.cloudlab.us
block sda 497184 209272 40134728 286893 2629731 17765252 868844107 12869304 0 2205372 13418048
block sdb 479 0 7540 438 4 0 0 0 0 556 439
cpu 11 167794 0 52270 2816116 6811 0 5
cpu 10 194271 2 47156 2795987 8882 0 4
cpu 13 163281 0 47489 2825755 6489 0 4
cpu 12 166253 0 46580 2824432 6939 0 2
cpu 15 165140 2 45396 2826304 6469 0 3
cpu 14 159078 0 46621 2832037 6453 0 4
cpu 17 150416 0 45490 2841091 6652 0 1
cpu 16 160311 0 44045 2834321 5879 0 1
cpu 19 131113 0 31690 2875392 6200 0 1
cpu 18 177320 5 32100 2829485 5747 0 2
cpu 1 178295 0 35694 2816412 8150 0 750
cpu 0 208549 45 34960 2762357 9923 0 1151
cpu 3 197289 0 51883 2785245 7419 0 596
cpu 2 191848 0 47853 2793109 9221 0 190
cpu 5 197414 0 52418 2786182 7333 0 455
cpu 4 191567 1 52847 2790331 7816 0 112
cpu 7 170316 0 51484 2814848 6437 0 540
cpu 6 193363 0 51689 2790963 7713 0 327
cpu 9 161737 0 51284 2820726 7655 0 376
cpu 8 157050 0 57562 2821241 6030 0 336
mem 1 99033092 97144036 1889056 54504 1230724 156 0 1099724 70180 185604 3744 0 0 174756 0 0 0
mem 0 97636988 62014680 35622308 371992 34200652 196 0 34101400 1595152 474656 8588 0 0 462544 4096 0 0
net lo 0 0 2965760 0 0 0 0 0 0 0 0 0 24126 0 2965760 0 0 0 0 0 0 24126 0
net virbr0 0 733 9961523181 0 0 0 0 0 0 0 0 0 39722112 0 38380744666 0 0 0 0 0 0 23513092 0
net eno1 0 152054 40328489613 0 0 353 0 0 0 0 0 0 30195708 0 1206933973 0 0 0 0 0 0 5952532 0
net vnet35 0 0 729404 0 0 0 0 0 0 0 0 0 3954 0 695131 0 0 0 0 0 0 3229 0
numa 1 102080041 18781169 10118603 29535 102035782 18825411
numa 0 101867956 10118603 18781169 29710 101866323 10119842
ps - 488555539 222331 518 380 256 2 686
sysv_shm - 0 0
tmpfs /run/lock 0 6
tmpfs /run 2080768 1098
tmpfs /run/user/20029 0 20
tmpfs /run/qemu 0 1
tmpfs /dev/shm 37615439872 105371
vfs - 133589 2464 182996
vm - 2 20071100 434422053 252290 1617408 231389875 277219059 75482475 6522712 174515626 54211 0 0 0 0 0 1811072 0 311878 5997 0 1617252 74 0 3 0 0

1778475755.493992 0 node0.mimesys-workload.ldos-ut-pg0.wisc.cloudlab.us
block sda 497184 209272 40134728 286893 2629740 17765264 868844283 12869307 0 2205380 13418052
block sdb 479 0 7540 438 4 0 0 0 0 556 439
cpu 11 167795 0 52272 2816216 6811 0 5
cpu 10 194271 2 47158 2796089 8882 0 4
cpu 13 163290 0 47492 2825848 6489 0 4
cpu 12 166256 0 46583 2824534 6939 0 2
cpu 15 165141 2 45400 2826402 6469 0 3
cpu 14 159079 0 46622 2832139 6453 0 4
cpu 17 150416 0 45495 2841189 6652 0 1
cpu 16 160312 0 44049 2834420 5879 0 1
cpu 19 131114 0 31693 2875492 6200 0 1
cpu 18 177320 5 32103 2829584 5747 0 2
cpu 1 178375 0 35695 2816434 8150 0 750
cpu 0 208626 45 34960 2762383 9923 0 1151
cpu 3 197375 0 51884 2785261 7419 0 596
cpu 2 191926 0 47853 2793135 9221 0 190
cpu 5 197492 0 52420 2786205 7333 0 455
cpu 4 191642 1 52848 2790356 7816 0 112
cpu 7 170318 0 51484 2814950 6437 0 540
cpu 6 193363 0 51689 2791066 7713 0 327
cpu 9 161738 0 51284 2820830 7655 0 376
cpu 8 157051 0 57564 2821343 6030 0 336
mem 1 99033092 97144372 1888720 54512 1230464 192 0 1099728 71336 185424 4004 0 0 174724 0 0 0
mem 0 97636988 62014680 35622308 371996 34201832 248 0 34101424 1595168 475804 8624 0 0 462544 4096 0 0
net lo 0 0 2966927 0 0 0 0 0 0 0 0 0 24134 0 2966927 0 0 0 0 0 0 24134 0
net virbr0 0 733 9961526079 0 0 0 0 0 0 0 0 0 39722129 0 38380748356 0 0 0 0 0 0 23513104 0
net eno1 0 152065 40328496148 0 0 353 0 0 0 0 0 0 30195807 0 1206935693 0 0 0 0 0 0 5952541 0
net vnet35 0 0 732540 0 0 0 0 0 0 0 0 0 3971 0 698873 0 0 0 0 0 0 3242 0
numa 1 102089244 18781169 10118603 29535 102044985 18825411
numa 0 101868577 10118603 18781169 29710 101866944 10119842
ps - 488562793 222410 518 380 256 5 686
sysv_shm - 0 0
tmpfs /run/lock 0 6
tmpfs /run 2080768 1098
tmpfs /run/user/20029 0 20
tmpfs /run/qemu 0 1
tmpfs /dev/shm 37615439872 105371
vfs - 133592 2424 183006
vm - 2 20071100 434422141 252290 1617408 231399699 277228507 75482481 6522712 174530803 54211 0 0 0 0 0 1811072 0 311878 5997 0 1617252 74 0 3 0 0

1778475756.533294 0 node0.mimesys-workload.ldos-ut-pg0.wisc.cloudlab.us
block sda 497184 209272 40134728 286893 2629823 17765264 868845011 12869327 0 2205388 13418071
block sdb 479 0 7540 438 4 0 0 0 0 556 439
cpu 11 167798 0 52273 2816315 6811 0 5
cpu 10 194271 2 47160 2796191 8882 0 4
cpu 13 163293 0 47496 2825945 6489 0 4
cpu 12 166256 0 46585 2824634 6939 0 2
cpu 15 165144 2 45404 2826500 6469 0 3
cpu 14 159081 0 46624 2832240 6453 0 4
cpu 17 150417 0 45499 2841289 6652 0 1
cpu 16 160313 0 44051 2834521 5879 0 1
cpu 19 131115 0 31694 2875593 6200 0 1
cpu 18 177322 5 32104 2829684 5747 0 2
cpu 1 178454 0 35696 2816457 8150 0 750
cpu 0 208710 45 34961 2762402 9923 0 1151
cpu 3 197453 0 51884 2785286 7419 0 596
cpu 2 192005 0 47856 2793158 9221 0 190
cpu 5 197571 0 52421 2786228 7333 0 455
cpu 4 191720 1 52850 2790379 7816 0 112
cpu 7 170319 0 51484 2815053 6437 0 540
cpu 6 193363 0 51689 2791169 7713 0 327
cpu 9 161738 0 51285 2820933 7655 0 376
cpu 8 157052 0 57565 2821447 6030 0 336
mem 1 99033092 97144824 1888268 54512 1229208 172 0 1099728 70576 184116 3752 0 0 174700 0 0 0
mem 0 97636988 62015184 35621804 372000 34200928 240 0 34101424 1595168 474952 8712 0 0 462536 4096 0 0
net lo 0 0 2967484 0 0 0 0 0 0 0 0 0 24138 0 2967484 0 0 0 0 0 0 24138 0
net virbr0 0 733 9961527859 0 0 0 0 0 0 0 0 0 39722140 0 38380749354 0 0 0 0 0 0 23513113 0
net eno1 0 152065 40328502625 0 0 353 0 0 0 0 0 0 30195907 0 1206937048 0 0 0 0 0 0 5952547 0
net vnet35 0 0 734474 0 0 0 0 0 0 0 0 0 3982 0 699923 0 0 0 0 0 0 3252 0
numa 1 102097366 18781169 10118603 29535 102053107 18825411
numa 0 101868764 10118603 18781169 29710 101867131 10119842
ps - 488570532 222484 518 380 256 6 686
sysv_shm - 0 0
tmpfs /run/lock 0 6
tmpfs /run 2080768 1098
tmpfs /run/user/20029 0 20
tmpfs /run/qemu 0 1
tmpfs /dev/shm 37615439872 105371
vfs - 133600 2464 183084
vm - 2 20071100 434422505 252290 1617408 231408008 277237185 75482485 6522712 174543670 54211 0 0 0 0 0 1811072 0 311878 5997 0 1617252 74 0 3 0 0

1778475757.572693 0 node0.mimesys-workload.ldos-ut-pg0.wisc.cloudlab.us
block sda 497184 209272 40134728 286893 2629830 17765264 868845371 12869328 0 2205400 13418073
block sdb 479 0 7540 438 4 0 0 0 0 556 439
cpu 11 167800 0 52276 2816416 6811 0 5
cpu 10 194279 2 47162 2796284 8882 0 4
cpu 13 163294 0 47500 2826045 6489 0 4
cpu 12 166258 0 46588 2824734 6939 0 2
cpu 15 165146 2 45406 2826600 6469 0 3
cpu 14 159082 0 46626 2832340 6453 0 4
cpu 17 150418 0 45502 2841388 6652 0 1
cpu 16 160315 0 44053 2834622 5879 0 1
cpu 19 131118 0 31697 2875691 6200 0 1
cpu 18 177323 5 32106 2829785 5747 0 2
cpu 1 178535 0 35697 2816477 8150 0 750
cpu 0 208790 45 34962 2762424 9923 0 1151
cpu 3 197532 0 51887 2785309 7419 0 596
cpu 2 192090 0 47857 2793174 9221 0 190
cpu 5 197654 0 52422 2786246 7333 0 455
cpu 4 191800 1 52853 2790400 7816 0 112
cpu 7 170319 0 51485 2815157 6437 0 540
cpu 6 193364 0 51690 2791270 7713 0 327
cpu 9 161738 0 51285 2821036 7655 0 376
cpu 8 157052 0 57565 2821550 6030 0 336
mem 1 99033092 97144020 1889072 54524 1230184 136 0 1099732 70896 184740 3912 0 0 174708 0 0 0
mem 0 97636988 62015184 35621804 372000 34201204 160 0 34101440 1595184 475192 8600 0 0 462536 4096 0 0
net lo 0 0 2968651 0 0 0 0 0 0 0 0 0 24146 0 2968651 0 0 0 0 0 0 24146 0
net virbr0 0 733 9961532537 0 0 0 0 0 0 0 0 0 39722168 0 38380754042 0 0 0 0 0 0 23513134 0
net eno1 0 152075 40328510740 0 0 353 0 0 0 0 0 0 30196022 0 1206937494 0 0 0 0 0 0 5952551 0
net vnet35 0 0 739544 0 0 0 0 0 0 0 0 0 4010 0 704611 0 0 0 0 0 0 3273 0
numa 1 102106978 18781169 10118603 29535 102062719 18825411
numa 0 101869214 10118603 18781169 29710 101867581 10119842
ps - 488578485 222565 518 380 256 7 686
sysv_shm - 0 0
tmpfs /run/lock 0 6
tmpfs /run 2080768 1098
tmpfs /run/user/20029 0 20
tmpfs /run/qemu 0 1
tmpfs /dev/shm 37615439872 105371
vfs - 133589 2464 182996
vm - 2 20071100 434422685 252290 1617408 231418070 277247241 75482488 6522712 174559228 54211 0 0 0 0 0 1811072 0 311878 5997 0 1617252 74 0 3 0 0

1778475758.610367 0 node0.mimesys-workload.ldos-ut-pg0.wisc.cloudlab.us
block sda 497184 209272 40134728 286893 2629830 17765264 868845371 12869328 0 2205400 13418073
block sdb 479 0 7540 438 4 0 0 0 0 556 439
cpu 11 167802 0 52278 2816515 6811 0 5
cpu 10 194280 2 47164 2796386 8882 0 4
cpu 13 163296 0 47502 2826145 6489 0 4
cpu 12 166259 0 46591 2824833 6939 0 2
cpu 15 165147 2 45412 2826697 6469 0 3
cpu 14 159086 0 46627 2832439 6453 0 4
cpu 17 150419 0 45506 2841487 6652 0 1
cpu 16 160316 0 44055 2834722 5879 0 1
cpu 19 131120 0 31698 2875792 6200 0 1
cpu 18 177323 5 32108 2829885 5747 0 2
cpu 1 178617 0 35697 2816497 8150 0 750
cpu 0 208863 45 34963 2762450 9923 0 1151
cpu 3 197608 0 51888 2785334 7419 0 596
cpu 2 192170 0 47858 2793195 9221 0 190
cpu 5 197740 0 52424 2786263 7333 0 455
cpu 4 191880 1 52855 2790424 7816 0 112
cpu 7 170320 0 51486 2815259 6437 0 540
cpu 6 193365 0 51690 2791373 7713 0 327
cpu 9 161738 0 51286 2821139 7655 0 376
cpu 8 157052 0 57566 2821654 6030 0 336
mem 1 99033092 97142532 1890560 54512 1230692 140 0 1099732 71408 185632 3884 0 0 174668 0 0 0
mem 0 97636988 62015568 35621420 372000 34201308 180 0 34101444 1595632 475320 8676 0 0 462536 4096 0 0
net lo 0 0 2969818 0 0 0 0 0 0 0 0 0 24154 0 2969818 0 0 0 0 0 0 24154 0
net virbr0 0 733 9961532537 0 0 0 0 0 0 0 0 0 39722168 0 38380754042 0 0 0 0 0 0 23513134 0
net eno1 0 152088 40328518583 0 0 353 0 0 0 0 0 0 30196143 0 1206939016 0 0 0 0 0 0 5952559 0
net vnet35 0 0 739544 0 0 0 0 0 0 0 0 0 4010 0 704663 0 0 0 0 0 0 3274 0
numa 1 102115836 18781169 10118603 29535 102071577 18825411
numa 0 101869571 10118603 18781169 29710 101867938 10119842
ps - 488586643 222643 518 380 256 6 690
sysv_shm - 0 0
tmpfs /run/lock 0 6
tmpfs /run 2080768 1098
tmpfs /run/user/20029 0 20
tmpfs /run/qemu 0 1
tmpfs /dev/shm 37615439872 105371
vfs - 133599 2544 183023
vm - 2 20071100 434422685 252290 1617408 231427288 277255599 75482490 6522712 174573389 54211 0 0 0 0 0 1811072 0 311878 5997 0 1617252 74 0 3 0 0

1778475759.650154 0 node0.mimesys-workload.ldos-ut-pg0.wisc.cloudlab.us
block sda 497184 209272 40134728 286893 2629830 17765264 868845371 12869328 0 2205400 13418073
block sdb 479 0 7540 438 4 0 0 0 0 556 439
cpu 11 167804 0 52281 2816614 6811 0 5
cpu 10 194280 2 47165 2796487 8882 0 4
cpu 13 163299 0 47505 2826242 6489 0 4
cpu 12 166262 0 46593 2824933 6939 0 2
cpu 15 165149 2 45417 2826793 6469 0 3
cpu 14 159088 0 46630 2832538 6453 0 4
cpu 17 150421 0 45508 2841587 6652 0 1
cpu 16 160322 0 44057 2834817 5879 0 1
cpu 19 131120 0 31701 2875893 6200 0 1
cpu 18 177324 5 32110 2829987 5747 0 2
cpu 1 178693 0 35700 2816517 8150 0 750
cpu 0 208948 45 34964 2762467 9923 0 1151
cpu 3 197688 0 51890 2785356 7419 0 596
cpu 2 192250 0 47860 2793217 9221 0 190
cpu 5 197826 0 52425 2786283 7333 0 455
cpu 4 191956 1 52858 2790447 7816 0 112
cpu 7 170320 0 51487 2815363 6437 0 540
cpu 6 193366 0 51690 2791476 7713 0 327
cpu 9 161739 0 51288 2821241 7655 0 376
cpu 8 157053 0 57566 2821757 6030 0 336
mem 1 99033092 97139840 1893252 54524 1229012 156 0 1099736 70232 183932 4032 0 0 174668 0 0 0
mem 0 97636988 62015568 35621420 372004 34201276 220 0 34101448 1595188 475332 8712 0 0 462532 4096 0 0
net lo 0 0 2970375 0 0 0 0 0 0 0 0 0 24158 0 2970375 0 0 0 0 0 0 24158 0
net virbr0 0 733 9961537215 0 0 0 0 0 0 0 0 0 39722196 0 38380758730 0 0 0 0 0 0 23513155 0
net eno1 0 152088 40328524886 0 0 353 0 0 0 0 0 0 30196240 0 1206940303 0 0 0 0 0 0 5952565 0
net vnet35 0 0 744614 0 0 0 0 0 0 0 0 0 4038 0 709351 0 0 0 0 0 0 3295 0
numa 1 102124904 18781169 10118603 29535 102080645 18825411
numa 0 101869946 10118603 18781169 29710 101868313 10119842
ps - 488594778 222722 525 384 258 7 686
sysv_shm - 0 0
tmpfs /run/lock 0 6
tmpfs /run 2080768 1098
tmpfs /run/user/20029 0 20
tmpfs /run/qemu 0 1
tmpfs /dev/shm 37615439872 105371
vfs - 133600 2504 183085
vm - 2 20071100 434422685 252290 1617408 231436728 277265914 75482500 6522712 174587899 54211 0 0 0 0 0 1811072 0 311878 5997 0 1617252 74 0 3 0 0

1778475760.691335 0 node0.mimesys-workload.ldos-ut-pg0.wisc.cloudlab.us
block sda 497184 209272 40134728 286893 2629848 17765275 868845603 12869332 0 2205408 13418077
block sdb 479 0 7540 438 4 0 0 0 0 556 439
cpu 11 167807 0 52283 2816713 6811 0 5
cpu 10 194281 2 47166 2796589 8882 0 4
cpu 13 163301 0 47508 2826341 6489 0 4
cpu 12 166264 0 46595 2825033 6939 0 2
cpu 15 165150 2 45418 2826895 6469 0 3
cpu 14 159089 0 46632 2832640 6453 0 4
cpu 17 150422 0 45511 2841686 6652 0 1
cpu 16 160324 0 44058 2834918 5879 0 1
cpu 19 131126 0 31703 2875989 6200 0 1
cpu 18 177328 5 32112 2830085 5747 0 2
cpu 1 178773 0 35700 2816535 8150 0 750
cpu 0 209024 45 34966 2762491 9923 0 1151
cpu 3 197770 0 51890 2785377 7419 0 596
cpu 2 192332 0 47862 2793237 9221 0 190
cpu 5 197908 0 52425 2786306 7333 0 455
cpu 4 192038 1 52860 2790463 7816 0 112
cpu 7 170320 0 51488 2815465 6437 0 540
cpu 6 193366 0 51691 2791580 7713 0 327
cpu 9 161739 0 51289 2821345 7655 0 376
cpu 8 157054 0 57568 2821859 6030 0 336
mem 1 99033092 97140124 1892968 54520 1230320 140 0 1099736 70980 185172 3904 0 0 174668 0 0 0
mem 0 97636988 62015316 35621672 372012 34201328 224 0 34101460 1595192 475320 8676 0 0 462532 4096 0 0
net lo 0 0 2971542 0 0 0 0 0 0 0 0 0 24166 0 2971542 0 0 0 0 0 0 24166 0
net virbr0 0 733 9961540113 0 0 0 0 0 0 0 0 0 39722213 0 38380762420 0 0 0 0 0 0 23513167 0
net eno1 0 152096 40328531097 0 0 353 0 0 0 0 0 0 30196334 0 1206940815 0 0 0 0 0 0 5952570 0
net vnet35 0 0 747750 0 0 0 0 0 0 0 0 0 4055 0 713093 0 0 0 0 0 0 3308 0
numa 1 102134051 18781169 10118603 29535 102089792 18825411
numa 0 101870546 10118603 18781169 29710 101868913 10119842
ps - 488602388 222801 525 384 258 7 686
sysv_shm - 0 0
tmpfs /run/lock 0 6
tmpfs /run 2080768 1098
tmpfs /run/user/20029 0 20
tmpfs /run/qemu 0 1
tmpfs /dev/shm 37615439872 105371
vfs - 133591 2544 182998
vm - 2 20071100 434422801 252290 1617408 231446476 277275295 75482502 6522712 174603133 54211 0 0 0 0 0 1811072 0 311878 5997 0 1617252 74 0 3 0 0

1778475761.732993 0 node0.mimesys-workload.ldos-ut-pg0.wisc.cloudlab.us
block sda 497184 209272 40134728 286893 2629937 17765275 868846387 12869346 0 2205412 13418091
block sdb 479 0 7540 438 4 0 0 0 0 556 439
cpu 11 167809 0 52285 2816814 6811 0 5
cpu 10 194283 2 47167 2796689 8882 0 4
cpu 13 163302 0 47512 2826441 6489 0 4
cpu 12 166264 0 46597 2825135 6939 0 2
cpu 15 165152 2 45422 2826992 6469 0 3
cpu 14 159090 0 46634 2832741 6453 0 4
cpu 17 150424 0 45512 2841787 6652 0 1
cpu 16 160325 0 44060 2835019 5879 0 1
cpu 19 131130 0 31704 2876090 6200 0 1
cpu 18 177329 5 32114 2830186 5747 0 2
cpu 1 178842 0 35700 2816567 8150 0 750
cpu 0 209084 45 34967 2762533 9923 0 1151
cpu 3 197833 0 51892 2785417 7419 0 596
cpu 2 192392 0 47862 2793282 9221 0 190
cpu 5 197974 0 52427 2786343 7333 0 455
cpu 4 192095 1 52861 2790509 7816 0 112
cpu 7 170321 0 51488 2815568 6437 0 540
cpu 6 193366 0 51691 2791683 7713 0 327
cpu 9 161740 0 51290 2821447 7655 0 376
cpu 8 157054 0 57568 2821962 6030 0 336
mem 1 99033092 97138868 1894224 54524 1228796 8 0 1099740 70184 183704 3876 0 0 174684 0 0 0
mem 0 97636988 62014308 35622680 372012 34201372 4 0 34101480 1595212 475380 8676 0 0 462532 4096 0 0
net lo 0 0 2972099 0 0 0 0 0 0 0 0 0 24170 0 2972099 0 0 0 0 0 0 24170 0
net virbr0 0 733 9961541893 0 0 0 0 0 0 0 0 0 39722224 0 38380763418 0 0 0 0 0 0 23513176 0
net eno1 0 152096 40328537520 0 0 353 0 0 0 0 0 0 30196433 0 1206942138 0 0 0 0 0 0 5952576 0
net vnet35 0 0 749684 0 0 0 0 0 0 0 0 0 4066 0 714091 0 0 0 0 0 0 3317 0
numa 1 102141410 18781169 10118603 29535 102097151 18825411
numa 0 101871487 10118603 18781169 29710 101869854 10119842
ps - 488609491 222875 525 384 258 2 686
sysv_shm - 0 0
tmpfs /run/lock 0 6
tmpfs /run 2080768 1098
tmpfs /run/user/20029 0 20
tmpfs /run/qemu 0 1
tmpfs /dev/shm 37615439872 105371
vfs - 133591 2424 183012
vm - 2 20071100 434423193 252290 1617408 231454775 277283956 75482506 6522712 174615963 54211 0 0 0 0 0 1811072 0 311878 5997 0 1617252 74 0 3 0 0

1778475762.773220 0 node0.mimesys-workload.ldos-ut-pg0.wisc.cloudlab.us
block sda 497184 209272 40134728 286893 2629941 17765275 868846475 12869346 0 2205420 13418092
block sdb 479 0 7540 438 4 0 0 0 0 556 439
cpu 11 167810 0 52287 2816915 6811 0 5
cpu 10 194284 2 47170 2796791 8882 0 4
cpu 13 163305 0 47513 2826541 6489 0 4
cpu 12 166266 0 46600 2825232 6939 0 2
cpu 15 165154 2 45426 2827089 6469 0 3
cpu 14 159090 0 46636 2832842 6453 0 4
cpu 17 150425 0 45514 2841887 6652 0 1
cpu 16 160327 0 44061 2835119 5879 0 1
cpu 19 131136 0 31709 2876184 6200 0 1
cpu 18 177332 5 32115 2830287 5747 0 2
cpu 1 178924 0 35702 2816586 8150 0 750
cpu 0 209158 45 34970 2762557 9923 0 1151
cpu 3 197917 0 51893 2785434 7419 0 596
cpu 2 192477 0 47863 2793297 9221 0 190
cpu 5 198052 0 52429 2786363 7333 0 455
cpu 4 192182 1 52861 2790524 7816 0 112
cpu 7 170322 0 51489 2815670 6437 0 540
cpu 6 193366 0 51692 2791785 7713 0 327
cpu 9 161740 0 51290 2821550 7655 0 376
cpu 8 157054 0 57569 2822064 6030 0 336
mem 1 99033092 97139884 1893208 54524 1228856 116 0 1099740 70188 183760 3888 0 0 174676 0 0 0
mem 0 97636988 62014812 35622176 372020 34201308 136 0 34101480 1595212 475320 8676 0 0 462532 4096 0 0
net lo 0 0 2973266 0 0 0 0 0 0 0 0 0 24178 0 2973266 0 0 0 0 0 0 24178 0
net virbr0 0 733 9961546571 0 0 0 0 0 0 0 0 0 39722252 0 38380768106 0 0 0 0 0 0 23513197 0
net eno1 0 152105 40328544103 0 0 353 0 0 0 0 0 0 30196533 0 1206943494 0 0 0 0 0 0 5952583 0
net vnet35 0 0 754754 0 0 0 0 0 0 0 0 0 4094 0 718831 0 0 0 0 0 0 3339 0
numa 1 102150752 18781169 10118603 29535 102106493 18825411
numa 0 101872124 10118603 18781169 29710 101870491 10119842
ps - 488617293 222955 525 384 258 5 686
sysv_shm - 0 0
tmpfs /run/lock 0 6
tmpfs /run 2080768 1098
tmpfs /run/user/20029 0 20
tmpfs /run/qemu 0 1
tmpfs /dev/shm 37615439872 105371
vfs - 133598 2504 183068
vm - 2 20071100 434423237 252290 1617408 231464755 277293934 75482509 6522712 174631439 54211 0 0 0 0 0 1811072 0 311878 5997 0 1617252 74 0 3 0 0

1778475763.815307 0 node0.mimesys-workload.ldos-ut-pg0.wisc.cloudlab.us
block sda 497184 209272 40134728 286893 2629943 17765276 868846523 12869346 0 2205424 13418092
block sdb 479 0 7540 438 4 0 0 0 0 556 439
cpu 11 167818 0 52291 2817006 6811 0 5
cpu 10 194285 2 47172 2796890 8882 0 4
cpu 13 163314 0 47518 2826631 6489 0 4
cpu 12 166285 0 46604 2825314 6939 0 2
cpu 15 165156 2 45428 2827188 6469 0 3
cpu 14 159093 0 46642 2832939 6453 0 4
cpu 17 150427 0 45516 2841987 6652 0 1
cpu 16 160330 0 44064 2835216 5879 0 1
cpu 19 131149 0 31715 2876267 6200 0 1
cpu 18 177340 5 32118 2830379 5747 0 2
cpu 1 178999 0 35703 2816611 8150 0 750
cpu 0 209240 45 34971 2762578 9923 0 1151
cpu 3 197994 0 51894 2785460 7419 0 596
cpu 2 192561 0 47865 2793317 9221 0 190
cpu 5 198137 0 52430 2786382 7333 0 455
cpu 4 192260 1 52862 2790547 7816 0 112
cpu 7 170324 0 51490 2815771 6437 0 540
cpu 6 193370 0 51693 2791883 7713 0 327
cpu 9 161744 0 51291 2821649 7655 0 376
cpu 8 157056 0 57571 2822164 6030 0 336
mem 1 99033092 97150852 1882240 54532 1230708 124 0 1099744 70672 185652 4020 0 0 175004 0 0 0
mem 0 97636988 62012044 35624944 372024 34202160 148 0 34101480 1595212 476144 8728 0 0 462532 4096 0 0
net lo 0 0 2975943 0 0 0 0 0 0 0 0 0 24210 0 2975943 0 0 0 0 0 0 24210 0
net virbr0 0 733 9961549361 0 0 0 0 0 0 0 0 0 39722267 0 38380770990 0 0 0 0 0 0 23513208 0
net eno1 0 152105 40328550985 0 0 353 0 0 0 0 0 0 30196635 0 1206944271 0 0 0 0 0 0 5952591 0
net vnet35 0 0 757754 0 0 0 0 0 0 0 0 0 4109 0 721715 0 0 0 0 0 0 3350 0
numa 1 102172313 18781169 10118603 29535 102128054 18825411
numa 0 101874093 10118603 18781169 29710 101872460 10119842
ps - 488630486 223138 525 384 258 8 686
sysv_shm - 0 0
tmpfs /run/lock 0 6
tmpfs /run 2080768 1098
tmpfs /run/user/20029 0 20
tmpfs /run/qemu 0 1
tmpfs /dev/shm 37615439872 105371
vfs - 133591 2544 182998
vm - 2 20071100 434423261 252290 1617408 231488285 277317050 75483337 6522712 174661818 54211 0 0 0 0 0 1811072 0 311878 5997 0 1617252 74 0 3 0 0

1778475764.856907 0 node0.mimesys-workload.ldos-ut-pg0.wisc.cloudlab.us
block sda 497184 209272 40134728 286893 2629943 17765276 868846523 12869346 0 2205424 13418092
block sdb 479 0 7540 438 4 0 0 0 0 556 439
cpu 11 167819 0 52293 2817108 6811 0 5
cpu 10 194287 2 47174 2796990 8882 0 4
cpu 13 163316 0 47518 2826732 6489 0 4
cpu 12 166287 0 46606 2825413 6939 0 2
cpu 15 165158 2 45432 2827287 6469 0 3
cpu 14 159094 0 46645 2833039 6453 0 4
cpu 17 150428 0 45519 2842088 6652 0 1
cpu 16 160332 0 44065 2835318 5879 0 1
cpu 19 131151 0 31717 2876368 6200 0 1
cpu 18 177340 5 32122 2830479 5747 0 2
cpu 1 179074 0 35703 2816636 8150 0 750
cpu 0 209320 45 34972 2762601 9923 0 1151
cpu 3 198075 0 51895 2785480 7419 0 596
cpu 2 192642 0 47866 2793337 9221 0 190
cpu 5 198216 0 52430 2786404 7333 0 455
cpu 4 192342 1 52864 2790568 7816 0 112
cpu 7 170324 0 51490 2815875 6437 0 540
cpu 6 193370 0 51693 2791986 7713 0 327
cpu 9 161744 0 51292 2821752 7655 0 376
cpu 8 157056 0 57573 2822266 6030 0 336
mem 1 99033092 97151856 1881236 54524 1228872 136 0 1099744 70136 183768 3916 0 0 174844 0 0 0
mem 0 97636988 62011540 35625448 372020 34201364 176 0 34101480 1595212 475320 8676 0 0 462532 4096 0 0
net lo 0 0 2976500 0 0 0 0 0 0 0 0 0 24214 0 2976500 0 0 0 0 0 0 24214 0
net virbr0 0 733 9961551325 0 0 0 0 0 0 0 0 0 39722281 0 38380772884 0 0 0 0 0 0 23513219 0
net eno1 0 152115 40328557048 0 0 353 0 0 0 0 0 0 30196728 0 1206945564 0 0 0 0 0 0 5952596 0
net vnet35 0 0 759914 0 0 0 0 0 0 0 0 0 4123 0 723731 0 0 0 0 0 0 3363 0
numa 1 102180209 18781169 10118603 29535 102135950 18825411
numa 0 101874466 10118603 18781169 29710 101872833 10119842
ps - 488637961 223212 507 382 258 6 686
sysv_shm - 0 0
tmpfs /run/lock 0 6
tmpfs /run 2080768 1098
tmpfs /run/user/20029 0 20
tmpfs /run/qemu 0 1
tmpfs /dev/shm 37615439872 105371
vfs - 133590 2504 183004
vm - 2 20071100 434423261 252290 1617408 231496553 277325721 75483342 6522712 174674589 54211 0 0 0 0 0 1811072 0 311878 5997 0 1617252 74 0 3 0 0

1778475765.894519 0 node0.mimesys-workload.ldos-ut-pg0.wisc.cloudlab.us
block sda 497184 209272 40134728 286893 2629948 17765286 868846643 12869347 0 2205428 13418093
block sdb 479 0 7540 438 4 0 0 0 0 556 439
cpu 11 167820 0 52296 2817207 6811 0 5
cpu 10 194287 2 47175 2797092 8882 0 4
cpu 13 163318 0 47522 2826831 6489 0 4
cpu 12 166291 0 46608 2825511 6939 0 2
cpu 15 165160 2 45435 2827383 6469 0 3
cpu 14 159095 0 46648 2833139 6453 0 4
cpu 17 150431 0 45522 2842186 6652 0 1
cpu 16 160333 0 44066 2835419 5879 0 1
cpu 19 131158 0 31719 2876461 6200 0 1
cpu 18 177342 5 32125 2830579 5747 0 2
cpu 1 179157 0 35703 2816657 8150 0 750
cpu 0 209400 45 34974 2762624 9923 0 1151
cpu 3 198159 0 51896 2785498 7419 0 596
cpu 2 192724 0 47867 2793356 9221 0 190
cpu 5 198292 0 52432 2786429 7333 0 455
cpu 4 192423 1 52867 2790590 7816 0 112
cpu 7 170324 0 51490 2815979 6437 0 540
cpu 6 193370 0 51693 2792089 7713 0 327
cpu 9 161745 0 51292 2821855 7655 0 376
cpu 8 157057 0 57573 2822370 6030 0 336
mem 1 99033092 97147072 1886020 54532 1230952 168 0 1099748 70892 185876 3908 0 0 174804 0 0 0
mem 0 97636988 62011820 35625168 372020 34200900 232 0 34101488 1595212 474876 8676 0 0 462536 4096 0 0
net lo 0 0 2977667 0 0 0 0 0 0 0 0 0 24222 0 2977667 0 0 0 0 0 0 24222 0
net virbr0 0 733 9961555051 0 0 0 0 0 0 0 0 0 39722299 0 38380776574 0 0 0 0 0 0 23513231 0
net eno1 0 152115 40328564203 0 0 353 0 0 0 0 0 0 30196833 0 1206947126 0 0 0 0 0 0 5952604 0
net vnet35 0 0 763892 0 0 0 0 0 0 0 0 0 4141 0 727421 0 0 0 0 0 0 3375 0
numa 1 102189848 18781169 10118603 29535 102145589 18825411
numa 0 101874688 10118603 18781169 29710 101873055 10119842
ps - 488645662 223291 507 382 258 7 686
sysv_shm - 0 0
tmpfs /run/lock 0 6
tmpfs /run 2080768 1098
tmpfs /run/user/20029 0 20
tmpfs /run/qemu 0 1
tmpfs /dev/shm 37615439872 105371
vfs - 133600 2504 183070
vm - 2 20071100 434423321 252290 1617408 231506414 277335156 75483346 6522712 174689879 54211 0 0 0 0 0 1811072 0 311878 5997 0 1617252 74 0 3 0 0

1778475766.936423 0 node0.mimesys-workload.ldos-ut-pg0.wisc.cloudlab.us
block sda 497184 209272 40134728 286893 2629957 17765286 868846715 12869353 0 2205436 13418098
block sdb 479 0 7540 438 4 0 0 0 0 556 439
cpu 11 167821 0 52298 2817309 6811 0 5
cpu 10 194288 2 47178 2797192 8882 0 4
cpu 13 163320 0 47525 2826929 6489 0 4
cpu 12 166293 0 46610 2825612 6939 0 2
cpu 15 165160 2 45440 2827483 6469 0 3
cpu 14 159096 0 46650 2833240 6453 0 4
cpu 17 150431 0 45523 2842289 6652 0 1
cpu 16 160333 0 44069 2835521 5879 0 1
cpu 19 131159 0 31721 2876563 6200 0 1
cpu 18 177343 5 32126 2830681 5747 0 2
cpu 1 179235 0 35704 2816680 8150 0 750
cpu 0 209482 45 34974 2762644 9923 0 1151
cpu 3 198242 0 51897 2785521 7419 0 596
cpu 2 192806 0 47869 2793377 9221 0 190
cpu 5 198370 0 52432 2786452 7333 0 455
cpu 4 192496 1 52869 2790619 7816 0 112
cpu 7 170325 0 51490 2816082 6437 0 540
cpu 6 193370 0 51693 2792193 7713 0 327
cpu 9 161745 0 51293 2821957 7655 0 376
cpu 8 157057 0 57573 2822473 6030 0 336
mem 1 99033092 97145312 1887780 54532 1228820 144 0 1099752 70188 183772 3888 0 0 174804 0 0 0
mem 0 97636988 62012072 35624916 372028 34201316 244 0 34101492 1595276 475316 8676 0 0 462508 4096 0 0
net lo 0 0 2978224 0 0 0 0 0 0 0 0 0 24226 0 2978224 0 0 0 0 0 0 24226 0
net virbr0 0 733 9961556003 0 0 0 0 0 0 0 0 0 39722309 0 38380777572 0 0 0 0 0 0 23513240 0
net eno1 0 152122 40328571160 0 0 353 0 0 0 0 0 0 30196941 0 1206947537 0 0 0 0 0 0 5952608 0
net vnet35 0 0 764984 0 0 0 0 0 0 0 0 0 4151 0 728471 0 0 0 0 0 0 3385 0
numa 1 102197608 18781169 10118603 29535 102153349 18825411
numa 0 101875089 10118603 18781169 29710 101873456 10119842
ps - 488653635 223365 507 382 258 6 686
sysv_shm - 0 0
tmpfs /run/lock 0 6
tmpfs /run 2080768 1098
tmpfs /run/user/20029 0 20
tmpfs /run/qemu 0 1
tmpfs /dev/shm 37615439872 105371
vfs - 133589 2504 182996
vm - 2 20071100 434423357 252290 1617408 231514575 277343727 75483348 6522712 174702586 54211 0 0 0 0 0 1811072 0 311878 5997 0 1617252 74 0 3 0 0

1778475767.976722 0 node0.mimesys-workload.ldos-ut-pg0.wisc.cloudlab.us
block sda 497185 209272 40134736 286893 2630050 17765286 868847627 12869374 0 2205448 13418120
block sdb 479 0 7540 438 4 0 0 0 0 556 439
cpu 11 167826 0 52300 2817406 6811 0 5
cpu 10 194289 2 47182 2797291 8882 0 4
cpu 13 163322 0 47527 2827030 6489 0 4
cpu 12 166295 0 46614 2825711 6939 0 2
cpu 15 165162 2 45444 2827581 6469 0 3
cpu 14 159098 0 46651 2833341 6453 0 4
cpu 17 150433 0 45524 2842389 6652 0 1
cpu 16 160335 0 44072 2835622 5879 0 1
cpu 19 131166 0 31722 2876658 6200 0 1
cpu 18 177343 5 32130 2830781 5747 0 2
cpu 1 179312 0 35705 2816703 8150 0 751
cpu 0 209565 45 34976 2762664 9923 0 1151
cpu 3 198328 0 51898 2785539 7419 0 596
cpu 2 192884 0 47870 2793399 9221 0 190
cpu 5 198453 0 52434 2786472 7333 0 455
cpu 4 192579 1 52870 2790637 7816 0 112
cpu 7 170325 0 51490 2816186 6437 0 540
cpu 6 193371 0 51693 2792296 7713 0 327
cpu 9 161746 0 51294 2822060 7655 0 376
cpu 8 157059 0 57574 2822573 6031 0 336
mem 1 99033092 97143552 1889540 54536 1228920 84 0 1099756 70188 183768 3896 0 0 174756 0 0 0
mem 0 97636988 62012076 35624912 372028 34201356 132 0 34101532 1595376 475316 8676 0 0 462508 4096 0 0
net lo 0 0 2979391 0 0 0 0 0 0 0 0 0 24234 0 2979391 0 0 0 0 0 0 24234 0
net virbr0 0 733 9961560681 0 0 0 0 0 0 0 0 0 39722337 0 38380782260 0 0 0 0 0 0 23513261 0
net eno1 0 152122 40328578097 0 0 353 0 0 0 0 0 0 30197047 0 1206948857 0 0 0 0 0 0 5952615 0
net vnet35 0 0 770054 0 0 0 0 0 0 0 0 0 4179 0 733159 0 0 0 0 0 0 3406 0
numa 1 102207032 18781169 10118603 29535 102162773 18825411
numa 0 101875729 10118603 18781169 29710 101874096 10119842
ps - 488661158 223446 507 382 258 7 684
sysv_shm - 0 0
tmpfs /run/lock 0 6
tmpfs /run 2080768 1098
tmpfs /run/user/20029 0 20
tmpfs /run/qemu 0 1
tmpfs /dev/shm 37615439872 105371
vfs - 133590 2544 182992
vm - 2 20071104 434423813 252290 1617408 231524639 277353803 75483353 6522712 174718254 54211 0 0 0 0 0 1811072 0 311878 5997 0 1617252 74 0 3 0 0

1778475769.018425 0 node0.mimesys-workload.ldos-ut-pg0.wisc.cloudlab.us
block sda 497185 209272 40134736 286893 2630050 17765286 868847627 12869374 0 2205448 13418120
block sdb 479 0 7540 438 4 0 0 0 0 556 439
cpu 11 167826 0 52302 2817507 6811 0 5
cpu 10 194295 2 47184 2797386 8882 0 4
cpu 13 163324 0 47529 2827130 6489 0 4
cpu 12 166297 0 46618 2825809 6939 0 2
cpu 15 165165 2 45449 2827678 6469 0 3
cpu 14 159099 0 46655 2833439 6453 0 4
cpu 17 150434 0 45525 2842491 6652 0 1
cpu 16 160336 0 44074 2835723 5879 0 1
cpu 19 131168 0 31724 2876758 6200 0 1
cpu 18 177344 5 32132 2830882 5747 0 2
cpu 1 179374 0 35706 2816743 8150 0 751
cpu 0 209629 45 34977 2762701 9923 0 1151
cpu 3 198390 0 51899 2785579 7419 0 596
cpu 2 192954 0 47872 2793432 9221 0 190
cpu 5 198525 0 52434 2786504 7333 0 455
cpu 4 192645 1 52872 2790673 7816 0 112
cpu 7 170326 0 51490 2816289 6437 0 540
cpu 6 193373 0 51694 2792396 7713 0 327
cpu 9 161748 0 51294 2822162 7655 0 376
cpu 8 157060 0 57577 2822675 6031 0 336
mem 1 99033092 97141540 1891552 54536 1231000 96 0 1099756 71076 185920 4088 0 0 174756 0 0 0
mem 0 97636988 62012080 35624908 372028 34201876 152 0 34101532 1595376 475652 8500 0 0 462504 4096 0 0
net lo 0 0 2980558 0 0 0 0 0 0 0 0 0 24242 0 2980558 0 0 0 0 0 0 24242 0
net virbr0 0 733 9961563579 0 0 0 0 0 0 0 0 0 39722354 0 38380785950 0 0 0 0 0 0 23513273 0
net eno1 0 152133 40328584974 0 0 353 0 0 0 0 0 0 30197152 0 1206950221 0 0 0 0 0 0 5952622 0
net vnet35 0 0 773190 0 0 0 0 0 0 0 0 0 4196 0 736901 0 0 0 0 0 0 3419 0
numa 1 102215730 18781169 10118603 29535 102171471 18825411
numa 0 101877393 10118603 18781169 29710 101875760 10119842
ps - 488669385 223529 507 382 258 6 684
sysv_shm - 0 0
tmpfs /run/lock 0 6
tmpfs /run 2080768 1098
tmpfs /run/user/20029 0 20
tmpfs /run/qemu 0 1
tmpfs /dev/shm 37615439872 105371
vfs - 133598 2504 183059
vm - 2 20071104 434423813 252290 1617408 231535002 277363789 75483356 6522712 174734168 54211 0 0 0 0 0 1811072 0 311878 5997 0 1617252 74 0 3 0 0

1778475770.060310 0 node0.mimesys-workload.ldos-ut-pg0.wisc.cloudlab.us
block sda 497185 209272 40134736 286893 2630050 17765286 868847627 12869374 0 2205448 13418120
block sdb 479 0 7540 438 4 0 0 0 0 556 439
cpu 11 167829 0 52304 2817609 6811 0 5
cpu 10 194296 2 47186 2797487 8882 0 4
cpu 13 163325 0 47531 2827231 6489 0 4
cpu 12 166299 0 46621 2825907 6939 0 2
cpu 15 165165 2 45452 2827779 6469 0 3
cpu 14 159100 0 46656 2833540 6453 0 4
cpu 17 150435 0 45527 2842591 6652 0 1
cpu 16 160338 0 44076 2835824 5879 0 1
cpu 19 131170 0 31725 2876860 6200 0 1
cpu 18 177344 5 32134 2830983 5747 0 2
cpu 1 179456 0 35708 2816764 8150 0 751
cpu 0 209712 45 34978 2762722 9923 0 1151
cpu 3 198474 0 51900 2785599 7419 0 596
cpu 2 193034 0 47873 2793455 9221 0 190
cpu 5 198607 0 52436 2786525 7333 0 455
cpu 4 192726 1 52873 2790692 7816 0 112
cpu 7 170326 0 51490 2816393 6437 0 540
cpu 6 193373 0 51694 2792499 7713 0 327
cpu 9 161748 0 51295 2822265 7655 0 376
cpu 8 157061 0 57578 2822777 6031 0 336
mem 1 99033092 97138276 1894816 54540 1228896 116 0 1099760 70192 183772 3900 0 0 174744 0 0 0
mem 0 97636988 62011328 35625660 372032 34201392 196 0 34101548 1595392 475320 8676 0 0 462512 4096 0 0
net lo 0 0 2981115 0 0 0 0 0 0 0 0 0 24246 0 2981115 0 0 0 0 0 0 24246 0
net virbr0 0 733 9961565359 0 0 0 0 0 0 0 0 0 39722365 0 38380786948 0 0 0 0 0 0 23513282 0
net eno1 0 152133 40328592051 0 0 353 0 0 0 0 0 0 30197262 0 1206950632 0 0 0 0 0 0 5952626 0
net vnet35 0 0 775124 0 0 0 0 0 0 0 0 0 4207 0 737899 0 0 0 0 0 0 3428 0
numa 1 102223592 18781169 10118603 29535 102179333 18825411
numa 0 101877777 10118603 18781169 29710 101876144 10119842
ps - 488676389 223603 506 384 260 6 684
sysv_shm - 0 0
tmpfs /run/lock 0 6
tmpfs /run 2080768 1098
tmpfs /run/user/20029 0 20
tmpfs /run/qemu 0 1
tmpfs /dev/shm 37615439872 105371
vfs - 133588 2504 182976
vm - 2 20071104 434423813 252290 1617408 231543248 277372380 75483358 6522712 174746917 54211 0 0 0 0 0 1811072 0 311878 5997 0 1617252 74 0 3 0 0

1778475771.101673 0 node0.mimesys-workload.ldos-ut-pg0.wisc.cloudlab.us
block sda 497185 209272 40134736 286893 2630056 17765298 868847771 12869375 0 2205452 13418121
block sdb 479 0 7540 438 4 0 0 0 0 556 439
cpu 11 167830 0 52306 2817708 6811 0 5
cpu 10 194302 2 47190 2797583 8882 0 4
cpu 13 163327 0 47532 2827330 6489 0 4
cpu 12 166303 0 46625 2826003 6939 0 2
cpu 15 165166 2 45456 2827878 6469 0 3
cpu 14 159100 0 46658 2833643 6453 0 4
cpu 17 150436 0 45531 2842690 6652 0 1
cpu 16 160339 0 44079 2835923 5879 0 1
cpu 19 131171 0 31728 2876959 6200 0 1
cpu 18 177346 5 32136 2831085 5747 0 2
cpu 1 179540 0 35710 2816782 8150 0 752
cpu 0 209793 45 34978 2762741 9923 0 1151
cpu 3 198548 0 51901 2785627 7419 0 596
cpu 2 193112 0 47874 2793480 9221 0 190
cpu 5 198686 0 52437 2786547 7333 0 455
cpu 4 192809 1 52876 2790709 7816 0 112
cpu 7 170326 0 51490 2816497 6437 0 540
cpu 6 193374 0 51695 2792603 7713 0 327
cpu 9 161749 0 51296 2822367 7655 0 376
cpu 8 157062 0 57578 2822881 6031 0 336
mem 1 99033092 97136008 1897084 54540 1230568 152 0 1099760 70908 185476 3892 0 0 174724 0 0 0
mem 0 97636988 62024900 35612088 372032 34201388 244 0 34101556 1595392 475320 8676 0 0 462536 4096 0 0
net lo 0 0 2982282 0 0 0 0 0 0 0 0 0 24254 0 2982282 0 0 0 0 0 0 24254 0
net virbr0 0 733 9961569557 0 0 0 0 0 0 0 0 0 39722387 0 38380791210 0 0 0 0 0 0 23513298 0
net eno1 0 152144 40328598448 0 0 353 0 0 0 0 0 0 30197359 0 1206952056 0 0 0 0 0 0 5952633 0
net vnet35 0 0 779630 0 0 0 0 0 0 0 0 0 4229 0 742213 0 0 0 0 0 0 3445 0
numa 1 102233062 18781169 10118603 29535 102188803 18825411
numa 0 101878252 10118603 18781169 29710 101876619 10119842
ps - 488683821 223682 506 384 260 6 684
sysv_shm - 0 0
tmpfs /run/lock 0 6
tmpfs /run 2080768 1098
tmpfs /run/user/20029 0 20
tmpfs /run/qemu 0 1
tmpfs /dev/shm 37615439872 105371
vfs - 133592 2504 182994
vm - 2 20071104 434423885 252290 1617408 231553193 277381861 75483359 6522712 174762245 54211 0 0 0 0 0 1811072 0 311878 5997 0 1617252 74 0 3 0 0

1778475772.141007 0 node0.mimesys-workload.ldos-ut-pg0.wisc.cloudlab.us
block sda 497185 209272 40134736 286893 2630146 17765298 868848579 12869394 0 2205464 13418140
block sdb 479 0 7540 438 4 0 0 0 0 556 439
cpu 11 167830 0 52309 2817810 6811 0 5
cpu 10 194304 2 47192 2797683 8882 0 4
cpu 13 163328 0 47534 2827431 6489 0 4
cpu 12 166305 0 46626 2826103 6939 0 2
cpu 15 165169 2 45460 2827975 6469 0 3
cpu 14 159101 0 46660 2833745 6453 0 4
cpu 17 150439 0 45532 2842789 6652 0 1
cpu 16 160340 0 44080 2836025 5879 0 1
cpu 19 131173 0 31730 2877059 6200 0 1
cpu 18 177346 5 32138 2831185 5747 0 2
cpu 1 179612 0 35711 2816810 8150 0 752
cpu 0 209877 45 34980 2762763 9923 0 1151
cpu 3 198622 0 51903 2785654 7419 0 596
cpu 2 193194 0 47875 2793502 9221 0 190
cpu 5 198764 0 52438 2786571 7333 0 455
cpu 4 192892 1 52877 2790730 7816 0 112
cpu 7 170326 0 51491 2816600 6437 0 540
cpu 6 193374 0 51695 2792705 7713 0 327
cpu 9 161750 0 51296 2822471 7655 0 376
cpu 8 157062 0 57578 2822983 6031 0 336
mem 1 99033092 97134508 1898584 54544 1228896 8 20 1099764 70192 183772 3916 0 0 174724 0 0 0
mem 0 97636988 62025320 35611668 372040 34201612 4 20 34101808 1595644 475300 8640 0 0 462520 4096 0 0
net lo 0 0 2982839 0 0 0 0 0 0 0 0 0 24258 0 2982839 0 0 0 0 0 0 24258 0
net virbr0 0 733 9961569985 0 0 0 0 0 0 0 0 0 39722392 0 38380791636 0 0 0 0 0 0 23513303 0
net eno1 0 152144 40328606001 0 0 353 0 0 0 0 0 0 30197467 0 1206953381 0 0 0 0 0 0 5952640 0
net vnet35 0 0 780128 0 0 0 0 0 0 0 0 0 4234 0 742639 0 0 0 0 0 0 3450 0
numa 1 102240750 18781169 10118603 29535 102196491 18825411
numa 0 101878716 10118603 18781169 29710 101877083 10119842
ps - 488691628 223756 506 384 260 7 684
sysv_shm - 0 0
tmpfs /run/lock 0 6
tmpfs /run 2080768 1098
tmpfs /run/user/20029 0 20
tmpfs /run/qemu 0 1
tmpfs /dev/shm 37615439872 105371
vfs - 133597 2544 183048
vm - 2 20071104 434424289 252290 1617408 231561344 277390421 75483362 6522712 174774977 54211 0 0 0 0 0 1811072 0 311878 5997 0 1617252 74 0 3 0 0

1778475773.182901 0 node0.mimesys-workload.ldos-ut-pg0.wisc.cloudlab.us
block sda 497185 209272 40134736 286893 2630150 17765298 868848667 12869395 0 2205472 13418141
block sdb 479 0 7540 438 4 0 0 0 0 556 439
cpu 11 167830 0 52312 2817910 6811 0 5
cpu 10 194304 2 47195 2797785 8882 0 4
cpu 13 163328 0 47538 2827529 6489 0 4
cpu 12 166306 0 46628 2826205 6939 0 2
cpu 15 165170 2 45462 2828077 6469 0 3
cpu 14 159104 0 46663 2833844 6453 0 4
cpu 17 150440 0 45535 2842890 6652 0 1
cpu 16 160342 0 44082 2836126 5879 0 1
cpu 19 131180 0 31732 2877154 6200 0 1
cpu 18 177348 5 32144 2831281 5747 0 2
cpu 1 179697 0 35711 2816827 8150 0 752
cpu 0 209956 45 34982 2762782 9923 0 1151
cpu 3 198704 0 51903 2785676 7419 0 596
cpu 2 193277 0 47876 2793526 9221 0 190
cpu 5 198842 0 52439 2786596 7333 0 455
cpu 4 192976 1 52877 2790745 7816 0 112
cpu 7 170327 0 51491 2816704 6437 0 540
cpu 6 193375 0 51695 2792808 7713 0 327
cpu 9 161752 0 51297 2822573 7655 0 376
cpu 8 157064 0 57579 2823085 6031 0 336
mem 1 99033092 97134012 1899080 54544 1228848 88 0 1099764 70192 183772 3896 0 0 174724 0 0 0
mem 0 97636988 62026328 35610660 372040 34201604 152 0 34101808 1595644 475320 8676 0 0 462520 4096 0 0
net lo 0 0 2984006 0 0 0 0 0 0 0 0 0 24266 0 2984006 0 0 0 0 0 0 24266 0
net virbr0 0 733 9961574663 0 0 0 0 0 0 0 0 0 39722420 0 38380796324 0 0 0 0 0 0 23513324 0
net eno1 0 152154 40328612512 0 0 353 0 0 0 0 0 0 30197566 0 1206953893 0 0 0 0 0 0 5952645 0
net vnet35 0 0 785198 0 0 0 0 0 0 0 0 0 4262 0 747379 0 0 0 0 0 0 3472 0
numa 1 102250124 18781169 10118603 29535 102205865 18825411
numa 0 101879347 10118603 18781169 29710 101877714 10119842
ps - 488699005 223836 506 384 260 7 684
sysv_shm - 0 0
tmpfs /run/lock 0 6
tmpfs /run 2080768 1098
tmpfs /run/user/20029 0 20
tmpfs /run/qemu 0 1
tmpfs /dev/shm 37615439872 105371
vfs - 133589 2504 182984
vm - 2 20071104 434424333 252290 1617408 231571350 277400438 75483363 6522712 174790443 54211 0 0 0 0 0 1811072 0 311878 5997 0 1617252 74 0 3 0 0

1778475774.222989 0 node0.mimesys-workload.ldos-ut-pg0.wisc.cloudlab.us
block sda 497185 209272 40134736 286893 2630159 17765298 868848739 12869395 0 2205476 13418142
block sdb 479 0 7540 438 4 0 0 0 0 556 439
cpu 11 167831 0 52315 2818011 6811 0 5
cpu 10 194305 2 47199 2797884 8882 0 4
cpu 13 163330 0 47542 2827628 6489 0 4
cpu 12 166307 0 46629 2826307 6939 0 2
cpu 15 165172 2 45464 2828176 6469 0 3
cpu 14 159105 0 46664 2833945 6453 0 4
cpu 17 150446 0 45536 2842986 6652 0 1
cpu 16 160344 0 44086 2836225 5879 0 1
cpu 19 131182 0 31734 2877253 6200 0 1
cpu 18 177350 5 32146 2831380 5747 0 2
cpu 1 179778 0 35712 2816850 8150 0 752
cpu 0 210038 45 34983 2762801 9923 0 1151
cpu 3 198790 0 51904 2785693 7419 0 596
cpu 2 193358 0 47877 2793545 9221 0 190
cpu 5 198924 0 52440 2786618 7333 0 455
cpu 4 193052 1 52878 2790769 7816 0 112
cpu 7 170327 0 51491 2816808 6437 0 540
cpu 6 193376 0 51695 2792911 7713 0 327
cpu 9 161753 0 51297 2822676 7655 0 376
cpu 8 157066 0 57580 2823185 6031 0 336
mem 1 99033092 97131292 1901800 54540 1230140 104 0 1099768 70872 184984 3924 0 0 174708 0 0 0
mem 0 97636988 62026832 35610156 372040 34201660 168 0 34101844 1595676 475320 8676 0 0 462492 4096 0 0
net lo 0 0 2985173 0 0 0 0 0 0 0 0 0 24274 0 2985173 0 0 0 0 0 0 24274 0
net virbr0 0 733 9961577561 0 0 0 0 0 0 0 0 0 39722437 0 38380800014 0 0 0 0 0 0 23513336 0
net eno1 0 152154 40328618609 0 0 353 0 0 0 0 0 0 30197658 0 1206955261 0 0 0 0 0 0 5952652 0
net vnet35 0 0 788334 0 0 0 0 0 0 0 0 0 4279 0 751069 0 0 0 0 0 0 3484 0
numa 1 102259314 18781169 10118603 29535 102215055 18825411
numa 0 101879953 10118603 18781169 29710 101878320 10119842
ps - 488706396 223915 506 384 260 6 684
sysv_shm - 0 0
tmpfs /run/lock 0 6
tmpfs /run 2080768 1098
tmpfs /run/user/20029 0 20
tmpfs /run/qemu 0 1
tmpfs /dev/shm 37615439872 105371
vfs - 133592 2504 182994
vm - 2 20071104 434424369 252290 1617408 231581145 277409882 75483366 6522712 174805664 54211 0 0 0 0 0 1811072 0 311878 5997 0 1617252 74 0 3 0 0

1778475775.264842 0 node0.mimesys-workload.ldos-ut-pg0.wisc.cloudlab.us
block sda 497185 209272 40134736 286893 2630159 17765298 868848739 12869395 0 2205476 13418142
block sdb 479 0 7540 438 4 0 0 0 0 556 439
cpu 11 167832 0 52316 2818113 6811 0 5
cpu 10 194306 2 47201 2797985 8882 0 4
cpu 13 163332 0 47544 2827728 6489 0 4
cpu 12 166308 0 46630 2826408 6939 0 2
cpu 15 165173 2 45468 2828274 6469 0 3
cpu 14 159107 0 46666 2834045 6453 0 4
cpu 17 150448 0 45538 2843087 6652 0 1
cpu 16 160346 0 44089 2836324 5879 0 1
cpu 19 131183 0 31737 2877354 6200 0 1
cpu 18 177350 5 32150 2831480 5747 0 2
cpu 1 179859 0 35712 2816870 8150 0 752
cpu 0 210119 45 34985 2762822 9923 0 1151
cpu 3 198872 0 51905 2785713 7419 0 596
cpu 2 193435 0 47878 2793566 9221 0 190
cpu 5 199009 0 52441 2786636 7333 0 455
cpu 4 193123 1 52880 2790796 7816 0 112
cpu 7 170327 0 51492 2816911 6437 0 540
cpu 6 193377 0 51695 2793014 7713 0 327
cpu 9 161753 0 51298 2822778 7655 0 376
cpu 8 157066 0 57581 2823289 6031 0 336
mem 1 99033092 97130032 1903060 54544 1228824 116 0 1099768 70192 183672 3844 0 0 174708 0 0 0
mem 0 97636988 62026328 35610660 372040 34201704 244 0 34101844 1595888 475264 8696 0 0 462492 4096 0 0
net lo 0 0 2985730 0 0 0 0 0 0 0 0 0 24278 0 2985730 0 0 0 0 0 0 24278 0
net virbr0 0 733 9961579341 0 0 0 0 0 0 0 0 0 39722448 0 38380801012 0 0 0 0 0 0 23513345 0
net eno1 0 152162 40328625272 0 0 353 0 0 0 0 0 0 30197761 0 1206956596 0 0 0 0 0 0 5952658 0
net vnet35 0 0 790268 0 0 0 0 0 0 0 0 0 4290 0 752119 0 0 0 0 0 0 3494 0
numa 1 102267085 18781169 10118603 29535 102222826 18825411
numa 0 101880423 10118603 18781169 29710 101878790 10119842
ps - 488713955 223989 522 389 262 6 684
sysv_shm - 0 0
tmpfs /run/lock 0 6
tmpfs /run 2080768 1098
tmpfs /run/user/20029 0 20
tmpfs /run/qemu 0 1
tmpfs /dev/shm 37615439872 105371
vfs - 133597 2424 183048
vm - 2 20071104 434424369 252290 1617408 231589386 277418480 75483368 6522712 174818440 54211 0 0 0 0 0 1811072 0 311878 5997 0 1617252 74 0 3 0 0

1778475776.305172 0 node0.mimesys-workload.ldos-ut-pg0.wisc.cloudlab.us
block sda 497185 209272 40134736 286893 2630165 17765309 868848875 12869396 0 2205480 13418143
block sdb 479 0 7540 438 4 0 0 0 0 556 439
cpu 11 167832 0 52318 2818213 6811 0 5
cpu 10 194307 2 47202 2798086 8882 0 4
cpu 13 163338 0 47545 2827825 6489 0 4
cpu 12 166311 0 46632 2826507 6939 0 2
cpu 15 165176 2 45471 2828373 6469 0 3
cpu 14 159110 0 46669 2834143 6453 0 4
cpu 17 150451 0 45540 2843186 6652 0 1
cpu 16 160348 0 44090 2836424 5879 0 1
cpu 19 131184 0 31739 2877454 6200 0 1
cpu 18 177352 5 32152 2831580 5747 0 2
cpu 1 179928 0 35712 2816905 8150 0 752
cpu 0 210195 45 34986 2762847 9923 0 1151
cpu 3 198938 0 51905 2785744 7419 0 596
cpu 2 193499 0 47880 2793605 9221 0 190
cpu 5 199083 0 52443 2786665 7333 0 455
cpu 4 193187 1 52883 2790829 7816 0 112
cpu 7 170328 0 51492 2817015 6437 0 540
cpu 6 193378 0 51695 2793117 7713 0 327
cpu 9 161754 0 51299 2822881 7655 0 376
cpu 8 157067 0 57583 2823391 6031 0 336
mem 1 99033092 97125752 1907340 54560 1229532 144 0 1099780 70276 184460 3968 0 0 174676 0 0 0
mem 0 97636988 62026444 35610544 372040 34201336 292 0 34101848 1595892 474960 8724 0 0 462472 4096 0 0
net lo 0 0 2986897 0 0 0 0 0 0 0 0 0 24286 0 2986897 0 0 0 0 0 0 24286 0
net virbr0 0 733 9961584019 0 0 0 0 0 0 0 0 0 39722476 0 38380805700 0 0 0 0 0 0 23513366 0
net eno1 0 152162 40328630943 0 0 353 0 0 0 0 0 0 30197845 0 1206957108 0 0 0 0 0 0 5952663 0
net vnet35 0 0 795338 0 0 0 0 0 0 0 0 0 4318 0 756807 0 0 0 0 0 0 3515 0
numa 1 102276818 18781169 10118603 29535 102232559 18825411
numa 0 101880828 10118603 18781169 29710 101879195 10119842
ps - 488721699 224071 522 389 262 8 684
sysv_shm - 0 0
tmpfs /run/lock 0 6
tmpfs /run 2080768 1098
tmpfs /run/user/20029 0 20
tmpfs /run/qemu 0 1
tmpfs /dev/shm 37615439872 105371
vfs - 133590 2504 182985
vm - 2 20071104 434424437 252290 1617408 231599552 277428659 75483373 6522712 174834175 54211 0 0 0 0 0 1811072 0 311878 5997 0 1617252 74 0 3 0 0

1778475777.341458 0 node0.mimesys-workload.ldos-ut-pg0.wisc.cloudlab.us
block sda 497185 209272 40134736 286893 2630265 17765310 868849763 12869423 0 2205492 13418169
block sdb 479 0 7540 438 4 0 0 0 0 556 439
cpu 11 167834 0 52322 2818311 6811 0 5
cpu 10 194308 2 47204 2798188 8882 0 4
cpu 13 163338 0 47549 2827923 6489 0 4
cpu 12 166312 0 46636 2826605 6939 0 2
cpu 15 165180 2 45474 2828470 6469 0 3
cpu 14 159114 0 46672 2834241 6453 0 4
cpu 17 150452 0 45543 2843285 6652 0 1
cpu 16 160349 0 44093 2836524 5879 0 1
cpu 19 131185 0 31742 2877555 6200 0 1
cpu 18 177354 5 32154 2831679 5747 0 2
cpu 1 180004 0 35714 2816930 8150 0 752
cpu 0 210278 45 34988 2762865 9923 0 1151
cpu 3 199019 0 51905 2785763 7419 0 596
cpu 2 193582 0 47881 2793623 9221 0 190
cpu 5 199164 0 52444 2786683 7333 0 455
cpu 4 193262 1 52884 2790854 7816 0 112
cpu 7 170328 0 51492 2817119 6437 0 540
cpu 6 193378 0 51695 2793220 7713 0 327
cpu 9 161754 0 51299 2822985 7655 0 376
cpu 8 157067 0 57583 2823494 6031 0 336
mem 1 99033092 97123268 1909824 54564 1230128 156 0 1099780 70400 185080 3784 0 0 174676 0 0 0
mem 0 97636988 62026696 35610292 372040 34201112 312 0 34101848 1595896 474752 8664 0 0 462472 4096 0 0
net lo 0 0 2988064 0 0 0 0 0 0 0 0 0 24294 0 2988064 0 0 0 0 0 0 24294 0
net virbr0 0 733 9961584019 0 0 0 0 0 0 0 0 0 39722476 0 38380805700 0 0 0 0 0 0 23513366 0
net eno1 0 152172 40328636140 0 0 353 0 0 0 0 0 0 30197923 0 1206958422 0 0 0 0 0 0 5952669 0
net vnet35 0 0 795338 0 0 0 0 0 0 0 0 0 4318 0 756859 0 0 0 0 0 0 3516 0
numa 1 102286515 18781169 10118603 29535 102242256 18825411
numa 0 101881028 10118603 18781169 29710 101879395 10119842
ps - 488729401 224153 522 389 262 7 684
sysv_shm - 0 0
tmpfs /run/lock 0 6
tmpfs /run 2080768 1098
tmpfs /run/user/20029 0 20
tmpfs /run/qemu 0 1
tmpfs /dev/shm 37615439872 105371
vfs - 133591 2544 182986
vm - 2 20071104 434424881 252290 1617408 231609465 277438426 75483375 6522712 174849614 54211 0 0 0 0 0 1811072 0 311878 5997 0 1617252 74 0 3 0 0

1778475778.381402 0 node0.mimesys-workload.ldos-ut-pg0.wisc.cloudlab.us
block sda 497185 209272 40134736 286893 2630269 17765310 868849851 12869423 0 2205496 13418170
block sdb 479 0 7540 438 4 0 0 0 0 556 439
cpu 11 167835 0 52326 2818411 6811 0 5
cpu 10 194308 2 47204 2798290 8882 0 4
cpu 13 163340 0 47552 2828023 6489 0 4
cpu 12 166313 0 46640 2826705 6939 0 2
cpu 15 165182 2 45478 2828567 6469 0 3
cpu 14 159114 0 46673 2834343 6453 0 4
cpu 17 150454 0 45548 2843385 6652 0 1
cpu 16 160351 0 44095 2836625 5879 0 1
cpu 19 131186 0 31744 2877655 6200 0 1
cpu 18 177362 5 32156 2831774 5747 0 2
cpu 1 180080 0 35715 2816955 8150 0 752
cpu 0 210360 45 34988 2762886 9923 0 1151
cpu 3 199094 0 51906 2785787 7419 0 596
cpu 2 193665 0 47883 2793641 9221 0 190
cpu 5 199241 0 52446 2786705 7333 0 455
cpu 4 193352 1 52885 2790868 7816 0 112
cpu 7 170329 0 51492 2817222 6437 0 540
cpu 6 193378 0 51695 2793323 7713 0 327
cpu 9 161755 0 51299 2823088 7655 0 376
cpu 8 157069 0 57583 2823596 6031 0 336
mem 1 99033092 97121544 1911548 54564 1229244 104 0 1099780 70164 184096 4224 0 0 174684 0 0 0
mem 0 97636988 62027200 35609788 372040 34201492 140 0 34101896 1595944 475100 8648 0 0 462472 4096 0 0
net lo 0 0 2988621 0 0 0 0 0 0 0 0 0 24298 0 2988621 0 0 0 0 0 0 24298 0
net virbr0 0 733 9961588697 0 0 0 0 0 0 0 0 0 39722504 0 38380810388 0 0 0 0 0 0 23513387 0
net eno1 0 152172 40328642509 0 0 353 0 0 0 0 0 0 30198021 0 1206959803 0 0 0 0 0 0 5952676 0
net vnet35 0 0 800408 0 0 0 0 0 0 0 0 0 4346 0 761547 0 0 0 0 0 0 3537 0
numa 1 102294952 18781169 10118603 29535 102250693 18825411
numa 0 101881502 10118603 18781169 29710 101879869 10119842
ps - 488736662 224230 522 389 262 6 684
sysv_shm - 0 0
tmpfs /run/lock 0 6
tmpfs /run 2080768 1098
tmpfs /run/user/20029 0 20
tmpfs /run/qemu 0 1
tmpfs /dev/shm 37615439872 105371
vfs - 133596 2504 183040
vm - 2 20071104 434424925 252290 1617408 231618334 277447417 75483381 6522712 174863241 54211 0 0 0 0 0 1811072 0 311878 5997 0 1617252 74 0 3 0 0

1778475779.419522 0 node0.mimesys-workload.ldos-ut-pg0.wisc.cloudlab.us
block sda 497185 209272 40134736 286893 2630270 17765310 868849883 12869423 0 2205500 13418170
block sdb 479 0 7540 438 4 0 0 0 0 556 439
cpu 11 167838 0 52328 2818510 6811 0 5
cpu 10 194309 2 47205 2798392 8882 0 4
cpu 13 163342 0 47554 2828123 6489 0 4
cpu 12 166315 0 46643 2826802 6939 0 2
cpu 15 165185 2 45482 2828664 6469 0 3
cpu 14 159121 0 46674 2834440 6453 0 4
cpu 17 150454 0 45551 2843485 6652 0 1
cpu 16 160355 0 44097 2836721 5879 0 1
cpu 19 131190 0 31745 2877754 6200 0 1
cpu 18 177364 5 32157 2831874 5747 0 2
cpu 1 180158 0 35716 2816979 8150 0 752
cpu 0 210439 45 34990 2762908 9923 0 1151
cpu 3 199178 0 51906 2785805 7419 0 596
cpu 2 193749 0 47884 2793662 9221 0 190
cpu 5 199323 0 52448 2786724 7333 0 455
cpu 4 193437 1 52886 2790888 7816 0 112
cpu 7 170330 0 51493 2817324 6437 0 540
cpu 6 193378 0 51695 2793426 7713 0 327
cpu 9 161756 0 51300 2823191 7655 0 376
cpu 8 157069 0 57584 2823699 6031 0 336
mem 1 99033092 97116960 1916132 54568 1231184 116 0 1099784 71524 186144 4156 0 0 174660 0 0 0
mem 0 97636988 62026444 35610544 372040 34201708 180 0 34101912 1595964 475292 8628 0 0 462468 4096 0 0
net lo 0 0 2989788 0 0 0 0 0 0 0 0 0 24306 0 2989788 0 0 0 0 0 0 24306 0
net virbr0 0 733 9961591439 0 0 0 0 0 0 0 0 0 39722518 0 38380814078 0 0 0 0 0 0 23513399 0
net eno1 0 152183 40328649080 0 0 353 0 0 0 0 0 0 30198121 0 1206960315 0 0 0 0 0 0 5952681 0
net vnet35 0 0 803346 0 0 0 0 0 0 0 0 0 4360 0 765289 0 0 0 0 0 0 3550 0
numa 1 102304950 18781169 10118603 29535 102260691 18825411
numa 0 101881913 10118603 18781169 29710 101880280 10119842
ps - 488743882 224313 520 391 263 6 684
sysv_shm - 0 0
tmpfs /run/lock 0 6
tmpfs /run 2080768 1098
tmpfs /run/user/20029 0 20
tmpfs /run/qemu 0 1
tmpfs /dev/shm 37615439872 105371
vfs - 133590 2544 182999
vm - 2 20071104 434424941 252290 1617408 231628741 277457437 75483384 6522712 174879165 54211 0 0 0 0 0 1811072 0 311878 5997 0 1617252 74 0 3 0 0

1778475780.459385 0 node0.mimesys-workload.ldos-ut-pg0.wisc.cloudlab.us
block sda 497185 209272 40134736 286893 2630270 17765310 868849883 12869423 0 2205500 13418170
block sdb 479 0 7540 438 4 0 0 0 0 556 439
cpu 11 167839 0 52330 2818611 6811 0 5
cpu 10 194310 2 47208 2798493 8882 0 4
cpu 13 163343 0 47555 2828224 6489 0 4
cpu 12 166317 0 46644 2826903 6939 0 2
cpu 15 165186 2 45485 2828763 6469 0 3
cpu 14 159122 0 46677 2834542 6453 0 4
cpu 17 150455 0 45553 2843585 6652 0 1
cpu 16 160358 0 44099 2836821 5879 0 1
cpu 19 131192 0 31749 2877852 6200 0 1
cpu 18 177364 5 32160 2831974 5747 0 2
cpu 1 180234 0 35717 2817005 8150 0 752
cpu 0 210512 45 34992 2762934 9923 0 1151
cpu 3 199254 0 51908 2785830 7419 0 596
cpu 2 193826 0 47886 2793686 9221 0 190
cpu 5 199401 0 52449 2786750 7333 0 455
cpu 4 193516 1 52886 2790909 7816 0 112
cpu 7 170330 0 51493 2817428 6437 0 540
cpu 6 193378 0 51695 2793529 7713 0 327
cpu 9 161757 0 51300 2823293 7655 0 376
cpu 8 157069 0 57584 2823802 6031 0 336
mem 1 99033092 97117224 1915868 54568 1228808 128 0 1099788 70480 183740 3800 0 0 174700 0 0 0
mem 0 97636988 62025940 35611048 372040 34201696 208 0 34101916 1595968 475316 8680 0 0 462476 4096 0 0
net lo 0 0 2990345 0 0 0 0 0 0 0 0 0 24310 0 2990345 0 0 0 0 0 0 24310 0
net virbr0 0 733 9961593219 0 0 0 0 0 0 0 0 0 39722529 0 38380815076 0 0 0 0 0 0 23513408 0
net eno1 0 152183 40328655623 0 0 353 0 0 0 0 0 0 30198222 0 1206961752 0 0 0 0 0 0 5952688 0
net vnet35 0 0 805280 0 0 0 0 0 0 0 0 0 4371 0 766287 0 0 0 0 0 0 3559 0
numa 1 102312846 18781169 10118603 29535 102268587 18825411
numa 0 101882324 10118603 18781169 29710 101880691 10119842
ps - 488751871 224387 520 391 263 6 684
sysv_shm - 0 0
tmpfs /run/lock 0 6
tmpfs /run 2080768 1098
tmpfs /run/user/20029 0 20
tmpfs /run/qemu 0 1
tmpfs /dev/shm 37615439872 105371
vfs - 133589 2504 182984
vm - 2 20071104 434424941 252290 1617408 231637048 277466092 75483386 6522712 174891938 54211 0 0 0 0 0 1811072 0 311878 5997 0 1617252 74 0 3 0 0

1778475781.498521 0 node0.mimesys-workload.ldos-ut-pg0.wisc.cloudlab.us
block sda 497185 209272 40134736 286893 2630275 17765321 868850011 12869424 0 2205504 13418171
block sdb 479 0 7540 438 4 0 0 0 0 556 439
cpu 11 167842 0 52330 2818711 6811 0 5
cpu 10 194316 2 47212 2798588 8882 0 4
cpu 13 163346 0 47558 2828323 6489 0 4
cpu 12 166318 0 46645 2827004 6939 0 2
cpu 15 165190 2 45489 2828858 6469 0 3
cpu 14 159123 0 46681 2834640 6453 0 4
cpu 17 150457 0 45558 2843682 6652 0 1
cpu 16 160360 0 44101 2836922 5879 0 1
cpu 19 131193 0 31750 2877954 6200 0 1
cpu 18 177366 5 32163 2832073 5747 0 2
cpu 1 180308 0 35718 2817028 8150 0 752
cpu 0 210590 45 34992 2762956 9923 0 1151
cpu 3 199334 0 51911 2785848 7419 0 596
cpu 2 193908 0 47888 2793703 9221 0 190
cpu 5 199486 0 52450 2786770 7333 0 455
cpu 4 193605 1 52887 2790922 7816 0 112
cpu 7 170330 0 51493 2817531 6437 0 540
cpu 6 193378 0 51695 2793632 7713 0 327
cpu 9 161757 0 51301 2823397 7655 0 376
cpu 8 157070 0 57584 2823906 6031 0 336
mem 1 99033092 97114216 1918876 54572 1229328 176 0 1099800 70192 184256 3936 0 0 174652 0 0 0
mem 0 97636988 62026696 35610292 372044 34201364 264 0 34101920 1595968 474972 8720 0 0 462476 4096 0 0
net lo 0 0 2991512 0 0 0 0 0 0 0 0 0 24318 0 2991512 0 0 0 0 0 0 24318 0
net virbr0 0 733 9961597897 0 0 0 0 0 0 0 0 0 39722557 0 38380819764 0 0 0 0 0 0 23513429 0
net eno1 0 152191 40328662998 0 0 353 0 0 0 0 0 0 30198330 0 1206963074 0 0 0 0 0 0 5952694 0
net vnet35 0 0 810350 0 0 0 0 0 0 0 0 0 4399 0 771027 0 0 0 0 0 0 3581 0
numa 1 102322644 18781169 10118603 29535 102278385 18825411
numa 0 101882513 10118603 18781169 29710 101880880 10119842
ps - 488759104 224470 520 391 263 6 682
sysv_shm - 0 0
tmpfs /run/lock 0 6
tmpfs /run 2080768 1098
tmpfs /run/user/20029 0 20
tmpfs /run/qemu 0 1
tmpfs /dev/shm 37615439872 105371
vfs - 133593 2504 183015
vm - 2 20071104 434425005 252290 1617408 231647035 277476106 75483389 6522712 174907333 54211 0 0 0 0 0 1811072 0 311878 5997 0 1617252 74 0 3 0 0

1778475782.538162 0 node0.mimesys-workload.ldos-ut-pg0.wisc.cloudlab.us
block sda 497185 209272 40134736 286893 2630373 17765321 868850907 12869448 0 2205516 13418195
block sdb 479 0 7540 438 4 0 0 0 0 556 439
cpu 11 167844 0 52332 2818811 6811 0 5
cpu 10 194318 2 47213 2798689 8882 0 4
cpu 13 163346 0 47561 2828423 6489 0 4
cpu 12 166325 0 46648 2827098 6939 0 2
cpu 15 165192 2 45490 2828959 6469 0 3
cpu 14 159126 0 46684 2834737 6453 0 4
cpu 17 150459 0 45560 2843783 6652 0 1
cpu 16 160360 0 44103 2837022 5879 0 1
cpu 19 131193 0 31753 2878054 6200 0 1
cpu 18 177368 5 32166 2832172 5747 0 2
cpu 1 180389 0 35719 2817050 8150 0 752
cpu 0 210668 45 34993 2762979 9923 0 1151
cpu 3 199403 0 51912 2785878 7419 0 596
cpu 2 193990 0 47890 2793723 9221 0 190
cpu 5 199567 0 52451 2786791 7333 0 455
cpu 4 193683 1 52889 2790946 7816 0 112
cpu 7 170331 0 51494 2817633 6437 0 540
cpu 6 193379 0 51695 2793735 7713 0 327
cpu 9 161758 0 51301 2823500 7655 0 376
cpu 8 157070 0 57585 2824008 6031 0 336
mem 1 99033092 97115484 1917608 54568 1230564 120 0 1099800 70992 185440 3864 0 0 174644 0 0 0
mem 0 97636988 62026448 35610540 372040 34202012 156 0 34101920 1595984 475636 8780 0 0 462456 4096 0 0
net lo 0 0 2992679 0 0 0 0 0 0 0 0 0 24326 0 2992679 0 0 0 0 0 0 24326 0
net virbr0 0 733 9961600795 0 0 0 0 0 0 0 0 0 39722574 0 38380823454 0 0 0 0 0 0 23513441 0
net eno1 0 152191 40328668441 0 0 353 0 0 0 0 0 0 30198411 0 1206964292 0 0 0 0 0 0 5952702 0
net vnet35 0 0 813486 0 0 0 0 0 0 0 0 0 4416 0 774769 0 0 0 0 0 0 3594 0
numa 1 102331822 18781169 10118603 29535 102287563 18825411
numa 0 101883099 10118603 18781169 29710 101881466 10119842
ps - 488767106 224549 520 391 263 6 682
sysv_shm - 0 0
tmpfs /run/lock 0 6
tmpfs /run 2080768 1098
tmpfs /run/user/20029 0 20
tmpfs /run/qemu 0 1
tmpfs /dev/shm 37615439872 105371
vfs - 133589 2504 182969
vm - 2 20071104 434425453 252290 1617408 231656800 277485520 75483392 6522712 174922644 54211 0 0 0 0 0 1811072 0 311878 5997 0 1617252 74 0 3 0 0

1778475783.579992 0 node0.mimesys-workload.ldos-ut-pg0.wisc.cloudlab.us
block sda 497185 209272 40134736 286893 2630743 17765323 868856131 12869483 0 2205544 13418230
block sdb 479 0 7540 438 4 0 0 0 0 556 439
cpu 11 167847 0 52334 2818910 6811 0 5
cpu 10 194319 2 47215 2798790 8882 0 4
cpu 13 163347 0 47562 2828524 6489 0 4
cpu 12 166327 0 46650 2827199 6939 0 2
cpu 15 165194 2 45492 2829061 6469 0 3
cpu 14 159127 0 46686 2834839 6453 0 4
cpu 17 150462 0 45563 2843879 6652 0 1
cpu 16 160362 0 44106 2837123 5879 0 1
cpu 19 131194 0 31756 2878154 6200 0 1
cpu 18 177370 5 32167 2832272 5747 0 2
cpu 1 180468 0 35720 2817073 8150 0 752
cpu 0 210739 45 34994 2763006 9923 0 1152
cpu 3 199479 0 51913 2785902 7419 0 596
cpu 2 194064 0 47892 2793747 9221 0 190
cpu 5 199644 0 52451 2786815 7333 0 455
cpu 4 193766 1 52890 2790966 7816 0 112
cpu 7 170332 0 51494 2817737 6437 0 540
cpu 6 193380 0 51695 2793838 7713 0 327
cpu 9 161759 0 51302 2823602 7655 0 376
cpu 8 157070 0 57586 2824112 6031 0 336
mem 1 99033092 97115244 1917848 54580 1228724 96 0 1099804 70192 183640 3812 0 0 174684 0 0 0
mem 0 97636988 62026248 35610740 372040 34201736 140 0 34101920 1596044 475316 8680 0 0 462456 4096 0 0
net lo 0 0 2993236 0 0 0 0 0 0 0 0 0 24330 0 2993236 0 0 0 0 0 0 24330 0
net virbr0 0 733 9961602575 0 0 0 0 0 0 0 0 0 39722585 0 38380824452 0 0 0 0 0 0 23513450 0
net eno1 0 152201 40328675866 0 0 353 0 0 0 0 0 0 30198526 0 1206965705 0 0 0 0 0 0 5952709 0
net vnet35 0 0 815420 0 0 0 0 0 0 0 0 0 4427 0 775767 0 0 0 0 0 0 3603 0
numa 1 102339707 18781169 10118603 29535 102295448 18825411
numa 0 101883775 10118603 18781169 29710 101882142 10119842
ps - 488775236 224625 520 391 263 6 684
sysv_shm - 0 0
tmpfs /run/lock 0 6
tmpfs /run 2080768 1098
tmpfs /run/user/20029 0 20
tmpfs /run/qemu 0 1
tmpfs /dev/shm 37615439872 105371
vfs - 133587 2544 182967
vm - 2 20071104 434428065 252290 1617408 231665360 277494437 75483395 6522712 174935405 54211 0 0 0 0 0 1811072 0 311878 5997 0 1617252 74 0 3 0 0

1778475784.621107 0 node0.mimesys-workload.ldos-ut-pg0.wisc.cloudlab.us
block sda 497185 209272 40134736 286893 2630743 17765323 868856131 12869483 0 2205544 13418230
block sdb 479 0 7540 438 4 0 0 0 0 556 439
cpu 11 167851 0 52337 2819008 6811 0 5
cpu 10 194319 2 47216 2798892 8882 0 4
cpu 13 163347 0 47564 2828627 6489 0 4
cpu 12 166329 0 46652 2827298 6939 0 2
cpu 15 165198 2 45496 2829157 6469 0 3
cpu 14 159129 0 46688 2834940 6453 0 4
cpu 17 150467 0 45566 2843976 6652 0 1
cpu 16 160362 0 44108 2837224 5879 0 1
cpu 19 131198 0 31759 2878252 6200 0 1
cpu 18 177372 5 32170 2832372 5747 0 2
cpu 1 180543 0 35722 2817096 8150 0 752
cpu 0 210814 45 34994 2763030 9923 0 1152
cpu 3 199561 0 51914 2785922 7419 0 596
cpu 2 194148 0 47894 2793766 9221 0 190
cpu 5 199726 0 52452 2786835 7333 0 455
cpu 4 193854 1 52890 2790985 7816 0 112
cpu 7 170334 0 51495 2817839 6437 0 540
cpu 6 193380 0 51695 2793941 7713 0 327
cpu 9 161760 0 51303 2823705 7655 0 376
cpu 8 157072 0 57586 2824214 6031 0 336
mem 1 99033092 97115008 1918084 54580 1230424 116 0 1099804 70932 185348 3928 0 0 174636 0 0 0
mem 0 97636988 62026248 35610740 372040 34201664 172 0 34101936 1596060 475236 8644 0 0 462488 4096 0 0
net lo 0 0 2994403 0 0 0 0 0 0 0 0 0 24338 0 2994403 0 0 0 0 0 0 24338 0
net virbr0 0 733 9961606773 0 0 0 0 0 0 0 0 0 39722607 0 38380828714 0 0 0 0 0 0 23513466 0
net eno1 0 152201 40328682335 0 0 353 0 0 0 0 0 0 30198624 0 1206967121 0 0 0 0 0 0 5952716 0
net vnet35 0 0 819926 0 0 0 0 0 0 0 0 0 4449 0 780081 0 0 0 0 0 0 3620 0
numa 1 102348865 18781169 10118603 29535 102304606 18825411
numa 0 101884465 10118603 18781169 29710 101882832 10119842
ps - 488782895 224704 510 391 264 6 684
sysv_shm - 0 0
tmpfs /run/lock 0 6
tmpfs /run 2080768 1098
tmpfs /run/user/20029 0 20
tmpfs /run/qemu 0 1
tmpfs /dev/shm 37615439872 105371
vfs - 133596 2504 183037
vm - 2 20071104 434428065 252290 1617408 231675208 277503849 75483399 6522712 174950681 54211 0 0 0 0 0 1811072 0 311878 5997 0 1617252 74 0 3 0 0

1778475785.658605 0 node0.mimesys-workload.ldos-ut-pg0.wisc.cloudlab.us
block sda 497185 209272 40134736 286893 2630743 17765323 868856131 12869483 0 2205544 13418230
block sdb 479 0 7540 438 4 0 0 0 0 556 439
cpu 11 167852 0 52338 2819109 6811 0 5
cpu 10 194319 2 47219 2798993 8882 0 4
cpu 13 163347 0 47566 2828728 6489 0 4
cpu 12 166330 0 46653 2827399 6939 0 2
cpu 15 165198 2 45499 2829259 6469 0 3
cpu 14 159131 0 46690 2835039 6453 0 4
cpu 17 150469 0 45571 2844073 6652 0 1
cpu 16 160363 0 44111 2837325 5879 0 1
cpu 19 131199 0 31762 2878351 6200 0 1
cpu 18 177373 5 32175 2832470 5747 0 2
cpu 1 180623 0 35723 2817118 8150 0 752
cpu 0 210893 45 34996 2763052 9923 0 1152
cpu 3 199643 0 51915 2785945 7419 0 596
cpu 2 194221 0 47896 2793793 9221 0 190
cpu 5 199803 0 52452 2786858 7333 0 455
cpu 4 193927 1 52892 2791011 7816 0 112
cpu 7 170334 0 51495 2817943 6437 0 540
cpu 6 193381 0 51695 2794044 7713 0 327
cpu 9 161760 0 51303 2823808 7655 0 376
cpu 8 157072 0 57586 2824317 6031 0 336
mem 1 99033092 97117540 1915552 54580 1229812 132 0 1099808 70192 184732 3992 0 0 174628 0 0 0
mem 0 97636988 62027004 35609984 372040 34201352 184 0 34101936 1596064 474872 8680 0 0 462488 4096 0 0
net lo 0 0 2994960 0 0 0 0 0 0 0 0 0 24342 0 2994960 0 0 0 0 0 0 24342 0
net virbr0 0 733 9961607253 0 0 0 0 0 0 0 0 0 39722613 0 38380829140 0 0 0 0 0 0 23513471 0
net eno1 0 152209 40328688590 0 0 353 0 0 0 0 0 0 30198715 0 1206968430 0 0 0 0 0 0 5952723 0
net vnet35 0 0 820490 0 0 0 0 0 0 0 0 0 4455 0 780507 0 0 0 0 0 0 3625 0
numa 1 102356867 18781169 10118603 29535 102312608 18825411
numa 0 101884652 10118603 18781169 29710 101883019 10119842
ps - 488790346 224778 510 391 264 4 684
sysv_shm - 0 0
tmpfs /run/lock 0 6
tmpfs /run 2080768 1098
tmpfs /run/user/20029 0 20
tmpfs /run/qemu 0 1
tmpfs /dev/shm 37615439872 105371
vfs - 133598 2464 183067
vm - 2 20071104 434428065 252290 1617408 231683398 277512495 75483403 6522712 174963395 54211 0 0 0 0 0 1811072 0 311878 5997 0 1617252 74 0 3 0 0

1778475786.699315 0 node0.mimesys-workload.ldos-ut-pg0.wisc.cloudlab.us
block sda 497185 209272 40134736 286893 2630749 17765336 868856283 12869484 0 2205552 13418232
block sdb 479 0 7540 438 4 0 0 0 0 556 439
cpu 11 167854 0 52341 2819208 6811 0 5
cpu 10 194322 2 47221 2799091 8882 0 4
cpu 13 163348 0 47568 2828828 6489 0 4
cpu 12 166332 0 46656 2827499 6939 0 2
cpu 15 165199 2 45502 2829358 6469 0 3
cpu 14 159132 0 46694 2835139 6453 0 4
cpu 17 150470 0 45572 2844175 6652 0 1
cpu 16 160364 0 44114 2837425 5879 0 1
cpu 19 131200 0 31764 2878453 6200 0 1
cpu 18 177379 5 32179 2832564 5747 0 2
cpu 1 180706 0 35724 2817136 8150 0 752
cpu 0 210977 45 34996 2763073 9923 0 1152
cpu 3 199714 0 51915 2785971 7419 0 596
cpu 2 194301 0 47898 2793812 9221 0 190
cpu 5 199886 0 52453 2786879 7333 0 455
cpu 4 194004 1 52893 2791036 7816 0 112
cpu 7 170335 0 51496 2818045 6437 0 540
cpu 6 193382 0 51695 2794147 7713 0 327
cpu 9 161762 0 51303 2823911 7655 0 376
cpu 8 157072 0 57586 2824421 6031 0 336
mem 1 99033092 97117388 1915704 54592 1228976 164 0 1099816 70192 183856 3992 0 0 174588 0 0 0
mem 0 97636988 62027256 35609732 372040 34201796 236 0 34101936 1596064 475316 8680 0 0 462496 4096 0 0
net lo 0 0 2996127 0 0 0 0 0 0 0 0 0 24350 0 2996127 0 0 0 0 0 0 24350 0
net virbr0 0 733 9961611931 0 0 0 0 0 0 0 0 0 39722641 0 38380833828 0 0 0 0 0 0 23513492 0
net eno1 0 152209 40328695113 0 0 353 0 0 0 0 0 0 30198814 0 1206969008 0 0 0 0 0 0 5952729 0
net vnet35 0 0 825560 0 0 0 0 0 0 0 0 0 4483 0 785247 0 0 0 0 0 0 3647 0
numa 1 102366246 18781169 10118603 29535 102321987 18825411
numa 0 101885248 10118603 18781169 29710 101883615 10119842
ps - 488797792 224858 510 391 264 6 684
sysv_shm - 0 0
tmpfs /run/lock 0 6
tmpfs /run 2080768 1098
tmpfs /run/user/20029 0 20
tmpfs /run/qemu 0 1
tmpfs /dev/shm 37615439872 105371
vfs - 133587 2504 182979
vm - 2 20071104 434428141 252290 1617408 231693372 277522449 75483409 6522712 174978821 54211 0 0 0 0 0 1811072 0 311878 5997 0 1617252 74 0 3 0 0

1778475787.740605 0 node0.mimesys-workload.ldos-ut-pg0.wisc.cloudlab.us
block sda 497185 209272 40134736 286893 2630844 17765336 868857115 12869509 0 2205560 13418256
block sdb 479 0 7540 438 4 0 0 0 0 556 439
cpu 11 167856 0 52344 2819306 6811 0 5
cpu 10 194323 2 47224 2799191 8882 0 4
cpu 13 163348 0 47571 2828929 6489 0 4
cpu 12 166335 0 46661 2827597 6939 0 2
cpu 15 165206 2 45504 2829452 6469 0 3
cpu 14 159133 0 46696 2835240 6453 0 4
cpu 17 150472 0 45575 2844274 6652 0 1
cpu 16 160365 0 44115 2837527 5879 0 1
cpu 19 131202 0 31767 2878551 6200 0 1
cpu 18 177380 5 32180 2832665 5747 0 2
cpu 1 180780 0 35725 2817163 8150 0 752
cpu 0 211053 45 34997 2763095 9923 0 1152
cpu 3 199793 0 51916 2785993 7419 0 596
cpu 2 194372 0 47900 2793841 9221 0 190
cpu 5 199970 0 52454 2786898 7333 0 455
cpu 4 194076 1 52894 2791062 7816 0 112
cpu 7 170336 0 51496 2818147 6437 0 540
cpu 6 193383 0 51696 2794250 7713 0 327
cpu 9 161762 0 51304 2824014 7655 0 376
cpu 8 157072 0 57587 2824523 6031 0 336
mem 1 99033092 97116896 1916196 54596 1230276 52 0 1099820 70904 185184 3900 0 0 174644 0 0 0
mem 0 97636988 62027508 35609480 372040 34201772 104 0 34101936 1596064 475312 8680 0 0 462524 4096 0 0
net lo 0 0 2997294 0 0 0 0 0 0 0 0 0 24358 0 2997294 0 0 0 0 0 0 24358 0
net virbr0 0 733 9961614829 0 0 0 0 0 0 0 0 0 39722658 0 38380837518 0 0 0 0 0 0 23513504 0
net eno1 0 152218 40328702176 0 0 353 0 0 0 0 0 0 30198922 0 1206970336 0 0 0 0 0 0 5952736 0
net vnet35 0 0 828696 0 0 0 0 0 0 0 0 0 4500 0 788937 0 0 0 0 0 0 3659 0
numa 1 102375522 18781169 10118603 29535 102331263 18825411
numa 0 101885891 10118603 18781169 29710 101884258 10119842
ps - 488805894 224938 510 391 264 6 684
sysv_shm - 0 0
tmpfs /run/lock 0 6
tmpfs /run 2080768 1098
tmpfs /run/user/20029 0 20
tmpfs /run/qemu 0 1
tmpfs /dev/shm 37615439872 105371
vfs - 133595 2504 183029
vm - 2 20071104 434428557 252290 1617408 231703292 277532006 75483415 6522712 174994253 54211 0 0 0 0 0 1811072 0 311878 5997 0 1617252 74 0 3 0 0

1778475788.782517 0 node0.mimesys-workload.ldos-ut-pg0.wisc.cloudlab.us
block sda 497185 209272 40134736 286893 2630848 17765336 868857219 12869510 0 2205568 13418257
block sdb 479 0 7540 438 4 0 0 0 0 556 439
cpu 11 167857 0 52346 2819407 6811 0 5
cpu 10 194324 2 47227 2799291 8882 0 4
cpu 13 163350 0 47572 2829031 6489 0 4
cpu 12 166336 0 46662 2827698 6939 0 2
cpu 15 165207 2 45505 2829554 6469 0 3
cpu 14 159136 0 46697 2835341 6453 0 4
cpu 17 150474 0 45578 2844371 6652 0 1
cpu 16 160366 0 44116 2837629 5879 0 1
cpu 19 131203 0 31770 2878653 6200 0 1
cpu 18 177382 5 32185 2832764 5747 0 2
cpu 1 180859 0 35726 2817188 8150 0 753
cpu 0 211130 45 34998 2763119 9923 0 1152
cpu 3 199872 0 51916 2786013 7419 0 596
cpu 2 194453 0 47901 2793861 9221 0 190
cpu 5 200048 0 52456 2786922 7333 0 455
cpu 4 194156 1 52896 2791082 7816 0 112
cpu 7 170337 0 51496 2818251 6437 0 540
cpu 6 193383 0 51696 2794354 7713 0 327
cpu 9 161763 0 51304 2824116 7655 0 376
cpu 8 157072 0 57588 2824626 6031 0 336
mem 1 99033092 97117432 1915660 54592 1228680 80 0 1099820 70192 183544 3716 0 0 174676 0 0 0
mem 0 97636988 62027340 35609648 372040 34201780 144 0 34101940 1596128 475312 8680 0 0 462556 4096 0 0
net lo 0 0 2997851 0 0 0 0 0 0 0 0 0 24362 0 2997851 0 0 0 0 0 0 24362 0
net virbr0 0 733 9961616609 0 0 0 0 0 0 0 0 0 39722669 0 38380838516 0 0 0 0 0 0 23513513 0
net eno1 0 152218 40328707753 0 0 353 0 0 0 0 0 0 30199007 0 1206971749 0 0 0 0 0 0 5952743 0
net vnet35 0 0 830630 0 0 0 0 0 0 0 0 0 4511 0 789987 0 0 0 0 0 0 3669 0
numa 1 102383410 18781169 10118603 29535 102339151 18825411
numa 0 101886295 10118603 18781169 29710 101884662 10119842
ps - 488813230 225012 510 391 264 7 684
sysv_shm - 0 0
tmpfs /run/lock 0 6
tmpfs /run 2080768 1098
tmpfs /run/user/20029 0 20
tmpfs /run/qemu 0 1
tmpfs /dev/shm 37615439872 105371
vfs - 133598 2544 183067
vm - 2 20071104 434428609 252290 1617408 231711583 277540660 75483419 6522712 175006999 54211 0 0 0 0 0 1811072 0 311878 5997 0 1617252 74 0 3 0 0

1778475789.822884 0 node0.mimesys-workload.ldos-ut-pg0.wisc.cloudlab.us
block sda 497185 209272 40134736 286893 2630848 17765336 868857219 12869510 0 2205568 13418257
block sdb 479 0 7540 438 4 0 0 0 0 556 439
cpu 11 167861 0 52350 2819503 6811 0 5
cpu 10 194330 2 47230 2799385 8882 0 4
cpu 13 163351 0 47574 2829132 6489 0 4
cpu 12 166337 0 46665 2827800 6939 0 2
cpu 15 165208 2 45507 2829656 6469 0 3
cpu 14 159140 0 46701 2835437 6453 0 4
cpu 17 150476 0 45582 2844471 6652 0 1
cpu 16 160366 0 44120 2837728 5879 0 1
cpu 19 131204 0 31774 2878752 6200 0 1
cpu 18 177384 5 32186 2832864 5747 0 2
cpu 1 180937 0 35728 2817209 8150 0 753
cpu 0 211214 45 34998 2763137 9923 0 1152
cpu 3 199951 0 51918 2786036 7419 0 596
cpu 2 194525 0 47904 2793886 9221 0 190
cpu 5 200125 0 52457 2786945 7333 0 455
cpu 4 194229 1 52897 2791108 7816 0 112
cpu 7 170338 0 51497 2818353 6437 0 540
cpu 6 193384 0 51696 2794457 7713 0 327
cpu 9 161764 0 51304 2824219 7655 0 376
cpu 8 157074 0 57589 2824728 6031 0 336
mem 1 99033092 97116184 1916908 54600 1228928 104 0 1099824 70192 183812 3916 0 0 174644 0 0 0
mem 0 97636988 62027340 35609648 372040 34201788 176 0 34101940 1596128 475312 8680 0 0 462596 4096 0 0
net lo 0 0 2999018 0 0 0 0 0 0 0 0 0 24370 0 2999018 0 0 0 0 0 0 24370 0
net virbr0 0 733 9961621287 0 0 0 0 0 0 0 0 0 39722697 0 38380843204 0 0 0 0 0 0 23513534 0
net eno1 0 152226 40328714696 0 0 353 0 0 0 0 0 0 30199113 0 1206972315 0 0 0 0 0 0 5952749 0
net vnet35 0 0 835700 0 0 0 0 0 0 0 0 0 4539 0 794675 0 0 0 0 0 0 3690 0
numa 1 102393340 18781169 10118603 29535 102349081 18825411
numa 0 101886907 10118603 18781169 29710 101885274 10119842
ps - 488821517 225096 510 393 266 7 684
sysv_shm - 0 0
tmpfs /run/lock 0 6
tmpfs /run 2080768 1098
tmpfs /run/user/20029 0 20
tmpfs /run/qemu 0 1
tmpfs /dev/shm 37615439872 105371
vfs - 133586 2504 182980
vm - 2 20071104 434428609 252290 1617408 231722131 277551213 75483427 6522712 175023158 54211 0 0 0 0 0 1811072 0 311878 5997 0 1617252 74 0 3 0 0

1778475790.860651 0 node0.mimesys-workload.ldos-ut-pg0.wisc.cloudlab.us
block sda 497185 209272 40134736 286893 2630848 17765336 868857219 12869510 0 2205568 13418257
block sdb 479 0 7540 438 4 0 0 0 0 556 439
cpu 11 167863 0 52355 2819602 6811 0 5
cpu 10 194333 2 47232 2799483 8882 0 4
cpu 13 163352 0 47576 2829233 6489 0 4
cpu 12 166338 0 46668 2827899 6939 0 2
cpu 15 165209 2 45509 2829755 6469 0 3
cpu 14 159144 0 46703 2835535 6453 0 4
cpu 17 150478 0 45586 2844568 6652 0 1
cpu 16 160366 0 44122 2837830 5879 0 1
cpu 19 131210 0 31776 2878846 6200 0 1
cpu 18 177385 5 32186 2832966 5747 0 2
cpu 1 181005 0 35729 2817241 8150 0 753
cpu 0 211279 45 35000 2763172 9923 0 1152
cpu 3 200023 0 51918 2786063 7419 0 596
cpu 2 194598 0 47906 2793917 9221 0 190
cpu 5 200202 0 52458 2786973 7333 0 455
cpu 4 194300 1 52899 2791136 7816 0 112
cpu 7 170340 0 51498 2818455 6437 0 540
cpu 6 193384 0 51696 2794559 7713 0 327
cpu 9 161764 0 51304 2824322 7655 0 376
cpu 8 157075 0 57589 2824831 6031 0 336
mem 1 99033092 97115688 1917404 54600 1231152 124 0 1099824 70636 186056 3952 0 0 174652 0 0 0
mem 0 97636988 62027340 35609648 372040 34201780 196 0 34101940 1596128 475312 8680 0 0 462636 4096 0 0
net lo 0 0 3000185 0 0 0 0 0 0 0 0 0 24378 0 3000185 0 0 0 0 0 0 24378 0
net virbr0 0 733 9961624001 0 0 0 0 0 0 0 0 0 39722711 0 38380845998 0 0 0 0 0 0 23513544 0
net eno1 0 152238 40328719353 0 0 353 0 0 0 0 0 0 30199181 0 1206973795 0 0 0 0 0 0 5952756 0
net vnet35 0 0 838610 0 0 0 0 0 0 0 0 0 4553 0 797521 0 0 0 0 0 0 3701 0
numa 1 102402596 18781169 10118603 29535 102358337 18825411
numa 0 101887461 10118603 18781169 29710 101885828 10119842
ps - 488828622 225175 510 393 266 7 681
sysv_shm - 0 0
tmpfs /run/lock 0 6
tmpfs /run 2080768 1098
tmpfs /run/user/20029 0 20
tmpfs /run/qemu 0 1
tmpfs /dev/shm 37615439872 105371
vfs - 133592 2504 183011
vm - 2 20071104 434428609 252290 1617408 231731935 277560651 75483430 6522712 175038358 54211 0 0 0 0 0 1811072 0 311878 5997 0 1617252 74 0 3 0 0

1778475791.901424 0 node0.mimesys-workload.ldos-ut-pg0.wisc.cloudlab.us
block sda 497185 209272 40134736 286893 2630853 17765347 868857347 12869510 0 2205572 13418258
block sdb 479 0 7540 438 4 0 0 0 0 556 439
cpu 11 167864 0 52359 2819701 6811 0 5
cpu 10 194334 2 47234 2799584 8882 0 4
cpu 13 163354 0 47578 2829334 6489 0 4
cpu 12 166340 0 46671 2828000 6939 0 2
cpu 15 165211 2 45510 2829856 6469 0 3
cpu 14 159145 0 46706 2835635 6453 0 4
cpu 17 150479 0 45591 2844665 6652 0 1
cpu 16 160366 0 44124 2837931 5879 0 1
cpu 19 131211 0 31778 2878948 6200 0 1
cpu 18 177388 5 32188 2833064 5747 0 2
cpu 1 181087 0 35730 2817261 8150 0 753
cpu 0 211365 45 35001 2763192 9923 0 1152
cpu 3 200106 0 51919 2786083 7419 0 596
cpu 2 194676 0 47906 2793937 9221 0 190
cpu 5 200283 0 52459 2786992 7333 0 455
cpu 4 194380 1 52900 2791159 7816 0 112
cpu 7 170340 0 51498 2818559 6437 0 540
cpu 6 193384 0 51697 2794663 7713 0 327
cpu 9 161766 0 51304 2824425 7655 0 376
cpu 8 157075 0 57589 2824934 6031 0 336
mem 1 99033092 97117156 1915936 54612 1228908 140 0 1099836 70192 183800 3924 0 0 174644 0 0 0
mem 0 97636988 62027180 35609808 372040 34201748 220 0 34101940 1596128 475312 8680 0 0 462564 4096 0 0
net lo 0 0 3000742 0 0 0 0 0 0 0 0 0 24382 0 3000742 0 0 0 0 0 0 24382 0
net virbr0 0 733 9961625965 0 0 0 0 0 0 0 0 0 39722725 0 38380847892 0 0 0 0 0 0 23513555 0
net eno1 0 152238 40328725710 0 0 353 0 0 0 0 0 0 30199279 0 1206975002 0 0 0 0 0 0 5952762 0
net vnet35 0 0 840770 0 0 0 0 0 0 0 0 0 4567 0 799415 0 0 0 0 0 0 3712 0
numa 1 102410499 18781169 10118603 29535 102366240 18825411
numa 0 101887823 10118603 18781169 29710 101886190 10119842
ps - 488836011 225249 510 393 266 7 681
sysv_shm - 0 0
tmpfs /run/lock 0 6
tmpfs /run 2080768 1098
tmpfs /run/user/20029 0 20
tmpfs /run/qemu 0 1
tmpfs /dev/shm 37615439872 105371
vfs - 133595 2464 183049
vm - 2 20071104 434428673 252290 1617408 231740200 277569264 75483434 6522712 175051133 54211 0 0 0 0 0 1811072 0 311878 5997 0 1617252 74 0 3 0 0

1778475792.939333 0 node0.mimesys-workload.ldos-ut-pg0.wisc.cloudlab.us
block sda 497185 209272 40134736 286893 2630940 17765348 868858123 12869533 0 2205584 13418280
block sdb 479 0 7540 438 4 0 0 0 0 556 439
cpu 11 167866 0 52363 2819800 6811 0 5
cpu 10 194342 2 47238 2799676 8882 0 4
cpu 13 163356 0 47580 2829434 6489 0 4
cpu 12 166342 0 46673 2828100 6939 0 2
cpu 15 165212 2 45512 2829958 6469 0 3
cpu 14 159148 0 46710 2835733 6453 0 4
cpu 17 150480 0 45592 2844766 6652 0 1
cpu 16 160368 0 44125 2838032 5879 0 1
cpu 19 131212 0 31779 2879049 6200 0 1
cpu 18 177391 5 32190 2833164 5747 0 2
cpu 1 181167 0 35731 2817280 8150 0 753
cpu 0 211444 45 35002 2763217 9923 0 1152
cpu 3 200190 0 51920 2786101 7419 0 596
cpu 2 194754 0 47907 2793959 9221 0 190
cpu 5 200362 0 52460 2787015 7333 0 455
cpu 4 194460 1 52902 2791182 7816 0 112
cpu 7 170340 0 51499 2818660 6437 0 540
cpu 6 193385 0 51697 2794765 7713 0 327
cpu 9 161767 0 51304 2824528 7655 0 376
cpu 8 157076 0 57589 2825037 6031 0 336
mem 1 99033092 97115148 1917944 54612 1230720 48 0 1099836 70912 185620 3908 0 0 174612 0 0 0
mem 0 97636988 62027684 35609304 372040 34201352 104 0 34101940 1596128 474868 8680 0 0 462532 4096 0 0
net lo 0 0 3001909 0 0 0 0 0 0 0 0 0 24390 0 3001909 0 0 0 0 0 0 24390 0
net virbr0 0 733 9961628863 0 0 0 0 0 0 0 0 0 39722742 0 38380851582 0 0 0 0 0 0 23513567 0
net eno1 0 152248 40328732125 0 0 353 0 0 0 0 0 0 30199376 0 1206975718 0 0 0 0 0 0 5952767 0
net vnet35 0 0 843906 0 0 0 0 0 0 0 0 0 4584 0 803157 0 0 0 0 0 0 3725 0
numa 1 102419904 18781169 10118603 29535 102375645 18825411
numa 0 101888225 10118603 18781169 29710 101886592 10119842
ps - 488844590 225328 510 393 266 4 681
sysv_shm - 0 0
tmpfs /run/lock 0 6
tmpfs /run 2080768 1098
tmpfs /run/user/20029 0 20
tmpfs /run/qemu 0 1
tmpfs /dev/shm 37615439872 105371
vfs - 133586 2464 182963
vm - 2 20071104 434429061 252290 1617408 231750007 277578721 75483439 6522712 175066427 54211 0 0 0 0 0 1811072 0 311878 5997 0 1617252 74 0 3 0 0

1778475793.979523 0 node0.mimesys-workload.ldos-ut-pg0.wisc.cloudlab.us
block sda 497185 209272 40134736 286893 2630944 17765348 868858211 12869533 0 2205588 13418281
block sdb 479 0 7540 438 4 0 0 0 0 556 439
cpu 11 167867 0 52366 2819899 6811 0 5
cpu 10 194344 2 47241 2799775 8882 0 4
cpu 13 163357 0 47581 2829535 6489 0 4
cpu 12 166344 0 46676 2828199 6939 0 2
cpu 15 165212 2 45515 2830058 6469 0 3
cpu 14 159149 0 46712 2835835 6453 0 4
cpu 17 150485 0 45594 2844864 6652 0 1
cpu 16 160370 0 44126 2838133 5879 0 1
cpu 19 131212 0 31781 2879151 6200 0 1
cpu 18 177392 5 32192 2833263 5747 0 2
cpu 1 181236 0 35734 2817308 8150 0 753
cpu 0 211524 45 35004 2763236 9923 0 1152
cpu 3 200269 0 51920 2786119 7419 0 596
cpu 2 194835 0 47908 2793979 9221 0 190
cpu 5 200441 0 52461 2787036 7333 0 455
cpu 4 194539 1 52902 2791204 7816 0 112
cpu 7 170340 0 51499 2818764 6437 0 540
cpu 6 193386 0 51698 2794869 7713 0 327
cpu 9 161767 0 51304 2824631 7655 0 376
cpu 8 157076 0 57589 2825141 6031 0 336
mem 1 99033092 97113892 1919200 54616 1229328 76 0 1099844 70192 184208 3896 0 0 174644 0 0 0
mem 0 97636988 62027700 35609288 372040 34201384 144 0 34101972 1596160 474948 8716 0 0 462532 4096 0 0
net lo 0 0 3002466 0 0 0 0 0 0 0 0 0 24394 0 3002466 0 0 0 0 0 0 24394 0
net virbr0 0 733 9961630643 0 0 0 0 0 0 0 0 0 39722753 0 38380852580 0 0 0 0 0 0 23513576 0
net eno1 0 152248 40328737828 0 0 353 0 0 0 0 0 0 30199463 0 1206977049 0 0 0 0 0 0 5952773 0
net vnet35 0 0 845840 0 0 0 0 0 0 0 0 0 4595 0 804155 0 0 0 0 0 0 3734 0
numa 1 102427991 18781169 10118603 29535 102383732 18825411
numa 0 101888406 10118603 18781169 29710 101886773 10119842
ps - 488852237 225402 510 393 266 6 681
sysv_shm - 0 0
tmpfs /run/lock 0 6
tmpfs /run 2080768 1098
tmpfs /run/user/20029 0 20
tmpfs /run/qemu 0 1
tmpfs /dev/shm 37615439872 105371
vfs - 133591 2504 183017
vm - 2 20071104 434429105 252290 1617408 231758275 277587346 75483442 6522712 175079198 54211 0 0 0 0 0 1811072 0 311878 5997 0 1617252 74 0 3 0 0

1778475795.017131 0 node0.mimesys-workload.ldos-ut-pg0.wisc.cloudlab.us
block sda 497185 209272 40134736 286893 2630944 17765348 868858211 12869533 0 2205588 13418281
block sdb 479 0 7540 438 4 0 0 0 0 556 439
cpu 11 167868 0 52369 2820000 6811 0 5
cpu 10 194347 2 47243 2799874 8882 0 4
cpu 13 163359 0 47584 2829633 6489 0 4
cpu 12 166346 0 46677 2828300 6939 0 2
cpu 15 165214 2 45515 2830159 6469 0 3
cpu 14 159149 0 46715 2835935 6453 0 4
cpu 17 150490 0 45600 2844957 6652 0 1
cpu 16 160372 0 44128 2838234 5879 0 1
cpu 19 131217 0 31783 2879247 6200 0 1
cpu 18 177394 5 32194 2833363 5747 0 2
cpu 1 181317 0 35734 2817332 8150 0 753
cpu 0 211608 45 35007 2763254 9923 0 1152
cpu 3 200350 0 51921 2786140 7419 0 596
cpu 2 194916 0 47911 2793998 9221 0 190
cpu 5 200522 0 52462 2787056 7333 0 455
cpu 4 194622 1 52903 2791226 7816 0 112
cpu 7 170342 0 51500 2818866 6437 0 540
cpu 6 193386 0 51698 2794972 7713 0 327
cpu 9 161767 0 51304 2824734 7655 0 376
cpu 8 157077 0 57589 2825244 6031 0 336
mem 1 99033092 97112728 1920364 54616 1229668 92 0 1099844 70192 184596 3864 0 0 174644 0 0 0
mem 0 97636988 62027952 35609036 372040 34201296 184 0 34102028 1596212 474868 8680 0 0 462516 4096 0 0
net lo 0 0 3003633 0 0 0 0 0 0 0 0 0 24402 0 3003633 0 0 0 0 0 0 24402 0
net virbr0 0 733 9961635321 0 0 0 0 0 0 0 0 0 39722781 0 38380857268 0 0 0 0 0 0 23513597 0
net eno1 0 152255 40328744105 0 0 353 0 0 0 0 0 0 30199558 0 1206978603 0 0 0 0 0 0 5952781 0
net vnet35 0 0 850910 0 0 0 0 0 0 0 0 0 4623 0 808895 0 0 0 0 0 0 3756 0
numa 1 102437562 18781169 10118603 29535 102393303 18825411
numa 0 101888835 10118603 18781169 29710 101887202 10119842
ps - 488859997 225482 525 398 268 5 681
sysv_shm - 0 0
tmpfs /run/lock 0 6
tmpfs /run 2080768 1098
tmpfs /run/user/20029 0 20
tmpfs /run/qemu 0 1
tmpfs /dev/shm 37615439872 105371
vfs - 133594 2424 183041
vm - 2 20071104 434429105 252290 1617408 231768275 277597294 75483444 6522712 175094694 54211 0 0 0 0 0 1811072 0 311878 5997 0 1617252 74 0 3 0 0

1778475796.057601 0 node0.mimesys-workload.ldos-ut-pg0.wisc.cloudlab.us
block sda 497185 209272 40134736 286893 2630951 17765360 868858363 12869534 0 2205592 13418282
block sdb 479 0 7540 438 4 0 0 0 0 556 439
cpu 11 167868 0 52371 2820100 6811 0 5
cpu 10 194348 2 47247 2799974 8882 0 4
cpu 13 163360 0 47587 2829733 6489 0 4
cpu 12 166348 0 46678 2828401 6939 0 2
cpu 15 165215 2 45518 2830261 6469 0 3
cpu 14 159150 0 46718 2836034 6453 0 4
cpu 17 150493 0 45604 2845054 6652 0 1
cpu 16 160372 0 44130 2838335 5879 0 1
cpu 19 131223 0 31784 2879344 6200 0 1
cpu 18 177394 5 32196 2833464 5747 0 2
cpu 1 181394 0 35736 2817355 8150 0 753
cpu 0 211686 45 35007 2763276 9923 0 1152
cpu 3 200428 0 51922 2786163 7419 0 596
cpu 2 194994 0 47912 2794021 9221 0 190
cpu 5 200604 0 52464 2787075 7333 0 455
cpu 4 194706 1 52904 2791248 7816 0 112
cpu 7 170342 0 51500 2818968 6437 0 540
cpu 6 193386 0 51698 2795075 7713 0 327
cpu 9 161768 0 51304 2824838 7655 0 376
cpu 8 157078 0 57590 2825346 6031 0 336
mem 1 99033092 97111980 1921112 54628 1230540 108 0 1099848 70848 185536 4024 0 0 174580 0 0 0
mem 0 97636988 62027968 35609020 372040 34202476 196 0 34102176 1596360 475756 8680 0 0 462508 4096 0 0
net lo 0 0 3004800 0 0 0 0 0 0 0 0 0 24410 0 3004800 0 0 0 0 0 0 24410 0
net virbr0 0 733 9961637931 0 0 0 0 0 0 0 0 0 39722793 0 38380860780 0 0 0 0 0 0 23513608 0
net eno1 0 152255 40328752446 0 0 353 0 0 0 0 0 0 30199674 0 1206979115 0 0 0 0 0 0 5952786 0
net vnet35 0 0 853688 0 0 0 0 0 0 0 0 0 4635 0 812407 0 0 0 0 0 0 3767 0
numa 1 102446772 18781169 10118603 29535 102402513 18825411
numa 0 101889424 10118603 18781169 29710 101887791 10119842
ps - 488867472 225561 525 398 268 5 681
sysv_shm - 0 0
tmpfs /run/lock 0 6
tmpfs /run 2080768 1098
tmpfs /run/user/20029 0 20
tmpfs /run/qemu 0 1
tmpfs /dev/shm 37615439872 105371
vfs - 133586 2424 182963
vm - 2 20071104 434429181 252290 1617408 231778074 277606745 75483449 6522712 175109863 54211 0 0 0 0 0 1811072 0 311878 5997 0 1617252 74 0 3 0 0

1778475797.096217 0 node0.mimesys-workload.ldos-ut-pg0.wisc.cloudlab.us
block sda 497185 209272 40134736 286893 2630951 17765360 868858363 12869534 0 2205592 13418282
block sdb 479 0 7540 438 4 0 0 0 0 556 439
cpu 11 167871 0 52373 2820199 6811 0 5
cpu 10 194350 2 47249 2800074 8882 0 4
cpu 13 163361 0 47591 2829831 6489 0 4
cpu 12 166348 0 46679 2828503 6939 0 2
cpu 15 165217 2 45520 2830359 6469 0 3
cpu 14 159151 0 46720 2836136 6453 0 4
cpu 17 150496 0 45607 2845152 6652 0 1
cpu 16 160373 0 44131 2838437 5879 0 1
cpu 19 131224 0 31785 2879446 6200 0 1
cpu 18 177395 5 32198 2833564 5747 0 2
cpu 1 181463 0 35737 2817388 8150 0 754
cpu 0 211762 45 35008 2763304 9923 0 1152
cpu 3 200503 0 51922 2786188 7419 0 596
cpu 2 195061 0 47915 2794052 9221 0 190
cpu 5 200683 0 52464 2787099 7333 0 455
cpu 4 194769 1 52906 2791281 7816 0 112
cpu 7 170342 0 51500 2819072 6437 0 540
cpu 6 193386 0 51698 2795178 7713 0 327
cpu 9 161768 0 51304 2824942 7655 0 376
cpu 8 157078 0 57591 2825449 6031 0 336
mem 1 99033092 97112716 1920376 54628 1229356 156 0 1099856 70192 184224 3896 0 0 174556 0 0 0
mem 0 97636988 62028220 35608768 372040 34201572 224 0 34102208 1596456 474868 8680 0 0 462500 4096 0 0
net lo 0 0 3005357 0 0 0 0 0 0 0 0 0 24414 0 3005357 0 0 0 0 0 0 24414 0
net virbr0 0 733 9961639843 0 0 0 0 0 0 0 0 0 39722806 0 38380861956 0 0 0 0 0 0 23513618 0
net eno1 0 152268 40328758575 0 0 354 0 0 0 0 0 0 30199768 0 1206980382 0 0 0 0 0 0 5952792 0
net vnet35 0 0 855782 0 0 0 0 0 0 0 0 0 4648 0 813635 0 0 0 0 0 0 3778 0
numa 1 102454878 18781169 10118603 29535 102410619 18825411
numa 0 101889614 10118603 18781169 29710 101887981 10119842
ps - 488875334 225635 525 398 268 5 681
sysv_shm - 0 0
tmpfs /run/lock 0 6
tmpfs /run 2080768 1098
tmpfs /run/user/20029 0 20
tmpfs /run/qemu 0 1
tmpfs /dev/shm 37615439872 105371
vfs - 133589 2424 183001
vm - 2 20071104 434429181 252290 1617408 231786370 277615402 75483451 6522712 175122669 54211 0 0 0 0 0 1811072 0 311878 5997 0 1617252 74 0 3 0 0

1778475798.137674 0 node0.mimesys-workload.ldos-ut-pg0.wisc.cloudlab.us
block sda 497185 209272 40134736 286893 2631036 17765360 868859163 12869555 0 2205604 13418303
block sdb 479 0 7540 438 4 0 0 0 0 556 439
cpu 11 167876 0 52378 2820292 6811 0 5
cpu 10 194350 2 47251 2800175 8882 0 4
cpu 13 163363 0 47595 2829929 6489 0 4
cpu 12 166349 0 46682 2828603 6939 0 2
cpu 15 165218 2 45522 2830460 6469 0 3
cpu 14 159152 0 46722 2836237 6453 0 4
cpu 17 150500 0 45612 2845246 6652 0 1
cpu 16 160374 0 44134 2838538 5879 0 1
cpu 19 131225 0 31786 2879547 6200 0 1
cpu 18 177396 5 32200 2833665 5747 0 2
cpu 1 181542 0 35739 2817410 8150 0 754
cpu 0 211835 45 35011 2763327 9923 0 1152
cpu 3 200581 0 51924 2786209 7419 0 596
cpu 2 195141 0 47916 2794074 9221 0 190
cpu 5 200769 0 52465 2787116 7333 0 455
cpu 4 194844 1 52906 2791308 7816 0 112
cpu 7 170342 0 51500 2819176 6437 0 540
cpu 6 193386 0 51698 2795282 7713 0 327
cpu 9 161769 0 51306 2825044 7655 0 376
cpu 8 157078 0 57591 2825553 6031 0 336
mem 1 99033092 97112220 1920872 54632 1230320 84 0 1099860 70900 185200 3928 0 0 174560 0 0 0
mem 0 97636988 62027468 35609520 372040 34202032 132 0 34102208 1596456 475312 8680 0 0 462468 4096 0 0
net lo 0 0 3006524 0 0 0 0 0 0 0 0 0 24422 0 3006524 0 0 0 0 0 0 24422 0
net virbr0 0 733 9961642741 0 0 0 0 0 0 0 0 0 39722823 0 38380865646 0 0 0 0 0 0 23513630 0
net eno1 0 152268 40328766662 0 0 354 0 0 0 0 0 0 30199884 0 1206981840 0 0 0 0 0 0 5952800 0
net vnet35 0 0 858918 0 0 0 0 0 0 0 0 0 4665 0 817325 0 0 0 0 0 0 3790 0
numa 1 102464391 18781169 10118603 29535 102420132 18825411
numa 0 101890009 10118603 18781169 29710 101888376 10119842
ps - 488882180 225715 525 398 268 3 674
sysv_shm - 0 0
tmpfs /run/lock 0 6
tmpfs /run 2080768 1098
tmpfs /run/user/20029 0 20
tmpfs /run/qemu 0 1
tmpfs /dev/shm 37615439872 105371
vfs - 133594 2464 183006
vm - 2 20071104 434429581 252290 1617408 231796278 277624961 75483453 6522712 175138087 54211 0 0 0 0 0 1811072 0 311878 5997 0 1617252 74 0 3 0 0

1778475799.176603 0 node0.mimesys-workload.ldos-ut-pg0.wisc.cloudlab.us
block sda 497185 209272 40134736 286893 2631044 17765362 868859267 12869557 0 2205612 13418305
block sdb 479 0 7540 438 4 0 0 0 0 556 439
cpu 11 167878 0 52380 2820392 6811 0 5
cpu 10 194351 2 47254 2800276 8882 0 4
cpu 13 163364 0 47598 2830030 6489 0 4
cpu 12 166349 0 46684 2828705 6939 0 2
cpu 15 165219 2 45524 2830560 6469 0 3
cpu 14 159156 0 46726 2836334 6453 0 4
cpu 17 150500 0 45614 2845348 6652 0 1
cpu 16 160376 0 44136 2838637 5879 0 1
cpu 19 131227 0 31787 2879648 6200 0 1
cpu 18 177398 5 32203 2833764 5747 0 2
cpu 1 181613 0 35740 2817438 8150 0 754
cpu 0 211919 45 35011 2763349 9923 0 1152
cpu 3 200657 0 51925 2786234 7419 0 596
cpu 2 195222 0 47918 2794096 9221 0 190
cpu 5 200848 0 52466 2787140 7333 0 455
cpu 4 194930 1 52907 2791328 7816 0 112
cpu 7 170342 0 51500 2819280 6437 0 540
cpu 6 193386 0 51698 2795385 7713 0 327
cpu 9 161770 0 51306 2825147 7655 0 376
cpu 8 157078 0 57591 2825656 6031 0 336
mem 1 99033092 97112236 1920856 54632 1229496 64 0 1099860 70192 184840 3988 0 0 174560 0 0 0
mem 0 97636988 62027920 35609068 372040 34201588 156 0 34102208 1596456 474868 8680 0 0 462460 4096 0 0
net lo 0 0 3007081 0 0 0 0 0 0 0 0 0 24426 0 3007081 0 0 0 0 0 0 24426 0
net virbr0 0 733 9961644521 0 0 0 0 0 0 0 0 0 39722834 0 38380866644 0 0 0 0 0 0 23513639 0
net eno1 0 152282 40328773379 0 0 354 0 0 0 0 0 0 30199988 0 1206982251 0 0 0 0 0 0 5952804 0
net vnet35 0 0 860852 0 0 0 0 0 0 0 0 0 4676 0 818375 0 0 0 0 0 0 3800 0
numa 1 102473048 18781169 10118603 29535 102428789 18825411
numa 0 101890200 10118603 18781169 29710 101888567 10119842
ps - 488889470 225793 525 398 268 5 674
sysv_shm - 0 0
tmpfs /run/lock 0 6
tmpfs /run 2080768 1098
tmpfs /run/user/20029 0 20
tmpfs /run/qemu 0 1
tmpfs /dev/shm 37615439872 105371
vfs - 133580 2544 182941
vm - 2 20071104 434429633 252290 1617408 231805127 277634197 75483454 6522712 175151586 54211 0 0 0 0 0 1811072 0 311878 5997 0 1617252 74 0 3 0 0

1778475800.217327 0 node0.mimesys-workload.ldos-ut-pg0.wisc.cloudlab.us
block sda 497185 209272 40134736 286893 2631044 17765362 868859267 12869557 0 2205612 13418305
block sdb 479 0 7540 438 4 0 0 0 0 556 439
cpu 11 167878 0 52381 2820494 6811 0 5
cpu 10 194354 2 47258 2800373 8882 0 4
cpu 13 163365 0 47600 2830130 6489 0 4
cpu 12 166350 0 46687 2828805 6939 0 2
cpu 15 165223 2 45526 2830658 6469 0 3
cpu 14 159157 0 46728 2836435 6453 0 4
cpu 17 150504 0 45617 2845446 6652 0 1
cpu 16 160378 0 44138 2838736 5879 0 1
cpu 19 131232 0 31789 2879744 6200 0 1
cpu 18 177400 5 32204 2833865 5747 0 2
cpu 1 181694 0 35741 2817459 8150 0 754
cpu 0 211996 45 35012 2763374 9923 0 1152
cpu 3 200734 0 51926 2786256 7419 0 596
cpu 2 195302 0 47920 2794119 9221 0 190
cpu 5 200923 0 52467 2787164 7333 0 455
cpu 4 195014 1 52907 2791347 7816 0 112
cpu 7 170342 0 51501 2819384 6437 0 540
cpu 6 193386 0 51698 2795488 7713 0 327
cpu 9 161770 0 51306 2825251 7655 0 376
cpu 8 157078 0 57592 2825759 6031 0 336
mem 1 99033092 97113028 1920064 54636 1228888 84 0 1099864 70192 183776 3892 0 0 174560 0 0 0
mem 0 97636988 62026912 35610076 372040 34202004 196 0 34102208 1596456 475312 8680 0 0 462460 4096 0 0
net lo 0 0 3008248 0 0 0 0 0 0 0 0 0 24434 0 3008248 0 0 0 0 0 0 24434 0
net virbr0 0 733 9961649199 0 0 0 0 0 0 0 0 0 39722862 0 38380871332 0 0 0 0 0 0 23513660 0
net eno1 0 152282 40328779703 0 0 354 0 0 0 0 0 0 30200078 0 1206983785 0 0 0 0 0 0 5952812 0
net vnet35 0 0 865922 0 0 0 0 0 0 0 0 0 4704 0 823063 0 0 0 0 0 0 3821 0
numa 1 102482856 18781169 10118603 29535 102438597 18825411
numa 0 101890691 10118603 18781169 29710 101889058 10119842
ps - 488896518 225877 523 400 269 6 674
sysv_shm - 0 0
tmpfs /run/lock 0 6
tmpfs /run 2080768 1098
tmpfs /run/user/20029 0 20
tmpfs /run/qemu 0 1
tmpfs /dev/shm 37615439872 105371
vfs - 133586 2544 182949
vm - 2 20071104 434429633 252290 1617408 231815451 277644512 75483457 6522712 175167591 54211 0 0 0 0 0 1811072 0 311878 5997 0 1617252 74 0 3 0 0

1778475801.258869 0 node0.mimesys-workload.ldos-ut-pg0.wisc.cloudlab.us
block sda 497185 209272 40134736 286893 2631048 17765372 868859379 12869558 0 2205616 13418306
block sdb 479 0 7540 438 4 0 0 0 0 556 439
cpu 11 167879 0 52382 2820594 6811 0 5
cpu 10 194356 2 47260 2800473 8882 0 4
cpu 13 163366 0 47604 2830229 6489 0 4
cpu 12 166350 0 46687 2828907 6939 0 2
cpu 15 165225 2 45530 2830756 6469 0 3
cpu 14 159159 0 46731 2836535 6453 0 4
cpu 17 150508 0 45620 2845543 6652 0 1
cpu 16 160379 0 44140 2838837 5879 0 1
cpu 19 131238 0 31791 2879839 6200 0 1
cpu 18 177401 5 32205 2833966 5747 0 2
cpu 1 181770 0 35742 2817482 8150 0 754
cpu 0 212075 45 35012 2763399 9923 0 1152
cpu 3 200817 0 51927 2786277 7419 0 596
cpu 2 195380 0 47920 2794145 9221 0 190
cpu 5 201000 0 52468 2787189 7333 0 455
cpu 4 195092 1 52909 2791368 7816 0 112
cpu 7 170343 0 51502 2819486 6437 0 540
cpu 6 193386 0 51698 2795591 7713 0 327
cpu 9 161771 0 51307 2825353 7655 0 376
cpu 8 157078 0 57592 2825862 6031 0 336
mem 1 99033092 97114084 1919008 54648 1230428 112 0 1099872 70908 185416 3960 0 0 174552 0 0 0
mem 0 97636988 62027684 35609304 372040 34202436 248 0 34102208 1596456 475724 8632 0 0 462452 4096 0 0
net lo 0 0 3009415 0 0 0 0 0 0 0 0 0 24442 0 3009415 0 0 0 0 0 0 24442 0
net virbr0 0 733 9961651941 0 0 0 0 0 0 0 0 0 39722876 0 38380875022 0 0 0 0 0 0 23513672 0
net eno1 0 152297 40328787192 0 0 354 0 0 0 0 0 0 30200194 0 1206985121 0 0 0 0 0 0 5952819 0
net vnet35 0 0 868860 0 0 0 0 0 0 0 0 0 4718 0 826805 0 0 0 0 0 0 3834 0
numa 1 102492436 18781169 10118603 29535 102448177 18825411
numa 0 101891311 10118603 18781169 29710 101889678 10119842
ps - 488904099 225959 523 400 269 7 674
sysv_shm - 0 0
tmpfs /run/lock 0 6
tmpfs /run 2080768 1098
tmpfs /run/user/20029 0 20
tmpfs /run/qemu 0 1
tmpfs /dev/shm 37615439872 105371
vfs - 133592 2464 182990
vm - 2 20071104 434429689 252290 1617408 231825626 277654309 75483460 6522712 175183386 54211 0 0 0 0 0 1811072 0 311878 5997 0 1617252 74 0 3 0 0

1778475802.299302 0 node0.mimesys-workload.ldos-ut-pg0.wisc.cloudlab.us
block sda 497185 209272 40134736 286893 2631374 17765401 868863771 12869607 0 2205656 13418356
block sdb 479 0 7540 438 4 0 0 0 0 556 439
cpu 11 167880 0 52386 2820693 6811 0 5
cpu 10 194358 2 47262 2800574 8882 0 4
cpu 13 163367 0 47606 2830330 6489 0 4
cpu 12 166350 0 46689 2829009 6939 0 2
cpu 15 165226 2 45532 2830857 6469 0 3
cpu 14 159159 0 46732 2836637 6453 0 4
cpu 17 150509 0 45622 2845645 6652 0 1
cpu 16 160381 0 44142 2838937 5879 0 1
cpu 19 131240 0 31794 2879940 6200 0 1
cpu 18 177402 5 32206 2834067 5747 0 2
cpu 1 181844 0 35744 2817505 8150 0 754
cpu 0 212154 45 35014 2763420 9923 0 1152
cpu 3 200899 0 51928 2786295 7419 0 596
cpu 2 195460 0 47921 2794165 9221 0 190
cpu 5 201082 0 52468 2787206 7333 0 455
cpu 4 195175 1 52911 2791388 7816 0 112
cpu 7 170344 0 51503 2819589 6437 0 540
cpu 6 193387 0 51698 2795695 7713 0 327
cpu 9 161771 0 51308 2825456 7655 0 376
cpu 8 157078 0 57592 2825966 6031 0 336
mem 1 99033092 97115096 1917996 54648 1229332 128 0 1099884 70192 184200 3900 0 0 174560 0 0 0
mem 0 97636988 62027184 35609804 372040 34202068 268 0 34102212 1596460 475380 8716 0 0 462428 4096 0 0
net lo 0 0 3009972 0 0 0 0 0 0 0 0 0 24446 0 3009972 0 0 0 0 0 0 24446 0
net virbr0 0 733 9961653721 0 0 0 0 0 0 0 0 0 39722887 0 38380876020 0 0 0 0 0 0 23513681 0
net eno1 0 152297 40328793429 0 0 354 0 0 0 0 0 0 30200290 0 1206985532 0 0 0 0 0 0 5952823 0
net vnet35 0 0 870794 0 0 0 0 0 0 0 0 0 4729 0 827803 0 0 0 0 0 0 3843 0
numa 1 102500463 18781169 10118603 29535 102456204 18825411
numa 0 101892035 10118603 18781169 29710 101890402 10119842
ps - 488912804 226046 523 400 269 4 685
sysv_shm - 0 0
tmpfs /run/lock 0 6
tmpfs /run 2080768 1098
tmpfs /run/user/20029 0 20
tmpfs /run/qemu 0 1
tmpfs /dev/shm 37615439872 105371
vfs - 133582 2464 182917
vm - 2 20071104 434431885 252290 1617408 231834401 277663419 75483465 6522712 175196449 54211 0 0 0 0 0 1811072 0 311878 5997 0 1617252 74 0 3 0 0

1778475803.340816 0 node0.mimesys-workload.ldos-ut-pg0.wisc.cloudlab.us
block sda 497185 209272 40134736 286893 2631467 17765401 868864667 12869627 0 2205676 13418377
block sdb 479 0 7540 438 4 0 0 0 0 556 439
cpu 11 167881 0 52390 2820793 6811 0 5
cpu 10 194359 2 47266 2800671 8882 0 4
cpu 13 163368 0 47610 2830430 6489 0 4
cpu 12 166352 0 46690 2829111 6939 0 2
cpu 15 165228 2 45535 2830957 6469 0 3
cpu 14 159161 0 46734 2836738 6453 0 4
cpu 17 150511 0 45624 2845743 6652 0 1
cpu 16 160384 0 44146 2839035 5879 0 1
cpu 19 131241 0 31796 2880040 6200 0 1
cpu 18 177411 5 32209 2834161 5747 0 2
cpu 1 181932 0 35744 2817520 8150 0 754
cpu 0 212232 45 35015 2763442 9923 0 1152
cpu 3 200984 0 51929 2786312 7419 0 596
cpu 2 195539 0 47922 2794187 9221 0 190
cpu 5 201169 0 52469 2787222 7333 0 455
cpu 4 195255 1 52913 2791408 7816 0 112
cpu 7 170344 0 51503 2819692 6437 0 540
cpu 6 193388 0 51698 2795798 7713 0 327
cpu 9 161772 0 51308 2825558 7655 0 376
cpu 8 157078 0 57592 2826070 6031 0 336
mem 1 99033092 97114124 1918968 54656 1228840 36 0 1099884 70412 184136 3904 0 0 174536 0 0 0
mem 0 97636988 62027436 35609552 372040 34201760 28 0 34102212 1596460 475080 8688 0 0 462428 4096 0 0
net lo 0 0 3011139 0 0 0 0 0 0 0 0 0 24454 0 3011139 0 0 0 0 0 0 24454 0
net virbr0 0 733 9961658191 0 0 0 0 0 0 0 0 0 39722911 0 38380880708 0 0 0 0 0 0 23513702 0
net eno1 0 152305 40328799706 0 0 354 0 0 0 0 0 0 30200385 0 1206986822 0 0 0 0 0 0 5952829 0
net vnet35 0 0 875600 0 0 0 0 0 0 0 0 0 4753 0 832543 0 0 0 0 0 0 3865 0
numa 1 102510369 18781169 10118603 29535 102466110 18825411
numa 0 101892567 10118603 18781169 29710 101890934 10119842
ps - 488920058 226130 523 400 269 8 685
sysv_shm - 0 0
tmpfs /run/lock 0 6
tmpfs /run 2080768 1098
tmpfs /run/user/20029 0 20
tmpfs /run/qemu 0 1
tmpfs /dev/shm 37615439872 105371
vfs - 133585 2504 183007
vm - 2 20071104 434432333 252290 1617408 231844831 277673844 75483467 6522712 175212651 54211 0 0 0 0 0 1811072 0 311878 5997 0 1617252 74 0 3 0 0

1778475804.382140 0 node0.mimesys-workload.ldos-ut-pg0.wisc.cloudlab.us
block sda 497188 209272 40134872 286894 2631472 17765401 868864715 12869631 0 2205688 13418382
block sdb 479 0 7540 438 4 0 0 0 0 556 439
cpu 11 167882 0 52393 2820893 6811 0 5
cpu 10 194361 2 47267 2800771 8882 0 4
cpu 13 163370 0 47613 2830529 6489 0 4
cpu 12 166354 0 46694 2829210 6939 0 2
cpu 15 165228 2 45537 2831057 6469 0 3
cpu 14 159162 0 46735 2836840 6453 0 4
cpu 17 150512 0 45628 2845843 6652 0 1
cpu 16 160385 0 44150 2839134 5879 0 1
cpu 19 131244 0 31800 2880138 6200 0 1
cpu 18 177411 5 32211 2834261 5747 0 2
cpu 1 181995 0 35744 2817558 8150 0 754
cpu 0 212298 45 35017 2763479 9923 0 1152
cpu 3 201046 0 51930 2786354 7419 0 596
cpu 2 195607 0 47922 2794228 9221 0 190
cpu 5 201232 0 52470 2787260 7333 0 455
cpu 4 195321 1 52914 2791443 7816 0 112
cpu 7 170344 0 51503 2819797 6437 0 540
cpu 6 193388 0 51698 2795901 7713 0 327
cpu 9 161773 0 51308 2825662 7655 0 376
cpu 8 157079 0 57593 2826172 6031 0 336
mem 1 99033092 97115456 1917636 54660 1229452 72 0 1099888 70396 184356 3932 0 0 174552 0 0 0
mem 0 97636988 62026028 35610960 372044 34202312 132 0 34102212 1596460 475640 8716 0 0 462428 4096 0 0
net lo 0 0 3012306 0 0 0 0 0 0 0 0 0 24462 0 3012306 0 0 0 0 0 0 24462 0
net virbr0 0 733 9961658191 0 0 0 0 0 0 0 0 0 39722911 0 38380880708 0 0 0 0 0 0 23513702 0
net eno1 0 152305 40328807541 0 0 354 0 0 0 0 0 0 30200497 0 1206988296 0 0 0 0 0 0 5952837 0
net vnet35 0 0 875600 0 0 0 0 0 0 0 0 0 4753 0 832543 0 0 0 0 0 0 3865 0
numa 1 102519669 18781169 10118603 29535 102475410 18825411
numa 0 101893422 10118603 18781169 29710 101891789 10119842
ps - 488927721 226215 489 395 268 7 678
sysv_shm - 0 0
tmpfs /run/lock 0 6
tmpfs /run 2080768 1098
tmpfs /run/user/20029 0 20
tmpfs /run/qemu 0 1
tmpfs /dev/shm 37615439872 105371
vfs - 133590 2464 182998
vm - 2 20071172 434432357 252290 1617408 231855007 277683907 75483471 6522712 175228509 54212 0 0 0 0 0 1811072 0 311878 5997 0 1617252 74 0 3 0 0

1778475805.422526 0 node0.mimesys-workload.ldos-ut-pg0.wisc.cloudlab.us
block sda 497188 209272 40134872 286894 2631472 17765401 868864715 12869631 0 2205688 13418382
block sdb 479 0 7540 438 4 0 0 0 0 556 439
cpu 11 167884 0 52397 2820992 6811 0 5
cpu 10 194362 2 47269 2800871 8882 0 4
cpu 13 163371 0 47614 2830631 6489 0 4
cpu 12 166354 0 46696 2829311 6939 0 2
cpu 15 165234 2 45539 2831154 6469 0 3
cpu 14 159163 0 46737 2836941 6453 0 4
cpu 17 150513 0 45631 2845944 6652 0 1
cpu 16 160386 0 44152 2839236 5879 0 1
cpu 19 131246 0 31802 2880238 6200 0 1
cpu 18 177412 5 32214 2834361 5747 0 2
cpu 1 182080 0 35744 2817574 8150 0 754
cpu 0 212374 45 35019 2763499 9923 0 1152
cpu 3 201126 0 51930 2786375 7419 0 596
cpu 2 195693 0 47923 2794243 9221 0 190
cpu 5 201311 0 52471 2787279 7333 0 455
cpu 4 195406 1 52914 2791458 7816 0 112
cpu 7 170344 0 51503 2819901 6437 0 540
cpu 6 193388 0 51698 2796004 7713 0 327
cpu 9 161774 0 51309 2825763 7655 0 376
cpu 8 157079 0 57593 2826276 6031 0 336
mem 1 99033092 97115300 1917792 54652 1229340 88 0 1099956 70588 184072 3900 0 0 174544 0 0 0
mem 0 97636988 62025780 35611208 372040 34202016 176 0 34102212 1596460 475316 8700 0 0 462428 4096 0 0
net lo 0 0 3012863 0 0 0 0 0 0 0 0 0 24466 0 3012863 0 0 0 0 0 0 24466 0
net virbr0 0 733 9961662869 0 0 0 0 0 0 0 0 0 39722939 0 38380885396 0 0 0 0 0 0 23513723 0
net eno1 0 152320 40328813238 0 0 354 0 0 0 0 0 0 30200584 0 1206988707 0 0 0 0 0 0 5952841 0
net vnet35 0 0 880670 0 0 0 0 0 0 0 0 0 4781 0 837283 0 0 0 0 0 0 3887 0
numa 1 102528071 18781169 10118603 29535 102483812 18825411
numa 0 101893806 10118603 18781169 29710 101892173 10119842
ps - 488933760 226291 489 395 268 7 678
sysv_shm - 0 0
tmpfs /run/lock 0 6
tmpfs /run 2080768 1098
tmpfs /run/user/20029 0 20
tmpfs /run/qemu 0 1
tmpfs /dev/shm 37615439872 105371
vfs - 133581 2504 182940
vm - 2 20071172 434432357 252290 1617408 231863755 277692803 75483473 6522712 175241974 54212 0 0 0 0 0 1811072 0 311878 5997 0 1617252 74 0 3 0 0

1778475806.464437 0 node0.mimesys-workload.ldos-ut-pg0.wisc.cloudlab.us
block sda 497188 209272 40134872 286894 2631472 17765401 868864715 12869631 0 2205688 13418382
block sdb 479 0 7540 438 4 0 0 0 0 556 439
cpu 11 167886 0 52399 2821094 6811 0 5
cpu 10 194369 2 47271 2800964 8882 0 4
cpu 13 163374 0 47616 2830730 6489 0 4
cpu 12 166356 0 46699 2829410 6939 0 2
cpu 15 165235 2 45541 2831254 6469 0 3
cpu 14 159166 0 46740 2837040 6453 0 4
cpu 17 150515 0 45635 2846041 6652 0 1
cpu 16 160387 0 44154 2839337 5879 0 1
cpu 19 131246 0 31803 2880340 6200 0 1
cpu 18 177414 5 32216 2834462 5747 0 2
cpu 1 182155 0 35745 2817600 8150 0 754
cpu 0 212451 45 35020 2763523 9923 0 1152
cpu 3 201206 0 51930 2786398 7419 0 596
cpu 2 195772 0 47925 2794266 9221 0 190
cpu 5 201392 0 52472 2787305 7333 0 455
cpu 4 195486 1 52915 2791481 7816 0 113
cpu 7 170344 0 51504 2820003 6437 0 540
cpu 6 193389 0 51698 2796107 7713 0 327
cpu 9 161775 0 51309 2825867 7655 0 376
cpu 8 157080 0 57594 2826378 6031 0 336
mem 1 99033092 97115632 1917460 54668 1230600 112 0 1099960 70884 185348 3936 0 0 174516 0 0 0
mem 0 97636988 62026284 35610704 372040 34202476 208 0 34102212 1596460 475736 8652 0 0 462444 4096 0 0
net lo 0 0 3014030 0 0 0 0 0 0 0 0 0 24474 0 3014030 0 0 0 0 0 0 24474 0
net virbr0 0 733 9961665611 0 0 0 0 0 0 0 0 0 39722953 0 38380889086 0 0 0 0 0 0 23513735 0
net eno1 0 152320 40328819625 0 0 354 0 0 0 0 0 0 30200672 0 1206990803 0 0 0 0 0 0 5952850 0
net vnet35 0 0 883608 0 0 0 0 0 0 0 0 0 4795 0 840973 0 0 0 0 0 0 3899 0
numa 1 102537284 18781169 10118603 29535 102493025 18825411
numa 0 101894410 10118603 18781169 29710 101892777 10119842
ps - 488941147 226370 489 395 268 6 678
sysv_shm - 0 0
tmpfs /run/lock 0 6
tmpfs /run 2080768 1098
tmpfs /run/user/20029 0 20
tmpfs /run/qemu 0 1
tmpfs /dev/shm 37615439872 105371
vfs - 133585 2504 182958
vm - 2 20071172 434432357 252290 1617408 231873572 277702258 75483477 6522712 175257172 54212 0 0 0 0 0 1811072 0 311878 5997 0 1617252 74 0 3 0 0

1778475807.502874 0 node0.mimesys-workload.ldos-ut-pg0.wisc.cloudlab.us
block sda 497188 209272 40134872 286894 2631477 17765412 868864843 12869631 0 2205692 13418382
block sdb 479 0 7540 438 4 0 0 0 0 556 439
cpu 11 167887 0 52400 2821195 6811 0 5
cpu 10 194370 2 47275 2801064 8882 0 4
cpu 13 163374 0 47617 2830831 6489 0 4
cpu 12 166359 0 46700 2829510 6939 0 2
cpu 15 165237 2 45541 2831356 6469 0 3
cpu 14 159166 0 46744 2837139 6453 0 4
cpu 17 150518 0 45638 2846140 6652 0 1
cpu 16 160388 0 44155 2839438 5879 0 1
cpu 19 131247 0 31806 2880441 6200 0 1
cpu 18 177416 5 32218 2834562 5747 0 2
cpu 1 182234 0 35746 2817619 8150 0 754
cpu 0 212532 45 35021 2763544 9923 0 1152
cpu 3 201286 0 51932 2786418 7419 0 596
cpu 2 195846 0 47926 2794289 9221 0 190
cpu 5 201474 0 52473 2787323 7333 0 455
cpu 4 195569 1 52916 2791500 7816 0 113
cpu 7 170344 0 51504 2820107 6437 0 540
cpu 6 193389 0 51698 2796211 7713 0 327
cpu 9 161775 0 51310 2825970 7655 0 376
cpu 8 157080 0 57594 2826482 6031 0 336
mem 1 99033092 97116140 1916952 54664 1229148 128 0 1099964 70260 183984 3724 0 0 174532 0 0 0
mem 0 97636988 62026284 35610704 372040 34201672 236 0 34102212 1596460 474948 8736 0 0 462484 4096 0 0
net lo 0 0 3014587 0 0 0 0 0 0 0 0 0 24478 0 3014587 0 0 0 0 0 0 24478 0
net virbr0 0 733 9961667339 0 0 0 0 0 0 0 0 0 39722963 0 38380890084 0 0 0 0 0 0 23513744 0
net eno1 0 152333 40328826408 0 0 354 0 0 0 0 0 0 30200777 0 1206992078 0 0 0 0 0 0 5952856 0
net vnet35 0 0 885476 0 0 0 0 0 0 0 0 0 4805 0 842023 0 0 0 0 0 0 3909 0
numa 1 102545357 18781169 10118603 29535 102501098 18825411
numa 0 101894592 10118603 18781169 29710 101892959 10119842
ps - 488947994 226444 489 395 268 6 678
sysv_shm - 0 0
tmpfs /run/lock 0 6
tmpfs /run 2080768 1098
tmpfs /run/user/20029 0 20
tmpfs /run/qemu 0 1
tmpfs /dev/shm 37615439872 105371
vfs - 133589 2544 183004
vm - 2 20071172 434432421 252290 1617408 231881827 277710883 75483478 6522712 175269905 54212 0 0 0 0 0 1811072 0 311878 5997 0 1617252 74 0 3 0 0

1778475808.543599 0 node0.mimesys-workload.ldos-ut-pg0.wisc.cloudlab.us
block sda 497188 209272 40134872 286894 2631565 17765412 868865683 12869648 0 2205704 13418399
block sdb 479 0 7540 438 4 0 0 0 0 556 439
cpu 11 167888 0 52403 2821293 6811 0 5
cpu 10 194372 2 47278 2801164 8882 0 4
cpu 13 163381 0 47621 2830925 6489 0 4
cpu 12 166361 0 46705 2829609 6939 0 2
cpu 15 165240 2 45544 2831454 6469 0 3
cpu 14 159167 0 46746 2837238 6453 0 4
cpu 17 150518 0 45640 2846242 6652 0 1
cpu 16 160389 0 44156 2839539 5879 0 1
cpu 19 131249 0 31808 2880540 6200 0 1
cpu 18 177416 5 32218 2834664 5747 0 2
cpu 1 182311 0 35749 2817640 8150 0 755
cpu 0 212616 45 35022 2763562 9923 0 1152
cpu 3 201364 0 51934 2786439 7419 0 596
cpu 2 195929 0 47927 2794311 9221 0 190
cpu 5 201558 0 52475 2787340 7333 0 455
cpu 4 195658 1 52918 2791515 7816 0 113
cpu 7 170344 0 51504 2820211 6437 0 540
cpu 6 193389 0 51698 2796314 7713 0 327
cpu 9 161776 0 51310 2826073 7655 0 376
cpu 8 157080 0 57594 2826586 6031 0 336
mem 1 99033092 97117692 1915400 54688 1229068 36 0 1099976 70416 184428 4328 0 0 174532 0 0 0
mem 0 97636988 62026788 35610200 372040 34202132 20 0 34102212 1596460 475388 8736 0 0 462444 4096 0 0
net lo 0 0 3015754 0 0 0 0 0 0 0 0 0 24486 0 3015754 0 0 0 0 0 0 24486 0
net virbr0 0 733 9961672017 0 0 0 0 0 0 0 0 0 39722991 0 38380894772 0 0 0 0 0 0 23513765 0
net eno1 0 152333 40328832559 0 0 354 0 0 0 0 0 0 30200870 0 1206992644 0 0 0 0 0 0 5952862 0
net vnet35 0 0 890546 0 0 0 0 0 0 0 0 0 4833 0 846763 0 0 0 0 0 0 3931 0
numa 1 102555031 18781169 10118603 29535 102510772 18825411
numa 0 101894981 10118603 18781169 29710 101893348 10119842
ps - 488955451 226525 489 395 268 4 678
sysv_shm - 0 0
tmpfs /run/lock 0 6
tmpfs /run 2080768 1098
tmpfs /run/user/20029 0 20
tmpfs /run/qemu 0 1
tmpfs /dev/shm 37615439872 105371
vfs - 133581 2504 182940
vm - 2 20071172 434432841 252290 1617408 231891890 277720934 75483482 6522712 175285527 54212 0 0 0 0 0 1811072 0 311878 5997 0 1617252 74 0 3 0 0

1778475809.582190 0 node0.mimesys-workload.ldos-ut-pg0.wisc.cloudlab.us
block sda 497188 209272 40134872 286894 2631582 17765412 868865843 12869651 0 2205712 13418403
block sdb 479 0 7540 438 4 0 0 0 0 556 439
cpu 11 167888 0 52407 2821393 6811 0 5
cpu 10 194373 2 47279 2801264 8882 0 4
cpu 13 163383 0 47624 2831025 6489 0 4
cpu 12 166368 0 46706 2829703 6939 0 2
cpu 15 165242 2 45546 2831554 6469 0 3
cpu 14 159169 0 46753 2837335 6453 0 4
cpu 17 150521 0 45642 2846340 6652 0 1
cpu 16 160391 0 44160 2839637 5879 0 1
cpu 19 131251 0 31810 2880639 6200 0 1
cpu 18 177418 5 32220 2834765 5747 0 2
cpu 1 182388 0 35750 2817664 8150 0 755
cpu 0 212685 45 35026 2763590 9923 0 1152
cpu 3 201448 0 51936 2786457 7419 0 596
cpu 2 196009 0 47928 2794331 9221 0 190
cpu 5 201635 0 52476 2787363 7333 0 455
cpu 4 195732 1 52918 2791542 7816 0 113
cpu 7 170346 0 51505 2820313 6437 0 540
cpu 6 193389 0 51699 2796418 7713 0 327
cpu 9 161776 0 51311 2826176 7655 0 376
cpu 8 157080 0 57594 2826689 6031 0 336
mem 1 99033092 97117700 1915392 54680 1231152 112 0 1099976 70940 185976 4524 0 0 174564 0 0 0
mem 0 97636988 62026932 35610056 372040 34202024 184 0 34102212 1596460 475264 8660 0 0 462444 4096 0 0
net lo 0 0 3016921 0 0 0 0 0 0 0 0 0 24494 0 3016921 0 0 0 0 0 0 24494 0
net virbr0 0 733 9961674863 0 0 0 0 0 0 0 0 0 39723007 0 38380898462 0 0 0 0 0 0 23513777 0
net eno1 0 152340 40328839382 0 0 354 0 0 0 0 0 0 30200974 0 1206994124 0 0 0 0 0 0 5952869 0
net vnet35 0 0 893616 0 0 0 0 0 0 0 0 0 4849 0 850453 0 0 0 0 0 0 3943 0
numa 1 102564934 18781169 10118603 29535 102520675 18825411
numa 0 101895461 10118603 18781169 29710 101893828 10119842
ps - 488963498 226608 482 395 269 6 678
sysv_shm - 0 0
tmpfs /run/lock 0 6
tmpfs /run 2080768 1098
tmpfs /run/user/20029 0 20
tmpfs /run/qemu 0 1
tmpfs /dev/shm 37615439872 105371
vfs - 133584 2464 182964
vm - 2 20071172 434432921 252290 1617408 231902273 277730946 75483484 6522712 175301497 54212 0 0 0 0 0 1811072 0 311878 5997 0 1617252 74 0 3 0 0

1778475810.621548 0 node0.mimesys-workload.ldos-ut-pg0.wisc.cloudlab.us
block sda 497188 209272 40134872 286894 2631582 17765412 868865843 12869651 0 2205712 13418403
block sdb 479 0 7540 438 4 0 0 0 0 556 439
cpu 11 167889 0 52409 2821495 6811 0 5
cpu 10 194374 2 47282 2801364 8882 0 4
cpu 13 163384 0 47626 2831126 6489 0 4
cpu 12 166370 0 46710 2829801 6939 0 2
cpu 15 165242 2 45547 2831656 6469 0 3
cpu 14 159169 0 46754 2837437 6453 0 4
cpu 17 150523 0 45646 2846438 6652 0 1
cpu 16 160392 0 44164 2839736 5879 0 1
cpu 19 131252 0 31813 2880738 6200 0 1
cpu 18 177418 5 32221 2834867 5747 0 2
cpu 1 182467 0 35751 2817686 8150 0 755
cpu 0 212769 45 35027 2763606 9923 0 1152
cpu 3 201534 0 51937 2786475 7419 0 596
cpu 2 196090 0 47930 2794350 9221 0 190
cpu 5 201714 0 52476 2787384 7333 0 455
cpu 4 195812 1 52918 2791561 7816 0 113
cpu 7 170346 0 51505 2820417 6437 0 540
cpu 6 193389 0 51699 2796521 7713 0 327
cpu 9 161776 0 51311 2826280 7655 0 376
cpu 8 157080 0 57595 2826793 6031 0 336
mem 1 99033092 97117984 1915108 54684 1229556 92 0 1099980 70336 184968 4428 0 0 174596 0 0 0
mem 0 97636988 62026684 35610304 372040 34201576 176 0 34102212 1596460 474868 8716 0 0 462444 4096 0 0
net lo 0 0 3017478 0 0 0 0 0 0 0 0 0 24498 0 3017478 0 0 0 0 0 0 24498 0
net virbr0 0 733 9961676643 0 0 0 0 0 0 0 0 0 39723018 0 38380899460 0 0 0 0 0 0 23513786 0
net eno1 0 152340 40328847114 0 0 354 0 0 0 0 0 0 30201085 0 1206995529 0 0 0 0 0 0 5952876 0
net vnet35 0 0 895550 0 0 0 0 0 0 0 0 0 4860 0 851503 0 0 0 0 0 0 3953 0
numa 1 102573035 18781169 10118603 29535 102528776 18825411
numa 0 101895616 10118603 18781169 29710 101893983 10119842
ps - 488970242 226682 482 395 269 7 678
sysv_shm - 0 0
tmpfs /run/lock 0 6
tmpfs /run 2080768 1098
tmpfs /run/user/20029 0 20
tmpfs /run/qemu 0 1
tmpfs /dev/shm 37615439872 105371
vfs - 133589 2384 183004
vm - 2 20071172 434432921 252290 1617408 231910529 277739552 75483485 6522712 175314260 54212 0 0 0 0 0 1811072 0 311878 5997 0 1617252 74 0 3 0 0

1778475811.661788 0 node0.mimesys-workload.ldos-ut-pg0.wisc.cloudlab.us
block sda 497188 209272 40134872 286894 2631582 17765412 868865843 12869651 0 2205712 13418403
block sdb 479 0 7540 438 4 0 0 0 0 556 439
cpu 11 167893 0 52412 2821592 6811 0 5
cpu 10 194375 2 47284 2801464 8882 0 4
cpu 13 163386 0 47628 2831226 6489 0 4
cpu 12 166375 0 46714 2829895 6939 0 2
cpu 15 165242 2 45548 2831757 6469 0 3
cpu 14 159170 0 46755 2837539 6453 0 4
cpu 17 150525 0 45647 2846538 6652 0 1
cpu 16 160392 0 44165 2839838 5879 0 1
cpu 19 131254 0 31816 2880838 6200 0 1
cpu 18 177421 5 32222 2834968 5747 0 2
cpu 1 182532 0 35753 2817721 8150 0 755
cpu 0 212839 45 35029 2763636 9923 0 1152
cpu 3 201608 0 51938 2786504 7419 0 596
cpu 2 196167 0 47931 2794379 9221 0 190
cpu 5 201788 0 52478 2787412 7333 0 455
cpu 4 195882 1 52918 2791591 7816 0 113
cpu 7 170347 0 51506 2820519 6437 0 540
cpu 6 193390 0 51699 2796624 7713 0 327
cpu 9 161776 0 51311 2826383 7655 0 376
cpu 8 157080 0 57596 2826895 6031 0 336
mem 1 99033092 97117744 1915348 54684 1230796 96 0 1099980 70944 185740 4432 0 0 174596 0 0 0
mem 0 97636988 62026432 35610556 372040 34202024 220 0 34102216 1596460 475316 8700 0 0 462444 4096 0 0
net lo 0 0 3018645 0 0 0 0 0 0 0 0 0 24506 0 3018645 0 0 0 0 0 0 24506 0
net virbr0 0 733 9961679541 0 0 0 0 0 0 0 0 0 39723035 0 38380903150 0 0 0 0 0 0 23513798 0
net eno1 0 152352 40328852905 0 0 354 0 0 0 0 0 0 30201172 0 1206996041 0 0 0 0 0 0 5952881 0
net vnet35 0 0 898686 0 0 0 0 0 0 0 0 0 4877 0 855193 0 0 0 0 0 0 3965 0
numa 1 102582179 18781169 10118603 29535 102537920 18825411
numa 0 101896240 10118603 18781169 29710 101894607 10119842
ps - 488977154 226761 482 395 269 4 678
sysv_shm - 0 0
tmpfs /run/lock 0 6
tmpfs /run 2080768 1098
tmpfs /run/user/20029 0 20
tmpfs /run/qemu 0 1
tmpfs /dev/shm 37615439872 105371
vfs - 133583 2424 182942
vm - 2 20071172 434432921 252290 1617408 231920297 277748943 75483487 6522712 175329481 54212 0 0 0 0 0 1811072 0 311878 5997 0 1617252 74 0 3 0 0

1778475812.702581 0 node0.mimesys-workload.ldos-ut-pg0.wisc.cloudlab.us
block sda 497188 209272 40134872 286894 2631588 17765423 868865979 12869652 0 2205716 13418404
block sdb 479 0 7540 438 4 0 0 0 0 556 439
cpu 11 167894 0 52415 2821692 6811 0 5
cpu 10 194377 2 47286 2801564 8882 0 4
cpu 13 163386 0 47631 2831326 6489 0 4
cpu 12 166377 0 46717 2829994 6939 0 2
cpu 15 165243 2 45550 2831859 6469 0 3
cpu 14 159170 0 46757 2837640 6453 0 4
cpu 17 150527 0 45650 2846637 6652 0 1
cpu 16 160393 0 44166 2839940 5879 0 1
cpu 19 131254 0 31819 2880939 6200 0 1
cpu 18 177422 5 32224 2835069 5747 0 2
cpu 1 182607 0 35754 2817746 8150 0 755
cpu 0 212915 45 35030 2763660 9923 0 1152
cpu 3 201693 0 51938 2786521 7419 0 596
cpu 2 196249 0 47932 2794396 9221 0 190
cpu 5 201865 0 52479 2787435 7333 0 455
cpu 4 195961 1 52919 2791613 7816 0 113
cpu 7 170347 0 51506 2820623 6437 0 540
cpu 6 193390 0 51699 2796728 7713 0 327
cpu 9 161777 0 51312 2826485 7655 0 376
cpu 8 157080 0 57596 2826999 6031 0 336
mem 1 99033092 97118252 1914840 54692 1229268 116 0 1099992 70196 184132 4064 0 0 174564 0 0 0
mem 0 97636988 62026432 35610556 372040 34202056 252 0 34102216 1596460 475316 8700 0 0 462428 4096 0 0
net lo 0 0 3019202 0 0 0 0 0 0 0 0 0 24510 0 3019202 0 0 0 0 0 0 24510 0
net virbr0 0 733 9961681321 0 0 0 0 0 0 0 0 0 39723046 0 38380904148 0 0 0 0 0 0 23513807 0
net eno1 0 152352 40328858434 0 0 354 0 0 0 0 0 0 30201256 0 1206997318 0 0 0 0 0 0 5952888 0
net vnet35 0 0 900620 0 0 0 0 0 0 0 0 0 4888 0 856243 0 0 0 0 0 0 3975 0
numa 1 102590103 18781169 10118603 29535 102545844 18825411
numa 0 101896631 10118603 18781169 29710 101894998 10119842
ps - 488984023 226835 482 395 269 4 678
sysv_shm - 0 0
tmpfs /run/lock 0 6
tmpfs /run 2080768 1098
tmpfs /run/user/20029 0 20
tmpfs /run/qemu 0 1
tmpfs /dev/shm 37615439872 105371
vfs - 133582 2464 182948
vm - 2 20071172 434432989 252290 1617408 231928612 277757626 75483495 6522712 175342244 54212 0 0 0 0 0 1811072 0 311878 5997 0 1617252 74 0 3 0 0

1778475813.744166 0 node0.mimesys-workload.ldos-ut-pg0.wisc.cloudlab.us
block sda 497188 209272 40134872 286894 2631670 17765423 868866803 12869665 0 2205728 13418417
block sdb 479 0 7540 438 4 0 0 0 0 556 439
cpu 11 167900 0 52419 2821786 6811 0 5
cpu 10 194378 2 47288 2801664 8882 0 4
cpu 13 163389 0 47634 2831424 6489 0 4
cpu 12 166378 0 46720 2830094 6939 0 2
cpu 15 165244 2 45552 2831960 6469 0 3
cpu 14 159171 0 46760 2837740 6453 0 4
cpu 17 150528 0 45654 2846738 6652 0 1
cpu 16 160395 0 44168 2840042 5879 0 1
cpu 19 131256 0 31821 2881040 6200 0 1
cpu 18 177426 5 32226 2835167 5747 0 2
cpu 1 182687 0 35757 2817765 8150 0 755
cpu 0 212995 45 35032 2763680 9923 0 1152
cpu 3 201774 0 51940 2786544 7419 0 596
cpu 2 196326 0 47933 2794417 9221 0 190
cpu 5 201943 0 52480 2787458 7333 0 455
cpu 4 196045 1 52922 2791630 7816 0 113
cpu 7 170348 0 51506 2820725 6437 0 540
cpu 6 193390 0 51699 2796831 7713 0 327
cpu 9 161778 0 51313 2826589 7655 0 376
cpu 8 157081 0 57597 2827101 6031 0 336
mem 1 99033092 97119268 1913824 54692 1228884 36 0 1099992 70196 183792 3844 0 0 174548 0 0 0
mem 0 97636988 62027440 35609548 372040 34202064 24 0 34102216 1596460 475316 8700 0 0 462444 4096 0 0
net lo 0 0 3020369 0 0 0 0 0 0 0 0 0 24518 0 3020369 0 0 0 0 0 0 24518 0
net virbr0 0 733 9961685843 0 0 0 0 0 0 0 0 0 39723071 0 38380908836 0 0 0 0 0 0 23513828 0
net eno1 0 152365 40328865251 0 0 354 0 0 0 0 0 0 30201360 0 1206998686 0 0 0 0 0 0 5952895 0
net vnet35 0 0 905492 0 0 0 0 0 0 0 0 0 4913 0 860931 0 0 0 0 0 0 3996 0
numa 1 102599432 18781169 10118603 29535 102555173 18825411
numa 0 101897253 10118603 18781169 29710 101895620 10119842
ps - 488991579 226915 482 395 269 5 678
sysv_shm - 0 0
tmpfs /run/lock 0 6
tmpfs /run 2080768 1098
tmpfs /run/user/20029 0 20
tmpfs /run/qemu 0 1
tmpfs /dev/shm 37615439872 105371
vfs - 133588 2504 182996
vm - 2 20071172 434433401 252290 1617408 231938563 277767572 75483498 6522712 175357732 54212 0 0 0 0 0 1811072 0 311878 5997 0 1617252 74 0 3 0 0

1778475814.784369 0 node0.mimesys-workload.ldos-ut-pg0.wisc.cloudlab.us
block sda 497188 209272 40134872 286894 2631880 17765427 868868963 12869681 0 2205744 13418433
block sdb 479 0 7540 438 4 0 0 0 0 556 439
cpu 11 167902 0 52421 2821886 6811 0 5
cpu 10 194378 2 47291 2801765 8882 0 4
cpu 13 163391 0 47638 2831522 6489 0 4
cpu 12 166378 0 46721 2830196 6939 0 2
cpu 15 165246 2 45554 2832060 6469 0 3
cpu 14 159172 0 46762 2837840 6453 0 4
cpu 17 150528 0 45656 2846839 6652 0 1
cpu 16 160396 0 44172 2840140 5879 0 1
cpu 19 131261 0 31825 2881135 6200 0 1
cpu 18 177427 5 32228 2835267 5747 0 2
cpu 1 182764 0 35758 2817787 8150 0 755
cpu 0 213070 45 35032 2763703 9923 0 1152
cpu 3 201855 0 51941 2786564 7419 0 596
cpu 2 196408 0 47934 2794438 9221 0 190
cpu 5 202017 0 52480 2787484 7333 0 455
cpu 4 196118 1 52923 2791658 7816 0 113
cpu 7 170348 0 51506 2820829 6437 0 540
cpu 6 193390 0 51699 2796935 7713 0 327
cpu 9 161779 0 51314 2826690 7655 0 376
cpu 8 157081 0 57597 2827205 6031 0 336
mem 1 99033092 97116544 1916548 54696 1230304 80 0 1099996 70912 185144 3896 0 0 174564 0 0 0
mem 0 97636988 62027440 35609548 372040 34202064 156 0 34102216 1596460 475316 8700 0 0 462452 4096 0 0
net lo 0 0 3021536 0 0 0 0 0 0 0 0 0 24526 0 3021536 0 0 0 0 0 0 24526 0
net virbr0 0 733 9961688585 0 0 0 0 0 0 0 0 0 39723085 0 38380912526 0 0 0 0 0 0 23513840 0
net eno1 0 152365 40328872002 0 0 354 0 0 0 0 0 0 30201463 0 1206999198 0 0 0 0 0 0 5952900 0
net vnet35 0 0 908430 0 0 0 0 0 0 0 0 0 4927 0 864673 0 0 0 0 0 0 4009 0
numa 1 102608821 18781169 10118603 29535 102564562 18825411
numa 0 101897753 10118603 18781169 29710 101896120 10119842
ps - 488999460 226994 475 395 270 6 678
sysv_shm - 0 0
tmpfs /run/lock 0 6
tmpfs /run 2080768 1098
tmpfs /run/user/20029 0 20
tmpfs /run/qemu 0 1
tmpfs /dev/shm 37615439872 105371
vfs - 133583 2544 182942
vm - 2 20071172 434434481 252290 1617408 231948455 277777136 75483503 6522712 175372989 54212 0 0 0 0 0 1811072 0 311878 5997 0 1617252 74 0 3 0 0

1778475815.825922 0 node0.mimesys-workload.ldos-ut-pg0.wisc.cloudlab.us
block sda 497188 209272 40134872 286894 2631880 17765427 868868963 12869681 0 2205744 13418433
block sdb 479 0 7540 438 4 0 0 0 0 556 439
cpu 11 167903 0 52423 2821986 6811 0 5
cpu 10 194379 2 47292 2801866 8882 0 4
cpu 13 163393 0 47642 2831622 6489 0 4
cpu 12 166380 0 46723 2830297 6939 0 2
cpu 15 165247 2 45558 2832160 6469 0 3
cpu 14 159174 0 46764 2837941 6453 0 4
cpu 17 150529 0 45658 2846940 6652 0 1
cpu 16 160398 0 44173 2840241 5879 0 1
cpu 19 131263 0 31827 2881234 6200 0 1
cpu 18 177428 5 32231 2835369 5747 0 2
cpu 1 182842 0 35758 2817807 8150 0 755
cpu 0 213151 45 35034 2763722 9923 0 1152
cpu 3 201936 0 51942 2786587 7419 0 596
cpu 2 196488 0 47936 2794461 9221 0 190
cpu 5 202094 0 52482 2787509 7333 0 455
cpu 4 196201 1 52925 2791675 7816 0 113
cpu 7 170348 0 51506 2820933 6437 0 540
cpu 6 193390 0 51699 2797038 7713 0 327
cpu 9 161779 0 51314 2826794 7655 0 376
cpu 8 157082 0 57598 2827307 6031 0 336
mem 1 99033092 97116296 1916796 54696 1228916 92 0 1099996 70196 183720 3888 0 0 174572 0 0 0
mem 0 97636988 62026688 35610300 372040 34202116 172 0 34102256 1596500 475316 8700 0 0 462460 4096 0 0
net lo 0 0 3022093 0 0 0 0 0 0 0 0 0 24530 0 3022093 0 0 0 0 0 0 24530 0
net virbr0 0 733 9961690365 0 0 0 0 0 0 0 0 0 39723096 0 38380913524 0 0 0 0 0 0 23513849 0
net eno1 0 152373 40328878563 0 0 354 0 0 0 0 0 0 30201564 0 1207000685 0 0 0 0 0 0 5952908 0
net vnet35 0 0 910364 0 0 0 0 0 0 0 0 0 4938 0 865671 0 0 0 0 0 0 4018 0
numa 1 102617204 18781169 10118603 29535 102572945 18825411
numa 0 101898212 10118603 18781169 29710 101896579 10119842
ps - 489006635 227075 475 395 270 7 678
sysv_shm - 0 0
tmpfs /run/lock 0 6
tmpfs /run 2080768 1098
tmpfs /run/user/20029 0 20
tmpfs /run/qemu 0 1
tmpfs /dev/shm 37615439872 105371
vfs - 133583 2544 182942
vm - 2 20071172 434434481 252290 1617408 231957339 277786375 75483505 6522712 175386706 54212 0 0 0 0 0 1811072 0 311878 5997 0 1617252 74 0 3 0 0

1778475816.867845 0 node0.mimesys-workload.ldos-ut-pg0.wisc.cloudlab.us
block sda 497188 209272 40134872 286894 2631880 17765427 868868963 12869681 0 2205744 13418433
block sdb 479 0 7540 438 4 0 0 0 0 556 439
cpu 11 167905 0 52424 2822087 6811 0 5
cpu 10 194382 2 47294 2801966 8882 0 4
cpu 13 163395 0 47646 2831719 6489 0 4
cpu 12 166383 0 46726 2830393 6939 0 2
cpu 15 165249 2 45560 2832260 6469 0 3
cpu 14 159179 0 46766 2838037 6453 0 4
cpu 17 150529 0 45661 2847041 6652 0 1
cpu 16 160400 0 44175 2840343 5879 0 1
cpu 19 131266 0 31830 2881333 6200 0 1
cpu 18 177430 5 32233 2835468 5747 0 2
cpu 1 182914 0 35758 2817835 8150 0 755
cpu 0 213234 45 35034 2763741 9923 0 1152
cpu 3 202020 0 51943 2786607 7419 0 596
cpu 2 196570 0 47937 2794481 9221 0 190
cpu 5 202177 0 52482 2787529 7333 0 455
cpu 4 196278 1 52927 2791697 7816 0 113
cpu 7 170349 0 51507 2821036 6437 0 540
cpu 6 193390 0 51700 2797141 7713 0 327
cpu 9 161780 0 51316 2826896 7655 0 376
cpu 8 157082 0 57599 2827411 6031 0 336
mem 1 99033092 97115588 1917504 54704 1230804 120 0 1100000 70892 185692 4016 0 0 174620 0 0 0
mem 0 97636988 62027192 35609796 372040 34202108 200 0 34102260 1596568 475316 8700 0 0 462524 4096 0 0
net lo 0 0 3023260 0 0 0 0 0 0 0 0 0 24538 0 3023260 0 0 0 0 0 0 24538 0
net virbr0 0 733 9961694407 0 0 0 0 0 0 0 0 0 39723115 0 38380917786 0 0 0 0 0 0 23513865 0
net eno1 0 152373 40328885409 0 0 354 0 0 0 0 0 0 30201664 0 1207002093 0 0 0 0 0 0 5952915 0
net vnet35 0 0 914672 0 0 0 0 0 0 0 0 0 4957 0 869985 0 0 0 0 0 0 4035 0
numa 1 102627248 18781169 10118603 29535 102582989 18825411
numa 0 101898831 10118603 18781169 29710 101897198 10119842
ps - 489013986 227160 475 395 270 6 678
sysv_shm - 0 0
tmpfs /run/lock 0 6
tmpfs /run 2080768 1098
tmpfs /run/user/20029 0 20
tmpfs /run/qemu 0 1
tmpfs /dev/shm 37615439872 105371
vfs - 133589 2424 182983
vm - 2 20071172 434434481 252290 1617408 231967979 277796533 75483509 6522712 175403105 54212 0 0 0 0 0 1811072 0 311878 5997 0 1617252 74 0 3 0 0

1778475817.906046 0 node0.mimesys-workload.ldos-ut-pg0.wisc.cloudlab.us
block sda 497188 209272 40134872 286894 2631887 17765438 868869107 12869683 0 2205752 13418435
block sdb 479 0 7540 438 4 0 0 0 0 556 439
cpu 11 167907 0 52426 2822185 6811 0 5
cpu 10 194382 2 47295 2802067 8882 0 4
cpu 13 163397 0 47648 2831820 6489 0 4
cpu 12 166385 0 46729 2830492 6939 0 2
cpu 15 165250 2 45562 2832361 6469 0 3
cpu 14 159180 0 46768 2838137 6453 0 4
cpu 17 150530 0 45663 2847143 6652 0 1
cpu 16 160400 0 44177 2840444 5879 0 1
cpu 19 131268 0 31834 2881431 6200 0 1
cpu 18 177431 5 32235 2835569 5747 0 2
cpu 1 182998 0 35759 2817853 8150 0 756
cpu 0 213310 45 35036 2763765 9923 0 1152
cpu 3 202098 0 51945 2786629 7419 0 596
cpu 2 196650 0 47938 2794504 9221 0 190
cpu 5 202246 0 52482 2787556 7333 0 455
cpu 4 196354 1 52928 2791721 7816 0 113
cpu 7 170349 0 51507 2821139 6437 0 540
cpu 6 193392 0 51700 2797244 7713 0 327
cpu 9 161780 0 51318 2826997 7655 0 376
cpu 8 157082 0 57599 2827514 6031 0 336
mem 1 99033092 97115592 1917500 54708 1229368 140 0 1100008 71084 184176 3892 0 0 174620 0 0 0
mem 0 97636988 62026940 35610048 372044 34202088 232 0 34102260 1596572 475760 8688 0 0 462524 4096 0 0
net lo 0 0 3024427 0 0 0 0 0 0 0 0 0 24546 0 3024427 0 0 0 0 0 0 24546 0
net virbr0 0 733 9961694887 0 0 0 0 0 0 0 0 0 39723121 0 38380918212 0 0 0 0 0 0 23513870 0
net eno1 0 152390 40328890840 0 0 354 0 0 0 0 0 0 30201745 0 1207002605 0 0 0 0 0 0 5952920 0
net vnet35 0 0 915236 0 0 0 0 0 0 0 0 0 4963 0 870411 0 0 0 0 0 0 4040 0
numa 1 102635766 18781169 10118603 29535 102591507 18825411
numa 0 101899465 10118603 18781169 29710 101897832 10119842
ps - 489020951 227242 475 395 270 8 681
sysv_shm - 0 0
tmpfs /run/lock 0 6
tmpfs /run 2080768 1098
tmpfs /run/user/20029 0 20
tmpfs /run/qemu 0 1
tmpfs /dev/shm 37615439872 105371
vfs - 133587 2464 182956
vm - 2 20071172 434434553 252290 1617408 231977142 277805781 75483510 6522712 175417302 54212 0 0 0 0 0 1811072 0 311878 5997 0 1617252 74 0 3 0 0

1778475818.947423 0 node0.mimesys-workload.ldos-ut-pg0.wisc.cloudlab.us
block sda 497188 209272 40134872 286894 2631974 17765438 868870019 12869695 0 2205760 13418448
block sdb 479 0 7540 438 4 0 0 0 0 556 439
cpu 11 167910 0 52429 2822284 6811 0 5
cpu 10 194384 2 47298 2802167 8882 0 4
cpu 13 163398 0 47650 2831919 6489 0 4
cpu 12 166387 0 46729 2830593 6939 0 2
cpu 15 165251 2 45564 2832461 6469 0 3
cpu 14 159180 0 46770 2838239 6453 0 4
cpu 17 150530 0 45665 2847244 6652 0 1
cpu 16 160401 0 44179 2840545 5879 0 1
cpu 19 131269 0 31835 2881533 6200 0 1
cpu 18 177437 5 32238 2835663 5747 0 2
cpu 1 183066 0 35760 2817884 8150 0 756
cpu 0 213374 45 35037 2763801 9923 0 1152
cpu 3 202165 0 51946 2786665 7419 0 596
cpu 2 196711 0 47939 2794544 9221 0 190
cpu 5 202304 0 52482 2787597 7333 0 455
cpu 4 196413 1 52929 2791762 7816 0 113
cpu 7 170350 0 51507 2821242 6437 0 540
cpu 6 193392 0 51700 2797347 7713 0 327
cpu 9 161780 0 51318 2827101 7655 0 376
cpu 8 157084 0 57600 2827616 6031 0 336
mem 1 99033092 97114644 1918448 54712 1229548 172 0 1100012 70640 184416 4144 0 0 174620 0 0 0
mem 0 97636988 62026940 35610048 372040 34202120 216 40 34102260 1596568 475316 8700 0 0 462508 4096 0 0
net lo 0 0 3024984 0 0 0 0 0 0 0 0 0 24550 0 3024984 0 0 0 0 0 0 24550 0
net virbr0 0 733 9961699513 0 0 0 0 0 0 0 0 0 39723148 0 38380922900 0 0 0 0 0 0 23513891 0
net eno1 0 152390 40328897983 0 0 354 0 0 0 0 0 0 30201856 0 1207003986 0 0 0 0 0 0 5952927 0
net vnet35 0 0 920240 0 0 0 0 0 0 0 0 0 4990 0 875151 0 0 0 0 0 0 4062 0
numa 1 102645024 18781169 10118603 29535 102600765 18825411
numa 0 101900056 10118603 18781169 29710 101898423 10119842
ps - 489028188 227322 475 395 270 4 678
sysv_shm - 0 0
tmpfs /run/lock 0 6
tmpfs /run 2080768 1098
tmpfs /run/user/20029 0 20
tmpfs /run/qemu 0 1
tmpfs /dev/shm 37615439872 105371
vfs - 133582 2464 182941
vm - 2 20071172 434435009 252290 1617408 231986973 277815938 75483514 6522712 175432633 54212 0 0 0 0 0 1811072 0 311878 5997 0 1617252 74 0 3 0 0

1778475819.987468 0 node0.mimesys-workload.ldos-ut-pg0.wisc.cloudlab.us
block sda 497188 209272 40134872 286894 2632054 17765438 868871107 12869702 0 2205768 13418454
block sdb 479 0 7540 438 4 0 0 0 0 556 439
cpu 11 167912 0 52431 2822383 6811 0 5
cpu 10 194390 2 47300 2802262 8882 0 4
cpu 13 163400 0 47654 2832017 6489 0 4
cpu 12 166391 0 46733 2830690 6939 0 2
cpu 15 165252 2 45565 2832563 6469 0 3
cpu 14 159182 0 46773 2838338 6453 0 4
cpu 17 150531 0 45667 2847345 6652 0 1
cpu 16 160402 0 44183 2840644 5879 0 1
cpu 19 131271 0 31837 2881633 6200 0 1
cpu 18 177438 5 32244 2835760 5747 0 2
cpu 1 183140 0 35760 2817909 8150 0 756
cpu 0 213454 45 35038 2763821 9923 0 1152
cpu 3 202244 0 51947 2786685 7419 0 596
cpu 2 196793 0 47940 2794565 9221 0 190
cpu 5 202382 0 52482 2787621 7333 0 455
cpu 4 196490 1 52930 2791785 7816 0 113
cpu 7 170350 0 51508 2821344 6437 0 540
cpu 6 193392 0 51701 2797450 7713 0 327
cpu 9 161780 0 51319 2827203 7655 0 376
cpu 8 157084 0 57600 2827720 6031 0 336
mem 1 99033092 97114404 1918688 54712 1230740 120 0 1100016 71436 185568 4360 0 0 174676 0 0 0
mem 0 97636988 62026436 35610552 372040 34202172 176 0 34102260 1596572 475396 8736 0 0 462516 4096 0 0
net lo 0 0 3026151 0 0 0 0 0 0 0 0 0 24558 0 3026151 0 0 0 0 0 0 24558 0
net virbr0 0 733 9961702255 0 0 0 0 0 0 0 0 0 39723162 0 38380926590 0 0 0 0 0 0 23513903 0
net eno1 0 152400 40328904518 0 0 354 0 0 0 0 0 0 30201955 0 1207005520 0 0 0 0 0 0 5952935 0
net vnet35 0 0 923178 0 0 0 0 0 0 0 0 0 5004 0 878841 0 0 0 0 0 0 4074 0
numa 1 102654902 18781169 10118603 29535 102610643 18825411
numa 0 101900818 10118603 18781169 29710 101899185 10119842
ps - 489036021 227406 477 397 271 6 678
sysv_shm - 0 0
tmpfs /run/lock 0 6
tmpfs /run 2080768 1098
tmpfs /run/user/20029 0 20
tmpfs /run/qemu 0 1
tmpfs /dev/shm 37615439872 105371
vfs - 133586 2424 182969
vm - 2 20071172 434435553 252290 1617408 231997598 277826209 75483518 6522712 175448792 54212 0 0 0 0 0 1811072 0 311878 5997 0 1617252 74 0 3 0 0

1778475821.029256 0 node0.mimesys-workload.ldos-ut-pg0.wisc.cloudlab.us
block sda 497188 209272 40134872 286894 2632058 17765438 868871147 12869705 0 2205772 13418457
block sdb 479 0 7540 438 4 0 0 0 0 556 439
cpu 11 167912 0 52435 2822483 6811 0 5
cpu 10 194391 2 47303 2802362 8882 0 4
cpu 13 163401 0 47659 2832115 6489 0 4
cpu 12 166393 0 46734 2830791 6939 0 2
cpu 15 165253 2 45568 2832663 6469 0 3
cpu 14 159183 0 46774 2838440 6453 0 4
cpu 17 150532 0 45668 2847447 6652 0 1
cpu 16 160402 0 44184 2840746 5879 0 1
cpu 19 131272 0 31838 2881735 6200 0 1
cpu 18 177440 5 32248 2835859 5747 0 2
cpu 1 183219 0 35762 2817931 8150 0 756
cpu 0 213535 45 35039 2763842 9923 0 1152
cpu 3 202325 0 51948 2786704 7419 0 596
cpu 2 196868 0 47942 2794591 9221 0 190
cpu 5 202456 0 52483 2787645 7333 0 455
cpu 4 196568 1 52932 2791809 7816 0 113
cpu 7 170350 0 51508 2821448 6437 0 540
cpu 6 193392 0 51701 2797554 7713 0 327
cpu 9 161780 0 51319 2827306 7655 0 376
cpu 8 157085 0 57600 2827822 6031 0 336
mem 1 99033092 97113848 1919244 54720 1229168 112 0 1100020 70640 184084 4200 0 0 174660 0 0 0
mem 0 97636988 62026688 35610300 372040 34202120 156 0 34102260 1596572 475316 8700 0 0 462520 4096 0 0
net lo 0 0 3026708 0 0 0 0 0 0 0 0 0 24562 0 3026708 0 0 0 0 0 0 24562 0
net virbr0 0 733 9961704035 0 0 0 0 0 0 0 0 0 39723173 0 38380927588 0 0 0 0 0 0 23513912 0
net eno1 0 152400 40328911873 0 0 354 0 0 0 0 0 0 30202059 0 1207006661 0 0 0 0 0 0 5952940 0
net vnet35 0 0 925112 0 0 0 0 0 0 0 0 0 5015 0 879891 0 0 0 0 0 0 4084 0
numa 1 102662517 18781169 10118603 29535 102618258 18825411
numa 0 101901482 10118603 18781169 29710 101899849 10119842
ps - 489043518 227480 477 397 271 6 678
sysv_shm - 0 0
tmpfs /run/lock 0 6
tmpfs /run 2080768 1098
tmpfs /run/user/20029 0 20
tmpfs /run/qemu 0 1
tmpfs /dev/shm 37615439872 105371
vfs - 133589 2424 183004
vm - 2 20071172 434435573 252290 1617408 232005877 277834838 75483523 6522712 175461550 54212 0 0 0 0 0 1811072 0 311878 5997 0 1617252 74 0 3 0 0

1778475822.071159 0 node0.mimesys-workload.ldos-ut-pg0.wisc.cloudlab.us
block sda 497188 209272 40134872 286894 2632058 17765438 868871147 12869705 0 2205772 13418457
block sdb 479 0 7540 438 4 0 0 0 0 556 439
cpu 11 167915 0 52436 2822583 6811 0 5
cpu 10 194398 2 47306 2802456 8882 0 4
cpu 13 163405 0 47662 2832213 6489 0 4
cpu 12 166394 0 46736 2830892 6939 0 2
cpu 15 165254 2 45569 2832765 6469 0 3
cpu 14 159184 0 46776 2838541 6453 0 4
cpu 17 150533 0 45670 2847550 6652 0 1
cpu 16 160404 0 44187 2840847 5879 0 1
cpu 19 131273 0 31840 2881836 6200 0 1
cpu 18 177440 5 32250 2835959 5747 0 2
cpu 1 183302 0 35763 2817952 8150 0 756
cpu 0 213617 45 35040 2763863 9923 0 1152
cpu 3 202408 0 51950 2786724 7419 0 596
cpu 2 196952 0 47944 2794615 9221 0 190
cpu 5 202536 0 52486 2787665 7333 0 455
cpu 4 196648 1 52933 2791828 7816 0 113
cpu 7 170352 0 51508 2821550 6437 0 540
cpu 6 193393 0 51701 2797657 7713 0 327
cpu 9 161781 0 51320 2827408 7655 0 376
cpu 8 157086 0 57600 2827925 6031 0 336
mem 1 99033092 97114168 1918924 54716 1228756 128 0 1100020 70912 183580 4332 0 0 174700 0 0 0
mem 0 97636988 62025684 35611304 372040 34202140 188 0 34102276 1596588 475388 8700 0 0 462536 4096 0 0
net lo 0 0 3027875 0 0 0 0 0 0 0 0 0 24570 0 3027875 0 0 0 0 0 0 24570 0
net virbr0 0 733 9961708713 0 0 0 0 0 0 0 0 0 39723201 0 38380932276 0 0 0 0 0 0 23513933 0
net eno1 0 152413 40328919416 0 0 354 0 0 0 0 0 0 30202175 0 1207007231 0 0 0 0 0 0 5952946 0
net vnet35 0 0 930182 0 0 0 0 0 0 0 0 0 5043 0 884579 0 0 0 0 0 0 4105 0
numa 1 102671993 18781169 10118603 29535 102627734 18825411
numa 0 101902295 10118603 18781169 29710 101900662 10119842
ps - 489050777 227563 477 397 271 8 677
sysv_shm - 0 0
tmpfs /run/lock 0 6
tmpfs /run 2080768 1098
tmpfs /run/user/20029 0 20
tmpfs /run/qemu 0 1
tmpfs /dev/shm 37615439872 105371
vfs - 133582 2424 182941
vm - 2 20071172 434435573 252290 1617408 232016209 277845091 75483527 6522712 175477620 54212 0 0 0 0 0 1811072 0 311878 5997 0 1617252 74 0 3 0 0

1778475823.111523 0 node0.mimesys-workload.ldos-ut-pg0.wisc.cloudlab.us
block sda 497188 209272 40134872 286894 2632067 17765449 868871307 12869706 0 2205780 13418459
block sdb 479 0 7540 438 4 0 0 0 0 556 439
cpu 11 167919 0 52439 2822680 6811 0 5
cpu 10 194400 2 47308 2802555 8882 0 4
cpu 13 163409 0 47665 2832309 6489 0 4
cpu 12 166397 0 46739 2830990 6939 0 2
cpu 15 165255 2 45571 2832865 6469 0 3
cpu 14 159185 0 46779 2838641 6453 0 4
cpu 17 150534 0 45670 2847651 6652 0 1
cpu 16 160405 0 44189 2840948 5879 0 1
cpu 19 131275 0 31843 2881934 6200 0 1
cpu 18 177442 5 32251 2836061 5748 0 2
cpu 1 183382 0 35764 2817973 8150 0 756
cpu 0 213695 45 35041 2763886 9923 0 1152
cpu 3 202484 0 51952 2786749 7419 0 596
cpu 2 197030 0 47948 2794638 9221 0 190
cpu 5 202612 0 52488 2787690 7333 0 455
cpu 4 196725 1 52934 2791851 7816 0 113
cpu 7 170352 0 51508 2821654 6437 0 540
cpu 6 193393 0 51702 2797760 7713 0 327
cpu 9 161782 0 51320 2827511 7655 0 376
cpu 8 157086 0 57601 2828028 6031 0 336
mem 1 99033092 97112948 1920144 54720 1230612 160 0 1100032 71084 185488 3752 0 0 174716 0 0 0
mem 0 97636988 62025936 35611052 372040 34202472 228 0 34102628 1596940 475484 8700 0 0 462544 4096 0 0
net lo 0 0 3029042 0 0 0 0 0 0 0 0 0 24578 0 3029042 0 0 0 0 0 0 24578 0
net virbr0 0 733 9961710155 0 0 0 0 0 0 0 0 0 39723207 0 38380934306 0 0 0 0 0 0 23513939 0
net eno1 0 152426 40328925393 0 0 354 0 0 0 0 0 0 30202265 0 1207008655 0 0 0 0 0 0 5952953 0
net vnet35 0 0 931708 0 0 0 0 0 0 0 0 0 5048 0 886661 0 0 0 0 0 0 4112 0
numa 1 102681691 18781169 10118603 29535 102637432 18825411
numa 0 101902878 10118603 18781169 29710 101901245 10119842
ps - 489058890 227647 477 397 271 5 679
sysv_shm - 0 0
tmpfs /run/lock 0 6
tmpfs /run 2080768 1098
tmpfs /run/user/20029 0 20
tmpfs /run/qemu 0 1
tmpfs /dev/shm 37615439872 105371
vfs - 133585 2504 182958
vm - 2 20071172 434435653 252290 1617408 232026450 277854923 75483529 6522712 175493479 54212 0 0 0 0 0 1811072 0 311878 5997 0 1617252 74 0 3 0 0

1778475824.153259 0 node0.mimesys-workload.ldos-ut-pg0.wisc.cloudlab.us
block sda 497188 209272 40134872 286894 2632155 17765449 868872163 12869721 0 2205788 13418473
block sdb 479 0 7540 438 4 0 0 0 0 556 439
cpu 11 167926 0 52442 2822775 6811 0 5
cpu 10 194403 2 47312 2802653 8882 0 4
cpu 13 163413 0 47669 2832405 6489 0 4
cpu 12 166422 0 46744 2831064 6939 0 2
cpu 15 165258 2 45573 2832963 6469 0 3
cpu 14 159190 0 46782 2838738 6453 0 4
cpu 17 150542 0 45673 2847743 6652 0 1
cpu 16 160412 0 44192 2841041 5879 0 1
cpu 19 131280 0 31848 2882028 6200 0 1
cpu 18 177445 5 32254 2836158 5748 0 2
cpu 1 183468 0 35766 2817989 8150 0 756
cpu 0 213772 45 35042 2763909 9923 0 1152
cpu 3 202566 0 51952 2786766 7419 0 596
cpu 2 197111 0 47949 2794657 9221 0 190
cpu 5 202700 0 52488 2787706 7333 0 455
cpu 4 196806 1 52934 2791871 7816 0 113
cpu 7 170353 0 51509 2821756 6437 0 540
cpu 6 193395 0 51704 2797858 7713 0 327
cpu 9 161784 0 51321 2827611 7655 0 376
cpu 8 157096 0 57604 2828121 6031 0 336
mem 1 99033092 97143280 1889812 54732 1229292 40 0 1100032 70640 184168 3876 0 0 174920 0 0 0
mem 0 97636988 62023416 35613572 372040 34202880 24 0 34102736 1597044 475596 8696 0 0 462516 4096 0 0
net lo 0 0 3031110 0 0 0 0 0 0 0 0 0 24606 0 3031110 0 0 0 0 0 0 24606 0
net virbr0 0 733 9961713235 0 0 0 0 0 0 0 0 0 39723226 0 38380936964 0 0 0 0 0 0 23513954 0
net eno1 0 152426 40328931921 0 0 354 0 0 0 0 0 0 30202358 0 1207010205 0 0 0 0 0 0 5952961 0
net vnet35 0 0 935054 0 0 0 0 0 0 0 0 0 5068 0 889319 0 0 0 0 0 0 4127 0
numa 1 102702599 18781169 10118603 29535 102658340 18825411
numa 0 101904515 10118603 18781169 29710 101902882 10119842
ps - 489073538 227834 477 397 271 5 685
sysv_shm - 0 0
tmpfs /run/lock 0 6
tmpfs /run 2080768 1098
tmpfs /run/user/20029 0 20
tmpfs /run/qemu 0 1
tmpfs /dev/shm 37615439872 105371
vfs - 133588 2464 183037
vm - 2 20071172 434436081 252290 1617408 232049036 277877708 75484358 6522712 175522167 54212 0 0 0 0 0 1811072 0 311878 5997 0 1617252 74 0 3 0 0

1778475825.195379 0 node0.mimesys-workload.ldos-ut-pg0.wisc.cloudlab.us
block sda 497188 209272 40134872 286894 2632155 17765449 868872163 12869721 0 2205788 13418473
block sdb 479 0 7540 438 4 0 0 0 0 556 439
cpu 11 167928 0 52444 2822874 6811 0 5
cpu 10 194404 2 47313 2802754 8882 0 4
cpu 13 163413 0 47670 2832508 6489 0 4
cpu 12 166428 0 46748 2831159 6939 0 2
cpu 15 165260 2 45574 2833064 6469 0 3
cpu 14 159192 0 46786 2838836 6453 0 4
cpu 17 150545 0 45677 2847839 6652 0 1
cpu 16 160414 0 44194 2841140 5879 0 1
cpu 19 131280 0 31850 2882130 6200 0 1
cpu 18 177446 5 32258 2836258 5748 0 2
cpu 1 183550 0 35768 2818011 8150 0 756
cpu 0 213854 45 35042 2763930 9923 0 1152
cpu 3 202645 0 51953 2786789 7419 0 596
cpu 2 197192 0 47950 2794677 9221 0 190
cpu 5 202778 0 52490 2787726 7333 0 455
cpu 4 196890 1 52934 2791892 7816 0 113
cpu 7 170353 0 51509 2821860 6437 0 540
cpu 6 193395 0 51704 2797962 7713 0 327
cpu 9 161784 0 51322 2827714 7655 0 376
cpu 8 157098 0 57604 2828223 6031 0 336
mem 1 99033092 97138844 1894248 54748 1230952 104 0 1100036 71580 185796 4092 0 0 174888 0 0 0
mem 0 97636988 62022912 35614076 372040 34202940 148 0 34102812 1597120 475612 8700 0 0 462524 4096 0 0
net lo 0 0 3032277 0 0 0 0 0 0 0 0 0 24614 0 3032277 0 0 0 0 0 0 24614 0
net virbr0 0 733 9961716133 0 0 0 0 0 0 0 0 0 39723243 0 38380940654 0 0 0 0 0 0 23513966 0
net eno1 0 152432 40328938012 0 0 354 0 0 0 0 0 0 30202450 0 1207010717 0 0 0 0 0 0 5952966 0
net vnet35 0 0 938190 0 0 0 0 0 0 0 0 0 5085 0 893061 0 0 0 0 0 0 4140 0
numa 1 102712738 18781169 10118603 29535 102668479 18825411
numa 0 101904908 10118603 18781169 29710 101903275 10119842
ps - 489081288 227921 487 400 273 7 686
sysv_shm - 0 0
tmpfs /run/lock 0 6
tmpfs /run 2080768 1098
tmpfs /run/user/20029 0 20
tmpfs /run/qemu 0 1
tmpfs /dev/shm 37615439872 105371
vfs - 133586 2504 182994
vm - 2 20071172 434436081 252290 1617408 232059564 277887812 75484360 6522712 175538599 54212 0 0 0 0 0 1811072 0 311878 5997 0 1617252 74 0 3 0 0

1778475826.233948 0 node0.mimesys-workload.ldos-ut-pg0.wisc.cloudlab.us
block sda 497188 209272 40134872 286894 2632159 17765449 868872203 12869723 0 2205792 13418476
block sdb 479 0 7540 438 4 0 0 0 0 556 439
cpu 11 167929 0 52447 2822975 6811 0 5
cpu 10 194406 2 47314 2802854 8882 0 4
cpu 13 163417 0 47672 2832606 6489 0 4
cpu 12 166428 0 46750 2831259 6939 0 2
cpu 15 165262 2 45575 2833164 6469 0 3
cpu 14 159194 0 46788 2838936 6453 0 4
cpu 17 150546 0 45678 2847941 6652 0 1
cpu 16 160416 0 44196 2841240 5879 0 1
cpu 19 131281 0 31853 2882229 6200 0 1
cpu 18 177447 5 32261 2836358 5748 0 2
cpu 1 183606 0 35769 2818054 8150 0 757
cpu 0 213924 45 35045 2763958 9923 0 1152
cpu 3 202700 0 51954 2786835 7419 0 596
cpu 2 197257 0 47952 2794713 9221 0 190
cpu 5 202842 0 52491 2787765 7333 0 455
cpu 4 196954 1 52936 2791926 7816 0 113
cpu 7 170353 0 51509 2821964 6437 0 540
cpu 6 193396 0 51705 2798065 7713 0 327
cpu 9 161784 0 51322 2827817 7655 0 376
cpu 8 157098 0 57605 2828326 6031 0 336
mem 1 99033092 97136440 1896652 54740 1230224 100 0 1100036 70692 184636 3888 0 0 174904 0 0 0
mem 0 97636988 62023416 35613572 372040 34202352 160 0 34102896 1597204 474952 8700 0 0 462532 4096 0 0
net lo 0 0 3032834 0 0 0 0 0 0 0 0 0 24618 0 3032834 0 0 0 0 0 0 24618 0
net virbr0 0 733 9961717913 0 0 0 0 0 0 0 0 0 39723254 0 38380941652 0 0 0 0 0 0 23513975 0
net eno1 0 152432 40328944773 0 0 354 0 0 0 0 0 0 30202550 0 1207012088 0 0 0 0 0 0 5952972 0
net vnet35 0 0 940124 0 0 0 0 0 0 0 0 0 5096 0 894059 0 0 0 0 0 0 4149 0
numa 1 102721238 18781169 10118603 29535 102676979 18825411
numa 0 101905146 10118603 18781169 29710 101903513 10119842
ps - 489088372 227999 487 400 273 7 686
sysv_shm - 0 0
tmpfs /run/lock 0 6
tmpfs /run 2080768 1098
tmpfs /run/user/20029 0 20
tmpfs /run/qemu 0 1
tmpfs /dev/shm 37615439872 105371
vfs - 133582 2544 182996
vm - 2 20071172 434436101 252290 1617408 232068290 277897040 75484362 6522712 175552188 54212 0 0 0 0 0 1811072 0 311878 5997 0 1617252 74 0 3 0 0

1778475827.274881 0 node0.mimesys-workload.ldos-ut-pg0.wisc.cloudlab.us
block sda 497188 209272 40134872 286894 2632159 17765449 868872203 12869723 0 2205792 13418476
block sdb 479 0 7540 438 4 0 0 0 0 556 439
cpu 11 167930 0 52449 2823076 6811 0 5
cpu 10 194411 2 47317 2802951 8882 0 4
cpu 13 163420 0 47675 2832704 6489 0 4
cpu 12 166434 0 46752 2831355 6939 0 2
cpu 15 165262 2 45577 2833265 6469 0 3
cpu 14 159196 0 46790 2839035 6453 0 4
cpu 17 150547 0 45679 2848041 6652 0 1
cpu 16 160417 0 44198 2841342 5879 0 1
cpu 19 131283 0 31857 2882327 6200 0 1
cpu 18 177447 5 32265 2836457 5748 0 2
cpu 1 183685 0 35769 2818075 8150 0 757
cpu 0 214008 45 35045 2763975 9923 0 1152
cpu 3 202777 0 51954 2786858 7419 0 596
cpu 2 197332 0 47954 2794736 9221 0 190
cpu 5 202916 0 52492 2787791 7333 0 455
cpu 4 197034 1 52938 2791947 7816 0 113
cpu 7 170353 0 51509 2822068 6437 0 540
cpu 6 193396 0 51705 2798168 7713 0 327
cpu 9 161786 0 51322 2827920 7655 0 376
cpu 8 157100 0 57605 2828428 6031 0 336
mem 1 99033092 97135180 1897912 54736 1229168 116 0 1100036 71168 183988 4224 0 0 174848 0 0 0
mem 0 97636988 62022888 35614100 372040 34202788 192 0 34102896 1597204 475396 8700 0 0 462540 4096 0 0
net lo 0 0 3034001 0 0 0 0 0 0 0 0 0 24626 0 3034001 0 0 0 0 0 0 24626 0
net virbr0 0 733 9961722435 0 0 0 0 0 0 0 0 0 39723279 0 38380946340 0 0 0 0 0 0 23513996 0
net eno1 0 152444 40328951536 0 0 354 0 0 0 0 0 0 30202653 0 1207013514 0 0 0 0 0 0 5952980 0
net vnet35 0 0 944996 0 0 0 0 0 0 0 0 0 5121 0 898799 0 0 0 0 0 0 4171 0
numa 1 102730654 18781169 10118603 29535 102686395 18825411
numa 0 101905751 10118603 18781169 29710 101904118 10119842
ps - 489095530 228079 487 400 273 5 686
sysv_shm - 0 0
tmpfs /run/lock 0 6
tmpfs /run 2080768 1098
tmpfs /run/user/20029 0 20
tmpfs /run/qemu 0 1
tmpfs /dev/shm 37615439872 105371
vfs - 133586 2504 183028
vm - 2 20071172 434436101 252290 1617408 232078283 277906995 75484366 6522712 175567704 54212 0 0 0 0 0 1811072 0 311878 5997 0 1617252 74 0 3 0 0

1778475828.315519 0 node0.mimesys-workload.ldos-ut-pg0.wisc.cloudlab.us
block sda 497188 209272 40134872 286894 2632166 17765460 868872347 12869725 0 2205800 13418478
block sdb 479 0 7540 438 4 0 0 0 0 556 439
cpu 11 167932 0 52451 2823177 6811 0 5
cpu 10 194415 2 47319 2803048 8882 0 4
cpu 13 163421 0 47676 2832806 6489 0 4
cpu 12 166438 0 46755 2831452 6939 0 2
cpu 15 165263 2 45579 2833367 6469 0 3
cpu 14 159198 0 46793 2839134 6453 0 4
cpu 17 150548 0 45682 2848141 6652 0 1
cpu 16 160418 0 44199 2841443 5879 0 1
cpu 19 131289 0 31861 2882421 6200 0 1
cpu 18 177448 5 32267 2836558 5748 0 2
cpu 1 183757 0 35772 2818100 8150 0 757
cpu 0 214085 45 35047 2763996 9923 0 1152
cpu 3 202850 0 51956 2786881 7419 0 596
cpu 2 197408 0 47954 2794760 9221 0 190
cpu 5 202992 0 52495 2787814 7333 0 455
cpu 4 197117 1 52938 2791965 7816 0 113
cpu 7 170353 0 51509 2822172 6437 0 540
cpu 6 193396 0 51705 2798271 7713 0 327
cpu 9 161786 0 51322 2828023 7655 0 376
cpu 8 157100 0 57606 2828530 6031 0 336
mem 1 99033092 97134180 1898912 54740 1230776 124 0 1100040 71228 186028 4076 0 0 174800 0 0 0
mem 0 97636988 62023392 35613596 372040 34202804 212 0 34102984 1597292 475364 8700 0 0 462548 4096 0 0
net lo 0 0 3035168 0 0 0 0 0 0 0 0 0 24634 0 3035168 0 0 0 0 0 0 24634 0
net virbr0 0 733 9961725229 0 0 0 0 0 0 0 0 0 39723294 0 38380950030 0 0 0 0 0 0 23514008 0
net eno1 0 152444 40328958167 0 0 354 0 0 0 0 0 0 30202754 0 1207013960 0 0 0 0 0 0 5952984 0
net vnet35 0 0 948000 0 0 0 0 0 0 0 0 0 5136 0 902489 0 0 0 0 0 0 4183 0
numa 1 102740008 18781169 10118603 29535 102695749 18825411
numa 0 101906271 10118603 18781169 29710 101904638 10119842
ps - 489103511 228159 487 400 273 7 686
sysv_shm - 0 0
tmpfs /run/lock 0 6
tmpfs /run 2080768 1098
tmpfs /run/user/20029 0 20
tmpfs /run/qemu 0 1
tmpfs /dev/shm 37615439872 105371
vfs - 133583 2504 182990
vm - 2 20071172 434436173 252290 1617408 232088157 277916501 75484368 6522712 175583019 54212 0 0 0 0 0 1811072 0 311878 5997 0 1617252 74 0 3 0 0

1778475829.356906 0 node0.mimesys-workload.ldos-ut-pg0.wisc.cloudlab.us
block sda 497188 209272 40134872 286894 2632250 17765460 868873155 12869738 0 2205808 13418491
block sdb 479 0 7540 438 4 0 0 0 0 556 439
cpu 11 167934 0 52454 2823277 6811 0 5
cpu 10 194415 2 47322 2803149 8882 0 4
cpu 13 163422 0 47681 2832904 6489 0 4
cpu 12 166444 0 46759 2831547 6939 0 2
cpu 15 165264 2 45580 2833468 6469 0 3
cpu 14 159198 0 46795 2839236 6453 0 4
cpu 17 150549 0 45684 2848242 6652 0 1
cpu 16 160418 0 44200 2841545 5879 0 1
cpu 19 131291 0 31863 2882520 6200 0 1
cpu 18 177449 5 32269 2836657 5748 0 2
cpu 1 183833 0 35773 2818124 8150 0 757
cpu 0 214162 45 35048 2764018 9923 0 1152
cpu 3 202932 0 51956 2786901 7419 0 596
cpu 2 197489 0 47956 2794779 9221 0 190
cpu 5 203065 0 52496 2787838 7333 0 455
cpu 4 197202 1 52939 2791983 7816 0 113
cpu 7 170353 0 51509 2822276 6437 0 540
cpu 6 193396 0 51706 2798374 7714 0 327
cpu 9 161787 0 51323 2828125 7655 0 376
cpu 8 157101 0 57606 2828634 6031 0 336
mem 1 99033092 97133904 1899188 54760 1229460 156 0 1100048 70692 184316 4264 0 0 174796 0 0 0
mem 0 97636988 62023392 35613596 372040 34202856 264 0 34102984 1597292 475396 8700 0 0 462564 4096 0 0
net lo 0 0 3035725 0 0 0 0 0 0 0 0 0 24638 0 3035725 0 0 0 0 0 0 24638 0
net virbr0 0 733 9961727009 0 0 0 0 0 0 0 0 0 39723305 0 38380951028 0 0 0 0 0 0 23514017 0
net eno1 0 152453 40328964962 0 0 354 0 0 0 0 0 0 30202859 0 1207015269 0 0 0 0 0 0 5952991 0
net vnet35 0 0 949934 0 0 0 0 0 0 0 0 0 5147 0 903539 0 0 0 0 0 0 4193 0
numa 1 102748432 18781169 10118603 29535 102704173 18825411
numa 0 101906675 10118603 18781169 29710 101905042 10119842
ps - 489110537 228237 496 404 275 2 686
sysv_shm - 0 0
tmpfs /run/lock 0 6
tmpfs /run 2080768 1098
tmpfs /run/user/20029 0 20
tmpfs /run/qemu 0 1
tmpfs /dev/shm 37615439872 105371
vfs - 133580 2464 183001
vm - 2 20071172 434436577 252290 1617408 232096985 277925691 75484371 6522712 175596553 54212 0 0 0 0 0 1811072 0 311878 5997 0 1617252 74 0 3 0 0

1778475830.398739 0 node0.mimesys-workload.ldos-ut-pg0.wisc.cloudlab.us
block sda 497188 209272 40134872 286894 2632252 17765462 868873203 12869738 0 2205812 13418491
block sdb 479 0 7540 438 4 0 0 0 0 556 439
cpu 11 167940 0 52457 2823371 6811 0 5
cpu 10 194416 2 47324 2803251 8882 0 4
cpu 13 163424 0 47684 2833003 6489 0 4
cpu 12 166446 0 46761 2831646 6939 0 2
cpu 15 165264 2 45583 2833569 6469 0 3
cpu 14 159200 0 46797 2839336 6453 0 4
cpu 17 150549 0 45686 2848343 6652 0 1
cpu 16 160418 0 44203 2841646 5879 0 1
cpu 19 131292 0 31866 2882620 6200 0 1
cpu 18 177452 5 32272 2836754 5748 0 2
cpu 1 183907 0 35774 2818150 8150 0 757
cpu 0 214244 45 35049 2764037 9923 0 1152
cpu 3 203009 0 51957 2786926 7419 0 596
cpu 2 197572 0 47957 2794797 9221 0 190
cpu 5 203142 0 52497 2787862 7333 0 455
cpu 4 197285 1 52941 2792001 7816 0 113
cpu 7 170354 0 51510 2822378 6437 0 540
cpu 6 193396 0 51706 2798477 7714 0 327
cpu 9 161787 0 51323 2828229 7655 0 376
cpu 8 157102 0 57606 2828736 6031 0 336
mem 1 99033092 97131980 1901112 54752 1228776 120 0 1100052 70948 183716 3764 0 0 174784 0 0 0
mem 0 97636988 62023644 35613344 372040 34203308 168 0 34102984 1597292 475764 8644 0 0 462572 4096 0 0
net lo 0 0 3037308 0 0 0 0 0 0 0 0 0 24654 0 3037308 0 0 0 0 0 0 24654 0
net virbr0 0 733 9961731479 0 0 0 0 0 0 0 0 0 39723329 0 38380955716 0 0 0 0 0 0 23514038 0
net eno1 0 152453 40328971557 0 0 354 0 0 0 0 0 0 30202959 0 1207016921 0 0 0 0 0 0 5953000 0
net vnet35 0 0 954740 0 0 0 0 0 0 0 0 0 5171 0 908227 0 0 0 0 0 0 4214 0
numa 1 102757736 18781169 10118603 29535 102713477 18825411
numa 0 101907349 10118603 18781169 29710 101905716 10119842
ps - 489118022 228317 496 404 275 6 679
sysv_shm - 0 0
tmpfs /run/lock 0 6
tmpfs /run 2080768 1098
tmpfs /run/user/20029 0 20
tmpfs /run/qemu 0 1
tmpfs /dev/shm 37615439872 105371
vfs - 133585 2424 182978
vm - 2 20071172 434436601 252290 1617408 232106964 277935665 75484376 6522712 175612003 54212 0 0 0 0 0 1811072 0 311878 5997 0 1617252 74 0 3 0 0

1778475831.439207 0 node0.mimesys-workload.ldos-ut-pg0.wisc.cloudlab.us
block sda 497188 209272 40134872 286894 2632256 17765462 868873235 12869741 0 2205816 13418494
block sdb 479 0 7540 438 4 0 0 0 0 556 439
cpu 11 167941 0 52459 2823472 6811 0 5
cpu 10 194418 2 47326 2803350 8882 0 4
cpu 13 163425 0 47686 2833103 6489 0 4
cpu 12 166448 0 46765 2831745 6939 0 2
cpu 15 165265 2 45586 2833670 6469 0 3
cpu 14 159205 0 46798 2839433 6453 0 4
cpu 17 150551 0 45687 2848443 6652 0 1
cpu 16 160421 0 44206 2841744 5879 0 1
cpu 19 131293 0 31868 2882722 6200 0 1
cpu 18 177453 5 32274 2836855 5748 0 2
cpu 1 183985 0 35775 2818172 8150 0 757
cpu 0 214318 45 35049 2764064 9923 0 1152
cpu 3 203088 0 51957 2786948 7419 0 596
cpu 2 197653 0 47958 2794817 9221 0 190
cpu 5 203216 0 52500 2787888 7333 0 455
cpu 4 197367 1 52942 2792023 7816 0 113
cpu 7 170354 0 51510 2822480 6437 0 540
cpu 6 193397 0 51706 2798580 7714 0 327
cpu 9 161788 0 51324 2828331 7655 0 376
cpu 8 157103 0 57607 2828838 6031 0 336
mem 1 99033092 97130916 1902176 54768 1231028 132 0 1100052 71024 185844 4228 0 0 174788 0 0 0
mem 0 97636988 62023392 35613596 372040 34203324 192 0 34102988 1597292 475780 8656 0 0 462588 4096 0 0
net lo 0 0 3038475 0 0 0 0 0 0 0 0 0 24662 0 3038475 0 0 0 0 0 0 24662 0
net virbr0 0 733 9961733409 0 0 0 0 0 0 0 0 0 39723336 0 38380957746 0 0 0 0 0 0 23514044 0
net eno1 0 152461 40328978428 0 0 354 0 0 0 0 0 0 30203064 0 1207017433 0 0 0 0 0 0 5953005 0
net vnet35 0 0 956768 0 0 0 0 0 0 0 0 0 5178 0 910309 0 0 0 0 0 0 4221 0
numa 1 102766633 18781169 10118603 29535 102722374 18825411
numa 0 101908207 10118603 18781169 29710 101906574 10119842
ps - 489125534 228396 496 404 275 8 679
sysv_shm - 0 0
tmpfs /run/lock 0 6
tmpfs /run 2080768 1098
tmpfs /run/user/20029 0 20
tmpfs /run/qemu 0 1
tmpfs /dev/shm 37615439872 105371
vfs - 133583 2504 182948
vm - 2 20071172 434436617 252290 1617408 232116718 277945086 75484382 6522712 175627148 54212 0 0 0 0 0 1811072 0 311878 5997 0 1617252 74 0 3 0 0

1778475832.477452 0 node0.mimesys-workload.ldos-ut-pg0.wisc.cloudlab.us
block sda 497188 209272 40134872 286894 2632256 17765462 868873235 12869741 0 2205816 13418494
block sdb 479 0 7540 438 4 0 0 0 0 556 439
cpu 11 167943 0 52460 2823573 6811 0 5
cpu 10 194419 2 47330 2803449 8882 0 4
cpu 13 163428 0 47688 2833201 6489 0 4
cpu 12 166450 0 46766 2831845 6939 0 2
cpu 15 165266 2 45587 2833771 6469 0 3
cpu 14 159208 0 46799 2839532 6453 0 4
cpu 17 150551 0 45689 2848544 6652 0 1
cpu 16 160422 0 44209 2841843 5879 0 1
cpu 19 131296 0 31869 2882822 6200 0 1
cpu 18 177453 5 32276 2836955 5748 0 2
cpu 1 184064 0 35776 2818196 8150 0 758
cpu 0 214401 45 35049 2764086 9923 0 1152
cpu 3 203167 0 51958 2786971 7419 0 596
cpu 2 197728 0 47959 2794843 9221 0 190
cpu 5 203288 0 52501 2787915 7333 0 455
cpu 4 197446 1 52942 2792045 7816 0 113
cpu 7 170354 0 51511 2822583 6437 0 540
cpu 6 193397 0 51706 2798683 7714 0 327
cpu 9 161789 0 51324 2828434 7655 0 376
cpu 8 157103 0 57607 2828942 6031 0 336
mem 1 99033092 97127960 1905132 54756 1229868 120 0 1100060 70096 184712 4436 0 0 174792 0 0 0
mem 0 97636988 62022888 35614100 372040 34202388 208 0 34102988 1597292 474820 8676 0 0 462604 4096 0 0
net lo 0 0 3039032 0 0 0 0 0 0 0 0 0 24666 0 3039032 0 0 0 0 0 0 24666 0
net virbr0 0 733 9961736157 0 0 0 0 0 0 0 0 0 39723357 0 38380960404 0 0 0 0 0 0 23514059 0
net eno1 0 152461 40328984911 0 0 354 0 0 0 0 0 0 30203164 0 1207018574 0 0 0 0 0 0 5953010 0
net vnet35 0 0 959810 0 0 0 0 0 0 0 0 0 5199 0 912967 0 0 0 0 0 0 4236 0
numa 1 102774703 18781169 10118603 29535 102730444 18825411
numa 0 101908486 10118603 18781169 29710 101906853 10119842
ps - 489132654 228470 496 404 275 4 679
sysv_shm - 0 0
tmpfs /run/lock 0 6
tmpfs /run 2080768 1098
tmpfs /run/user/20029 0 20
tmpfs /run/qemu 0 1
tmpfs /dev/shm 37615439872 105371
vfs - 133581 2504 182946
vm - 2 20071172 434436617 252290 1617408 232125067 277953755 75484385 6522712 175639960 54212 0 0 0 0 0 1811072 0 311878 5997 0 1617252 74 0 3 0 0

1778475833.517840 0 node0.mimesys-workload.ldos-ut-pg0.wisc.cloudlab.us
block sda 497192 209272 40134912 286895 2632265 17765474 868873403 12869744 0 2205836 13418498
block sdb 479 0 7540 438 4 0 0 0 0 556 439
cpu 11 167948 0 52461 2823669 6811 0 5
cpu 10 194421 2 47332 2803549 8882 0 4
cpu 13 163430 0 47691 2833300 6489 0 4
cpu 12 166452 0 46768 2831946 6939 0 2
cpu 15 165267 2 45588 2833873 6469 0 3
cpu 14 159209 0 46802 2839633 6453 0 4
cpu 17 150552 0 45690 2848646 6652 0 1
cpu 16 160425 0 44212 2841942 5879 0 1
cpu 19 131298 0 31871 2882922 6200 0 1
cpu 18 177455 5 32278 2837053 5748 0 2
cpu 1 184096 0 35777 2818265 8150 0 758
cpu 0 214426 45 35052 2764158 9923 0 1152
cpu 3 203202 0 51959 2787039 7419 0 596
cpu 2 197755 0 47960 2794920 9221 0 190
cpu 5 203317 0 52502 2787987 7333 0 455
cpu 4 197479 1 52943 2792114 7816 0 113
cpu 7 170355 0 51512 2822686 6437 0 540
cpu 6 193397 0 51706 2798786 7714 0 327
cpu 9 161790 0 51325 2828536 7655 0 376
cpu 8 157103 0 57607 2829045 6031 0 336
mem 1 99033092 97127208 1905884 54756 1231152 140 0 1100068 70960 186156 4100 0 0 174784 0 0 0
mem 0 97636988 62021128 35615860 372040 34202860 232 0 34102988 1597292 475256 8588 0 0 462604 4096 0 0
net lo 0 0 3040199 0 0 0 0 0 0 0 0 0 24674 0 3040199 0 0 0 0 0 0 24674 0
net virbr0 0 733 9961738899 0 0 0 0 0 0 0 0 0 39723371 0 38380964094 0 0 0 0 0 0 23514071 0
net eno1 0 152470 40328992454 0 0 354 0 0 0 0 0 0 30203280 0 1207020040 0 0 0 0 0 0 5953018 0
net vnet35 0 0 962748 0 0 0 0 0 0 0 0 0 5213 0 916709 0 0 0 0 0 0 4249 0
numa 1 102782201 18781169 10118603 29535 102737942 18825411
numa 0 101910818 10118603 18781169 29710 101909185 10119842
ps - 489138357 228549 496 404 275 2 678
sysv_shm - 0 0
tmpfs /run/lock 0 6
tmpfs /run 2080768 1098
tmpfs /run/user/20029 0 20
tmpfs /run/qemu 0 1
tmpfs /dev/shm 37615439872 105371
vfs - 133588 2584 182982
vm - 2 20071192 434436701 252290 1617408 232134898 277963271 75484388 6522712 175655167 54212 0 0 0 0 0 1811072 0 311878 5997 0 1617252 74 0 3 0 0
