$hpcperfstats 2.4
$hostname node0.mimesys-workload.ldos-ut-pg0.wisc.cloudlab.us
$uname Linux x86_64 5.15.0-168-generic #178-Ubuntu SMP Fri Jan 9 19:05:03 UTC 2026
$uptime 32777
!block rd_ios,E rd_merges,E rd_sectors,E,U=512B rd_ticks,E,U=ms wr_ios,E wr_merges,E wr_sectors,E,U=512B wr_ticks,E,U=ms in_flight io_ticks,E,U=ms time_in_queue,E,U=ms
!cpu user,E,U=cs nice,E,U=cs system,E,U=cs idle,E,U=cs iowait,E,U=cs irq,E,U=cs softirq,E,U=cs
!ib excessive_buffer_overrun_errors,E,W=32 link_downed,E,W=32 link_error_recovery,E,W=32 local_link_integrity_errors,E,W=32 port_rcv_constraint_errors,E,W=32 port_rcv_data,E,U=4B,W=32 port_rcv_errors,E,W=32 port_rcv_packets,E,W=32 port_rcv_remote_physical_errors,E,W=32 port_rcv_switch_relay_errors,E,W=32 port_xmit_constraint_errors,E,W=32 port_xmit_data,E,U=4B,W=32 port_xmit_discards,E,W=32 port_xmit_packets,E,W=32 port_xmit_wait,E,U=ms,W=32 symbol_error,E,W=32 VL15_dropped,E,W=32
!ib_ext port_select,C counter_select,C port_xmit_data,E,U=4B port_rcv_data,E,U=4B port_xmit_pkts,E port_rcv_pkts,E port_unicast_xmit_pkts,E port_unicast_rcv_pkts,E port_multicast_xmit_pkts,E port_multicast_rcv_pkts,E
!ib_sw rx_bytes,E,U=4B rx_packets,E tx_bytes,E,U=4B tx_packets,E
!mem MemTotal,U=KB MemFree,U=KB MemUsed,U=KB Active,U=KB Inactive,U=KB Dirty,U=KB Writeback,U=KB FilePages,U=KB Mapped,U=KB AnonPages,U=KB PageTables,U=KB NFS_Unstable,U=KB Bounce,U=KB Slab,U=KB AnonHugePages,U=KB HugePages_Total HugePages_Free
!net collisions,E multicast,E rx_bytes,E,U=B rx_compressed,E rx_crc_errors,E rx_dropped,E rx_errors,E rx_fifo_errors,E rx_frame_errors,E rx_length_errors,E rx_missed_errors,E rx_over_errors,E rx_packets,E tx_aborted_errors,E tx_bytes,E,U=B tx_carrier_errors,E tx_compressed,E tx_dropped,E tx_errors,E tx_fifo_errors,E tx_heartbeat_errors,E tx_packets,E tx_window_errors,E
!numa numa_hit,E numa_miss,E numa_foreign,E interleave_hit,E local_node,E other_node,E
!ps ctxt,E processes,E load_1 load_5 load_15 nr_running nr_threads
!sysv_shm mem_used,U=B segs_used
!tmpfs bytes_used,U=B files_used
!vfs dentry_use file_use inode_use
!vm nr_anon_transparent_hugepages pgpgin,E,U=KB pgpgout,E,U=KB pswpin,E pswpout,E pgalloc_normal,E pgfree,E pgactivate,E pgdeactivate,E pgfault,E pgmajfault,E pgrefill_normal,E pgsteal_normal,E pgscan_kswapd_normal,E pgscan_direct_normal,E pginodesteal,E slabs_scanned,E kswapd_steal,E kswapd_inodesteal,E pageoutrun,E allocstall,E pgrotated,E thp_fault_alloc,E thp_fault_fallback,E thp_collapse_alloc,E thp_collapse_alloc_failed,E thp_split,E

1778477995.885255 0 node0.mimesys-workload.ldos-ut-pg0.wisc.cloudlab.us
%begin -
block sda 667302 211542 52198557 360165 2719622 17787068 880954269 13081796 1 2446540 13730432
block sdb 509 0 7540 473 4 0 0 0 0 600 474
cpu 11 205273 0 57759 2996365 7414 0 5
cpu 10 231462 2 52652 2976371 9528 0 6
cpu 13 199905 0 53394 3006682 6921 0 5
cpu 12 203780 0 52298 3004199 7679 0 2
cpu 15 177700 2 50880 3031510 6809 0 4
cpu 14 171196 0 52262 3037343 6971 0 6
cpu 17 153909 0 50218 3056206 7000 0 2
cpu 16 163986 0 48609 3049743 5963 0 2
cpu 19 135603 0 38006 3088254 6226 0 1
cpu 18 181345 5 37202 3043238 6502 0 2
cpu 1 247990 0 62966 2941605 8753 0 897
cpu 0 271298 45 48278 2908036 10427 0 1162
cpu 3 268155 0 78477 2910359 7975 0 598
cpu 2 262911 0 75544 2916740 9804 0 193
cpu 5 267317 0 79824 2911509 7877 0 456
cpu 4 263939 1 80459 2912872 8341 0 115
cpu 7 209921 0 77388 2971753 7030 0 542
cpu 6 257547 0 78497 2922659 8221 0 330
cpu 9 196646 0 54959 3005573 8056 0 378
cpu 8 197797 0 62514 2998308 6641 0 340
mem 1 99033092 94227620 4805472 597192 3521452 20 0 3874412 2856688 244340 13640 0 0 176796 4096 0 0
mem 0 97636988 61608896 36028092 633700 34244948 28 0 34402500 1907632 479636 11316 0 0 463940 4096 0 0
net lo 0 0 4292271 0 0 0 0 0 0 0 0 0 33998 0 4292271 0 0 0 0 0 0 33998 0
net vnet47 0 0 80936 0 0 0 0 0 0 0 0 0 329 0 48051 0 0 0 0 0 0 349 0
net vnet46 0 0 33272 0 0 0 0 0 0 0 0 0 193 0 41079 0 0 0 0 0 0 253 0
net eno1 0 163889 40342499888 0 0 389 0 0 0 0 0 0 30409972 0 1246750329 0 0 0 0 0 0 5986176 0
net virbr0 0 867 9965344167 0 0 0 0 0 0 0 0 0 39743601 0 38384405007 0 0 0 0 0 0 23530283 0
numa 1 122498761 18781169 10118603 29535 122454422 18825491
numa 0 121713027 10118603 18781169 29710 121711308 10119880
ps - 505773762 452964 377 453 481 1 755
sysv_shm - 0 0
tmpfs /run/lock 0 6
tmpfs /run 2125824 1105
tmpfs /run/user/20029 0 20
tmpfs /run/qemu 0 1
tmpfs /dev/shm 37615767552 105394
vfs - 133978 5104 184600
vm - 4 26103079 440477134 252326 1617408 271712404 316716295 87559774 6649481 228484902 57331 0 0 0 0 0 1811072 0 311878 5997 0 1618264 98 0 3 0 0

1778477995.929068 0 node0.mimesys-workload.ldos-ut-pg0.wisc.cloudlab.us
block sda 667304 211542 52198693 360166 2719622 17787068 880954269 13081796 0 2446540 13730433
block sdb 509 0 7540 473 4 0 0 0 0 600 474
cpu 11 205273 0 57759 2996369 7414 0 5
cpu 10 231462 2 52652 2976375 9528 0 6
cpu 13 199905 0 53394 3006687 6921 0 5
cpu 12 203780 0 52298 3004204 7679 0 2
cpu 15 177701 2 50882 3031512 6809 0 4
cpu 14 171196 0 52262 3037347 6971 0 6
cpu 17 153910 0 50219 3056208 7000 0 2
cpu 16 163986 0 48610 3049746 5963 0 2
cpu 19 135604 0 38006 3088258 6226 0 1
cpu 18 181346 5 37203 3043240 6502 0 2
cpu 1 247991 0 62967 2941608 8753 0 897
cpu 0 271298 45 48279 2908039 10427 0 1162
cpu 3 268155 0 78477 2910362 7975 0 598
cpu 2 262911 0 75544 2916744 9804 0 193
cpu 5 267317 0 79824 2911514 7877 0 456
cpu 4 263939 1 80459 2912877 8341 0 115
cpu 7 209921 0 77388 2971758 7030 0 542
cpu 6 257547 0 78497 2922664 8221 0 330
cpu 9 196646 0 54959 3005577 8056 0 378
cpu 8 197797 0 62514 2998312 6641 0 340
mem 1 99033092 94226108 4806984 597192 3522784 20 0 3874412 2856688 245672 13640 0 0 176796 4096 0 0
mem 0 97636988 61608392 36028596 633700 34245392 28 0 34402500 1908520 480080 11316 0 0 463940 4096 0 0
net lo 0 0 4294101 0 0 0 0 0 0 0 0 0 34010 0 4294101 0 0 0 0 0 0 34010 0
net vnet47 0 0 80936 0 0 0 0 0 0 0 0 0 329 0 48051 0 0 0 0 0 0 349 0
net vnet46 0 0 33272 0 0 0 0 0 0 0 0 0 193 0 41079 0 0 0 0 0 0 253 0
net eno1 0 163889 40342500436 0 0 389 0 0 0 0 0 0 30409978 0 1246750531 0 0 0 0 0 0 5986178 0
net virbr0 0 867 9965344167 0 0 0 0 0 0 0 0 0 39743601 0 38384405007 0 0 0 0 0 0 23530283 0
numa 1 122499944 18781169 10118603 29535 122455605 18825491
numa 0 121713693 10118603 18781169 29710 121711974 10119880
ps - 505773909 452974 377 453 481 3 762
sysv_shm - 0 0
tmpfs /run/lock 0 6
tmpfs /run 2125824 1105
tmpfs /run/user/20029 0 20
tmpfs /run/qemu 0 1
tmpfs /dev/shm 37615767552 105394
vfs - 133991 5184 184633
vm - 4 26103079 440477134 252326 1617408 271714279 316717179 87559777 6649481 228487814 57331 0 0 0 0 0 1811072 0 311878 5997 0 1618264 98 0 3 0 0

1778477996.969377 0 node0.mimesys-workload.ldos-ut-pg0.wisc.cloudlab.us
block sda 667304 211542 52198693 360166 2719623 17787068 880954277 13081796 0 2446544 13730433
block sdb 509 0 7540 473 4 0 0 0 0 600 474
cpu 11 205278 0 57761 2996467 7414 0 5
cpu 10 231463 2 52654 2976475 9528 0 6
cpu 13 199906 0 53396 3006786 6921 0 5
cpu 12 203784 0 52299 3004303 7679 0 2
cpu 15 177703 2 50884 3031613 6809 0 4
cpu 14 171198 0 52264 3037448 6971 0 6
cpu 17 153911 0 50220 3056310 7000 0 2
cpu 16 163990 0 48612 3049845 5963 0 2
cpu 19 135605 0 38006 3088359 6226 0 1
cpu 18 181346 5 37206 3043340 6502 0 2
cpu 1 248005 0 62968 2941695 8753 0 897
cpu 0 271308 45 48282 2908129 10427 0 1162
cpu 3 268212 0 78479 2910407 7975 0 598
cpu 2 262920 0 75546 2916834 9804 0 193
cpu 5 267330 0 79826 2911601 7877 0 456
cpu 4 263964 1 80461 2912955 8341 0 115
cpu 7 209932 0 77389 2971848 7030 0 542
cpu 6 257555 0 78499 2922757 8221 0 330
cpu 9 196648 0 54960 3005678 8056 0 378
cpu 8 197799 0 62516 2998411 6641 0 340
mem 1 99033092 94219344 4813748 597212 3521516 160 0 3874360 2856964 244536 13412 0 0 176788 4096 0 0
mem 0 97636988 61601932 36035056 634112 34246656 204 0 34402852 1907620 481476 11420 0 0 463652 4096 0 0
net lo 0 0 4294658 0 0 0 0 0 0 0 0 0 34014 0 4294658 0 0 0 0 0 0 34014 0
net vnet47 0 0 80936 0 0 0 0 0 0 0 0 0 329 0 48103 0 0 0 0 0 0 350 0
net vnet46 0 0 36408 0 0 0 0 0 0 0 0 0 210 0 44821 0 0 0 0 0 0 266 0
net eno1 0 163898 40342506733 0 0 389 0 0 0 0 0 0 30410074 0 1246750876 0 0 0 0 0 0 5986181 0
net virbr0 0 867 9965347065 0 0 0 0 0 0 0 0 0 39743618 0 38384408697 0 0 0 0 0 0 23530295 0
numa 1 122507775 18781169 10118603 29535 122463436 18825491
numa 0 121720343 10118603 18781169 29710 121718624 10119880
ps - 505779319 453103 355 447 479 3 761
sysv_shm - 0 0
tmpfs /run/lock 0 6
tmpfs /run 2125824 1105
tmpfs /run/user/20029 0 20
tmpfs /run/qemu 0 1
tmpfs /dev/shm 37615767552 105394
vfs - 133970 5184 184489
vm - 4 26103079 440477138 252326 1617408 271728752 316731787 87559834 6649481 228510565 57331 0 0 0 0 0 1811072 0 311878 5997 0 1618264 98 0 3 0 0

1778477998.011036 0 node0.mimesys-workload.ldos-ut-pg0.wisc.cloudlab.us
block sda 667429 211571 52204374 360216 2719628 17787068 880954621 13081797 0 2446700 13730485
block sdb 509 0 7540 473 4 0 0 0 0 600 474
cpu 11 205292 0 57763 2996556 7414 0 5
cpu 10 231481 2 52659 2976556 9528 0 6
cpu 13 199916 0 53398 3006878 6921 0 5
cpu 12 203796 0 52301 3004392 7679 0 2
cpu 15 177715 2 50889 3031701 6809 0 4
cpu 14 171203 0 52267 3037544 6971 0 6
cpu 17 153915 0 50224 3056407 7000 0 2
cpu 16 163992 0 48614 3049943 5963 0 2
cpu 19 135608 0 38010 3088456 6226 0 1
cpu 18 181347 5 37209 3043441 6502 0 2
cpu 1 248016 0 62972 2941787 8753 0 897
cpu 0 271321 45 48283 2908221 10428 0 1162
cpu 3 268227 0 78481 2910493 7975 0 598
cpu 2 262936 0 75548 2916919 9805 0 193
cpu 5 267340 0 79831 2911693 7878 0 456
cpu 4 263975 1 80466 2913041 8341 0 115
cpu 7 209970 0 77394 2971912 7031 0 542
cpu 6 257560 0 78501 2922853 8222 0 330
cpu 9 196664 0 54962 3005765 8056 0 378
cpu 8 197805 0 62518 2998505 6641 0 340
mem 1 99033092 94213300 4819792 597240 3523852 200 0 3874764 2857404 246600 13672 0 0 176904 4096 0 0
mem 0 97636988 61598656 36038332 634100 34245504 224 0 34403672 1908852 479532 11216 0 0 463548 4096 0 0
net lo 0 0 4295825 0 0 0 0 0 0 0 0 0 34022 0 4295825 0 0 0 0 0 0 34022 0
net vnet47 0 0 84914 0 0 0 0 0 0 0 0 0 347 0 51793 0 0 0 0 0 0 362 0
net vnet46 0 0 38232 0 0 0 0 0 0 0 0 0 220 0 46123 0 0 0 0 0 0 275 0
net eno1 0 163898 40342514101 0 0 389 0 0 0 0 0 0 30410183 0 1246751322 0 0 0 0 0 0 5986185 0
net virbr0 0 867 9965352475 0 0 0 0 0 0 0 0 0 39743646 0 38384413689 0 0 0 0 0 0 23530316 0
numa 1 122517592 18781169 10118603 29535 122473253 18825491
numa 0 121726805 10118603 18781169 29710 121725086 10119880
ps - 505789564 453233 355 447 479 2 761
sysv_shm - 0 0
tmpfs /run/lock 0 6
tmpfs /run 2125824 1105
tmpfs /run/user/20029 0 20
tmpfs /run/qemu 0 1
tmpfs /dev/shm 37615767552 105394
vfs - 133972 5704 184530
vm - 4 26105920 440477310 252326 1617408 271745005 316747548 87559859 6649481 228535040 57331 0 0 0 0 0 1811072 0 311878 5997 0 1618264 98 0 3 0 0

1778477999.051509 0 node0.mimesys-workload.ldos-ut-pg0.wisc.cloudlab.us
block sda 667811 213434 52223167 360321 2719758 17787071 880956285 13081807 0 2447172 13730600
block sdb 509 0 7540 473 4 0 0 0 0 600 474
cpu 11 205317 0 57766 2996629 7414 0 5
cpu 10 231523 2 52673 2976603 9528 0 6
cpu 13 199930 0 53406 3006958 6921 0 5
cpu 12 203812 0 52308 3004473 7679 0 2
cpu 15 177730 2 50892 3031785 6809 0 4
cpu 14 171215 0 52270 3037631 6971 0 6
cpu 17 153918 0 50226 3056506 7000 0 2
cpu 16 163996 0 48617 3050041 5963 0 2
cpu 19 135609 0 38015 3088554 6226 0 1
cpu 18 181349 5 37211 3043541 6502 0 2
cpu 1 248043 0 62994 2941844 8754 0 898
cpu 0 271348 45 48293 2908288 10429 0 1162
cpu 3 268240 0 78497 2910565 7977 0 598
cpu 2 262961 0 75560 2916986 9806 0 193
cpu 5 267365 0 79838 2911765 7880 0 456
cpu 4 263990 1 80480 2913114 8343 0 115
cpu 7 210009 0 77405 2971964 7033 0 542
cpu 6 257576 0 78507 2922933 8224 0 330
cpu 9 196673 0 54966 3005857 8056 0 378
cpu 8 197834 0 62522 2998577 6641 0 340
mem 1 99033092 94237616 4795476 597628 3521976 232 0 3874832 2856720 244908 13468 0 0 176900 4096 0 0
mem 0 97636988 61598572 36038416 634472 34259340 244 0 34416252 1913096 480268 11804 0 0 463996 4096 0 0
net lo 0 0 4296992 0 0 0 0 0 0 0 0 0 34030 0 4296992 0 0 0 0 0 0 34030 0
net vnet47 0 0 85896 0 0 0 0 0 0 0 0 0 356 0 53147 0 0 0 0 0 0 372 0
net vnet46 0 0 43302 0 0 0 0 0 0 0 0 0 248 0 50863 0 0 0 0 0 0 297 0
net eno1 0 163907 40342520633 0 0 389 0 0 0 0 0 0 30410277 0 1246751768 0 0 0 0 0 0 5986189 0
net virbr0 0 867 9965358009 0 0 0 0 0 0 0 0 0 39743683 0 38384419679 0 0 0 0 0 0 23530346 0
numa 1 122525256 18781169 10118603 29535 122480917 18825491
numa 0 121738789 10118603 18781169 29710 121737070 10119880
ps - 505828988 453368 355 447 479 3 762
sysv_shm - 0 0
tmpfs /run/lock 0 6
tmpfs /run 2125824 1105
tmpfs /run/user/20029 0 20
tmpfs /run/qemu 0 1
tmpfs /dev/shm 37615767552 105394
vfs - 133987 8344 185984
vm - 4 26115400 440478142 254574 1617408 271764653 316763884 87560032 6649481 228563578 57331 0 0 0 0 0 1811072 0 311878 5997 0 1618264 98 0 3 0 0

1778478000.089625 0 node0.mimesys-workload.ldos-ut-pg0.wisc.cloudlab.us
block sda 667938 214111 52229667 360355 2719766 17787104 880956629 13081811 0 2447384 13730639
block sdb 509 0 7540 473 4 0 0 0 0 600 474
cpu 11 205367 0 57768 2996681 7414 0 5
cpu 10 231599 2 52679 2976623 9528 0 6
cpu 13 199993 0 53411 3006995 6921 0 5
cpu 12 203861 0 52309 3004526 7679 0 2
cpu 15 177742 2 50896 3031870 6809 0 4
cpu 14 171233 0 52272 3037714 6971 0 6
cpu 17 153920 0 50228 3056606 7000 0 2
cpu 16 163996 0 48618 3050142 5963 0 2
cpu 19 135612 0 38017 3088652 6226 0 1
cpu 18 181349 5 37213 3043643 6502 0 2
cpu 1 248045 0 62996 2941944 8754 0 898
cpu 0 271358 45 48299 2908377 10429 0 1162
cpu 3 268254 0 78510 2910642 7977 0 598
cpu 2 262972 0 75569 2917070 9806 0 193
cpu 5 267369 0 79842 2911857 7882 0 456
cpu 4 264001 1 80484 2913200 8344 0 115
cpu 7 210014 0 77408 2972058 7033 0 542
cpu 6 257580 0 78510 2923031 8224 0 330
cpu 9 196691 0 54968 3005939 8056 0 378
cpu 8 197878 0 62523 2998636 6641 0 340
mem 1 99033092 94233344 4799748 597640 3522228 272 0 3875020 2857348 245000 13628 0 0 176844 4096 0 0
mem 0 97636988 61585564 36051424 634508 34264004 292 0 34420504 1913276 481520 11844 0 0 464628 4096 0 0
net lo 0 0 4298159 0 0 0 0 0 0 0 0 0 34038 0 4298159 0 0 0 0 0 0 34038 0
net vnet47 0 0 85986 0 0 0 0 0 0 0 0 0 357 0 53147 0 0 0 0 0 0 372 0
net vnet46 0 0 45638 0 0 0 0 0 0 0 0 0 259 0 53219 0 0 0 0 0 0 306 0
net eno1 0 163907 40342528524 0 0 389 0 0 0 0 0 0 30410399 0 1246752358 0 0 0 0 0 0 5986195 0
net virbr0 0 867 9965360267 0 0 0 0 0 0 0 0 0 39743695 0 38384422035 0 0 0 0 0 0 23530355 0
numa 1 122530712 18781169 10118603 29535 122486373 18825491
numa 0 121749075 10118603 18781169 29710 121747356 10119880
ps - 505850231 453496 355 447 479 10 762
sysv_shm - 0 0
tmpfs /run/lock 0 6
tmpfs /run 2125824 1105
tmpfs /run/user/20029 0 20
tmpfs /run/qemu 0 1
tmpfs /dev/shm 37615767552 105394
vfs - 133973 8424 186671
vm - 4 26118566 440478314 255356 1617408 271780395 316778467 87560043 6649481 228588913 57331 0 0 0 0 0 1811072 0 311878 5997 0 1618264 98 0 3 0 0

1778478001.131077 0 node0.mimesys-workload.ldos-ut-pg0.wisc.cloudlab.us
block sda 667938 214111 52229667 360355 2719874 17787104 880957613 13081829 0 2447388 13730656
block sdb 509 0 7540 473 4 0 0 0 0 600 474
cpu 11 205380 0 57770 2996768 7414 0 5
cpu 10 231634 2 52682 2976687 9528 0 6
cpu 13 200065 0 53423 3007015 6921 0 5
cpu 12 203878 0 52314 3004606 7679 0 2
cpu 15 177770 2 50901 3031944 6809 0 4
cpu 14 171250 0 52277 3037794 6971 0 6
cpu 17 153925 0 50230 3056703 7000 0 2
cpu 16 163998 0 48621 3050241 5963 0 2
cpu 19 135615 0 38023 3088749 6226 0 1
cpu 18 181350 5 37215 3043743 6502 0 2
cpu 1 248054 0 62998 2942037 8754 0 898
cpu 0 271367 45 48302 2908467 10429 0 1162
cpu 3 268269 0 78513 2910728 7977 0 598
cpu 2 262983 0 75573 2917160 9806 0 193
cpu 5 267386 0 79844 2911942 7882 0 456
cpu 4 264008 1 80489 2913293 8344 0 115
cpu 7 210021 0 77411 2972150 7033 0 542
cpu 6 257590 0 78512 2923122 8224 0 330
cpu 9 196726 0 54972 3006004 8056 0 378
cpu 8 197914 0 62525 2998703 6641 0 340
mem 1 99033092 94230072 4803020 597648 3521548 304 0 3875152 2857852 244132 13720 0 0 177020 4096 0 0
mem 0 97636988 61581280 36055708 634508 34264988 340 0 34420596 1913200 482444 11788 0 0 464500 4096 0 0
net lo 0 0 4299326 0 0 0 0 0 0 0 0 0 34046 0 4299326 0 0 0 0 0 0 34046 0
net vnet47 0 0 89122 0 0 0 0 0 0 0 0 0 374 0 56979 0 0 0 0 0 0 386 0
net vnet46 0 0 48262 0 0 0 0 0 0 0 0 0 275 0 55603 0 0 0 0 0 0 319 0
net eno1 0 163917 40342534345 0 0 389 0 0 0 0 0 0 30410484 0 1246752804 0 0 0 0 0 0 5986199 0
net virbr0 0 867 9965365565 0 0 0 0 0 0 0 0 0 39743728 0 38384428147 0 0 0 0 0 0 23530380 0
numa 1 122538497 18781169 10118603 29535 122494158 18825491
numa 0 121756507 10118603 18781169 29710 121754788 10119880
ps - 505865507 453626 342 443 478 4 764
sysv_shm - 0 0
tmpfs /run/lock 0 6
tmpfs /run 2125824 1105
tmpfs /run/user/20029 0 20
tmpfs /run/qemu 0 1
tmpfs /dev/shm 37615767552 105394
vfs - 133975 8504 186671
vm - 4 26118566 440478806 255356 1617408 271795612 316793574 87560050 6649481 228613758 57331 0 0 0 0 0 1811072 0 311878 5997 0 1618264 98 0 3 0 0

1778478002.170414 0 node0.mimesys-workload.ldos-ut-pg0.wisc.cloudlab.us
block sda 667941 214111 52229783 360357 2719883 17787104 880957917 13081832 0 2447412 13730661
block sdb 509 0 7540 473 4 0 0 0 0 600 474
cpu 11 205390 0 57775 2996856 7414 0 5
cpu 10 231644 2 52685 2976774 9528 0 6
cpu 13 200072 0 53426 3007105 6921 0 5
cpu 12 203900 0 52318 3004682 7679 0 2
cpu 15 177792 2 50908 3032016 6809 0 4
cpu 14 171276 0 52279 3037866 6971 0 6
cpu 17 153925 0 50232 3056804 7000 0 2
cpu 16 163998 0 48623 3050343 5963 0 2
cpu 19 135618 0 38026 3088847 6226 0 1
cpu 18 181352 5 37216 3043843 6502 0 2
cpu 1 248055 0 63000 2942138 8754 0 898
cpu 0 271368 45 48305 2908568 10429 0 1162
cpu 3 268270 0 78515 2910829 7977 0 598
cpu 2 262984 0 75576 2917259 9806 0 193
cpu 5 267387 0 79846 2912042 7882 0 456
cpu 4 264009 1 80491 2913394 8344 0 115
cpu 7 210022 0 77412 2972251 7033 0 542
cpu 6 257596 0 78513 2923221 8224 0 330
cpu 9 196734 0 54977 3006092 8056 0 378
cpu 8 197948 0 62527 2998769 6641 0 340
mem 1 99033092 94226296 4806796 597676 3521632 152 0 3875636 2857516 243792 13624 0 0 177084 4096 0 0
mem 0 97636988 61576756 36060232 634552 34263584 180 0 34420720 1913320 480932 11884 0 0 464468 4096 0 0
net lo 0 0 4299883 0 0 0 0 0 0 0 0 0 34050 0 4299883 0 0 0 0 0 0 34050 0
net vnet47 0 0 90990 0 0 0 0 0 0 0 0 0 384 0 57977 0 0 0 0 0 0 395 0
net vnet46 0 0 48262 0 0 0 0 0 0 0 0 0 275 0 55603 0 0 0 0 0 0 319 0
net eno1 0 163917 40342540102 0 0 389 0 0 0 0 0 0 30410574 0 1246753149 0 0 0 0 0 0 5986202 0
net virbr0 0 867 9965367293 0 0 0 0 0 0 0 0 0 39743738 0 38384429145 0 0 0 0 0 0 23530389 0
numa 1 122544674 18781169 10118603 29535 122500335 18825491
numa 0 121763933 10118603 18781169 29710 121762214 10119880
ps - 505876103 453749 342 443 478 4 764
sysv_shm - 0 0
tmpfs /run/lock 0 6
tmpfs /run 2125824 1105
tmpfs /run/user/20029 0 20
tmpfs /run/qemu 0 1
tmpfs /dev/shm 37615767552 105394
vfs - 133990 8384 186817
vm - 4 26118624 440478958 255356 1617408 271809215 316807410 87560069 6649481 228634867 57331 0 0 0 0 0 1811072 0 311878 5997 0 1618264 98 0 3 0 0

1778478003.211073 0 node0.mimesys-workload.ldos-ut-pg0.wisc.cloudlab.us
block sda 667943 214111 52229983 360358 2719887 17787104 880958101 13081833 0 2447420 13730663
block sdb 509 0 7540 473 4 0 0 0 0 600 474
cpu 11 205454 0 57781 2996887 7414 0 5
cpu 10 231689 2 52686 2976829 9528 0 6
cpu 13 200133 0 53430 3007145 6921 0 5
cpu 12 203947 0 52322 3004736 7679 0 2
cpu 15 177858 2 50917 3032044 6809 0 4
cpu 14 171309 0 52281 3037935 6971 0 6
cpu 17 153928 0 50234 3056904 7000 0 2
cpu 16 163999 0 48624 3050444 5963 0 2
cpu 19 135618 0 38030 3088946 6226 0 1
cpu 18 181358 5 37218 3043940 6502 0 2
cpu 1 248056 0 63003 2942238 8754 0 898
cpu 0 271370 45 48309 2908665 10429 0 1162
cpu 3 268272 0 78517 2910929 7977 0 598
cpu 2 262984 0 75579 2917359 9806 0 193
cpu 5 267388 0 79849 2912142 7882 0 456
cpu 4 264010 1 80494 2913493 8344 0 115
cpu 7 210026 0 77414 2972350 7033 0 542
cpu 6 257598 0 78514 2923322 8224 0 330
cpu 9 196752 0 54984 3006169 8056 0 378
cpu 8 198012 0 62528 2998808 6641 0 340
mem 1 99033092 94223784 4809308 597660 3521484 172 0 3875808 2858492 243456 13388 0 0 177212 4096 0 0
mem 0 97636988 61573484 36063504 634584 34265432 220 0 34420720 1913320 482800 12212 0 0 464548 4096 0 0
net lo 0 0 4301050 0 0 0 0 0 0 0 0 0 34058 0 4301050 0 0 0 0 0 0 34058 0
net vnet47 0 0 93928 0 0 0 0 0 0 0 0 0 398 0 61719 0 0 0 0 0 0 408 0
net vnet46 0 0 48262 0 0 0 0 0 0 0 0 0 275 0 55655 0 0 0 0 0 0 320 0
net eno1 0 163926 40342546551 0 0 389 0 0 0 0 0 0 30410667 0 1246753595 0 0 0 0 0 0 5986206 0
net virbr0 0 867 9965370035 0 0 0 0 0 0 0 0 0 39743752 0 38384432835 0 0 0 0 0 0 23530401 0
numa 1 122550796 18781169 10118603 29535 122506457 18825491
numa 0 121772794 10118603 18781169 29710 121771075 10119880
ps - 505887422 453877 342 443 478 6 758
sysv_shm - 0 0
tmpfs /run/lock 0 6
tmpfs /run 2125824 1105
tmpfs /run/user/20029 0 20
tmpfs /run/qemu 0 1
tmpfs /dev/shm 37615767552 105394
vfs - 133975 8464 186665
vm - 4 26118724 440479054 255356 1617408 271824200 316821885 87560077 6649481 228659145 57333 0 0 0 0 0 1811072 0 311878 5997 0 1618264 98 0 3 0 0

1778478004.252007 0 node0.mimesys-workload.ldos-ut-pg0.wisc.cloudlab.us
block sda 667944 214111 52230239 360358 2720000 17787106 880959317 13081843 0 2447440 13730674
block sdb 509 0 7540 473 4 0 0 0 0 600 474
cpu 11 205497 0 57786 2996943 7414 0 5
cpu 10 231716 2 52689 2976902 9528 0 6
cpu 13 200147 0 53432 3007232 6921 0 5
cpu 12 203959 0 52325 3004823 7679 0 2
cpu 15 177871 2 50919 3032132 6809 0 4
cpu 14 171341 0 52283 3038002 6971 0 6
cpu 17 153928 0 50238 3057003 7000 0 2
cpu 16 163999 0 48627 3050545 5963 0 2
cpu 19 135620 0 38032 3089046 6226 0 1
cpu 18 181359 5 37221 3044040 6502 0 2
cpu 1 248057 0 63005 2942338 8754 0 898
cpu 0 271370 45 48313 2908764 10429 0 1162
cpu 3 268272 0 78519 2911029 7977 0 598
cpu 2 262986 0 75581 2917460 9806 0 193
cpu 5 267389 0 79851 2912243 7882 0 456
cpu 4 264011 1 80496 2913594 8344 0 115
cpu 7 210029 0 77416 2972450 7033 0 542
cpu 6 257598 0 78516 2923424 8224 0 330
cpu 9 196806 0 54994 3006210 8056 0 378
cpu 8 198076 0 62541 2998832 6641 0 340
mem 1 99033092 94219532 4813560 597672 3523152 184 0 3876088 2857964 244872 13656 0 0 177204 4096 0 0
mem 0 97636988 61571216 36065772 634556 34263236 244 0 34421028 1913532 480240 11792 0 0 464476 4096 0 0
net lo 0 0 4301607 0 0 0 0 0 0 0 0 0 34062 0 4301607 0 0 0 0 0 0 34062 0
net vnet47 0 0 95796 0 0 0 0 0 0 0 0 0 408 0 62717 0 0 0 0 0 0 417 0
net vnet46 0 0 48262 0 0 0 0 0 0 0 0 0 275 0 55655 0 0 0 0 0 0 320 0
net eno1 0 163926 40342552428 0 0 389 0 0 0 0 0 0 30410757 0 1246753940 0 0 0 0 0 0 5986209 0
net virbr0 0 867 9965371763 0 0 0 0 0 0 0 0 0 39743762 0 38384433833 0 0 0 0 0 0 23530410 0
numa 1 122558329 18781169 10118603 29535 122513990 18825491
numa 0 121778792 10118603 18781169 29710 121777073 10119880
ps - 505899350 454003 342 443 478 3 761
sysv_shm - 0 0
tmpfs /run/lock 0 6
tmpfs /run 2125824 1105
tmpfs /run/user/20029 0 20
tmpfs /run/qemu 0 1
tmpfs /dev/shm 37615767552 105394
vfs - 133973 8544 186645
vm - 4 26118852 440479658 255356 1617408 271837729 316835682 87560085 6649481 228681410 57333 0 0 0 0 0 1811072 0 311878 5997 0 1618264 98 0 3 0 0

1778478005.292576 0 node0.mimesys-workload.ldos-ut-pg0.wisc.cloudlab.us
block sda 667944 214111 52230239 360358 2720037 17787128 880959845 13081865 0 2447452 13730696
block sdb 509 0 7540 473 4 0 0 0 0 600 474
cpu 11 205528 0 57787 2997012 7414 0 5
cpu 10 231739 2 52691 2976977 9528 0 6
cpu 13 200172 0 53434 3007307 6921 0 5
cpu 12 203976 0 52327 3004904 7679 0 2
cpu 15 177887 2 50920 3032216 6809 0 4
cpu 14 171362 0 52286 3038081 6971 0 6
cpu 17 153930 0 50241 3057103 7000 0 2
cpu 16 164002 0 48628 3050644 5963 0 2
cpu 19 135622 0 38038 3089142 6226 0 1
cpu 18 181360 5 37224 3044139 6502 0 2
cpu 1 248065 0 63008 2942432 8754 0 898
cpu 0 271373 45 48315 2908862 10429 0 1162
cpu 3 268274 0 78523 2911129 7977 0 598
cpu 2 262990 0 75582 2917559 9806 0 193
cpu 5 267391 0 79853 2912343 7882 0 456
cpu 4 264013 1 80498 2913695 8344 0 115
cpu 7 210031 0 77418 2972550 7033 0 542
cpu 6 257602 0 78517 2923523 8224 0 330
cpu 9 196840 0 54997 3006275 8056 0 378
cpu 8 198097 0 62546 2998909 6641 0 340
mem 1 99033092 94215504 4817588 597688 3523088 144 0 3876216 2858808 244636 13716 0 0 177156 4096 0 0
mem 0 97636988 61565420 36071568 634568 34264612 184 0 34421036 1913532 481688 11672 0 0 464516 4096 0 0
net lo 0 0 4302774 0 0 0 0 0 0 0 0 0 34070 0 4302774 0 0 0 0 0 0 34070 0
net vnet47 0 0 99002 0 0 0 0 0 0 0 0 0 426 0 66459 0 0 0 0 0 0 430 0
net vnet46 0 0 48262 0 0 0 0 0 0 0 0 0 275 0 55777 0 0 0 0 0 0 322 0
net eno1 0 163937 40342559239 0 0 389 0 0 0 0 0 0 30410861 0 1246754386 0 0 0 0 0 0 5986213 0
net virbr0 0 868 9965374717 0 0 0 0 0 0 0 0 0 39743780 0 38384437523 0 0 0 0 0 0 23530422 0
numa 1 122564895 18781169 10118603 29535 122520556 18825491
numa 0 121787516 10118603 18781169 29710 121785797 10119880
ps - 505909043 454134 342 443 478 6 756
sysv_shm - 0 0
tmpfs /run/lock 0 6
tmpfs /run 2125824 1105
tmpfs /run/user/20029 0 20
tmpfs /run/qemu 0 1
tmpfs /dev/shm 37615767552 105394
vfs - 133992 8264 186765
vm - 4 26118852 440479922 255356 1617408 271853046 316850653 87560088 6649481 228705346 57333 0 0 0 0 0 1811072 0 311878 5997 0 1618264 98 0 3 0 0

1778478006.333902 0 node0.mimesys-workload.ldos-ut-pg0.wisc.cloudlab.us
block sda 667946 214111 52230375 360360 2720116 17787128 880960597 13081877 0 2447472 13730710
block sdb 509 0 7540 473 4 0 0 0 0 600 474
cpu 11 205562 0 57788 2997077 7414 0 5
cpu 10 231774 2 52697 2977037 9528 0 6
cpu 13 200192 0 53442 3007382 6921 0 5
cpu 12 204009 0 52328 3004970 7679 0 2
cpu 15 177920 2 50925 3032278 6809 0 4
cpu 14 171424 0 52294 3038114 6971 0 6
cpu 17 153930 0 50244 3057204 7000 0 2
cpu 16 164004 0 48630 3050746 5963 0 2
cpu 19 135625 0 38042 3089239 6226 0 1
cpu 18 181362 5 37226 3044240 6502 0 2
cpu 1 248066 0 63010 2942532 8754 0 898
cpu 0 271375 45 48318 2908961 10429 0 1162
cpu 3 268275 0 78525 2911229 7977 0 598
cpu 2 262990 0 75584 2917660 9806 0 193
cpu 5 267392 0 79854 2912444 7882 0 456
cpu 4 264014 1 80501 2913795 8344 0 115
cpu 7 210034 0 77419 2972650 7033 0 542
cpu 6 257604 0 78518 2923623 8224 0 330
cpu 9 196900 0 55002 3006317 8056 0 378
cpu 8 198149 0 62549 2998960 6641 0 340
mem 1 99033092 94214244 4818848 613708 3505968 16 0 3876236 2858044 243496 13616 0 0 177052 4096 0 0
mem 0 97636988 61560132 36076856 643072 34256316 4 0 34421036 1913976 481780 12008 0 0 464508 4096 0 0
net lo 0 0 4303331 0 0 0 0 0 0 0 0 0 34074 0 4303331 0 0 0 0 0 0 34074 0
net vnet47 0 0 100936 0 0 0 0 0 0 0 0 0 437 0 67457 0 0 0 0 0 0 439 0
net vnet46 0 0 48262 0 0 0 0 0 0 0 0 0 275 0 55777 0 0 0 0 0 0 322 0
net eno1 0 163937 40342565416 0 0 389 0 0 0 0 0 0 30410956 0 1246754731 0 0 0 0 0 0 5986216 0
net virbr0 0 868 9965376497 0 0 0 0 0 0 0 0 0 39743791 0 38384438521 0 0 0 0 0 0 23530431 0
numa 1 122570310 18781169 10118603 29535 122525971 18825491
numa 0 121796041 10118603 18781169 29710 121794322 10119880
ps - 505922033 454261 347 442 477 4 756
sysv_shm - 0 0
tmpfs /run/lock 0 6
tmpfs /run 2125824 1105
tmpfs /run/user/20029 0 20
tmpfs /run/qemu 0 1
tmpfs /dev/shm 37615767552 105394
vfs - 133990 8344 186770
vm - 4 26118920 440480298 255356 1617408 271866960 316864921 87566478 6649481 228727860 57334 0 0 0 0 0 1811072 0 311878 5997 0 1618264 98 0 3 0 0

1778478007.370928 0 node0.mimesys-workload.ldos-ut-pg0.wisc.cloudlab.us
block sda 667950 214111 52230687 360362 2720118 17787128 880960613 13081878 0 2447480 13730713
block sdb 509 0 7540 473 4 0 0 0 0 600 474
cpu 11 205610 0 57792 2997131 7414 0 5
cpu 10 231861 2 52701 2977052 9528 0 6
cpu 13 200224 0 53443 3007447 6921 0 5
cpu 12 204054 0 52332 3005024 7679 0 2
cpu 15 177951 2 50927 3032348 6809 0 4
cpu 14 171456 0 52296 3038182 6971 0 6
cpu 17 153932 0 50246 3057305 7000 0 2
cpu 16 164007 0 48632 3050844 5963 0 2
cpu 19 135625 0 38044 3089341 6226 0 1
cpu 18 181365 5 37228 3044339 6502 0 2
cpu 1 248069 0 63014 2942630 8754 0 898
cpu 0 271378 45 48320 2909060 10429 0 1162
cpu 3 268277 0 78526 2911330 7977 0 598
cpu 2 262992 0 75588 2917758 9806 0 193
cpu 5 267394 0 79856 2912543 7882 0 456
cpu 4 264018 1 80507 2913890 8344 0 115
cpu 7 210037 0 77420 2972747 7033 0 542
cpu 6 257605 0 78522 2923723 8224 0 330
cpu 9 196908 0 55003 3006409 8056 0 378
cpu 8 198168 0 62552 2999043 6641 0 340
mem 1 99033092 94226128 4806964 616132 3503288 104 0 3876252 2858060 243296 13476 0 0 177068 4096 0 0
mem 0 97636988 61569092 36067896 644324 34254940 144 0 34421100 1913980 481644 11932 0 0 464580 4096 0 0
net lo 0 0 4304498 0 0 0 0 0 0 0 0 0 34082 0 4304498 0 0 0 0 0 0 34082 0
net vnet47 0 0 106039 0 0 0 0 0 0 0 0 0 465 0 72313 0 0 0 0 0 0 462 0
net vnet46 0 0 48262 0 0 0 0 0 0 0 0 0 275 0 55829 0 0 0 0 0 0 323 0
net eno1 0 163945 40342571927 0 0 389 0 0 0 0 0 0 30411055 0 1246755177 0 0 0 0 0 0 5986220 0
net virbr0 0 868 9965381208 0 0 0 0 0 0 0 0 0 39743819 0 38384443325 0 0 0 0 0 0 23530453 0
numa 1 122575607 18781169 10118603 29535 122531268 18825491
numa 0 121805781 10118603 18781169 29710 121804062 10119880
ps - 505932081 454390 347 442 477 3 756
sysv_shm - 0 0
tmpfs /run/lock 0 6
tmpfs /run 2125824 1105
tmpfs /run/user/20029 0 20
tmpfs /run/qemu 0 1
tmpfs /dev/shm 37615767552 105394
vfs - 133973 8424 186634
vm - 4 26119076 440480306 255356 1617408 271881996 316879948 87567311 6649481 228752300 57334 0 0 0 0 0 1811072 0 311878 5997 0 1618264 98 0 3 0 0

1778478008.413398 0 node0.mimesys-workload.ldos-ut-pg0.wisc.cloudlab.us
block sda 667950 214111 52230687 360362 2720122 17787128 880960805 13081879 0 2447484 13730714
block sdb 509 0 7540 473 4 0 0 0 0 600 474
cpu 11 205658 0 57796 2997182 7414 0 5
cpu 10 231894 2 52703 2977118 9528 0 6
cpu 13 200246 0 53445 3007526 6921 0 5
cpu 12 204073 0 52335 3005102 7679 0 2
cpu 15 178016 2 50935 3032379 6809 0 4
cpu 14 171475 0 52298 3038263 6971 0 6
cpu 17 153933 0 50247 3057407 7000 0 2
cpu 16 164008 0 48633 3050946 5963 0 2
cpu 19 135626 0 38050 3089439 6226 0 1
cpu 18 181370 5 37230 3044436 6502 0 2
cpu 1 248072 0 63015 2942731 8754 0 898
cpu 0 271381 45 48322 2909157 10429 0 1162
cpu 3 268278 0 78528 2911431 7977 0 598
cpu 2 262995 0 75590 2917857 9806 0 193
cpu 5 267394 0 79857 2912645 7882 0 456
cpu 4 264019 1 80508 2913991 8344 0 115
cpu 7 210040 0 77424 2972845 7033 0 542
cpu 6 257608 0 78526 2923819 8224 0 330
cpu 9 196950 0 55004 3006468 8056 0 378
cpu 8 198204 0 62553 2999108 6641 0 340
mem 1 99033092 94223008 4810084 618912 3500808 124 0 3876252 2858768 243620 13556 0 0 177132 4096 0 0
mem 0 97636988 61565816 36071172 645444 34255096 184 0 34421104 1913536 482936 12044 0 0 464716 4096 0 0
net lo 0 0 4305665 0 0 0 0 0 0 0 0 0 34090 0 4305665 0 0 0 0 0 0 34090 0
net vnet47 0 0 109175 0 0 0 0 0 0 0 0 0 482 0 76003 0 0 0 0 0 0 474 0
net vnet46 0 0 48262 0 0 0 0 0 0 0 0 0 275 0 55829 0 0 0 0 0 0 323 0
net eno1 0 163945 40342578345 0 0 390 0 0 0 0 0 0 30411151 0 1246755677 0 0 0 0 0 0 5986225 0
net virbr0 0 868 9965384106 0 0 0 0 0 0 0 0 0 39743836 0 38384447015 0 0 0 0 0 0 23530465 0
numa 1 122581146 18781169 10118603 29535 122536807 18825491
numa 0 121815534 10118603 18781169 29710 121813815 10119880
ps - 505943006 454521 347 442 477 8 758
sysv_shm - 0 0
tmpfs /run/lock 0 6
tmpfs /run 2125824 1105
tmpfs /run/user/20029 0 20
tmpfs /run/qemu 0 1
tmpfs /dev/shm 37615767552 105394
vfs - 133991 8424 186751
vm - 4 26119076 440480402 255356 1617408 271897307 316894763 87568206 6649481 228778213 57334 0 0 0 0 0 1811072 0 311878 5997 0 1618264 98 0 3 0 0

1778478009.454362 0 node0.mimesys-workload.ldos-ut-pg0.wisc.cloudlab.us
block sda 667952 214111 52230879 360363 2720122 17787128 880960805 13081879 0 2447496 13730715
block sdb 509 0 7540 473 4 0 0 0 0 600 474
cpu 11 205698 0 57802 2997242 7414 0 5
cpu 10 231948 2 52706 2977164 9528 0 6
cpu 13 200293 0 53448 3007580 6921 0 5
cpu 12 204123 0 52340 3005150 7679 0 2
cpu 15 178078 2 50937 3032417 6809 0 4
cpu 14 171542 0 52305 3038292 6971 0 6
cpu 17 153934 0 50248 3057508 7000 0 2
cpu 16 164009 0 48635 3051047 5963 0 2
cpu 19 135628 0 38053 3089538 6226 0 1
cpu 18 181371 5 37232 3044537 6502 0 2
cpu 1 248073 0 63017 2942830 8754 0 898
cpu 0 271383 45 48325 2909255 10429 0 1162
cpu 3 268279 0 78530 2911532 7977 0 598
cpu 2 262996 0 75594 2917956 9806 0 193
cpu 5 267395 0 79860 2912745 7882 0 456
cpu 4 264020 1 80508 2914092 8344 0 115
cpu 7 210043 0 77426 2972945 7033 0 542
cpu 6 257611 0 78532 2923915 8224 0 330
cpu 9 197027 0 55005 3006494 8056 0 378
cpu 8 198223 0 62555 2999190 6641 0 340
mem 1 99033092 94220488 4812604 620832 3499244 136 0 3876252 2858060 243972 13724 0 0 177120 4096 0 0
mem 0 97636988 61562800 36074188 646280 34252524 192 0 34421168 1913540 481112 11792 0 0 464764 4096 0 0
net lo 0 0 4306222 0 0 0 0 0 0 0 0 0 34094 0 4306222 0 0 0 0 0 0 34094 0
net vnet47 0 0 111043 0 0 0 0 0 0 0 0 0 492 0 77053 0 0 0 0 0 0 484 0
net vnet46 0 0 48262 0 0 0 0 0 0 0 0 0 275 0 55881 0 0 0 0 0 0 324 0
net eno1 0 163952 40342583802 0 0 390 0 0 0 0 0 0 30411235 0 1246756022 0 0 0 0 0 0 5986228 0
net virbr0 0 868 9965385834 0 0 0 0 0 0 0 0 0 39743846 0 38384448013 0 0 0 0 0 0 23530474 0
numa 1 122587828 18781169 10118603 29535 122543489 18825491
numa 0 121822718 10118603 18781169 29710 121820999 10119880
ps - 505953774 454646 347 442 477 6 756
sysv_shm - 0 0
tmpfs /run/lock 0 6
tmpfs /run 2125824 1105
tmpfs /run/user/20029 0 20
tmpfs /run/qemu 0 1
tmpfs /dev/shm 37615767552 105394
vfs - 133990 8504 186771
vm - 4 26119172 440480402 255356 1617408 271911154 316909071 87568838 6649481 228801003 57335 0 0 0 0 0 1811072 0 311878 5997 0 1618264 98 0 3 0 0

1778478010.493777 0 node0.mimesys-workload.ldos-ut-pg0.wisc.cloudlab.us
block sda 667952 214111 52230879 360363 2720146 17787143 880961149 13081892 0 2447520 13730729
block sdb 509 0 7540 473 4 0 0 0 0 600 474
cpu 11 205735 0 57806 2997301 7414 0 5
cpu 10 231977 2 52708 2977235 9528 0 6
cpu 13 200341 0 53452 3007629 6921 0 5
cpu 12 204172 0 52340 3005200 7679 0 2
cpu 15 178158 2 50938 3032438 6809 0 4
cpu 14 171584 0 52310 3038347 6971 0 6
cpu 17 153934 0 50251 3057610 7000 0 2
cpu 16 164010 0 48637 3051148 5963 0 2
cpu 19 135629 0 38055 3089639 6226 0 1
cpu 18 181377 5 37234 3044634 6502 0 2
cpu 1 248077 0 63020 2942927 8754 0 898
cpu 0 271385 45 48328 2909353 10429 0 1162
cpu 3 268280 0 78533 2911632 7977 0 598
cpu 2 262999 0 75598 2918054 9806 0 193
cpu 5 267398 0 79863 2912841 7882 0 456
cpu 4 264023 1 80510 2914191 8344 0 115
cpu 7 210044 0 77428 2973046 7033 0 542
cpu 6 257612 0 78534 2924015 8224 0 330
cpu 9 197088 0 55009 3006532 8056 0 378
cpu 8 198233 0 62557 2999281 6641 0 340
mem 1 99033092 94215956 4817136 621020 3501696 168 0 3878256 2860816 244660 14184 0 0 177024 4096 0 0
mem 0 97636988 61556760 36080228 646356 34254376 240 0 34421180 1914124 482956 11732 0 0 464636 4096 0 0
net lo 0 0 4307389 0 0 0 0 0 0 0 0 0 34102 0 4307389 0 0 0 0 0 0 34102 0
net vnet47 0 0 114823 0 0 0 0 0 0 0 0 0 507 0 80795 0 0 0 0 0 0 497 0
net vnet46 0 0 48262 0 0 0 0 0 0 0 0 0 275 0 55933 0 0 0 0 0 0 325 0
net eno1 0 163963 40342590193 0 0 390 0 0 0 0 0 0 30411332 0 1246756468 0 0 0 0 0 0 5986232 0
net virbr0 0 868 9965389404 0 0 0 0 0 0 0 0 0 39743861 0 38384451703 0 0 0 0 0 0 23530486 0
numa 1 122593499 18781169 10118603 29535 122549160 18825491
numa 0 121832759 10118603 18781169 29710 121831040 10119880
ps - 505964648 454774 347 442 477 9 756
sysv_shm - 0 0
tmpfs /run/lock 0 6
tmpfs /run 2125824 1105
tmpfs /run/user/20029 0 20
tmpfs /run/qemu 0 1
tmpfs /dev/shm 37615767552 105394
vfs - 133975 8544 186637
vm - 4 26119172 440480574 255356 1617408 271926870 316923635 87568885 6649481 228826779 57335 0 0 0 0 0 1811072 0 311878 5997 0 1618264 98 0 3 0 0

1778478011.534391 0 node0.mimesys-workload.ldos-ut-pg0.wisc.cloudlab.us
block sda 667956 214111 52230967 360364 2720152 17787143 880961173 13081893 0 2447536 13730731
block sdb 509 0 7540 473 4 0 0 0 0 600 474
cpu 11 205758 0 57810 2997379 7414 0 5
cpu 10 231997 2 52715 2977311 9528 0 6
cpu 13 200383 0 53457 3007685 6921 0 5
cpu 12 204190 0 52343 3005280 7679 0 2
cpu 15 178235 2 50944 3032460 6809 0 4
cpu 14 171608 0 52315 3038421 6972 0 6
cpu 17 153935 0 50253 3057711 7000 0 2
cpu 16 164010 0 48639 3051249 5963 0 2
cpu 19 135632 0 38058 3089736 6226 0 1
cpu 18 181379 5 37236 3044734 6502 0 2
cpu 1 248082 0 63021 2943024 8754 0 898
cpu 0 271389 45 48331 2909449 10429 0 1162
cpu 3 268288 0 78534 2911727 7977 0 598
cpu 2 263003 0 75600 2918151 9806 0 193
cpu 5 267407 0 79864 2912937 7882 0 456
cpu 4 264027 1 80512 2914289 8344 0 115
cpu 7 210047 0 77430 2973144 7033 0 542
cpu 6 257617 0 78537 2924111 8224 0 330
cpu 9 197127 0 55009 3006597 8056 0 378
cpu 8 198244 0 62559 2999372 6641 0 340
mem 1 99033092 94150940 4882152 624248 3562636 164 0 3943520 2925328 244140 14076 0 0 177200 4096 0 0
mem 0 97636988 61549204 36087784 648452 34257380 232 0 34427328 1919728 481960 11948 0 0 464572 4096 0 0
net lo 0 0 4307946 0 0 0 0 0 0 0 0 0 34106 0 4307946 0 0 0 0 0 0 34106 0
net vnet47 0 0 115915 0 0 0 0 0 0 0 0 0 517 0 81793 0 0 0 0 0 0 506 0
net vnet46 0 0 48262 0 0 0 0 0 0 0 0 0 275 0 55933 0 0 0 0 0 0 325 0
net eno1 0 163963 40342596070 0 0 390 0 0 0 0 0 0 30411422 0 1246756813 0 0 0 0 0 0 5986235 0
net virbr0 0 868 9965390356 0 0 0 0 0 0 0 0 0 39743871 0 38384452701 0 0 0 0 0 0 23530495 0
numa 1 122615748 18781169 10118603 29535 122571409 18825491
numa 0 121841790 10118603 18781169 29710 121840071 10119880
ps - 505973687 454897 351 441 477 3 754
sysv_shm - 0 0
tmpfs /run/lock 0 6
tmpfs /run 2125824 1105
tmpfs /run/user/20029 0 20
tmpfs /run/qemu 0 1
tmpfs /dev/shm 37615767552 105394
vfs - 133987 8504 186751
vm - 4 26119216 440480586 255356 1617408 271958194 316937393 87570216 6649481 228872145 57335 0 0 0 0 0 1811072 0 311878 5997 0 1618264 98 0 3 0 0

1778478012.572841 0 node0.mimesys-workload.ldos-ut-pg0.wisc.cloudlab.us
block sda 667956 214111 52230967 360364 2720239 17787143 880961973 13081912 0 2447540 13730750
block sdb 509 0 7540 473 4 0 0 0 0 600 474
cpu 11 205770 0 57810 2997468 7414 0 5
cpu 10 232015 2 52720 2977391 9528 0 6
cpu 13 200409 0 53460 3007761 6921 0 5
cpu 12 204200 0 52346 3005367 7679 0 2
cpu 15 178297 2 50960 3032487 6809 0 4
cpu 14 171629 0 52320 3038498 6972 0 6
cpu 17 153936 0 50254 3057811 7000 0 2
cpu 16 164011 0 48641 3051350 5963 0 2
cpu 19 135633 0 38064 3089833 6226 0 1
cpu 18 181381 5 37237 3044834 6502 0 2
cpu 1 248084 0 63024 2943123 8754 0 898
cpu 0 271391 45 48334 2909548 10429 0 1162
cpu 3 268290 0 78536 2911827 7977 0 598
cpu 2 263004 0 75602 2918252 9806 0 193
cpu 5 267411 0 79866 2913035 7882 0 456
cpu 4 264028 1 80513 2914390 8344 0 115
cpu 7 210048 0 77433 2973244 7033 0 542
cpu 6 257618 0 78540 2924210 8224 0 330
cpu 9 197154 0 55015 3006666 8056 0 378
cpu 8 198259 0 62565 2999455 6641 0 340
mem 1 99033092 94034276 4998816 626772 3670392 84 0 4053416 3035224 244004 14128 0 0 177016 4096 0 0
mem 0 97636988 61524520 36112468 648964 34277380 128 0 34448364 1940504 481464 12132 0 0 464596 4096 0 0
net lo 0 0 4309113 0 0 0 0 0 0 0 0 0 34114 0 4309113 0 0 0 0 0 0 34114 0
net vnet47 0 0 120721 0 0 0 0 0 0 0 0 0 541 0 86533 0 0 0 0 0 0 528 0
net vnet46 0 0 48262 0 0 0 0 0 0 0 0 0 275 0 55985 0 0 0 0 0 0 326 0
net eno1 0 163972 40342602341 0 0 390 0 0 0 0 0 0 30411517 0 1246757259 0 0 0 0 0 0 5986239 0
net virbr0 0 868 9965394826 0 0 0 0 0 0 0 0 0 39743895 0 38384457389 0 0 0 0 0 0 23530516 0
numa 1 122649157 18781169 10118603 29535 122604818 18825491
numa 0 121856650 10118603 18781169 29710 121854931 10119880
ps - 505982999 455026 351 441 477 2 754
sysv_shm - 0 0
tmpfs /run/lock 0 6
tmpfs /run 2125824 1105
tmpfs /run/user/20029 0 20
tmpfs /run/qemu 0 1
tmpfs /dev/shm 37615767552 105394
vfs - 133988 8464 186759
vm - 4 26119216 440480986 255356 1617408 272006437 316952526 87571560 6649481 228944319 57335 0 0 0 0 0 1811072 0 311878 5997 0 1618264 98 0 3 0 0

1778478013.611449 0 node0.mimesys-workload.ldos-ut-pg0.wisc.cloudlab.us
block sda 667957 214111 52231039 360365 2720312 17787143 881042237 13082297 0 2447664 13731136
block sdb 509 0 7540 473 4 0 0 0 0 600 474
cpu 11 205773 0 57814 2997561 7418 0 5
cpu 10 232024 2 52726 2977476 9533 0 6
cpu 13 200420 0 53463 3007848 6923 0 5
cpu 12 204206 0 52349 3005458 7679 0 2
cpu 15 178306 2 50970 3032571 6811 0 4
cpu 14 171639 0 52322 3038587 6972 0 6
cpu 17 153938 0 50256 3057912 7000 0 2
cpu 16 164014 0 48643 3051449 5963 0 2
cpu 19 135634 0 38066 3089935 6226 0 1
cpu 18 181383 5 37238 3044934 6502 0 2
cpu 1 248086 0 63028 2943221 8754 0 898
cpu 0 271392 45 48336 2909648 10429 0 1162
cpu 3 268291 0 78537 2911928 7977 0 598
cpu 2 263005 0 75603 2918352 9806 0 193
cpu 5 267412 0 79868 2913136 7882 0 456
cpu 4 264029 1 80514 2914491 8344 0 115
cpu 7 210049 0 77436 2973342 7033 0 542
cpu 6 257618 0 78542 2924311 8224 0 330
cpu 9 197171 0 55018 3006749 8056 0 378
cpu 8 198335 0 62580 2999467 6641 0 340
mem 1 99033092 94040876 4992216 631328 3669276 120 0 4055920 3038492 244776 14504 0 0 177024 4096 0 0
mem 0 97636988 61372060 36264928 651068 34423052 168 0 34595952 2088268 481668 12544 0 0 464540 4096 0 0
net lo 0 0 4310280 0 0 0 0 0 0 0 0 0 34122 0 4310280 0 0 0 0 0 0 34122 0
net vnet47 0 0 123857 0 0 0 0 0 0 0 0 0 558 0 90223 0 0 0 0 0 0 540 0
net vnet46 0 0 48262 0 0 0 0 0 0 0 0 0 275 0 55985 0 0 0 0 0 0 326 0
net eno1 0 163972 40342609473 0 0 390 0 0 0 0 0 0 30411621 0 1246757705 0 0 0 0 0 0 5986243 0
net virbr0 0 868 9965397724 0 0 0 0 0 0 0 0 0 39743912 0 38384461079 0 0 0 0 0 0 23530528 0
numa 1 122657046 18781169 10118603 29535 122612707 18825491
numa 0 121901216 10118603 18781169 29710 121899497 10119880
ps - 505991147 455154 351 441 477 6 754
sysv_shm - 0 0
tmpfs /run/lock 0 6
tmpfs /run 2125824 1105
tmpfs /run/user/20029 0 20
tmpfs /run/qemu 0 1
tmpfs /dev/shm 37615767552 105394
vfs - 133973 8544 186625
vm - 4 26119252 440521118 255356 1617408 272058921 316967109 87572649 6649481 229022394 57336 0 0 0 0 0 1811072 0 311878 5997 0 1618264 98 0 3 0 0

1778478014.651321 0 node0.mimesys-workload.ldos-ut-pg0.wisc.cloudlab.us
block sda 667961 214111 52231095 360422 2720470 17787144 881349037 13088231 2 2448096 13737127
block sdb 509 0 7540 473 4 0 0 0 0 600 474
cpu 11 205794 0 57816 2997618 7439 0 5
cpu 10 232032 2 52731 2977551 9546 0 6
cpu 13 200430 0 53466 3007907 6953 0 5
cpu 12 204218 0 52354 3005530 7695 0 2
cpu 15 178314 2 50974 3032642 6830 0 4
cpu 14 171646 0 52324 3038665 6983 0 6
cpu 17 153940 0 50257 3058013 7000 0 2
cpu 16 164014 0 48645 3051549 5963 0 2
cpu 19 135634 0 38070 3090033 6226 0 1
cpu 18 181385 5 37241 3045034 6502 0 2
cpu 1 248088 0 63029 2943320 8754 0 898
cpu 0 271393 45 48338 2909747 10429 0 1162
cpu 3 268293 0 78538 2912029 7977 0 598
cpu 2 263007 0 75604 2918453 9806 0 193
cpu 5 267414 0 79870 2913235 7882 0 456
cpu 4 264030 1 80517 2914591 8344 0 115
cpu 7 210051 0 77437 2973441 7033 0 542
cpu 6 257621 0 78542 2924411 8224 0 330
cpu 9 197183 0 55020 3006839 8056 0 378
cpu 8 198394 0 62590 2999491 6650 0 340
mem 1 99033092 94031440 5001652 632004 3673804 128 0 4062108 3043916 243820 14860 0 0 177120 4096 0 0
mem 0 97636988 61310452 36326536 651388 34495372 184 0 34669436 2161748 481280 12516 0 0 464468 4096 0 0
net lo 0 0 4310837 0 0 0 0 0 0 0 0 0 34126 0 4310837 0 0 0 0 0 0 34126 0
net vnet47 0 0 125725 0 0 0 0 0 0 0 0 0 568 0 91273 0 0 0 0 0 0 550 0
net vnet46 0 0 48262 0 0 0 0 0 0 0 0 0 275 0 56037 0 0 0 0 0 0 327 0
net eno1 0 163983 40342615710 0 0 390 0 0 0 0 0 0 30411717 0 1246758050 0 0 0 0 0 0 5986246 0
net virbr0 0 868 9965399452 0 0 0 0 0 0 0 0 0 39743922 0 38384462077 0 0 0 0 0 0 23530537 0
numa 1 122665296 18781169 10118603 29535 122620957 18825491
numa 0 121926221 10118603 18781169 29710 121924502 10119880
ps - 505999259 455277 351 441 477 2 747
sysv_shm - 0 0
tmpfs /run/lock 0 6
tmpfs /run 2125824 1105
tmpfs /run/user/20029 0 20
tmpfs /run/qemu 0 1
tmpfs /dev/shm 37615767552 105394
vfs - 133986 8544 186701
vm - 4 26119280 440735006 255356 1617408 272092126 316980988 87572910 6649481 229071717 57336 0 0 0 0 0 1811072 0 311878 5997 0 1618264 98 0 3 0 0

1778478015.691814 0 node0.mimesys-workload.ldos-ut-pg0.wisc.cloudlab.us
block sda 667968 214141 52231559 360426 2720660 17787690 881505045 13095676 0 2448360 13744577
block sdb 509 0 7540 473 4 0 0 0 0 600 474
cpu 11 205829 0 57820 2997673 7449 0 5
cpu 10 232075 2 52742 2977584 9561 0 6
cpu 13 200466 0 53483 3007942 6968 0 5
cpu 12 204285 0 52362 3005558 7695 0 2
cpu 15 178357 2 50985 3032679 6842 0 4
cpu 14 171693 0 52333 3038701 6997 0 6
cpu 17 153940 0 50259 3058115 7000 0 2
cpu 16 164015 0 48646 3051651 5963 0 2
cpu 19 135637 0 38074 3090131 6226 0 1
cpu 18 181386 5 37243 3045135 6502 0 2
cpu 1 248090 0 63033 2943418 8754 0 898
cpu 0 271396 45 48341 2909828 10445 0 1162
cpu 3 268293 0 78540 2912128 7978 0 598
cpu 2 263008 0 75607 2918553 9806 0 193
cpu 5 267417 0 79873 2913334 7882 0 456
cpu 4 264031 1 80520 2914691 8344 0 115
cpu 7 210054 0 77441 2973522 7048 0 542
cpu 6 257624 0 78544 2924511 8224 0 330
cpu 9 197224 0 55035 3006871 8071 0 378
cpu 8 198440 0 62603 2999532 6651 0 340
mem 1 99033092 93950576 5082516 632048 3754112 176 0 4141816 3124432 244160 14964 0 0 177160 4096 0 0
mem 0 97636988 61198324 36438664 651532 34606432 276 0 34778884 2271036 482596 12728 0 0 464372 4096 0 0
net lo 0 0 4312560 0 0 0 0 0 0 0 0 0 34140 0 4312560 0 0 0 0 0 0 34140 0
net vnet47 0 0 130231 0 0 0 0 0 0 0 0 0 590 0 95535 0 0 0 0 0 0 566 0
net vnet46 0 0 48262 0 0 0 0 0 0 0 0 0 275 0 56037 0 0 0 0 0 0 327 0
net eno1 0 163983 40342621861 0 0 390 0 0 0 0 0 0 30411810 0 1246758557 0 0 0 0 0 0 5986251 0
net virbr0 0 868 9965403650 0 0 0 0 0 0 0 0 0 39743944 0 38384466339 0 0 0 0 0 0 23530553 0
numa 1 122691680 18781169 10118603 29535 122647341 18825491
numa 0 121963254 10118603 18781169 29710 121961535 10119880
ps - 506009713 455410 351 441 477 7 751
sysv_shm - 0 0
tmpfs /run/lock 0 6
tmpfs /run 2125824 1105
tmpfs /run/user/20029 0 20
tmpfs /run/qemu 0 1
tmpfs /dev/shm 37615767552 105394
vfs - 133990 8544 186743
vm - 4 26119512 440752522 255356 1617408 272155629 316995782 87572915 6649481 229143407 57338 0 0 0 0 0 1811072 0 311878 5997 0 1618264 98 0 3 0 0

1778478016.731090 0 node0.mimesys-workload.ldos-ut-pg0.wisc.cloudlab.us
block sda 667968 214141 52231559 360426 2720775 17787692 881506437 13095710 0 2448404 13744612
block sdb 509 0 7540 473 4 0 0 0 0 600 474
cpu 11 205893 0 57822 2997710 7449 0 5
cpu 10 232132 2 52747 2977626 9561 0 6
cpu 13 200528 0 53483 3007984 6968 0 5
cpu 12 204344 0 52376 3005591 7696 0 2
cpu 15 178426 2 50992 3032707 6842 0 4
cpu 14 171728 0 52350 3038751 6997 0 6
cpu 17 153940 0 50261 3058215 7000 0 2
cpu 16 164016 0 48648 3051752 5963 0 2
cpu 19 135638 0 38076 3090232 6226 0 1
cpu 18 181387 5 37245 3045236 6502 0 2
cpu 1 248090 0 63036 2943516 8754 0 898
cpu 0 271398 45 48343 2909927 10445 0 1162
cpu 3 268295 0 78543 2912228 7978 0 598
cpu 2 263009 0 75610 2918653 9806 0 193
cpu 5 267418 0 79876 2913434 7882 0 456
cpu 4 264032 1 80522 2914791 8344 0 115
cpu 7 210056 0 77443 2973622 7048 0 542
cpu 6 257625 0 78545 2924611 8224 0 330
cpu 9 197289 0 55052 3006892 8071 0 378
cpu 8 198456 0 62607 2999615 6651 0 340
mem 1 99033092 93901116 5131976 632048 3816116 144 0 4204396 3186204 243960 15008 0 0 177184 4096 0 0
mem 0 97636988 61092620 36544368 651580 34721812 244 0 34894824 2387764 482116 13212 0 0 464580 4096 0 0
net lo 0 0 4313727 0 0 0 0 0 0 0 0 0 34148 0 4313727 0 0 0 0 0 0 34148 0
net vnet47 0 0 130729 0 0 0 0 0 0 0 0 0 595 0 96013 0 0 0 0 0 0 572 0
net vnet46 0 0 48262 0 0 0 0 0 0 0 0 0 275 0 56089 0 0 0 0 0 0 328 0
net eno1 0 163995 40342628464 0 0 390 0 0 0 0 0 0 30411906 0 1246759003 0 0 0 0 0 0 5986255 0
net virbr0 0 868 9965404078 0 0 0 0 0 0 0 0 0 39743949 0 38384466765 0 0 0 0 0 0 23530558 0
numa 1 122711753 18781169 10118603 29535 122667414 18825491
numa 0 122001201 10118603 18781169 29710 121999482 10119880
ps - 506016969 455537 363 442 477 4 754
sysv_shm - 0 0
tmpfs /run/lock 0 6
tmpfs /run 2125824 1105
tmpfs /run/user/20029 0 20
tmpfs /run/qemu 0 1
tmpfs /dev/shm 37615767552 105394
vfs - 133981 8624 186646
vm - 4 26119512 440753218 255356 1617408 272213604 317009668 87572921 6649481 229209244 57338 0 0 0 0 0 1811072 0 311878 5997 0 1618264 98 0 3 0 0

1778478017.772059 0 node0.mimesys-workload.ldos-ut-pg0.wisc.cloudlab.us
block sda 667968 214141 52231559 360426 2720779 17787692 881506453 13095710 0 2448412 13744613
block sdb 509 0 7540 473 4 0 0 0 0 600 474
cpu 11 205918 0 57824 2997784 7449 0 5
cpu 10 232154 2 52749 2977703 9561 0 6
cpu 13 200562 0 53485 3008052 6968 0 5
cpu 12 204384 0 52377 3005653 7696 0 2
cpu 15 178492 2 51000 3032737 6842 0 4
cpu 14 171745 0 52352 3038831 6997 0 6
cpu 17 153941 0 50264 3058317 7000 0 2
cpu 16 164016 0 48650 3051854 5963 0 2
cpu 19 135640 0 38080 3090330 6226 0 1
cpu 18 181388 5 37246 3045338 6502 0 2
cpu 1 248095 0 63037 2943614 8754 0 898
cpu 0 271404 45 48344 2910024 10445 0 1162
cpu 3 268296 0 78546 2912326 7978 0 598
cpu 2 263010 0 75613 2918754 9806 0 193
cpu 5 267419 0 79878 2913534 7882 0 456
cpu 4 264032 1 80524 2914893 8344 0 115
cpu 7 210057 0 77444 2973723 7048 0 542
cpu 6 257625 0 78547 2924713 8224 0 330
cpu 9 197316 0 55057 3006962 8071 0 378
cpu 8 198476 0 62611 2999691 6651 0 340
mem 1 99033092 93896080 5137012 632052 3815848 92 0 4204484 3186292 243604 15080 0 0 177248 4096 0 0
mem 0 97636988 61087080 36549908 651576 34720956 152 0 34894824 2386876 481216 13164 0 0 464428 4096 0 0
net lo 0 0 4314284 0 0 0 0 0 0 0 0 0 34152 0 4314284 0 0 0 0 0 0 34152 0
net vnet47 0 0 135601 0 0 0 0 0 0 0 0 0 620 0 100701 0 0 0 0 0 0 593 0
net vnet46 0 0 48262 0 0 0 0 0 0 0 0 0 275 0 56089 0 0 0 0 0 0 328 0
net eno1 0 163995 40342634161 0 0 390 0 0 0 0 0 0 30411993 0 1246759348 0 0 0 0 0 0 5986258 0
net virbr0 0 868 9965408600 0 0 0 0 0 0 0 0 0 39743974 0 38384471453 0 0 0 0 0 0 23530579 0
numa 1 122717519 18781169 10118603 29535 122673180 18825491
numa 0 122009892 10118603 18781169 29710 122008173 10119880
ps - 506027184 455662 363 442 477 2 751
sysv_shm - 0 0
tmpfs /run/lock 0 6
tmpfs /run 2125824 1105
tmpfs /run/user/20029 0 20
tmpfs /run/qemu 0 1
tmpfs /dev/shm 37615767552 105394
vfs - 133986 8624 186746
vm - 4 26119512 440753226 255356 1617408 272228019 317024571 87572923 6649481 229231812 57338 0 0 0 0 0 1811072 0 311878 5997 0 1618264 98 0 3 0 0

1778478018.812174 0 node0.mimesys-workload.ldos-ut-pg0.wisc.cloudlab.us
block sda 667970 214141 52231575 360426 2721117 17787695 881511381 13095765 0 2448440 13744668
block sdb 509 0 7540 473 4 0 0 0 0 600 474
cpu 11 205967 0 57829 2997834 7449 0 5
cpu 10 232193 2 52751 2977765 9562 0 6
cpu 13 200611 0 53491 3008100 6968 0 5
cpu 12 204411 0 52379 3005727 7696 0 2
cpu 15 178524 2 51004 3032800 6842 0 4
cpu 14 171774 0 52354 3038902 6998 0 6
cpu 17 153946 0 50265 3058414 7000 0 2
cpu 16 164017 0 48653 3051955 5963 0 2
cpu 19 135642 0 38085 3090427 6226 0 1
cpu 18 181388 5 37248 3045439 6502 0 2
cpu 1 248098 0 63039 2943714 8754 0 898
cpu 0 271405 45 48347 2910123 10445 0 1162
cpu 3 268298 0 78548 2912426 7978 0 598
cpu 2 263012 0 75616 2918851 9806 0 193
cpu 5 267422 0 79884 2913630 7882 0 456
cpu 4 264032 1 80527 2914993 8344 0 115
cpu 7 210058 0 77448 2973823 7048 0 542
cpu 6 257626 0 78550 2924814 8224 0 330
cpu 9 197377 0 55060 3007002 8072 0 378
cpu 8 198485 0 62614 2999783 6652 0 340
mem 1 99033092 93891052 5142040 632040 3815940 116 0 4204484 3187104 243592 14956 0 0 177360 4096 0 0
mem 0 97636988 61082808 36554180 651588 34722852 176 0 34894832 2386876 483176 13304 0 0 464412 4096 0 0
net lo 0 0 4315451 0 0 0 0 0 0 0 0 0 34160 0 4315451 0 0 0 0 0 0 34160 0
net vnet47 0 0 138737 0 0 0 0 0 0 0 0 0 637 0 104443 0 0 0 0 0 0 606 0
net vnet46 0 0 48262 0 0 0 0 0 0 0 0 0 275 0 56141 0 0 0 0 0 0 329 0
net eno1 0 164008 40342640912 0 0 390 0 0 0 0 0 0 30412096 0 1246759794 0 0 0 0 0 0 5986262 0
net virbr0 0 868 9965411498 0 0 0 0 0 0 0 0 0 39743991 0 38384475143 0 0 0 0 0 0 23530591 0
numa 1 122723966 18781169 10118603 29535 122679627 18825491
numa 0 122019350 10118603 18781169 29710 122017631 10119880
ps - 506040080 455795 363 442 477 5 751
sysv_shm - 0 0
tmpfs /run/lock 0 6
tmpfs /run 2125824 1105
tmpfs /run/user/20029 0 20
tmpfs /run/qemu 0 1
tmpfs /dev/shm 37615767552 105394
vfs - 133990 8704 186779
vm - 4 26119520 440755690 255356 1617408 272243924 317040095 87573006 6649481 229256153 57338 0 0 0 0 0 1811072 0 311878 5997 0 1618264 98 0 3 0 0

1778478019.854317 0 node0.mimesys-workload.ldos-ut-pg0.wisc.cloudlab.us
block sda 667970 214141 52231575 360426 2721117 17787695 881511381 13095765 0 2448440 13744668
block sdb 509 0 7540 473 4 0 0 0 0 600 474
cpu 11 205988 0 57832 2997913 7449 0 5
cpu 10 232214 2 52755 2977844 9562 0 6
cpu 13 200630 0 53493 3008181 6968 0 5
cpu 12 204437 0 52381 3005803 7696 0 2
cpu 15 178556 2 51007 3032869 6842 0 4
cpu 14 171797 0 52356 3038978 6998 0 6
cpu 17 153948 0 50266 3058515 7000 0 2
cpu 16 164018 0 48654 3052056 5963 0 2
cpu 19 135642 0 38087 3090529 6226 0 1
cpu 18 181389 5 37250 3045539 6502 0 2
cpu 1 248098 0 63040 2943815 8754 0 898
cpu 0 271406 45 48349 2910224 10445 0 1162
cpu 3 268298 0 78551 2912528 7978 0 598
cpu 2 263012 0 75618 2918951 9806 0 193
cpu 5 267422 0 79885 2913732 7882 0 456
cpu 4 264032 1 80529 2915095 8344 0 115
cpu 7 210059 0 77450 2973924 7048 0 542
cpu 6 257626 0 78552 2924916 8224 0 330
cpu 9 197396 0 55064 3007083 8072 0 378
cpu 8 198494 0 62618 2999874 6652 0 340
mem 1 99033092 93901580 5131512 632780 3814932 132 0 4204596 3186396 243208 14904 0 0 177376 4096 0 0
mem 0 97636988 61081800 36555188 652068 34720708 184 0 34894832 2386876 481408 13176 0 0 464468 4096 0 0
net lo 0 0 4316008 0 0 0 0 0 0 0 0 0 34164 0 4316008 0 0 0 0 0 0 34164 0
net vnet47 0 0 140605 0 0 0 0 0 0 0 0 0 647 0 105441 0 0 0 0 0 0 615 0
net vnet46 0 0 48262 0 0 0 0 0 0 0 0 0 275 0 56141 0 0 0 0 0 0 329 0
net eno1 0 164008 40342647629 0 0 390 0 0 0 0 0 0 30412200 0 1246760139 0 0 0 0 0 0 5986265 0
net virbr0 0 868 9965413226 0 0 0 0 0 0 0 0 0 39744001 0 38384476141 0 0 0 0 0 0 23530600 0
numa 1 122729717 18781169 10118603 29535 122685378 18825491
numa 0 122026958 10118603 18781169 29710 122025239 10119880
ps - 506048027 455918 363 442 477 1 751
sysv_shm - 0 0
tmpfs /run/lock 0 6
tmpfs /run 2125824 1105
tmpfs /run/user/20029 0 20
tmpfs /run/qemu 0 1
tmpfs /dev/shm 37615771648 105394
vfs - 133971 8624 186626
vm - 4 26119520 440755690 255356 1617408 272257283 317053810 87573231 6649481 229277572 57338 0 0 0 0 0 1811072 0 311878 5997 0 1618264 98 0 3 0 0

1778478020.893929 0 node0.mimesys-workload.ldos-ut-pg0.wisc.cloudlab.us
block sda 667979 214141 52232055 360429 2721127 17787711 881511589 13095768 0 2448472 13744674
block sdb 509 0 7540 473 4 0 0 0 0 600 474
cpu 11 206008 0 57835 2997990 7449 0 5
cpu 10 232240 2 52759 2977916 9562 0 6
cpu 13 200645 0 53498 3008263 6968 0 5
cpu 12 204480 0 52384 3005862 7696 0 2
cpu 15 178586 2 51009 3032941 6842 0 4
cpu 14 171824 0 52357 3039050 6998 0 6
cpu 17 153952 0 50268 3058613 7000 0 2
cpu 16 164018 0 48656 3052158 5963 0 2
cpu 19 135644 0 38090 3090627 6226 0 1
cpu 18 181390 5 37252 3045640 6502 0 2
cpu 1 248101 0 63044 2943911 8754 0 898
cpu 0 271408 45 48350 2910323 10445 0 1162
cpu 3 268299 0 78553 2912628 7978 0 598
cpu 2 263014 0 75622 2919050 9806 0 193
cpu 5 267423 0 79887 2913833 7882 0 456
cpu 4 264033 1 80532 2915195 8344 0 115
cpu 7 210061 0 77452 2974023 7048 0 542
cpu 6 257627 0 78552 2925017 8224 0 330
cpu 9 197427 0 55071 3007147 8072 0 378
cpu 8 198517 0 62621 2999951 6652 0 340
mem 1 99033092 93896820 5136272 633032 3815064 180 0 4204604 3187124 243548 14976 0 0 177440 4096 0 0
mem 0 97636988 61091284 36545704 652232 34721660 228 0 34894844 2386880 482544 13184 0 0 464420 4096 0 0
net lo 0 0 4317175 0 0 0 0 0 0 0 0 0 34172 0 4317175 0 0 0 0 0 0 34172 0
net vnet47 0 0 145111 0 0 0 0 0 0 0 0 0 669 0 109755 0 0 0 0 0 0 632 0
net vnet46 0 0 48262 0 0 0 0 0 0 0 0 0 275 0 56193 0 0 0 0 0 0 330 0
net eno1 0 164020 40342653720 0 0 390 0 0 0 0 0 0 30412292 0 1246760585 0 0 0 0 0 0 5986269 0
net virbr0 0 868 9965417424 0 0 0 0 0 0 0 0 0 39744023 0 38384480403 0 0 0 0 0 0 23530616 0
numa 1 122735942 18781169 10118603 29535 122691603 18825491
numa 0 122035785 10118603 18781169 29710 122034066 10119880
ps - 506056723 456046 363 442 477 3 751
sysv_shm - 0 0
tmpfs /run/lock 0 6
tmpfs /run 2125824 1105
tmpfs /run/user/20029 0 20
tmpfs /run/qemu 0 1
tmpfs /dev/shm 37615775744 105394
vfs - 133988 8704 186748
vm - 4 26119760 440755794 255356 1617408 272272335 317068393 87573344 6649481 229301374 57338 0 0 0 0 0 1811072 0 311878 5997 0 1618264 98 0 3 0 0

1778478021.932172 0 node0.mimesys-workload.ldos-ut-pg0.wisc.cloudlab.us
block sda 667979 214141 52232055 360429 2721217 17787712 881512389 13095790 0 2448480 13744697
block sdb 509 0 7540 473 4 0 0 0 0 600 474
cpu 11 206015 0 57839 2998078 7449 0 5
cpu 10 232284 2 52766 2977969 9562 0 6
cpu 13 200661 0 53502 3008345 6968 0 5
cpu 12 204499 0 52387 3005945 7696 0 2
cpu 15 178624 2 51015 3033001 6842 0 4
cpu 14 171849 0 52359 3039126 6998 0 6
cpu 17 153952 0 50270 3058714 7000 0 2
cpu 16 164019 0 48657 3052259 5963 0 2
cpu 19 135644 0 38096 3090725 6226 0 1
cpu 18 181390 5 37255 3045741 6502 0 2
cpu 1 248102 0 63046 2944011 8754 0 898
cpu 0 271409 45 48353 2910423 10445 0 1162
cpu 3 268301 0 78554 2912729 7978 0 598
cpu 2 263016 0 75624 2919150 9806 0 193
cpu 5 267424 0 79890 2913933 7882 0 456
cpu 4 264036 1 80532 2915295 8344 0 115
cpu 7 210062 0 77454 2974124 7048 0 542
cpu 6 257628 0 78556 2925118 8224 0 330
cpu 9 197440 0 55077 3007232 8072 0 378
cpu 8 198542 0 62623 3000027 6652 0 340
mem 1 99033092 93893296 5139796 633400 3814752 176 0 4204616 3186404 243676 15112 0 0 177540 4096 0 0
mem 0 97636988 61102756 36534232 652424 34720320 196 0 34894848 2386880 481412 13036 0 0 464420 4096 0 0
net lo 0 0 4317732 0 0 0 0 0 0 0 0 0 34176 0 4317732 0 0 0 0 0 0 34176 0
net vnet47 0 0 145675 0 0 0 0 0 0 0 0 0 675 0 110181 0 0 0 0 0 0 637 0
net vnet46 0 0 48262 0 0 0 0 0 0 0 0 0 275 0 56193 0 0 0 0 0 0 330 0
net eno1 0 164020 40342660755 0 0 390 0 0 0 0 0 0 30412396 0 1246760930 0 0 0 0 0 0 5986272 0
net virbr0 0 868 9965417904 0 0 0 0 0 0 0 0 0 39744029 0 38384480829 0 0 0 0 0 0 23530621 0
numa 1 122741636 18781169 10118603 29535 122697297 18825491
numa 0 122043479 10118603 18781169 29710 122041760 10119880
ps - 506069358 456169 358 440 476 2 751
sysv_shm - 0 0
tmpfs /run/lock 0 6
tmpfs /run 2125824 1105
tmpfs /run/user/20029 0 20
tmpfs /run/qemu 0 1
tmpfs /dev/shm 37615779840 105395
vfs - 133989 8624 186764
vm - 4 26119760 440756194 255356 1617408 272285723 317082197 87573476 6649481 229322679 57338 0 0 0 0 0 1811072 0 311878 5997 0 1618264 98 0 3 0 0

1778478022.971843 0 node0.mimesys-workload.ldos-ut-pg0.wisc.cloudlab.us
block sda 667982 214141 52232343 360431 2721217 17787712 881512389 13095790 0 2448488 13744698
block sdb 509 0 7540 473 4 0 0 0 0 600 474
cpu 11 206058 0 57845 2998132 7449 0 5
cpu 10 232321 2 52770 2978030 9562 0 6
cpu 13 200691 0 53505 3008414 6968 0 5
cpu 12 204542 0 52391 3005998 7696 0 2
cpu 15 178656 2 51018 3033068 6842 0 4
cpu 14 171883 0 52360 3039191 6998 0 6
cpu 17 153954 0 50271 3058816 7000 0 2
cpu 16 164020 0 48658 3052361 5963 0 2
cpu 19 135644 0 38098 3090827 6226 0 1
cpu 18 181396 5 37256 3045838 6502 0 2
cpu 1 248103 0 63050 2944111 8754 0 898
cpu 0 271410 45 48357 2910521 10445 0 1162
cpu 3 268303 0 78556 2912830 7978 0 598
cpu 2 263017 0 75626 2919250 9806 0 193
cpu 5 267426 0 79893 2914033 7882 0 456
cpu 4 264036 1 80535 2915396 8344 0 115
cpu 7 210062 0 77456 2974226 7048 0 542
cpu 6 257631 0 78558 2925216 8224 0 330
cpu 9 197480 0 55081 3007289 8072 0 378
cpu 8 198571 0 62626 3000097 6652 0 340
mem 1 99033092 93904064 5129028 633528 3815528 104 0 4205176 3187256 244048 15204 0 0 177564 4096 0 0
mem 0 97636988 61129996 36506992 652480 34719528 144 0 34894868 2386896 480696 13056 0 0 464500 4096 0 0
net lo 0 0 4318899 0 0 0 0 0 0 0 0 0 34184 0 4318899 0 0 0 0 0 0 34184 0
net vnet47 0 0 150679 0 0 0 0 0 0 0 0 0 702 0 114921 0 0 0 0 0 0 659 0
net vnet46 0 0 48262 0 0 0 0 0 0 0 0 0 275 0 56245 0 0 0 0 0 0 331 0
net eno1 0 164028 40342667506 0 0 390 0 0 0 0 0 0 30412499 0 1246761376 0 0 0 0 0 0 5986276 0
net virbr0 0 868 9965422530 0 0 0 0 0 0 0 0 0 39744056 0 38384485517 0 0 0 0 0 0 23530642 0
numa 1 122748375 18781169 10118603 29535 122704036 18825491
numa 0 122051952 10118603 18781169 29710 122050233 10119880
ps - 506079856 456298 358 440 476 3 751
sysv_shm - 0 0
tmpfs /run/lock 0 6
tmpfs /run 2125824 1105
tmpfs /run/user/20029 0 20
tmpfs /run/qemu 0 1
tmpfs /dev/shm 37615779840 105395
vfs - 133972 8624 186628
vm - 4 26119904 440756194 255356 1617408 272300943 317097298 87573527 6649481 229346555 57338 0 0 0 0 0 1811072 0 311878 5997 0 1618264 98 0 3 0 0

1778478024.010455 0 node0.mimesys-workload.ldos-ut-pg0.wisc.cloudlab.us
block sda 667982 214141 52232343 360431 2721221 17787712 881512629 13095791 0 2448492 13744699
block sdb 509 0 7540 473 4 0 0 0 0 600 474
cpu 11 206078 0 57847 2998214 7449 0 5
cpu 10 232404 2 52780 2978041 9562 0 6
cpu 13 200716 0 53507 3008494 6968 0 5
cpu 12 204574 0 52393 3006067 7696 0 2
cpu 15 178674 2 51020 3033146 6842 0 4
cpu 14 171896 0 52362 3039278 6998 0 6
cpu 17 153954 0 50274 3058917 7000 0 2
cpu 16 164021 0 48659 3052462 5963 0 2
cpu 19 135650 0 38103 3090921 6226 0 1
cpu 18 181396 5 37258 3045939 6502 0 2
cpu 1 248104 0 63052 2944212 8754 0 898
cpu 0 271412 45 48359 2910620 10445 0 1162
cpu 3 268305 0 78557 2912929 7978 0 598
cpu 2 263020 0 75630 2919347 9806 0 193
cpu 5 267427 0 79896 2914133 7882 0 456
cpu 4 264039 1 80537 2915493 8344 0 115
cpu 7 210064 0 77457 2974327 7048 0 542
cpu 6 257632 0 78559 2925317 8224 0 330
cpu 9 197490 0 55086 3007377 8072 0 378
cpu 8 198598 0 62628 3000170 6652 0 340
mem 1 99033092 93816908 5216184 633492 3898488 112 0 4288856 3271152 243260 15164 0 0 177596 4096 0 0
mem 0 97636988 61123948 36513040 652524 34722660 168 0 34894868 2386652 483360 13216 0 0 464460 4096 0 0
net lo 0 0 4320066 0 0 0 0 0 0 0 0 0 34192 0 4320066 0 0 0 0 0 0 34192 0
net vnet47 0 0 153815 0 0 0 0 0 0 0 0 0 719 0 118611 0 0 0 0 0 0 671 0
net vnet46 0 0 48262 0 0 0 0 0 0 0 0 0 275 0 56315 0 0 0 0 0 0 332 0
net eno1 0 164028 40342673597 0 0 390 0 0 0 0 0 0 30412591 0 1246761822 0 0 0 0 0 0 5986280 0
net virbr0 0 868 9965425428 0 0 0 0 0 0 0 0 0 39744073 0 38384489207 0 0 0 0 0 0 23530654 0
numa 1 122775830 18781169 10118603 29535 122731491 18825491
numa 0 122061012 10118603 18781169 29710 122059293 10119880
ps - 506085648 456426 358 440 476 3 751
sysv_shm - 0 0
tmpfs /run/lock 0 6
tmpfs /run 2125824 1105
tmpfs /run/user/20029 0 20
tmpfs /run/qemu 0 1
tmpfs /dev/shm 37615779840 105395
vfs - 133989 8544 186750
vm - 4 26119904 440756314 255356 1617408 272337475 317111865 87573532 6649481 229391406 57338 0 0 0 0 0 1811072 0 311878 5997 0 1618264 98 0 3 0 0

1778478025.050174 0 node0.mimesys-workload.ldos-ut-pg0.wisc.cloudlab.us
block sda 667982 214141 52232343 360431 2721225 17787726 881512773 13095792 0 2448496 13744700
block sdb 509 0 7540 473 4 0 0 0 0 600 474
cpu 11 206104 0 57850 2998288 7449 0 5
cpu 10 232498 2 52790 2978041 9562 0 6
cpu 13 200730 0 53508 3008578 6968 0 5
cpu 12 204592 0 52396 3006150 7696 0 2
cpu 15 178692 2 51020 3033228 6842 0 4
cpu 14 171930 0 52363 3039346 6998 0 6
cpu 17 153955 0 50276 3059019 7000 0 2
cpu 16 164022 0 48660 3052563 5963 0 2
cpu 19 135652 0 38106 3091018 6226 0 1
cpu 18 181398 5 37260 3046040 6502 0 2
cpu 1 248105 0 63054 2944312 8754 0 898
cpu 0 271416 45 48360 2910717 10445 0 1162
cpu 3 268306 0 78558 2913030 7978 0 598
cpu 2 263021 0 75632 2919449 9806 0 193
cpu 5 267429 0 79897 2914233 7882 0 456
cpu 4 264039 1 80539 2915594 8344 0 115
cpu 7 210064 0 77459 2974428 7048 0 542
cpu 6 257633 0 78561 2925418 8224 0 330
cpu 9 197502 0 55088 3007465 8072 0 378
cpu 8 198604 0 62628 3000265 6652 0 340
mem 1 99033092 93734252 5298840 633520 3977688 128 0 4367672 3349524 243532 15376 0 0 177796 4096 0 0
mem 0 97636988 61121432 36515556 652504 34720376 204 0 34895352 2387376 481008 13108 0 0 464608 4096 0 0
net lo 0 0 4320623 0 0 0 0 0 0 0 0 0 34196 0 4320623 0 0 0 0 0 0 34196 0
net vnet47 0 0 155683 0 0 0 0 0 0 0 0 0 729 0 119661 0 0 0 0 0 0 681 0
net vnet46 0 0 48262 0 0 0 0 0 0 0 0 0 275 0 56367 0 0 0 0 0 0 333 0
net eno1 0 164038 40342679474 0 0 390 0 0 0 0 0 0 30412681 0 1246762209 0 0 0 0 0 0 5986284 0
net virbr0 0 868 9965427156 0 0 0 0 0 0 0 0 0 39744083 0 38384490205 0 0 0 0 0 0 23530663 0
numa 1 122801187 18781169 10118603 29535 122756848 18825491
numa 0 122068635 10118603 18781169 29710 122066916 10119880
ps - 506091197 456549 358 440 476 2 744
sysv_shm - 0 0
tmpfs /run/lock 0 6
tmpfs /run 2125824 1105
tmpfs /run/user/20029 0 20
tmpfs /run/qemu 0 1
tmpfs /dev/shm 37615779840 105395
vfs - 133989 8464 186722
vm - 4 26119904 440756386 255356 1617408 272370444 317125653 87573533 6649481 229431869 57338 0 0 0 0 0 1811072 0 311878 5997 0 1618264 98 0 3 0 0

1778478026.089324 0 node0.mimesys-workload.ldos-ut-pg0.wisc.cloudlab.us
block sda 667982 214141 52232343 360431 2721228 17787726 881512797 13095794 0 2448500 13744703
block sdb 509 0 7540 473 4 0 0 0 0 600 474
cpu 11 206127 0 57852 2998366 7449 0 5
cpu 10 232555 2 52796 2978080 9562 0 6
cpu 13 200771 0 53512 3008636 6968 0 5
cpu 12 204633 0 52405 3006203 7696 0 2
cpu 15 178716 2 51022 3033307 6842 0 4
cpu 14 171950 0 52365 3039424 6998 0 6
cpu 17 153955 0 50278 3059120 7000 0 2
cpu 16 164023 0 48662 3052664 5963 0 2
cpu 19 135653 0 38106 3091120 6226 0 1
cpu 18 181402 5 37262 3046137 6502 0 2
cpu 1 248108 0 63056 2944411 8754 0 898
cpu 0 271418 45 48364 2910812 10445 0 1162
cpu 3 268310 0 78562 2913127 7978 0 598
cpu 2 263022 0 75634 2919547 9806 0 193
cpu 5 267429 0 79900 2914334 7882 0 456
cpu 4 264042 1 80542 2915693 8344 0 115
cpu 7 210066 0 77460 2974529 7048 0 542
cpu 6 257636 0 78564 2925516 8224 0 330
cpu 9 197516 0 55091 3007552 8072 0 378
cpu 8 198615 0 62631 3000356 6652 0 340
mem 1 99033092 93662180 5370912 633508 4047868 168 0 4437684 3420280 243932 15528 0 0 177676 4096 0 0
mem 0 97636988 61116644 36520344 652528 34722528 252 0 34895632 2387712 482916 13272 0 0 464564 4096 0 0
net lo 0 0 4321790 0 0 0 0 0 0 0 0 0 34204 0 4321790 0 0 0 0 0 0 34204 0
net vnet47 0 0 159661 0 0 0 0 0 0 0 0 0 747 0 123421 0 0 0 0 0 0 694 0
net vnet46 0 0 48332 0 0 0 0 0 0 0 0 0 276 0 56367 0 0 0 0 0 0 333 0
net eno1 0 164038 40342685745 0 0 390 0 0 0 0 0 0 30412776 0 1246762655 0 0 0 0 0 0 5986288 0
net virbr0 0 869 9965430938 0 0 0 0 0 0 0 0 0 39744102 0 38384493895 0 0 0 0 0 0 23530675 0
numa 1 122825891 18781169 10118603 29535 122781552 18825491
numa 0 122080309 10118603 18781169 29710 122078590 10119880
ps - 506099431 456720 369 441 476 17 735
sysv_shm - 0 0
tmpfs /run/lock 0 6
tmpfs /run 2125824 1105
tmpfs /run/user/20029 0 20
tmpfs /run/qemu 0 1
tmpfs /dev/shm 37615779840 105395
vfs - 133987 8504 186559
vm - 4 26119904 440756398 255356 1617408 272407147 317144454 87573551 6649481 229479522 57338 0 0 0 0 0 1811072 0 311878 5997 0 1618264 98 0 3 0 0

1778478027.130546 0 node0.mimesys-workload.ldos-ut-pg0.wisc.cloudlab.us
block sda 667988 214141 52232645 360433 2721236 17787727 881512869 13095801 0 2448512 13744711
block sdb 509 0 7540 473 4 0 0 0 0 600 474
cpu 11 206149 0 57857 2998442 7449 0 5
cpu 10 232568 2 52801 2978166 9562 0 6
cpu 13 200790 0 53517 3008716 6968 0 5
cpu 12 204667 0 52408 3006269 7696 0 2
cpu 15 178738 2 51026 3033386 6842 0 4
cpu 14 171974 0 52370 3039497 6998 0 6
cpu 17 153956 0 50282 3059219 7000 0 2
cpu 16 164025 0 48666 3052763 5963 0 2
cpu 19 135656 0 38111 3091216 6226 0 1
cpu 18 181404 5 37266 3046236 6502 0 2
cpu 1 248110 0 63059 2944511 8754 0 898
cpu 0 271420 45 48367 2910911 10445 0 1162
cpu 3 268312 0 78565 2913226 7978 0 598
cpu 2 263023 0 75638 2919646 9806 0 193
cpu 5 267431 0 79902 2914433 7882 0 456
cpu 4 264043 1 80545 2915793 8344 0 115
cpu 7 210066 0 77464 2974629 7048 0 542
cpu 6 257636 0 78568 2925615 8224 0 330
cpu 9 197578 0 55100 3007583 8072 0 378
cpu 8 198646 0 62634 3000425 6652 0 340
mem 1 99033092 93651356 5381736 633564 4053344 156 0 4442424 3424232 244228 15648 0 0 177796 4096 0 0
mem 0 97636988 61104684 36532304 652600 34744592 236 0 34919416 2413204 481176 12936 0 0 464536 4096 0 0
net lo 0 0 4322347 0 0 0 0 0 0 0 0 0 34208 0 4322347 0 0 0 0 0 0 34208 0
net vnet47 0 0 160786 0 0 0 0 0 0 0 0 0 757 0 124587 0 0 0 0 0 0 705 0
net vnet46 0 0 48332 0 0 0 0 0 0 0 0 0 276 0 56419 0 0 0 0 0 0 334 0
net eno1 0 164047 40342691640 0 0 390 0 0 0 0 0 0 30412861 0 1246763000 0 0 0 0 0 0 5986291 0
net virbr0 0 869 9965431923 0 0 0 0 0 0 0 0 0 39744112 0 38384495009 0 0 0 0 0 0 23530685 0
numa 1 122838062 18781169 10118603 29535 122793723 18825491
numa 0 122095407 10118603 18781169 29710 122093688 10119880
ps - 506109958 456901 369 441 476 13 737
sysv_shm - 0 0
tmpfs /run/lock 0 6
tmpfs /run 2125824 1105
tmpfs /run/user/20029 0 20
tmpfs /run/qemu 0 1
tmpfs /dev/shm 37615824896 105402
vfs - 133984 8464 186568
vm - 4 26120055 440756434 255356 1617408 272434229 317164472 87573565 6649481 229518185 57338 0 0 0 0 0 1811072 0 311878 5997 0 1618264 98 0 3 0 0

1778478028.159391 0 node0.mimesys-workload.ldos-ut-pg0.wisc.cloudlab.us
block sda 667989 214141 52232773 360434 2721328 17787727 881513685 13095811 0 2448524 13744722
block sdb 509 0 7540 473 4 0 0 0 0 600 474
cpu 11 206171 0 57864 2998513 7449 0 5
cpu 10 232620 2 52813 2978204 9562 0 6
cpu 13 200834 0 53522 3008768 6968 0 5
cpu 12 204703 0 52412 3006329 7696 0 2
cpu 15 178768 2 51028 3033453 6842 0 4
cpu 14 171995 0 52374 3039570 6998 0 6
cpu 17 153957 0 50285 3059318 7000 0 2
cpu 16 164025 0 48668 3052862 5963 0 2
cpu 19 135658 0 38116 3091312 6226 0 1
cpu 18 181404 5 37268 3046336 6502 0 2
cpu 1 248111 0 63063 2944608 8754 0 898
cpu 0 271421 45 48370 2911010 10445 0 1162
cpu 3 268313 0 78568 2913325 7978 0 598
cpu 2 263025 0 75640 2919744 9806 0 193
cpu 5 267432 0 79903 2914533 7883 0 456
cpu 4 264044 1 80548 2915892 8344 0 115
cpu 7 210068 0 77465 2974729 7048 0 542
cpu 6 257638 0 78570 2925713 8224 0 330
cpu 9 197629 0 55104 3007629 8072 0 378
cpu 8 198695 0 62636 3000478 6652 0 340
mem 1 99033092 93608776 5424316 633556 4093448 84 0 4480944 3462680 246748 15700 0 0 177708 4096 0 0
mem 0 97636988 61090040 36546948 652604 34770456 124 0 34944096 2436108 482028 12996 0 0 464528 4096 0 0
net lo 0 0 4323514 0 0 0 0 0 0 0 0 0 34216 0 4323514 0 0 0 0 0 0 34216 0
net vnet47 0 0 165856 0 0 0 0 0 0 0 0 0 785 0 129275 0 0 0 0 0 0 726 0
net vnet46 0 0 48332 0 0 0 0 0 0 0 0 0 276 0 56419 0 0 0 0 0 0 334 0
net eno1 0 164047 40342698691 0 0 390 0 0 0 0 0 0 30412969 0 1246763446 0 0 0 0 0 0 5986295 0
net virbr0 0 869 9965436601 0 0 0 0 0 0 0 0 0 39744140 0 38384499697 0 0 0 0 0 0 23530706 0
numa 1 122855323 18781169 10118603 29535 122810984 18825491
numa 0 122109245 10118603 18781169 29710 122107526 10119880
ps - 506120220 457034 369 441 476 2 737
sysv_shm - 0 0
tmpfs /run/lock 0 6
tmpfs /run 2125824 1105
tmpfs /run/user/20029 0 20
tmpfs /run/qemu 0 1
tmpfs /dev/shm 37615833088 105402
vfs - 133979 8664 186554
vm - 4 26120119 440756842 255356 1617408 272465176 317179947 87573567 6649481 229557935 57339 0 0 0 0 0 1811072 0 311878 5997 0 1618264 98 0 3 0 0

1778478029.186908 0 node0.mimesys-workload.ldos-ut-pg0.wisc.cloudlab.us
block sda 667989 214141 52232773 360434 2721332 17787727 881514133 13095812 0 2448528 13744724
block sdb 509 0 7540 473 4 0 0 0 0 600 474
cpu 11 206208 0 57864 2998575 7449 0 5
cpu 10 232658 2 52815 2978266 9562 0 6
cpu 13 200845 0 53524 3008857 6968 0 5
cpu 12 204742 0 52414 3006390 7696 0 2
cpu 15 178827 2 51031 3033494 6842 0 4
cpu 14 172005 0 52376 3039661 6998 0 6
cpu 17 153958 0 50288 3059417 7000 0 2
cpu 16 164026 0 48670 3052962 5963 0 2
cpu 19 135662 0 38119 3091409 6226 0 1
cpu 18 181405 5 37270 3046435 6502 0 2
cpu 1 248114 0 63065 2944705 8754 0 898
cpu 0 271424 45 48375 2911104 10445 0 1162
cpu 3 268314 0 78570 2913424 7978 0 598
cpu 2 263026 0 75642 2919843 9806 0 193
cpu 5 267434 0 79906 2914632 7883 0 456
cpu 4 264046 1 80552 2915988 8344 0 115
cpu 7 210069 0 77466 2974829 7048 0 542
cpu 6 257639 0 78572 2925811 8224 0 330
cpu 9 197685 0 55106 3007674 8072 0 378
cpu 8 198743 0 62637 3000530 6652 0 340
mem 1 99033092 93620876 5412216 633552 4106888 112 0 4493740 3476360 245560 15616 0 0 177788 4096 0 0
mem 0 97636988 61079624 36557364 652624 34777540 164 0 34950396 2444128 482836 13264 0 0 464664 4096 0 0
net lo 0 0 4324681 0 0 0 0 0 0 0 0 0 34224 0 4324681 0 0 0 0 0 0 34224 0
net vnet47 0 0 168827 0 0 0 0 0 0 0 0 0 799 0 133133 0 0 0 0 0 0 740 0
net vnet46 0 0 48332 0 0 0 0 0 0 0 0 0 276 0 56471 0 0 0 0 0 0 335 0
net eno1 0 164059 40342704302 0 0 390 0 0 0 0 0 0 30413053 0 1246763892 0 0 0 0 0 0 5986299 0
net virbr0 0 869 9965439376 0 0 0 0 0 0 0 0 0 39744154 0 38384503503 0 0 0 0 0 0 23530719 0
numa 1 122865756 18781169 10118603 29535 122821417 18825491
numa 0 122119746 10118603 18781169 29710 122118027 10119880
ps - 506125840 457167 369 441 476 4 737
sysv_shm - 0 0
tmpfs /run/lock 0 6
tmpfs /run 2125824 1105
tmpfs /run/user/20029 0 20
tmpfs /run/qemu 0 1
tmpfs /dev/shm 37615833088 105402
vfs - 133980 8704 186548
vm - 4 26120119 440757066 255356 1617408 272486111 317195122 87573575 6649481 229587517 57339 0 0 0 0 0 1811072 0 311878 5997 0 1618264 98 0 3 0 0

1778478030.210080 0 node0.mimesys-workload.ldos-ut-pg0.wisc.cloudlab.us
block sda 667990 214141 52232901 360434 2721338 17787741 881514293 13095813 0 2448536 13744725
block sdb 509 0 7540 473 4 0 0 0 0 600 474
cpu 11 206229 0 57867 2998652 7449 0 5
cpu 10 232702 2 52818 2978321 9562 0 6
cpu 13 200892 0 53524 3008912 6968 0 5
cpu 12 204775 0 52416 3006455 7696 0 2
cpu 15 178858 2 51032 3033562 6842 0 4
cpu 14 172046 0 52378 3039721 6998 0 6
cpu 17 153958 0 50290 3059517 7000 0 2
cpu 16 164028 0 48672 3053060 5963 0 2
cpu 19 135664 0 38123 3091504 6226 0 1
cpu 18 181406 5 37272 3046534 6502 0 2
cpu 1 248115 0 63067 2944804 8754 0 898
cpu 0 271424 45 48377 2911202 10445 0 1162
cpu 3 268316 0 78572 2913523 7978 0 598
cpu 2 263028 0 75643 2919942 9806 0 193
cpu 5 267434 0 79907 2914732 7883 0 456
cpu 4 264046 1 80554 2916087 8344 0 115
cpu 7 210072 0 77468 2974926 7048 0 542
cpu 6 257640 0 78574 2925911 8224 0 330
cpu 9 197761 0 55113 3007692 8072 0 378
cpu 8 198788 0 62640 3000588 6652 0 340
mem 1 99033092 93611012 5422080 633552 4129152 124 0 4517612 3499344 244916 15892 0 0 177984 4096 0 0
mem 0 97636988 61025476 36611512 652620 34829776 184 0 35003492 2495500 482936 13352 0 0 464600 4096 0 0
net lo 0 0 4325238 0 0 0 0 0 0 0 0 0 34228 0 4325238 0 0 0 0 0 0 34228 0
net vnet47 0 0 170761 0 0 0 0 0 0 0 0 0 810 0 134131 0 0 0 0 0 0 749 0
net vnet46 0 0 48332 0 0 0 0 0 0 0 0 0 276 0 56471 0 0 0 0 0 0 335 0
net eno1 0 164059 40342710239 0 0 390 0 0 0 0 0 0 30413144 0 1246764237 0 0 0 0 0 0 5986302 0
net virbr0 0 869 9965441156 0 0 0 0 0 0 0 0 0 39744165 0 38384504501 0 0 0 0 0 0 23530728 0
numa 1 122877225 18781169 10118603 29535 122832886 18825491
numa 0 122140479 10118603 18781169 29710 122138760 10119880
ps - 506130879 457290 369 441 476 5 737
sysv_shm - 0 0
tmpfs /run/lock 0 6
tmpfs /run 2125824 1105
tmpfs /run/user/20029 0 20
tmpfs /run/qemu 0 1
tmpfs /dev/shm 37615833088 105402
vfs - 133979 8744 186554
vm - 4 26120183 440757146 255356 1617408 272518313 317208772 87573579 6649481 229627273 57340 0 0 0 0 0 1811072 0 311878 5997 0 1618264 98 0 3 0 0

1778478031.233634 0 node0.mimesys-workload.ldos-ut-pg0.wisc.cloudlab.us
block sda 667990 214141 52232901 360434 2721343 17787741 881514333 13095816 0 2448540 13744728
block sdb 509 0 7540 473 4 0 0 0 0 600 474
cpu 11 206253 0 57871 2998724 7449 0 5
cpu 10 232775 2 52821 2978348 9562 0 6
cpu 13 200963 0 53528 3008939 6968 0 5
cpu 12 204828 0 52420 3006499 7696 0 2
cpu 15 178900 2 51035 3033620 6842 0 4
cpu 14 172088 0 52382 3039777 6998 0 6
cpu 17 153958 0 50292 3059616 7000 0 2
cpu 16 164029 0 48674 3053160 5963 0 2
cpu 19 135670 0 38124 3091600 6226 0 1
cpu 18 181407 5 37274 3046633 6502 0 2
cpu 1 248116 0 63070 2944902 8754 0 898
cpu 0 271425 45 48380 2911300 10445 0 1162
cpu 3 268319 0 78576 2913618 7978 0 598
cpu 2 263030 0 75645 2920040 9806 0 193
cpu 5 267436 0 79909 2914831 7883 0 456
cpu 4 264048 1 80556 2916184 8344 0 115
cpu 7 210073 0 77470 2975023 7048 0 542
cpu 6 257643 0 78578 2926006 8224 0 330
cpu 9 197794 0 55117 3007755 8072 0 378
cpu 8 198809 0 62642 3000666 6652 0 340
mem 1 99033092 93547164 5485928 633608 4191016 152 0 4579568 3562016 243952 15644 0 0 177936 4096 0 0
mem 0 97636988 61004824 36632164 652672 34847036 240 0 35018828 2512488 483992 13300 0 0 464720 4096 0 0
net lo 0 0 4326405 0 0 0 0 0 0 0 0 0 34236 0 4326405 0 0 0 0 0 0 34236 0
net vnet47 0 0 173699 0 0 0 0 0 0 0 0 0 824 0 137873 0 0 0 0 0 0 762 0
net vnet46 0 0 48332 0 0 0 0 0 0 0 0 0 276 0 56523 0 0 0 0 0 0 336 0
net eno1 0 164066 40342716270 0 0 390 0 0 0 0 0 0 30413235 0 1246764683 0 0 0 0 0 0 5986306 0
net virbr0 0 869 9965443898 0 0 0 0 0 0 0 0 0 39744179 0 38384508191 0 0 0 0 0 0 23530740 0
numa 1 122896818 18781169 10118603 29535 122852479 18825491
numa 0 122155411 10118603 18781169 29710 122153692 10119880
ps - 506136621 457418 388 443 477 8 737
sysv_shm - 0 0
tmpfs /run/lock 0 6
tmpfs /run 2125824 1105
tmpfs /run/user/20029 0 20
tmpfs /run/qemu 0 1
tmpfs /dev/shm 37615837184 105402
vfs - 133982 8704 186564
vm - 4 26120183 440757166 255356 1617408 272552853 317223320 87573614 6649481 229670623 57340 0 0 0 0 0 1811072 0 311878 5997 0 1618264 98 0 3 0 0

1778478032.261150 0 node0.mimesys-workload.ldos-ut-pg0.wisc.cloudlab.us
block sda 667992 214141 52232917 360435 2721350 17787741 881514397 13095822 0 2448548 13744735
block sdb 509 0 7540 473 4 0 0 0 0 600 474
cpu 11 206306 0 57876 2998768 7449 0 5
cpu 10 232842 2 52824 2978380 9562 0 6
cpu 13 201022 0 53530 3008981 6968 0 5
cpu 12 204896 0 52424 3006528 7696 0 2
cpu 15 178951 2 51036 3033669 6842 0 4
cpu 14 172140 0 52384 3039825 6998 0 6
cpu 17 153958 0 50294 3059717 7000 0 2
cpu 16 164030 0 48675 3053260 5963 0 2
cpu 19 135670 0 38126 3091700 6226 0 1
cpu 18 181409 5 37275 3046733 6502 0 2
cpu 1 248116 0 63071 2945002 8754 0 898
cpu 0 271425 45 48384 2911399 10445 0 1162
cpu 3 268320 0 78579 2913718 7978 0 598
cpu 2 263030 0 75648 2920140 9806 0 193
cpu 5 267438 0 79910 2914930 7883 0 456
cpu 4 264048 1 80560 2916283 8344 0 115
cpu 7 210074 0 77472 2975121 7048 0 542
cpu 6 257643 0 78580 2926105 8224 0 330
cpu 9 197842 0 55123 3007805 8072 0 378
cpu 8 198860 0 62645 3000714 6652 0 340
mem 1 99033092 93481644 5551448 633636 4252968 140 0 4642156 3623888 244728 16148 0 0 177840 4096 0 0
mem 0 97636988 60992476 36644512 652668 34855280 212 0 35029628 2522004 481836 13508 0 0 464704 4096 0 0
net lo 0 0 4326962 0 0 0 0 0 0 0 0 0 34240 0 4326962 0 0 0 0 0 0 34240 0
net vnet47 0 0 175633 0 0 0 0 0 0 0 0 0 835 0 138871 0 0 0 0 0 0 771 0
net vnet46 0 0 48332 0 0 0 0 0 0 0 0 0 276 0 56523 0 0 0 0 0 0 336 0
net eno1 0 164066 40342722987 0 0 390 0 0 0 0 0 0 30413339 0 1246765028 0 0 0 0 0 0 5986309 0
net virbr0 0 869 9965445678 0 0 0 0 0 0 0 0 0 39744190 0 38384509189 0 0 0 0 0 0 23530749 0
numa 1 122917812 18781169 10118603 29535 122873473 18825491
numa 0 122165812 10118603 18781169 29710 122164093 10119880
ps - 506142520 457541 388 443 477 2 737
sysv_shm - 0 0
tmpfs /run/lock 0 6
tmpfs /run 2125824 1105
tmpfs /run/user/20029 0 20
tmpfs /run/qemu 0 1
tmpfs /dev/shm 37615837184 105402
vfs - 133979 8704 186554
vm - 4 26120191 440757198 255356 1617408 272584232 317237037 87573619 6649481 229709550 57340 0 0 0 0 0 1811072 0 311878 5997 0 1618264 98 0 3 0 0

1778478033.289108 0 node0.mimesys-workload.ldos-ut-pg0.wisc.cloudlab.us
block sda 667994 214141 52233093 360436 2721433 17787741 881515141 13095834 0 2448560 13744748
block sdb 509 0 7540 473 4 0 0 0 0 600 474
cpu 11 206331 0 57881 2998839 7449 0 5
cpu 10 232870 2 52830 2978447 9562 0 6
cpu 13 201048 0 53538 3009046 6968 0 5
cpu 12 204932 0 52440 3006579 7696 0 2
cpu 15 178985 2 51040 3033733 6842 0 4
cpu 14 172163 0 52393 3039898 6998 0 6
cpu 17 153959 0 50297 3059816 7000 0 2
cpu 16 164032 0 48676 3053360 5963 0 2
cpu 19 135671 0 38128 3091800 6226 0 1
cpu 18 181415 5 37277 3046828 6502 0 2
cpu 1 248117 0 63073 2945101 8754 0 898
cpu 0 271426 45 48387 2911498 10445 0 1162
cpu 3 268322 0 78581 2913817 7978 0 598
cpu 2 263031 0 75650 2920238 9806 0 193
cpu 5 267440 0 79912 2915028 7883 0 456
cpu 4 264049 1 80562 2916382 8344 0 115
cpu 7 210076 0 77474 2975220 7048 0 542
cpu 6 257644 0 78583 2926204 8224 0 330
cpu 9 197859 0 55126 3007885 8072 0 378
cpu 8 198878 0 62647 3000796 6652 0 340
mem 1 99033092 93461996 5571096 633640 4266840 76 0 4654572 3637064 245692 16116 0 0 177912 4096 0 0
mem 0 97636988 60987944 36649044 652680 34856680 128 0 35029632 2522892 482432 13808 0 0 464664 4096 0 0
net lo 0 0 4328129 0 0 0 0 0 0 0 0 0 34248 0 4328129 0 0 0 0 0 0 34248 0
net vnet47 0 0 178769 0 0 0 0 0 0 0 0 0 852 0 142613 0 0 0 0 0 0 784 0
net vnet46 0 0 48422 0 0 0 0 0 0 0 0 0 277 0 56665 0 0 0 0 0 0 338 0
net eno1 0 164074 40342728868 0 0 390 0 0 0 0 0 0 30413427 0 1246765564 0 0 0 0 0 0 5986314 0
net virbr0 0 869 9965448652 0 0 0 0 0 0 0 0 0 39744208 0 38384512969 0 0 0 0 0 0 23530762 0
numa 1 122927891 18781169 10118603 29535 122883552 18825491
numa 0 122174094 10118603 18781169 29710 122172375 10119880
ps - 506165457 457669 388 443 477 4 737
sysv_shm - 0 0
tmpfs /run/lock 0 6
tmpfs /run 2125824 1105
tmpfs /run/user/20029 0 20
tmpfs /run/qemu 0 1
tmpfs /dev/shm 37615890432 105409
vfs - 133988 8744 186566
vm - 4 26120279 440757570 255356 1617408 272602593 317251630 87573629 6649481 229736461 57341 0 0 0 0 0 1811072 0 311878 5997 0 1618264 98 0 3 0 0

1778478034.316219 0 node0.mimesys-workload.ldos-ut-pg0.wisc.cloudlab.us
block sda 667995 214141 52233205 360436 2721433 17787741 881515141 13095834 0 2448564 13744748
block sdb 509 0 7540 473 4 0 0 0 0 600 474
cpu 11 206373 0 57883 2998894 7449 0 5
cpu 10 232923 2 52832 2978493 9562 0 6
cpu 13 201094 0 53546 3009095 6968 0 5
cpu 12 205006 0 52448 3006597 7696 0 2
cpu 15 179028 2 51042 3033790 6842 0 4
cpu 14 172209 0 52397 3039949 6998 0 6
cpu 17 153960 0 50298 3059917 7000 0 2
cpu 16 164032 0 48677 3053461 5963 0 2
cpu 19 135672 0 38133 3091897 6226 0 1
cpu 18 181416 5 37278 3046928 6502 0 2
cpu 1 248119 0 63075 2945200 8754 0 898
cpu 0 271428 45 48389 2911596 10445 0 1162
cpu 3 268322 0 78583 2913917 7978 0 598
cpu 2 263032 0 75652 2920337 9806 0 193
cpu 5 267441 0 79914 2915127 7883 0 456
cpu 4 264050 1 80565 2916481 8344 0 115
cpu 7 210077 0 77476 2975317 7048 0 542
cpu 6 257645 0 78586 2926303 8224 0 330
cpu 9 197916 0 55129 3007926 8072 0 378
cpu 8 198915 0 62650 3000859 6652 0 340
mem 1 99033092 93381864 5651228 633636 4342964 96 0 4731560 3713268 244472 16020 0 0 177960 4096 0 0
mem 0 97636988 60974336 36662652 652760 34867700 148 0 35040892 2533132 483116 13480 0 0 464688 4096 0 0
net lo 0 0 4328686 0 0 0 0 0 0 0 0 0 34252 0 4328686 0 0 0 0 0 0 34252 0
net vnet47 0 0 180637 0 0 0 0 0 0 0 0 0 862 0 143611 0 0 0 0 0 0 793 0
net vnet46 0 0 48422 0 0 0 0 0 0 0 0 0 277 0 56665 0 0 0 0 0 0 338 0
net eno1 0 164074 40342736125 0 0 390 0 0 0 0 0 0 30413540 0 1246765909 0 0 0 0 0 0 5986317 0
net virbr0 0 869 9965450380 0 0 0 0 0 0 0 0 0 39744218 0 38384513967 0 0 0 0 0 0 23530771 0
numa 1 122952722 18781169 10118603 29535 122908383 18825491
numa 0 122184999 10118603 18781169 29710 122183280 10119880
ps - 506173409 457792 388 443 477 4 735
sysv_shm - 0 0
tmpfs /run/lock 0 6
tmpfs /run 2125824 1105
tmpfs /run/user/20029 0 20
tmpfs /run/qemu 0 1
tmpfs /dev/shm 37615935488 105416
vfs - 133994 8784 186570
vm - 4 26120335 440757570 255356 1617408 272638333 317265396 87573640 6649481 229779629 57342 0 0 0 0 0 1811072 0 311878 5997 0 1618264 98 0 3 0 0

1778478035.340009 0 node0.mimesys-workload.ldos-ut-pg0.wisc.cloudlab.us
block sda 667995 214141 52233205 360436 2721443 17787753 881515565 13095835 0 2448572 13744750
block sdb 509 0 7540 473 4 0 0 0 0 600 474
cpu 11 206438 0 57894 2998920 7449 0 5
cpu 10 232992 2 52845 2978515 9562 0 6
cpu 13 201151 0 53547 3009139 6968 0 5
cpu 12 205071 0 52449 3006632 7696 0 2
cpu 15 179096 2 51046 3033818 6842 0 4
cpu 14 172268 0 52405 3039984 6998 0 6
cpu 17 153960 0 50300 3060017 7000 0 2
cpu 16 164033 0 48679 3053560 5963 0 2
cpu 19 135674 0 38134 3091997 6226 0 1
cpu 18 181421 5 37280 3047023 6502 0 2
cpu 1 248120 0 63078 2945297 8754 0 898
cpu 0 271430 45 48392 2911691 10445 0 1162
cpu 3 268323 0 78585 2914016 7978 0 598
cpu 2 263034 0 75654 2920435 9806 0 193
cpu 5 267441 0 79918 2915226 7883 0 456
cpu 4 264052 1 80568 2916577 8344 0 115
cpu 7 210080 0 77479 2975415 7048 0 542
cpu 6 257648 0 78590 2926398 8224 0 330
cpu 9 197980 0 55130 3007962 8072 0 378
cpu 8 198978 0 62656 3000891 6652 0 340
mem 1 99033092 93295984 5737108 633672 4442196 124 0 4831944 3813636 244152 16592 0 0 177936 4096 0 0
mem 0 97636988 60939568 36697420 652732 34896596 180 0 35070764 2562508 482068 13408 0 0 464856 4096 0 0
net lo 0 0 4329853 0 0 0 0 0 0 0 0 0 34260 0 4329853 0 0 0 0 0 0 34260 0
net vnet47 0 0 185806 0 0 0 0 0 0 0 0 0 891 0 148467 0 0 0 0 0 0 816 0
net vnet46 0 0 48422 0 0 0 0 0 0 0 0 0 277 0 56717 0 0 0 0 0 0 339 0
net eno1 0 164082 40342741556 0 0 390 0 0 0 0 0 0 30413621 0 1246766355 0 0 0 0 0 0 5986321 0
net virbr0 0 869 9965455143 0 0 0 0 0 0 0 0 0 39744247 0 38384518771 0 0 0 0 0 0 23530793 0
numa 1 122982882 18781169 10118603 29535 122938543 18825491
numa 0 122202974 10118603 18781169 29710 122201255 10119880
ps - 506185805 457921 388 443 477 8 735
sysv_shm - 0 0
tmpfs /run/lock 0 6
tmpfs /run 2125824 1105
tmpfs /run/user/20029 0 20
tmpfs /run/qemu 0 1
tmpfs /dev/shm 37615943680 105416
vfs - 133993 9144 186562
vm - 4 26120335 440757782 255356 1617408 272686469 317280389 87573648 6649481 229836747 57342 0 0 0 0 0 1811072 0 311878 5997 0 1618264 98 0 3 0 0

1778478036.365313 0 node0.mimesys-workload.ldos-ut-pg0.wisc.cloudlab.us
block sda 667995 214141 52233205 360436 2721445 17787754 881515589 13095837 0 2448576 13744751
block sdb 509 0 7540 473 4 0 0 0 0 600 474
cpu 11 206483 0 57898 2998972 7449 0 5
cpu 10 233055 2 52848 2978548 9562 0 6
cpu 13 201214 0 53547 3009177 6968 0 5
cpu 12 205146 0 52451 3006657 7696 0 2
cpu 15 179168 2 51048 3033847 6842 0 4
cpu 14 172344 0 52409 3040005 6998 0 6
cpu 17 153961 0 50302 3060117 7000 0 2
cpu 16 164035 0 48680 3053660 5963 0 2
cpu 19 135680 0 38138 3092090 6226 0 1
cpu 18 181422 5 37282 3047123 6502 0 2
cpu 1 248124 0 63080 2945392 8754 0 898
cpu 0 271434 45 48397 2911785 10445 0 1162
cpu 3 268324 0 78587 2914115 7978 0 598
cpu 2 263036 0 75656 2920534 9806 0 193
cpu 5 267443 0 79920 2915324 7883 0 456
cpu 4 264054 1 80570 2916676 8344 0 115
cpu 7 210081 0 77482 2975514 7048 0 542
cpu 6 257651 0 78595 2926493 8224 0 330
cpu 9 198046 0 55132 3007995 8072 0 378
cpu 8 199044 0 62659 3000922 6652 0 340
mem 1 99033092 93242700 5790392 633644 4494008 148 0 4882924 3865052 244932 16444 0 0 177944 4096 0 0
mem 0 97636988 60922684 36714304 652776 34912740 244 0 35085120 2577244 483488 13648 0 0 464936 4096 0 0
net lo 0 0 4331020 0 0 0 0 0 0 0 0 0 34268 0 4331020 0 0 0 0 0 0 34268 0
net vnet47 0 0 189074 0 0 0 0 0 0 0 0 0 909 0 152389 0 0 0 0 0 0 830 0
net vnet46 0 0 48422 0 0 0 0 0 0 0 0 0 277 0 56717 0 0 0 0 0 0 339 0
net eno1 0 164082 40342748667 0 0 390 0 0 0 0 0 0 30413730 0 1246766801 0 0 0 0 0 0 5986325 0
net virbr0 0 869 9965458159 0 0 0 0 0 0 0 0 0 39744265 0 38384522693 0 0 0 0 0 0 23530807 0
numa 1 123000041 18781169 10118603 29535 122955702 18825491
numa 0 122216920 10118603 18781169 29710 122215201 10119880
ps - 506192514 458049 421 449 479 9 735
sysv_shm - 0 0
tmpfs /run/lock 0 6
tmpfs /run 2125824 1105
tmpfs /run/user/20029 0 20
tmpfs /run/qemu 0 1
tmpfs /dev/shm 37615951872 105416
vfs - 133995 9144 186564
vm - 4 26120335 440757794 255356 1617408 272717613 317294951 87573651 6649481 229876355 57342 0 0 0 0 0 1811072 0 311878 5997 0 1618264 98 0 3 0 0

1778478037.392379 0 node0.mimesys-workload.ldos-ut-pg0.wisc.cloudlab.us
block sda 667996 214141 52233317 360437 2721445 17787754 881515589 13095837 0 2448580 13744752
block sdb 509 0 7540 473 4 0 0 0 0 600 474
cpu 11 206548 0 57904 2999002 7449 0 5
cpu 10 233112 2 52854 2978585 9562 0 6
cpu 13 201274 0 53551 3009213 6968 0 5
cpu 12 205215 0 52456 3006687 7696 0 2
cpu 15 179229 2 51053 3033884 6842 0 4
cpu 14 172402 0 52411 3040047 6998 0 6
cpu 17 153962 0 50303 3060217 7000 0 2
cpu 16 164035 0 48681 3053761 5963 0 2
cpu 19 135680 0 38140 3092190 6226 0 1
cpu 18 181424 5 37282 3047223 6502 0 2
cpu 1 248126 0 63082 2945490 8754 0 898
cpu 0 271435 45 48403 2911881 10445 0 1162
cpu 3 268324 0 78590 2914214 7978 0 598
cpu 2 263037 0 75659 2920632 9806 0 193
cpu 5 267444 0 79922 2915423 7883 0 456
cpu 4 264054 1 80574 2916775 8344 0 115
cpu 7 210081 0 77484 2975614 7048 0 542
cpu 6 257652 0 78596 2926593 8224 0 330
cpu 9 198123 0 55134 3008018 8072 0 378
cpu 8 199095 0 62665 3000967 6652 0 340
mem 1 99033092 93080672 5952420 633664 4651084 160 0 5039040 4020724 244580 16828 0 0 177888 4096 0 0
mem 0 97636988 60888428 36748560 652764 34942404 260 0 35114912 2607460 482872 13656 0 0 464972 4096 0 0
net lo 0 0 4331577 0 0 0 0 0 0 0 0 0 34272 0 4331577 0 0 0 0 0 0 34272 0
net vnet47 0 0 191074 0 0 0 0 0 0 0 0 0 921 0 153439 0 0 0 0 0 0 840 0
net vnet46 0 0 48422 0 0 0 0 0 0 0 0 0 277 0 56769 0 0 0 0 0 0 340 0
net eno1 0 164092 40342754904 0 0 390 0 0 0 0 0 0 30413826 0 1246767146 0 0 0 0 0 0 5986328 0
net virbr0 0 869 9965459991 0 0 0 0 0 0 0 0 0 39744277 0 38384523691 0 0 0 0 0 0 23530816 0
numa 1 123045142 18781169 10118603 29535 123000803 18825491
numa 0 122231681 10118603 18781169 29710 122229962 10119880
ps - 506198542 458172 421 449 479 5 729
sysv_shm - 0 0
tmpfs /run/lock 0 6
tmpfs /run 2125824 1105
tmpfs /run/user/20029 0 20
tmpfs /run/qemu 0 1
tmpfs /dev/shm 37615951872 105416
vfs - 133994 9144 186534
vm - 4 26120391 440757794 255356 1617408 272777433 317308753 87573659 6649481 229943582 57343 0 0 0 0 0 1811072 0 311878 5997 0 1618264 98 0 3 0 0

1778478038.414575 0 node0.mimesys-workload.ldos-ut-pg0.wisc.cloudlab.us
block sda 667996 214141 52233317 360437 2721538 17787754 881516437 13095850 0 2448588 13744765
block sdb 509 0 7540 473 4 0 0 0 0 600 474
cpu 11 206584 0 57906 2999064 7449 0 5
cpu 10 233166 2 52857 2978628 9562 0 6
cpu 13 201341 0 53555 3009246 6968 0 5
cpu 12 205258 0 52458 3006742 7696 0 2
cpu 15 179299 2 51057 3033913 6842 0 4
cpu 14 172443 0 52413 3040104 6998 0 6
cpu 17 153964 0 50303 3060317 7000 0 2
cpu 16 164036 0 48683 3053860 5963 0 2
cpu 19 135680 0 38142 3092290 6226 0 1
cpu 18 181429 5 37285 3047319 6502 0 2
cpu 1 248127 0 63083 2945589 8754 0 898
cpu 0 271436 45 48406 2911978 10445 0 1162
cpu 3 268325 0 78591 2914313 7978 0 598
cpu 2 263039 0 75660 2920729 9806 0 193
cpu 5 267446 0 79924 2915521 7883 0 456
cpu 4 264058 1 80578 2916870 8344 0 115
cpu 7 210082 0 77486 2975713 7048 0 542
cpu 6 257654 0 78599 2926689 8224 0 330
cpu 9 198200 0 55136 3008041 8072 0 378
cpu 8 199139 0 62668 3001021 6652 0 340
mem 1 99033092 93022712 6010380 633684 4704812 12 0 5091472 4074348 247332 17856 0 0 177848 4096 0 0
mem 0 97636988 60867264 36769724 652736 34957620 8 0 35131688 2624384 483500 13664 0 0 464692 4096 0 0
net lo 0 0 4332744 0 0 0 0 0 0 0 0 0 34280 0 4332744 0 0 0 0 0 0 34280 0
net vnet47 0 0 194210 0 0 0 0 0 0 0 0 0 938 0 157129 0 0 0 0 0 0 852 0
net vnet46 0 0 48506 0 0 0 0 0 0 0 0 0 279 0 56853 0 0 0 0 0 0 342 0
net eno1 0 164092 40342760815 0 0 390 0 0 0 0 0 0 30413915 0 1246767592 0 0 0 0 0 0 5986332 0
net virbr0 0 869 9965462945 0 0 0 0 0 0 0 0 0 39744296 0 38384527465 0 0 0 0 0 0 23530830 0
numa 1 123065602 18781169 10118603 29535 123021263 18825491
numa 0 122244287 10118603 18781169 29710 122242568 10119880
ps - 506205543 458301 421 449 479 4 730
sysv_shm - 0 0
tmpfs /run/lock 0 6
tmpfs /run 2125824 1105
tmpfs /run/user/20029 0 20
tmpfs /run/qemu 0 1
tmpfs /dev/shm 37615951872 105416
vfs - 133995 9224 186528
vm - 4 26120391 440758218 255356 1617408 272810606 317323287 87573663 6649481 229985314 57343 0 0 0 0 0 1811072 0 311878 5997 0 1618264 98 0 3 0 0

1778478039.446339 0 node0.mimesys-workload.ldos-ut-pg0.wisc.cloudlab.us
block sda 668007 214141 52234196 360442 2721551 17787783 881517093 13095852 0 2448624 13744772
block sdb 509 0 7540 473 4 0 0 0 0 600 474
cpu 11 206625 0 57910 2999121 7449 0 5
cpu 10 233203 2 52862 2978689 9562 0 6
cpu 13 201392 0 53561 3009291 6968 0 5
cpu 12 205289 0 52460 3006810 7696 0 2
cpu 15 179346 2 51060 3033965 6843 0 4
cpu 14 172491 0 52416 3040156 6998 0 6
cpu 17 153965 0 50305 3060418 7000 0 2
cpu 16 164036 0 48685 3053961 5963 0 2
cpu 19 135681 0 38144 3092391 6226 0 1
cpu 18 181429 5 37286 3047419 6502 0 2
cpu 1 248127 0 63085 2945689 8754 0 898
cpu 0 271439 45 48409 2912073 10445 0 1162
cpu 3 268327 0 78593 2914413 7978 0 598
cpu 2 263040 0 75662 2920829 9806 0 193
cpu 5 267448 0 79927 2915620 7883 0 456
cpu 4 264059 1 80579 2916970 8344 0 115
cpu 7 210084 0 77489 2975809 7048 0 542
cpu 6 257656 0 78601 2926788 8224 0 330
cpu 9 198244 0 55140 3008096 8072 0 378
cpu 8 199195 0 62672 3001064 6652 0 340
mem 1 99033092 92959968 6073124 633692 4763760 132 0 5153092 4134776 244972 17548 0 0 177904 4096 0 0
mem 0 97636988 60852148 36784840 652756 34969044 156 0 35143860 2637176 481896 13724 0 0 464748 4096 0 0
net lo 0 0 4333301 0 0 0 0 0 0 0 0 0 34284 0 4333301 0 0 0 0 0 0 34284 0
net vnet47 0 0 196078 0 0 0 0 0 0 0 0 0 948 0 158179 0 0 0 0 0 0 862 0
net vnet46 0 0 48506 0 0 0 0 0 0 0 0 0 279 0 56905 0 0 0 0 0 0 343 0
net eno1 0 164102 40342767532 0 0 390 0 0 0 0 0 0 30414019 0 1246767937 0 0 0 0 0 0 5986335 0
net virbr0 0 869 9965464673 0 0 0 0 0 0 0 0 0 39744306 0 38384528463 0 0 0 0 0 0 23530839 0
numa 1 123086111 18781169 10118603 29535 123041772 18825491
numa 0 122255221 10118603 18781169 29710 122253502 10119880
ps - 506212950 458429 421 449 479 3 726
sysv_shm - 0 0
tmpfs /run/lock 0 6
tmpfs /run 2125824 1105
tmpfs /run/user/20029 0 20
tmpfs /run/qemu 0 1
tmpfs /dev/shm 37615951872 105416
vfs - 133992 9264 186500
vm - 4 26120831 440758546 255356 1617408 272841940 317337865 87573668 6649481 230024200 57343 0 0 0 0 0 1811072 0 311878 5997 0 1618264 98 0 3 0 0

1778478040.480927 0 node0.mimesys-workload.ldos-ut-pg0.wisc.cloudlab.us
block sda 668011 214141 52234428 360443 2721643 17788493 881690405 13099086 6 2448864 13748008
block sdb 509 0 7540 473 4 0 0 0 0 600 474
cpu 11 206679 0 57918 2999158 7451 0 5
cpu 10 233250 2 52868 2978731 9570 0 6
cpu 13 201447 0 53568 3009323 6975 0 5
cpu 12 205337 0 52478 3006839 7702 0 2
cpu 15 179405 2 51066 3033997 6847 0 4
cpu 14 172538 0 52439 3040179 7007 0 6
cpu 17 153966 0 50306 3060519 7000 0 2
cpu 16 164037 0 48686 3054062 5963 0 2
cpu 19 135682 0 38145 3092492 6226 0 1
cpu 18 181434 5 37288 3047516 6502 0 2
cpu 1 248130 0 63090 2945786 8754 0 898
cpu 0 271441 45 48413 2912169 10445 0 1162
cpu 3 268329 0 78597 2914510 7978 0 598
cpu 2 263042 0 75664 2920927 9806 0 193
cpu 5 267450 0 79929 2915719 7883 0 456
cpu 4 264060 1 80581 2917069 8344 0 115
cpu 7 210085 0 77492 2975909 7048 0 542
cpu 6 257659 0 78602 2926886 8224 0 330
cpu 9 198278 0 55151 3008149 8076 0 378
cpu 8 199232 0 62682 3001111 6659 0 340
mem 1 99033092 92740980 6292112 650848 4962172 156 0 5368560 4350176 244768 18236 0 0 177848 4096 0 0
mem 0 97636988 60752360 36884628 652772 35062864 188 0 35236936 2729196 481740 14028 0 0 464588 4096 0 0
net lo 0 0 4334468 0 0 0 0 0 0 0 0 0 34292 0 4334468 0 0 0 0 0 0 34292 0
net vnet47 0 0 200884 0 0 0 0 0 0 0 0 0 972 0 162867 0 0 0 0 0 0 883 0
net vnet46 0 0 48506 0 0 0 0 0 0 0 0 0 279 0 56905 0 0 0 0 0 0 343 0
net eno1 0 164102 40342773863 0 0 390 0 0 0 0 0 0 30414115 0 1246768383 0 0 0 0 0 0 5986339 0
net virbr0 0 869 9965469143 0 0 0 0 0 0 0 0 0 39744330 0 38384533151 0 0 0 0 0 0 23530860 0
numa 1 123147022 18781169 10118603 29535 123102683 18825491
numa 0 122288301 10118603 18781169 29710 122286582 10119880
ps - 506221379 458588 421 449 479 3 756
sysv_shm - 0 0
tmpfs /run/lock 0 6
tmpfs /run 2125824 1105
tmpfs /run/user/20029 0 20
tmpfs /run/qemu 0 1
tmpfs /dev/shm 37615960064 105416
vfs - 133993 9264 186508
vm - 4 26120947 440852114 255356 1617408 272936071 317353058 87577978 6649481 230146702 57344 0 0 0 0 0 1811072 0 311878 5997 0 1618264 98 0 3 0 0

1778478041.518436 0 node0.mimesys-workload.ldos-ut-pg0.wisc.cloudlab.us
block sda 668014 214141 52234549 360444 2721721 17788650 881824349 13102498 0 2449060 13751421
block sdb 509 0 7540 473 4 0 0 0 0 600 474
cpu 11 206721 0 57928 2999210 7451 0 5
cpu 10 233286 2 52871 2978784 9580 0 6
cpu 13 201498 0 53572 3009358 6986 0 5
cpu 12 205380 0 52479 3006893 7710 0 2
cpu 15 179443 2 51069 3034059 6849 0 4
cpu 14 172592 0 52450 3040218 7007 0 6
cpu 17 153967 0 50307 3060620 7000 0 2
cpu 16 164038 0 48690 3054162 5963 0 2
cpu 19 135684 0 38147 3092593 6226 0 1
cpu 18 181438 5 37290 3047614 6502 0 2
cpu 1 248134 0 63092 2945882 8754 0 898
cpu 0 271443 45 48417 2912266 10445 0 1162
cpu 3 268331 0 78600 2914610 7978 0 598
cpu 2 263044 0 75666 2921028 9806 0 193
cpu 5 267451 0 79932 2915819 7883 0 457
cpu 4 264063 1 80584 2917167 8344 0 115
cpu 7 210088 0 77493 2976007 7048 0 542
cpu 6 257661 0 78606 2926985 8224 0 330
cpu 9 198316 0 55155 3008203 8086 0 378
cpu 8 199268 0 62683 3001166 6672 0 340
mem 1 99033092 92573192 6459900 650932 5124440 156 0 5531744 4513860 244672 18572 0 0 177928 4096 0 0
mem 0 97636988 60754376 36882612 652776 35065908 212 0 35239036 2730692 483704 13820 0 0 464832 4096 0 0
net lo 0 0 4335635 0 0 0 0 0 0 0 0 0 34300 0 4335635 0 0 0 0 0 0 34300 0
net vnet47 0 0 203756 0 0 0 0 0 0 0 0 0 985 0 166609 0 0 0 0 0 0 896 0
net vnet46 0 0 48506 0 0 0 0 0 0 0 0 0 279 0 56957 0 0 0 0 0 0 344 0
net eno1 0 164110 40342780194 0 0 390 0 0 0 0 0 0 30414211 0 1246768829 0 0 0 0 0 0 5986343 0
net virbr0 0 869 9965471833 0 0 0 0 0 0 0 0 0 39744343 0 38384536841 0 0 0 0 0 0 23530872 0
numa 1 123193678 18781169 10118603 29535 123149339 18825491
numa 0 122297508 10118603 18781169 29710 122295789 10119880
ps - 506228322 458716 403 445 477 7 756
sysv_shm - 0 0
tmpfs /run/lock 0 6
tmpfs /run 2125824 1105
tmpfs /run/user/20029 0 20
tmpfs /run/qemu 0 1
tmpfs /dev/shm 37615960064 105416
vfs - 133995 9264 186510
vm - 4 26121007 440912174 255356 1617408 272991806 317367616 87577984 6649481 230210783 57344 0 0 0 0 0 1811072 0 311878 5997 0 1618264 98 0 3 0 0

1778478042.558920 0 node0.mimesys-workload.ldos-ut-pg0.wisc.cloudlab.us
block sda 668014 214141 52234549 360444 2721721 17788650 881824349 13102498 0 2449060 13751421
block sdb 509 0 7540 473 4 0 0 0 0 600 474
cpu 11 206799 0 57932 2999230 7451 0 5
cpu 10 233352 2 52877 2978815 9580 0 6
cpu 13 201588 0 53576 3009367 6986 0 5
cpu 12 205460 0 52482 3006913 7710 0 2
cpu 15 179494 2 51072 3034107 6849 0 4
cpu 14 172668 0 52452 3040244 7007 0 6
cpu 17 153968 0 50309 3060721 7000 0 2
cpu 16 164039 0 48692 3054264 5963 0 2
cpu 19 135684 0 38148 3092695 6226 0 1
cpu 18 181438 5 37292 3047715 6502 0 2
cpu 1 248136 0 63096 2945982 8754 0 898
cpu 0 271448 45 48422 2912360 10445 0 1162
cpu 3 268333 0 78602 2914710 7978 0 598
cpu 2 263044 0 75669 2921129 9806 0 193
cpu 5 267452 0 79934 2915919 7883 0 457
cpu 4 264064 1 80586 2917268 8344 0 115
cpu 7 210089 0 77496 2976107 7048 0 542
cpu 6 257663 0 78608 2927083 8224 0 330
cpu 9 198389 0 55162 3008228 8086 0 378
cpu 8 199344 0 62686 3001189 6672 0 340
mem 1 99033092 92407460 6625632 650904 5303088 180 0 5709948 4691620 243808 18516 0 0 178112 4096 0 0
mem 0 97636988 60697460 36939528 652784 35119892 232 0 35293268 2786272 482488 14260 0 0 464816 4096 0 0
net lo 0 0 4336192 0 0 0 0 0 0 0 0 0 34304 0 4336192 0 0 0 0 0 0 34304 0
net vnet47 0 0 205756 0 0 0 0 0 0 0 0 0 997 0 167659 0 0 0 0 0 0 906 0
net vnet46 0 0 48506 0 0 0 0 0 0 0 0 0 279 0 57009 0 0 0 0 0 0 345 0
net eno1 0 164110 40342785951 0 0 390 0 0 0 0 0 0 30414299 0 1246769174 0 0 0 0 0 0 5986346 0
net virbr0 0 869 9965473665 0 0 0 0 0 0 0 0 0 39744355 0 38384537839 0 0 0 0 0 0 23530881 0
numa 1 123242188 18781169 10118603 29535 123197849 18825491
numa 0 122321202 10118603 18781169 29710 122319483 10119880
ps - 506232095 458839 403 445 477 9 756
sysv_shm - 0 0
tmpfs /run/lock 0 6
tmpfs /run 2125824 1105
tmpfs /run/user/20029 0 20
tmpfs /run/qemu 0 1
tmpfs /dev/shm 37615960064 105416
vfs - 133993 9264 186688
vm - 4 26121007 440912174 255356 1617408 273064132 317381334 87577990 6649481 230290446 57344 0 0 0 0 0 1811072 0 311878 5997 0 1618264 98 0 3 0 0

1778478043.599733 0 node0.mimesys-workload.ldos-ut-pg0.wisc.cloudlab.us
block sda 668015 214141 52234589 360444 2721808 17788650 881825125 13102510 0 2449068 13751433
block sdb 509 0 7540 473 4 0 0 0 0 600 474
cpu 11 206892 0 57933 2999240 7451 0 5
cpu 10 233421 2 52881 2978843 9580 0 6
cpu 13 201673 0 53578 3009383 6986 0 5
cpu 12 205550 0 52483 3006927 7710 0 2
cpu 15 179570 2 51077 3034130 6849 0 4
cpu 14 172760 0 52454 3040253 7007 0 6
cpu 17 153972 0 50311 3060819 7000 0 2
cpu 16 164040 0 48693 3054364 5963 0 2
cpu 19 135686 0 38150 3092795 6226 0 1
cpu 18 181439 5 37294 3047816 6502 0 2
cpu 1 248141 0 63100 2946076 8754 0 898
cpu 0 271451 45 48426 2912456 10445 0 1162
cpu 3 268335 0 78606 2914807 7978 0 598
cpu 2 263045 0 75673 2921227 9807 0 193
cpu 5 267452 0 79938 2916019 7883 0 457
cpu 4 264068 1 80588 2917365 8344 0 115
cpu 7 210093 0 77500 2976202 7048 0 542
cpu 6 257665 0 78609 2927182 8224 0 330
cpu 9 198456 0 55167 3008259 8086 0 378
cpu 8 199430 0 62690 3001203 6672 0 340
mem 1 99033092 92306580 6726512 650888 5401700 84 0 5810356 4792884 242372 18316 0 0 178128 4096 0 0
mem 0 97636988 60652864 36984124 652812 35160068 156 0 35332892 2824968 483988 14548 0 0 465284 4096 0 0
net lo 0 0 4337359 0 0 0 0 0 0 0 0 0 34312 0 4337359 0 0 0 0 0 0 34312 0
net vnet47 0 0 208694 0 0 0 0 0 0 0 0 0 1011 0 171349 0 0 0 0 0 0 918 0
net vnet46 0 0 48506 0 0 0 0 0 0 0 0 0 279 0 57009 0 0 0 0 0 0 345 0
net eno1 0 164123 40342792882 0 0 390 0 0 0 0 0 0 30414405 0 1246769620 0 0 0 0 0 0 5986350 0
net virbr0 0 869 9965476407 0 0 0 0 0 0 0 0 0 39744369 0 38384541529 0 0 0 0 0 0 23530893 0
numa 1 123271019 18781169 10118603 29535 123226681 18825491
numa 0 122342403 10118603 18781169 29710 122340684 10119880
ps - 506237339 458974 403 445 477 9 763
sysv_shm - 0 0
tmpfs /run/lock 0 6
tmpfs /run 2125824 1105
tmpfs /run/user/20029 0 20
tmpfs /run/qemu 0 1
tmpfs /dev/shm 37615960064 105416
vfs - 133996 9304 186698
vm - 4 26121027 440912562 255356 1617408 273114141 317395911 87577999 6649481 230348788 57344 0 0 0 0 0 1811072 0 311878 5997 0 1618264 98 0 3 0 0

1778478044.638649 0 node0.mimesys-workload.ldos-ut-pg0.wisc.cloudlab.us
block sda 668015 214141 52234589 360444 2721845 17788668 881826021 13102517 0 2449080 13751440
block sdb 509 0 7540 473 4 0 0 0 0 600 474
cpu 11 206966 0 57938 2999265 7451 0 5
cpu 10 233456 2 52887 2978904 9580 0 6
cpu 13 201724 0 53580 3009433 6987 0 5
cpu 12 205590 0 52485 3006987 7710 0 2
cpu 15 179620 2 51084 3034173 6849 0 4
cpu 14 172808 0 52458 3040304 7007 0 6
cpu 17 153973 0 50313 3060919 7000 0 2
cpu 16 164041 0 48694 3054465 5963 0 2
cpu 19 135687 0 38152 3092895 6226 0 1
cpu 18 181440 5 37296 3047917 6502 0 2
cpu 1 248142 0 63103 2946174 8754 0 898
cpu 0 271452 45 48429 2912554 10445 0 1162
cpu 3 268335 0 78609 2914908 7978 0 598
cpu 2 263047 0 75676 2921327 9807 0 193
cpu 5 267453 0 79941 2916119 7883 0 457
cpu 4 264070 1 80590 2917465 8344 0 115
cpu 7 210094 0 77504 2976301 7048 0 542
cpu 6 257666 0 78612 2927283 8224 0 330
cpu 9 198520 0 55175 3008290 8086 0 378
cpu 8 199480 0 62691 3001255 6672 0 340
mem 1 99033092 92201496 6831596 650896 5504348 112 0 5911624 4893296 243296 18644 0 0 178152 4096 0 0
mem 0 97636988 60583620 37053368 652812 35227208 196 0 35400560 2893216 482668 14832 0 0 465348 4096 0 0
net lo 0 0 4337916 0 0 0 0 0 0 0 0 0 34316 0 4337916 0 0 0 0 0 0 34316 0
net vnet47 0 0 210628 0 0 0 0 0 0 0 0 0 1022 0 172399 0 0 0 0 0 0 928 0
net vnet46 0 0 48506 0 0 0 0 0 0 0 0 0 279 0 57061 0 0 0 0 0 0 346 0
net eno1 0 164123 40342798639 0 0 390 0 0 0 0 0 0 30414493 0 1246769965 0 0 0 0 0 0 5986353 0
net virbr0 0 869 9965478187 0 0 0 0 0 0 0 0 0 39744380 0 38384542527 0 0 0 0 0 0 23530902 0
numa 1 123301428 18781169 10118603 29535 123257089 18825491
numa 0 122367340 10118603 18781169 29710 122365621 10119880
ps - 506244403 459097 403 445 477 7 763
sysv_shm - 0 0
tmpfs /run/lock 0 6
tmpfs /run 2125824 1105
tmpfs /run/user/20029 0 20
tmpfs /run/qemu 0 1
tmpfs /dev/shm 37615960064 105416
vfs - 133993 9304 186688
vm - 4 26121027 440913010 255356 1617408 273169392 317409613 87578007 6649481 230411553 57344 0 0 0 0 0 1811072 0 311878 5997 0 1618264 98 0 3 0 0

1778478045.680162 0 node0.mimesys-workload.ldos-ut-pg0.wisc.cloudlab.us
block sda 668016 214141 52234845 360445 2721878 17788668 881827069 13102522 0 2449132 13751448
block sdb 509 0 7540 473 4 0 0 0 0 600 474
cpu 11 207068 0 57938 2999267 7451 0 5
cpu 10 233556 2 52888 2978907 9580 0 6
cpu 13 201826 0 53581 3009434 6987 0 5
cpu 12 205690 0 52487 3006988 7710 0 2
cpu 15 179719 2 51086 3034176 6849 0 4
cpu 14 172904 0 52460 3040310 7007 0 6
cpu 17 153978 0 50315 3061016 7000 0 2
cpu 16 164042 0 48697 3054567 5963 0 2
cpu 19 135688 0 38155 3092996 6226 0 1
cpu 18 181442 5 37298 3048016 6502 0 2
cpu 1 248145 0 63108 2946270 8754 0 898
cpu 0 271456 45 48432 2912650 10445 0 1162
cpu 3 268336 0 78612 2915007 7978 0 598
cpu 2 263050 0 75677 2921427 9807 0 193
cpu 5 267455 0 79944 2916218 7883 0 457
cpu 4 264075 1 80594 2917560 8344 0 115
cpu 7 210094 0 77508 2976400 7048 0 542
cpu 6 257668 0 78614 2927382 8224 0 330
cpu 9 198618 0 55175 3008296 8086 0 378
cpu 8 199580 0 62693 3001258 6672 0 340
mem 1 99033092 92154120 6878972 650900 5548008 136 0 5955264 4937724 243844 19032 0 0 178120 4096 0 0
mem 0 97636988 60589668 37047320 652808 35235156 220 0 35406964 2898892 484224 14492 0 0 465524 4096 0 0
net lo 0 0 4339083 0 0 0 0 0 0 0 0 0 34324 0 4339083 0 0 0 0 0 0 34324 0
net vnet47 0 0 213764 0 0 0 0 0 0 0 0 0 1039 0 176089 0 0 0 0 0 0 940 0
net vnet46 0 0 48506 0 0 0 0 0 0 0 0 0 279 0 57061 0 0 0 0 0 0 346 0
net eno1 0 164135 40342805930 0 0 390 0 0 0 0 0 0 30414605 0 1246770411 0 0 0 0 0 0 5986357 0
net virbr0 0 869 9965481085 0 0 0 0 0 0 0 0 0 39744397 0 38384546217 0 0 0 0 0 0 23530914 0
numa 1 123316370 18781169 10118603 29535 123272031 18825491
numa 0 122380122 10118603 18781169 29710 122378403 10119880
ps - 506248368 459225 403 445 477 7 763
sysv_shm - 0 0
tmpfs /run/lock 0 6
tmpfs /run 2125824 1105
tmpfs /run/user/20029 0 20
tmpfs /run/qemu 0 1
tmpfs /dev/shm 37615968256 105416
vfs - 133995 9264 186732
vm - 4 26121155 440913534 255356 1617408 273197101 317424315 87578013 6649481 230447453 57344 0 0 0 0 0 1811072 0 311878 5997 0 1618264 98 0 3 0 0

1778478046.720804 0 node0.mimesys-workload.ldos-ut-pg0.wisc.cloudlab.us
block sda 668016 214141 52234845 360445 2721938 17788668 881827357 13102531 0 2449240 13751461
block sdb 509 0 7540 473 4 0 0 0 0 600 474
cpu 11 207120 0 57940 2999315 7451 0 5
cpu 10 233609 2 52896 2978948 9580 0 6
cpu 13 201887 0 53588 3009469 6987 0 5
cpu 12 205740 0 52492 3007036 7710 0 2
cpu 15 179766 2 51094 3034225 6849 0 4
cpu 14 172952 0 52462 3040364 7007 0 6
cpu 17 153979 0 50316 3061118 7000 0 2
cpu 16 164043 0 48698 3054668 5963 0 2
cpu 19 135689 0 38156 3093097 6226 0 1
cpu 18 181443 5 37300 3048117 6502 0 2
cpu 1 248147 0 63111 2946368 8754 0 898
cpu 0 271457 45 48434 2912750 10445 0 1162
cpu 3 268336 0 78614 2915108 7978 0 598
cpu 2 263051 0 75679 2921527 9807 0 193
cpu 5 267457 0 79946 2916317 7883 0 457
cpu 4 264077 1 80597 2917660 8344 0 115
cpu 7 210095 0 77510 2976501 7048 0 542
cpu 6 257669 0 78616 2927483 8224 0 330
cpu 9 198656 0 55180 3008354 8086 0 378
cpu 8 199628 0 62696 3001310 6672 0 340
mem 1 99033092 91974196 7058896 650940 5724308 140 0 6130832 5112412 244704 19496 0 0 178096 4096 0 0
mem 0 97636988 60581008 37055980 652808 35239076 240 0 35414248 2906752 481236 14296 0 0 465448 4096 0 0
net lo 0 0 4339640 0 0 0 0 0 0 0 0 0 34328 0 4339640 0 0 0 0 0 0 34328 0
net vnet47 0 0 215698 0 0 0 0 0 0 0 0 0 1050 0 177139 0 0 0 0 0 0 950 0
net vnet46 0 0 48506 0 0 0 0 0 0 0 0 0 279 0 57113 0 0 0 0 0 0 347 0
net eno1 0 164135 40342812499 0 0 390 0 0 0 0 0 0 30414702 0 1246770756 0 0 0 0 0 0 5986360 0
net virbr0 0 869 9965482865 0 0 0 0 0 0 0 0 0 39744408 0 38384547215 0 0 0 0 0 0 23530923 0
numa 1 123366416 18781169 10118603 29535 123322077 18825491
numa 0 122389177 10118603 18781169 29710 122387458 10119880
ps - 506255057 459350 435 451 479 3 765
sysv_shm - 0 0
tmpfs /run/lock 0 6
tmpfs /run 2125824 1105
tmpfs /run/user/20029 0 20
tmpfs /run/qemu 0 1
tmpfs /dev/shm 37615984640 105416
vfs - 133994 9184 186738
vm - 4 26121155 440913678 255356 1617408 273256202 317438281 87578017 6649481 230513693 57344 0 0 0 0 0 1811072 0 311878 5997 0 1618264 98 0 3 0 0

1778478047.761244 0 node0.mimesys-workload.ldos-ut-pg0.wisc.cloudlab.us
block sda 668018 214141 52234945 360446 2721965 17788668 881827653 13102535 0 2449320 13751467
block sdb 509 0 7540 473 4 0 0 0 0 600 474
cpu 11 207165 0 57944 2999369 7451 0 5
cpu 10 233655 2 52902 2978998 9580 0 6
cpu 13 201919 0 53594 3009530 6987 0 5
cpu 12 205776 0 52495 3007099 7710 0 2
cpu 15 179800 2 51099 3034288 6849 0 4
cpu 14 172987 0 52468 3040423 7007 0 6
cpu 17 153984 0 50317 3061215 7000 0 2
cpu 16 164044 0 48700 3054770 5963 0 2
cpu 19 135690 0 38158 3093198 6226 0 1
cpu 18 181444 5 37302 3048219 6502 0 2
cpu 1 248148 0 63113 2946468 8754 0 898
cpu 0 271460 45 48438 2912847 10445 0 1162
cpu 3 268338 0 78615 2915209 7978 0 598
cpu 2 263052 0 75682 2921627 9807 0 193
cpu 5 267458 0 79948 2916416 7883 0 457
cpu 4 264081 1 80601 2917756 8344 0 115
cpu 7 210097 0 77514 2976599 7048 0 542
cpu 6 257672 0 78619 2927582 8224 0 330
cpu 9 198674 0 55186 3008433 8086 0 378
cpu 8 199660 0 62702 3001373 6672 0 340
mem 1 99033092 91969912 7063180 650964 5725040 164 0 6132992 5114928 243056 19152 0 0 178080 4096 0 0
mem 0 97636988 60571436 37065552 652824 35243800 248 0 35415936 2908264 484208 14824 0 0 465320 4096 0 0
net lo 0 0 4340807 0 0 0 0 0 0 0 0 0 34336 0 4340807 0 0 0 0 0 0 34336 0
net vnet47 0 0 220801 0 0 0 0 0 0 0 0 0 1078 0 181943 0 0 0 0 0 0 972 0
net vnet46 0 0 48506 0 0 0 0 0 0 0 0 0 279 0 57113 0 0 0 0 0 0 347 0
net eno1 0 164146 40342820951 0 0 390 0 0 0 0 0 0 30414808 0 1246772760 0 0 0 0 0 0 5986370 0
net virbr0 0 869 9965487576 0 0 0 0 0 0 0 0 0 39744436 0 38384552019 0 0 0 0 0 0 23530945 0
numa 1 123372173 18781169 10118603 29535 123327834 18825491
numa 0 122400117 10118603 18781169 29710 122398398 10119880
ps - 506271671 459481 435 451 479 8 767
sysv_shm - 0 0
tmpfs /run/lock 0 6
tmpfs /run 2125824 1105
tmpfs /run/user/20029 0 20
tmpfs /run/qemu 0 1
tmpfs /dev/shm 37616001024 105417
vfs - 134000 8384 186739
vm - 4 26121205 440913826 255356 1617408 273272898 317453490 87578050 6649481 230539222 57344 0 0 0 0 0 1811072 0 311878 5997 0 1618264 98 0 3 0 0

1778478048.800450 0 node0.mimesys-workload.ldos-ut-pg0.wisc.cloudlab.us
block sda 668018 214141 52234945 360446 2722053 17788669 881828437 13102550 0 2449324 13751482
block sdb 509 0 7540 473 4 0 0 0 0 600 474
cpu 11 207183 0 57949 2999450 7451 0 5
cpu 10 233664 2 52904 2979090 9580 0 6
cpu 13 201938 0 53600 3009609 6987 0 5
cpu 12 205786 0 52498 3007187 7710 0 2
cpu 15 179812 2 51107 3034372 6849 0 4
cpu 14 172996 0 52470 3040515 7007 0 6
cpu 17 153986 0 50320 3061313 7000 0 2
cpu 16 164046 0 48701 3054869 5963 0 2
cpu 19 135691 0 38160 3093300 6226 0 1
cpu 18 181450 5 37306 3048313 6502 0 2
cpu 1 248151 0 63117 2946566 8754 0 898
cpu 0 271461 45 48439 2912947 10445 0 1162
cpu 3 268340 0 78617 2915309 7978 0 598
cpu 2 263052 0 75683 2921728 9807 0 193
cpu 5 267461 0 79950 2916514 7883 0 457
cpu 4 264083 1 80607 2917852 8344 0 115
cpu 7 210099 0 77516 2976700 7048 0 542
cpu 6 257673 0 78621 2927683 8224 0 330
cpu 9 198687 0 55188 3008521 8086 0 378
cpu 8 199668 0 62704 3001465 6672 0 340
mem 1 99033092 91959848 7073244 651328 5728124 28 0 6133020 5115064 246644 20292 0 0 177988 4096 0 0
mem 0 97636988 60583668 37053320 652944 35240684 116 0 35415940 2907540 481080 14128 0 0 465248 4096 0 0
net lo 0 0 4341974 0 0 0 0 0 0 0 0 0 34344 0 4341974 0 0 0 0 0 0 34344 0
net vnet47 0 0 223871 0 0 0 0 0 0 0 0 0 1094 0 185685 0 0 0 0 0 0 985 0
net vnet46 0 0 48506 0 0 0 0 0 0 0 0 0 279 0 57165 0 0 0 0 0 0 348 0
net eno1 0 164153 40342827912 0 0 390 0 0 0 0 0 0 30414912 0 1246774148 0 0 0 0 0 0 5986379 0
net virbr0 0 869 9965490422 0 0 0 0 0 0 0 0 0 39744452 0 38384555709 0 0 0 0 0 0 23530957 0
numa 1 123380166 18781169 10118603 29535 123335827 18825491
numa 0 122407797 10118603 18781169 29710 122406078 10119880
ps - 506279375 459614 435 451 479 3 765
sysv_shm - 0 0
tmpfs /run/lock 0 6
tmpfs /run 2125824 1105
tmpfs /run/user/20029 0 20
tmpfs /run/qemu 0 1
tmpfs /dev/shm 37616005120 105417
vfs - 133995 8384 186747
vm - 4 26121205 440914218 255356 1617408 273288571 317469386 87578163 6649481 230563837 57344 0 0 0 0 0 1811072 0 311878 5997 0 1618264 98 0 3 0 0
